window,model,replicate,R0,pop_at_risk_M,beta_0,a_temp,a_rain,pop_frac,i0_frac
national_2013,climate,0,1.6726663942743893,1.1032235683234635,0.16726663942743894,0.27663178518468995,-0.13786486748014926,0.005868210469805657,0.0013497835149352993
national_2013,climate,1,1.6750646297117995,0.9045215220519008,0.16750646297117994,0.1889964753456094,-0.15294809779136398,0.00481128469176543,0.00016221923943015982
national_2013,climate,2,1.5785390153921246,0.6634125759492018,0.15785390153921247,0.20905459282701563,-0.13375737216192288,0.0035287902976021373,0.0009404452667669434
national_2013,climate,3,1.5530585939240549,0.9630679191095523,0.1553058593924055,0.22335893026182646,-0.08880496547092788,0.005122701697391235,0.0014657095108917516
national_2013,climate,4,1.6381133053075372,0.6468928444980271,0.16381133053075372,0.16341933380242032,-0.16162921259283655,0.0034409193856278037,0.00014451567016648647
national_2013,climate,5,1.541728201526068,0.7797910044079575,0.1541728201526068,0.24029220589132635,-0.09550413955583084,0.004147824491531688,0.0024188769318067237
national_2013,climate,6,1.5187264140581305,0.6004643172421312,0.15187264140581305,0.20366485555122293,-0.0978773871901449,0.003193959134266655,0.0020962155656182495
national_2013,climate,7,1.5170086365708957,0.48109123281726296,0.15170086365708957,0.16104622774128063,-0.10094343617330848,0.0025589959192407604,0.0005696694424874726
national_2013,climate,8,1.546272316946179,0.5389212657831982,0.1546272316946179,0.1770863843071468,-0.16005958190690936,0.002866602477570203,0.000870410242761825
national_2013,climate,9,1.6105082513701499,0.5363370132438077,0.161050825137015,0.2428907880199962,-0.11882770401607273,0.002852856453424509,0.001857451992451822
national_2013,climate,10,1.631496470989198,0.6064015757952479,0.1631496470989198,0.17073015476429312,-0.12608684230881695,0.0032255402967832337,0.0002794120800845998
national_2013,climate,11,1.600799272035855,1.0621488681618194,0.1600799272035855,0.218485210776434,-0.13072964048029775,0.005649728022137337,0.0009361532767869281
national_2013,climate,12,1.607083173336792,0.5379672519929884,0.1607083173336792,0.18556543757975438,-0.1805399233103227,0.002861527936132917,0.00040275925465476384
national_2013,climate,13,1.598107524249663,0.6257610466807844,0.15981075242496628,0.18249360101094278,-0.1748878399665025,0.003328516205748853,0.00045723372143945384
national_2013,climate,14,1.615331040934631,0.8420238552271369,0.1615331040934631,0.254323409360551,-0.1398772096904825,0.004478850293761366,0.0018744764461597135
national_2013,climate,15,1.5648639390911119,0.5656762483769339,0.15648639390911118,0.2158322339144499,-0.14387387150404832,0.0030089162147709245,0.001402666805897501
national_2013,climate,16,1.647432699660798,1.6927590239554955,0.1647432699660798,0.3269034726334711,-0.15905111640611908,0.009004037361465402,0.004063279672247863
national_2013,climate,17,1.5802033591685736,0.633111340619623,0.15802033591685735,0.16339885041480778,-0.16834557309968856,0.0033676135139341654,0.0004048881710746742
national_2013,climate,18,1.6311912791103957,0.6613908875716119,0.16311912791103958,0.19168842306372658,-0.13240370433285834,0.003518036636019212,0.00026822515676876266
national_2013,climate,19,1.4862426968691738,1.527814376439645,0.1486242696869174,0.2634182928315112,-0.03849679906863846,0.008126672215104495,0.006526739129147232
national_2013,climate,20,1.610889268821748,1.2596231657306758,0.1610889268821748,0.25355709159788753,-0.127482572434268,0.006700123221971679,0.001854358451944656
national_2013,climate,21,1.7236451890015994,0.9003493417846805,0.17236451890015994,0.23988585616551306,-0.1544619644042991,0.004789092243535535,0.0001859079787531639
national_2013,climate,22,1.6473007280901106,0.7493909124305541,0.16473007280901106,0.1677578155604889,-0.12638591968924562,0.003986121874630607,0.0001369182000146648
national_2013,climate,23,1.6461080855779393,0.5343915255503128,0.16461080855779392,0.16953238154210534,-0.1385978879132909,0.0028425081146293235,0.0001761045006236664
national_2013,climate,24,1.6466954430900493,0.8782139121977843,0.16466954430900493,0.2043338710409827,-0.14938153840588048,0.004671350596796725,0.000364933027596041
national_2013,climate,25,1.6400743556339983,0.9776849705168295,0.16400743556339983,0.25907852818119365,-0.15529966932031744,0.005200451970834199,0.0014966059822311979
national_2013,climate,26,1.5881620412860389,0.7432089605157023,0.1588162041286039,0.16413385270339698,-0.0914030824836813,0.003953239151679267,0.00020322860067845992
national_2013,climate,27,1.56000298569411,0.6692748933070318,0.156000298569411,0.20896031814463956,-0.12215144574287838,0.003559972836739531,0.0012883745520325572
national_2013,climate,28,1.5385705230658264,1.1927331980194036,0.15385705230658264,0.29677874806728266,-0.0901823706139895,0.006344325521379806,0.01157710929383774
national_2013,climate,29,1.6232932937737001,1.7428509560446028,0.16232932937737002,0.37113508275561247,-0.13098024995771648,0.009270483808747888,0.015228210112519479
national_2013,climate,30,1.6286623842911823,0.8385583684265654,0.16286623842911824,0.23805443050998504,-0.16735236041077153,0.004460416853332795,0.0007415985411084879
national_2013,climate,31,1.6241330727647032,0.6021229838013181,0.16241330727647033,0.21802234179431298,-0.15928643134300433,0.0032027818287304155,0.0005585069379698869
national_2013,climate,32,1.566452900662125,1.1215088373853892,0.1566452900662125,0.23355347131476276,-0.11655022853824394,0.005965472539283986,0.0018328447352268286
national_2013,climate,33,1.6296870451498298,2.33390346507849,0.16296870451498296,0.39256667396111383,-0.14245583599919798,0.012414380133396222,0.010056121178384097
national_2013,climate,34,1.5341905494768882,0.5767321069801747,0.15341905494768882,0.1896628753664488,-0.08804636939437784,0.003067723973298802,0.0009132689439726181
national_2013,climate,35,1.5808122842878858,0.772036944236492,0.15808122842878858,0.2498384804891404,-0.15754641067133923,0.004106579490619639,0.0022228113699363085
national_2013,climate,36,1.6239499884079214,0.8339880711763881,0.16239499884079214,0.21650679344240062,-0.11416840116558918,0.004436106761576532,0.0006406767383617191
national_2013,climate,37,1.6042176555131682,0.7959732837880721,0.16042176555131682,0.2771923636208455,-0.12018275377999676,0.004233900445681235,0.0020940399574002097
national_2013,climate,38,1.616184481890743,0.9404558102924241,0.16161844818907428,0.270971368358022,-0.1595711982270925,0.0050024245228320425,0.002468972176291896
national_2013,climate,39,1.5320883696799157,0.6092756590997432,0.15320883696799156,0.1881182879053224,-0.1195641698330867,0.0032408279739348043,0.0011698203761152956
national_2013,climate,40,1.6270251886476217,0.7663239903048352,0.16270251886476217,0.17573838020120158,-0.13315524105547868,0.004076191437791677,0.00022067240989999607
national_2013,climate,41,1.58558762988824,1.2556601680724393,0.15855876298882401,0.2822137530019191,-0.10638043919018104,0.006679043447193826,0.005614460967743056
national_2013,climate,42,1.567813495369571,1.1479948795125587,0.1567813495369571,0.23876607511729106,-0.10426782094165228,0.0061063557420880776,0.0019623760403540786
national_2013,climate,43,1.5817666665820715,1.1278409010538157,0.15817666665820715,0.2780996634444938,-0.08649778767269427,0.005999153729009658,0.0032851315993829874
national_2013,climate,44,1.5468542025367518,0.6227664319132601,0.15468542025367518,0.21616084085976858,-0.0944366313869591,0.0033125874037939367,0.0015384110025299248
national_2013,climate,45,1.5335891052699433,0.8633018611432317,0.15335891052699432,0.25670196151223656,-0.09691227501284833,0.004592031176293786,0.005227107156233081
national_2013,climate,46,1.8492438236521975,0.6966193732773037,0.18492438236521974,0.2080340748330545,-0.1990071648531742,0.0037054221982835305,1.7376100066309444e-05
national_2013,climate,47,1.629066637427288,1.0355011176611983,0.1629066637427288,0.2300318907397537,-0.14384703456737286,0.005507984668410629,0.0009714127799565493
national_2013,climate,48,1.6252221769172204,0.7724903672783948,0.16252221769172204,0.16668339539166876,-0.14709085112104028,0.004108991315310611,0.00019262888683214225
national_2013,climate,49,1.6511100124256748,1.0898377064639369,0.16511100124256747,0.25818327994067336,-0.11298477447268378,0.005797009076935835,0.0006374442315135904
national_2013,climate,50,1.628347038846516,0.6650155770438865,0.1628347038846516,0.16412845299620984,-0.11867519148435318,0.003537316899169609,0.000138034198991161
national_2013,climate,51,1.6789597883615348,0.6048086701080418,0.16789597883615348,0.16168333579197927,-0.17554891304458634,0.003217067394191712,8.339803018913795e-05
national_2013,climate,52,1.4903261935652392,0.5631819993734019,0.14903261935652393,0.1518218049499137,-0.08493238124772055,0.0029956489328372437,0.0007567657414337527
national_2013,climate,53,1.5634831483163636,0.44044666769645774,0.15634831483163636,0.13353523728680547,-0.09903841199909283,0.0023428014239173286,0.00013996625570701206
national_2013,climate,54,1.57987605587246,0.6194576739785401,0.157987605587246,0.15549148529504628,-0.10981138256190037,0.0032949876275454263,0.00042905336302107613
national_2013,climate,55,1.6115601989161834,0.6663422409967799,0.16115601989161835,0.21523450518991466,-0.1663471814091664,0.0035443736223232975,0.0008420149223447671
national_2013,climate,56,1.6641073904722725,0.7432959255626942,0.16641073904722725,0.23995356054068157,-0.1871203661320445,0.003953701731716459,0.000685190523136221
national_2013,climate,57,1.57815449145681,0.7910400603511626,0.157815449145681,0.1928901478206259,-0.1124471258238005,0.0042076598954849075,0.0004729707860354609
national_2013,climate,58,1.5441957207317856,0.5116532818084671,0.15441957207317855,0.14771531581277586,-0.1703696887191573,0.002721560009619506,0.0004165409799142856
national_2013,climate,59,1.62139840881408,1.468614994158736,0.162139840881408,0.30592883167286705,-0.12187896766489204,0.007811781883823065,0.0040814542762513785
national_2013,climate,60,1.5877040493416192,0.6977328025071319,0.15877040493416192,0.19902326913718763,-0.13081667657825477,0.0037113446941868713,0.0006597707318846554
national_2013,climate,61,1.5982422101612697,0.6550655605733624,0.15982422101612698,0.2270220316334825,-0.14384153133138114,0.003484391279645545,0.0011732627167978088
national_2013,climate,62,1.5712772171115208,0.8223022044313347,0.15712772171115208,0.19201046495581192,-0.12852256038090915,0.004373947895911355,0.0008100243081118251
national_2013,climate,63,1.6335242421920508,0.913338095207303,0.1633524242192051,0.2410166663416175,-0.15415952661300392,0.004858181357485654,0.0012143312978512872
national_2013,climate,64,1.6061056017407007,0.972177322981945,0.16061056017407008,0.19976446221390223,-0.08194441078950053,0.005171155973308218,0.000466415118155178
national_2013,climate,65,1.6724968872043078,1.0788249022748995,0.16724968872043078,0.231830699331341,-0.1481639680322262,0.005738430331249465,0.00040408086681384994
national_2013,climate,66,1.6082805175797013,0.8630425559807479,0.16082805175797013,0.20538973473742983,-0.1322093621037446,0.004590651893514617,0.0005946384173074247
national_2013,climate,67,1.6947364503858768,0.5033327866630862,0.1694736450385877,0.1409157752850293,-0.1674848247623108,0.002677302056718544,3.242066559332779e-05
national_2013,climate,68,1.5812766321070937,0.5093946898920888,0.15812766321070937,0.22742675604383017,-0.1784272448655165,0.0027095462228302596,0.0016049310230148047
national_2013,climate,69,1.5871134136427205,1.111023734357698,0.15871134136427206,0.27276638723815816,-0.15340459074785545,0.005909700714668607,0.003373109122928002
national_2013,climate,70,1.5680218556330552,0.7168718568005,0.15680218556330552,0.24712513953961865,-0.10658849781973523,0.0038131481744707453,0.00302621859794931
national_2013,climate,71,1.76889927528785,0.9749309237485584,0.17688992752878502,0.21780894073137033,-0.16634317233674908,0.005185802785896587,6.714104419426561e-05
national_2013,climate,72,1.6008677878229807,0.641506229945373,0.16008677878229807,0.20630678337786934,-0.12217450150546555,0.003412267180560495,0.0005559246025807535
national_2013,climate,73,1.4940119769108382,1.0221171233064468,0.14940119769108381,0.23412422597084911,-0.09724465795344017,0.005436793209076844,0.005117997896386658
national_2013,climate,74,1.5949031277408015,0.7055498743864613,0.15949031277408016,0.22885435871652496,-0.12782991201809762,0.003752924863757773,0.0009416773236195038
national_2013,climate,75,1.6677481819855122,1.1920560235118496,0.16677481819855122,0.2862370973962673,-0.19263764897778496,0.006340723529318349,0.0014045817960128028
national_2013,climate,76,1.5325712255347235,0.5057442032165118,0.15325712255347235,0.09775759187024598,-0.07874703618904208,0.0026901287405133607,0.00010188069582743757
national_2013,climate,77,1.5892094896869093,0.7526840625302673,0.15892094896869094,0.20864366057319025,-0.13336780208763618,0.004003638630480145,0.0009242060647910305
national_2013,climate,78,1.6045108415626863,0.6114459407633739,0.16045108415626863,0.2089248833738432,-0.13662659660774154,0.003252372025337095,0.0008668683639263139
national_2013,climate,79,1.5715529933269223,0.6790151946500653,0.15715529933269223,0.1541555502857065,-0.09207992011297023,0.0036117829502663045,0.00022462045394187007
national_2013,climate,80,1.6456135876904594,1.784301258934019,0.16456135876904593,0.34233963282333046,-0.17854233471053282,0.00949096414326606,0.005559423942082884
national_2013,climate,81,1.599884484707339,0.8931096193454733,0.1599884484707339,0.24498007082545156,-0.1318744528686511,0.004750583081624858,0.0017472957695887864
national_2013,climate,82,1.6152128839191218,0.6786073829940129,0.16152128839191218,0.2354035689355844,-0.1453034424248302,0.003609613739329856,0.0013342888795740168
national_2013,climate,83,1.6081696144894515,0.7683156301569697,0.16081696144894514,0.2215021017641285,-0.1532903049664359,0.004086785266792392,0.0008865812397663342
national_2013,climate,84,1.6423200695805027,1.3545089438389997,0.16423200695805026,0.3348468915310461,-0.13301502735590012,0.007204834807654253,0.007221822767150545
national_2013,climate,85,1.5604727508055818,1.0421660749635198,0.15604727508055818,0.24607096144235008,-0.14603646867546505,0.005543436568954892,0.0029008339979288526
national_2013,climate,86,1.5339879832126533,0.7149670162853191,0.15339879832126532,0.21991042591097942,-0.09771041122105242,0.0038030160440708466,0.0021290874782007706
national_2013,climate,87,1.5473240693798078,0.8969898663068363,0.1547324069379808,0.2097730671102067,-0.08026649293655064,0.004771222693121469,0.0012062471253198217
national_2013,climate,88,1.6947388156033067,0.6003160299767769,0.16947388156033066,0.15761353149672405,-0.18493874545789926,0.0031931703722168987,6.035264031847635e-05
national_2013,climate,89,1.5475092280332032,0.8444401247722465,0.1547509228033203,0.2285981171093122,-0.09581363880730306,0.004491702791341736,0.0019472110610016002
national_2013,climate,90,1.637317358101979,1.3148448326130333,0.1637317358101979,0.26518006345938216,-0.14898432076698864,0.006993855492622518,0.0018587801542741475
national_2013,climate,91,1.6140152130718834,0.961523804035814,0.16140152130718835,0.2074554140930045,-0.12573487537449451,0.0051144883193394355,0.0006876118589529799
national_2013,climate,92,1.5128751262177018,0.6428616734962876,0.15128751262177018,0.12049441216733416,-0.06879756979114514,0.003419476986682381,0.0002188731271245045
national_2013,climate,93,1.6175562711119464,1.1160276204858737,0.16175562711119465,0.3002811520382454,-0.15521744709520063,0.005936317130244009,0.004784085413572986
national_2013,climate,94,1.5802422754056367,1.7748278424495905,0.15802422754056367,0.27477131333343435,-0.11399853322273049,0.009440573630051014,0.0038540927294388877
national_2013,climate,95,1.563142646349458,0.7140812398290209,0.1563142646349458,0.22302332828158103,-0.1508923237384804,0.003798304467175643,0.0016089895705074333
national_2013,climate,96,1.6685354983488334,0.5918813941096934,0.16685354983488335,0.20324632497682873,-0.17247727856887887,0.0031483052878175186,0.00023201555496081162
national_2013,climate,97,1.5653641491457815,1.366070291077191,0.15653641491457815,0.2684612014042616,-0.17206019051581073,0.007266331335516974,0.004005763086072429
national_2013,climate,98,1.5705563711746153,0.8825435238567276,0.15705563711746154,0.21763613418817063,-0.0835599570809164,0.0046943804460464235,0.0011136582049481934
national_2013,climate,99,1.527477995734444,0.7422793533651749,0.1527477995734444,0.24473079143844556,-0.11364630404012777,0.003948294432793484,0.00450955797203066
national_2013,climate,100,1.6782916263651717,0.7228722055275729,0.16782916263651718,0.2064171080846469,-0.175333207517357,0.0038450649230190046,0.00031630371379533803
national_2013,climate,101,1.6338979784702024,0.7515069397601893,0.16338979784702024,0.19220716484005548,-0.13315607044770428,0.003997377339149943,0.0003966498522501834
national_2013,climate,102,1.6096992045436833,0.46358306493400003,0.16096992045436834,0.133246317529111,-0.1920260777507608,0.002465867366670213,9.560418002579938e-05
national_2013,climate,103,1.6494996809169102,0.5214538461496437,0.16494996809169102,0.14606751008322819,-0.1711394345007921,0.002773690671008743,9.709749040503457e-05
national_2013,climate,104,1.7142113376038335,0.5754364123123864,0.17142113376038334,0.19580621021640846,-0.1610320833874197,0.003060831980385034,8.717709463662053e-05
national_2013,climate,105,1.6392918863626318,0.8068536352111196,0.16392918863626318,0.2078425094458268,-0.1233214252582723,0.004291774655378296,0.0004029457448596486
national_2013,climate,106,1.6022798747219147,0.882903066151912,0.16022798747219147,0.19899723899479416,-0.12002242630373866,0.004696292905063362,0.0006153039232885472
national_2013,climate,107,1.5852092921391798,1.0834948569815728,0.15852092921391797,0.2617222247312925,-0.1560875910564423,0.005763270515859429,0.0024483025309119458
national_2013,climate,108,1.7229627359178883,0.6531270517525372,0.17229627359178884,0.21799427070617272,-0.15553364623816865,0.0034740800625134957,0.00017962974624425514
national_2013,climate,109,1.6389586666090015,0.7790127922184735,0.16389586666090014,0.16591774594058017,-0.1313280989996278,0.00414368506499188,0.00016979890121979102
national_2013,climate,110,1.5966706405586897,0.6193837513374945,0.15966706405586897,0.15258685916778122,-0.13179734955108974,0.0032945944220079495,0.00022201913796263527
national_2013,climate,111,1.6271962196922327,1.1783055752266067,0.16271962196922327,0.28283368153981236,-0.14572632745456415,0.006267582846950036,0.002527953926907009
national_2013,climate,112,1.5988450303329587,1.3009959394391,0.15988450303329588,0.24865369459255893,-0.09911163684727364,0.006920191167229255,0.0017517712609350306
national_2013,climate,113,1.5614079277046276,0.9266854313761044,0.15614079277046275,0.2332751215933663,-0.13144020344836696,0.00492917782646864,0.0014975861084056555
national_2013,climate,114,1.63082320197194,0.6563342688563598,0.163082320197194,0.1768625839655995,-0.1166661784986492,0.00349113972795936,0.00025661572428485195
national_2013,climate,115,1.5179448543429885,0.6162033775135715,0.15179448543429885,0.13026733533090956,-0.1174381727245822,0.0032776775399658052,0.0003369550290009036
national_2013,climate,116,1.5719364636441706,1.451489460463052,0.15719364636441707,0.2820576068121823,-0.09565988592428709,0.007720688619484319,0.004836794308824706
national_2013,climate,117,1.6257922874337596,0.4298195406712759,0.16257922874337596,0.12325904864128504,-0.1472598440252133,0.0022862741525067867,4.1353326735273096e-05
national_2013,climate,118,1.4962182309825287,4.386692535201108,0.14962182309825287,0.335094292161016,-0.03266981499832995,0.02333347093192079,0.006178007965056822
national_2013,climate,119,1.5093374167310283,0.41678492404353557,0.15093374167310283,0.10668321682811345,-0.0881987772877485,0.002216941085337955,0.00015672179400345957
national_2013,climate,120,1.574853496120752,0.5636893610052982,0.15748534961207522,0.21312226387995747,-0.14901993574642955,0.0029983476649217988,0.0014409290080291536
national_2013,climate,121,1.6128193686309442,0.3800622350548895,0.16128193686309442,0.1654735172834669,-0.14945126863242691,0.002021607633270689,0.00019328020719959618
national_2013,climate,122,1.6070775631007663,0.9329387917981868,0.16070775631007664,0.26210759256795185,-0.18130041256634757,0.004962440381905249,0.002334325450135636
national_2013,climate,123,1.5168550109324155,0.4763163230775047,0.15168550109324155,0.12353516698765388,-0.06563392704127617,0.0025335974631782165,0.0002485323234312215
national_2013,climate,124,1.5735574425951082,0.7240637288285843,0.15735574425951082,0.18636373690101707,-0.12717303597367105,0.003851402812918002,0.0007088626226713083
national_2013,climate,125,1.5858107496177385,0.944303020045989,0.15858107496177384,0.24867339459333804,-0.1162274070003957,0.005022888404499941,0.0017003864348236878
national_2013,climate,126,1.5924730399610778,0.7453338479529241,0.1592473039961078,0.1483976424700049,-0.08948834005444913,0.003964541744430447,0.00016642544705712403
national_2013,climate,127,1.591451201756752,0.7411526262435313,0.1591451201756752,0.18138929914755114,-0.13582135821435035,0.0039423012034230384,0.0005809096746128237
national_2013,climate,128,1.6567358726506407,0.6680037643748012,0.16567358726506407,0.17025648806240506,-0.1527521505103244,0.003553211512631921,0.00010666464074125901
national_2013,climate,129,1.5735882259894505,0.9323279020700216,0.15735882259894504,0.20816111634234236,-0.1318662680770632,0.004959190968457562,0.0010873848538019847
national_2013,climate,130,1.6259460707145372,0.6521545627025697,0.16259460707145373,0.17725664705528185,-0.11669941752487657,0.0034689072484179236,0.0001589728655398175
national_2013,climate,131,1.6899611603422535,0.7783000244190144,0.16899611603422535,0.13690504075183255,-0.12597345418374786,0.004139893746909651,2.189816219036932e-05
national_2013,climate,132,1.600890528911326,0.860170479462114,0.1600890528911326,0.22862722846593803,-0.13237879970132346,0.004575374890755926,0.0010363516747213936
national_2013,climate,133,1.569086437836267,0.731210675182758,0.1569086437836267,0.17170933796226945,-0.13637310376468634,0.00388941848501467,0.0005364475971985321
national_2013,climate,134,1.649735169762937,0.7759292579995307,0.1649735169762937,0.1903034827938612,-0.16161749391903754,0.0041272832872315465,0.00022942764833408174
national_2013,climate,135,1.655500206696173,0.7178513788517727,0.1655500206696173,0.1950980851320271,-0.14086097479987933,0.0038183583981477275,0.00023522069858283233
national_2013,climate,136,1.6350124586082786,0.4737119933502668,0.16350124586082787,0.1257702052619891,-0.15951762214388032,0.002519744645480143,5.06839436096469e-05
national_2013,climate,137,1.6409628961504397,1.041055257896175,0.16409628961504397,0.2755198889566383,-0.13785963454835373,0.005537527967532845,0.0016305584396059246
national_2013,climate,138,1.5689536000356996,1.1189810084714749,0.15689536000356996,0.23549263411955842,-0.15635906012779166,0.005952026640805717,0.0017628290587498356
national_2013,climate,139,1.5603654743705422,1.002928286734316,0.15603654743705422,0.2531020571347465,-0.10800571177664568,0.005334724929437851,0.0028744756687677023
national_2013,climate,140,1.660172740595004,0.3813881475508672,0.1660172740595004,0.1681174342214006,-0.22728910011722098,0.0020286603593131234,0.0001294460062656766
national_2013,climate,141,1.6206246187258964,0.6489672567840014,0.16206246187258963,0.17483659199357038,-0.15730887869957294,0.003451953493531922,0.0002792412259254019
national_2013,climate,142,1.600987053549513,0.7665208142817697,0.1600987053549513,0.143873360153645,-0.09570981045366547,0.0040772383738392004,8.411911756785091e-05
national_2013,climate,143,1.62634254299397,0.3134868390381272,0.16263425429939699,0.10997844148681032,-0.20638688739729422,0.0016674831863730168,4.291085221950052e-05
national_2013,climate,144,1.6562534600859422,1.3271452648106201,0.16562534600859422,0.29004571047981303,-0.16636853243998392,0.0070592833234607456,0.002209736204184247
national_2013,climate,145,1.5613495055555973,1.4188076400730405,0.15613495055555973,0.30846500326500226,-0.14718373074435015,0.007546849149324683,0.007760996129852506
national_2013,climate,146,1.6078153859322477,1.093808014884787,0.16078153859322478,0.25348704306602815,-0.12255839361354581,0.005818127738748868,0.002085438368277333
national_2013,climate,147,1.6217251838174502,0.7243827259149882,0.162172518381745,0.15013676137774568,-0.13344087696238846,0.003853099605930788,0.00015610543659453586
national_2013,climate,148,1.575957696663112,1.3276114755786719,0.1575957696663112,0.24073567501841003,-0.12448962067667933,0.007061763167971659,0.002515758925583482
national_2013,climate,149,1.6452998556432465,0.7198355790244991,0.16452998556432466,0.19165542753295992,-0.14456486699691065,0.0038289126543856336,0.00027409034331128245
national_2013,climate,150,1.5450771326877202,0.9019458828804359,0.15450771326877202,0.2139312449701133,-0.14383476713580365,0.004797584483406574,0.002696034486501348
national_2013,climate,151,1.580716506921938,0.8645329861267816,0.1580716506921938,0.22406889974698693,-0.09042885030223896,0.004598579713440328,0.0013260752860262922
national_2013,climate,152,1.5968683332779101,0.506122310044344,0.15968683332779102,0.1398161776172522,-0.1199355677687824,0.002692139947044383,0.00012424876537137162
national_2013,climate,153,1.6359335023978228,0.6176620849807266,0.16359335023978228,0.18211793182215222,-0.13338577990257033,0.0032854366222379076,0.0002071848847303293
national_2013,climate,154,1.6340380402848973,0.8351085038057304,0.16340380402848972,0.26393047139042153,-0.11854252853289439,0.004442066509604949,0.0013154181731099498
national_2013,climate,155,1.630549550474563,1.09525105338593,0.16305495504745632,0.23431933069181238,-0.14493828216729618,0.005825803475457075,0.0008809616707074379
national_2013,climate,156,1.6473868255697388,0.9287069401321872,0.16473868255697388,0.251036441195616,-0.18018598136089603,0.004939930532618017,0.0009883770616537961
national_2013,climate,157,1.6639698358541666,0.8513349030799852,0.16639698358541666,0.2748264263053596,-0.2214474864621671,0.004528377144042474,0.0015406408565220326
national_2013,climate,158,1.5623408710740592,1.2404226418170188,0.1562340871074059,0.2557537004733171,-0.09453420002250841,0.006597992775622441,0.0034935554252488875
national_2013,climate,159,1.6387966316796558,1.5594907750286084,0.1638796631679656,0.33235521496294607,-0.11910173428596782,0.008295163696960683,0.0044325410655682235
national_2013,climate,160,1.652746591323857,0.9539692951731817,0.1652746591323857,0.23735256565015211,-0.14973506005554718,0.005074304761559477,0.0006837298720305545
national_2013,climate,161,1.7061220863027051,0.7500271036863119,0.17061220863027052,0.22599089707657452,-0.18415062879475103,0.003989505870671871,0.0002581816376005259
national_2013,climate,162,1.5673413449892566,0.6490548144614748,0.15673413449892565,0.21182696258067435,-0.1387362996369068,0.0034524192258589092,0.0013345502851929575
national_2013,climate,163,1.6524026753073395,1.1073717389262068,0.16524026753073395,0.2072440316885808,-0.12611477053970907,0.005890275207054292,0.00044329450507554465
national_2013,climate,164,1.6300478215962864,0.7858610274769131,0.16300478215962863,0.25031420525668147,-0.17003241326319174,0.004180111848281452,0.0013096243198661064
national_2013,climate,165,1.573534994899257,1.044588356445508,0.1573534994899257,0.22424989429643408,-0.12071027207389397,0.005556321044922915,0.001394542156405611
national_2013,climate,166,1.6111683950893503,0.5490406686109528,0.16111683950893502,0.16440338721182352,-0.11765085087243778,0.002920429088356132,0.00016294342966309436
national_2013,climate,167,1.6346193807234575,0.3661463529103461,0.16346193807234574,0.09947435177790516,-0.13647329788816323,0.0019475869835656704,1.8364062848787497e-05
national_2013,climate,168,1.6741596712217333,0.7955146577102499,0.16741596712217333,0.18356708406767017,-0.16589737433319282,0.004231460945267287,0.00014439176888991472
national_2013,climate,169,1.6682452125645786,0.871084300336654,0.16682452125645786,0.18197442959175475,-0.16689604197387453,0.004633427129450287,0.00013946228778491995
national_2013,climate,170,1.6780032910563982,1.7829303569794113,0.16780032910563983,0.3484931135606286,-0.15697915485213948,0.009483672111592614,0.002494753873208248
national_2013,climate,171,1.5506029158348822,0.5547059849669962,0.15506029158348822,0.1314598907758951,-0.09470123148295168,0.002950563749824448,0.00014982571518457703
national_2013,climate,172,1.5435231881941514,1.2722277238074389,0.15435231881941514,0.24100404639147188,-0.08243585316255332,0.00676716874365659,0.003505235887300891
national_2013,climate,173,1.6139088410408855,0.6896843223193219,0.16139088410408856,0.16245785676441615,-0.1489104845691364,0.003668533629358095,0.00021719286756871642
national_2013,climate,174,1.6743078547137586,0.525445048735135,0.16743078547137585,0.14240226146352153,-0.16704181414465577,0.002794920471995399,3.64765893154345e-05
national_2013,climate,175,1.4558859778630027,0.5124027166685868,0.14558859778630026,0.1587597696896088,-0.07767652825227654,0.002725546365258441,0.0020719200627148963
national_2013,climate,176,1.6204323618563123,1.269068883395341,0.16204323618563124,0.3155286846450134,-0.17491235961056553,0.006750366401039047,0.004198368863314729
national_2013,climate,177,1.5816056421415394,0.7617891377492763,0.15816056421415395,0.25854931847351836,-0.1651922527023442,0.004052069881645086,0.002616018417917672
national_2013,climate,178,1.605608973878117,1.0509435411566577,0.1605608973878117,0.22807524453467257,-0.1001071598455288,0.005590125218918392,0.0009503372219789337
national_2013,climate,179,1.5848689296989547,0.8675828980630409,0.15848689296989546,0.21528090834922614,-0.141202325911069,0.0046148026492714945,0.0017834406266278718
national_2013,climate,180,1.624175547382216,0.9099506258351945,0.1624175547382216,0.28791762631224105,-0.1351233689453135,0.004840162903378694,0.002222567302921964
national_2013,climate,181,1.5849250844683613,0.5079082158599603,0.15849250844683613,0.15922488076993466,-0.12167867287970646,0.0027016394460636184,0.0002826926914066538
national_2013,climate,182,1.7060079622597701,1.7230892201031454,0.170600796225977,0.339213576086565,-0.19280567942039561,0.009165368192038007,0.0019098619074241203
national_2013,climate,183,1.5736339986754118,0.6877680522200864,0.15736339986754116,0.19881111993933673,-0.13218134945600254,0.0036583407032983323,0.0010946002385880669
national_2013,climate,184,1.6993353708103063,0.5706283079597403,0.16993353708103062,0.14427021078049374,-0.14587187607366756,0.003035256957232661,2.3160716122838355e-05
national_2013,climate,185,1.5411841006886942,1.1197005731972396,0.15411841006886942,0.2657596207015748,-0.09606969972980671,0.0059558541127512745,0.005266854294691991
national_2013,climate,186,1.6156738981903533,0.7044144496979106,0.16156738981903535,0.19354889653177074,-0.1391334533877614,0.003746885370733567,0.00036626761430917534
national_2013,climate,187,1.510362351521499,0.8813874871301425,0.1510362351521499,0.18799652774262401,-0.10793727097388416,0.0046882313145220345,0.0013076498768206097
national_2013,climate,188,1.5662496768820753,0.7669641136526217,0.15662496768820752,0.17029093825044647,-0.1042246209671482,0.004079596349216073,0.0005015611830894536
national_2013,climate,189,1.6377146650740402,1.0363958002176483,0.163771466507404,0.271735290572884,-0.11375523786851502,0.005512743618178981,0.0011660417914675762
national_2013,climate,190,1.6563360519975587,0.5457898011730239,0.16563360519975587,0.15833807450070697,-0.14442289065602426,0.002903137240282042,8.908411785707717e-05
national_2013,climate,191,1.5468176856658058,1.3879191453127235,0.15468176856658059,0.3093897955821299,-0.05431129809367484,0.007382548645280444,0.007513653872861308
national_2013,climate,192,1.7202990036093604,1.015386739386705,0.17202990036093604,0.27427008022487537,-0.18221147811546667,0.005400993294610134,0.0006532523315323707
national_2013,climate,193,1.706813088158678,0.714812614379324,0.1706813088158678,0.21651543945867482,-0.1428752429250653,0.0038021947573368296,0.00014936506258886556
national_2013,climate,194,1.6832374115468982,0.7117083454430589,0.16832374115468982,0.20442871356641729,-0.17428383229887728,0.00378568268852691,0.00020273364688328142
national_2013,climate,195,1.5977942162796401,0.934012676809278,0.15977942162796402,0.30753328121595713,-0.12296282338147192,0.0049681525362195635,0.00401574836730413
national_2013,climate,196,1.5543306053428705,1.0549852164201465,0.15543306053428704,0.23254891475907297,-0.10956562688575737,0.005611623491596525,0.0027157641649645566
national_2013,climate,197,1.6091323727064655,1.271575644138268,0.16091323727064655,0.274823737500251,-0.14777524724231583,0.006763700234778021,0.002911687439509137
national_2013,climate,198,1.4326021477985205,2.8039990259469056,0.14326021477985204,0.2445372604024022,-0.014209379398944701,0.014914888435887797,0.0033301596235213787
national_2013,climate,199,1.5745368202373018,1.1859979158008231,0.15745368202373017,0.24205329944146908,-0.10183918444864043,0.006308499552132038,0.001667412046825099
national_2013,constant,0,1.4179840990251489,0.40742576866563274,0.14179840990251488,,,0.002167158343966132,1.4528946149681483e-06
national_2013,constant,1,1.4027823625780065,0.6362960415846148,0.14027823625780064,,,0.003384553412684121,3.937415463900811e-06
national_2013,constant,2,1.3618333653954804,0.3344773535420267,0.13618333653954803,,,0.0017791348592660994,9.831213564221562e-06
national_2013,constant,3,1.3958573507918333,0.6353252087084066,0.13958573507918332,,,0.003379389408023439,3.832779805614716e-06
national_2013,constant,4,1.3858824414775717,0.7266413826525051,0.13858824414775717,,,0.003865113737513325,4.581417100592392e-06
national_2013,constant,5,1.3568117664940613,0.27288517774950427,0.13568117664940613,,,0.0014515169029228952,1.2509800696692245e-05
national_2013,constant,6,1.3670532787882597,0.565205326302203,0.13670532787882597,,,0.003006411310118101,5.147572665465929e-06
national_2013,constant,7,1.3491995929673037,0.3299574121205639,0.13491995929673037,,,0.0017550926176625738,1.5376911384640323e-05
national_2013,constant,8,1.3467293691029145,0.4275189316834688,0.13467293691029145,,,0.0022740368706567486,5.7430156283902665e-06
national_2013,constant,9,1.341449692830043,0.49924272798982033,0.1341449692830043,,,0.002655546425477768,1.64818194299009e-05
national_2013,constant,10,1.4461159121396394,0.6995845213179519,0.14461159121396394,,,0.003721194262329531,6.261423177331855e-07
national_2013,constant,11,1.34628654459222,0.49950536747559077,0.134628654459222,,,0.0026569434440191,1.0471292193649454e-05
national_2013,constant,12,1.3563076858188343,0.6159124299870161,0.13563076858188344,,,0.0032761299467394477,5.894854446383278e-06
national_2013,constant,13,1.3885804782421671,0.603379035623957,0.1388580478242167,,,0.00320946295544658,4.072010295046643e-06
national_2013,constant,14,1.3528509341784591,0.44901667813227225,0.13528509341784592,,,0.002388386585809959,1.0107968109758427e-05
national_2013,constant,15,1.3195805213905352,0.32605439114441986,0.1319580521390535,,,0.0017343318677894672,1.854476204920874e-05
national_2013,constant,16,1.3845765783895734,0.7295856456942019,0.13845765783895733,,,0.003880774711139372,5.505530915208027e-06
national_2013,constant,17,1.3825549450742682,0.5360957569954942,0.13825549450742683,,,0.002851573175507947,3.00545553929471e-06
national_2013,constant,18,1.3583479695018255,0.5013580738034923,0.13583479695018255,,,0.0026667982649121926,8.37224966519451e-06
national_2013,constant,19,1.317973569358515,0.29147603131089084,0.1317973569358515,,,0.0015504044218664409,2.7128317911420017e-05
national_2013,constant,20,1.3733632475458069,0.27502569570297414,0.13733632475458069,,,0.0014629026367179478,9.947712125756136e-06
national_2013,constant,21,1.3661682043007803,0.47107106815331307,0.13661682043007803,,,0.002505697171028261,7.063017166009537e-06
national_2013,constant,22,1.370209718165265,0.3142178383921753,0.1370209718165265,,,0.0016713714808094433,8.51776238876554e-06
national_2013,constant,23,1.4684909000310378,0.7163675995844297,0.14684909000310378,,,0.0038104659552363283,6.137591334242693e-07
national_2013,constant,24,1.3500808347031628,0.31599060339191576,0.1350080834703163,,,0.0016808010818718923,1.532971503263464e-05
national_2013,constant,25,1.4020330566955796,0.6666797458998754,0.14020330566955796,,,0.0035461688611695503,2.3412173128774023e-06
national_2013,constant,26,1.375847382482922,0.543656126466001,0.1375847382482922,,,0.0028917879067340484,6.691127783753224e-06
national_2013,constant,27,1.395405704518267,0.49995637308563157,0.13954057045182672,,,0.002659342410029955,3.4548174219472517e-06
national_2013,constant,28,1.3619427829439017,0.3967452863392072,0.13619427829439018,,,0.0021103472677617406,9.002267157973811e-06
national_2013,constant,29,1.3687352301480546,0.43373408269045277,0.13687352301480546,,,0.0023070961845236848,6.036133514960453e-06
national_2013,constant,30,1.4389167098560365,0.5033567672760896,0.14389167098560365,,,0.0026774296131706894,1.1016187621875774e-06
national_2013,constant,31,1.349728510401005,0.40562417800021955,0.1349728510401005,,,0.002157575414894785,7.253223052397395e-06
national_2013,constant,32,1.365241931651169,0.35937010804640396,0.1365241931651169,,,0.0019115431279064041,8.021741652336341e-06
national_2013,constant,33,1.3454264425396456,0.42389187975566295,0.13454264425396456,,,0.002254744041253526,8.11515878295067e-06
national_2013,constant,34,1.4102124401856375,0.6621740323090942,0.14102124401856375,,,0.0035222022995164584,2.3414031821095803e-06
national_2013,constant,35,1.3604917112964312,0.519691638457904,0.13604917112964313,,,0.002764317225839915,5.209845389052626e-06
national_2013,constant,36,1.3680545846257453,0.6477789232594927,0.13680545846257453,,,0.0034456325705292164,5.8811284449104035e-06
national_2013,constant,37,1.3767656561686707,0.39482440760839077,0.13767656561686709,,,0.0021001298277042064,8.546916423829208e-06
national_2013,constant,38,1.3332058557198734,0.4225638599832271,0.13332058557198734,,,0.0022476801062937613,1.3590789325093493e-05
national_2013,constant,39,1.375883900604561,0.48053885090868953,0.1375883900604561,,,0.0025560577175994127,6.410006522761565e-06
national_2013,constant,40,1.3982490585791651,0.3957333783475814,0.13982490585791651,,,0.0021049647784445818,2.6496368412731827e-06
national_2013,constant,41,1.411395232961331,0.8149579033681197,0.1411395232961331,,,0.004334882464724041,2.5005436836128434e-06
national_2013,constant,42,1.380642051071277,0.5404759316738439,0.1380642051071277,,,0.002874871976988531,4.016610895346764e-06
national_2013,constant,43,1.3759023846267073,0.5360486641070228,0.13759023846267074,,,0.002851322681420334,4.164612040983952e-06
national_2013,constant,44,1.3760561328277132,0.43724440007073,0.13760561328277132,,,0.0023257680854826064,5.39317493992485e-06
national_2013,constant,45,1.3953211728370443,0.5892815971771649,0.13953211728370443,,,0.0031344765807296004,2.624844281061445e-06
national_2013,constant,46,1.3690939803781612,0.3422299769529991,0.13690939803781613,,,0.0018203722178351017,5.442025647908309e-06
national_2013,constant,47,1.3795757560456563,0.5766874966118993,0.13795757560456562,,,0.003067486684105848,4.369630204942745e-06
national_2013,constant,48,1.3968891916294581,0.5375389137665854,0.13968891916294582,,,0.0028592495413116248,3.912154616135806e-06
national_2013,constant,49,1.3715612530754693,0.5067842168440639,0.13715612530754692,,,0.002695660727893957,6.174404723050356e-06
national_2013,constant,50,1.3449329901282514,0.6126271224281683,0.13449329901282514,,,0.0032586549065328103,1.5995553101921565e-05
national_2013,constant,51,1.4565875819553875,0.44306063129545353,0.14565875819553875,,,0.0023567054856141146,7.862727291076749e-07
national_2013,constant,52,1.336336358211302,0.3765729453969388,0.1336336358211302,,,0.002003047581898611,9.824958194973335e-06
national_2013,constant,53,1.3654696539598858,0.5511960547545904,0.1365469653959886,,,0.002931893908269098,4.768441246209117e-06
national_2013,constant,54,1.3642062033532476,0.38734934380885855,0.13642062033532476,,,0.00206036885004712,7.4806913566794684e-06
national_2013,constant,55,1.4062767312225952,0.4910826790147202,0.14062767312225952,,,0.002612141909652767,2.626600022143775e-06
national_2013,constant,56,1.458892030899922,0.7268205153112091,0.1458892030899922,,,0.003866066570804303,5.455485943035494e-07
national_2013,constant,57,1.3828695746094377,0.37278449657082574,0.13828695746094377,,,0.001982896258355456,6.909492545872263e-06
national_2013,constant,58,1.357460932102559,0.4760101008353854,0.1357460932102559,,,0.002531968621464816,6.533830864292676e-06
national_2013,constant,59,1.3814324706380587,0.5197977851532444,0.13814324706380587,,,0.0027648818359215124,3.941698712617605e-06
national_2013,constant,60,1.3340070541121196,0.3544779008700272,0.13340070541121196,,,0.0018855207493086554,2.0921136421139503e-05
national_2013,constant,61,1.2968652515889874,0.2256892761093197,0.12968652515889872,,,0.0012004748729219131,4.674937617642816e-05
national_2013,constant,62,1.3407345047529573,0.31398177659749454,0.13407345047529573,,,0.0016701158329653965,1.2383806018821985e-05
national_2013,constant,63,1.361345605781119,0.463780069021325,0.1361345605781119,,,0.002466915260751729,6.330714996291543e-06
national_2013,constant,64,1.3473744208227856,0.32868151021290093,0.13473744208227856,,,0.001748305905387771,7.648387571592916e-06
national_2013,constant,65,1.3654431042042114,0.48342497645502863,0.13654431042042114,,,0.0025714094492288756,4.903879003064123e-06
national_2013,constant,66,1.3162865427064503,0.28086426465893133,0.13162865427064502,,,0.0014939588545687839,2.2144910947165377e-05
national_2013,constant,67,1.3774377165948164,0.4488266665325277,0.13774377165948165,,,0.0023873758858113173,4.6370326327272324e-06
national_2013,constant,68,1.3768864490207608,0.4829055392653356,0.13768864490207608,,,0.0025686464854539127,5.310971059941269e-06
national_2013,constant,69,1.3549362998603864,0.35901704179963595,0.13549362998603864,,,0.0019096651159555104,7.635947258826375e-06
national_2013,constant,70,1.4209674460089483,0.5474969693011483,0.14209674460089483,,,0.0029122179218146185,2.1479243567614395e-06
national_2013,constant,71,1.3673804723803937,0.4957901313779404,0.13673804723803937,,,0.0026371815498826617,8.08570221125186e-06
national_2013,constant,72,1.3537256174636263,0.3665269011224134,0.13537256174636264,,,0.0019496111761830499,7.932963872852028e-06
national_2013,constant,73,1.417553973289426,0.4834684993763892,0.1417553973289426,,,0.0025716409541297297,2.0237514188483282e-06
national_2013,constant,74,1.3544109262472783,0.5499563328726822,0.13544109262472784,,,0.002925299642939799,7.803576066146944e-06
national_2013,constant,75,1.4125067533596876,0.5420506101412127,0.14125067533596875,,,0.0028832479262830466,2.421323708084256e-06
national_2013,constant,76,1.366118568914513,0.5226264821144476,0.1366118568914513,,,0.002779928096353445,8.326855418377762e-06
national_2013,constant,77,1.39664752548503,0.5987631925857626,0.139664752548503,,,0.003184910598860439,4.726687004193169e-06
national_2013,constant,78,1.4020175404718138,0.5983921727912104,0.14020175404718138,,,0.003182937089314949,2.446699181908527e-06
national_2013,constant,79,1.414182317352025,0.8557249355124914,0.1414182317352025,,,0.0045517283803855925,1.9130898622970085e-06
national_2013,constant,80,1.3451221720230768,0.2866383970684328,0.1345122172023077,,,0.0015246723248320895,8.136063506905047e-06
national_2013,constant,81,1.4134014269763648,0.729859082783588,0.14134014269763648,,,0.0038822291637424892,2.4026019781851435e-06
national_2013,constant,82,1.4218756523230045,0.6886782781228136,0.14218756523230044,,,0.0036631823304404975,1.8542905836811077e-06
national_2013,constant,83,1.3809286591344863,0.5783518840805212,0.13809286591344863,,,0.0030763398089389427,8.88984313836761e-06
national_2013,constant,84,1.3721667051818711,0.4997841860909153,0.13721667051818712,,,0.0026584265217601878,7.298329568822313e-06
national_2013,constant,85,1.4370252367609408,0.99448029323886,0.1437025236760941,,,0.005289788793823723,1.0079829077931768e-06
national_2013,constant,86,1.4017689860508422,0.6857608693706367,0.14017689860508423,,,0.003647664198779983,2.802746344404607e-06
national_2013,constant,87,1.3642506906560707,0.3528446670103539,0.13642506906560709,,,0.0018768333351614568,7.292699366978956e-06
national_2013,constant,88,1.4008483563168572,0.688098856619537,0.14008483563168572,,,0.00366010030116775,5.1287515444396985e-06
national_2013,constant,89,1.3543326481925344,0.5107055948047019,0.13543326481925344,,,0.002716519121301606,1.030632653402466e-05
national_2013,constant,90,1.4308341449971131,0.6333756097584267,0.14308341449971132,,,0.0033690192008426953,1.507578142527909e-06
national_2013,constant,91,1.345632436697177,0.42191125702026633,0.1345632436697177,,,0.0022442088139375867,1.2331750435389835e-05
national_2013,constant,92,1.3026772599693652,0.24681984952099095,0.13026772599693653,,,0.001312871540005271,1.3517963360987653e-05
national_2013,constant,93,1.3121690984294307,0.28024191470774745,0.13121690984294307,,,0.0014906484824880183,2.0045287046011806e-05
national_2013,constant,94,1.4137249774004423,0.6351147688033132,0.14137249774004423,,,0.0033782700468261337,2.3391034148752346e-06
national_2013,constant,95,1.3175747355370513,0.4451031525537824,0.13175747355370512,,,0.0023675699603924595,1.664510214899692e-05
national_2013,constant,96,1.3815822404178437,0.45648839266382946,0.13815822404178438,,,0.0024281297482118586,4.971492643633253e-06
national_2013,constant,97,1.267039409191085,0.2015077364858534,0.1267039409191085,,,0.0010718496621587947,8.488227301825846e-05
national_2013,constant,98,1.3903832477910105,0.7421622709358431,0.13903832477910105,,,0.003947671653914059,3.7629893911685845e-06
national_2013,constant,99,1.389349424479049,0.7616186298129728,0.13893494244790489,,,0.004051162924537089,3.8421845674902625e-06
national_2013,constant,100,1.3498146442343273,0.29921849430228753,0.13498146442343273,,,0.0015915877356504655,1.4185922511835878e-05
national_2013,constant,101,1.3681300175912674,0.5599240635210835,0.13681300175912675,,,0.0029783194868142735,5.310984056810707e-06
national_2013,constant,102,1.422643190374858,0.4986678416461578,0.1422643190374858,,,0.0026524885193944564,1.5489927786168163e-06
national_2013,constant,103,1.4258943542342049,0.8166637021776205,0.14258943542342048,,,0.0043439558626469175,1.3098346086280526e-06
national_2013,constant,104,1.388122405063835,0.6376854099391134,0.1388122405063835,,,0.0033919436698889014,4.5961731738121345e-06
national_2013,constant,105,1.349287378818174,0.281736884798202,0.13492873788181742,,,0.001498600451054266,1.2508917588438784e-05
national_2013,constant,106,1.4082555210164636,0.44664314411756273,0.14082555210164635,,,0.002375761404880653,2.862782265169756e-06
national_2013,constant,107,1.3813611119971194,0.40533489023281455,0.13813611119971195,,,0.0021560366501745453,6.176344626998759e-06
national_2013,constant,108,1.4004408887227533,0.4743700335091468,0.14004408887227532,,,0.0025232448590912066,3.0941289717941166e-06
national_2013,constant,109,1.4418490758476235,0.4603949489895013,0.14418490758476235,,,0.002448909303135645,1.973222298399381e-06
national_2013,constant,110,1.3189618785037376,0.3381384106232887,0.13189618785037377,,,0.0017986085671451528,1.6743008249596443e-05
national_2013,constant,111,1.3490490882246073,0.3915338000954537,0.13490490882246073,,,0.002082626596252413,8.970041111675237e-06
national_2013,constant,112,1.438437733046443,0.7306140091258767,0.14384377330464432,,,0.003886244729392961,1.1439378989485916e-06
national_2013,constant,113,1.368366216150081,0.49245806923289603,0.1368366216150081,,,0.002619457815068596,7.188620368185797e-06
national_2013,constant,114,1.3805794438421506,0.5501796256889859,0.13805794438421506,,,0.0029264873706860953,4.3186255059279645e-06
national_2013,constant,115,1.3616398791832736,0.4360939200294975,0.13616398791832734,,,0.002319648510795199,8.702980916728681e-06
national_2013,constant,116,1.3319451904260187,0.3032014255527589,0.13319451904260188,,,0.0016127735401742496,1.3266933316150482e-05
national_2013,constant,117,1.393987317720868,0.8691801612418395,0.13939873177208678,,,0.004623298730009785,3.6158464963629717e-06
national_2013,constant,118,1.374378954642864,0.4483886096290132,0.1374378954642864,,,0.0023850457958990066,7.157753982346073e-06
national_2013,constant,119,1.4233136520214604,0.6861278360839134,0.14233136520214604,,,0.0036496161493825177,2.1207175645986287e-06
national_2013,constant,120,1.3927369218838526,0.4268037900186054,0.13927369218838526,,,0.0022702329256308797,3.773046217041203e-06
national_2013,constant,121,1.3232589503519616,0.2406937291323874,0.13232589503519615,,,0.0012802857932573799,2.3678504212989736e-05
national_2013,constant,122,1.3800471857422172,0.5222397483763787,0.13800471857422172,,,0.002777871002002014,4.1531802628004665e-06
national_2013,constant,123,1.4408183624662363,0.9726980938219053,0.14408183624662363,,,0.0051739260309675815,8.065421137057974e-07
national_2013,constant,124,1.4170595881417314,0.6661325005643305,0.14170595881417314,,,0.0035432579817251623,1.3428825476113323e-06
national_2013,constant,125,1.378176094063093,0.4035374816800616,0.1378176094063093,,,0.0021464759663833064,7.3920426142268535e-06
national_2013,constant,126,1.352147506948167,0.5571637174848807,0.1352147506948167,,,0.002963636795132344,1.0335805720782497e-05
national_2013,constant,127,1.3628375814954607,0.3572174795510434,0.13628375814954607,,,0.0019000929763353372,1.0094207240257848e-05
national_2013,constant,128,1.4037884262178215,0.48855677337311293,0.14037884262178216,,,0.0025987062413463454,2.2906554183277228e-06
national_2013,constant,129,1.3916146390792694,0.6528335647168323,0.13916146390792694,,,0.0034725189612597462,4.226451747466195e-06
national_2013,constant,130,1.3617534705416712,0.38989362071588113,0.13617534705416712,,,0.0020739022378504315,9.999643864216624e-06
national_2013,constant,131,1.3781910072254069,0.673891402745995,0.1378191007225407,,,0.0035845287380106114,6.007733071628811e-06
national_2013,constant,132,1.3601737063770152,0.4472064893343491,0.13601737063770153,,,0.0023787579219912186,9.01481519275382e-06
national_2013,constant,133,1.33992697413059,0.39292317870781357,0.133992697413059,,,0.002090016908020285,1.0139442934690696e-05
national_2013,constant,134,1.3401744796719885,0.2932940750785495,0.13401744796719886,,,0.001560074867439093,1.4759193749916207e-05
national_2013,constant,135,1.4096061776300366,0.7690642101527077,0.14096061776300367,,,0.0040907670752803596,2.181010272578139e-06
national_2013,constant,136,1.347308992265763,0.5817846830641886,0.1347308992265763,,,0.003094599378001003,1.2014509472898213e-05
national_2013,constant,137,1.3370243490122926,0.3268897757114778,0.13370243490122927,,,0.0017387754027206265,1.99218302990924e-05
national_2013,constant,138,1.3308535850690648,0.45147949001855664,0.13308535850690648,,,0.0024014866490348757,1.5174626202651123e-05
national_2013,constant,139,1.3518338121851217,0.5953170557100824,0.13518338121851217,,,0.003166580083564268,1.097374168309923e-05
national_2013,constant,140,1.386310391241482,0.5080608478575028,0.1386310391241482,,,0.0027024513183909727,2.721098919003207e-06
national_2013,constant,141,1.3369925598158785,0.2692008481161297,0.13369925598158786,,,0.0014319194048730303,1.797350157974251e-05
national_2013,constant,142,1.3544029390546721,0.3883020207728438,0.13544029390546722,,,0.002065436280706616,1.4708619217499388e-05
national_2013,constant,143,1.3814201265242374,0.5046999462862609,0.13814201265242373,,,0.0026845741823737284,5.8105327023147735e-06
national_2013,constant,144,1.3286312056598852,0.2536417213032454,0.13286312056598854,,,0.0013491580920385396,2.013282302025013e-05
national_2013,constant,145,1.3539356166483838,0.37426075804598186,0.13539356166483837,,,0.0019907487130105418,9.707646239017445e-06
national_2013,constant,146,1.3907852080144552,0.5980206885990935,0.1390785208014455,,,0.003180961109569646,5.2013521749589084e-06
national_2013,constant,147,1.4193611495156788,0.6078033367813194,0.14193611495156788,,,0.0032329964722410606,2.1912595983137125e-06
national_2013,constant,148,1.321131734225411,0.2168001733049009,0.13211317342254109,,,0.0011531924111962814,2.082784943133454e-05
national_2013,constant,149,1.387666835655804,0.44789030115525374,0.1387666835655804,,,0.002382395218910924,4.72673805700836e-06
national_2013,constant,150,1.4204103460331927,0.7548332335832507,0.14204103460331927,,,0.00401507039140027,2.3325938312949077e-06
national_2013,constant,151,1.373225046493847,0.44101575300327006,0.1373225046493847,,,0.0023458284734216494,7.200081921754084e-06
national_2013,constant,152,1.3938630621388406,0.7143859363171197,0.13938630621388406,,,0.003799925193176168,4.231144237221205e-06
national_2013,constant,153,1.3456593106234827,0.45216674282537694,0.13456593106234827,,,0.0024051422490711538,1.2546963972800607e-05
national_2013,constant,154,1.372007535157966,0.38843220697925035,0.13720075351579658,,,0.0020661287605279275,6.030756116821107e-06
national_2013,constant,155,1.3706256784354385,0.458911763750652,0.13706256784354384,,,0.0024410200199502766,4.18241199635758e-06
national_2013,constant,156,1.3691492480878964,0.4211544295892466,0.13691492480878964,,,0.002240183136113014,8.170165717847544e-06
national_2013,constant,157,1.3785845987992453,0.4904879041555968,0.13785845987992454,,,0.0026089782135936,3.94699496491656e-06
national_2013,constant,158,1.3522826625336726,0.42787227386035737,0.13522826625336726,,,0.0022759163503210497,1.1690851315928957e-05
national_2013,constant,159,1.4031520719577306,0.613926967719125,0.14031520719577306,,,0.003265568977229388,4.266120322410122e-06
national_2013,constant,160,1.372500251917454,0.5261199223528961,0.1372500251917454,,,0.002798510225281362,9.276380929005613e-06
national_2013,constant,161,1.3660156493453315,0.4557924283657617,0.13660156493453315,,,0.0024244278104561794,6.968044329578431e-06
national_2013,constant,162,1.33649578245761,0.3053413129186994,0.133649578245761,,,0.001624155919780316,1.449981564951451e-05
national_2013,constant,163,1.3859418548505262,0.48733891834488335,0.13859418548505262,,,0.0025922282890685285,3.538447314816341e-06
national_2013,constant,164,1.3417917855345358,0.4554816647750087,0.13417917855345357,,,0.002422774812633025,1.3083583084271287e-05
national_2013,constant,165,1.3344258824595077,0.4213893005835491,0.13344258824595076,,,0.0022414324499124955,1.3153805752669802e-05
national_2013,constant,166,1.373617740593311,0.5265590248192203,0.1373617740593311,,,0.0028008458766979804,5.600347669488757e-06
national_2013,constant,167,1.3786729288431943,0.49723476144096845,0.13786729288431943,,,0.0026448657523455766,4.346780366409297e-06
national_2013,constant,168,1.3861920952268836,0.6097266605750489,0.13861920952268836,,,0.0032432269179523874,4.2379809622590855e-06
national_2013,constant,169,1.3580585328476402,0.4519221928558173,0.13580585328476402,,,0.0024038414513607304,7.463289587421456e-06
national_2013,constant,170,1.3522235641528955,0.3196267946894305,0.13522235641528954,,,0.0017001425249437792,8.000966169739936e-06
national_2013,constant,171,1.3433431847757067,0.2398431101062547,0.13433431847757066,,,0.0012757612239694398,9.354501096275363e-06
national_2013,constant,172,1.3822412319338864,0.48291520530917476,0.13822412319338864,,,0.0025686979005807168,7.385825628770306e-06
national_2013,constant,173,1.3327382404183932,0.3112249227270805,0.13327382404183932,,,0.001655451716633407,1.888815913499339e-05
national_2013,constant,174,1.3743350483089756,0.7671329725255336,0.13743350483089756,,,0.004080494534710285,4.815192503512144e-06
national_2013,constant,175,1.353748774880318,0.4797561672685398,0.13537487748803181,,,0.002551894506747552,8.132216504065443e-06
national_2013,constant,176,1.3217377250358928,0.35915364130122945,0.13217377250358928,,,0.0019103917090490929,2.066925501242561e-05
national_2013,constant,177,1.360996621277841,0.4238663785008753,0.1360996621277841,,,0.0022546083962812513,1.3389594814242835e-05
national_2013,constant,178,1.3421902128673997,0.39996313254225024,0.13421902128673996,,,0.0021274634709694163,1.0551825034994946e-05
national_2013,constant,179,1.3621701974305895,0.35725237271321736,0.13621701974305894,,,0.0019002785782617944,6.10049885136035e-06
national_2013,constant,180,1.3667974413299877,0.3866767608755031,0.13667974413299877,,,0.002056791281252676,7.48538875696319e-06
national_2013,constant,181,1.3880467858907675,0.5971453719485841,0.13880467858907675,,,0.0031763051699392774,2.8599365146648087e-06
national_2013,constant,182,1.3974503679943815,0.620792927339331,0.13974503679943814,,,0.003302090039038995,2.83573334394361e-06
national_2013,constant,183,1.4077457587672313,0.517754281995392,0.14077457587672312,,,0.0027540121382733616,2.7637315024062857e-06
national_2013,constant,184,1.3743819894909142,0.5230430084591375,0.13743819894909143,,,0.0027821436620166892,3.1274213051289807e-06
national_2013,constant,185,1.3761672779966962,0.4835566097693969,0.13761672779966963,,,0.0025721096264329623,4.582605327905804e-06
national_2013,constant,186,1.3679123587664326,0.5505224678185242,0.13679123587664327,,,0.0029283109990347034,7.312987371814183e-06
national_2013,constant,187,1.3843932972078432,0.6266303860137953,0.13843932972078432,,,0.0033331403511372088,5.030098684980975e-06
national_2013,constant,188,1.330802583632186,0.44550652410408587,0.1330802583632186,,,0.0023697155537451375,1.532860225018114e-05
national_2013,constant,189,1.3817610132979286,0.3339442150143329,0.13817610132979286,,,0.0017762990160336857,3.3611263407570295e-06
national_2013,constant,190,1.3455043209459558,0.6218581673285544,0.13455043209459558,,,0.0033077562091944376,1.1500153729341123e-05
national_2013,constant,191,1.4108700037418767,0.7129124946000542,0.14108700037418767,,,0.0037920877372343313,4.1810446149509585e-06
national_2013,constant,192,1.3539239340483853,0.45596371324657037,0.13539239340483852,,,0.002425338900247715,1.5275800682719862e-05
national_2013,constant,193,1.3429770807147732,0.38597914266181094,0.1342977080714773,,,0.002053080546073462,9.331692063499955e-06
national_2013,constant,194,1.382765483873537,0.45769386349652835,0.1382765483873537,,,0.0024345418271091933,5.328467265001991e-06
national_2013,constant,195,1.4327924729632588,0.5292383904205744,0.14327924729632588,,,0.0028150978213860346,1.9708997203578243e-06
national_2013,constant,196,1.3239511788446587,0.3624608993393125,0.13239511788446587,,,0.0019279835071240026,1.8064563332114783e-05
national_2013,constant,197,1.3964688866768693,0.5944490781329903,0.13964688866768693,,,0.0031619631815584586,2.7665763674293176e-06
national_2013,constant,198,1.395564260058178,0.557540823973306,0.1395564260058178,,,0.0029656426807090743,2.3774648554127005e-06
national_2013,constant,199,1.3705367916863156,0.5524756042833215,0.13705367916863156,,,0.002938700022783625,6.086903633336771e-06
sindh_2021,climate,0,1.0585110813579466,47.69229225194837,0.10585110813579465,0.3126387572764165,0.07998816091735149,0.9956637213350391,0.00015211573189587358
sindh_2021,climate,1,1.0790790814167397,0.12360439207834292,0.10790790814167397,1.4630629754709281e-05,0.18716511694845958,0.0025804674755395183,0.06992344582093685
sindh_2021,climate,2,0.8186376478758234,47.32869940571348,0.08186376478758234,3.469103601705582e-06,0.1968556308978669,0.9880730564867114,0.00028426084519146726
sindh_2021,climate,3,1.2879574174656836,0.06885480722139618,0.12879574174656835,2.104569040138774e-05,0.06548383147631738,0.0014374698793610894,0.07041456073173222
sindh_2021,climate,4,1.8356466924128432,0.04049585168490495,0.1835646692412843,5.334650002348526e-11,-0.2792582919058745,0.0008454248785992682,0.03181091909416297
sindh_2021,climate,5,2.029285635997178,0.04364941274859953,0.20292856359971778,9.357622968840175e-14,-0.2861516966456526,0.0009112612264843325,0.019610251181750117
sindh_2021,climate,6,1.1337136360941993,0.07554064293568068,0.11337136360941992,1.8689679476035604e-05,0.18543255592230498,0.0015770489130622271,0.05263138167034528
sindh_2021,climate,7,0.8676326312283423,47.449633753051366,0.08676326312283424,1.976736507829423e-07,0.10860848401296219,0.9905977819008634,0.00026132895091047906
sindh_2021,climate,8,0.8824699398071022,23.921454455714976,0.08824699398071022,4.332568208562706e-06,0.21653378819276145,0.4994040596182667,0.00040367212232333353
sindh_2021,climate,9,1.5350108454049018,0.049181123271700745,0.1535010845404902,1.3241599228878885e-07,-0.1539759757938504,0.0010267457885532515,0.048638778849786
sindh_2021,climate,10,0.9049989054029046,0.18884808571040024,0.09049989054029046,8.827180306616418e-06,0.32589993552773683,0.0039425487622213,0.054111568161765926
sindh_2021,climate,11,0.9147285531090538,0.5648466530479499,0.09147285531090538,1.3502341019830723e-10,0.18839555918033574,0.011792205700374737,0.014424657510839533
sindh_2021,climate,12,1.4552783582760676,0.04681833643612503,0.14552783582760676,3.546867167329582e-09,-0.10763131821430633,0.0009774182972051154,0.06489809811270507
sindh_2021,climate,13,2.1710041844723302,0.04026467495835065,0.21710041844723302,0.3836070760976534,-0.2812746283586885,0.0008405986421367567,0.012663464275592092
sindh_2021,climate,14,0.9359708179631929,44.47987104856767,0.09359708179631929,0.05708369535841567,0.1595399057174997,0.9285985605128949,0.00014465235117880088
sindh_2021,climate,15,3.0331989979647176,0.06498656794714572,0.3033198997964718,1.144326895461836,-0.45457448075299245,0.0013567133183120192,0.003848585887849222
sindh_2021,climate,16,0.8060042317836922,47.58957756860124,0.08060042317836921,6.855329406820194e-06,0.3436191958215659,0.9935193646889612,0.00023429868341322212
sindh_2021,climate,17,1.2522701131298228,0.12086875938689841,0.12522701131298228,0.33788046483831574,0.06486489010521558,0.0025233561458642673,0.03373190488820795
sindh_2021,climate,18,1.211869494008648,0.09785424854811216,0.12118694940086482,0.048366138155550485,0.05219074809623526,0.002042886190983552,0.09237816115787613
sindh_2021,climate,19,1.2757759190718887,0.07244808853119551,0.12757759190718887,2.844119703004804e-05,0.10307062501729747,0.0015124861906303862,0.07867982090250239
sindh_2021,climate,20,1.4138827445818472,0.03984246024705517,0.14138827445818472,8.537277368035448e-08,0.023150137536467743,0.000831784138769419,0.039073929260014136
sindh_2021,climate,21,1.5588041621014672,0.057163949407009765,0.15588041621014673,3.6620699363583687e-07,-0.12763260542661506,0.0011934018665346506,0.0634510626051693
sindh_2021,climate,22,0.8662934645647566,25.422494405172802,0.08662934645647566,1.9270547345969713e-05,0.09796501778156029,0.5307410105464051,0.0005085111724747072
sindh_2021,climate,23,0.9745517864456588,47.654484627073934,0.09745517864456588,0.10607800815699807,0.09322489498916602,0.9948744181017523,0.0001864516698868294
sindh_2021,climate,24,2.012885401675678,0.037967721637301534,0.20128854016756778,5.608515001269246e-10,-0.45119864316391745,0.0007926455456639151,0.017666918416797173
sindh_2021,climate,25,0.8432946615123262,47.05498680837624,0.08432946615123263,6.385849052183541e-07,0.2748506897386436,0.9823588060203808,0.00018046573194692949
sindh_2021,climate,26,1.0885925382823225,44.10327113528447,0.10885925382823225,0.31025916594121616,0.09250866133190429,0.9207363493796341,0.000184089044085819
sindh_2021,climate,27,1.493284180280422,0.06173530561282193,0.1493284180280422,1.7670754218411597e-05,0.031355141123932506,0.0012888372779294767,0.043859838534593236
sindh_2021,climate,28,1.0662452944132768,47.42700769756926,0.10662452944132766,0.23544011385943273,0.023558482286899475,0.9901254216611537,0.00014718821569234363
sindh_2021,climate,29,1.5203894988643691,0.04433350179902513,0.1520389498864369,5.283503169440913e-12,-0.0757560964529587,0.0009255428350527167,0.060128016029063515
sindh_2021,climate,30,0.8382282946893483,4.0724130762378925,0.08382282946893484,3.201155266461975e-07,0.28099746788260277,0.08501906213440277,0.0025668001622633483
sindh_2021,climate,31,0.8412754762038609,0.26296948153047905,0.08412754762038609,1.2093797663067558e-05,0.3347309988882514,0.005489968299174928,0.037844074419897566
sindh_2021,climate,32,3.507900395395995,0.0613387643290925,0.3507900395395995,1.309727261852756,-0.35799587881715933,0.0012805587542608038,0.0018758667309848472
sindh_2021,climate,33,1.2014310146575387,0.09255916135033457,0.12014310146575385,2.239049405533944e-05,0.17415407504196156,0.0019323415730758784,0.047790160321846124
sindh_2021,climate,34,0.7958391650066038,23.603393661363754,0.07958391650066038,0.021412358737032008,0.27942592877205885,0.492763959527427,0.0007419641391445904
sindh_2021,climate,35,0.7889889280680519,22.52037669214419,0.07889889280680519,9.357622968840175e-14,0.10233769120190857,0.4701540019236783,0.0013371552829486207
sindh_2021,climate,36,1.7285909387471923,0.04744897393991302,0.17285909387471923,3.3582826134479075e-07,-0.20046720466312748,0.0009905840070963052,0.05596554720305408
sindh_2021,climate,37,2.4470140184666778,47.733127659207994,0.24470140184666778,1.426319101119715,-0.30305647744330305,0.9965162350565343,1.1700976652334e-05
sindh_2021,climate,38,1.236296790850405,23.40145932049476,0.12362967908504051,0.4165626577473602,0.026321525405967994,0.4885482112838155,0.00018237214126191846
sindh_2021,climate,39,1.7231199111755218,47.87367785878745,0.1723119911175522,0.8937476367729169,-0.10073527179950875,0.9994504772189448,4.230988116308097e-05
sindh_2021,climate,40,1.597725437801266,0.04062663495184755,0.1597725437801266,1.2868209920307864e-07,-0.10946884270746549,0.0008481552182014102,0.043399747822024604
sindh_2021,climate,41,0.8730124579024328,47.87838686330529,0.08730124579024327,2.7122649141194145e-07,0.17727428242733054,0.9995487862902983,0.00020178831933034683
sindh_2021,climate,42,1.895233458970913,47.64994590514098,0.1895233458970913,0.9686225690442997,-0.17256688769694772,0.9947796639904172,2.1080034040657847e-05
sindh_2021,climate,43,1.1230977493429126,47.83036314623477,0.11230977493429127,0.3926454947335976,0.05845135216572712,0.9985462034704544,0.00014175584109603454
sindh_2021,climate,44,1.110083882558045,0.06882244032465187,0.1110083882558045,2.6484724091597286e-08,0.04279830543230139,0.0014367941612662186,0.10252403943143323
sindh_2021,climate,45,0.8424301653926596,47.53674724157734,0.08424301653926596,0.0005049351803504345,0.2825665615393051,0.9924164351059986,0.00017999558052294668
sindh_2021,climate,46,1.407296903966595,0.06549375406018111,0.1407296903966595,3.1754384829393966e-07,0.012439721798333922,0.0013673017549098352,0.060185250529451416
sindh_2021,climate,47,1.3848023435358994,0.04867456992372826,0.13848023435358994,9.357622968840175e-14,0.005201502844616998,0.0010161705620820097,0.06409461356469504
sindh_2021,climate,48,1.4428604644280032,0.058979787093162296,0.14428604644280033,1.8467875923378203e-05,0.0690309241899393,0.0012313107952643485,0.03547839057687248
sindh_2021,climate,49,0.9917811359286453,0.12374342161618124,0.09917811359286452,9.357622968840175e-14,0.14004714958735728,0.0025833699711102554,0.08759926127743171
sindh_2021,climate,50,1.0497073495606055,0.11445900144466564,0.10497073495606055,2.952926893150028e-05,0.17172755866450037,0.002389540739972143,0.07644797629302637
sindh_2021,climate,51,0.786785726593682,23.889616543937013,0.0786785726593682,1.7396992508723547e-05,0.2105354385356391,0.49873938505087706,0.0010039177789911773
sindh_2021,climate,52,2.151439586170357,0.06407935982153005,0.2151439586170357,0.5497879412464413,-0.18907420859539573,0.0013377736914724438,0.01615421408217821
sindh_2021,climate,53,0.9680790775055569,0.4539529985809693,0.09680790775055569,0.13696148268519853,0.20928074692895232,0.009477098091460738,0.019433999856759563
sindh_2021,climate,54,1.1155364537052488,0.2676985967117557,0.11155364537052488,0.334355990771334,0.085090231257614,0.005588697217364421,0.02552194556857664
sindh_2021,climate,55,0.9128768866299642,46.42995740646161,0.09128768866299643,0.10750694327287037,0.1980086630985173,0.9693101755002423,0.00022529126189520896
sindh_2021,climate,56,1.262844739728945,0.12259395854769965,0.1262844739728945,0.2544091926207583,0.06671909164127898,0.0025593728298058385,0.030662384461236092
sindh_2021,climate,57,0.8359779991461712,23.99461529106316,0.08359779991461712,1.6411928804956034e-05,0.23018224945001578,0.5009314257006923,0.0005595839627711944
sindh_2021,climate,58,2.039793246625077,0.04617154728208272,0.20397932466250773,0.31606500991409153,-0.1266044965140142,0.0009639153921102865,0.025374156934936307
sindh_2021,climate,59,1.7894133622703996,0.05925415801457971,0.17894133622703995,0.2951950626624376,-0.20063047094455674,0.001237038789448428,0.031539076774876634
sindh_2021,climate,60,0.7798898286311835,47.84483883270221,0.07798898286311835,6.546728865191153e-07,0.1942331075696704,0.9988484098685222,0.00036380741735843265
sindh_2021,climate,61,0.8729707406312355,46.9308324569857,0.08729707406312355,4.221235049445224e-07,0.12019543138696627,0.9797668571395761,0.00028727374045120176
sindh_2021,climate,62,0.9296310168628961,47.468889578587664,0.0929631016862896,0.17731391823803078,0.2305082796610586,0.9909997824339806,0.0002092102863375756
sindh_2021,climate,63,0.7381740809362208,47.80124522669706,0.07381740809362208,8.0435498456172e-07,0.4009534538591628,0.9979383137097508,0.0004372009694739114
sindh_2021,climate,64,0.8777573971588224,1.2141532651750306,0.08777573971588223,2.8997234174642424e-07,0.21936432265778463,0.025347667331420264,0.009032185599791388
sindh_2021,climate,65,1.0429979773370843,46.3769451088124,0.10429979773370844,0.26574856505798333,0.08066621946792035,0.9682034469480668,0.0001890595947713402
sindh_2021,climate,66,1.1656229026815708,0.07175372034273475,0.11656229026815706,9.357622968840175e-14,0.1329630160478086,0.0014979899862783874,0.0752806339658258
sindh_2021,climate,67,1.1096149300910807,0.07900658057614228,0.11096149300910807,9.357622968840175e-14,0.23166874089339162,0.0016494066926125738,0.07701841107401497
sindh_2021,climate,68,0.9487634241843113,0.17568271803869404,0.09487634241843113,2.156740355093145e-05,0.13819356044108166,0.0036676976626032155,0.07165988190425401
sindh_2021,climate,69,1.780841373153677,0.04664274843043046,0.1780841373153677,1.1315196244151728e-08,-0.16559757292152097,0.0009737525768357089,0.0308617286850463
sindh_2021,climate,70,2.550079024205436,0.15389974555122796,0.2550079024205436,1.269246013645601,-0.2766733590955573,0.003212938320484926,0.005498277411431336
sindh_2021,climate,71,1.5505438618625575,0.05723829354967737,0.15505438618625575,1.9291436707410318e-11,-0.1114145010354805,0.001194953936318943,0.060262537123388644
sindh_2021,climate,72,1.438288071249273,0.05307280348326262,0.1438288071249273,0.047849522266863294,-0.014142270450382457,0.0011079917219887813,0.057961242083216236
sindh_2021,climate,73,0.8399450528979345,23.924656592807057,0.08399450528979345,7.038702448266771e-05,0.18508738057926793,0.4994709100794793,0.0005087484510789453
sindh_2021,climate,74,0.8769340105845979,0.3608981201633393,0.08769340105845978,1.6790921146986386e-05,0.16146991272854594,0.007534407519067626,0.04732853710762733
sindh_2021,climate,75,0.9680380443818365,0.12767688054192322,0.09680380443818365,9.357622968840175e-14,0.21659996744396248,0.002665488111522405,0.07618241863013246
sindh_2021,climate,76,1.0579011175240802,0.1436063527717673,0.10579011175240802,1.3715197920557681e-05,0.15504766215358973,0.0029980449430431584,0.05047350681331108
sindh_2021,climate,77,1.440817365233883,0.054625338930024823,0.1440817365233883,6.142310409637484e-08,-0.020367925192582962,0.0011404037354911236,0.07425202827918947
sindh_2021,climate,78,1.5216766323675177,0.06650412871448506,0.15216766323675177,3.597566106204542e-11,0.02683648155072885,0.0013883951714923812,0.040830022763118014
sindh_2021,climate,79,1.0475369521871127,0.13982966738849079,0.10475369521871128,0.12101261542120609,0.15081458447947527,0.002919199736711707,0.06985067206996057
sindh_2021,climate,80,0.8927045714780348,47.79323953368862,0.08927045714780349,1.0901512535933293e-07,0.10291846913984691,0.9977711802440212,0.00017625048511825676
sindh_2021,climate,81,0.8474507682120824,47.262689025946294,0.08474507682120824,3.8841578270564084e-07,0.14946968049939888,0.9866949692264363,0.0002232188956900955
sindh_2021,climate,82,0.8412399142326541,24.308955512765547,0.0841239914232654,2.1627523009020452e-05,0.27157033688909354,0.5074938520410344,0.00037894560141829407
sindh_2021,climate,83,1.3938006014222708,0.07301891286027133,0.1393800601422271,0.06520187932289861,0.1324496908916169,0.0015244031912373974,0.0444251483624428
sindh_2021,climate,84,1.2176973512685678,0.08375697468419854,0.12176973512685679,2.3538361503428657e-05,0.010992962184093525,0.0017485798472692809,0.09237422112568014
sindh_2021,climate,85,1.5018269727996083,0.06993050058217985,0.15018269727996084,0.24020506230293392,-0.009038771455229185,0.0014599269432605398,0.06440461104432221
sindh_2021,climate,86,1.1882305387552408,47.878618096860265,0.11882305387552408,0.47600848937580226,0.053461893649094254,0.999553613713158,0.00011834579875100137
sindh_2021,climate,87,1.47316662621213,0.07262747050373558,0.14731666262121298,0.35328816171725264,-0.04663622787168447,0.0015162311169882165,0.03876032307705458
sindh_2021,climate,88,1.8486220163523974,47.813085531020164,0.18486220163523975,1.0630356787690336,0.019566348207924508,0.9981855016914439,2.630883599583488e-05
sindh_2021,climate,89,0.8071054512210586,20.675001781012572,0.08071054512210586,1.464722468165303e-06,0.1969896891663671,0.4316284296662332,0.0008045807211438233
sindh_2021,climate,90,0.9958452048139842,47.87855710914953,0.09958452048139842,0.2116342929044818,0.07693804260993946,0.9995523404832887,0.0002339906780242759
sindh_2021,climate,91,0.9441311438305017,47.65511424513257,0.09441311438305017,0.12296366564468274,0.09676319123191754,0.9948875625288637,0.00020672573671933096
sindh_2021,climate,92,1.5432615228632556,0.06125317158732219,0.15432615228632557,5.864470634740117e-07,0.005757462076315863,0.0012787718494221751,0.03772300177300993
sindh_2021,climate,93,0.938265770005329,0.32678721898081436,0.0938265770005329,2.8839110529318314e-06,0.2698394689088989,0.006822280145737252,0.01835472542512072
sindh_2021,climate,94,0.8033936002814439,47.3383026690962,0.08033936002814439,4.65874279617801e-06,0.16453929530575007,0.9882735421523215,0.00046429278368041927
sindh_2021,climate,95,1.4125419255224108,0.06036548567572204,0.1412541925522411,0.004577258848874621,0.028003766890935394,0.001260239784461838,0.043251441455730406
sindh_2021,climate,96,0.880403139403687,47.83266085040747,0.0880403139403687,5.970178110032518e-08,0.17626363805952638,0.9985941722423273,0.00018841984249417683
sindh_2021,climate,97,0.8456405785689494,23.692234738442533,0.08456405785689494,1.3917737521145256e-05,0.0562759413954616,0.4946186792994266,0.0005103317682068106
sindh_2021,climate,98,1.1795534988408045,0.06262087616157487,0.11795534988408045,1.4176972733168651e-05,0.15543132809479418,0.0013073251808261976,0.05233773676659331
sindh_2021,climate,99,1.4717510370671474,0.07294768252409355,0.14717510370671474,0.10862686761848242,-0.05631595820475564,0.0015229161278516397,0.06381425767490115
sindh_2021,climate,100,1.0961726971644785,0.06882693134973272,0.10961726971644785,2.102232618082561e-05,0.1351303991869327,0.0014368879196186373,0.08759552367337096
sindh_2021,climate,101,0.855451684366335,47.484462071628535,0.0855451684366335,2.570138436572343e-07,0.12182878223369131,0.9913248866728295,0.00022365028087797717
sindh_2021,climate,102,0.8348921211439719,47.81797594966745,0.0834892121143972,1.4622124708804864e-06,0.29147477704487035,0.9982875981141429,0.00020447131042995205
sindh_2021,climate,103,0.8734660486464594,0.5063112918171496,0.08734660486464593,1.9902761523764423e-06,0.20790762842120258,0.010570173106829847,0.022711899319084822
sindh_2021,climate,104,0.9298108109233222,0.2514741903712685,0.09298108109233222,2.9441805413147152e-06,0.17270938380133785,0.005249983097521263,0.03508693557213555
sindh_2021,climate,105,1.512501264612559,0.04350968727689375,0.1512501264612559,3.475175390498318e-09,-0.101988436274392,0.000908344202022834,0.04913583246604721
sindh_2021,climate,106,0.9672003702117831,47.89998368822216,0.0967200370211783,0.1927160515424987,0.0815444335728164,0.9999996594618404,0.0002528893218326749
sindh_2021,climate,107,0.9641152156640949,45.937223798633525,0.09641152156640949,0.22538374234737174,0.13012108680126938,0.9590234613493428,0.00023633178957699222
sindh_2021,climate,108,0.9083134122787994,47.6620428574554,0.09083134122787993,1.6054142694257833e-07,0.23367562865884403,0.9950322099677535,0.00012895344052063279
sindh_2021,climate,109,0.6996867022822653,21.263061232295033,0.06996867022822653,5.019461918822734e-06,0.3973316890019361,0.44390524493309047,0.001098867167947325
sindh_2021,climate,110,1.7417690698555874,0.03953124041901243,0.17417690698555874,4.759850535871099e-08,-0.14012929133985363,0.0008252868563468148,0.020588186286035697
sindh_2021,climate,111,0.8378045383036731,24.273073745380067,0.08378045383036731,2.0262970782648584e-05,0.24858001977678154,0.5067447546008365,0.0005032190893034386
sindh_2021,climate,112,2.029126375121237,0.04430593484507153,0.2029126375121237,1.4230118317378514e-08,-0.2868460508381851,0.0009249673245317648,0.025812009286566337
sindh_2021,climate,113,2.482184100913866,0.05884491216882133,0.24821841009138657,0.8375879513574318,-0.15266410823026896,0.0012284950348396939,0.007235695780721705
sindh_2021,climate,114,1.2129473225306329,47.695048131440046,0.1212947322530633,0.5508396604535318,0.10463590906681115,0.9957212553536543,0.0001590648274745913
sindh_2021,climate,115,0.9722475387541571,47.53225360588817,0.09722475387541571,0.21945866059418553,0.28753369340884877,0.9923226222523627,0.00013453804815882287
sindh_2021,climate,116,1.1427556460811676,47.48948119818329,0.11427556460811676,0.395232698427351,0.02930630635762058,0.9914296701082107,0.00012837463464109264
sindh_2021,climate,117,1.9612535300026717,0.04402353509028665,0.19612535300026718,0.19080213107089763,-0.18915116144510358,0.0009190717137846899,0.025888268871042782
sindh_2021,climate,118,1.2233997114740722,0.07552240955183509,0.12233997114740722,1.6165526592487656e-09,0.07116708648778929,0.001576668257867121,0.06962246500504879
sindh_2021,climate,119,1.0479162843547436,0.12554017332465345,0.10479162843547435,1.2357138859548496e-05,0.23123416590059243,0.0026208804451910953,0.04681333894062109
sindh_2021,climate,120,0.8071994640634661,44.67342924203856,0.08071994640634661,1.1942945930886284e-05,0.28909186786874425,0.9326394413786755,0.0002599199057584402
sindh_2021,climate,121,0.9991293891454013,0.16457293283684596,0.09991293891454013,9.357622968840175e-14,0.24240084870565515,0.0034357606020218364,0.027910382160308143
sindh_2021,climate,122,0.9416289790149285,47.80905893144699,0.09416289790149285,0.18017061670133833,0.20091684662926151,0.9981014390698746,0.00017603498266139536
sindh_2021,climate,123,1.4916142472242953,0.06461675246755313,0.14916142472242952,0.058374284898666834,0.034967813773572845,0.0013489927446253265,0.031860135260162875
sindh_2021,climate,124,0.8258226298850333,47.48479419911036,0.08258226298850332,0.03882386615157242,0.19093837605549213,0.9913318204407173,0.0003501644248971844
sindh_2021,climate,125,1.1123155874849076,47.68419667379287,0.11123155874849075,0.3806383312574355,0.1315344649947299,0.9954947113526694,0.0001283619705764997
sindh_2021,climate,126,1.0306940530944555,47.61639208899572,0.10306940530944556,0.15654569484001055,0.050243716601728744,0.9940791667848793,0.0001722975981005968
sindh_2021,climate,127,0.8144680522313784,2.043082355645365,0.08144680522313784,1.6767854334011488e-05,0.17061290580109365,0.04265307631827484,0.009392504624624688
sindh_2021,climate,128,1.0870259815972154,0.11410349244488334,0.10870259815972154,3.4424923188289322e-06,0.10534554159867725,0.002382118840185456,0.0745640119130584
sindh_2021,climate,129,0.9649896320472835,47.663012554555806,0.09649896320472835,0.19473873958019933,0.23444355641750572,0.9950524541660919,0.00016369336498251342
sindh_2021,climate,130,1.16552955910003,0.06785317103185282,0.11655295591000302,2.217738595109728e-05,0.15181209496510004,0.0014165588941931696,0.054663765794705346
sindh_2021,climate,131,0.9416276181100997,47.84682218159489,0.09416276181100997,0.1538644390637769,0.16104823344759564,0.9988898158996845,0.0002218931459473731
sindh_2021,climate,132,1.6044001056539534,0.04741052381815475,0.16044001056539534,1.455448584296586e-06,-0.08660194299964967,0.0009897812905669049,0.049026826749023755
sindh_2021,climate,133,1.0409936945262652,47.8896926287454,0.10409936945262653,0.2443020368403287,0.10349807947184804,0.9997848147963548,0.00016091362344977983
sindh_2021,climate,134,0.843125878140128,23.207438723930213,0.0843125878140128,8.135177986318047e-06,0.2479976499366458,0.4844976769087727,0.0007114161158610575
sindh_2021,climate,135,0.9651960830450843,47.466190943058415,0.09651960830450843,0.18644203832942904,0.19904864028915303,0.9909434434876496,0.00018807595786328956
sindh_2021,climate,136,1.2978363918006,44.77765772074814,0.12978363918006,0.5491500399215302,-0.013416246963923288,0.9348154012682285,0.00010295549218326767
sindh_2021,climate,137,1.3785368027553426,0.05614684625463105,0.13785368027553427,3.4663894512165074e-08,0.0012001307930073625,0.0011721679802636964,0.04508651875340217
sindh_2021,climate,138,0.8633832470283622,23.518853841031834,0.08633832470283623,1.5778560884288576e-05,0.13890446927385885,0.4909990363472199,0.0005401953878169024
sindh_2021,climate,139,1.0331163353301607,47.60362323502094,0.10331163353301608,0.16282259697653897,0.0049061346815383435,0.993812593633005,0.00014182807404663212
sindh_2021,climate,140,1.7608279101658049,0.04945080764970476,0.17608279101658048,1.3649507553180344e-10,-0.18338282413447796,0.0010323759425825629,0.05263011711882075
sindh_2021,climate,141,1.1261456455636583,0.09489351997592964,0.11261456455636581,3.177429199237914e-06,0.2131757171742753,0.001981075573610222,0.06766288685839214
sindh_2021,climate,142,0.8729489617888635,23.93969020608706,0.08729489617888635,2.0593226885490387e-05,0.2608134839724239,0.49978476421893653,0.0003032805517188514
sindh_2021,climate,143,1.531834964103516,0.08467476255152907,0.15318349641035162,0.41446534088852816,-0.042860751044893085,0.0017677403455434045,0.029662911539664123
sindh_2021,climate,144,1.1618077930115338,47.80585430254576,0.11618077930115339,0.4510317203075093,0.15091979043243064,0.9980345365875942,0.0001278532292065767
sindh_2021,climate,145,0.8656795883596392,23.910623331529134,0.08656795883596392,1.8219407869512344e-05,0.19284974872581923,0.49917794011543076,0.0004235630157900032
sindh_2021,climate,146,1.2210939054032235,47.34014509545692,0.12210939054032234,0.4882854861794409,0.01949089640402871,0.9883120061682029,0.00013009619819297325
sindh_2021,climate,147,1.3206935387574867,0.1384525353889328,0.13206935387574867,0.40221688003929457,0.01804246675868207,0.002890449590583148,0.03795999655222346
sindh_2021,climate,148,1.495082086351558,0.06152993774952983,0.1495082086351558,0.24110414087636903,-0.009491469582803601,0.0012845498486331905,0.04801943557548293
sindh_2021,climate,149,1.6142281812732415,0.07845180694388766,0.16142281812732415,0.4310833453489606,-0.06323597461219674,0.0016378247796218718,0.034698378445997706
sindh_2021,climate,150,0.916971335878322,0.14895406188977728,0.0916971335878322,0.01841527759789815,0.26608314666267213,0.003109688139661321,0.0722108684442429
sindh_2021,climate,151,1.0803848496182171,47.835051611638,0.10803848496182172,0.3174944151422539,0.20889141504696318,0.9986440837502715,0.00013055347086787173
sindh_2021,climate,152,1.1885670292194188,47.849242929494366,0.11885670292194188,0.4888610672741012,0.00950659428349871,0.9989403534341204,0.00014278444107461584
sindh_2021,climate,153,0.9718958773112435,47.768614282457925,0.09718958773112435,0.14762600684644883,0.06396124764129993,0.9972570831410841,0.00015859965673574946
sindh_2021,climate,154,0.8267365310593895,46.16615117374171,0.08267365310593895,3.0346257940534775e-07,0.07901125224215455,0.9638027384914762,0.0004287029022710012
sindh_2021,climate,155,1.8027740693857823,0.044051080228364216,0.18027740693857824,1.2907272923708405e-09,-0.1815132490108409,0.0009196467688593783,0.028325235033391367
sindh_2021,climate,156,0.7352181485915322,47.88858234840458,0.07352181485915323,4.005445286680822e-09,0.18721778237415057,0.9997616356660665,0.0007025346197033661
sindh_2021,climate,157,0.8522217477130387,23.308596568281626,0.08522217477130387,0.08362398057750957,0.19391846749803504,0.4866095316969024,0.0007144276076232316
sindh_2021,climate,158,1.7170234057923826,0.08012032468672686,0.17170234057923825,0.5221685755688276,0.03885206737985638,0.0016726581354222726,0.02576441754982416
sindh_2021,climate,159,1.0995992073884002,24.310209354700035,0.10995992073884003,0.29219190994075844,0.06676505227243015,0.507520028281838,0.0002275850536138365
sindh_2021,climate,160,1.3369346373200437,0.05004353060016194,0.13369346373200436,4.544036351126219e-09,0.026499799475796726,0.0010447501169136104,0.0486420333106839
sindh_2021,climate,161,1.112082461969045,47.88978709191617,0.1112082461969045,0.405327919156658,0.1608773958501329,0.9997867868876026,0.00017024213184060945
sindh_2021,climate,162,1.1407549857166557,0.07147541750550974,0.11407549857166557,2.1082798417519157e-05,0.15994103621600164,0.0014921799061693058,0.06692694029428613
sindh_2021,climate,163,0.936051313433865,0.2484086222084845,0.09360513134338651,4.121853835986206e-06,0.15816280010733955,0.005185983762181305,0.048428795218879564
sindh_2021,climate,164,0.921568882709307,0.20156293622049598,0.0921568882709307,0.01096701418708252,0.1959826703758128,0.004207994493121002,0.053959286747034735
sindh_2021,climate,165,1.4234114383192364,0.06325920174200154,0.14234114383192364,0.0176276639006066,0.006002929976163364,0.0013206513933612014,0.059048050580575676
sindh_2021,climate,166,1.1292260402911827,0.09786043985552617,0.11292260402911827,9.357622968840175e-14,0.1584502462669164,0.0020430154458356193,0.04767408328138611
sindh_2021,climate,167,0.7065688469643809,23.81993919526407,0.07065688469643809,3.0067120781898025e-05,0.3302687572695835,0.49728474311616017,0.0010686011815080213
sindh_2021,climate,168,1.292918492628967,0.08317629582205381,0.1292918492628967,0.08258579289830661,0.08057577224282161,0.0017364571152829608,0.06039241312735589
sindh_2021,climate,169,0.8226649701231409,47.86083610454906,0.08226649701231409,1.424984320064258e-07,0.30187985507393245,0.9991823821408989,0.00015588989704390718
sindh_2021,climate,170,0.7840624425055965,23.95026438891162,0.07840624425055966,4.6449287394287464e-06,0.165300422391149,0.5000055196014952,0.0008816464676241779
sindh_2021,climate,171,1.762816082838129,0.0546210923766341,0.1762816082838129,0.2063886001254289,-0.0231337065616436,0.0011403150809318184,0.014213077423798412
sindh_2021,climate,172,0.8551037026793372,0.32897213940801073,0.08551037026793372,1.5939196929324225e-05,0.17573259445383005,0.006867894350897928,0.05202890355175121
sindh_2021,climate,173,1.3793812824142746,47.06851105693541,0.13793812824142745,0.7159195807352804,0.018000374687388434,0.9826411494141004,0.00011095592674790048
sindh_2021,climate,174,0.8033391060291142,47.74146094730709,0.08033391060291142,0.04846005729953219,0.34022793690283826,0.9966902076682064,0.00027350595513124683
sindh_2021,climate,175,1.5887872696828997,0.051320172553206506,0.15887872696828997,1.9233547001980966e-05,0.048750276922494125,0.0010714023497537892,0.03713545570190434
sindh_2021,climate,176,1.0708102599624691,47.57281086626674,0.10708102599624691,0.4299695959125007,0.11840885088058756,0.9931693291496189,0.00018707956538893471
sindh_2021,climate,177,0.8968649124668333,24.453179348522646,0.08968649124668333,0.03847833908117972,0.06960066251616653,0.5105047880693663,0.000529559598971068
sindh_2021,climate,178,1.500942953084745,0.08128479424368815,0.15009429530847448,0.20724457098363372,0.004510766993761373,0.0016969685645863914,0.040311490346898855
sindh_2021,climate,179,0.9624621922296039,46.73618533102485,0.0962462192229604,0.15546193190891072,0.1732839458912818,0.9757032428188904,0.00014533451363921805
sindh_2021,climate,180,0.8742106092621028,0.3775473799637957,0.08742106092621028,3.4894558079840427e-06,0.24333887512065197,0.007881991230976946,0.038573211007834715
sindh_2021,climate,181,1.2582746123446467,0.10427012350287802,0.12582746123446467,0.10561685817559371,0.07566203032567613,0.002176829300686389,0.10045018776631047
sindh_2021,climate,182,0.8349147172319599,24.17457146776346,0.08349147172319599,3.455432563399275e-05,0.2317462983847597,0.504688339619279,0.0004992762225507531
sindh_2021,climate,183,0.8405117916339654,47.29670786602875,0.08405117916339654,1.902143265478784e-06,0.18117115738463138,0.9874051746561325,0.00021969641856383793
sindh_2021,climate,184,2.0701141811094583,23.141501159435258,0.20701141811094584,1.070863938215233,-0.23311786885118732,0.4831211098003185,3.60598340228539e-05
sindh_2021,climate,185,0.742565126016316,42.26302954392047,0.0742565126016316,2.181091170846276e-06,0.28815782111518995,0.8823179445494878,0.00047537938137873757
sindh_2021,climate,186,0.8936858568520494,47.59770477469075,0.08936858568520493,0.1382639870919592,0.2593281159610989,0.9936890349622286,0.00022656368235673152
sindh_2021,climate,187,1.5967736393693848,0.05572590499421031,0.1596773639369385,1.720077993040562e-11,-0.06377064605832129,0.0011633800625096098,0.04723017067875731
sindh_2021,climate,188,4.010417959838449,0.062394212120340284,0.40104179598384493,1.3043617183776233,-0.4805205530677256,0.0013025931549131584,0.0009903945907207437
sindh_2021,climate,189,0.8626442703363955,46.470858821605674,0.08626442703363954,3.881065640327697e-06,0.3090361634815487,0.9701640672569035,0.00011549512519693128
sindh_2021,climate,190,1.4738582877496051,0.05589479325935827,0.1473858287749605,4.06461436608866e-09,-0.11418054507456572,0.00116690591355654,0.05616621460427466
sindh_2021,climate,191,1.5258905647666454,0.05131217460418586,0.15258905647666454,6.753681664950433e-09,-0.025310257944159177,0.0010712353779579512,0.03997759529282777
sindh_2021,climate,192,1.3563915635447037,0.08786175230431388,0.13563915635447038,0.2803381766969743,0.18123549330265437,0.0018342745783781604,0.034979698450699516
sindh_2021,climate,193,1.4034499711266868,46.68735278546356,0.14034499711266868,0.7310528980482932,0.09633152348708107,0.9746837742267965,8.474282574371091e-05
sindh_2021,climate,194,1.6626011286877107,0.04047898498302002,0.16626011286877107,7.443173678700875e-09,-0.18983878605415141,0.0008450727553866393,0.05188212942041044
sindh_2021,climate,195,1.313798740567784,0.059666799104929974,0.1313798740567784,1.0722370528223155e-05,0.04984958416485286,0.0012456534259901873,0.06690988788142842
sindh_2021,climate,196,0.9729099313726246,46.97728590662688,0.09729099313726246,0.20736537429810822,0.1589257642346672,0.98073665775839,0.00024847996763125406
sindh_2021,climate,197,0.9317714010210104,46.92177552205656,0.09317714010210104,0.2781478055716806,0.1914802775700419,0.9795777770784252,0.0003328377051640148
sindh_2021,climate,198,1.6202982913871868,0.058258857991716165,0.1620298291387187,0.32976900246022456,0.0019463168139122738,0.0012162600833343666,0.029783275640340043
sindh_2021,climate,199,1.3430280073654777,0.06126164550559197,0.13430280073654777,2.462192300750383e-10,0.04243735037301496,0.0012789487579455525,0.08113040754465087
sindh_2021,constant,0,1.3857469356323007,0.05610315137732169,0.13857469356323007,,,0.001171255769881455,0.05759860653365522
sindh_2021,constant,1,1.3730127412362494,0.06914788216662585,0.13730127412362494,,,0.0014435883542093077,0.06273031735405783
sindh_2021,constant,2,1.4851090176381774,0.06350977852893913,0.14851090176381773,,,0.0013258826415227375,0.053271457664546544
sindh_2021,constant,3,1.4713570552637159,0.05949050930692795,0.1471357055263716,,,0.0012419730544243831,0.05989349449064904
sindh_2021,constant,4,1.4948111737091083,0.05300770873418233,0.14948111737091083,,,0.0011066327501916978,0.04152429869346564
sindh_2021,constant,5,1.22225839985078,0.08680648923515095,0.12222583998507802,,,0.001812244034136763,0.08685745173825354
sindh_2021,constant,6,1.5648361508453081,0.05958435760004345,0.15648361508453082,,,0.0012439323089779425,0.04203413643916548
sindh_2021,constant,7,1.4385101259613975,0.07027078065611438,0.14385101259613975,,,0.0014670309114011354,0.0636567433968764
sindh_2021,constant,8,1.3710701082392487,0.0711065087556961,0.13710701082392487,,,0.001484478262123092,0.054701398852876684
sindh_2021,constant,9,1.373643461540412,0.0477936966702859,0.1373643461540412,,,0.000997780723805551,0.09199764438120096
sindh_2021,constant,10,1.2137118548216062,0.0764806611264374,0.12137118548216061,,,0.0015966735099465009,0.10028992407343734
sindh_2021,constant,11,1.1584882382109571,0.0917596771354763,0.11584882382109572,,,0.0019156508796550375,0.10796859645951651
sindh_2021,constant,12,1.2707901471053722,0.07023443868848572,0.12707901471053723,,,0.0014662722064402028,0.07312440666762231
sindh_2021,constant,13,1.4507386587867246,0.057208441707941635,0.14507386587867246,,,0.0011943307245916835,0.04116444080274762
sindh_2021,constant,14,1.2244997024918411,0.08800054943627676,0.12244997024918411,,,0.001837172222051707,0.09166428321385965
sindh_2021,constant,15,1.4271571856903906,0.06346661891968493,0.14271571856903906,,,0.0013249816058389337,0.06421668325151057
sindh_2021,constant,16,1.4391974295101382,0.06199014438111495,0.1439197429510138,,,0.0012941575027372641,0.05294236153101565
sindh_2021,constant,17,1.4422397354035723,0.054397660441821344,0.14422397354035724,,,0.0011356505311444958,0.040482417240145493
sindh_2021,constant,18,1.5499368774702513,0.06356527981114336,0.15499368774702513,,,0.001327041332174183,0.048030293827873424
sindh_2021,constant,19,1.4045306436496325,0.06653165993431885,0.14045306436496324,,,0.0013889699359983059,0.06697357283623191
sindh_2021,constant,20,1.3873216219292352,0.066242599193017,0.13873216219292353,,,0.0013829352649899166,0.07587341649889268
sindh_2021,constant,21,1.4261157439234748,0.04754139673162635,0.14261157439234748,,,0.0009925135017040993,0.04587210368555505
sindh_2021,constant,22,0.8151655944228208,47.602678471302475,0.08151655944228207,,,0.9937928699645611,0.00036130408284969543
sindh_2021,constant,23,1.2188982737094756,0.06636679373100465,0.12188982737094756,,,0.0013855280528393455,0.08719706674830643
sindh_2021,constant,24,1.4513644695220018,0.05804604041936325,0.14513644695220018,,,0.0012118171277528862,0.06881516093481396
sindh_2021,constant,25,1.4542558520143347,0.05314664926542799,0.14542558520143348,,,0.0011095333875872232,0.06084892707947674
sindh_2021,constant,26,1.302461210678783,0.05246663002890687,0.1302461210678783,,,0.001095336743818515,0.05900670916023033
sindh_2021,constant,27,1.4452701970338102,0.05452525075120095,0.14452701970338103,,,0.0011383142119248634,0.07814501479516686
sindh_2021,constant,28,1.3863636322506152,0.06129127302362389,0.1386363632250615,,,0.001279567286505718,0.07273436202038765
sindh_2021,constant,29,1.5511090672339716,0.05373748363137086,0.15511090672339717,,,0.001121868134266615,0.04208568626202311
sindh_2021,constant,30,1.4857704113474914,0.07486133214945045,0.14857704113474915,,,0.0015628670594874832,0.044581081244004964
sindh_2021,constant,31,1.1527664738453256,0.08377892590727037,0.11527664738453255,,,0.0017490381191496947,0.09440826110515893
sindh_2021,constant,32,1.3975214816807988,0.06372007222870885,0.13975214816807988,,,0.0013302729066536293,0.07423823291728897
sindh_2021,constant,33,1.620918751244089,0.05528946168704229,0.1620918751244089,,,0.001154268511211739,0.03134468297719684
sindh_2021,constant,34,1.1422037520975303,0.07961766289773399,0.11422037520975303,,,0.0016621641523535278,0.12041728019876413
sindh_2021,constant,35,1.4061218822835735,0.06530265106326402,0.14061218822835736,,,0.0013633121307570777,0.08504706370251416
sindh_2021,constant,36,1.4077113026756314,0.057275514974395106,0.14077113026756313,,,0.0011957310015531337,0.07078948457924897
sindh_2021,constant,37,1.2661016895067656,0.06529710750594062,0.12661016895067656,,,0.0013631963988714117,0.09101150659157974
sindh_2021,constant,38,1.433999112441997,0.07364775863873618,0.1433999112441997,,,0.0015375314955894817,0.06593001725428153
sindh_2021,constant,39,1.394647449395284,0.05173852488910769,0.1394647449395284,,,0.0010801362189792837,0.04933669710413186
sindh_2021,constant,40,1.1995870594080051,0.0820340172661604,0.1199587059408005,,,0.001712609963802931,0.09679382410198123
sindh_2021,constant,41,1.4547847688114506,0.052304501116959695,0.14547847688114507,,,0.0010919520066171127,0.06701463938644338
sindh_2021,constant,42,1.6010042241941844,0.039794543671125227,0.16010042241941844,,,0.0008307837927166019,0.02350946845639131
sindh_2021,constant,43,1.4625054012006307,0.05315648421094991,0.14625054012006306,,,0.001109738710040708,0.07873268014461743
sindh_2021,constant,44,1.3775745775861852,0.06074707648125122,0.13775745775861853,,,0.0012682061895877082,0.06910578575156995
sindh_2021,constant,45,1.286894469612213,0.07217859076671841,0.1286894469612213,,,0.0015068599324993405,0.0729877517914369
sindh_2021,constant,46,1.202715653209982,0.0855957411320754,0.12027156532099821,,,0.0017869674557844549,0.08202661694916749
sindh_2021,constant,47,1.3290447584088758,0.06778759992534175,0.13290447584088758,,,0.001415189977564546,0.0660460655400933
sindh_2021,constant,48,1.4832907584665687,0.05252632963267945,0.14832907584665686,,,0.0010965830821018673,0.051561162522532705
sindh_2021,constant,49,1.323899174617659,0.078166686927826,0.1323899174617659,,,0.0016318723784514823,0.07878858870687676
sindh_2021,constant,50,1.4713469437634412,0.04216437605748319,0.14713469437634413,,,0.0008802583728075823,0.03953240517016766
sindh_2021,constant,51,1.1963623422860339,0.09404056630374977,0.11963623422860338,,,0.001963268607593941,0.10705316296849643
sindh_2021,constant,52,1.5193228019508196,0.08525157088733609,0.15193228019508195,,,0.0017797822732220476,0.06414535231909403
sindh_2021,constant,53,1.5462983256762872,0.07464445483678182,0.15462983256762872,,,0.0015583393494108938,0.050964733308304956
sindh_2021,constant,54,1.450078878784484,0.06495368510099316,0.1450078878784484,,,0.0013560268288307547,0.042141156612623666
sindh_2021,constant,55,1.3772205397335884,0.07951438644920826,0.13772205397335885,,,0.001660008067833158,0.07664589606842921
sindh_2021,constant,56,1.4962045888961175,0.058665577038379546,0.14962045888961176,,,0.0012247510863962327,0.06153528757472483
sindh_2021,constant,57,1.3972174964413095,0.07039845692557649,0.13972174964413095,,,0.0014696963867552504,0.0554739829115895
sindh_2021,constant,58,1.5195684642491374,0.046737753654670526,0.15195684642491375,,,0.0009757359844398857,0.04033846085581906
sindh_2021,constant,59,1.0517421545156707,0.12944816496647243,0.10517421545156706,,,0.002702466909529696,0.0645006915144372
sindh_2021,constant,60,1.627730352364081,0.04693800460094342,0.1627730352364081,,,0.000979916588746209,0.031082089742018558
sindh_2021,constant,61,1.3269686902230524,0.05958011475621028,0.13269686902230524,,,0.0012438437318624276,0.06506248310828817
sindh_2021,constant,62,1.6133711682679777,0.07125221101663341,0.16133711682679777,,,0.001487520062977733,0.033592148691651696
sindh_2021,constant,63,1.4194487059815604,0.06006980703085657,0.14194487059815603,,,0.0012540669526274859,0.06532626287365999
sindh_2021,constant,64,0.8716641617229377,47.77647500252069,0.08716641617229377,,,0.9974211900317471,0.00029123606065121945
sindh_2021,constant,65,1.4591444391640842,0.050985385395660415,0.14591444391640843,,,0.0010644130562768354,0.06392121263240105
sindh_2021,constant,66,1.4426697517433786,0.041206513429846194,0.14426697517433787,,,0.0008602612407066011,0.06667448288029942
sindh_2021,constant,67,1.5802047688210936,0.05161784620602074,0.15802047688210935,,,0.0010776168310233974,0.03972761021211683
sindh_2021,constant,68,1.507397490825194,0.054496852802067626,0.1507397490825194,,,0.001137721352861537,0.04539613281066958
sindh_2021,constant,69,1.4158885751513692,0.06738231910875336,0.14158885751513692,,,0.0014067290001827425,0.05726940590680065
sindh_2021,constant,70,1.4090108525569,0.06947775580889282,0.14090108525569,,,0.0014504750690791822,0.0759288287501322
sindh_2021,constant,71,1.4218837788212288,0.06945089855029145,0.14218837788212288,,,0.001449914374745124,0.05975552889164956
sindh_2021,constant,72,1.4580362276498655,0.05682480764583512,0.14580362276498654,,,0.001186321662752299,0.05067764163916497
sindh_2021,constant,73,1.4732107774513723,0.057799887475019275,0.14732107774513722,,,0.0012066782353866237,0.04788481662063514
sindh_2021,constant,74,1.3608202395547067,0.05562663929577027,0.13608202395547067,,,0.0011613077097238052,0.06921539617191572
sindh_2021,constant,75,1.4195595755066055,0.0606854061206424,0.14195595755066054,,,0.0012669187081553737,0.059406682145869846
sindh_2021,constant,76,1.1779323318925712,0.0834735759211808,0.11779323318925712,,,0.0017426633804004344,0.1022823525813192
sindh_2021,constant,77,1.4066795534239265,0.05109968308877221,0.14066795534239265,,,0.0010667992294106934,0.08190434867656803
sindh_2021,constant,78,1.4179515107323573,0.054223260681319885,0.14179515107323573,,,0.0011320096175640895,0.048519463926402405
sindh_2021,constant,79,1.4358660125547373,0.042783793327643246,0.14358660125547373,,,0.0008931898398255375,0.042999438939644925
sindh_2021,constant,80,1.3059379130373692,0.0660071489662121,0.1305937913037369,,,0.0013780198114031754,0.08461074825928867
sindh_2021,constant,81,1.5075073167915842,0.062025426174301956,0.15075073167915842,,,0.0012948940746200827,0.05361271079754831
sindh_2021,constant,82,1.315579639709505,0.0700306358615321,0.1315579639709505,,,0.0014620174501363697,0.10320364962312237
sindh_2021,constant,83,1.278812845444428,0.06244616987948138,0.1278812845444428,,,0.001303677868047628,0.0909394744420511
sindh_2021,constant,84,1.2407981589909391,0.06135641040060251,0.12407981589909392,,,0.0012809271482380482,0.0931080631905427
sindh_2021,constant,85,1.5314853600573597,0.055640222235975145,0.15314853600573597,,,0.0011615912784128423,0.052909767127614846
sindh_2021,constant,86,1.3803185681809018,0.046144482325231155,0.1380318568180902,,,0.0009633503616958487,0.0634309894256821
sindh_2021,constant,87,1.51942591299978,0.04897739442775927,0.151942591299978,,,0.001022492576779943,0.048524859063872786
sindh_2021,constant,88,1.4209801823013573,0.06669108028479832,0.14209801823013574,,,0.0013922981270312804,0.07946759703076205
sindh_2021,constant,89,1.4271806333504844,0.05330817065347515,0.14271806333504844,,,0.0011129054416174353,0.058150891110549226
sindh_2021,constant,90,1.372973267959601,0.06434143421112612,0.1372973267959601,,,0.0013432449730924033,0.08767868751409892
sindh_2021,constant,91,1.2301029058182615,0.06730480194151457,0.12301029058182615,,,0.0014051106877142915,0.09078047425318041
sindh_2021,constant,92,1.5200078155802423,0.06127893151505073,0.15200078155802424,,,0.0012793096349697438,0.04121379369024479
sindh_2021,constant,93,1.3442541481969814,0.058920857065034256,0.13442541481969814,,,0.001230080523278377,0.08065645275288444
sindh_2021,constant,94,1.3434749830283947,0.07303622161242805,0.13434749830283949,,,0.001524764543056953,0.075988091540558
sindh_2021,constant,95,1.486812152738979,0.05441231901821547,0.1486812152738979,,,0.001135956555703872,0.037566667684931415
sindh_2021,constant,96,1.4684323522466576,0.052220881638857915,0.14684323522466575,,,0.0010902062972621693,0.044323775430968736
sindh_2021,constant,97,1.367833326287756,0.05860955927039106,0.1367833326287756,,,0.001223581613160565,0.06458903102030163
sindh_2021,constant,98,1.3166677480147793,0.06175353797864056,0.13166677480147793,,,0.0012892179118714105,0.06178151418119954
sindh_2021,constant,99,1.0591793819521862,0.14590800927052625,0.10591793819521862,,,0.0030460962269420926,0.06864765181933892
sindh_2021,constant,100,1.0995598890325624,0.11869874801501284,0.10995598890325625,,,0.002478053194467909,0.11891393680563397
sindh_2021,constant,101,1.2830468181110242,0.0732097224453677,0.1283046818111024,,,0.0015283866898824156,0.0867027359325194
sindh_2021,constant,102,1.4679902565693692,0.053523980551683004,0.14679902565693692,,,0.001117410867467286,0.0666411537762909
sindh_2021,constant,103,1.4506964080208726,0.0555296092808783,0.14506964080208726,,,0.0011592820309160397,0.05849987622432011
sindh_2021,constant,104,1.2766050387187682,0.0642125842682654,0.12766050387187683,,,0.0013405549951621169,0.09903299304509172
sindh_2021,constant,105,1.535419100351261,0.05663605038424714,0.1535419100351261,,,0.0011823810101095438,0.04866202940025827
sindh_2021,constant,106,1.4685481892007577,0.05218993733353657,0.14685481892007576,,,0.0010895602783619327,0.030475648516943545
sindh_2021,constant,107,1.4542526190890288,0.04294011173198596,0.14542526190890287,,,0.0008964532720665128,0.03618041939911625
sindh_2021,constant,108,1.3759020328396678,0.08560774641671573,0.1375902032839668,,,0.0017872180880316435,0.08336687385215634
sindh_2021,constant,109,1.4529806692249803,0.065150854406582,0.14529806692249803,,,0.001360143098258497,0.06653936542880094
sindh_2021,constant,110,1.2700144585726292,0.08083693228262968,0.12700144585726292,,,0.0016876186280298472,0.09742681667113236
sindh_2021,constant,111,1.2288713791812096,0.06513432896048708,0.12288713791812096,,,0.001359798099383864,0.07375729574125378
sindh_2021,constant,112,1.3979170050922711,0.03917896740511497,0.13979170050922712,,,0.0008179325136767218,0.05183515777319535
sindh_2021,constant,113,1.4971456184793073,0.05989525481320566,0.14971456184793072,,,0.0012504228562255878,0.046402388194263844
sindh_2021,constant,114,1.3738342999341404,0.05695948409595614,0.13738342999341405,,,0.001189133279665055,0.04340591994999932
sindh_2021,constant,115,1.226954970670028,0.0659155469458781,0.1226954970670028,,,0.0013761074518972463,0.07661759160532697
sindh_2021,constant,116,1.4509676862629193,0.06045185482673344,0.14509676862629192,,,0.0012620428982616585,0.053419031022540184
sindh_2021,constant,117,1.3539007810794672,0.056405567666649406,0.13539007810794673,,,0.0011775692623517621,0.07485917026021108
sindh_2021,constant,118,1.452481692178309,0.060713892170997985,0.1452481692178309,,,0.001267513406492651,0.050789563260475526
sindh_2021,constant,119,1.4787804357037362,0.05298636995625841,0.14787804357037362,,,0.0011061872642225137,0.05701878261334766
sindh_2021,constant,120,1.3520949881537758,0.06131794828403963,0.13520949881537758,,,0.0012801241812951906,0.06424683224038047
sindh_2021,constant,121,1.6241627636257552,0.04449673001258496,0.16241627636257552,,,0.0009289505221834021,0.028429019615336674
sindh_2021,constant,122,1.615663774588806,0.04715024991368375,0.1615663774588806,,,0.0009843475973629176,0.03047233946531016
sindh_2021,constant,123,1.4485718717592384,0.04200942977079358,0.14485718717592383,,,0.0008770235860290936,0.03153235928966389
sindh_2021,constant,124,1.187385225936992,0.06693644531564406,0.11873852259369919,,,0.0013974205702639677,0.08503210398983374
sindh_2021,constant,125,1.4169357193771457,0.04101134108059387,0.14169357193771456,,,0.0008561866613902686,0.039212368604671366
sindh_2021,constant,126,1.4334818676212446,0.06980439012814889,0.14334818676212446,,,0.00145729415716386,0.055023107680305675
sindh_2021,constant,127,1.394038741777588,0.04610324604157286,0.1394038741777588,,,0.0009624894789472413,0.0643040944024718
sindh_2021,constant,128,1.3715800866625454,0.06812453215921785,0.13715800866625455,,,0.0014222240534283476,0.05178976134503318
sindh_2021,constant,129,1.37862316876168,0.06400129192783967,0.13786231687616798,,,0.0013361438815832918,0.07807605926188622
sindh_2021,constant,130,1.4734952809594426,0.06368910641435083,0.14734952809594426,,,0.001329626438712961,0.060672607041909236
sindh_2021,constant,131,1.3963625086394242,0.03924556500882223,0.13963625086394243,,,0.0008193228603094411,0.06121505603283488
sindh_2021,constant,132,1.3041017983984573,0.055831945323797025,0.13041017983984574,,,0.0011655938480959712,0.09302588738861188
sindh_2021,constant,133,1.198090572298426,0.08076489913281619,0.1198090572298426,,,0.0016861148044429268,0.08589473990314628
sindh_2021,constant,134,1.3434688148572382,0.060767751680243745,0.13434688148572382,,,0.001268637822134525,0.0764599864291094
sindh_2021,constant,135,1.3719107736179117,0.06029942290586501,0.13719107736179117,,,0.0012588606034627352,0.06894704993924872
sindh_2021,constant,136,0.8231869123737791,6.250488887320879,0.08231869123737791,,,0.13049037343049852,0.0026501651722458885
sindh_2021,constant,137,1.3605234339700116,0.06945057377999732,0.13605234339700117,,,0.001449907594571969,0.07649262824096209
sindh_2021,constant,138,1.4181633822563677,0.056011844441328715,0.14181633822563677,,,0.001169349570800182,0.07720324142225993
sindh_2021,constant,139,1.42843136070378,0.04757828076521093,0.142843136070378,,,0.0009932835232820654,0.04687211446507513
sindh_2021,constant,140,1.4258583110382492,0.058150710316937734,0.14258583110382492,,,0.0012140023030675936,0.051762054114182963
sindh_2021,constant,141,1.5104849827613278,0.049971541570714366,0.1510484982761328,,,0.0010432472144199243,0.0535460820305291
sindh_2021,constant,142,1.4548240934973595,0.039516279531374675,0.14548240934973594,,,0.0008249745204879891,0.07115702593302983
sindh_2021,constant,143,1.5392952836026186,0.04991846646065142,0.15392952836026186,,,0.001042139174543871,0.03579676322955542
sindh_2021,constant,144,1.4549649363317516,0.04759005847733188,0.14549649363317516,,,0.0009935294045372,0.04958360679147048
sindh_2021,constant,145,1.2452937312633816,0.0700649591495368,0.12452937312633816,,,0.0014627340114725844,0.07362341801173455
sindh_2021,constant,146,1.3901380069156333,0.061267187684288724,0.13901380069156333,,,0.001279064461049869,0.059385931558490056
sindh_2021,constant,147,1.4807058321218056,0.07189170495056389,0.14807058321218056,,,0.001500870667026386,0.046603772403630575
sindh_2021,constant,148,1.5370934584691855,0.05560677807371344,0.15370934584691856,,,0.0011608930704324308,0.03706864840065455
sindh_2021,constant,149,1.4092620635416597,0.05831032758666194,0.14092620635416597,,,0.0012173346051495186,0.05731910136885333
sindh_2021,constant,150,1.4937959037594686,0.06154002602867053,0.14937959037594686,,,0.0012847604598887376,0.0478943150626735
sindh_2021,constant,151,1.2875427869060605,0.05213130576224467,0.12875427869060604,,,0.0010883362372076132,0.09382870857729803
sindh_2021,constant,152,1.4174816737101568,0.056145951653780106,0.14174816737101567,,,0.0011721493038367454,0.04925883719529975
sindh_2021,constant,153,1.4453843464078053,0.04957076267919495,0.14453843464078053,,,0.0010348802229477024,0.06377507951447269
sindh_2021,constant,154,1.3048629199208053,0.08576346577996355,0.13048629199208053,,,0.001790469014195481,0.10733823366910301
sindh_2021,constant,155,1.417806505446656,0.047207289282844574,0.1417806505446656,,,0.0009855383983892396,0.06733304098706373
sindh_2021,constant,156,1.428470532791816,0.06318966752610139,0.1428470532791816,,,0.0013191997395845803,0.05924179608151069
sindh_2021,constant,157,1.384607831903832,0.048183161481535966,0.13846078319038319,,,0.0010059115131844669,0.07662102223092976
sindh_2021,constant,158,1.5542584316006571,0.054353551546353546,0.15542584316006572,,,0.0011347296773769008,0.04689978924664735
sindh_2021,constant,159,1.6447604630059545,0.047897378336171144,0.16447604630059545,,,0.0009999452679785208,0.024785962653691034
sindh_2021,constant,160,1.3810256334311763,0.05454586038413499,0.13810256334311763,,,0.0011387444756604382,0.07076422304177617
sindh_2021,constant,161,1.5211343473115055,0.0656054575416863,0.15211343473115055,,,0.001369633769137501,0.04133559819738171
sindh_2021,constant,162,1.3317015113634787,0.05728931545431967,0.13317015113634786,,,0.001196019111781204,0.07423439775414532
sindh_2021,constant,163,1.4690902661328897,0.06982637812113156,0.14690902661328897,,,0.0014577531966833309,0.053806126848306664
sindh_2021,constant,164,1.4874750295524244,0.057811402474026746,0.14874750295524244,,,0.0012069186320256106,0.05763445865371879
sindh_2021,constant,165,1.356236074342028,0.07257038915343032,0.13562360743420282,,,0.001515039439528817,0.08242205915169636
sindh_2021,constant,166,1.5262397697604673,0.05603058226409754,0.15262397697604674,,,0.0011697407570792806,0.04122333243199114
sindh_2021,constant,167,1.3620456428563652,0.0581519843696934,0.13620456428563651,,,0.0012140289012462088,0.0864200464724425
sindh_2021,constant,168,1.191444387986888,0.09709593938747739,0.11914443879868879,,,0.0020270551020350187,0.09181482131719947
sindh_2021,constant,169,1.0879022429672474,0.11309489140951783,0.10879022429672473,,,0.002361062451138159,0.1550949669750617
sindh_2021,constant,170,1.4689606776947284,0.059584118711539194,0.14689606776947284,,,0.0012439273217440332,0.053727146507503154
sindh_2021,constant,171,1.4818669966142506,0.055672097884241975,0.14818669966142506,,,0.001162256740798371,0.050434053586233936
sindh_2021,constant,172,1.4364696230350034,0.06109628998865567,0.14364696230350033,,,0.0012754966594708908,0.049847819948113
sindh_2021,constant,173,1.4139394219131693,0.056075943098084245,0.14139394219131693,,,0.0011706877473504017,0.04508451542040783
sindh_2021,constant,174,1.3198282127369505,0.061058452808318855,0.13198282127369504,,,0.0012747067392133373,0.08085268065345419
sindh_2021,constant,175,1.3657429071099447,0.05964092585603821,0.13657429071099447,,,0.00124511327465633,0.08329985075680905
sindh_2021,constant,176,1.1621542394110438,0.08815939574242747,0.11621542394110437,,,0.0018404884288606986,0.0779644719873621
sindh_2021,constant,177,1.4329413533973878,0.06224631608188146,0.14329413533973878,,,0.0012995055549453332,0.08265609472850637
sindh_2021,constant,178,1.2632532326999746,0.05843427840798403,0.12632532326999746,,,0.0012199223049683514,0.07951882933924326
sindh_2021,constant,179,1.2564516305966087,0.06722281888083151,0.12564516305966086,,,0.0014033991415622444,0.12482778820885088
sindh_2021,constant,180,1.5735319805231105,0.051487804375741124,0.15735319805231104,,,0.0010749019702659941,0.02807996616170751
sindh_2021,constant,181,1.3189396891049783,0.06274836245126095,0.13189396891049782,,,0.0013099866900054477,0.08802252449665143
sindh_2021,constant,182,1.5358920557550637,0.046481496345581255,0.15358920557550637,,,0.0009703861450016963,0.03281440462061966
sindh_2021,constant,183,1.4816119206566192,0.06379566362251415,0.14816119206566192,,,0.0013318510150838027,0.04311763586185569
sindh_2021,constant,184,1.6126035239388075,0.05228620316999178,0.16126035239388076,,,0.0010915700035488889,0.02177193229414095
sindh_2021,constant,185,1.1893100704223087,0.07975116900421465,0.11893100704223086,,,0.0016649513362048988,0.08255879070863795
sindh_2021,constant,186,1.5588322525001466,0.03730341875128051,0.15588322525001466,,,0.000778777009421305,0.034005368434693706
sindh_2021,constant,187,1.2757457935695773,0.07900726468850863,0.12757457935695773,,,0.0016494209747079046,0.09417554405106526
sindh_2021,constant,188,1.5637526675669535,0.06842756753120198,0.15637526675669536,,,0.0014285504703799995,0.04122683439713617
sindh_2021,constant,189,1.410312165074461,0.05200322970619157,0.1410312165074461,,,0.0010856624155781121,0.07427208703462022
sindh_2021,constant,190,1.457179346470918,0.05578659983690134,0.1457179346470918,,,0.00116464717822341,0.058467998765344455
sindh_2021,constant,191,1.358647355593591,0.055102891264293345,0.1358647355593591,,,0.0011503735128244956,0.06338513608591421
sindh_2021,constant,192,1.5663778727880953,0.04869111280356891,0.15663778727880953,,,0.0010165159249179313,0.023423891548435796
sindh_2021,constant,193,1.4732861538632536,0.06153563547564177,0.14732861538632536,,,0.0012846687990739408,0.05095615181694236
sindh_2021,constant,194,1.4813706638229158,0.05777070188492189,0.14813706638229157,,,0.0012060689328793714,0.04982674803579199
sindh_2021,constant,195,1.533958459116096,0.055457112576691295,0.1533958459116096,,,0.001157768529784787,0.04518731702104974
sindh_2021,constant,196,1.4435690137289452,0.05707372518457228,0.14435690137289453,,,0.0011915182710766656,0.050007292779582095
sindh_2021,constant,197,1.3474635919283213,0.08283907912732175,0.13474635919283212,,,0.0017294171007791596,0.05782159088935846
sindh_2021,constant,198,1.4476366641700884,0.06018503442755008,0.14476366641700883,,,0.0012564725350219222,0.0615436873721759
sindh_2021,constant,199,1.2943833359203303,0.05833211794318711,0.12943833359203302,,,0.0012177895186469125,0.07096646712770699
kp_2021,climate,0,1.7092879288537655,0.04758381127611405,0.17092879288537655,9.357622968840175e-14,-0.05044794096553238,0.0013403890500313818,0.022625151009285277
kp_2021,climate,1,1.4625810577332992,35.46640310481247,0.14625810577332993,0.27635942071905834,-0.14022732190050943,0.9990536085862669,6.414847546559215e-05
kp_2021,climate,2,1.6546635902233875,0.04599170394300467,0.16546635902233875,9.357622968840175e-14,-0.1607284628706579,0.0012955409561409767,0.031009268800080144
kp_2021,climate,3,1.6762467724182084,35.30558673359942,0.16762467724182084,0.3967778146904606,-0.2873928860330211,0.9945235699605469,6.07696618361434e-05
kp_2021,climate,4,1.6249312858043674,0.04212337132658131,0.16249312858043674,9.357622968840175e-14,-0.057571927967015706,0.0011865738401853892,0.030020451595070455
kp_2021,climate,5,1.6569975988054755,0.045845079569606,0.16569975988054755,9.357622968840175e-14,-0.10094021470883702,0.0012914106921015774,0.027486952843727975
kp_2021,climate,6,1.7107933563988373,0.04262228938201265,0.17107933563988373,9.357622968840175e-14,0.025556576859277817,0.0012006278699158493,0.016286781436364736
kp_2021,climate,7,1.6728350669038028,0.056683936129040796,0.16728350669038028,0.11515041393178452,-0.09372494054216579,0.0015967305951842478,0.02653053418032597
kp_2021,climate,8,1.67171909046288,0.04502552749140608,0.167171909046288,9.357622968840175e-14,-0.10969753290505334,0.0012683247180677768,0.028671502664054764
kp_2021,climate,9,1.7340474271548731,0.04665930857576868,0.1734047427154873,9.357622968840175e-14,-0.11340579192981733,0.0013143467204441881,0.024275112154899303
kp_2021,climate,10,1.6535640444486652,0.046728187716900765,0.16535640444486652,9.357622968840175e-14,-0.17388341383248584,0.0013162869779408666,0.03128146268033819
kp_2021,climate,11,2.0044108035250647,1.746705739726926,0.2004410803525065,0.48013255362113794,0.02352205741117212,0.049202978583857075,0.0002649410564765389
kp_2021,climate,12,2.0817181586136315,0.05047913492869491,0.20817181586136316,0.2143527230053593,0.018029551708243954,0.0014219474627801382,0.006922807082642195
kp_2021,climate,13,1.6555816021948475,0.047149593356292714,0.16555816021948475,9.357622968840175e-14,0.017062637240992082,0.0013281575593321892,0.019861500077148216
kp_2021,climate,14,1.6004875420372235,0.05504356584453891,0.16004875420372236,0.08280224758308549,-0.21412941557127507,0.0015505229815363072,0.043516274871511815
kp_2021,climate,15,1.7932127433548162,0.04233236248096279,0.17932127433548162,9.357622968840175e-14,0.11274222358876802,0.0011924609149566983,0.009233102039680474
kp_2021,climate,16,1.5624722276509575,0.058270760680720096,0.15624722276509576,0.09117448040533406,-0.17558337204426344,0.0016414298783301434,0.04245036909083224
kp_2021,climate,17,1.520578201063107,0.049890286208072405,0.1520578201063107,9.357622968840175e-14,-0.20638534770931255,0.001405360174875279,0.0602963401103914
kp_2021,climate,18,1.7092593313560713,35.49999999998545,0.17092593313560714,0.36070650564629575,-0.018802436551737807,0.9999999999995901,2.667867470999939e-05
kp_2021,climate,19,1.6278487399944366,0.04954124845811051,0.16278487399944366,9.357622968840175e-14,-0.11928338835855937,0.0013955281255805777,0.03678159494387946
kp_2021,climate,20,1.7487490310278189,0.040875855153025775,0.1748749031027819,9.357622968840175e-14,0.0014868484151366516,0.0011514325395218527,0.015043490882718138
kp_2021,climate,21,1.4976182634423236,0.05228099329531015,0.14976182634423235,9.357622968840175e-14,-0.16826628972761248,0.0014727040364876098,0.05205960542724675
kp_2021,climate,22,1.7094583687340459,0.0453730446107837,0.1709458368734046,0.01235638078262353,-0.0009304893919227287,0.0012781139326981325,0.015599295428839074
kp_2021,climate,23,1.7507637275962176,0.04791972321274786,0.17507637275962176,0.08833101030232937,0.016511994245918593,0.0013498513581055734,0.015137401386749573
kp_2021,climate,24,1.7094978861047472,0.04881431504341211,0.17094978861047472,5.125740218279907e-12,0.000977210144921493,0.0013750511279834398,0.019096583779270628
kp_2021,climate,25,1.745133287842541,0.044847061751999956,0.1745133287842541,9.357622968840175e-14,0.13231471847733947,0.0012632975141408439,0.009509988072931325
kp_2021,climate,26,1.6222646729005297,0.04570738072683703,0.16222646729005297,9.357622968840175e-14,-0.04396380493672308,0.001287531851460198,0.02870433668915513
kp_2021,climate,27,1.635329201515494,0.0497545933320763,0.1635329201515494,9.357622968840175e-14,-0.15893825878392592,0.0014015378403401774,0.03373238348749278
kp_2021,climate,28,1.6908792048065115,0.04344004285166673,0.16908792048065116,9.357622968840175e-14,-0.031353518985532264,0.0012236631789201897,0.020473055910375428
kp_2021,climate,29,1.5729323567099063,0.05003099818331302,0.15729323567099063,9.357622968840175e-14,-0.18956028466816482,0.0014093238924876906,0.04975814382844409
kp_2021,climate,30,1.600124589439835,0.050648505731239045,0.1600124589439835,9.357622968840175e-14,-0.06954457081226066,0.0014267184713025083,0.030044743323086584
kp_2021,climate,31,1.592207422320101,0.04603473345299725,0.1592207422320101,9.357622968840175e-14,-0.07873864696173039,0.0012967530550140071,0.034312868070911925
kp_2021,climate,32,1.6198595535996032,0.042926449236729704,0.16198595535996033,9.357622968840175e-14,-0.07978841469325734,0.0012091957531473157,0.032652471535288365
kp_2021,climate,33,1.6501089896818752,0.04851333992840407,0.16501089896818752,9.357622968840175e-14,-0.028673692215709586,0.0013665729557296921,0.023966891911874344
kp_2021,climate,34,1.5790618205560059,0.045986409694897236,0.15790618205560059,9.357622968840175e-14,-0.2073365168383562,0.0012953918223914714,0.050482510223861056
kp_2021,climate,35,1.376600527617203,35.37090645018908,0.1376600527617203,0.271418593551371,-0.3057784746207595,0.9963635619771574,0.000126842470450673
kp_2021,climate,36,1.6745934844768522,0.052044438512477705,0.16745934844768523,9.357622968840175e-14,-0.06903344433575581,0.0014660405214782452,0.02132229842684045
kp_2021,climate,37,1.7268199074348964,0.05357210881655069,0.17268199074348964,0.16272539627981752,-0.10497155168448935,0.0015090734877901601,0.024456168265848316
kp_2021,climate,38,1.6904131918815393,0.045505133332968,0.16904131918815393,9.357622968840175e-14,-0.11496400671927182,0.0012818347417737465,0.02525381793747526
kp_2021,climate,39,1.700381170480607,0.043051331536708926,0.1700381170480607,9.357622968840175e-14,-0.06401305162554782,0.0012127135644143358,0.024300669963969797
kp_2021,climate,40,1.6378747534101663,0.044550644924101934,0.16378747534101662,9.357622968840175e-14,-0.0779770119330461,0.0012549477443408996,0.03096757500211727
kp_2021,climate,41,1.749205860471072,0.04764991942992562,0.1749205860471072,9.357622968840175e-14,-0.021213511837574275,0.0013422512515472006,0.019331595330151788
kp_2021,climate,42,1.6639541910997009,0.04448230271697773,0.16639541910997008,9.357622968840175e-14,-0.07886665280546477,0.0012530226117458514,0.025050310906886118
kp_2021,climate,43,1.5923738825459457,0.043119956136223915,0.15923738825459458,9.357622968840175e-14,-0.2336207000842573,0.0012146466517246174,0.04839767687984477
kp_2021,climate,44,1.4860415640413636,35.49999998275056,0.14860415640413635,0.30981059834901786,-0.20600601281475045,0.9999999995141002,8.009474855015325e-05
kp_2021,climate,45,1.471925139743442,35.49999990601528,0.1471925139743442,0.32976651351433695,-0.26582224347710526,0.9999999973525433,0.00011256817290033741
kp_2021,climate,46,1.9274361157771853,0.04634312677897055,0.19274361157771852,0.11775873838568367,0.06049581959207116,0.0013054401909569169,0.007842677664149006
kp_2021,climate,47,1.800087307122903,0.05873705660797514,0.18000873071229032,0.17484077317727587,0.02906353036834697,0.0016545649748725391,0.011145596140000946
kp_2021,climate,48,1.5821620949540984,0.13196537070756026,0.15821620949540985,0.2782366841923365,-0.12905464255528304,0.0037173343861284583,0.019013990797731504
kp_2021,climate,49,1.7209014887842031,0.04283901961043804,0.1720901488784203,9.357622968840175e-14,-0.02200328846311266,0.0012067329467729026,0.01973294913539693
kp_2021,climate,50,1.8754187371059505,0.06350438127917628,0.18754187371059505,0.253506825356543,-0.012491705785624129,0.0017888558106810219,0.010014235082663223
kp_2021,climate,51,1.636993663165063,0.046093899046452586,0.1636993663165063,9.357622968840175e-14,-0.27612539303852923,0.0012984196914493686,0.04606216511359997
kp_2021,climate,52,1.5874680764833624,0.05446315134015055,0.15874680764833624,9.357622968840175e-14,-0.17235731412710248,0.0015341732771873395,0.04394260983365454
kp_2021,climate,53,1.522608945616084,0.052953830135019406,0.1522608945616084,9.357622968840175e-14,-0.2583833082844189,0.0014916571869019552,0.06765981886503314
kp_2021,climate,54,1.7081854374692675,0.04228517510099571,0.17081854374692676,9.357622968840175e-14,-0.06350620050478423,0.0011911316929857948,0.02183286640526736
kp_2021,climate,55,1.933230173528446,0.05126749351061463,0.1933230173528446,0.1302286228241501,-0.045589266530420294,0.001444154746777877,0.01077924229344241
kp_2021,climate,56,1.6724678352518314,0.04827058646057722,0.16724678352518313,0.028236989072690295,-0.07714246038004874,0.0013597348298754147,0.025787788640143302
kp_2021,climate,57,1.7153274478665705,0.039331439312099085,0.17153274478665706,9.357622968840175e-14,-0.01600940975113626,0.001107927867946453,0.019805515682854727
kp_2021,climate,58,1.7787800112762793,0.04529891283180045,0.17787800112762792,0.0761035393421103,-0.07222917310361147,0.0012760257135718436,0.018017287600619897
kp_2021,climate,59,1.7101622705134425,0.04801159166116395,0.17101622705134426,0.05728023992302509,-0.1500102115597399,0.001352439201722928,0.03075125788279505
kp_2021,climate,60,1.6060593264861867,0.05520938277918602,0.16060593264861867,0.056027752098255675,-0.01611714390436683,0.0015551938811038317,0.026008498539261484
kp_2021,climate,61,1.6514987653616164,0.04914046602424881,0.16514987653616164,9.357622968840175e-14,-0.08620003467752307,0.0013842384795563045,0.032721336496363496
kp_2021,climate,62,1.6114862935310503,0.10141991188638017,0.16114862935310503,0.262214614529032,-0.2529971365030604,0.0028568989263769063,0.025914829023861507
kp_2021,climate,63,1.641893463127824,0.04609704759903765,0.1641893463127824,9.357622968840175e-14,-0.02641372771225903,0.001298508383071483,0.022454392668452814
kp_2021,climate,64,1.524175263127068,0.05106116870893902,0.1524175263127068,9.357622968840175e-14,-0.2568533633787454,0.0014383427805334937,0.07067637148102529
kp_2021,climate,65,1.686184152147832,0.047891983271381125,0.1686184152147832,0.02767736537349415,0.012225325269349477,0.0013490699513065106,0.01591137486102025
kp_2021,climate,66,1.7489579053332072,35.49418572857281,0.17489579053332072,0.4050778527668719,-0.06278920269453558,0.9998362177062763,2.983958133811177e-05
kp_2021,climate,67,1.6869681249072823,0.047977294769294625,0.16869681249072824,9.357622968840175e-14,-0.07224207183685133,0.0013514730920928064,0.022236515570592055
kp_2021,climate,68,1.5832161365315003,0.05175612339268944,0.15832161365315003,9.357622968840175e-14,-0.11896356304826666,0.0014579189688081532,0.03930969312558302
kp_2021,climate,69,1.6917861706275716,0.05798500682206379,0.16917861706275716,0.1453413667550556,-0.11343766442252001,0.0016333804738609518,0.02475838941442621
kp_2021,climate,70,1.6140311862261338,35.3802206056191,0.1614031186226134,0.35059764371345314,-0.08079989145557803,0.9966259325526508,4.7170980604762014e-05
kp_2021,climate,71,1.7894062759301124,0.049002586294904664,0.17894062759301124,0.05988221371055606,-0.05079848689292689,0.0013803545435184413,0.017781086183008048
kp_2021,climate,72,1.714526077829711,0.04738009237592944,0.17145260778297108,9.357622968840175e-14,-0.08993172750725505,0.0013346504894628012,0.023856936341304022
kp_2021,climate,73,1.669667949356107,0.04500388630386661,0.1669667949356107,0.042270430632646655,-0.046862939763450004,0.001267715107151172,0.020979799748770588
kp_2021,climate,74,1.6878207373032472,0.045015352055401296,0.16878207373032472,9.357622968840175e-14,0.016743390229250806,0.0012680380860676421,0.017857557363243386
kp_2021,climate,75,1.6459345260199125,35.488281823524645,0.16459345260199126,0.38979680895950475,-0.17000519365964284,0.9996699105218211,5.529366771103405e-05
kp_2021,climate,76,1.7639465430286108,0.104765832063677,0.17639465430286108,0.3095666683944582,-0.12699792518516165,0.002951150198976817,0.012590749287114676
kp_2021,climate,77,1.5600377248344965,0.045227590005599075,0.15600377248344965,9.357622968840175e-14,-0.12319983301350626,0.0012740166198760303,0.042518460209946554
kp_2021,climate,78,1.553833683936687,0.04499465519494946,0.1553833683936687,9.357622968840175e-14,-0.12963352786263854,0.0012674550759140693,0.03840591497656135
kp_2021,climate,79,1.5309808252123058,19.143108997577063,0.15309808252123058,0.3617393887750837,-0.18126878414196448,0.5392425069740018,0.00015957289755813464
kp_2021,climate,80,1.6455996176960097,0.04314379121421949,0.16455996176960097,9.357622968840175e-14,-0.024545395284251193,0.00121531806237238,0.021011078663182775
kp_2021,climate,81,1.664630519407147,0.04723023496894756,0.1664630519407147,0.04115531162048331,-0.16211506727236408,0.0013304291540548608,0.027827465732599668
kp_2021,climate,82,1.7574842317631396,0.04989628040303269,0.17574842317631395,0.11967992732021349,0.05474029111774395,0.0014055290254375407,0.013011279183756275
kp_2021,climate,83,1.6704757952232299,0.04379427203317456,0.167047579522323,9.357622968840175e-14,-0.1119288164673288,0.0012336414657232273,0.027546326167188367
kp_2021,climate,84,1.6701605606399235,0.047293835649662413,0.16701605606399234,9.357622968840175e-14,-0.009365960154237659,0.0013322207225257017,0.02003768866280333
kp_2021,climate,85,1.7509273428121406,0.07461288480221283,0.17509273428121405,0.2253233295047534,-0.04465593688918049,0.0021017714028792344,0.012391756957269554
kp_2021,climate,86,1.4735068222183603,0.05012247645652108,0.14735068222183603,9.357622968840175e-14,-0.2986591008203265,0.001411900745254115,0.09161442660017183
kp_2021,climate,87,1.6184550826935884,0.046999297739264305,0.16184550826935884,9.357622968840175e-14,-0.03236703317864337,0.0013239238799792764,0.02856269620403946
kp_2021,climate,88,1.5869319165136493,0.04699793995801555,0.15869319165136492,9.357622968840175e-14,-0.1576527333759045,0.0013238856326201565,0.04681983087606629
kp_2021,climate,89,1.7366479819427927,0.046123539063497816,0.17366479819427927,9.357622968840175e-14,-0.08009771926721852,0.0012992546215069808,0.022456179215091087
kp_2021,climate,90,1.6786738556440997,0.044624915259573544,0.16786738556440997,9.357622968840175e-14,-0.18357817911013788,0.0012570398664668604,0.0353269865220972
kp_2021,climate,91,1.57891474879112,0.045580217026703604,0.15789147487911198,9.357622968840175e-14,-0.21308490560275653,0.0012839497754001015,0.04653153794756171
kp_2021,climate,92,1.7220335485872789,0.052134506455711854,0.1722033548587279,0.09990834526847507,-0.04891513754178091,0.0014685776466397706,0.019045777025643782
kp_2021,climate,93,1.6413093999951314,0.04229784024646691,0.16413093999951314,0.03230344556373201,-0.09333073827730157,0.0011914884576469554,0.02773550760202377
kp_2021,climate,94,1.665226013737605,0.04304579132260754,0.1665226013737605,0.010359951060400673,-0.05664011380380021,0.001212557502045283,0.02441884830300425
kp_2021,climate,95,1.7445892135600085,0.04982606240547948,0.17445892135600086,9.357622968840175e-14,-0.12553756743712863,0.0014035510536754784,0.021246523040314255
kp_2021,climate,96,1.718959672738907,0.04375047496449615,0.1718959672738907,9.357622968840175e-14,0.054993969783659204,0.0012324077454787647,0.01428011342098455
kp_2021,climate,97,1.8484417647253795,0.0783249112390532,0.18484417647253795,0.2918552323839506,-0.05286216756813328,0.002206335527860654,0.009903488887468453
kp_2021,climate,98,1.7335844041774917,0.043755070584648635,0.17335844041774917,9.357622968840175e-14,0.00765596561615061,0.0012325371995675672,0.016048963718015518
kp_2021,climate,99,1.6599824901502132,0.09182816817524365,0.1659982490150213,0.24577861504218113,-0.09307652766394729,0.00258670896268292,0.015554382520307934
kp_2021,climate,100,1.8898777748695825,0.05305230336288619,0.18898777748695825,0.16566089735413167,0.04618097116351407,0.0014944310806446813,0.010948470257634232
kp_2021,climate,101,1.517193401517313,35.454742171931954,0.1517193401517313,0.3485093217114193,-0.2085457620218985,0.998725131603717,7.862895488262648e-05
kp_2021,climate,102,1.648724348416723,0.04526170303004964,0.1648724348416723,9.357622968840175e-14,-0.025864013705959095,0.0012749775501422432,0.02586639203635468
kp_2021,climate,103,1.6682896265591016,0.04171372841314665,0.16682896265591016,0.03666284247751642,-0.10740229655924126,0.0011750346031872295,0.029439835573047465
kp_2021,climate,104,1.620106663411833,35.4998392009006,0.1620106663411833,0.36127663962318296,-0.11461942159718563,0.9999954704479042,4.8861320958705616e-05
kp_2021,climate,105,1.6078394755330196,0.07054828724813844,0.16078394755330197,0.15437152543799013,-0.02191261857897451,0.00198727569713066,0.018235098179097745
kp_2021,climate,106,1.7177306356953475,0.05747699549167677,0.17177306356953476,0.12292120764191368,-0.06005320512031707,0.0016190702955401909,0.021464557113061382
kp_2021,climate,107,1.6822283347694091,0.043008877487607476,0.16822283347694092,6.55031219747595e-11,-0.038310976551852206,0.0012115176757072528,0.022250739277528686
kp_2021,climate,108,1.7341902830110192,0.04183277135649681,0.17341902830110192,9.357622968840175e-14,0.04381679782711146,0.0011783879255351213,0.012295844409655999
kp_2021,climate,109,1.6085239995971579,0.11910166662726007,0.16085239995971579,0.266021673179948,-0.19310614694172024,0.003354976524711551,0.022333872096970936
kp_2021,climate,110,1.6911187585852228,0.04692866468728581,0.16911187585852228,9.357622968840175e-14,-0.12133131721341867,0.0013219342165432621,0.026145071205203166
kp_2021,climate,111,1.56209778198552,0.05002966383010975,0.156209778198552,9.357622968840175e-14,-0.175111368977054,0.001409286305073514,0.04332460371493446
kp_2021,climate,112,1.649171886078028,0.09008444473972935,0.1649171886078028,0.22194911340540646,-0.14068578994888015,0.002537589992668432,0.022200778840618666
kp_2021,climate,113,1.8454441014959289,0.04436628822123553,0.18454441014959289,9.357622968840175e-14,0.015648554467871226,0.0012497545977812824,0.010426622278918926
kp_2021,climate,114,1.7878503071610707,0.040305988569713465,0.17878503071610707,9.357622968840175e-14,0.04444171805292216,0.0011353799597102385,0.010545268763839148
kp_2021,climate,115,1.658499645650942,0.0447866461680165,0.1658499645650942,9.357622968840175e-14,-0.06192751061538481,0.0012615956667046903,0.02684517208940543
kp_2021,climate,116,1.4665574691532968,0.10573925984703429,0.14665574691532968,0.21147983009913512,-0.19424120694444655,0.002978570699916459,0.03291716117729736
kp_2021,climate,117,1.668893269094779,0.03922130679900567,0.16688932690947791,0.003238392898572058,-0.03291436641694549,0.0011048255436339625,0.02217892603186258
kp_2021,climate,118,1.6284089075473018,0.22448102189384433,0.16284089075473018,0.3119707291251713,-0.10951875883339951,0.006323409067432235,0.007410585820762906
kp_2021,climate,119,1.7581328387440178,0.044181016948328225,0.1758132838744018,9.357622968840175e-14,-0.016620239431968956,0.001244535688685302,0.01622234396481132
kp_2021,climate,120,1.6768273936182743,0.04964894849346497,0.16768273936182743,0.12919114413972044,-0.10474196993902994,0.0013985619293933793,0.027586410175503135
kp_2021,climate,121,1.6850813530013045,0.044111890746967156,0.16850813530013045,2.580747849117193e-11,0.03188162699038037,0.0012425884717455536,0.016606566202283613
kp_2021,climate,122,1.5580755015381555,0.04836905901374139,0.15580755015381556,9.357622968840175e-14,-0.0786237276093593,0.0013625087046124334,0.03114930305277958
kp_2021,climate,123,1.5180161407635853,0.04744489494717212,0.15180161407635853,9.357622968840175e-14,-0.1712805064042399,0.0013364759140048485,0.05211250867110674
kp_2021,climate,124,1.5589188794198827,0.04339457778735488,0.15589188794198827,9.357622968840175e-14,-0.12842663731682116,0.001222382472883236,0.04073724669437897
kp_2021,climate,125,1.6066743448560306,0.22251241109786876,0.16066743448560306,0.30636755431089385,-0.19011398629763823,0.006267955242193486,0.008646142781064741
kp_2021,climate,126,1.7081035225955332,0.04295024514630175,0.17081035225955332,9.357622968840175e-14,-0.0464613455239231,0.0012098660604592045,0.019452049881419523
kp_2021,climate,127,1.563219011569992,0.047522913142148474,0.1563219011569992,9.357622968840175e-14,-0.11825705701740225,0.0013386736096379851,0.04136592627950543
kp_2021,climate,128,1.6490576940410366,0.04365369308971344,0.16490576940410367,9.357622968840175e-14,-0.2525784115478171,0.0012296814954848856,0.04356799478233879
kp_2021,climate,129,1.6907001015545138,0.0418938558167544,0.16907001015545137,9.357622968840175e-14,-0.022345057870396128,0.0011801086145564622,0.02280866999766206
kp_2021,climate,130,1.6701452073292724,0.046253366350558156,0.16701452073292725,1.6917302510780226e-12,-0.07502158730546035,0.0013029117281847368,0.024350911128461192
kp_2021,climate,131,1.709182940681714,0.09775380076069184,0.1709182940681714,0.3033776404310763,-0.1717862088996014,0.002753628190442024,0.0186844945736366
kp_2021,climate,132,1.7456671481678523,0.041819223326671005,0.17456671481678523,9.357622968840175e-14,-0.16941148756949898,0.001178006290892141,0.027065956645911337
kp_2021,climate,133,1.8750447433999626,0.04612202657994269,0.18750447433999626,0.03471072874766339,0.07362997797830478,0.0012992120163364137,0.008567952050584545
kp_2021,climate,134,1.6834421258712178,0.049074902161544656,0.1683442125871218,9.357622968840175e-14,-0.18107197947921355,0.0013823916101843566,0.03397265327375448
kp_2021,climate,135,1.6695730038351533,0.04516334045764878,0.16695730038351533,9.357622968840175e-14,-0.01765395299775079,0.0012722067734548953,0.021860814692019802
kp_2021,climate,136,1.707934823665251,0.04840979251419519,0.17079348236652508,9.357622968840175e-14,-0.07020227101001326,0.001363656127160428,0.020817765756733157
kp_2021,climate,137,1.641785644656909,0.04360073859204018,0.1641785644656909,9.357622968840175e-14,-0.05874530836817712,0.0012281898194940895,0.021758691203447155
kp_2021,climate,138,1.3961721234613125,35.465274767901555,0.13961721234613125,0.304890998622127,-0.2668966125716414,0.9990218244479311,0.00013226358425423782
kp_2021,climate,139,1.6908819529915375,0.043248019961494105,0.16908819529915375,9.357622968840175e-14,0.0877611378642622,0.0012182540834223693,0.012074249578969081
kp_2021,climate,140,1.7365119109579195,0.04451165942852555,0.17365119109579194,9.357622968840175e-14,-0.04756254323195373,0.001253849561366917,0.017438305406543148
kp_2021,climate,141,1.734553894087789,0.04326050776383145,0.1734553894087789,9.357622968840175e-14,-0.023524132125111064,0.0012186058525022944,0.020133214190506947
kp_2021,climate,142,1.7102204076241536,0.04605661125931209,0.17102204076241537,9.357622968840175e-14,0.045262001074449734,0.0012973693312482279,0.013653959684903735
kp_2021,climate,143,1.525539374639731,0.05076574323726738,0.1525539374639731,9.357622968840175e-14,-0.27385225207672687,0.001430020936261053,0.06059840525436857
kp_2021,climate,144,1.7191416136458992,0.045960165487341685,0.17191416136458992,9.357622968840175e-14,0.006404255587274437,0.0012946525489392023,0.017736036187836954
kp_2021,climate,145,1.7496986526805292,0.054693360543905174,0.17496986526805292,0.1131089189465839,0.021049455350238517,0.0015406580434902865,0.012409994881139193
kp_2021,climate,146,1.5985604607159307,0.042545740763285135,0.15985604607159307,9.357622968840175e-14,-0.08272580197384061,0.0011984715707967642,0.03229508604294742
kp_2021,climate,147,1.679830651083654,0.043015681095497776,0.16798306510836541,9.357622968840175e-14,-0.06659825162221181,0.0012117093266337403,0.02691406486829032
kp_2021,climate,148,1.738835947838357,0.04572293649560411,0.1738835947838357,0.030717984369968518,-0.07187167249553378,0.0012879700421296932,0.024669469505869145
kp_2021,climate,149,1.4782808950761157,0.0968715341527326,0.14782808950761156,0.19125873610746227,-0.2270207989138817,0.0027287756099361295,0.03491124587962932
kp_2021,climate,150,1.750929651093653,0.046054239232423626,0.17509296510936528,9.357622968840175e-14,-0.05207697578290334,0.001297302513589398,0.016347802893016496
kp_2021,climate,151,1.6631190730397876,0.04129413955937191,0.16631190730397877,9.357622968840175e-14,-0.01111645640897984,0.0011632151988555468,0.020815216377016024
kp_2021,climate,152,1.7639775258573644,0.04733226152116656,0.17639775258573645,9.357622968840175e-14,0.0029140905531085722,0.0013333031414413117,0.014815283998335012
kp_2021,climate,153,1.637997852060649,0.049962944933899016,0.16379978520606492,9.357622968840175e-14,-0.08568934058192255,0.0014074068995464512,0.03060239205192425
kp_2021,climate,154,1.6842836096533043,0.10113293466992582,0.16842836096533043,0.22724272703580772,-0.037699042299915726,0.002848815061124671,0.010554255733330067
kp_2021,climate,155,1.716647998623566,0.04258149486368983,0.1716647998623566,9.357622968840175e-14,-0.05507224733232782,0.0011994787285546432,0.020178781435795923
kp_2021,climate,156,1.627636527470033,0.04768652796184671,0.1627636527470033,9.357622968840175e-14,-0.14744210043417302,0.0013432824777984988,0.0351478876839759
kp_2021,climate,157,1.7424782179612128,0.046291028465238394,0.17424782179612128,0.06972767554687004,0.09825361969986486,0.0013039726328236167,0.011106774071689675
kp_2021,climate,158,1.6953279438926916,0.04331678019083638,0.16953279438926916,9.357622968840175e-14,0.006934639771673386,0.0012201909912911658,0.01894980691585348
kp_2021,climate,159,1.8816143384335817,0.04605089208637693,0.18816143384335818,0.11677388493217673,0.010204147849860248,0.0012972082277852657,0.011040302353521426
kp_2021,climate,160,1.6937651777866751,0.04114663721451818,0.16937651777866752,9.357622968840175e-14,-0.08020480261007608,0.0011590602032258643,0.023104292767682718
kp_2021,climate,161,1.7217451853986994,0.043406644470255544,0.17217451853986993,9.357622968840175e-14,0.03252831478582449,0.0012227223794438183,0.017187753519218505
kp_2021,climate,162,1.7438534464268298,0.04266076103136767,0.174385344642683,0.04138753697740835,-0.04503231917157355,0.001201711578348385,0.016857071449169984
kp_2021,climate,163,1.6799219189092331,0.0418307465786599,0.16799219189092332,9.357622968840175e-14,0.06577213370130493,0.0011783308895397155,0.01624324182411449
kp_2021,climate,164,1.6623666904225098,0.04582776874744824,0.16623666904225098,9.357622968840175e-14,-0.012877013240810429,0.001290923063308401,0.022591533846202536
kp_2021,climate,165,1.7787388271871043,17.523894221332927,0.17787388271871044,0.42476946037382585,-0.05029308850286404,0.4936308231361388,5.501782323620324e-05
kp_2021,climate,166,1.3204472736861408,16.127657766499357,0.13204472736861408,0.27220381045060105,-0.3321190846879599,0.4543002187746298,0.0004038113487784948
kp_2021,climate,167,1.8195319727286228,0.045174492711946096,0.18195319727286227,0.13878119534858468,0.011003802900333348,0.0012725209214632703,0.014086549447785137
kp_2021,climate,168,1.6447213276082004,15.192725664962209,0.16447213276082004,0.32361648342118426,0.046518390286424904,0.4279641032383721,5.855164214228579e-05
kp_2021,climate,169,1.7274854489060516,0.049740763349907444,0.17274854489060515,0.09485441726307853,-0.11124755132666056,0.0014011482633776746,0.022986033068017324
kp_2021,climate,170,1.6802260055454254,0.04276088255986977,0.16802260055454254,9.357622968840175e-14,-0.022601870832182597,0.001204531903094923,0.02101161471328292
kp_2021,climate,171,1.625200136274734,0.04799776202038296,0.1625200136274734,9.357622968840175e-14,-0.13326645454688332,0.0013520496343769847,0.03374806083302151
kp_2021,climate,172,1.411371536777892,35.49993927372412,0.1411371536777892,0.3234554215217734,-0.34426206211088883,0.9999982894006794,0.00015919046360986035
kp_2021,climate,173,1.664794172803175,35.458857779288564,0.1664794172803175,0.36158189458036766,-0.07988826653014787,0.9988410642053118,3.888906012510199e-05
kp_2021,climate,174,1.6037777208398551,0.045744190843712534,0.16037777208398551,9.357622968840175e-14,-0.13999481507011602,0.0012885687561609164,0.03439206065238399
kp_2021,climate,175,1.595943936547216,0.04077885764997822,0.15959439365472158,9.357622968840175e-14,-0.16121606748025802,0.0011487002154923443,0.04659866482981445
kp_2021,climate,176,1.66902389778102,0.04091420657101097,0.16690238977810198,9.357622968840175e-14,-0.0012048225602155017,0.0011525128611552385,0.02334991093288767
kp_2021,climate,177,1.7334308624795816,0.05895020866561478,0.17334308624795816,0.15671614363890818,-0.11688640035217142,0.0016605692581863319,0.019450804635710646
kp_2021,climate,178,1.7791086131301865,0.04965530558893108,0.17791086131301864,0.08357045137585635,0.08017679969987171,0.0013987410025051007,0.010084873505763507
kp_2021,climate,179,1.6913623925927637,0.0429888883752447,0.16913623925927637,9.357622968840175e-14,0.0022986292199285918,0.001210954602119569,0.015619688007381314
kp_2021,climate,180,1.622449901736986,0.04381989972148129,0.1622449901736986,9.357622968840175e-14,-0.03770985972701909,0.0012343633724360924,0.027269067836603607
kp_2021,climate,181,1.6543690922436034,0.04635861282125504,0.16543690922436033,0.00045933464079381145,-0.04425843035066323,0.001305876417500142,0.024846641629253388
kp_2021,climate,182,1.6627222109456754,0.04721870115247256,0.16627222109456755,9.357622968840175e-14,-0.16034566997553698,0.0013301042578161284,0.03577450817823341
kp_2021,climate,183,1.612388580511571,0.04433271271354491,0.1612388580511571,9.357622968840175e-14,-0.16774935109019531,0.0012488088088322509,0.04133974308932267
kp_2021,climate,184,1.4694727107901517,0.05120866415255328,0.14694727107901517,9.357622968840175e-14,-0.36649123167835107,0.0014424975817620644,0.1138618237918061
kp_2021,climate,185,1.748492186683055,0.051568755444124724,0.1748492186683055,0.10729524900539991,-0.031627905156473436,0.0014526409984260487,0.017419976243817147
kp_2021,climate,186,1.6553856060352503,0.04534924724353932,0.16553856060352504,9.357622968840175e-14,-0.1520404297518833,0.0012774435843250513,0.0344246145125871
kp_2021,climate,187,1.8007151601625688,0.04492641283699788,0.18007151601625687,9.357622968840175e-14,0.058603674424138295,0.0012655327559717713,0.012549716968075605
kp_2021,climate,188,1.7865345438827076,0.04519582162053887,0.17865345438827077,0.0031522167953945157,0.004454838971142956,0.0012731217357898272,0.01460013372761417
kp_2021,climate,189,1.6531378959142196,0.04630544626908086,0.16531378959142196,9.357622968840175e-14,-0.10013939569390802,0.001304378768143123,0.028821375470762283
kp_2021,climate,190,1.846488724328339,0.042788426703873075,0.1846488724328339,9.357622968840175e-14,0.08724641335776988,0.001205307794475298,0.008188752354445399
kp_2021,climate,191,1.7588480718928405,0.040099869887061185,0.17588480718928406,9.357622968840175e-14,0.07352092199969493,0.0011295737996355262,0.01293107755757978
kp_2021,climate,192,1.565653602162199,0.04765149814552724,0.1565653602162199,9.357622968840175e-14,-0.11613990865426932,0.0013422957224092178,0.0346793028547417
kp_2021,climate,193,1.6043522675865027,35.49689295060376,0.16043522675865027,0.3592207686337125,-0.027039568576023312,0.999912477481796,4.143348524165565e-05
kp_2021,climate,194,1.7378737445420627,0.06071650860907709,0.17378737445420628,0.12405307433527528,-0.10188204537203717,0.0017103241861711857,0.02052630380416962
kp_2021,climate,195,1.5666256386399546,0.043275890661841794,0.15666256386399546,9.357622968840175e-14,-0.1274414666803063,0.0012190391735730083,0.0407303423757375
kp_2021,climate,196,1.5980699921194843,0.0441639526490084,0.15980699921194844,9.357622968840175e-14,-0.067447779483927,0.0012440550041974197,0.0325411596098831
kp_2021,climate,197,1.6323714152009747,0.03946904261341347,0.16323714152009747,9.357622968840175e-14,-0.040071553112830616,0.0011118040172792526,0.02602887634498595
kp_2021,climate,198,1.4257113268376647,18.063281217484725,0.14257113268376648,0.2684238271356799,-0.1970258639296028,0.5088248230277387,0.00017534224388913503
kp_2021,climate,199,1.6268148260954018,0.04735975178835465,0.16268148260954018,9.357622968840175e-14,-0.06940002208123094,0.0013340775151649198,0.02560414898676204
kp_2021,constant,0,1.7639599317085093,0.04149074890380593,0.17639599317085092,,,0.0011687534902480544,0.016758429450417132
kp_2021,constant,1,1.6942475748641703,0.0474196528526884,0.16942475748641703,,,0.0013357648690898141,0.020037220003504348
kp_2021,constant,2,1.703177187773116,0.04315626021691522,0.1703177187773116,,,0.0012156693018849356,0.019651853587494494
kp_2021,constant,3,1.701105412247073,0.04420554397719059,0.1701105412247073,,,0.0012452265909067774,0.021367418103845452
kp_2021,constant,4,1.7288343204898162,0.04815791717625892,0.17288343204898163,,,0.0013565610472185611,0.01619124486459853
kp_2021,constant,5,1.68768920120966,0.04444657909506894,0.168768920120966,,,0.0012520163125371532,0.019955504099241562
kp_2021,constant,6,1.7260532156195483,0.04436045180064824,0.17260532156195482,,,0.001249590191567556,0.019282205128248076
kp_2021,constant,7,1.7505078236713074,0.04571280572794199,0.17505078236713073,,,0.001287684668392732,0.014242981243903002
kp_2021,constant,8,1.7348806876144474,0.044494136437110005,0.17348806876144474,,,0.0012533559559749297,0.017771687123716018
kp_2021,constant,9,1.6925176071427552,0.047134360022418775,0.16925176071427553,,,0.00132772845133574,0.018028550716003202
kp_2021,constant,10,1.7129909300724098,0.03972250585293489,0.17129909300724097,,,0.0011189438268432363,0.015954519287772657
kp_2021,constant,11,1.7391171396519733,0.042953633751001245,0.17391171396519733,,,0.0012099615141127112,0.014420919140898256
kp_2021,constant,12,1.6478184647751721,0.042907829241988306,0.1647818464775172,,,0.0012086712462531918,0.02199717497923067
kp_2021,constant,13,1.7385383192106878,0.04590026285602188,0.1738538319210688,,,0.0012929651508738558,0.01671759749343757
kp_2021,constant,14,1.6693593056318037,0.05051568103053594,0.16693593056318037,,,0.0014229769304376322,0.019515150263640143
kp_2021,constant,15,1.722440200661863,0.04179715113356039,0.1722440200661863,,,0.001177384538973532,0.017536108029824003
kp_2021,constant,16,1.7197046549459758,0.04461157037667923,0.17197046549459757,,,0.0012566639542726545,0.01843944838806716
kp_2021,constant,17,1.7327433319639836,0.045969086656200135,0.17327433319639834,,,0.0012949038494704263,0.016015693155149533
kp_2021,constant,18,1.7485555573131148,0.045454947696295885,0.17485555573131148,,,0.0012804210618674898,0.016201044183855554
kp_2021,constant,19,1.5712597174243026,0.04381516146754631,0.15712597174243026,,,0.0012342299004942624,0.02405698494891235
kp_2021,constant,20,1.634049351640371,0.04387718165803138,0.1634049351640371,,,0.00123597694811356,0.021184518841887188
kp_2021,constant,21,1.7649600855897365,0.04469048414382569,0.17649600855897365,,,0.0012588868772908646,0.014036627065827628
kp_2021,constant,22,1.6005736358645208,0.04234389965943485,0.1600573635864521,,,0.0011927859058995733,0.02590208384866894
kp_2021,constant,23,1.564239037932811,0.04966016209948368,0.1564239037932811,,,0.0013988778056192586,0.02640022463935017
kp_2021,constant,24,1.7440152573267096,0.04400943271424282,0.17440152573267095,,,0.0012397023299786708,0.016447465257060822
kp_2021,constant,25,1.7454095937314587,0.044771152292805,0.17454095937314587,,,0.0012611592195156337,0.015238512707080714
kp_2021,constant,26,1.7624521566241522,0.04588719794803532,0.17624521566241522,,,0.0012925971252967696,0.015272349111978412
kp_2021,constant,27,1.6923877527759934,0.049967449063583365,0.16923877527759934,,,0.0014075337764389681,0.01858197885491743
kp_2021,constant,28,1.6620471563273966,0.04611293503356399,0.16620471563273967,,,0.0012989559164384222,0.02021879419539115
kp_2021,constant,29,1.7314438518134074,0.04641370157064226,0.17314438518134073,,,0.0013074282132575284,0.01530803672348273
kp_2021,constant,30,1.738518712802003,0.045271355989038524,0.1738518712802003,,,0.0012752494644799584,0.017356688941337423
kp_2021,constant,31,1.6889985759364783,0.04151790813949184,0.16889985759364784,,,0.0011695185391406152,0.016577096812445114
kp_2021,constant,32,1.7214522356150117,0.04223280000276927,0.17214522356150116,,,0.0011896563381061766,0.018978178000778837
kp_2021,constant,33,1.6404881864129393,0.04287888927750032,0.16404881864129392,,,0.0012078560359859245,0.02203030401093256
kp_2021,constant,34,1.6826498364726514,0.04735491963273619,0.16826498364726514,,,0.001333941398105245,0.020074239935274085
kp_2021,constant,35,1.763267749210895,0.041548512163878636,0.1763267749210895,,,0.0011703806243346096,0.01521055173113848
kp_2021,constant,36,1.6743106269436683,0.04146661419191322,0.16743106269436683,,,0.0011680736392088232,0.020555376000759972
kp_2021,constant,37,1.647923120196256,0.04512268742102295,0.1647923120196256,,,0.0012710616174936042,0.021646878906620075
kp_2021,constant,38,1.6279150603607113,0.04359835175563549,0.16279150603607112,,,0.0012281225846657886,0.02232276884434031
kp_2021,constant,39,1.7107303556356466,0.049325720998057036,0.17107303556356465,,,0.0013894569295227334,0.017786930634239577
kp_2021,constant,40,1.7578327695227547,0.042346832928937095,0.17578327695227547,,,0.0011928685332094956,0.01583390070303406
kp_2021,constant,41,1.7436777812467177,0.04607508780644566,0.17436777812467177,,,0.0012978897973646665,0.01701886445223317
kp_2021,constant,42,1.7918500528132277,0.04202258292283183,0.17918500528132278,,,0.0011837347302206147,0.014129587364235177
kp_2021,constant,43,1.7605563423821116,0.04781373623572115,0.17605563423821116,,,0.0013468658094569338,0.01814577830096563
kp_2021,constant,44,1.7618222274131754,0.04417021984728781,0.17618222274131753,,,0.001244231544994023,0.015201014778876134
kp_2021,constant,45,1.7377147649181284,0.04371687911796128,0.17377147649181285,,,0.0012314613836045432,0.015209048834516374
kp_2021,constant,46,1.6641718230846214,0.04246189126272371,0.16641718230846214,,,0.001196109613034471,0.019300437352607044
kp_2021,constant,47,1.7445552500201256,0.047153850979466096,0.17445552500201256,,,0.0013282774923793267,0.015553029918765412
kp_2021,constant,48,1.6655306982355969,0.045461259142522616,0.1665530698235597,,,0.001280598849085144,0.015191745316387987
kp_2021,constant,49,1.7014566574407997,0.045769267123132784,0.17014566574407997,,,0.0012892751302290926,0.017145557785111527
kp_2021,constant,50,1.6600629197647354,0.04367297456302637,0.16600629197647354,,,0.0012302246355782077,0.018504759809503675
kp_2021,constant,51,1.6278465542839085,0.043747682086221554,0.16278465542839085,,,0.0012323290728513115,0.023193656023272086
kp_2021,constant,52,1.763514287193583,0.044081235767196476,0.1763514287193583,,,0.001241724951188633,0.015967740400704714
kp_2021,constant,53,1.7656605505558252,0.04637576590528749,0.1765660550555825,,,0.0013063596029658448,0.01610876203269013
kp_2021,constant,54,1.718802476090616,0.04360906144050922,0.1718802476090616,,,0.0012284242659298373,0.016723626331517635
kp_2021,constant,55,1.7114173626403089,0.049188297997987414,0.1711417362640309,,,0.001385585859098237,0.017669597113119415
kp_2021,constant,56,1.7159375183798913,0.04270321047968214,0.17159375183798914,,,0.0012029073374558348,0.01915575458325751
kp_2021,constant,57,1.7376298516037614,0.045534349798551935,0.17376298516037614,,,0.0012826577408042799,0.017126744069640334
kp_2021,constant,58,1.726113606754864,0.04579526793787827,0.17261136067548638,,,0.0012900075475458669,0.015747419812802706
kp_2021,constant,59,1.712928814378176,0.04084743327762837,0.1712928814378176,,,0.0011506319233134752,0.014458390966788498
kp_2021,constant,60,1.7727652757582182,0.04585218066569204,0.17727652757582182,,,0.0012916107229772407,0.01296272697300716
kp_2021,constant,61,1.7505769397723492,0.0424349184661505,0.17505769397723492,,,0.0011953498159479013,0.014893032052995341
kp_2021,constant,62,1.6946681872179514,0.04566435059134206,0.16946681872179514,,,0.001286319734967382,0.018367026763377467
kp_2021,constant,63,1.82615867384295,0.049399411290877646,0.182615867384295,,,0.0013915327124190886,0.01186438805751242
kp_2021,constant,64,1.77625895490218,0.052236730475218214,0.177625895490218,,,0.0014714571964850201,0.012317331920318614
kp_2021,constant,65,1.627382222115246,0.04217370701841148,0.16273822221152462,,,0.0011879917469975064,0.026168979256139563
kp_2021,constant,66,1.6139007734762936,0.04770748731694776,0.16139007734762936,,,0.0013438728821675424,0.022936505220377375
kp_2021,constant,67,1.6928680998822432,0.04907075808989284,0.16928680998822432,,,0.0013822748757716294,0.019174045302176437
kp_2021,constant,68,1.7379965832263,0.04631735638389766,0.17379965832263,,,0.0013047142643351454,0.015518636004338756
kp_2021,constant,69,1.7260714025685582,0.04197603654714197,0.1726071402568558,,,0.0011824235647082246,0.01707641360873051
kp_2021,constant,70,1.6873553046177838,0.04563851967207537,0.1687355304617784,,,0.0012855921034387427,0.01537252965678741
kp_2021,constant,71,1.7896108779483086,0.047407548422841214,0.17896108779483086,,,0.001335423899234964,0.014363347949237597
kp_2021,constant,72,1.6702798348617365,0.04258224805733167,0.16702798348617365,,,0.0011994999452769484,0.021423641811006748
kp_2021,constant,73,1.7867357890130398,0.03810268950534359,0.17867357890130398,,,0.0010733151973336221,0.014260957588332561
kp_2021,constant,74,1.6870659581811862,0.04284487108452177,0.16870659581811862,,,0.0012068977770287822,0.020556970225518324
kp_2021,constant,75,1.665446806090387,0.0504348678273378,0.1665446806090387,,,0.0014207005021785294,0.02079849778193178
kp_2021,constant,76,1.687713909378311,0.04360039789269428,0.16877139093783108,,,0.0012281802223294163,0.020001877388143352
kp_2021,constant,77,1.6499558688209746,0.04575706731273406,0.16499558688209745,,,0.0012889314735981424,0.023530446556280876
kp_2021,constant,78,1.696249067049895,0.044648096140820326,0.1696249067049895,,,0.0012576928490371925,0.01887715699733023
kp_2021,constant,79,1.6612193152198929,0.05044953801122188,0.16612193152198929,,,0.0014211137467949825,0.018636133552543368
kp_2021,constant,80,1.6658446703743581,0.04351499741225435,0.16658446703743582,,,0.0012257745749930803,0.02252300876379936
kp_2021,constant,81,1.6999223426564276,0.0462743402850894,0.16999223426564275,,,0.001303502543241955,0.016255854869410176
kp_2021,constant,82,1.6772713010978357,0.04404355597770704,0.16772713010978357,,,0.0012406635486678038,0.019981119035424277
kp_2021,constant,83,1.7209822063127544,0.04337371074373423,0.17209822063127544,,,0.0012217946688375838,0.016553771966592645
kp_2021,constant,84,1.7109123609488883,0.03984659454486654,0.17109123609488883,,,0.0011224392829539869,0.015498248075115935
kp_2021,constant,85,1.673605753038503,0.04379946762375994,0.1673605753038503,,,0.001233787820387604,0.021549166126066412
kp_2021,constant,86,1.703609622285026,0.049530057363317885,0.1703609622285026,,,0.0013952128834737432,0.01730840564218699
kp_2021,constant,87,1.7391729218627507,0.0465075981618983,0.17391729218627508,,,0.001310073187659107,0.017121327462684237
kp_2021,constant,88,1.6456399257550198,0.04252261631216968,0.16456399257550197,,,0.0011978201778075966,0.02114284777559994
kp_2021,constant,89,1.6672905704680228,0.04040685510150594,0.16672905704680227,,,0.001138221270464956,0.020984030946681838
kp_2021,constant,90,1.8034454568926641,0.04699710430331851,0.18034454568926642,,,0.0013238620930512254,0.012414183794793022
kp_2021,constant,91,1.7158067120289195,0.040879915166418694,0.17158067120289194,,,0.0011515469060963013,0.019064984149131554
kp_2021,constant,92,1.6924242102776565,0.04594861241473551,0.16924242102776565,,,0.0012943271102742397,0.017312786097435078
kp_2021,constant,93,1.707945981091377,0.03946700233214119,0.17079459810913772,,,0.0011117465445673576,0.017800618927599703
kp_2021,constant,94,1.6884990720788198,0.04111386297539952,0.16884990720788198,,,0.0011581369852225218,0.02063057901275985
kp_2021,constant,95,1.7222135945965253,0.041457389377914086,0.17222135945965253,,,0.0011678137852933546,0.019705429709299668
kp_2021,constant,96,1.7183817041285399,0.04518166063160023,0.17183817041285399,,,0.0012727228346929643,0.015045897525998825
kp_2021,constant,97,1.6396051253283608,0.040499662899626886,0.16396051253283608,,,0.001140835574637377,0.02476758453265828
kp_2021,constant,98,1.70604735527123,0.03776570002163287,0.17060473552712302,,,0.0010638225358206442,0.01772294213278166
kp_2021,constant,99,1.6975376626504979,0.03909490401833547,0.1697537662650498,,,0.001101264901924943,0.022228503326639146
kp_2021,constant,100,1.8337237236102057,0.03989004861092427,0.18337237236102058,,,0.0011236633411527963,0.011218827535474773
kp_2021,constant,101,1.7127644331923262,0.04138022389838404,0.1712764433192326,,,0.001165640109813635,0.016806333003117586
kp_2021,constant,102,1.7963695332612155,0.04381823243009858,0.17963695332612156,,,0.00123431640648165,0.011256629201038306
kp_2021,constant,103,1.6272567988027915,0.04339516680502562,0.16272567988027914,,,0.001222399064930299,0.023999536906627567
kp_2021,constant,104,1.6736295463361883,0.04734182798227406,0.16736295463361883,,,0.0013335726192189876,0.020631913042727837
kp_2021,constant,105,1.6669806718197822,0.04172276409361258,0.16669806718197822,,,0.0011752891293975373,0.021151322510102953
kp_2021,constant,106,1.7458525847920658,0.04146746366325923,0.17458525847920658,,,0.0011680975679791332,0.016719055042612396
kp_2021,constant,107,1.7698576676239763,0.04245870086234695,0.17698576676239763,,,0.0011960197426013227,0.015467165242959942
kp_2021,constant,108,1.8017932474457714,0.04415624365136098,0.18017932474457715,,,0.0012438378493341122,0.013625543398533068
kp_2021,constant,109,1.7489375547660388,0.04555695983451076,0.17489375547660388,,,0.0012832946432256552,0.015241388704944245
kp_2021,constant,110,1.7714142285463201,0.046693242544167395,0.17714142285463202,,,0.0013153026068779548,0.01644288953950085
kp_2021,constant,111,1.74804051219286,0.043484739879410116,0.174804051219286,,,0.0012249222501242287,0.017244930395901692
kp_2021,constant,112,1.66877635991777,0.04506607817270686,0.16687763599177702,,,0.001269466990780475,0.023388381317332427
kp_2021,constant,113,1.6525673294006902,0.04421757424660117,0.165256732940069,,,0.0012455654717352443,0.02196179355522865
kp_2021,constant,114,1.6867576443516534,0.04328838107310652,0.16867576443516535,,,0.0012193910161438458,0.01649473103921666
kp_2021,constant,115,1.7760408796618776,0.04185176888359345,0.17760408796618776,,,0.0011789230671434775,0.015086100698882499
kp_2021,constant,116,1.6276421661943907,0.04370443916921954,0.16276421661943907,,,0.0012311109625132266,0.023641115797828467
kp_2021,constant,117,1.7756092286582434,0.043007773391011986,0.17756092286582434,,,0.0012114865743947038,0.012693213659542036
kp_2021,constant,118,1.7475925391206015,0.046814834959894344,0.17475925391206015,,,0.0013187277453491366,0.01583977360304331
kp_2021,constant,119,1.6752241757893311,0.04673709348651764,0.1675224175789331,,,0.0013165378446906378,0.01876196702418941
kp_2021,constant,120,1.7072374990635788,0.04505639921219797,0.17072374990635789,,,0.0012691943440055766,0.017319816321985513
kp_2021,constant,121,1.6997603860477326,0.04478373483754521,0.16997603860477326,,,0.0012615136573956398,0.01880359507913108
kp_2021,constant,122,1.7295170344430153,0.04465883488159211,0.17295170344430152,,,0.0012579953487772426,0.015786933836160012
kp_2021,constant,123,1.7640591895654327,0.042264003255583514,0.17640591895654328,,,0.0011905353029741834,0.012828239311093172
kp_2021,constant,124,1.7787502166543812,0.04461608375337765,0.17787502166543812,,,0.001256791091644441,0.013865106153973487
kp_2021,constant,125,1.757654243517097,0.043490470495594145,0.1757654243517097,,,0.0012250836759322295,0.016500091421971712
kp_2021,constant,126,1.671089669336724,0.048527911015847996,0.16710896693367241,,,0.0013669834088971267,0.019377355245330866
kp_2021,constant,127,1.7851489769481885,0.0443651667456354,0.17851489769481885,,,0.001249723006919307,0.014422332014801942
kp_2021,constant,128,1.6803611764476158,0.045301069327866636,0.1680361176447616,,,0.0012760864599399052,0.017862779019473477
kp_2021,constant,129,1.6935471935584197,0.044215126536162164,0.16935471935584195,,,0.001245496522145413,0.019117108685774972
kp_2021,constant,130,1.7591847081394438,0.0425776717134696,0.17591847081394438,,,0.0011993710341822422,0.013942616272232092
kp_2021,constant,131,1.7663256625747987,0.04587231393521167,0.17663256625747986,,,0.0012921778573299061,0.0145725429471172
kp_2021,constant,132,1.6821004661314234,0.044860063873255404,0.16821004661314234,,,0.001263663771077617,0.0225882170817246
kp_2021,constant,133,1.7224780422887402,0.04369249986733183,0.17224780422887404,,,0.0012307746441501922,0.016527482316998333
kp_2021,constant,134,1.7321779557296377,0.04336337766627019,0.17321779557296377,,,0.0012215035962329633,0.017621763962272406
kp_2021,constant,135,1.7799928461610637,0.04404007909995683,0.17799928461610637,,,0.0012405656084494882,0.0139469671208522
kp_2021,constant,136,1.771576405749623,0.041756188139710985,0.1771576405749623,,,0.0011762306518228445,0.0153245017665913
kp_2021,constant,137,1.7212965823038648,0.04199184255429985,0.17212965823038648,,,0.0011828688043464747,0.01734389364046952
kp_2021,constant,138,1.7264269201992002,0.04744548352821199,0.17264269201992002,,,0.0013364924937524505,0.01690010631995944
kp_2021,constant,139,1.7038834324255676,0.044842622982213705,0.17038834324255675,,,0.001263172478372217,0.016480534443310397
kp_2021,constant,140,1.6759600490630842,0.043878882316712574,0.1675960049063084,,,0.0012360248539919035,0.018951898322613788
kp_2021,constant,141,1.6574200802472083,0.039044020877149255,0.16574200802472083,,,0.0010998315740042043,0.020627295763913672
kp_2021,constant,142,1.8033857031305143,0.04562474185147436,0.18033857031305142,,,0.0012852039958161793,0.011975146469960004
kp_2021,constant,143,1.710498046955642,0.04716610288653296,0.1710498046955642,,,0.0013286226165220552,0.01752234542024001
kp_2021,constant,144,1.7200641494688684,0.0422239789341231,0.17200641494688684,,,0.0011894078572992422,0.018376228822387493
kp_2021,constant,145,1.7268592781096772,0.04519651597759911,0.17268592781096773,,,0.001273141295143637,0.0166787887270498
kp_2021,constant,146,1.6579934384203185,0.04371950607859894,0.16579934384203185,,,0.001231535382495745,0.0199954982699954
kp_2021,constant,147,1.725428718969341,0.040146205544199405,0.1725428718969341,,,0.0011308790294140678,0.017782890904930883
kp_2021,constant,148,1.7400924477578839,0.0456744637283918,0.17400924477578839,,,0.0012866046120673747,0.018189269338808708
kp_2021,constant,149,1.7705288364396736,0.05092737535303583,0.17705288364396737,,,0.001434573953606643,0.01297732743689063
kp_2021,constant,150,1.6993511397042123,0.044568921415195736,0.16993511397042121,,,0.0012554625750759362,0.020164724056648597
kp_2021,constant,151,1.6595654256974635,0.046595895295445895,0.16595654256974635,,,0.0013125604308576308,0.016805826116563567
kp_2021,constant,152,1.654874469817279,0.04726412506056055,0.1654874469817279,,,0.0013313838045228323,0.020535059998084956
kp_2021,constant,153,1.682702544734229,0.04419378206633493,0.1682702544734229,,,0.0012448952694742235,0.019596508382684296
kp_2021,constant,154,1.6965958284642118,0.04396229620934519,0.1696595828464212,,,0.0012383745411083153,0.019445238670604097
kp_2021,constant,155,1.730897373039495,0.046984085736090475,0.1730897373039495,,,0.0013234953728476192,0.01803695760877235
kp_2021,constant,156,1.6527475910484946,0.04547032132210653,0.16527475910484946,,,0.0012808541217494797,0.02046719724399174
kp_2021,constant,157,1.6827822260529492,0.045617351099316986,0.16827822260529493,,,0.0012849958056145628,0.017587686368991624
kp_2021,constant,158,1.699361949242473,0.040209569646258374,0.1699361949242473,,,0.001132663933697419,0.01739547135385319
kp_2021,constant,159,1.631675814863671,0.04469514078092281,0.1631675814863671,,,0.0012590180501668396,0.025309245850355773
kp_2021,constant,160,1.6693561476980596,0.04545431159425679,0.16693561476980595,,,0.0012804031435001912,0.023665019334982728
kp_2021,constant,161,1.6915812068219296,0.04799847276246701,0.16915812068219296,,,0.0013520696552807607,0.020881454634981197
kp_2021,constant,162,1.6961640815778358,0.04632139072135792,0.1696164081577836,,,0.0013048279076438851,0.020227783546904857
kp_2021,constant,163,1.6679160689099892,0.04392705219416318,0.16679160689099892,,,0.0012373817519482587,0.025556012019384497
kp_2021,constant,164,1.728934702641144,0.044032760085426254,0.1728934702641144,,,0.0012403594390260916,0.015605524964881084
kp_2021,constant,165,1.7358091977706898,0.04485259238040881,0.17358091977706896,,,0.001263453306490389,0.016761710801921792
kp_2021,constant,166,1.7972780056484696,0.040829543819508776,0.17972780056484697,,,0.0011501279949157402,0.014414441674635927
kp_2021,constant,167,1.7311173920300655,0.046821043063947104,0.17311173920300654,,,0.0013189026215196366,0.01693951393004925
kp_2021,constant,168,1.7708655366594972,0.04051150837587216,0.17708655366594972,,,0.001141169250024568,0.013915430842834949
kp_2021,constant,169,1.6535424327284862,0.04556626365774203,0.16535424327284862,,,0.0012835567227532966,0.01915913663219944
kp_2021,constant,170,1.7238480508495366,0.04119514457485844,0.17238480508495366,,,0.0011604266077424913,0.01736393790891164
kp_2021,constant,171,1.72277615219908,0.04384408456136727,0.172277615219908,,,0.0012350446355314725,0.017138457048623927
kp_2021,constant,172,1.686379977747075,0.04364414320648814,0.1686379977747075,,,0.001229412484689807,0.02085717042003333
kp_2021,constant,173,1.6882453458242255,0.0465335370104707,0.16882453458242255,,,0.001310803859449879,0.019192456736537904
kp_2021,constant,174,1.5997558172502275,0.04619992808393708,0.15997558172502274,,,0.0013014064248996363,0.02490402327831083
kp_2021,constant,175,1.7180788229733897,0.04199933972950185,0.17180788229733895,,,0.0011830799923803338,0.01786133219050742
kp_2021,constant,176,1.6131632473587763,0.04000692756357179,0.16131632473587762,,,0.001126955706016107,0.02296583030356014
kp_2021,constant,177,1.752319311828513,0.04415618000122607,0.1752319311828513,,,0.0012438360563725654,0.018057451128395154
kp_2021,constant,178,1.7024201814631224,0.04833112181357776,0.17024201814631224,,,0.0013614400510866974,0.016843938610007894
kp_2021,constant,179,1.6730607613984063,0.041846874827799765,0.16730607613984064,,,0.0011787852064168948,0.02286112882543508
kp_2021,constant,180,1.763562155906536,0.04328508986256273,0.1763562155906536,,,0.0012192983059876826,0.013689123056007906
kp_2021,constant,181,1.7132474706765468,0.045943651314610395,0.1713247470676547,,,0.0012941873609749407,0.017963046845777618
kp_2021,constant,182,1.7189863464748072,0.04238484471311998,0.17189863464748073,,,0.0011939392876935205,0.01691619962443632
kp_2021,constant,183,1.7248950715605464,0.04456010211082235,0.17248950715605466,,,0.0012552141439668267,0.018092057068999107
kp_2021,constant,184,1.652522212427891,0.03955887841925965,0.1652522212427891,,,0.0011143346033594265,0.024268955580562218
kp_2021,constant,185,1.7578501908568058,0.0441754063484834,0.1757850190856806,,,0.0012443776436192508,0.016261280714678365
kp_2021,constant,186,1.6755213393431116,0.04395210427134965,0.16755213393431118,,,0.0012380874442633704,0.01866880459895541
kp_2021,constant,187,1.7031801447134671,0.041985294578314694,0.1703180144713467,,,0.0011826843543187237,0.019873701248462897
kp_2021,constant,188,1.8599618072933366,0.043761778177780035,0.18599618072933366,,,0.0012327261458529588,0.011257951635207264
kp_2021,constant,189,1.7136867861998397,0.04610482513300627,0.17136867861998398,,,0.001298727468535388,0.02340463533486647
kp_2021,constant,190,1.6680210422998187,0.046262195012046245,0.16680210422998187,,,0.001303160422874542,0.021223374404073684
kp_2021,constant,191,1.7428965687703257,0.044491700983313814,0.17428965687703257,,,0.0012532873516426426,0.017305004503823624
kp_2021,constant,192,1.7027976870218995,0.04189186487678805,0.17027976870218994,,,0.0011800525317405084,0.018603299827059664
kp_2021,constant,193,1.7445210256342272,0.04478944996831021,0.17445210256342272,,,0.0012616746469946538,0.0198375727123333
kp_2021,constant,194,1.824534776711915,0.046153950859961414,0.18245347767119152,,,0.0013001112918298988,0.011836455011383968
kp_2021,constant,195,1.717670090968872,0.0430886267059139,0.1717670090968872,,,0.0012137641325609548,0.01957205312446477
kp_2021,constant,196,1.764256923242777,0.04257868620798548,0.17642569232427768,,,0.0011993996114925487,0.01923424317209184
kp_2021,constant,197,1.7644120369008178,0.04359226006105766,0.1764412036900818,,,0.0012279509876354272,0.01631365391350221
kp_2021,constant,198,1.7237087849730572,0.04550984485703641,0.17237087849730573,,,0.0012819674607615888,0.01719441115305438
kp_2021,constant,199,1.6698460467829084,0.04052902828654487,0.16698460467829085,,,0.001141662768635067,0.023154063432072932
