country,unit,level,window_start,weeks,cases,observation,temp_form,rain_lag,train_frac,delta_aic,climate_wins,heldout_delta,R0_climate,R0_constant,a_temp,a_rain
ARGENTINA,ARGENTINA,national,2013-12-29,36,2837,nb,briere,3,1.0,-0.874,True,,1.0391,1.1683,0.0184,0.0231
ARGENTINA,ARGENTINA,national,2013-12-29,36,2837,nb,briere,3,0.75,0.079,False,-1.466,1.0506,1.1557,0.0209,0.0135
ARGENTINA,ARGENTINA,national,2013-12-29,36,2837,nb,briere,5,1.0,-0.747,True,,1.055,1.1683,0.0205,0.0036
ARGENTINA,ARGENTINA,national,2013-12-29,36,2837,nb,briere,5,0.75,0.074,False,-1.277,1.0529,1.1557,0.0213,0.0129
ARGENTINA,ARGENTINA,national,2013-12-29,36,2837,nb,briere,7,1.0,-0.743,True,,1.0575,1.1683,0.0208,-0.0
ARGENTINA,ARGENTINA,national,2013-12-29,36,2837,nb,briere,7,0.75,0.082,False,-1.218,1.0557,1.1557,0.0219,0.0104
ARGENTINA,ARGENTINA,national,2013-12-29,36,2837,nb,loglinear,3,1.0,1.577,False,,0.9421,1.1683,0.0715,0.0652
ARGENTINA,ARGENTINA,national,2013-12-29,36,2837,nb,loglinear,3,0.75,2.619,False,6.961,0.9689,1.1557,0.068,0.0544
ARGENTINA,ARGENTINA,national,2013-12-29,36,2837,nb,loglinear,5,1.0,1.734,False,,0.9478,1.1683,0.0888,0.0504
ARGENTINA,ARGENTINA,national,2013-12-29,36,2837,nb,loglinear,5,0.75,2.301,False,7.222,0.9707,1.1557,0.0843,0.0566
ARGENTINA,ARGENTINA,national,2013-12-29,36,2837,nb,loglinear,7,1.0,2.078,False,,0.9501,1.1683,0.1001,0.0379
ARGENTINA,ARGENTINA,national,2013-12-29,36,2837,nb,loglinear,7,0.75,1.938,False,66.196,1.6079,1.1557,-0.3229,0.0032
ARGENTINA,ARGENTINA,national,2013-12-29,36,2837,poisson,briere,3,1.0,-105.542,True,,1.1158,1.2055,0.0289,-0.0331
ARGENTINA,ARGENTINA,national,2013-12-29,36,2837,poisson,briere,3,0.75,-99.773,True,2.631,1.1275,1.1979,0.0327,-0.0389
ARGENTINA,ARGENTINA,national,2013-12-29,36,2837,poisson,briere,5,1.0,-110.205,True,,1.1171,1.2055,0.0287,-0.0378
ARGENTINA,ARGENTINA,national,2013-12-29,36,2837,poisson,briere,5,0.75,-100.595,True,-4.964,1.1199,1.1979,0.0309,-0.0344
ARGENTINA,ARGENTINA,national,2013-12-29,36,2837,poisson,briere,7,1.0,-102.026,True,,1.0963,1.2055,0.0259,-0.0137
ARGENTINA,ARGENTINA,national,2013-12-29,36,2837,poisson,briere,7,0.75,-92.98,True,-3.648,1.0982,1.1979,0.0282,-0.0085
ARGENTINA,ARGENTINA,national,2013-12-29,36,2837,poisson,loglinear,3,1.0,-20.96,True,,0.972,1.2055,0.1309,0.0045
ARGENTINA,ARGENTINA,national,2013-12-29,36,2837,poisson,loglinear,3,0.75,-31.723,True,264.967,1.6279,1.1979,-0.2875,-0.0478
ARGENTINA,ARGENTINA,national,2013-12-29,36,2837,poisson,loglinear,5,1.0,-23.04,True,,0.9687,1.2055,0.1266,0.015
ARGENTINA,ARGENTINA,national,2013-12-29,36,2837,poisson,loglinear,5,0.75,-14.77,True,271.24,1.0069,1.1979,0.1158,0.0137
ARGENTINA,ARGENTINA,national,2013-12-29,36,2837,poisson,loglinear,7,1.0,-31.546,True,,0.9634,1.2055,0.1274,0.029
ARGENTINA,ARGENTINA,national,2013-12-29,36,2837,poisson,loglinear,7,0.75,-23.928,True,211.566,0.9981,1.1979,0.1235,0.0325
ARGENTINA,ARGENTINA,national,2014-12-07,33,2774,nb,briere,3,1.0,2.694,False,,1.3864,1.3275,0.0,-0.115
ARGENTINA,ARGENTINA,national,2014-12-07,33,2774,nb,briere,3,0.75,2.893,False,229.555,1.3552,1.2533,0.2332,-0.0008
ARGENTINA,ARGENTINA,national,2014-12-07,33,2774,nb,briere,5,1.0,0.741,False,,1.4164,1.3275,0.0,-0.1753
ARGENTINA,ARGENTINA,national,2014-12-07,33,2774,nb,briere,5,0.75,0.82,False,712.128,1.9881,1.2533,0.7038,-0.3442
ARGENTINA,ARGENTINA,national,2014-12-07,33,2774,nb,briere,7,1.0,0.441,False,,1.4449,1.3275,0.0,-0.148
ARGENTINA,ARGENTINA,national,2014-12-07,33,2774,nb,briere,7,0.75,-0.147,True,27.65,1.6173,1.2533,0.0,-0.315
ARGENTINA,ARGENTINA,national,2014-12-07,33,2774,nb,loglinear,3,1.0,2.228,False,,0.9758,1.3275,0.2381,-0.0227
ARGENTINA,ARGENTINA,national,2014-12-07,33,2774,nb,loglinear,3,0.75,3.218,False,26.929,1.1071,1.2533,0.1075,0.0067
ARGENTINA,ARGENTINA,national,2014-12-07,33,2774,nb,loglinear,5,1.0,0.689,False,,1.3502,1.3275,0.0595,-0.199
ARGENTINA,ARGENTINA,national,2014-12-07,33,2774,nb,loglinear,5,0.75,0.835,False,42.438,1.5867,1.2533,-0.0199,-0.3599
ARGENTINA,ARGENTINA,national,2014-12-07,33,2774,nb,loglinear,7,1.0,0.408,False,,1.399,1.3275,0.0425,-0.1615
ARGENTINA,ARGENTINA,national,2014-12-07,33,2774,nb,loglinear,7,0.75,-0.551,True,24.733,1.6619,1.2533,-0.0941,-0.2626
ARGENTINA,ARGENTINA,national,2014-12-07,33,2774,poisson,briere,3,1.0,-44.879,True,,1.4274,1.3937,0.0,-0.1036
ARGENTINA,ARGENTINA,national,2014-12-07,33,2774,poisson,briere,3,0.75,-10.436,True,713.912,1.5179,1.3506,0.3492,-0.0389
ARGENTINA,ARGENTINA,national,2014-12-07,33,2774,poisson,briere,5,1.0,-64.159,True,,1.456,1.3937,0.0,-0.1519
ARGENTINA,ARGENTINA,national,2014-12-07,33,2774,poisson,briere,5,0.75,-60.669,True,28.213,1.537,1.3506,0.0,-0.2634
ARGENTINA,ARGENTINA,national,2014-12-07,33,2774,poisson,briere,7,1.0,-44.294,True,,1.4904,1.3937,0.0,-0.1452
ARGENTINA,ARGENTINA,national,2014-12-07,33,2774,poisson,briere,7,0.75,-59.309,True,78.948,1.617,1.3506,0.0,-0.2995
ARGENTINA,ARGENTINA,national,2014-12-07,33,2774,poisson,loglinear,3,1.0,-54.828,True,,1.6347,1.3937,-0.178,-0.0385
ARGENTINA,ARGENTINA,national,2014-12-07,33,2774,poisson,loglinear,3,0.75,-44.941,True,245.234,1.6205,1.3506,-0.3124,0.0892
ARGENTINA,ARGENTINA,national,2014-12-07,33,2774,poisson,loglinear,5,1.0,-67.123,True,,1.5453,1.3937,-0.0845,-0.1113
ARGENTINA,ARGENTINA,national,2014-12-07,33,2774,poisson,loglinear,5,0.75,-61.581,True,-18.563,1.5494,1.3506,-0.0385,-0.2243
ARGENTINA,ARGENTINA,national,2014-12-07,33,2774,poisson,loglinear,7,1.0,10.586,False,,0.9783,1.3937,0.2891,-0.0182
ARGENTINA,ARGENTINA,national,2014-12-07,33,2774,poisson,loglinear,7,0.75,-82.753,True,-8.415,1.6392,1.3506,-0.1095,-0.2007
ARGENTINA,ARGENTINA,national,2015-12-06,32,77523,nb,briere,3,1.0,2.378,False,,1.5292,1.5343,0.0,-0.0689
ARGENTINA,ARGENTINA,national,2015-12-06,32,77523,nb,briere,3,0.75,4.0,False,-0.11,1.5501,1.5515,0.0,-0.002
ARGENTINA,ARGENTINA,national,2015-12-06,32,77523,nb,briere,5,1.0,2.735,False,,1.5138,1.5343,0.0,-0.085
ARGENTINA,ARGENTINA,national,2015-12-06,32,77523,nb,briere,5,0.75,3.899,False,1.261,1.5609,1.5515,0.0,0.0292
ARGENTINA,ARGENTINA,national,2015-12-06,32,77523,nb,briere,7,1.0,3.381,False,,1.5571,1.5343,0.0,0.0523
ARGENTINA,ARGENTINA,national,2015-12-06,32,77523,nb,briere,7,0.75,3.207,False,0.724,1.5629,1.5515,0.0,0.0697
ARGENTINA,ARGENTINA,national,2015-12-06,32,77523,nb,loglinear,3,1.0,1.923,False,,1.3026,1.5343,0.1499,-0.0574
ARGENTINA,ARGENTINA,national,2015-12-06,32,77523,nb,loglinear,3,0.75,2.622,False,23.053,1.3347,1.5515,0.2278,0.0876
ARGENTINA,ARGENTINA,national,2015-12-06,32,77523,nb,loglinear,5,1.0,1.893,False,,1.3042,1.5343,0.1463,-0.071
ARGENTINA,ARGENTINA,national,2015-12-06,32,77523,nb,loglinear,5,0.75,2.948,False,2.252,1.3673,1.5515,0.1592,0.0311
ARGENTINA,ARGENTINA,national,2015-12-06,32,77523,nb,loglinear,7,1.0,2.246,False,,1.2957,1.5343,0.1753,0.0425
ARGENTINA,ARGENTINA,national,2015-12-06,32,77523,nb,loglinear,7,0.75,2.621,False,0.066,1.3862,1.5515,0.1384,0.0555
ARGENTINA,ARGENTINA,national,2015-12-06,32,77523,poisson,briere,3,1.0,-863.527,True,,1.4487,1.505,0.009,-0.098
ARGENTINA,ARGENTINA,national,2015-12-06,32,77523,poisson,briere,3,0.75,-1121.283,True,3313.595,1.3875,1.4784,0.0,-0.1283
ARGENTINA,ARGENTINA,national,2015-12-06,32,77523,poisson,briere,5,1.0,-163.707,True,,1.4749,1.505,0.0,-0.0413
ARGENTINA,ARGENTINA,national,2015-12-06,32,77523,poisson,briere,5,0.75,-33.975,True,-53.102,1.4626,1.4784,0.0,-0.0207
ARGENTINA,ARGENTINA,national,2015-12-06,32,77523,poisson,briere,7,1.0,-1382.507,True,,1.606,1.505,0.0,0.113
ARGENTINA,ARGENTINA,national,2015-12-06,32,77523,poisson,briere,7,0.75,-1511.234,True,327.404,1.572,1.4784,0.0,0.1162
ARGENTINA,ARGENTINA,national,2015-12-06,32,77523,poisson,loglinear,3,1.0,-1024.556,True,,1.2369,1.505,0.1547,-0.0757
ARGENTINA,ARGENTINA,national,2015-12-06,32,77523,poisson,loglinear,3,0.75,-1121.429,True,3417.025,1.39,1.4784,-0.0027,-0.1293
ARGENTINA,ARGENTINA,national,2015-12-06,32,77523,poisson,loglinear,5,1.0,-635.919,True,,1.2169,1.505,0.1723,-0.0446
ARGENTINA,ARGENTINA,national,2015-12-06,32,77523,poisson,loglinear,5,0.75,-395.416,True,-401.389,1.3443,1.4784,0.1054,-0.0145
ARGENTINA,ARGENTINA,national,2015-12-06,32,77523,poisson,loglinear,7,1.0,-1553.428,True,,1.3577,1.505,0.1566,0.0996
ARGENTINA,ARGENTINA,national,2015-12-06,32,77523,poisson,loglinear,7,0.75,-1746.403,True,-175.701,1.4568,1.4784,0.0922,0.1133
ARGENTINA,ARGENTINA,national,2018-12-02,34,3185,nb,briere,3,1.0,-0.976,True,,1.5567,1.591,0.0822,0.0654
ARGENTINA,ARGENTINA,national,2018-12-02,34,3185,nb,briere,3,0.75,-0.448,True,-11.593,1.4871,1.4791,0.2199,0.1497
ARGENTINA,ARGENTINA,national,2018-12-02,34,3185,nb,briere,5,1.0,-2.232,True,,1.4083,1.591,0.0788,0.1504
ARGENTINA,ARGENTINA,national,2018-12-02,34,3185,nb,briere,5,0.75,0.803,False,-9.427,1.4843,1.4791,0.2484,0.1244
ARGENTINA,ARGENTINA,national,2018-12-02,34,3185,nb,briere,7,1.0,-1.876,True,,1.7494,1.591,0.0595,-0.1194
ARGENTINA,ARGENTINA,national,2018-12-02,34,3185,nb,briere,7,0.75,-5.518,True,8.087,2.6538,1.4791,0.6564,-0.322
ARGENTINA,ARGENTINA,national,2018-12-02,34,3185,nb,loglinear,3,1.0,-1.045,True,,0.9215,1.591,0.5001,-0.0224
ARGENTINA,ARGENTINA,national,2018-12-02,34,3185,nb,loglinear,3,0.75,-0.254,True,104.929,1.1911,1.4791,0.1313,0.1421
ARGENTINA,ARGENTINA,national,2018-12-02,34,3185,nb,loglinear,5,1.0,-0.99,True,,0.9284,1.591,0.4666,0.02
ARGENTINA,ARGENTINA,national,2018-12-02,34,3185,nb,loglinear,5,0.75,0.878,False,65.577,1.1656,1.4791,0.151,0.1086
ARGENTINA,ARGENTINA,national,2018-12-02,34,3185,nb,loglinear,7,1.0,-1.816,True,,0.9423,1.591,0.551,-0.0923
ARGENTINA,ARGENTINA,national,2018-12-02,34,3185,nb,loglinear,7,0.75,-6.156,True,264.231,1.378,1.4791,0.3769,-0.3352
ARGENTINA,ARGENTINA,national,2018-12-02,34,3185,poisson,briere,3,1.0,-211.057,True,,1.7477,1.4813,0.4083,-0.0507
ARGENTINA,ARGENTINA,national,2018-12-02,34,3185,poisson,briere,3,0.75,-49.366,True,-392.118,1.5505,1.3856,0.2797,0.0128
ARGENTINA,ARGENTINA,national,2018-12-02,34,3185,poisson,briere,5,1.0,-214.079,True,,1.5399,1.4813,0.3001,0.0704
ARGENTINA,ARGENTINA,national,2018-12-02,34,3185,poisson,briere,5,0.75,-56.938,True,-393.082,1.4448,1.3856,0.2307,0.0676
ARGENTINA,ARGENTINA,national,2018-12-02,34,3185,poisson,briere,7,1.0,-206.396,True,,1.7128,1.4813,0.3768,-0.018
ARGENTINA,ARGENTINA,national,2018-12-02,34,3185,poisson,briere,7,0.75,-54.525,True,-386.495,1.6602,1.3856,0.3267,-0.0479
ARGENTINA,ARGENTINA,national,2018-12-02,34,3185,poisson,loglinear,3,1.0,-154.275,True,,1.6657,1.4813,-0.1494,-0.141
ARGENTINA,ARGENTINA,national,2018-12-02,34,3185,poisson,loglinear,3,0.75,-15.924,True,5192.756,1.1776,1.3856,0.1388,0.0644
ARGENTINA,ARGENTINA,national,2018-12-02,34,3185,poisson,loglinear,5,1.0,-109.183,True,,1.7503,1.4813,-0.3228,0.0788
ARGENTINA,ARGENTINA,national,2018-12-02,34,3185,poisson,loglinear,5,0.75,-30.897,True,147.378,1.2656,1.3856,-0.0042,0.1214
ARGENTINA,ARGENTINA,national,2018-12-02,34,3185,poisson,loglinear,7,1.0,-138.24,True,,1.7309,1.4813,-0.3691,0.1284
ARGENTINA,ARGENTINA,national,2018-12-02,34,3185,poisson,loglinear,7,0.75,-17.665,True,13083.886,1.216,1.3856,0.2203,-0.0737
ARGENTINA,ARGENTINA,national,2019-12-22,30,59295,nb,briere,3,1.0,-11.75,True,,1.778,1.7454,0.1076,-0.0146
ARGENTINA,ARGENTINA,national,2019-12-22,30,59295,nb,briere,3,0.75,3.901,False,-32.509,1.7029,1.629,0.0737,-0.0114
ARGENTINA,ARGENTINA,national,2019-12-22,30,59295,nb,briere,5,1.0,-11.906,True,,1.7338,1.7454,0.1009,0.0299
ARGENTINA,ARGENTINA,national,2019-12-22,30,59295,nb,briere,5,0.75,3.681,False,-30.025,1.6534,1.629,0.0596,0.0346
ARGENTINA,ARGENTINA,national,2019-12-22,30,59295,nb,briere,7,1.0,-11.724,True,,1.761,1.7454,0.1059,-0.0047
ARGENTINA,ARGENTINA,national,2019-12-22,30,59295,nb,briere,7,0.75,3.809,False,-34.11,1.6969,1.629,0.0805,-0.0174
ARGENTINA,ARGENTINA,national,2019-12-22,30,59295,nb,loglinear,3,1.0,-9.566,True,,1.9367,1.7454,-0.2204,0.0432
ARGENTINA,ARGENTINA,national,2019-12-22,30,59295,nb,loglinear,3,0.75,3.621,False,-0.057,1.5576,1.629,0.0824,-0.0193
ARGENTINA,ARGENTINA,national,2019-12-22,30,59295,nb,loglinear,5,1.0,-11.944,True,,1.8827,1.7454,-0.2159,0.1016
ARGENTINA,ARGENTINA,national,2019-12-22,30,59295,nb,loglinear,5,0.75,3.503,False,-3.627,1.5358,1.629,0.067,0.0297
ARGENTINA,ARGENTINA,national,2019-12-22,30,59295,nb,loglinear,7,1.0,-9.269,True,,1.9932,1.7454,-0.2264,0.0065
ARGENTINA,ARGENTINA,national,2019-12-22,30,59295,nb,loglinear,7,0.75,3.6,False,0.702,1.5497,1.629,0.0729,-0.0143
ARGENTINA,ARGENTINA,national,2019-12-22,30,59295,poisson,briere,3,1.0,-1503.805,True,,1.7299,1.6483,0.2281,0.0734
ARGENTINA,ARGENTINA,national,2019-12-22,30,59295,poisson,briere,3,0.75,-94.981,True,-1691.974,1.5948,1.5771,0.0531,0.0494
ARGENTINA,ARGENTINA,national,2019-12-22,30,59295,poisson,briere,5,1.0,-1792.077,True,,1.7254,1.6483,0.2718,0.1028
ARGENTINA,ARGENTINA,national,2019-12-22,30,59295,poisson,briere,5,0.75,-488.687,True,-935.45,1.5378,1.5771,0.0,0.0937
ARGENTINA,ARGENTINA,national,2019-12-22,30,59295,poisson,briere,7,1.0,-1263.628,True,,1.7861,1.6483,0.2523,-0.0037
ARGENTINA,ARGENTINA,national,2019-12-22,30,59295,poisson,briere,7,0.75,-31.871,True,186.774,1.5678,1.5771,0.0,0.0211
ARGENTINA,ARGENTINA,national,2019-12-22,30,59295,poisson,loglinear,3,1.0,-701.619,True,,1.6958,1.6483,-0.0906,0.0711
ARGENTINA,ARGENTINA,national,2019-12-22,30,59295,poisson,loglinear,3,0.75,-170.032,True,-1068.332,1.4753,1.5771,0.0796,0.0624
ARGENTINA,ARGENTINA,national,2019-12-22,30,59295,poisson,loglinear,5,1.0,143.611,False,,0.9657,1.6483,0.4808,0.1081
ARGENTINA,ARGENTINA,national,2019-12-22,30,59295,poisson,loglinear,5,0.75,-530.183,True,-806.443,1.5682,1.5771,-0.048,0.1075
ARGENTINA,ARGENTINA,national,2019-12-22,30,59295,poisson,loglinear,7,1.0,-1035.507,True,,1.8966,1.6483,-0.2588,0.0979
ARGENTINA,ARGENTINA,national,2019-12-22,30,59295,poisson,loglinear,7,0.75,-33.232,True,84.273,1.5595,1.5771,0.0116,0.0174
BARBADOS,BARBADOS,national,2016-05-15,36,880,nb,briere,3,1.0,-8.513,True,,0.9646,1.2305,0.0,-0.1873
BARBADOS,BARBADOS,national,2016-05-15,36,880,nb,briere,3,0.75,-13.779,True,244.528,16.9658,1.1829,12.7719,0.0558
BARBADOS,BARBADOS,national,2016-05-15,36,880,nb,briere,5,1.0,0.752,False,,1.4442,1.2305,1.0737,-0.0342
BARBADOS,BARBADOS,national,2016-05-15,36,880,nb,briere,5,0.75,-16.081,True,230.767,46.8026,1.1829,17.0003,0.3303
BARBADOS,BARBADOS,national,2016-05-15,36,880,nb,briere,7,1.0,-4.574,True,,3.3975,1.2305,4.5144,0.2235
BARBADOS,BARBADOS,national,2016-05-15,36,880,nb,briere,7,0.75,-15.685,True,129.735,13.9795,1.1829,11.5851,0.1908
BARBADOS,BARBADOS,national,2016-05-15,36,880,nb,loglinear,3,1.0,-9.024,True,,0.9749,1.2305,-0.0315,-0.2012
BARBADOS,BARBADOS,national,2016-05-15,36,880,nb,loglinear,3,0.75,-13.645,True,287.772,1.3938,1.1829,0.2279,0.0499
BARBADOS,BARBADOS,national,2016-05-15,36,880,nb,loglinear,5,1.0,0.526,False,,1.1632,1.2305,0.0593,-0.0131
BARBADOS,BARBADOS,national,2016-05-15,36,880,nb,loglinear,5,0.75,-16.101,True,190.502,1.7156,1.1829,0.3119,0.3478
BARBADOS,BARBADOS,national,2016-05-15,36,880,nb,loglinear,7,1.0,-5.612,True,,1.309,1.2305,0.1932,0.2397
BARBADOS,BARBADOS,national,2016-05-15,36,880,nb,loglinear,7,0.75,-15.692,True,158.587,1.4605,1.1829,0.2094,0.1972
BARBADOS,BARBADOS,national,2016-05-15,36,880,poisson,briere,3,1.0,-40.405,True,,1.0065,1.2709,0.0,-0.1875
BARBADOS,BARBADOS,national,2016-05-15,36,880,poisson,briere,3,0.75,-54.921,True,228.213,9.5671,1.2462,10.0626,0.0125
BARBADOS,BARBADOS,national,2016-05-15,36,880,poisson,briere,5,1.0,-9.441,True,,1.4988,1.2709,1.1267,-0.0482
BARBADOS,BARBADOS,national,2016-05-15,36,880,poisson,briere,5,0.75,-61.98,True,239.62,30.9311,1.2462,15.1015,0.2866
BARBADOS,BARBADOS,national,2016-05-15,36,880,poisson,briere,7,1.0,-25.196,True,,3.7306,1.2709,5.0261,0.1952
BARBADOS,BARBADOS,national,2016-05-15,36,880,poisson,briere,7,0.75,-59.704,True,148.289,10.4819,1.2462,10.2568,0.1471
BARBADOS,BARBADOS,national,2016-05-15,36,880,poisson,loglinear,3,1.0,-44.182,True,,0.9817,1.2709,-0.0543,-0.2341
BARBADOS,BARBADOS,national,2016-05-15,36,880,poisson,loglinear,3,0.75,-54.509,True,299.094,1.3336,1.2462,0.1784,0.0063
BARBADOS,BARBADOS,national,2016-05-15,36,880,poisson,loglinear,5,1.0,-10.163,True,,1.1897,1.2709,0.0629,-0.0277
BARBADOS,BARBADOS,national,2016-05-15,36,880,poisson,loglinear,5,0.75,-62.018,True,240.769,1.6394,1.2462,0.2772,0.3018
BARBADOS,BARBADOS,national,2016-05-15,36,880,poisson,loglinear,7,1.0,-28.483,True,,1.2881,1.2709,0.2101,0.2091
BARBADOS,BARBADOS,national,2016-05-15,36,880,poisson,loglinear,7,0.75,-59.685,True,198.522,1.4191,1.2462,0.1854,0.1532
BARBADOS,BARBADOS,national,2020-08-23,30,1550,nb,briere,3,1.0,3.357,False,,2.1407,1.4298,2.442,0.0657
BARBADOS,BARBADOS,national,2020-08-23,30,1550,nb,briere,3,0.75,0.707,False,45.496,3.716,1.4557,5.8224,0.2191
BARBADOS,BARBADOS,national,2020-08-23,30,1550,nb,briere,5,1.0,3.814,False,,1.8365,1.4298,1.3464,0.0235
BARBADOS,BARBADOS,national,2020-08-23,30,1550,nb,briere,5,0.75,0.045,False,190.914,7.0126,1.4557,8.7671,0.3811
BARBADOS,BARBADOS,national,2020-08-23,30,1550,nb,briere,7,1.0,3.749,False,,1.4501,1.4298,0.0,-0.0231
BARBADOS,BARBADOS,national,2020-08-23,30,1550,nb,briere,7,0.75,2.416,False,227.794,2.9915,1.4557,3.4086,0.3105
BARBADOS,BARBADOS,national,2020-08-23,30,1550,nb,loglinear,3,1.0,2.894,False,,1.0812,1.4298,0.2052,0.0856
BARBADOS,BARBADOS,national,2020-08-23,30,1550,nb,loglinear,3,0.75,0.364,False,25.028,1.019,1.4557,0.2826,0.2284
BARBADOS,BARBADOS,national,2020-08-23,30,1550,nb,loglinear,5,1.0,3.577,False,,1.2605,1.4298,0.1215,0.0377
BARBADOS,BARBADOS,national,2020-08-23,30,1550,nb,loglinear,5,0.75,-0.078,True,205.796,1.037,1.4557,0.3897,0.3713
BARBADOS,BARBADOS,national,2020-08-23,30,1550,nb,loglinear,7,1.0,3.743,False,,1.4343,1.4298,0.0131,-0.0193
BARBADOS,BARBADOS,national,2020-08-23,30,1550,nb,loglinear,7,0.75,2.249,False,379.79,1.4056,1.4557,0.1706,0.3208
BARBADOS,BARBADOS,national,2020-08-23,30,1550,poisson,briere,3,1.0,-17.525,True,,1.966,1.4547,2.2953,0.1189
BARBADOS,BARBADOS,national,2020-08-23,30,1550,poisson,briere,3,0.75,-33.196,True,38.924,2.8902,1.4486,4.6262,0.1863
BARBADOS,BARBADOS,national,2020-08-23,30,1550,poisson,briere,5,1.0,-8.127,True,,1.3928,1.4547,0.0,0.0435
BARBADOS,BARBADOS,national,2020-08-23,30,1550,poisson,briere,5,0.75,-28.393,True,138.683,2.7277,1.4486,3.5916,0.1947
BARBADOS,BARBADOS,national,2020-08-23,30,1550,poisson,briere,7,1.0,2.211,False,,1.4432,1.4547,0.0,0.0168
BARBADOS,BARBADOS,national,2020-08-23,30,1550,poisson,briere,7,0.75,-17.029,True,183.874,1.5271,1.4486,0.2138,0.143
BARBADOS,BARBADOS,national,2020-08-23,30,1550,poisson,loglinear,3,1.0,-20.734,True,,1.0363,1.4547,0.1921,0.1385
BARBADOS,BARBADOS,national,2020-08-23,30,1550,poisson,loglinear,3,0.75,-35.242,True,744.77,1.0376,1.4486,0.2255,0.1898
BARBADOS,BARBADOS,national,2020-08-23,30,1550,poisson,loglinear,5,1.0,-8.306,True,,1.366,1.4547,0.0209,0.0512
BARBADOS,BARBADOS,national,2020-08-23,30,1550,poisson,loglinear,5,0.75,-29.403,True,228.461,1.2304,1.4486,0.1782,0.199
BARBADOS,BARBADOS,national,2020-08-23,30,1550,poisson,loglinear,7,1.0,-3.95,True,,1.5337,1.4547,-0.0921,-0.0138
BARBADOS,BARBADOS,national,2020-08-23,30,1550,poisson,loglinear,7,0.75,-17.096,True,201.977,1.4556,1.4486,0.0137,0.146
BARBADOS,BARBADOS,national,2023-08-13,40,1792,nb,briere,3,1.0,1.344,False,,1.5486,1.3558,0.0,-0.1589
BARBADOS,BARBADOS,national,2023-08-13,40,1792,nb,briere,3,0.75,1.648,False,50.05,1.8396,1.2803,2.4675,-0.0086
BARBADOS,BARBADOS,national,2023-08-13,40,1792,nb,briere,5,1.0,2.039,False,,1.6708,1.3558,0.0,-0.2639
BARBADOS,BARBADOS,national,2023-08-13,40,1792,nb,briere,5,0.75,1.539,False,57.867,1.882,1.2803,2.5335,-0.0292
BARBADOS,BARBADOS,national,2023-08-13,40,1792,nb,briere,7,1.0,3.686,False,,1.2976,1.3558,0.0,0.0439
BARBADOS,BARBADOS,national,2023-08-13,40,1792,nb,briere,7,0.75,1.456,False,62.814,1.8639,1.2803,2.4458,-0.0398
BARBADOS,BARBADOS,national,2023-08-13,40,1792,nb,loglinear,3,1.0,1.063,False,,1.5039,1.3558,-0.0209,-0.1221
BARBADOS,BARBADOS,national,2023-08-13,40,1792,nb,loglinear,3,0.75,1.534,False,54.867,1.1676,1.2803,0.125,-0.0035
BARBADOS,BARBADOS,national,2023-08-13,40,1792,nb,loglinear,5,1.0,-0.412,True,,1.567,1.3558,-0.0444,-0.1803
BARBADOS,BARBADOS,national,2023-08-13,40,1792,nb,loglinear,5,0.75,1.457,False,62.694,1.18,1.2803,0.1292,-0.0235
BARBADOS,BARBADOS,national,2023-08-13,40,1792,nb,loglinear,7,1.0,-0.004,True,,1.591,1.3558,-0.0804,-0.194
BARBADOS,BARBADOS,national,2023-08-13,40,1792,nb,loglinear,7,0.75,1.384,False,67.441,1.1875,1.2803,0.1257,-0.0343
BARBADOS,BARBADOS,national,2023-08-13,40,1792,poisson,briere,3,1.0,-8.286,True,,1.4278,1.3112,0.0,-0.0854
BARBADOS,BARBADOS,national,2023-08-13,40,1792,poisson,briere,3,0.75,-30.996,True,1561.481,1.6618,1.2245,1.9978,0.0038
BARBADOS,BARBADOS,national,2023-08-13,40,1792,poisson,briere,5,1.0,-23.68,True,,1.5313,1.3112,0.0,-0.1574
BARBADOS,BARBADOS,national,2023-08-13,40,1792,poisson,briere,5,0.75,-34.32,True,2694.826,1.8002,1.2245,2.3167,-0.0293
BARBADOS,BARBADOS,national,2023-08-13,40,1792,poisson,briere,7,1.0,3.94,False,,1.3041,1.3112,0.0,0.0047
BARBADOS,BARBADOS,national,2023-08-13,40,1792,poisson,briere,7,0.75,-34.379,True,2798.663,1.7557,1.2245,2.1803,-0.03
BARBADOS,BARBADOS,national,2023-08-13,40,1792,poisson,loglinear,3,1.0,-19.465,True,,1.3697,1.3112,-0.0391,-0.0447
BARBADOS,BARBADOS,national,2023-08-13,40,1792,poisson,loglinear,3,0.75,-32.484,True,1874.122,1.152,1.2245,0.1034,0.0065
BARBADOS,BARBADOS,national,2023-08-13,40,1792,poisson,loglinear,5,1.0,-51.088,True,,1.4783,1.3112,-0.0503,-0.1284
BARBADOS,BARBADOS,national,2023-08-13,40,1792,poisson,loglinear,5,0.75,-34.94,True,3192.949,1.1762,1.2245,0.1198,-0.0253
BARBADOS,BARBADOS,national,2023-08-13,40,1792,poisson,loglinear,7,1.0,-43.87,True,,1.4803,1.3112,-0.0847,-0.1304
BARBADOS,BARBADOS,national,2023-08-13,40,1792,poisson,loglinear,7,0.75,-35.038,True,3279.774,1.1765,1.2245,0.1137,-0.0265
BELIZE,BELIZE,national,2014-04-13,51,5017,nb,briere,3,1.0,-11.372,True,,1.1927,1.1249,0.5501,-0.0161
BELIZE,BELIZE,national,2014-04-13,51,5017,nb,briere,3,0.75,-23.937,True,1174.588,1.7568,1.1407,2.2642,0.1342
BELIZE,BELIZE,national,2014-04-13,51,5017,nb,briere,5,1.0,-11.264,True,,1.1796,1.1249,0.5141,-0.019
BELIZE,BELIZE,national,2014-04-13,51,5017,nb,briere,5,0.75,-20.613,True,662.59,1.7062,1.1407,2.0558,0.1193
BELIZE,BELIZE,national,2014-04-13,51,5017,nb,briere,7,1.0,-10.764,True,,1.1806,1.1249,0.5233,-0.0141
BELIZE,BELIZE,national,2014-04-13,51,5017,nb,briere,7,0.75,-17.681,True,215.164,1.4625,1.1407,1.39,0.0479
BELIZE,BELIZE,national,2014-04-13,51,5017,nb,loglinear,3,1.0,-11.967,True,,1.0044,1.1249,0.0689,-0.0138
BELIZE,BELIZE,national,2014-04-13,51,5017,nb,loglinear,3,0.75,-25.083,True,44.712,0.948,1.1407,0.2419,0.1484
BELIZE,BELIZE,national,2014-04-13,51,5017,nb,loglinear,5,1.0,-11.885,True,,1.0046,1.1249,0.0651,-0.0163
BELIZE,BELIZE,national,2014-04-13,51,5017,nb,loglinear,5,0.75,-20.331,True,26.155,0.9826,1.1407,0.197,0.1072
BELIZE,BELIZE,national,2014-04-13,51,5017,nb,loglinear,7,1.0,-11.497,True,,1.0026,1.1249,0.0671,-0.0107
BELIZE,BELIZE,national,2014-04-13,51,5017,nb,loglinear,7,0.75,-17.539,True,12.306,1.0057,1.1407,0.1318,0.0367
BELIZE,BELIZE,national,2014-04-13,51,5017,poisson,briere,3,1.0,-149.636,True,,1.2128,1.1497,0.5841,-0.0277
BELIZE,BELIZE,national,2014-04-13,51,5017,poisson,briere,3,0.75,-201.837,True,1930.99,1.6565,1.18,1.9837,0.093
BELIZE,BELIZE,national,2014-04-13,51,5017,poisson,briere,5,1.0,-157.571,True,,1.1765,1.1497,0.4777,-0.0424
BELIZE,BELIZE,national,2014-04-13,51,5017,poisson,briere,5,0.75,-169.611,True,731.146,1.4498,1.18,1.3594,0.0318
BELIZE,BELIZE,national,2014-04-13,51,5017,poisson,briere,7,1.0,-146.644,True,,1.1479,1.1497,0.4049,-0.0486
BELIZE,BELIZE,national,2014-04-13,51,5017,poisson,briere,7,0.75,-169.885,True,361.632,1.2894,1.18,0.8934,-0.0261
BELIZE,BELIZE,national,2014-04-13,51,5017,poisson,loglinear,3,1.0,-152.188,True,,1.0105,1.1497,0.0728,-0.025
BELIZE,BELIZE,national,2014-04-13,51,5017,poisson,loglinear,3,0.75,-205.771,True,200.74,0.9642,1.18,0.2135,0.1081
BELIZE,BELIZE,national,2014-04-13,51,5017,poisson,loglinear,5,1.0,-160.448,True,,1.0133,1.1497,0.0602,-0.0398
BELIZE,BELIZE,national,2014-04-13,51,5017,poisson,loglinear,5,0.75,-165.466,True,-20.408,1.0083,1.18,0.125,0.019
BELIZE,BELIZE,national,2014-04-13,51,5017,poisson,loglinear,7,1.0,-151.569,True,,1.0114,1.1497,0.0524,-0.045
BELIZE,BELIZE,national,2014-04-13,51,5017,poisson,loglinear,7,0.75,-169.421,True,-154.877,1.0137,1.18,0.0836,-0.0345
BELIZE,BELIZE,national,2016-11-27,51,3198,nb,briere,3,1.0,-8.401,True,,1.2921,1.0107,0.3684,0.0745
BELIZE,BELIZE,national,2016-11-27,51,3198,nb,briere,3,0.75,-6.865,True,16.985,1.0683,0.9926,0.0,0.0722
BELIZE,BELIZE,national,2016-11-27,51,3198,nb,briere,5,1.0,-2.793,True,,1.2567,1.0107,0.4021,0.0489
BELIZE,BELIZE,national,2016-11-27,51,3198,nb,briere,5,0.75,-4.407,True,55.215,1.0099,0.9926,0.0039,0.0636
BELIZE,BELIZE,national,2016-11-27,51,3198,nb,briere,7,1.0,1.203,False,,1.2075,1.0107,0.369,0.0323
BELIZE,BELIZE,national,2016-11-27,51,3198,nb,briere,7,0.75,-5.387,True,187.775,1.1628,0.9926,0.4594,0.1021
BELIZE,BELIZE,national,2016-11-27,51,3198,nb,loglinear,3,1.0,-8.553,True,,1.1748,1.0107,0.0337,0.074
BELIZE,BELIZE,national,2016-11-27,51,3198,nb,loglinear,3,0.75,-6.867,True,15.321,1.0738,0.9926,0.0021,0.0724
BELIZE,BELIZE,national,2016-11-27,51,3198,nb,loglinear,5,1.0,-2.992,True,,1.1337,1.0107,0.0371,0.0486
BELIZE,BELIZE,national,2016-11-27,51,3198,nb,loglinear,5,0.75,-4.438,True,44.102,1.0333,0.9926,0.0102,0.065
BELIZE,BELIZE,national,2016-11-27,51,3198,nb,loglinear,7,1.0,0.932,False,,1.1023,1.0107,0.0358,0.0328
BELIZE,BELIZE,national,2016-11-27,51,3198,nb,loglinear,7,0.75,-5.761,True,160.682,1.03,0.9926,0.0444,0.1037
BELIZE,BELIZE,national,2016-11-27,51,3198,poisson,briere,3,1.0,-145.787,True,,1.3009,1.023,0.289,0.0954
BELIZE,BELIZE,national,2016-11-27,51,3198,poisson,briere,3,0.75,-128.9,True,-22.802,1.2527,1.0323,0.2166,0.0941
BELIZE,BELIZE,national,2016-11-27,51,3198,poisson,briere,5,1.0,-103.177,True,,1.3475,1.023,0.482,0.0751
BELIZE,BELIZE,national,2016-11-27,51,3198,poisson,briere,5,0.75,-106.221,True,90.631,1.2737,1.0323,0.3852,0.0868
BELIZE,BELIZE,national,2016-11-27,51,3198,poisson,briere,7,1.0,-56.547,True,,1.3353,1.023,0.5456,0.0595
BELIZE,BELIZE,national,2016-11-27,51,3198,poisson,briere,7,0.75,-110.982,True,1366.319,1.3982,1.0323,0.7694,0.1256
BELIZE,BELIZE,national,2016-11-27,51,3198,poisson,loglinear,3,1.0,-146.888,True,,1.2085,1.023,0.0272,0.0949
BELIZE,BELIZE,national,2016-11-27,51,3198,poisson,loglinear,3,0.75,-130.334,True,-26.726,1.2142,1.0323,0.033,0.0958
BELIZE,BELIZE,national,2016-11-27,51,3198,poisson,loglinear,5,1.0,-105.349,True,,1.1919,1.023,0.045,0.0747
BELIZE,BELIZE,national,2016-11-27,51,3198,poisson,loglinear,5,0.75,-109.046,True,59.294,1.184,1.0323,0.0503,0.0892
BELIZE,BELIZE,national,2016-11-27,51,3198,poisson,loglinear,7,1.0,-60.262,True,,1.1676,1.023,0.0532,0.0604
BELIZE,BELIZE,national,2016-11-27,51,3198,poisson,loglinear,7,0.75,-116.681,True,1076.306,1.175,1.0323,0.0872,0.129
BELIZE,BELIZE,national,2019-04-28,42,13154,nb,briere,3,1.0,1.759,False,,1.2992,1.2725,0.0976,0.0251
BELIZE,BELIZE,national,2019-04-28,42,13154,nb,briere,3,0.75,-1.004,True,299.094,1.6743,1.2613,1.4816,0.1166
BELIZE,BELIZE,national,2019-04-28,42,13154,nb,briere,5,1.0,3.452,False,,1.2961,1.2725,0.1584,0.0032
BELIZE,BELIZE,national,2019-04-28,42,13154,nb,briere,5,0.75,1.823,False,1.327,1.343,1.2613,0.2641,0.0539
BELIZE,BELIZE,national,2019-04-28,42,13154,nb,briere,7,1.0,2.859,False,,1.2738,1.2725,0.1041,-0.0203
BELIZE,BELIZE,national,2019-04-28,42,13154,nb,briere,7,0.75,1.289,False,32.557,1.2909,1.2613,0.0,0.0668
BELIZE,BELIZE,national,2019-04-28,42,13154,nb,loglinear,3,1.0,1.71,False,,1.2685,1.2725,0.0111,0.0255
BELIZE,BELIZE,national,2019-04-28,42,13154,nb,loglinear,3,0.75,-1.225,True,190.042,1.2746,1.2613,0.0831,0.1186
BELIZE,BELIZE,national,2019-04-28,42,13154,nb,loglinear,5,1.0,3.487,False,,1.2502,1.2725,0.0157,0.0037
BELIZE,BELIZE,national,2019-04-28,42,13154,nb,loglinear,5,0.75,1.821,False,2.342,1.2793,1.2613,0.0141,0.0532
BELIZE,BELIZE,national,2019-04-28,42,13154,nb,loglinear,7,1.0,2.873,False,,1.2437,1.2725,0.0102,-0.0206
BELIZE,BELIZE,national,2019-04-28,42,13154,nb,loglinear,7,0.75,0.775,False,52.306,1.3111,1.2613,-0.0178,0.0707
BELIZE,BELIZE,national,2019-04-28,42,13154,poisson,briere,3,1.0,-60.361,True,,1.3073,1.2788,0.0,0.04
BELIZE,BELIZE,national,2019-04-28,42,13154,poisson,briere,3,0.75,-78.913,True,402.104,1.5242,1.2705,0.8443,0.096
BELIZE,BELIZE,national,2019-04-28,42,13154,poisson,briere,5,1.0,-4.884,True,,1.2905,1.2788,0.0,0.0174
BELIZE,BELIZE,national,2019-04-28,42,13154,poisson,briere,5,0.75,-34.016,True,72.033,1.2968,1.2705,0.0,0.0436
BELIZE,BELIZE,national,2019-04-28,42,13154,poisson,briere,7,1.0,-3.53,True,,1.2685,1.2788,0.0,-0.0177
BELIZE,BELIZE,national,2019-04-28,42,13154,poisson,briere,7,0.75,-2.571,True,109.504,1.2785,1.2705,0.0,0.0277
BELIZE,BELIZE,national,2019-04-28,42,13154,poisson,loglinear,3,1.0,-61.286,True,,1.3184,1.2788,-0.0073,0.039
BELIZE,BELIZE,national,2019-04-28,42,13154,poisson,loglinear,3,0.75,-79.316,True,297.385,1.3037,1.2705,0.0482,0.0977
BELIZE,BELIZE,national,2019-04-28,42,13154,poisson,loglinear,5,1.0,-5.41,True,,1.2987,1.2788,-0.006,0.0151
BELIZE,BELIZE,national,2019-04-28,42,13154,poisson,loglinear,5,0.75,-46.836,True,169.559,1.3243,1.2705,-0.0349,0.014
BELIZE,BELIZE,national,2019-04-28,42,13154,poisson,loglinear,7,1.0,-20.637,True,,1.3158,1.2788,-0.0342,-0.0337
BELIZE,BELIZE,national,2019-04-28,42,13154,poisson,loglinear,7,0.75,-48.107,True,327.071,1.3319,1.2705,-0.0431,0.0181
BELIZE,BELIZE,national,2020-06-07,52,2341,nb,briere,3,1.0,2.995,False,,1.0211,1.0293,0.0,0.0168
BELIZE,BELIZE,national,2020-06-07,52,2341,nb,briere,3,0.75,3.686,False,4.045,1.0293,1.0256,0.0,-0.0118
BELIZE,BELIZE,national,2020-06-07,52,2341,nb,briere,5,1.0,2.252,False,,1.0209,1.0293,0.0,0.023
BELIZE,BELIZE,national,2020-06-07,52,2341,nb,briere,5,0.75,3.974,False,0.89,1.0267,1.0256,0.0,-0.0034
BELIZE,BELIZE,national,2020-06-07,52,2341,nb,briere,7,1.0,0.101,False,,1.0228,1.0293,0.0,0.0362
BELIZE,BELIZE,national,2020-06-07,52,2341,nb,briere,7,0.75,3.613,False,-2.154,1.022,1.0256,0.0,0.0131
BELIZE,BELIZE,national,2020-06-07,52,2341,nb,loglinear,3,1.0,-15.487,True,,1.1419,1.0293,-0.1008,-0.1025
BELIZE,BELIZE,national,2020-06-07,52,2341,nb,loglinear,3,0.75,-8.438,True,130.358,1.0506,1.0256,-0.0678,-0.0979
BELIZE,BELIZE,national,2020-06-07,52,2341,nb,loglinear,5,1.0,-12.771,True,,1.1261,1.0293,-0.0997,-0.0993
BELIZE,BELIZE,national,2020-06-07,52,2341,nb,loglinear,5,0.75,-6.241,True,94.212,1.0476,1.0256,-0.0674,-0.0932
BELIZE,BELIZE,national,2020-06-07,52,2341,nb,loglinear,7,1.0,-5.857,True,,1.0722,1.0293,-0.0553,-0.0285
BELIZE,BELIZE,national,2020-06-07,52,2341,nb,loglinear,7,0.75,-0.628,True,24.898,1.0328,1.0256,-0.0407,-0.0387
BELIZE,BELIZE,national,2020-06-07,52,2341,poisson,briere,3,1.0,-1.856,True,,1.0329,1.0447,0.0,0.0174
BELIZE,BELIZE,national,2020-06-07,52,2341,poisson,briere,3,0.75,1.44,False,60.974,1.0361,1.0308,0.0,-0.0148
BELIZE,BELIZE,national,2020-06-07,52,2341,poisson,briere,5,1.0,-7.43,True,,1.0318,1.0447,0.0,0.0245
BELIZE,BELIZE,national,2020-06-07,52,2341,poisson,briere,5,0.75,3.839,False,10.171,1.032,1.0308,0.0,-0.0036
BELIZE,BELIZE,national,2020-06-07,52,2341,poisson,briere,7,1.0,-18.367,True,,1.0324,1.0447,0.0,0.0353
BELIZE,BELIZE,national,2020-06-07,52,2341,poisson,briere,7,0.75,2.576,False,-18.263,1.0274,1.0308,0.0,0.0106
BELIZE,BELIZE,national,2020-06-07,52,2341,poisson,loglinear,3,1.0,-88.153,True,,1.1335,1.0447,-0.0924,-0.0937
BELIZE,BELIZE,national,2020-06-07,52,2341,poisson,loglinear,3,0.75,-57.162,True,2105.157,1.0532,1.0308,-0.0705,-0.1043
BELIZE,BELIZE,national,2020-06-07,52,2341,poisson,loglinear,5,1.0,-73.952,True,,1.1147,1.0447,-0.09,-0.0835
BELIZE,BELIZE,national,2020-06-07,52,2341,poisson,loglinear,5,0.75,-41.673,True,1194.527,1.0486,1.0308,-0.0682,-0.0888
BELIZE,BELIZE,national,2020-06-07,52,2341,poisson,loglinear,7,1.0,-47.022,True,,1.0712,1.0447,-0.0535,-0.0251
BELIZE,BELIZE,national,2020-06-07,52,2341,poisson,loglinear,7,0.75,-15.928,True,239.805,1.0351,1.0308,-0.0408,-0.0354
BOLIVIA,COCHABAMBA,admin1,2014-11-02,43,556,nb,briere,3,1.0,1.217,False,,1.3954,1.263,0.0,-0.0805
BOLIVIA,COCHABAMBA,admin1,2014-11-02,43,556,nb,briere,3,0.75,1.407,False,-2.781,1.4137,1.2978,0.0,-0.0856
BOLIVIA,COCHABAMBA,admin1,2014-11-02,43,556,nb,briere,5,1.0,0.221,False,,1.3763,1.263,0.0,-0.0744
BOLIVIA,COCHABAMBA,admin1,2014-11-02,43,556,nb,briere,5,0.75,0.479,False,-1.755,1.3801,1.2978,0.0,-0.0921
BOLIVIA,COCHABAMBA,admin1,2014-11-02,43,556,nb,briere,7,1.0,0.643,False,,1.3399,1.263,0.0,-0.0619
BOLIVIA,COCHABAMBA,admin1,2014-11-02,43,556,nb,briere,7,0.75,1.398,False,-0.901,1.3301,1.2978,0.0,-0.082
BOLIVIA,COCHABAMBA,admin1,2014-11-02,43,556,nb,loglinear,3,1.0,0.984,False,,1.3244,1.263,0.0698,-0.0863
BOLIVIA,COCHABAMBA,admin1,2014-11-02,43,556,nb,loglinear,3,0.75,0.574,False,1.116,1.5076,1.2978,-0.131,-0.0903
BOLIVIA,COCHABAMBA,admin1,2014-11-02,43,556,nb,loglinear,5,1.0,-0.94,True,,1.1776,1.263,0.1962,-0.1052
BOLIVIA,COCHABAMBA,admin1,2014-11-02,43,556,nb,loglinear,5,0.75,0.294,False,0.89,1.4245,1.2978,-0.0677,-0.0859
BOLIVIA,COCHABAMBA,admin1,2014-11-02,43,556,nb,loglinear,7,1.0,-0.886,True,,1.0778,1.263,0.2496,-0.1119
BOLIVIA,COCHABAMBA,admin1,2014-11-02,43,556,nb,loglinear,7,0.75,1.28,False,1.158,1.369,1.2978,-0.0574,-0.0733
BOLIVIA,COCHABAMBA,admin1,2014-11-02,43,556,poisson,briere,3,1.0,-23.443,True,,1.4614,1.2598,0.0,-0.1087
BOLIVIA,COCHABAMBA,admin1,2014-11-02,43,556,poisson,briere,3,0.75,-22.88,True,-4.608,1.478,1.2841,0.0,-0.1111
BOLIVIA,COCHABAMBA,admin1,2014-11-02,43,556,poisson,briere,5,1.0,-29.675,True,,1.417,1.2598,0.0,-0.0947
BOLIVIA,COCHABAMBA,admin1,2014-11-02,43,556,poisson,briere,5,0.75,-30.984,True,8.033,1.5035,1.2841,0.0152,-0.1366
BOLIVIA,COCHABAMBA,admin1,2014-11-02,43,556,poisson,briere,7,1.0,-17.074,True,,1.3355,1.2598,0.0,-0.0648
BOLIVIA,COCHABAMBA,admin1,2014-11-02,43,556,poisson,briere,7,0.75,-16.926,True,4.501,1.3262,1.2841,0.0,-0.0844
BOLIVIA,COCHABAMBA,admin1,2014-11-02,43,556,poisson,loglinear,3,1.0,-23.625,True,,1.486,1.2598,-0.0271,-0.1055
BOLIVIA,COCHABAMBA,admin1,2014-11-02,43,556,poisson,loglinear,3,0.75,-27.841,True,5.873,1.529,1.2841,-0.1282,-0.097
BOLIVIA,COCHABAMBA,admin1,2014-11-02,43,556,poisson,loglinear,5,1.0,-33.42,True,,1.2865,1.2598,0.1539,-0.1259
BOLIVIA,COCHABAMBA,admin1,2014-11-02,43,556,poisson,loglinear,5,0.75,-30.518,True,2.728,1.4249,1.2841,-0.0221,-0.1039
BOLIVIA,COCHABAMBA,admin1,2014-11-02,43,556,poisson,loglinear,7,1.0,-19.104,True,,1.2236,1.2598,0.1186,-0.0902
BOLIVIA,COCHABAMBA,admin1,2014-11-02,43,556,poisson,loglinear,7,0.75,-18.102,True,16.947,1.372,1.2841,-0.0804,-0.0666
BOLIVIA,LA PAZ,admin1,2014-11-02,39,866,nb,briere,3,1.0,0.498,False,,2.3811,1.0854,0.0636,0.0774
BOLIVIA,LA PAZ,admin1,2014-11-02,39,866,nb,briere,3,0.75,2.431,False,-12.363,1.8336,1.0261,0.0455,0.0789
BOLIVIA,LA PAZ,admin1,2014-11-02,39,866,nb,briere,5,1.0,1.707,False,,2.0386,1.0854,0.0483,0.0558
BOLIVIA,LA PAZ,admin1,2014-11-02,39,866,nb,briere,5,0.75,2.569,False,-7.13,2.1586,1.0261,0.0554,0.0619
BOLIVIA,LA PAZ,admin1,2014-11-02,39,866,nb,briere,7,1.0,2.194,False,,1.8203,1.0854,0.0379,0.0491
BOLIVIA,LA PAZ,admin1,2014-11-02,39,866,nb,briere,7,0.75,2.436,False,-9.456,2.1597,1.0261,0.0521,0.0687
BOLIVIA,LA PAZ,admin1,2014-11-02,39,866,nb,loglinear,3,1.0,0.36,False,,1.0635,1.0854,-0.0638,0.0969
BOLIVIA,LA PAZ,admin1,2014-11-02,39,866,nb,loglinear,3,0.75,1.917,False,-14.733,1.0972,1.0261,-0.1314,0.0992
BOLIVIA,LA PAZ,admin1,2014-11-02,39,866,nb,loglinear,5,1.0,1.652,False,,1.1264,1.0854,-0.0613,0.0731
BOLIVIA,LA PAZ,admin1,2014-11-02,39,866,nb,loglinear,5,0.75,-4.499,True,70.228,1.7666,1.0261,-0.7094,0.2093
BOLIVIA,LA PAZ,admin1,2014-11-02,39,866,nb,loglinear,7,1.0,2.182,False,,1.1533,1.0854,-0.0528,0.064
BOLIVIA,LA PAZ,admin1,2014-11-02,39,866,nb,loglinear,7,0.75,-4.972,True,39.88,1.621,1.0261,-0.5493,0.1543
BOLIVIA,LA PAZ,admin1,2014-11-02,39,866,poisson,briere,3,1.0,-25.956,True,,2.0948,1.0993,0.0547,0.0884
BOLIVIA,LA PAZ,admin1,2014-11-02,39,866,poisson,briere,3,0.75,-6.175,True,-137.1,1.777,1.029,0.0431,0.0748
BOLIVIA,LA PAZ,admin1,2014-11-02,39,866,poisson,briere,5,1.0,-17.939,True,,4.3016,1.0993,0.102,0.0671
BOLIVIA,LA PAZ,admin1,2014-11-02,39,866,poisson,briere,5,0.75,-6.062,True,-105.348,1.5018,1.029,0.0288,0.064
BOLIVIA,LA PAZ,admin1,2014-11-02,39,866,poisson,briere,7,1.0,-16.449,True,,3.3451,1.0993,0.0811,0.0633
BOLIVIA,LA PAZ,admin1,2014-11-02,39,866,poisson,briere,7,0.75,-9.349,True,-115.978,1.812,1.029,0.0392,0.0716
BOLIVIA,LA PAZ,admin1,2014-11-02,39,866,poisson,loglinear,3,1.0,-26.281,True,,1.0212,1.0993,-0.0321,0.0976
BOLIVIA,LA PAZ,admin1,2014-11-02,39,866,poisson,loglinear,3,0.75,-7.089,True,-159.501,1.0193,1.029,-0.0462,0.0805
BOLIVIA,LA PAZ,admin1,2014-11-02,39,866,poisson,loglinear,5,1.0,-20.495,True,,1.2489,1.0993,-0.1607,0.1082
BOLIVIA,LA PAZ,admin1,2014-11-02,39,866,poisson,loglinear,5,0.75,-74.344,True,237.443,1.6893,1.029,-0.6901,0.1947
BOLIVIA,LA PAZ,admin1,2014-11-02,39,866,poisson,loglinear,7,1.0,-27.224,True,,1.4648,1.0993,-0.2913,0.1167
BOLIVIA,LA PAZ,admin1,2014-11-02,39,866,poisson,loglinear,7,0.75,-74.782,True,119.446,1.5958,1.029,-0.5461,0.1401
BOLIVIA,CHUQUISACA,admin1,2014-11-09,42,994,nb,briere,3,1.0,-4.661,True,,1.3703,1.2209,0.0662,-0.0727
BOLIVIA,CHUQUISACA,admin1,2014-11-09,42,994,nb,briere,3,0.75,2.731,False,-15.028,1.273,1.1471,0.0439,-0.0638
BOLIVIA,CHUQUISACA,admin1,2014-11-09,42,994,nb,briere,5,1.0,-4.435,True,,1.3385,1.2209,0.0609,-0.0594
BOLIVIA,CHUQUISACA,admin1,2014-11-09,42,994,nb,briere,5,0.75,2.194,False,-8.455,1.2538,1.1471,0.0383,-0.0686
BOLIVIA,CHUQUISACA,admin1,2014-11-09,42,994,nb,briere,7,1.0,-2.987,True,,1.2701,1.2209,0.0513,-0.0149
BOLIVIA,CHUQUISACA,admin1,2014-11-09,42,994,nb,briere,7,0.75,3.612,False,-8.521,1.1962,1.1471,0.0296,-0.0289
BOLIVIA,CHUQUISACA,admin1,2014-11-09,42,994,nb,loglinear,3,1.0,-1.283,True,,1.004,1.2209,0.2011,-0.0532
BOLIVIA,CHUQUISACA,admin1,2014-11-09,42,994,nb,loglinear,3,0.75,-1.197,True,50.917,1.5552,1.1471,-0.3593,-0.0325
BOLIVIA,CHUQUISACA,admin1,2014-11-09,42,994,nb,loglinear,5,1.0,-1.011,True,,1.003,1.2209,0.1857,-0.0383
BOLIVIA,CHUQUISACA,admin1,2014-11-09,42,994,nb,loglinear,5,0.75,-0.985,True,53.554,1.5458,1.1471,-0.3739,-0.0184
BOLIVIA,CHUQUISACA,admin1,2014-11-09,42,994,nb,loglinear,7,1.0,-0.307,True,,0.9938,1.2209,0.1598,0.0018
BOLIVIA,CHUQUISACA,admin1,2014-11-09,42,994,nb,loglinear,7,0.75,-0.831,True,48.146,1.5312,1.1471,-0.3782,0.0018
BOLIVIA,CHUQUISACA,admin1,2014-11-09,42,994,poisson,briere,3,1.0,-64.845,True,,1.4527,1.231,0.0753,-0.1118
BOLIVIA,CHUQUISACA,admin1,2014-11-09,42,994,poisson,briere,3,0.75,-24.732,True,-69.634,1.352,1.1699,0.0,-0.1147
BOLIVIA,CHUQUISACA,admin1,2014-11-09,42,994,poisson,briere,5,1.0,-66.691,True,,1.4423,1.231,0.0722,-0.1052
BOLIVIA,CHUQUISACA,admin1,2014-11-09,42,994,poisson,briere,5,0.75,-28.613,True,-98.458,1.3857,1.1699,0.0587,-0.1112
BOLIVIA,CHUQUISACA,admin1,2014-11-09,42,994,poisson,briere,7,1.0,-35.766,True,,1.2906,1.231,0.0513,-0.0256
BOLIVIA,CHUQUISACA,admin1,2014-11-09,42,994,poisson,briere,7,0.75,0.114,False,-73.292,1.2346,1.1699,0.036,-0.0333
BOLIVIA,CHUQUISACA,admin1,2014-11-09,42,994,poisson,loglinear,3,1.0,-51.837,True,,1.0335,1.231,0.2681,-0.1288
BOLIVIA,CHUQUISACA,admin1,2014-11-09,42,994,poisson,loglinear,3,0.75,-62.8,True,-37.37,1.581,1.1699,-0.3029,-0.0778
BOLIVIA,CHUQUISACA,admin1,2014-11-09,42,994,poisson,loglinear,5,1.0,-45.117,True,,1.0357,1.231,0.2371,-0.0989
BOLIVIA,CHUQUISACA,admin1,2014-11-09,42,994,poisson,loglinear,5,0.75,-24.335,True,1767.98,1.1358,1.1699,0.1282,-0.1065
BOLIVIA,CHUQUISACA,admin1,2014-11-09,42,994,poisson,loglinear,7,1.0,-16.722,True,,1.0118,1.231,0.1615,-0.0107
BOLIVIA,CHUQUISACA,admin1,2014-11-09,42,994,poisson,loglinear,7,0.75,-48.656,True,-8.347,1.5262,1.1699,-0.3682,0.0064
BOLIVIA,BENI,admin1,2014-11-23,39,4318,nb,briere,3,1.0,-15.71,True,,3.4992,1.2265,1.8772,-0.3441
BOLIVIA,BENI,admin1,2014-11-23,39,4318,nb,briere,3,0.75,1.728,False,-38.137,2.1359,1.1395,1.6318,-0.0538
BOLIVIA,BENI,admin1,2014-11-23,39,4318,nb,briere,5,1.0,-14.469,True,,1.5291,1.2265,1.0244,0.0754
BOLIVIA,BENI,admin1,2014-11-23,39,4318,nb,briere,5,0.75,0.947,False,-44.351,1.0169,1.1395,0.0,0.0929
BOLIVIA,BENI,admin1,2014-11-23,39,4318,nb,briere,7,1.0,-20.658,True,,1.4961,1.2265,1.0113,0.1014
BOLIVIA,BENI,admin1,2014-11-23,39,4318,nb,briere,7,0.75,-4.866,True,-81.027,0.9435,1.1395,0.0,0.1938
BOLIVIA,BENI,admin1,2014-11-23,39,4318,nb,loglinear,3,1.0,-15.599,True,,1.6327,1.2265,0.2751,-0.3575
BOLIVIA,BENI,admin1,2014-11-23,39,4318,nb,loglinear,3,0.75,2.185,False,122.054,1.8021,1.1395,0.1582,-0.4295
BOLIVIA,BENI,admin1,2014-11-23,39,4318,nb,loglinear,5,1.0,-13.777,True,,0.9886,1.2265,0.1377,0.0918
BOLIVIA,BENI,admin1,2014-11-23,39,4318,nb,loglinear,5,0.75,0.947,False,-44.58,1.0166,1.1395,-0.0005,0.0934
BOLIVIA,BENI,admin1,2014-11-23,39,4318,nb,loglinear,7,1.0,-20.835,True,,0.9731,1.2265,0.1473,0.1145
BOLIVIA,BENI,admin1,2014-11-23,39,4318,nb,loglinear,7,0.75,-4.941,True,-75.887,0.9515,1.1395,-0.0244,0.2082
BOLIVIA,BENI,admin1,2014-11-23,39,4318,poisson,briere,3,1.0,-210.844,True,,3.474,1.2647,1.8647,-0.331
BOLIVIA,BENI,admin1,2014-11-23,39,4318,poisson,briere,3,0.75,-11.1,True,-3.254,1.2086,1.1936,0.3302,0.059
BOLIVIA,BENI,admin1,2014-11-23,39,4318,poisson,briere,5,1.0,-173.106,True,,1.4522,1.2647,0.8958,0.0938
BOLIVIA,BENI,admin1,2014-11-23,39,4318,poisson,briere,5,0.75,-42.616,True,-285.587,1.01,1.1936,0.0,0.1147
BOLIVIA,BENI,admin1,2014-11-23,39,4318,poisson,briere,7,1.0,-239.287,True,,1.3965,1.2647,0.8631,0.1205
BOLIVIA,BENI,admin1,2014-11-23,39,4318,poisson,briere,7,0.75,-81.341,True,-689.437,0.963,1.1936,0.0,0.1791
BOLIVIA,BENI,admin1,2014-11-23,39,4318,poisson,loglinear,3,1.0,-211.883,True,,1.629,1.2647,0.2718,-0.3442
BOLIVIA,BENI,admin1,2014-11-23,39,4318,poisson,loglinear,3,0.75,-11.657,True,542.783,1.0627,1.1936,0.03,0.0541
BOLIVIA,BENI,admin1,2014-11-23,39,4318,poisson,loglinear,5,1.0,-163.893,True,,0.9911,1.2647,0.1158,0.1102
BOLIVIA,BENI,admin1,2014-11-23,39,4318,poisson,loglinear,5,0.75,-43.529,True,-398.751,0.9963,1.1936,-0.0167,0.1338
BOLIVIA,BENI,admin1,2014-11-23,39,4318,poisson,loglinear,7,1.0,-238.73,True,,0.9671,1.2647,0.1227,0.1322
BOLIVIA,BENI,admin1,2014-11-23,39,4318,poisson,loglinear,7,0.75,-83.292,True,-708.706,0.9717,1.1936,-0.0273,0.1972
BOLIVIA,BOLIVIA,national,2015-01-11,31,22341,nb,briere,3,1.0,-13.744,True,,1.6241,1.4642,0.799,-0.037
BOLIVIA,BOLIVIA,national,2015-01-11,31,22341,nb,briere,3,0.75,-7.871,True,-0.435,1.4672,1.4088,0.3586,-0.1449
BOLIVIA,BOLIVIA,national,2015-01-11,31,22341,nb,briere,5,1.0,-13.675,True,,1.6644,1.4642,0.7709,-0.0372
BOLIVIA,BOLIVIA,national,2015-01-11,31,22341,nb,briere,5,0.75,-6.973,True,-4.806,1.619,1.4088,0.4271,-0.1111
BOLIVIA,BOLIVIA,national,2015-01-11,31,22341,nb,briere,7,1.0,-12.913,True,,1.673,1.4642,0.9215,0.0028
BOLIVIA,BOLIVIA,national,2015-01-11,31,22341,nb,briere,7,0.75,-4.182,True,-19.918,1.8127,1.4088,1.1172,-0.0338
BOLIVIA,BOLIVIA,national,2015-01-11,31,22341,nb,loglinear,3,1.0,-14.95,True,,0.9248,1.4642,0.3306,-0.0494
BOLIVIA,BOLIVIA,national,2015-01-11,31,22341,nb,loglinear,3,0.75,-8.361,True,5.016,1.205,1.4088,0.1213,-0.1492
BOLIVIA,BOLIVIA,national,2015-01-11,31,22341,nb,loglinear,5,1.0,-14.775,True,,0.9463,1.4642,0.3398,-0.0447
BOLIVIA,BOLIVIA,national,2015-01-11,31,22341,nb,loglinear,5,0.75,-7.33,True,11.419,1.318,1.4088,0.1174,-0.1162
BOLIVIA,BOLIVIA,national,2015-01-11,31,22341,nb,loglinear,7,1.0,-13.56,True,,0.9354,1.4642,0.3587,-0.029
BOLIVIA,BOLIVIA,national,2015-01-11,31,22341,nb,loglinear,7,0.75,-4.139,True,143.407,1.0673,1.4088,0.2898,-0.0369
BOLIVIA,BOLIVIA,national,2015-01-11,31,22341,poisson,briere,3,1.0,-288.234,True,,1.5592,1.5248,0.4108,-0.0745
BOLIVIA,BOLIVIA,national,2015-01-11,31,22341,poisson,briere,3,0.75,-230.741,True,-105.545,1.4861,1.5023,0.2486,-0.099
BOLIVIA,BOLIVIA,national,2015-01-11,31,22341,poisson,briere,5,1.0,-269.797,True,,1.6384,1.5248,0.4257,-0.0556
BOLIVIA,BOLIVIA,national,2015-01-11,31,22341,poisson,briere,5,0.75,-195.996,True,-119.569,1.6004,1.5023,0.3087,-0.0721
BOLIVIA,BOLIVIA,national,2015-01-11,31,22341,poisson,briere,7,1.0,-238.407,True,,1.7232,1.5248,0.5045,-0.0525
BOLIVIA,BOLIVIA,national,2015-01-11,31,22341,poisson,briere,7,0.75,-174.418,True,-69.01,1.7298,1.5023,0.4245,-0.0824
BOLIVIA,BOLIVIA,national,2015-01-11,31,22341,poisson,loglinear,3,1.0,-297.849,True,,1.1754,1.5248,0.1585,-0.0959
BOLIVIA,BOLIVIA,national,2015-01-11,31,22341,poisson,loglinear,3,0.75,-243.074,True,-78.356,1.2925,1.5023,0.0829,-0.1077
BOLIVIA,BOLIVIA,national,2015-01-11,31,22341,poisson,loglinear,5,1.0,-275.079,True,,1.2659,1.5248,0.1461,-0.0737
BOLIVIA,BOLIVIA,national,2015-01-11,31,22341,poisson,loglinear,5,0.75,-202.741,True,-65.977,1.3799,1.5023,0.0833,-0.0794
BOLIVIA,BOLIVIA,national,2015-01-11,31,22341,poisson,loglinear,7,1.0,-239.077,True,,1.3004,1.5248,0.1646,-0.0768
BOLIVIA,BOLIVIA,national,2015-01-11,31,22341,poisson,loglinear,7,0.75,-177.161,True,64.036,1.4326,1.5023,0.1037,-0.0919
BOLIVIA,SANTA CRUZ,admin1,2015-01-11,30,35746,nb,briere,3,1.0,-12.406,True,,1.7474,1.5595,0.6448,-0.0396
BOLIVIA,SANTA CRUZ,admin1,2015-01-11,30,35746,nb,briere,3,0.75,-4.388,True,-19.294,1.6584,1.5123,0.4385,-0.0856
BOLIVIA,SANTA CRUZ,admin1,2015-01-11,30,35746,nb,briere,5,1.0,-12.155,True,,1.78,1.5595,0.6133,-0.0359
BOLIVIA,SANTA CRUZ,admin1,2015-01-11,30,35746,nb,briere,5,0.75,-3.224,True,-22.796,1.7449,1.5123,0.453,-0.0648
BOLIVIA,SANTA CRUZ,admin1,2015-01-11,30,35746,nb,briere,7,1.0,-11.074,True,,1.8539,1.5595,0.8566,-0.004
BOLIVIA,SANTA CRUZ,admin1,2015-01-11,30,35746,nb,briere,7,0.75,-1.288,True,-17.33,1.8963,1.5123,0.6791,-0.0667
BOLIVIA,SANTA CRUZ,admin1,2015-01-11,30,35746,nb,loglinear,3,1.0,-11.783,True,,1.1574,1.5595,0.2406,-0.0623
BOLIVIA,SANTA CRUZ,admin1,2015-01-11,30,35746,nb,loglinear,3,0.75,-4.466,True,-20.341,1.3817,1.5123,0.0801,-0.0884
BOLIVIA,SANTA CRUZ,admin1,2015-01-11,30,35746,nb,loglinear,5,1.0,-11.51,True,,1.2589,1.5595,0.2004,-0.058
BOLIVIA,SANTA CRUZ,admin1,2015-01-11,30,35746,nb,loglinear,5,0.75,-3.134,True,-21.341,1.4542,1.5123,0.0766,-0.0661
BOLIVIA,SANTA CRUZ,admin1,2015-01-11,30,35746,nb,loglinear,7,1.0,-9.623,True,,1.1896,1.5595,0.271,-0.0532
BOLIVIA,SANTA CRUZ,admin1,2015-01-11,30,35746,nb,loglinear,7,0.75,-1.032,True,-17.07,1.4637,1.5123,0.1047,-0.073
BOLIVIA,SANTA CRUZ,admin1,2015-01-11,30,35746,poisson,briere,3,1.0,-142.2,True,,1.6835,1.5919,0.4006,-0.0442
BOLIVIA,SANTA CRUZ,admin1,2015-01-11,30,35746,poisson,briere,3,0.75,-95.421,True,-88.272,1.6553,1.5774,0.3374,-0.0503
BOLIVIA,SANTA CRUZ,admin1,2015-01-11,30,35746,poisson,briere,5,1.0,-129.772,True,,1.7287,1.5919,0.3945,-0.0324
BOLIVIA,SANTA CRUZ,admin1,2015-01-11,30,35746,poisson,briere,5,0.75,-75.62,True,-94.312,1.7177,1.5774,0.359,-0.0363
BOLIVIA,SANTA CRUZ,admin1,2015-01-11,30,35746,poisson,briere,7,1.0,-141.53,True,,1.7688,1.5919,0.4055,-0.0395
BOLIVIA,SANTA CRUZ,admin1,2015-01-11,30,35746,poisson,briere,7,0.75,-101.785,True,-24.979,1.8144,1.5774,0.4528,-0.0594
BOLIVIA,SANTA CRUZ,admin1,2015-01-11,30,35746,poisson,loglinear,3,1.0,-124.167,True,,1.3452,1.5919,0.1125,-0.0629
BOLIVIA,SANTA CRUZ,admin1,2015-01-11,30,35746,poisson,loglinear,3,0.75,-94.654,True,-65.111,1.429,1.5774,0.0662,-0.0571
BOLIVIA,SANTA CRUZ,admin1,2015-01-11,30,35746,poisson,loglinear,5,1.0,-110.619,True,,1.4109,1.5919,0.1038,-0.0454
BOLIVIA,SANTA CRUZ,admin1,2015-01-11,30,35746,poisson,loglinear,5,0.75,-67.199,True,-64.169,1.4852,1.5774,0.0632,-0.0396
BOLIVIA,SANTA CRUZ,admin1,2015-01-11,30,35746,poisson,loglinear,7,1.0,-131.012,True,,1.4203,1.5919,0.1243,-0.0565
BOLIVIA,SANTA CRUZ,admin1,2015-01-11,30,35746,poisson,loglinear,7,0.75,-87.031,True,58.482,1.5126,1.5774,0.0788,-0.0612
BOLIVIA,TARIJA,admin1,2015-01-25,30,2764,nb,briere,3,1.0,-9.782,True,,1.5942,1.4535,0.0,-0.1642
BOLIVIA,TARIJA,admin1,2015-01-25,30,2764,nb,briere,3,0.75,-4.421,True,-30.343,1.767,1.3574,0.0061,-0.2141
BOLIVIA,TARIJA,admin1,2015-01-25,30,2764,nb,briere,5,1.0,-5.27,True,,1.6512,1.4535,0.0,-0.148
BOLIVIA,TARIJA,admin1,2015-01-25,30,2764,nb,briere,5,0.75,0.297,False,-31.814,1.6726,1.3574,0.0,-0.1652
BOLIVIA,TARIJA,admin1,2015-01-25,30,2764,nb,briere,7,1.0,0.034,False,,0.8682,1.4535,0.0,0.2981
BOLIVIA,TARIJA,admin1,2015-01-25,30,2764,nb,briere,7,0.75,0.833,False,7.086,0.9599,1.3574,0.0,0.2035
BOLIVIA,TARIJA,admin1,2015-01-25,30,2764,nb,loglinear,3,1.0,-11.776,True,,1.5512,1.4535,0.165,-0.2883
BOLIVIA,TARIJA,admin1,2015-01-25,30,2764,nb,loglinear,3,0.75,-4.792,True,-30.429,1.6044,1.3574,0.1417,-0.2733
BOLIVIA,TARIJA,admin1,2015-01-25,30,2764,nb,loglinear,5,1.0,-5.382,True,,1.66,1.4535,0.0413,-0.1826
BOLIVIA,TARIJA,admin1,2015-01-25,30,2764,nb,loglinear,5,0.75,-0.741,True,-22.417,1.5881,1.3574,-0.2072,-0.0175
BOLIVIA,TARIJA,admin1,2015-01-25,30,2764,nb,loglinear,7,1.0,-3.688,True,,1.5222,1.4535,-0.2114,0.0816
BOLIVIA,TARIJA,admin1,2015-01-25,30,2764,nb,loglinear,7,0.75,-2.407,True,-5.923,1.4123,1.3574,-0.3135,0.1329
BOLIVIA,TARIJA,admin1,2015-01-25,30,2764,poisson,briere,3,1.0,-98.125,True,,1.6113,1.4979,0.0,-0.1598
BOLIVIA,TARIJA,admin1,2015-01-25,30,2764,poisson,briere,3,0.75,-64.6,True,-85.103,1.6043,1.4455,0.0,-0.1579
BOLIVIA,TARIJA,admin1,2015-01-25,30,2764,poisson,briere,5,1.0,-66.618,True,,1.6579,1.4979,0.0,-0.1265
BOLIVIA,TARIJA,admin1,2015-01-25,30,2764,poisson,briere,5,0.75,-33.019,True,-83.607,1.6389,1.4455,0.0,-0.1193
BOLIVIA,TARIJA,admin1,2015-01-25,30,2764,poisson,briere,7,1.0,-19.045,True,,1.6727,1.4979,0.0,-0.0956
BOLIVIA,TARIJA,admin1,2015-01-25,30,2764,poisson,briere,7,0.75,3.696,False,-19.987,1.4899,1.4455,0.0,-0.0207
BOLIVIA,TARIJA,admin1,2015-01-25,30,2764,poisson,loglinear,3,1.0,-103.364,True,,1.5711,1.4979,0.0933,-0.2244
BOLIVIA,TARIJA,admin1,2015-01-25,30,2764,poisson,loglinear,3,0.75,-68.983,True,-92.032,1.5872,1.4455,0.1032,-0.2226
BOLIVIA,TARIJA,admin1,2015-01-25,30,2764,poisson,loglinear,5,1.0,-66.808,True,,1.6573,1.4979,0.0234,-0.1429
BOLIVIA,TARIJA,admin1,2015-01-25,30,2764,poisson,loglinear,5,0.75,-33.303,True,-76.2,1.6271,1.4455,-0.0339,-0.096
BOLIVIA,TARIJA,admin1,2015-01-25,30,2764,poisson,loglinear,7,1.0,-58.317,True,,1.5954,1.4979,-0.2307,0.0657
BOLIVIA,TARIJA,admin1,2015-01-25,30,2764,poisson,loglinear,7,0.75,-39.224,True,109.262,1.4228,1.4455,-0.2574,0.1157
BOLIVIA,BENI,admin1,2015-08-30,42,17064,nb,briere,3,1.0,-15.064,True,,1.4118,1.2828,0.4839,0.0921
BOLIVIA,BENI,admin1,2015-08-30,42,17064,nb,briere,3,0.75,-9.674,True,694.318,3.0876,1.2316,3.6149,0.4203
BOLIVIA,BENI,admin1,2015-08-30,42,17064,nb,briere,5,1.0,-16.06,True,,1.4928,1.2828,0.5943,0.1047
BOLIVIA,BENI,admin1,2015-08-30,42,17064,nb,briere,5,0.75,-6.437,True,139.995,2.2223,1.2316,2.021,0.2586
BOLIVIA,BENI,admin1,2015-08-30,42,17064,nb,briere,7,1.0,-14.615,True,,1.5913,1.2828,0.7075,0.1195
BOLIVIA,BENI,admin1,2015-08-30,42,17064,nb,briere,7,0.75,-1.201,True,11.034,1.9789,1.2316,1.3755,0.2057
BOLIVIA,BENI,admin1,2015-08-30,42,17064,nb,loglinear,3,1.0,-15.171,True,,1.2218,1.2828,0.0628,0.1001
BOLIVIA,BENI,admin1,2015-08-30,42,17064,nb,loglinear,3,0.75,-8.801,True,1565.087,1.2483,1.2316,0.279,0.417
BOLIVIA,BENI,admin1,2015-08-30,42,17064,nb,loglinear,5,1.0,-16.031,True,,1.2578,1.2828,0.0721,0.1142
BOLIVIA,BENI,admin1,2015-08-30,42,17064,nb,loglinear,5,0.75,-5.526,True,235.784,1.3388,1.2316,0.1433,0.2461
BOLIVIA,BENI,admin1,2015-08-30,42,17064,nb,loglinear,7,1.0,-14.317,True,,1.3059,1.2828,0.0804,0.1305
BOLIVIA,BENI,admin1,2015-08-30,42,17064,nb,loglinear,7,0.75,-0.618,True,29.316,1.3954,1.2316,0.0914,0.1911
BOLIVIA,BENI,admin1,2015-08-30,42,17064,poisson,briere,3,1.0,-509.654,True,,1.4544,1.2886,0.5531,0.1052
BOLIVIA,BENI,admin1,2015-08-30,42,17064,poisson,briere,3,0.75,-875.597,True,2043.543,3.1618,1.262,3.699,0.422
BOLIVIA,BENI,admin1,2015-08-30,42,17064,poisson,briere,5,1.0,-604.998,True,,1.5738,1.2886,0.7386,0.131
BOLIVIA,BENI,admin1,2015-08-30,42,17064,poisson,briere,5,0.75,-712.913,True,674.828,2.3223,1.262,2.1595,0.2746
BOLIVIA,BENI,admin1,2015-08-30,42,17064,poisson,briere,7,1.0,-427.634,True,,1.599,1.2886,0.6794,0.1196
BOLIVIA,BENI,admin1,2015-08-30,42,17064,poisson,briere,7,0.75,-307.859,True,20.358,1.8987,1.262,1.1918,0.1903
BOLIVIA,BENI,admin1,2015-08-30,42,17064,poisson,loglinear,3,1.0,-516.665,True,,1.2309,1.2886,0.0749,0.1157
BOLIVIA,BENI,admin1,2015-08-30,42,17064,poisson,loglinear,3,0.75,-817.717,True,4794.652,1.2515,1.262,0.2856,0.419
BOLIVIA,BENI,admin1,2015-08-30,42,17064,poisson,loglinear,5,1.0,-613.127,True,,1.2659,1.2886,0.0972,0.1447
BOLIVIA,BENI,admin1,2015-08-30,42,17064,poisson,loglinear,5,0.75,-667.288,True,1669.709,1.3532,1.262,0.1604,0.2707
BOLIVIA,BENI,admin1,2015-08-30,42,17064,poisson,loglinear,7,1.0,-414.244,True,,1.3216,1.2886,0.0735,0.1274
BOLIVIA,BENI,admin1,2015-08-30,42,17064,poisson,loglinear,7,0.75,-277.254,True,289.884,1.4046,1.262,0.0775,0.1796
BOLIVIA,PANDO,admin1,2015-10-04,36,3252,nb,briere,3,1.0,-12.819,True,,3.5441,1.4885,3.0641,0.1587
BOLIVIA,PANDO,admin1,2015-10-04,36,3252,nb,briere,3,0.75,-17.949,True,142.78,6.936,1.446,4.9739,0.5257
BOLIVIA,PANDO,admin1,2015-10-04,36,3252,nb,briere,5,1.0,-8.048,True,,3.3337,1.4885,2.6707,0.1338
BOLIVIA,PANDO,admin1,2015-10-04,36,3252,nb,briere,5,0.75,-6.875,True,-0.856,4.5702,1.446,3.5732,0.2579
BOLIVIA,PANDO,admin1,2015-10-04,36,3252,nb,briere,7,1.0,-4.611,True,,2.7945,1.4885,2.2473,0.013
BOLIVIA,PANDO,admin1,2015-10-04,36,3252,nb,briere,7,0.75,-7.563,True,11.616,1.9266,1.446,1.6204,-0.162
BOLIVIA,PANDO,admin1,2015-10-04,36,3252,nb,loglinear,3,1.0,-12.036,True,,1.3017,1.4885,0.3923,0.1682
BOLIVIA,PANDO,admin1,2015-10-04,36,3252,nb,loglinear,3,0.75,-14.872,True,320.146,1.6175,1.446,0.531,0.4559
BOLIVIA,PANDO,admin1,2015-10-04,36,3252,nb,loglinear,5,1.0,-6.714,True,,1.4032,1.4885,0.3373,0.1505
BOLIVIA,PANDO,admin1,2015-10-04,36,3252,nb,loglinear,5,0.75,-4.909,True,9.783,1.4962,1.446,0.318,0.115
BOLIVIA,PANDO,admin1,2015-10-04,36,3252,nb,loglinear,7,1.0,-2.06,True,,1.4215,1.4885,0.245,0.055
BOLIVIA,PANDO,admin1,2015-10-04,36,3252,nb,loglinear,7,0.75,-7.027,True,62.279,1.1654,1.446,0.1324,-0.2197
BOLIVIA,PANDO,admin1,2015-10-04,36,3252,poisson,briere,3,1.0,-593.166,True,,6.5619,1.3752,4.9525,0.3413
BOLIVIA,PANDO,admin1,2015-10-04,36,3252,poisson,briere,3,0.75,-625.034,True,96.803,8.7656,1.3227,5.7,0.542
BOLIVIA,PANDO,admin1,2015-10-04,36,3252,poisson,briere,5,1.0,-362.564,True,,5.29,1.3752,4.6253,0.0412
BOLIVIA,PANDO,admin1,2015-10-04,36,3252,poisson,briere,5,0.75,-325.562,True,-80.727,5.4308,1.3227,4.7021,0.0845
BOLIVIA,PANDO,admin1,2015-10-04,36,3252,poisson,briere,7,1.0,-363.323,True,,3.6448,1.3752,3.508,-0.0523
BOLIVIA,PANDO,admin1,2015-10-04,36,3252,poisson,briere,7,0.75,-306.181,True,-103.16,3.903,1.3227,3.6867,0.0045
BOLIVIA,PANDO,admin1,2015-10-04,36,3252,poisson,loglinear,3,1.0,-592.267,True,,1.2618,1.3752,0.6926,0.3279
BOLIVIA,PANDO,admin1,2015-10-04,36,3252,poisson,loglinear,3,0.75,-601.393,True,1013.843,1.6868,1.3227,0.7085,0.5112
BOLIVIA,PANDO,admin1,2015-10-04,36,3252,poisson,loglinear,5,1.0,-330.164,True,,1.1187,1.3752,0.7027,0.0303
BOLIVIA,PANDO,admin1,2015-10-04,36,3252,poisson,loglinear,5,0.75,-315.821,True,70346.032,1.3836,1.3227,0.5839,0.0584
BOLIVIA,PANDO,admin1,2015-10-04,36,3252,poisson,loglinear,7,1.0,-342.024,True,,1.119,1.3752,0.5204,-0.0715
BOLIVIA,PANDO,admin1,2015-10-04,36,3252,poisson,loglinear,7,0.75,-305.936,True,28201.828,1.3298,1.3227,0.4583,-0.0191
BOLIVIA,BOLIVIA,national,2015-11-08,33,31990,nb,briere,3,1.0,-7.503,True,,1.3263,1.3873,0.0,0.0955
BOLIVIA,BOLIVIA,national,2015-11-08,33,31990,nb,briere,3,0.75,3.222,False,-38.929,1.4255,1.296,0.3933,0.0551
BOLIVIA,BOLIVIA,national,2015-11-08,33,31990,nb,briere,5,1.0,-11.937,True,,1.3732,1.3873,0.0,0.1145
BOLIVIA,BOLIVIA,national,2015-11-08,33,31990,nb,briere,5,0.75,-4.095,True,306.837,1.7438,1.296,0.8162,0.2515
BOLIVIA,BOLIVIA,national,2015-11-08,33,31990,nb,briere,7,1.0,-11.939,True,,1.4341,1.3873,0.0,0.124
BOLIVIA,BOLIVIA,national,2015-11-08,33,31990,nb,briere,7,0.75,-6.728,True,204.336,1.8328,1.296,0.7341,0.2607
BOLIVIA,BOLIVIA,national,2015-11-08,33,31990,nb,loglinear,3,1.0,-7.526,True,,1.3094,1.3873,0.0181,0.0914
BOLIVIA,BOLIVIA,national,2015-11-08,33,31990,nb,loglinear,3,0.75,3.216,False,-40.53,1.2766,1.296,0.0738,0.0685
BOLIVIA,BOLIVIA,national,2015-11-08,33,31990,nb,loglinear,5,1.0,-12.796,True,,1.4894,1.3873,-0.1155,0.1343
BOLIVIA,BOLIVIA,national,2015-11-08,33,31990,nb,loglinear,5,0.75,-4.91,True,623.762,1.3791,1.296,0.1931,0.2832
BOLIVIA,BOLIVIA,national,2015-11-08,33,31990,nb,loglinear,7,1.0,-12.868,True,,1.5672,1.3873,-0.1223,0.1418
BOLIVIA,BOLIVIA,national,2015-11-08,33,31990,nb,loglinear,7,0.75,-7.217,True,351.795,1.4944,1.296,0.1575,0.2808
BOLIVIA,BOLIVIA,national,2015-11-08,33,31990,poisson,briere,3,1.0,-370.664,True,,1.5909,1.4215,0.5844,-0.0086
BOLIVIA,BOLIVIA,national,2015-11-08,33,31990,poisson,briere,3,0.75,-159.678,True,-441.22,1.6152,1.3856,0.6894,-0.0361
BOLIVIA,BOLIVIA,national,2015-11-08,33,31990,poisson,briere,5,1.0,-459.055,True,,1.4964,1.4215,0.259,0.0607
BOLIVIA,BOLIVIA,national,2015-11-08,33,31990,poisson,briere,5,0.75,-332.454,True,685.53,1.7955,1.3856,0.9007,0.152
BOLIVIA,BOLIVIA,national,2015-11-08,33,31990,poisson,briere,7,1.0,-609.658,True,,1.5321,1.4215,0.2111,0.1064
BOLIVIA,BOLIVIA,national,2015-11-08,33,31990,poisson,briere,7,0.75,-527.994,True,196.709,1.8215,1.3856,0.7969,0.1725
BOLIVIA,BOLIVIA,national,2015-11-08,33,31990,poisson,loglinear,3,1.0,-427.626,True,,1.2053,1.4215,0.223,0.0045
BOLIVIA,BOLIVIA,national,2015-11-08,33,31990,poisson,loglinear,3,0.75,-182.941,True,-518.423,1.3244,1.3856,0.1408,-0.0151
BOLIVIA,BOLIVIA,national,2015-11-08,33,31990,poisson,loglinear,5,1.0,-532.52,True,,1.2906,1.4215,0.14,0.0614
BOLIVIA,BOLIVIA,national,2015-11-08,33,31990,poisson,loglinear,5,0.75,-422.195,True,1596.958,1.3933,1.3856,0.1735,0.1716
BOLIVIA,BOLIVIA,national,2015-11-08,33,31990,poisson,loglinear,7,1.0,-678.071,True,,1.3496,1.4215,0.1264,0.1077
BOLIVIA,BOLIVIA,national,2015-11-08,33,31990,poisson,loglinear,7,0.75,-595.646,True,713.671,1.4569,1.3856,0.1527,0.183
BOLIVIA,CHUQUISACA,admin1,2015-11-08,33,1072,nb,briere,3,1.0,3.985,False,,1.3293,1.3356,0.0,0.0056
BOLIVIA,CHUQUISACA,admin1,2015-11-08,33,1072,nb,briere,3,0.75,3.121,False,3.296,1.4982,1.2922,0.0926,-0.17
BOLIVIA,CHUQUISACA,admin1,2015-11-08,33,1072,nb,briere,5,1.0,4.0,False,,1.335,1.3356,0.0,0.0008
BOLIVIA,CHUQUISACA,admin1,2015-11-08,33,1072,nb,briere,5,0.75,2.486,False,64.805,1.218,1.2922,0.0087,-0.2116
BOLIVIA,CHUQUISACA,admin1,2015-11-08,33,1072,nb,briere,7,1.0,3.998,False,,1.3354,1.3356,0.0,0.0021
BOLIVIA,CHUQUISACA,admin1,2015-11-08,33,1072,nb,briere,7,0.75,2.001,False,75.979,1.4327,1.2922,0.0,0.2938
BOLIVIA,CHUQUISACA,admin1,2015-11-08,33,1072,nb,loglinear,3,1.0,1.691,False,,1.7574,1.3356,-0.3857,0.0697
BOLIVIA,CHUQUISACA,admin1,2015-11-08,33,1072,nb,loglinear,3,0.75,-2.593,True,154.853,1.9176,1.2922,-0.7681,-0.2324
BOLIVIA,CHUQUISACA,admin1,2015-11-08,33,1072,nb,loglinear,5,1.0,1.378,False,,1.8007,1.3356,-0.3885,0.0635
BOLIVIA,CHUQUISACA,admin1,2015-11-08,33,1072,nb,loglinear,5,0.75,1.998,False,106.661,1.2493,1.2922,-0.1026,-0.2948
BOLIVIA,CHUQUISACA,admin1,2015-11-08,33,1072,nb,loglinear,7,1.0,1.466,False,,1.7963,1.3356,-0.3538,0.0626
BOLIVIA,CHUQUISACA,admin1,2015-11-08,33,1072,nb,loglinear,7,0.75,0.893,False,3.776,1.5212,1.2922,-0.2284,0.1682
BOLIVIA,CHUQUISACA,admin1,2015-11-08,33,1072,poisson,briere,3,1.0,-13.301,True,,1.5869,1.4403,0.0239,-0.0948
BOLIVIA,CHUQUISACA,admin1,2015-11-08,33,1072,poisson,briere,3,0.75,-30.696,True,134.651,1.5597,1.437,0.0138,-0.1558
BOLIVIA,CHUQUISACA,admin1,2015-11-08,33,1072,poisson,briere,5,1.0,-5.536,True,,1.5287,1.4403,0.0281,-0.1081
BOLIVIA,CHUQUISACA,admin1,2015-11-08,33,1072,poisson,briere,5,0.75,-22.653,True,2518.899,1.3764,1.437,0.001,-0.2762
BOLIVIA,CHUQUISACA,admin1,2015-11-08,33,1072,poisson,briere,7,1.0,3.63,False,,1.4404,1.4403,0.0,-0.0151
BOLIVIA,CHUQUISACA,admin1,2015-11-08,33,1072,poisson,briere,7,0.75,1.554,False,419.073,3.1925,1.437,0.405,0.2453
BOLIVIA,CHUQUISACA,admin1,2015-11-08,33,1072,poisson,loglinear,3,1.0,-11.074,True,,1.4404,1.4403,0.0678,-0.0688
BOLIVIA,CHUQUISACA,admin1,2015-11-08,33,1072,poisson,loglinear,3,0.75,-31.044,True,246.0,1.5608,1.437,-0.0502,-0.1445
BOLIVIA,CHUQUISACA,admin1,2015-11-08,33,1072,poisson,loglinear,5,1.0,-4.335,True,,1.396,1.4403,0.0656,-0.0642
BOLIVIA,CHUQUISACA,admin1,2015-11-08,33,1072,poisson,loglinear,5,0.75,-23.251,True,1894.844,1.42,1.437,-0.0442,-0.2656
BOLIVIA,CHUQUISACA,admin1,2015-11-08,33,1072,poisson,loglinear,7,1.0,1.991,False,,1.5542,1.4403,-0.0966,0.0075
BOLIVIA,CHUQUISACA,admin1,2015-11-08,33,1072,poisson,loglinear,7,0.75,-8.803,True,129.127,1.4431,1.437,0.1094,0.2058
BOLIVIA,SANTA CRUZ,admin1,2015-11-22,32,22836,nb,briere,3,1.0,-9.958,True,,1.3007,1.4166,0.0,0.1076
BOLIVIA,SANTA CRUZ,admin1,2015-11-22,32,22836,nb,briere,3,0.75,-0.183,True,20.603,1.631,1.314,0.9461,0.0928
BOLIVIA,SANTA CRUZ,admin1,2015-11-22,32,22836,nb,briere,5,1.0,-9.223,True,,1.344,1.4166,0.0,0.1103
BOLIVIA,SANTA CRUZ,admin1,2015-11-22,32,22836,nb,briere,5,0.75,-0.271,True,46.91,1.5365,1.314,0.5142,0.175
BOLIVIA,SANTA CRUZ,admin1,2015-11-22,32,22836,nb,briere,7,1.0,-9.845,True,,1.3976,1.4166,0.0,0.119
BOLIVIA,SANTA CRUZ,admin1,2015-11-22,32,22836,nb,briere,7,0.75,-6.675,True,281.627,1.67,1.314,0.5174,0.2987
BOLIVIA,SANTA CRUZ,admin1,2015-11-22,32,22836,nb,loglinear,3,1.0,-10.145,True,,1.251,1.4166,0.0563,0.0963
BOLIVIA,SANTA CRUZ,admin1,2015-11-22,32,22836,nb,loglinear,3,0.75,-1.179,True,13.859,1.1836,1.314,0.2461,0.11
BOLIVIA,SANTA CRUZ,admin1,2015-11-22,32,22836,nb,loglinear,5,1.0,-9.274,True,,1.3801,1.4166,-0.0378,0.1178
BOLIVIA,SANTA CRUZ,admin1,2015-11-22,32,22836,nb,loglinear,5,0.75,-0.901,True,155.678,1.2886,1.314,0.1537,0.1904
BOLIVIA,SANTA CRUZ,admin1,2015-11-22,32,22836,nb,loglinear,7,1.0,-9.926,True,,1.4436,1.4166,-0.0441,0.1255
BOLIVIA,SANTA CRUZ,admin1,2015-11-22,32,22836,nb,loglinear,7,0.75,-7.176,True,491.289,1.4111,1.314,0.1388,0.3114
BOLIVIA,SANTA CRUZ,admin1,2015-11-22,32,22836,poisson,briere,3,1.0,-475.212,True,,1.5653,1.4692,0.4425,0.0288
BOLIVIA,SANTA CRUZ,admin1,2015-11-22,32,22836,poisson,briere,3,0.75,-160.387,True,-836.359,1.6349,1.4159,0.6096,0.0194
BOLIVIA,SANTA CRUZ,admin1,2015-11-22,32,22836,poisson,briere,5,1.0,-498.504,True,,1.5152,1.4692,0.2739,0.0566
BOLIVIA,SANTA CRUZ,admin1,2015-11-22,32,22836,poisson,briere,5,0.75,-171.206,True,-817.158,1.6148,1.4159,0.5211,0.0495
BOLIVIA,SANTA CRUZ,admin1,2015-11-22,32,22836,poisson,briere,7,1.0,-514.985,True,,1.5189,1.4692,0.1964,0.0948
BOLIVIA,SANTA CRUZ,admin1,2015-11-22,32,22836,poisson,briere,7,0.75,-277.319,True,-451.076,1.6423,1.4159,0.4582,0.1558
BOLIVIA,SANTA CRUZ,admin1,2015-11-22,32,22836,poisson,loglinear,3,1.0,-507.517,True,,1.2484,1.4692,0.1706,0.0367
BOLIVIA,SANTA CRUZ,admin1,2015-11-22,32,22836,poisson,loglinear,3,0.75,-158.589,True,-909.784,1.3479,1.4159,0.1181,0.0302
BOLIVIA,SANTA CRUZ,admin1,2015-11-22,32,22836,poisson,loglinear,5,1.0,-523.145,True,,1.3147,1.4692,0.113,0.0602
BOLIVIA,SANTA CRUZ,admin1,2015-11-22,32,22836,poisson,loglinear,5,0.75,-172.192,True,-790.198,1.3761,1.4159,0.0972,0.0651
BOLIVIA,SANTA CRUZ,admin1,2015-11-22,32,22836,poisson,loglinear,7,1.0,-535.324,True,,1.3639,1.4692,0.0914,0.0953
BOLIVIA,SANTA CRUZ,admin1,2015-11-22,32,22836,poisson,loglinear,7,0.75,-285.334,True,-175.679,1.4284,1.4159,0.0897,0.1701
BOLIVIA,PANDO,admin1,2016-08-28,30,1666,nb,briere,3,1.0,-0.546,True,,2.4667,1.5046,1.8492,0.0673
BOLIVIA,PANDO,admin1,2016-08-28,30,1666,nb,briere,3,0.75,3.724,False,-11.022,1.95,1.5949,0.7211,0.063
BOLIVIA,PANDO,admin1,2016-08-28,30,1666,nb,briere,5,1.0,-1.957,True,,2.6909,1.5046,2.1139,0.1138
BOLIVIA,PANDO,admin1,2016-08-28,30,1666,nb,briere,5,0.75,3.164,False,-15.373,2.1324,1.5949,1.0558,0.0798
BOLIVIA,PANDO,admin1,2016-08-28,30,1666,nb,briere,7,1.0,-0.235,True,,2.2113,1.5046,1.5017,0.0075
BOLIVIA,PANDO,admin1,2016-08-28,30,1666,nb,briere,7,0.75,3.982,False,-4.451,1.6859,1.5949,0.2165,0.0037
BOLIVIA,PANDO,admin1,2016-08-28,30,1666,nb,loglinear,3,1.0,-1.629,True,,1.2958,1.5046,0.225,0.0919
BOLIVIA,PANDO,admin1,2016-08-28,30,1666,nb,loglinear,3,0.75,3.685,False,17.378,1.5692,1.5949,0.0701,0.0683
BOLIVIA,PANDO,admin1,2016-08-28,30,1666,nb,loglinear,5,1.0,-3.621,True,,1.2837,1.5046,0.2631,0.1442
BOLIVIA,PANDO,admin1,2016-08-28,30,1666,nb,loglinear,5,0.75,2.992,False,32.464,1.5411,1.5949,0.1168,0.0935
BOLIVIA,PANDO,admin1,2016-08-28,30,1666,nb,loglinear,7,1.0,-1.193,True,,1.3049,1.5046,0.1939,0.0326
BOLIVIA,PANDO,admin1,2016-08-28,30,1666,nb,loglinear,7,0.75,3.972,False,5.179,1.5771,1.5949,0.0252,0.0067
BOLIVIA,PANDO,admin1,2016-08-28,30,1666,poisson,briere,3,1.0,-36.21,True,,3.7906,1.5348,3.2879,0.2281
BOLIVIA,PANDO,admin1,2016-08-28,30,1666,poisson,briere,3,0.75,-10.503,True,-64.491,3.9332,1.612,3.4052,0.2135
BOLIVIA,PANDO,admin1,2016-08-28,30,1666,poisson,briere,5,1.0,-36.493,True,,2.9893,1.5348,2.4651,0.1568
BOLIVIA,PANDO,admin1,2016-08-28,30,1666,poisson,briere,5,0.75,-9.785,True,-52.369,2.7775,1.612,2.1046,0.1088
BOLIVIA,PANDO,admin1,2016-08-28,30,1666,poisson,briere,7,1.0,-20.978,True,,2.5368,1.5348,1.9888,0.0058
BOLIVIA,PANDO,admin1,2016-08-28,30,1666,poisson,briere,7,0.75,-2.748,True,-37.284,2.4953,1.612,1.7558,0.0065
BOLIVIA,PANDO,admin1,2016-08-28,30,1666,poisson,loglinear,3,1.0,-42.676,True,,1.2069,1.5348,0.376,0.22
BOLIVIA,PANDO,admin1,2016-08-28,30,1666,poisson,loglinear,3,0.75,-12.924,True,105.132,1.3785,1.612,0.3561,0.2266
BOLIVIA,PANDO,admin1,2016-08-28,30,1666,poisson,loglinear,5,1.0,-45.522,True,,1.2519,1.5348,0.3035,0.1722
BOLIVIA,PANDO,admin1,2016-08-28,30,1666,poisson,loglinear,5,0.75,-13.377,True,102.05,1.4446,1.612,0.234,0.1275
BOLIVIA,PANDO,admin1,2016-08-28,30,1666,poisson,loglinear,7,1.0,-27.541,True,,1.2526,1.5348,0.2529,0.0246
BOLIVIA,PANDO,admin1,2016-08-28,30,1666,poisson,loglinear,7,0.75,-4.46,True,96.345,1.4567,1.612,0.1869,0.0183
BOLIVIA,SANTA CRUZ,admin1,2016-11-06,37,8078,nb,briere,3,1.0,-22.008,True,,1.4419,1.2598,0.2429,0.2014
BOLIVIA,SANTA CRUZ,admin1,2016-11-06,37,8078,nb,briere,3,0.75,-1.361,True,-93.399,1.4208,1.0961,0.3296,0.1921
BOLIVIA,SANTA CRUZ,admin1,2016-11-06,37,8078,nb,briere,5,1.0,-20.52,True,,1.4159,1.2598,0.0,0.182
BOLIVIA,SANTA CRUZ,admin1,2016-11-06,37,8078,nb,briere,5,0.75,1.402,False,-97.675,1.3724,1.0961,0.0,0.1642
BOLIVIA,SANTA CRUZ,admin1,2016-11-06,37,8078,nb,briere,7,1.0,-7.95,True,,1.6452,1.2598,0.9123,0.1629
BOLIVIA,SANTA CRUZ,admin1,2016-11-06,37,8078,nb,briere,7,0.75,3.999,False,0.528,1.0964,1.0961,0.0,0.0008
BOLIVIA,SANTA CRUZ,admin1,2016-11-06,37,8078,nb,loglinear,3,1.0,-22.058,True,,1.2591,1.2598,0.1141,0.2268
BOLIVIA,SANTA CRUZ,admin1,2016-11-06,37,8078,nb,loglinear,3,0.75,-1.391,True,-93.989,1.2643,1.0961,0.0814,0.2001
BOLIVIA,SANTA CRUZ,admin1,2016-11-06,37,8078,nb,loglinear,5,1.0,-20.585,True,,1.4382,1.2598,-0.0409,0.1602
BOLIVIA,SANTA CRUZ,admin1,2016-11-06,37,8078,nb,loglinear,5,0.75,0.59,False,-76.512,1.3596,1.0961,-0.1312,0.0678
BOLIVIA,SANTA CRUZ,admin1,2016-11-06,37,8078,nb,loglinear,7,1.0,-17.916,True,,1.5359,1.2598,-0.2116,0.057
BOLIVIA,SANTA CRUZ,admin1,2016-11-06,37,8078,nb,loglinear,7,0.75,0.876,False,-53.607,1.3057,1.0961,-0.2117,-0.0217
BOLIVIA,SANTA CRUZ,admin1,2016-11-06,37,8078,poisson,briere,3,1.0,-1034.124,True,,1.5626,1.3008,0.5473,0.2228
BOLIVIA,SANTA CRUZ,admin1,2016-11-06,37,8078,poisson,briere,3,0.75,-263.66,True,-3931.051,1.3127,1.1691,0.0756,0.1337
BOLIVIA,SANTA CRUZ,admin1,2016-11-06,37,8078,poisson,briere,5,1.0,-945.226,True,,1.4177,1.3008,0.0,0.1653
BOLIVIA,SANTA CRUZ,admin1,2016-11-06,37,8078,poisson,briere,5,0.75,-138.421,True,-4076.149,1.3379,1.1691,0.0,0.1177
BOLIVIA,SANTA CRUZ,admin1,2016-11-06,37,8078,poisson,briere,7,1.0,-767.67,True,,1.4758,1.3008,0.0,0.1685
BOLIVIA,SANTA CRUZ,admin1,2016-11-06,37,8078,poisson,briere,7,0.75,-6.212,True,2624.07,1.0994,1.1691,0.0,-0.0378
BOLIVIA,SANTA CRUZ,admin1,2016-11-06,37,8078,poisson,loglinear,3,1.0,-1014.361,True,,1.3394,1.3008,0.0143,0.1763
BOLIVIA,SANTA CRUZ,admin1,2016-11-06,37,8078,poisson,loglinear,3,0.75,-263.335,True,-3933.919,1.2804,1.1691,0.0127,0.1321
BOLIVIA,SANTA CRUZ,admin1,2016-11-06,37,8078,poisson,loglinear,5,1.0,-980.595,True,,1.4987,1.3008,-0.1456,0.096
BOLIVIA,SANTA CRUZ,admin1,2016-11-06,37,8078,poisson,loglinear,5,0.75,-198.33,True,-3123.605,1.3403,1.1691,-0.1489,0.0259
BOLIVIA,SANTA CRUZ,admin1,2016-11-06,37,8078,poisson,loglinear,7,1.0,-942.143,True,,1.5629,1.3008,-0.2424,0.0463
BOLIVIA,SANTA CRUZ,admin1,2016-11-06,37,8078,poisson,loglinear,7,0.75,-212.782,True,-1799.354,1.2676,1.1691,-0.2274,-0.0666
BOLIVIA,CHUQUISACA,admin1,2016-11-20,35,386,nb,briere,3,1.0,-8.604,True,,1.2011,1.3008,0.0,0.1221
BOLIVIA,CHUQUISACA,admin1,2016-11-20,35,386,nb,briere,3,0.75,-2.689,True,-21.444,1.3002,1.1852,0.0627,0.143
BOLIVIA,CHUQUISACA,admin1,2016-11-20,35,386,nb,briere,5,1.0,-6.227,True,,1.2752,1.3008,0.0,0.1093
BOLIVIA,CHUQUISACA,admin1,2016-11-20,35,386,nb,briere,5,0.75,-2.922,True,4.825,1.513,1.1852,0.0801,0.214
BOLIVIA,CHUQUISACA,admin1,2016-11-20,35,386,nb,briere,7,1.0,-4.639,True,,1.2793,1.3008,0.0525,0.0175
BOLIVIA,CHUQUISACA,admin1,2016-11-20,35,386,nb,briere,7,0.75,-3.997,True,42.803,1.9512,1.1852,0.114,0.3966
BOLIVIA,CHUQUISACA,admin1,2016-11-20,35,386,nb,loglinear,3,1.0,-11.157,True,,1.5669,1.3008,-0.2684,0.0403
BOLIVIA,CHUQUISACA,admin1,2016-11-20,35,386,nb,loglinear,3,0.75,-3.682,True,-28.802,1.4187,1.1852,-0.2278,0.0347
BOLIVIA,CHUQUISACA,admin1,2016-11-20,35,386,nb,loglinear,5,1.0,-10.776,True,,1.6939,1.3008,-0.3475,-0.007
BOLIVIA,CHUQUISACA,admin1,2016-11-20,35,386,nb,loglinear,5,0.75,-3.661,True,-30.399,1.4443,1.1852,-0.2348,0.0336
BOLIVIA,CHUQUISACA,admin1,2016-11-20,35,386,nb,loglinear,7,1.0,-11.826,True,,1.8267,1.3008,-0.4806,-0.0745
BOLIVIA,CHUQUISACA,admin1,2016-11-20,35,386,nb,loglinear,7,0.75,-3.714,True,17.28,1.4536,1.1852,-0.3675,-0.1028
BOLIVIA,CHUQUISACA,admin1,2016-11-20,35,386,poisson,briere,3,1.0,-32.07,True,,1.2152,1.3271,0.0,0.1266
BOLIVIA,CHUQUISACA,admin1,2016-11-20,35,386,poisson,briere,3,0.75,-18.511,True,-51.082,1.2848,1.24,0.042,0.1361
BOLIVIA,CHUQUISACA,admin1,2016-11-20,35,386,poisson,briere,5,1.0,-25.844,True,,1.3135,1.3271,0.0093,0.116
BOLIVIA,CHUQUISACA,admin1,2016-11-20,35,386,poisson,briere,5,0.75,-20.078,True,-19.947,1.474,1.24,0.0592,0.2058
BOLIVIA,CHUQUISACA,admin1,2016-11-20,35,386,poisson,briere,7,1.0,-20.06,True,,1.3378,1.3271,0.0624,0.0254
BOLIVIA,CHUQUISACA,admin1,2016-11-20,35,386,poisson,briere,7,0.75,-23.646,True,25.549,1.8795,1.24,0.097,0.3891
BOLIVIA,CHUQUISACA,admin1,2016-11-20,35,386,poisson,loglinear,3,1.0,-39.713,True,,1.5928,1.3271,-0.2831,0.0391
BOLIVIA,CHUQUISACA,admin1,2016-11-20,35,386,poisson,loglinear,3,0.75,-23.687,True,-33.761,1.4379,1.24,-0.2441,0.0301
BOLIVIA,CHUQUISACA,admin1,2016-11-20,35,386,poisson,loglinear,5,1.0,-38.73,True,,1.7072,1.3271,-0.3546,-0.0024
BOLIVIA,CHUQUISACA,admin1,2016-11-20,35,386,poisson,loglinear,5,0.75,-23.95,True,-49.388,1.452,1.24,-0.2293,0.0491
BOLIVIA,CHUQUISACA,admin1,2016-11-20,35,386,poisson,loglinear,7,1.0,-41.523,True,,1.8452,1.3271,-0.4988,-0.0788
BOLIVIA,CHUQUISACA,admin1,2016-11-20,35,386,poisson,loglinear,7,0.75,-23.771,True,108.937,1.4665,1.24,-0.3668,-0.0914
BOLIVIA,COCHABAMBA,admin1,2016-11-20,31,444,nb,briere,3,1.0,3.492,False,,1.323,1.351,0.0,0.0365
BOLIVIA,COCHABAMBA,admin1,2016-11-20,31,444,nb,briere,3,0.75,-4.084,True,58.218,1.3392,1.3947,0.0,0.2138
BOLIVIA,COCHABAMBA,admin1,2016-11-20,31,444,nb,briere,5,1.0,3.962,False,,1.3533,1.351,0.0,-0.0093
BOLIVIA,COCHABAMBA,admin1,2016-11-20,31,444,nb,briere,5,0.75,0.613,False,34.67,1.4402,1.3947,0.002,0.1295
BOLIVIA,COCHABAMBA,admin1,2016-11-20,31,444,nb,briere,7,1.0,3.67,False,,1.342,1.351,0.0,-0.0304
BOLIVIA,COCHABAMBA,admin1,2016-11-20,31,444,nb,briere,7,0.75,2.218,False,22.535,1.4694,1.3947,0.0,0.0973
BOLIVIA,COCHABAMBA,admin1,2016-11-20,31,444,nb,loglinear,3,1.0,-1.433,True,,1.6277,1.351,-0.2934,0.0214
BOLIVIA,COCHABAMBA,admin1,2016-11-20,31,444,nb,loglinear,3,0.75,-5.927,True,14.793,1.4166,1.3947,-0.1771,0.1911
BOLIVIA,COCHABAMBA,admin1,2016-11-20,31,444,nb,loglinear,5,1.0,-2.121,True,,1.7454,1.351,-0.3691,-0.0435
BOLIVIA,COCHABAMBA,admin1,2016-11-20,31,444,nb,loglinear,5,0.75,-0.743,True,-2.448,1.5054,1.3947,-0.2104,0.046
BOLIVIA,COCHABAMBA,admin1,2016-11-20,31,444,nb,loglinear,7,1.0,-3.791,True,,1.8132,1.351,-0.4566,-0.0767
BOLIVIA,COCHABAMBA,admin1,2016-11-20,31,444,nb,loglinear,7,0.75,-1.016,True,28.054,1.5181,1.3947,-0.4258,-0.0856
BOLIVIA,COCHABAMBA,admin1,2016-11-20,31,444,poisson,briere,3,1.0,3.574,False,,1.3974,1.4153,0.0,0.0207
BOLIVIA,COCHABAMBA,admin1,2016-11-20,31,444,poisson,briere,3,0.75,-7.943,True,38.57,1.392,1.475,0.0,0.1374
BOLIVIA,COCHABAMBA,admin1,2016-11-20,31,444,poisson,briere,5,1.0,3.444,False,,1.4245,1.4153,0.0,-0.0213
BOLIVIA,COCHABAMBA,admin1,2016-11-20,31,444,poisson,briere,5,0.75,1.505,False,13.507,1.4638,1.475,0.0,0.0512
BOLIVIA,COCHABAMBA,admin1,2016-11-20,31,444,poisson,briere,7,1.0,3.313,False,,1.4118,1.4153,0.0,-0.0239
BOLIVIA,COCHABAMBA,admin1,2016-11-20,31,444,poisson,briere,7,0.75,1.604,False,14.331,1.4931,1.475,0.0,0.0481
BOLIVIA,COCHABAMBA,admin1,2016-11-20,31,444,poisson,loglinear,3,1.0,-7.871,True,,1.6257,1.4153,-0.2537,0.0186
BOLIVIA,COCHABAMBA,admin1,2016-11-20,31,444,poisson,loglinear,3,0.75,-14.704,True,-0.433,1.4422,1.475,-0.1635,0.1399
BOLIVIA,COCHABAMBA,admin1,2016-11-20,31,444,poisson,loglinear,5,1.0,-11.611,True,,1.7414,1.4153,-0.3256,-0.0567
BOLIVIA,COCHABAMBA,admin1,2016-11-20,31,444,poisson,loglinear,5,0.75,-3.354,True,-15.831,1.5277,1.475,-0.1885,-0.007
BOLIVIA,COCHABAMBA,admin1,2016-11-20,31,444,poisson,loglinear,7,1.0,-17.003,True,,1.8236,1.4153,-0.441,-0.091
BOLIVIA,COCHABAMBA,admin1,2016-11-20,31,444,poisson,loglinear,7,0.75,-5.011,True,42.81,1.5285,1.475,-0.3195,-0.0726
BOLIVIA,COCHABAMBA,admin1,2017-11-05,39,588,nb,briere,3,1.0,-7.066,True,,1.1972,1.2371,0.0355,0.0515
BOLIVIA,COCHABAMBA,admin1,2017-11-05,39,588,nb,briere,3,0.75,2.65,False,-36.401,1.144,1.1101,0.023,0.0334
BOLIVIA,COCHABAMBA,admin1,2017-11-05,39,588,nb,briere,5,1.0,-6.856,True,,1.2245,1.2371,0.0384,0.0424
BOLIVIA,COCHABAMBA,admin1,2017-11-05,39,588,nb,briere,5,0.75,2.852,False,-36.956,1.1664,1.1101,0.0216,0.0314
BOLIVIA,COCHABAMBA,admin1,2017-11-05,39,588,nb,briere,7,1.0,-6.197,True,,1.2511,1.2371,0.0408,0.0293
BOLIVIA,COCHABAMBA,admin1,2017-11-05,39,588,nb,briere,7,0.75,3.185,False,-27.644,1.1579,1.1101,0.0217,0.0031
BOLIVIA,COCHABAMBA,admin1,2017-11-05,39,588,nb,loglinear,3,1.0,-5.534,True,,0.9786,1.2371,0.1469,0.0894
BOLIVIA,COCHABAMBA,admin1,2017-11-05,39,588,nb,loglinear,3,0.75,3.108,False,-21.832,1.1335,1.1101,-0.0389,0.0335
BOLIVIA,COCHABAMBA,admin1,2017-11-05,39,588,nb,loglinear,5,1.0,-6.248,True,,1.1342,1.2371,0.0452,0.0926
BOLIVIA,COCHABAMBA,admin1,2017-11-05,39,588,nb,loglinear,5,0.75,2.895,False,-29.929,1.1696,1.1101,-0.0492,0.0435
BOLIVIA,COCHABAMBA,admin1,2017-11-05,39,588,nb,loglinear,7,1.0,-5.227,True,,1.2669,1.2371,-0.0392,0.0915
BOLIVIA,COCHABAMBA,admin1,2017-11-05,39,588,nb,loglinear,7,0.75,3.434,False,-17.213,1.1926,1.1101,-0.0845,0.0168
BOLIVIA,COCHABAMBA,admin1,2017-11-05,39,588,poisson,briere,3,1.0,-32.417,True,,1.2393,1.2349,0.0383,0.0258
BOLIVIA,COCHABAMBA,admin1,2017-11-05,39,588,poisson,briere,3,0.75,-1.879,True,-103.231,1.1818,1.1391,0.026,0.0136
BOLIVIA,COCHABAMBA,admin1,2017-11-05,39,588,poisson,briere,5,1.0,-32.085,True,,1.2559,1.2349,0.0401,0.0206
BOLIVIA,COCHABAMBA,admin1,2017-11-05,39,588,poisson,briere,5,0.75,-1.545,True,-101.716,1.1929,1.1391,0.0267,0.007
BOLIVIA,COCHABAMBA,admin1,2017-11-05,39,588,poisson,briere,7,1.0,-30.904,True,,1.2751,1.2349,0.0415,0.0099
BOLIVIA,COCHABAMBA,admin1,2017-11-05,39,588,poisson,briere,7,0.75,-1.806,True,-78.341,1.1848,1.1391,0.0237,-0.0115
BOLIVIA,COCHABAMBA,admin1,2017-11-05,39,588,poisson,loglinear,3,1.0,-28.209,True,,0.9411,1.2349,0.2157,0.0643
BOLIVIA,COCHABAMBA,admin1,2017-11-05,39,588,poisson,loglinear,3,0.75,1.122,False,-0.062,1.0879,1.1391,0.0531,0.0352
BOLIVIA,COCHABAMBA,admin1,2017-11-05,39,588,poisson,loglinear,5,1.0,-30.125,True,,1.0598,1.2349,0.1359,0.0708
BOLIVIA,COCHABAMBA,admin1,2017-11-05,39,588,poisson,loglinear,5,0.75,0.425,False,-78.471,1.1335,1.1391,0.0317,0.0414
BOLIVIA,COCHABAMBA,admin1,2017-11-05,39,588,poisson,loglinear,7,1.0,-24.282,True,,1.162,1.2349,0.0756,0.072
BOLIVIA,COCHABAMBA,admin1,2017-11-05,39,588,poisson,loglinear,7,0.75,3.763,False,-41.522,1.1505,1.1391,0.0067,0.0149
BOLIVIA,BOLIVIA,national,2017-11-12,37,5389,nb,briere,3,1.0,-18.56,True,,1.3509,1.2571,0.6573,0.0599
BOLIVIA,BOLIVIA,national,2017-11-12,37,5389,nb,briere,3,0.75,-1.495,True,-78.486,1.3376,1.1279,0.6212,0.0608
BOLIVIA,BOLIVIA,national,2017-11-12,37,5389,nb,briere,5,1.0,-19.585,True,,1.2973,1.2571,0.5944,0.0792
BOLIVIA,BOLIVIA,national,2017-11-12,37,5389,nb,briere,5,0.75,-2.35,True,-56.801,1.1537,1.1279,0.2825,0.0825
BOLIVIA,BOLIVIA,national,2017-11-12,37,5389,nb,briere,7,1.0,-17.968,True,,1.315,1.2571,0.5426,0.0666
BOLIVIA,BOLIVIA,national,2017-11-12,37,5389,nb,briere,7,0.75,-0.531,True,-42.668,1.113,1.1279,0.1356,0.0772
BOLIVIA,BOLIVIA,national,2017-11-12,37,5389,nb,loglinear,3,1.0,-17.896,True,,0.9442,1.2571,0.2155,0.0647
BOLIVIA,BOLIVIA,national,2017-11-12,37,5389,nb,loglinear,3,0.75,-1.46,True,0.474,1.0396,1.1279,0.1079,0.0642
BOLIVIA,BOLIVIA,national,2017-11-12,37,5389,nb,loglinear,5,1.0,-18.428,True,,0.9379,1.2571,0.1948,0.0819
BOLIVIA,BOLIVIA,national,2017-11-12,37,5389,nb,loglinear,5,0.75,-2.235,True,-10.462,1.0287,1.1279,0.0408,0.0849
BOLIVIA,BOLIVIA,national,2017-11-12,37,5389,nb,loglinear,7,1.0,-16.803,True,,0.9961,1.2571,0.1696,0.0641
BOLIVIA,BOLIVIA,national,2017-11-12,37,5389,nb,loglinear,7,0.75,-0.476,True,-22.931,1.0529,1.1279,0.0031,0.0841
BOLIVIA,BOLIVIA,national,2017-11-12,37,5389,poisson,briere,3,1.0,-438.744,True,,1.4205,1.2976,0.7558,0.0701
BOLIVIA,BOLIVIA,national,2017-11-12,37,5389,poisson,briere,3,0.75,-149.275,True,-985.501,1.3463,1.2106,0.6109,0.0702
BOLIVIA,BOLIVIA,national,2017-11-12,37,5389,poisson,briere,5,1.0,-389.379,True,,1.4035,1.2976,0.6757,0.0532
BOLIVIA,BOLIVIA,national,2017-11-12,37,5389,poisson,briere,5,0.75,-111.73,True,-648.382,1.2051,1.2106,0.3441,0.0691
BOLIVIA,BOLIVIA,national,2017-11-12,37,5389,poisson,briere,7,1.0,-348.017,True,,1.4908,1.2976,0.6342,0.0097
BOLIVIA,BOLIVIA,national,2017-11-12,37,5389,poisson,briere,7,0.75,-56.12,True,-950.88,1.3737,1.2106,0.4351,0.0157
BOLIVIA,BOLIVIA,national,2017-11-12,37,5389,poisson,loglinear,3,1.0,-416.982,True,,0.943,1.2976,0.2435,0.0732
BOLIVIA,BOLIVIA,national,2017-11-12,37,5389,poisson,loglinear,3,0.75,-145.03,True,1833.494,1.0512,1.2106,0.105,0.0725
BOLIVIA,BOLIVIA,national,2017-11-12,37,5389,poisson,loglinear,5,1.0,-355.137,True,,1.0064,1.2976,0.2077,0.0418
BOLIVIA,BOLIVIA,national,2017-11-12,37,5389,poisson,loglinear,5,0.75,-103.59,True,1087.552,1.0561,1.2106,0.0508,0.0687
BOLIVIA,BOLIVIA,national,2017-11-12,37,5389,poisson,loglinear,7,1.0,-328.157,True,,1.0755,1.2976,0.204,0.0012
BOLIVIA,BOLIVIA,national,2017-11-12,37,5389,poisson,loglinear,7,0.75,-51.115,True,-461.989,1.1584,1.2106,0.0717,0.0148
BOLIVIA,BENI,admin1,2017-11-19,31,2498,nb,briere,3,1.0,-8.949,True,,0.8978,1.3177,0.0,0.2235
BOLIVIA,BENI,admin1,2017-11-19,31,2498,nb,briere,3,0.75,-8.159,True,2.208,0.8464,1.2529,0.0,0.2851
BOLIVIA,BENI,admin1,2017-11-19,31,2498,nb,briere,5,1.0,-10.441,True,,0.9663,1.3177,0.0,0.2237
BOLIVIA,BENI,admin1,2017-11-19,31,2498,nb,briere,5,0.75,-13.443,True,54.637,0.8701,1.2529,0.0,0.3775
BOLIVIA,BENI,admin1,2017-11-19,31,2498,nb,briere,7,1.0,-7.742,True,,1.1686,1.3177,0.0,0.1405
BOLIVIA,BENI,admin1,2017-11-19,31,2498,nb,briere,7,0.75,-12.311,True,71.839,1.1738,1.2529,0.0,0.2588
BOLIVIA,BENI,admin1,2017-11-19,31,2498,nb,loglinear,3,1.0,-9.634,True,,0.897,1.3177,-0.0748,0.2604
BOLIVIA,BENI,admin1,2017-11-19,31,2498,nb,loglinear,3,0.75,-8.384,True,22.688,0.828,1.2529,-0.0566,0.306
BOLIVIA,BENI,admin1,2017-11-19,31,2498,nb,loglinear,5,1.0,-13.134,True,,1.0071,1.3177,-0.1742,0.3067
BOLIVIA,BENI,admin1,2017-11-19,31,2498,nb,loglinear,5,0.75,-13.708,True,75.283,0.8884,1.2529,-0.0751,0.398
BOLIVIA,BENI,admin1,2017-11-19,31,2498,nb,loglinear,7,1.0,-10.888,True,,1.3025,1.3177,-0.1962,0.1919
BOLIVIA,BENI,admin1,2017-11-19,31,2498,nb,loglinear,7,0.75,-12.71,True,38.32,1.2058,1.2529,-0.0875,0.2636
BOLIVIA,BENI,admin1,2017-11-19,31,2498,poisson,briere,3,1.0,-119.884,True,,0.8866,1.4098,0.0,0.2704
BOLIVIA,BENI,admin1,2017-11-19,31,2498,poisson,briere,3,0.75,-163.275,True,239.567,1.9866,1.4101,2.1736,0.2753
BOLIVIA,BENI,admin1,2017-11-19,31,2498,poisson,briere,5,1.0,-113.014,True,,1.093,1.4098,0.0,0.1874
BOLIVIA,BENI,admin1,2017-11-19,31,2498,poisson,briere,5,0.75,-176.104,True,262.844,1.7065,1.4101,1.4903,0.2782
BOLIVIA,BENI,admin1,2017-11-19,31,2498,poisson,briere,7,1.0,-94.756,True,,1.254,1.4098,0.0,0.1204
BOLIVIA,BENI,admin1,2017-11-19,31,2498,poisson,briere,7,0.75,-167.901,True,248.026,1.8181,1.4101,1.0931,0.1914
BOLIVIA,BENI,admin1,2017-11-19,31,2498,poisson,loglinear,3,1.0,-120.756,True,,0.8902,1.4098,-0.0334,0.2814
BOLIVIA,BENI,admin1,2017-11-19,31,2498,poisson,loglinear,3,0.75,-161.196,True,41.488,0.8791,1.4101,0.1173,0.2803
BOLIVIA,BENI,admin1,2017-11-19,31,2498,poisson,loglinear,5,1.0,-119.474,True,,1.1336,1.4098,-0.1026,0.2136
BOLIVIA,BENI,admin1,2017-11-19,31,2498,poisson,loglinear,5,0.75,-173.744,True,133.072,0.9807,1.4101,0.0726,0.2824
BOLIVIA,BENI,admin1,2017-11-19,31,2498,poisson,loglinear,7,1.0,-102.405,True,,1.3318,1.4098,-0.118,0.1366
BOLIVIA,BENI,admin1,2017-11-19,31,2498,poisson,loglinear,7,0.75,-166.433,True,214.524,1.2137,1.4101,0.0496,0.1937
BOLIVIA,TARIJA,admin1,2017-11-26,35,788,nb,briere,3,1.0,-12.057,True,,1.3871,1.3594,0.0495,0.1719
BOLIVIA,TARIJA,admin1,2017-11-26,35,788,nb,briere,3,0.75,3.265,False,-15.831,1.1443,1.172,0.0091,0.0645
BOLIVIA,TARIJA,admin1,2017-11-26,35,788,nb,briere,5,1.0,-10.798,True,,1.4428,1.3594,0.0478,0.1456
BOLIVIA,TARIJA,admin1,2017-11-26,35,788,nb,briere,5,0.75,3.839,False,-9.346,1.1526,1.172,0.0,0.0253
BOLIVIA,TARIJA,admin1,2017-11-26,35,788,nb,briere,7,1.0,-9.674,True,,1.4337,1.3594,0.0292,0.1239
BOLIVIA,TARIJA,admin1,2017-11-26,35,788,nb,briere,7,0.75,3.95,False,10.643,1.1711,1.172,0.0,-0.0151
BOLIVIA,TARIJA,admin1,2017-11-26,35,788,nb,loglinear,3,1.0,-14.516,True,,0.9242,1.3594,0.3073,0.0642
BOLIVIA,TARIJA,admin1,2017-11-26,35,788,nb,loglinear,3,0.75,3.264,False,7.472,1.0866,1.172,0.043,0.0467
BOLIVIA,TARIJA,admin1,2017-11-26,35,788,nb,loglinear,5,1.0,-15.4,True,,0.9103,1.3594,0.3188,0.0756
BOLIVIA,TARIJA,admin1,2017-11-26,35,788,nb,loglinear,5,0.75,3.642,False,20.731,1.105,1.172,0.0704,0.0221
BOLIVIA,TARIJA,admin1,2017-11-26,35,788,nb,loglinear,7,1.0,-15.59,True,,0.9068,1.3594,0.3539,0.0664
BOLIVIA,TARIJA,admin1,2017-11-26,35,788,nb,loglinear,7,0.75,3.708,False,33.851,1.1323,1.172,0.0589,-0.0144
BOLIVIA,TARIJA,admin1,2017-11-26,35,788,poisson,briere,3,1.0,-60.016,True,,1.4881,1.3511,0.0517,0.1066
BOLIVIA,TARIJA,admin1,2017-11-26,35,788,poisson,briere,3,0.75,0.893,False,-97.901,1.1949,1.1924,0.0131,0.0462
BOLIVIA,TARIJA,admin1,2017-11-26,35,788,poisson,briere,5,1.0,-46.289,True,,1.5561,1.3511,0.0523,0.0708
BOLIVIA,TARIJA,admin1,2017-11-26,35,788,poisson,briere,5,0.75,3.266,False,-13.09,1.2443,1.1924,0.0055,-0.0103
BOLIVIA,TARIJA,admin1,2017-11-26,35,788,poisson,briere,7,1.0,-37.765,True,,1.6233,1.3511,0.0463,0.0378
BOLIVIA,TARIJA,admin1,2017-11-26,35,788,poisson,briere,7,0.75,-2.773,True,330.296,1.2879,1.1924,0.0087,-0.0503
BOLIVIA,TARIJA,admin1,2017-11-26,35,788,poisson,loglinear,3,1.0,-97.547,True,,0.9708,1.3511,0.3727,-0.0227
BOLIVIA,TARIJA,admin1,2017-11-26,35,788,poisson,loglinear,3,0.75,-3.657,True,938.274,1.1278,1.1924,0.0983,0.004
BOLIVIA,TARIJA,admin1,2017-11-26,35,788,poisson,loglinear,5,1.0,-97.415,True,,0.9745,1.3511,0.3658,-0.0196
BOLIVIA,TARIJA,admin1,2017-11-26,35,788,poisson,loglinear,5,0.75,-5.293,True,1618.417,1.1589,1.1924,0.1181,-0.0297
BOLIVIA,TARIJA,admin1,2017-11-26,35,788,poisson,loglinear,7,1.0,-96.967,True,,0.9728,1.3511,0.3522,-0.0105
BOLIVIA,TARIJA,admin1,2017-11-26,35,788,poisson,loglinear,7,0.75,-11.967,True,2052.743,1.1842,1.1924,0.0982,-0.0588
BOLIVIA,SANTA CRUZ,admin1,2017-12-03,34,5598,nb,briere,3,1.0,-18.395,True,,1.5792,1.3068,0.9356,0.0171
BOLIVIA,SANTA CRUZ,admin1,2017-12-03,34,5598,nb,briere,3,0.75,-3.959,True,-42.6,1.821,1.1671,1.2981,0.021
BOLIVIA,SANTA CRUZ,admin1,2017-12-03,34,5598,nb,briere,5,1.0,-18.709,True,,1.5382,1.3068,0.8879,0.0304
BOLIVIA,SANTA CRUZ,admin1,2017-12-03,34,5598,nb,briere,5,0.75,-3.887,True,-48.883,1.7559,1.1671,1.2128,0.0219
BOLIVIA,SANTA CRUZ,admin1,2017-12-03,34,5598,nb,briere,7,1.0,-18.724,True,,1.5056,1.3068,0.8546,0.0382
BOLIVIA,SANTA CRUZ,admin1,2017-12-03,34,5598,nb,briere,7,0.75,-3.658,True,-46.283,1.8181,1.1671,1.2902,0.0074
BOLIVIA,SANTA CRUZ,admin1,2017-12-03,34,5598,nb,loglinear,3,1.0,-18.098,True,,0.9256,1.3068,0.3046,0.0237
BOLIVIA,SANTA CRUZ,admin1,2017-12-03,34,5598,nb,loglinear,3,0.75,-3.886,True,3.353,1.0318,1.1671,0.2369,0.0288
BOLIVIA,SANTA CRUZ,admin1,2017-12-03,34,5598,nb,loglinear,5,1.0,-18.231,True,,0.9253,1.3068,0.2928,0.0313
BOLIVIA,SANTA CRUZ,admin1,2017-12-03,34,5598,nb,loglinear,5,0.75,-3.667,True,3.529,1.0337,1.1671,0.2165,0.027
BOLIVIA,SANTA CRUZ,admin1,2017-12-03,34,5598,nb,loglinear,7,1.0,-18.063,True,,0.9229,1.3068,0.2878,0.0328
BOLIVIA,SANTA CRUZ,admin1,2017-12-03,34,5598,nb,loglinear,7,0.75,-3.328,True,-0.05,1.0416,1.1671,0.2297,0.0083
BOLIVIA,SANTA CRUZ,admin1,2017-12-03,34,5598,poisson,briere,3,1.0,-617.078,True,,1.6719,1.3627,1.0489,0.034
BOLIVIA,SANTA CRUZ,admin1,2017-12-03,34,5598,poisson,briere,3,0.75,-260.939,True,-952.355,1.7354,1.2756,1.1465,0.0343
BOLIVIA,SANTA CRUZ,admin1,2017-12-03,34,5598,poisson,briere,5,1.0,-603.429,True,,1.6532,1.3627,1.0302,0.026
BOLIVIA,SANTA CRUZ,admin1,2017-12-03,34,5598,poisson,briere,5,0.75,-242.384,True,-963.337,1.7013,1.2756,1.0856,0.0216
BOLIVIA,SANTA CRUZ,admin1,2017-12-03,34,5598,poisson,briere,7,1.0,-596.809,True,,1.7273,1.3627,0.9855,-0.0086
BOLIVIA,SANTA CRUZ,admin1,2017-12-03,34,5598,poisson,briere,7,0.75,-245.454,True,-925.509,1.8987,1.2756,1.1641,-0.0268
BOLIVIA,SANTA CRUZ,admin1,2017-12-03,34,5598,poisson,loglinear,3,1.0,-592.438,True,,0.9213,1.3627,0.3366,0.0354
BOLIVIA,SANTA CRUZ,admin1,2017-12-03,34,5598,poisson,loglinear,3,0.75,-245.271,True,2372.226,1.0514,1.2756,0.2109,0.0371
BOLIVIA,SANTA CRUZ,admin1,2017-12-03,34,5598,poisson,loglinear,5,1.0,-572.315,True,,0.9717,1.3627,0.3145,0.0037
BOLIVIA,SANTA CRUZ,admin1,2017-12-03,34,5598,poisson,loglinear,5,0.75,-223.942,True,-48.272,1.1024,1.2756,0.1931,0.0047
BOLIVIA,SANTA CRUZ,admin1,2017-12-03,34,5598,poisson,loglinear,7,1.0,-584.319,True,,1.0251,1.3627,0.3165,-0.031
BOLIVIA,SANTA CRUZ,admin1,2017-12-03,34,5598,poisson,loglinear,7,0.75,-241.23,True,-854.603,1.1758,1.2756,0.2234,-0.0447
BOLIVIA,CHUQUISACA,admin1,2017-12-17,30,390,nb,briere,3,1.0,-5.533,True,,1.3373,1.291,0.0851,-0.0056
BOLIVIA,CHUQUISACA,admin1,2017-12-17,30,390,nb,briere,3,0.75,2.431,False,-9.294,3.3607,1.047,0.3819,-0.0928
BOLIVIA,CHUQUISACA,admin1,2017-12-17,30,390,nb,briere,5,1.0,-6.019,True,,1.1732,1.291,0.0592,0.0711
BOLIVIA,CHUQUISACA,admin1,2017-12-17,30,390,nb,briere,5,0.75,3.063,False,-39.02,1.4058,1.047,0.1111,0.047
BOLIVIA,CHUQUISACA,admin1,2017-12-17,30,390,nb,briere,7,1.0,-8.383,True,,0.9562,1.291,0.0272,0.205
BOLIVIA,CHUQUISACA,admin1,2017-12-17,30,390,nb,briere,7,0.75,0.065,False,-37.881,1.0509,1.047,0.0625,0.2314
BOLIVIA,CHUQUISACA,admin1,2017-12-17,30,390,nb,loglinear,3,1.0,-6.104,True,,0.8761,1.291,0.4251,-0.0409
BOLIVIA,CHUQUISACA,admin1,2017-12-17,30,390,nb,loglinear,3,0.75,1.715,False,44.836,1.0996,1.047,0.3942,-0.0817
BOLIVIA,CHUQUISACA,admin1,2017-12-17,30,390,nb,loglinear,5,1.0,-6.054,True,,0.8778,1.291,0.2996,0.0451
BOLIVIA,CHUQUISACA,admin1,2017-12-17,30,390,nb,loglinear,5,0.75,2.468,False,9.748,1.0444,1.047,0.2512,0.014
BOLIVIA,CHUQUISACA,admin1,2017-12-17,30,390,nb,loglinear,7,1.0,-8.477,True,,0.8382,1.291,0.1355,0.1987
BOLIVIA,CHUQUISACA,admin1,2017-12-17,30,390,nb,loglinear,7,0.75,-0.35,True,-29.073,0.8925,1.047,0.147,0.2189
BOLIVIA,CHUQUISACA,admin1,2017-12-17,30,390,poisson,briere,3,1.0,-50.702,True,,1.5035,1.3253,0.118,0.0166
BOLIVIA,CHUQUISACA,admin1,2017-12-17,30,390,poisson,briere,3,0.75,-11.339,True,-190.431,3.2033,1.1366,0.3662,-0.05
BOLIVIA,CHUQUISACA,admin1,2017-12-17,30,390,poisson,briere,5,1.0,-53.845,True,,1.3562,1.3253,0.0952,0.0631
BOLIVIA,CHUQUISACA,admin1,2017-12-17,30,390,poisson,briere,5,0.75,-9.902,True,-205.054,2.0265,1.1366,0.2212,0.0221
BOLIVIA,CHUQUISACA,admin1,2017-12-17,30,390,poisson,briere,7,1.0,-66.039,True,,1.1425,1.3253,0.0669,0.1594
BOLIVIA,CHUQUISACA,admin1,2017-12-17,30,390,poisson,briere,7,0.75,-21.816,True,-208.039,1.4808,1.1366,0.1502,0.1479
BOLIVIA,CHUQUISACA,admin1,2017-12-17,30,390,poisson,loglinear,3,1.0,-56.396,True,,0.8457,1.3253,0.5479,-0.0389
BOLIVIA,CHUQUISACA,admin1,2017-12-17,30,390,poisson,loglinear,3,0.75,-13.036,True,1222.5,1.1033,1.1366,0.3469,-0.049
BOLIVIA,CHUQUISACA,admin1,2017-12-17,30,390,poisson,loglinear,5,1.0,-55.327,True,,0.8611,1.3253,0.4461,0.016
BOLIVIA,CHUQUISACA,admin1,2017-12-17,30,390,poisson,loglinear,5,0.75,-11.481,True,408.255,1.069,1.1366,0.2371,0.0164
BOLIVIA,CHUQUISACA,admin1,2017-12-17,30,390,poisson,loglinear,7,1.0,-68.623,True,,0.8302,1.3253,0.2855,0.1547
BOLIVIA,CHUQUISACA,admin1,2017-12-17,30,390,poisson,loglinear,7,0.75,-24.182,True,-47.316,0.9583,1.1366,0.1726,0.1494
BOLIVIA,BENI,admin1,2018-08-19,47,4108,nb,briere,3,1.0,-12.238,True,,1.2341,1.1891,0.0,-0.0746
BOLIVIA,BENI,admin1,2018-08-19,47,4108,nb,briere,3,0.75,0.693,False,-93.959,1.2528,1.2671,0.0,-0.0542
BOLIVIA,BENI,admin1,2018-08-19,47,4108,nb,briere,5,1.0,-13.925,True,,1.2026,1.1891,0.0,-0.0782
BOLIVIA,BENI,admin1,2018-08-19,47,4108,nb,briere,5,0.75,-0.627,True,-104.481,1.2074,1.2671,0.0,-0.0763
BOLIVIA,BENI,admin1,2018-08-19,47,4108,nb,briere,7,1.0,-15.521,True,,1.1651,1.1891,0.0,-0.0895
BOLIVIA,BENI,admin1,2018-08-19,47,4108,nb,briere,7,0.75,-3.021,True,-92.914,1.1052,1.2671,0.0,-0.1332
BOLIVIA,BENI,admin1,2018-08-19,47,4108,nb,loglinear,3,1.0,-17.101,True,,1.3606,1.1891,-0.1228,-0.078
BOLIVIA,BENI,admin1,2018-08-19,47,4108,nb,loglinear,3,0.75,-10.087,True,-12.681,1.3674,1.2671,-0.2778,-0.1797
BOLIVIA,BENI,admin1,2018-08-19,47,4108,nb,loglinear,5,1.0,-16.422,True,,1.2921,1.1891,-0.0873,-0.0744
BOLIVIA,BENI,admin1,2018-08-19,47,4108,nb,loglinear,5,0.75,-8.186,True,-34.078,1.2526,1.2671,-0.1941,-0.1605
BOLIVIA,BENI,admin1,2018-08-19,47,4108,nb,loglinear,7,1.0,-16.505,True,,1.2277,1.1891,-0.0568,-0.0822
BOLIVIA,BENI,admin1,2018-08-19,47,4108,nb,loglinear,7,0.75,-7.937,True,-65.714,1.1522,1.2671,-0.1394,-0.1734
BOLIVIA,BENI,admin1,2018-08-19,47,4108,poisson,briere,3,1.0,-371.423,True,,1.2891,1.1942,0.0,-0.1072
BOLIVIA,BENI,admin1,2018-08-19,47,4108,poisson,briere,3,0.75,-116.968,True,-764.663,1.3028,1.2894,0.0,-0.0889
BOLIVIA,BENI,admin1,2018-08-19,47,4108,poisson,briere,5,1.0,-391.761,True,,1.2312,1.1942,0.0,-0.1064
BOLIVIA,BENI,admin1,2018-08-19,47,4108,poisson,briere,5,0.75,-137.327,True,-840.01,1.2339,1.2894,0.0,-0.1085
BOLIVIA,BENI,admin1,2018-08-19,47,4108,poisson,briere,7,1.0,-399.078,True,,1.2237,1.1942,0.1782,-0.1238
BOLIVIA,BENI,admin1,2018-08-19,47,4108,poisson,briere,7,0.75,-157.404,True,-725.019,1.1281,1.2894,0.0,-0.1497
BOLIVIA,BENI,admin1,2018-08-19,47,4108,poisson,loglinear,3,1.0,-408.594,True,,1.3714,1.1942,-0.102,-0.1009
BOLIVIA,BENI,admin1,2018-08-19,47,4108,poisson,loglinear,3,0.75,-206.712,True,1388.81,1.3615,1.2894,-0.2365,-0.1583
BOLIVIA,BENI,admin1,2018-08-19,47,4108,poisson,loglinear,5,1.0,-398.608,True,,1.2687,1.1942,-0.0454,-0.0998
BOLIVIA,BENI,admin1,2018-08-19,47,4108,poisson,loglinear,5,0.75,-178.473,True,-11.75,1.2487,1.2894,-0.1386,-0.1423
BOLIVIA,BENI,admin1,2018-08-19,47,4108,poisson,loglinear,7,1.0,-397.455,True,,1.1569,1.1942,0.0146,-0.1177
BOLIVIA,BENI,admin1,2018-08-19,47,4108,poisson,loglinear,7,0.75,-167.19,True,-619.501,1.1414,1.2894,-0.0633,-0.1561
BOLIVIA,COCHABAMBA,admin1,2018-09-16,50,714,nb,briere,3,1.0,3.496,False,,1.0939,1.1153,0.0,0.0151
BOLIVIA,COCHABAMBA,admin1,2018-09-16,50,714,nb,briere,3,0.75,2.496,False,20.949,1.1024,1.1239,0.002,0.0309
BOLIVIA,COCHABAMBA,admin1,2018-09-16,50,714,nb,briere,5,1.0,3.091,False,,1.0947,1.1153,0.0,0.0175
BOLIVIA,COCHABAMBA,admin1,2018-09-16,50,714,nb,briere,5,0.75,0.97,False,46.515,1.1107,1.1239,0.0,0.0447
BOLIVIA,COCHABAMBA,admin1,2018-09-16,50,714,nb,briere,7,1.0,3.23,False,,1.1026,1.1153,0.0,0.0146
BOLIVIA,COCHABAMBA,admin1,2018-09-16,50,714,nb,briere,7,0.75,0.423,False,79.001,1.1343,1.1239,0.0,0.0521
BOLIVIA,COCHABAMBA,admin1,2018-09-16,50,714,nb,loglinear,3,1.0,3.174,False,,1.029,1.1153,0.0487,0.0165
BOLIVIA,COCHABAMBA,admin1,2018-09-16,50,714,nb,loglinear,3,0.75,1.239,False,-1.11,1.0168,1.1239,0.0748,0.0462
BOLIVIA,COCHABAMBA,admin1,2018-09-16,50,714,nb,loglinear,5,1.0,2.877,False,,1.0449,1.1153,0.0388,0.0178
BOLIVIA,COCHABAMBA,admin1,2018-09-16,50,714,nb,loglinear,5,0.75,-0.907,True,1.33,1.0051,1.1239,0.1053,0.0676
BOLIVIA,COCHABAMBA,admin1,2018-09-16,50,714,nb,loglinear,7,1.0,3.135,False,,1.0694,1.1153,0.0267,0.014
BOLIVIA,COCHABAMBA,admin1,2018-09-16,50,714,nb,loglinear,7,0.75,-0.452,True,65.463,1.0658,1.1239,0.0769,0.0654
BOLIVIA,COCHABAMBA,admin1,2018-09-16,50,714,poisson,briere,3,1.0,3.376,False,,1.1015,1.1197,0.0,0.012
BOLIVIA,COCHABAMBA,admin1,2018-09-16,50,714,poisson,briere,3,0.75,0.981,False,42.034,1.1101,1.1343,0.0032,0.03
BOLIVIA,COCHABAMBA,admin1,2018-09-16,50,714,poisson,briere,5,1.0,2.367,False,,1.099,1.1197,0.0,0.0161
BOLIVIA,COCHABAMBA,admin1,2018-09-16,50,714,poisson,briere,5,0.75,-3.597,True,88.031,1.1133,1.1343,0.0003,0.0477
BOLIVIA,COCHABAMBA,admin1,2018-09-16,50,714,poisson,briere,7,1.0,2.55,False,,1.1066,1.1197,0.0,0.0134
BOLIVIA,COCHABAMBA,admin1,2018-09-16,50,714,poisson,briere,7,0.75,-6.075,True,148.549,1.1382,1.1343,0.0,0.0575
BOLIVIA,COCHABAMBA,admin1,2018-09-16,50,714,poisson,loglinear,3,1.0,2.949,False,,1.0556,1.1197,0.0354,0.0126
BOLIVIA,COCHABAMBA,admin1,2018-09-16,50,714,poisson,loglinear,3,0.75,-2.133,True,-2.562,1.0191,1.1343,0.0805,0.0459
BOLIVIA,COCHABAMBA,admin1,2018-09-16,50,714,poisson,loglinear,5,1.0,2.114,False,,1.066,1.1197,0.0266,0.0158
BOLIVIA,COCHABAMBA,admin1,2018-09-16,50,714,poisson,loglinear,5,0.75,-8.98,True,6.633,1.0021,1.1343,0.1168,0.074
BOLIVIA,COCHABAMBA,admin1,2018-09-16,50,714,poisson,loglinear,7,1.0,2.462,False,,1.087,1.1197,0.0162,0.0127
BOLIVIA,COCHABAMBA,admin1,2018-09-16,50,714,poisson,loglinear,7,0.75,-8.834,True,137.379,1.0639,1.1343,0.0899,0.0729
BOLIVIA,PANDO,admin1,2018-12-02,37,1996,nb,briere,3,1.0,-2.597,True,,1.4352,1.1518,0.8691,0.0964
BOLIVIA,PANDO,admin1,2018-12-02,37,1996,nb,briere,3,0.75,-11.838,True,420.658,0.7489,1.1041,0.0,0.4221
BOLIVIA,PANDO,admin1,2018-12-02,37,1996,nb,briere,5,1.0,-1.746,True,,1.8726,1.1518,1.4637,0.1099
BOLIVIA,PANDO,admin1,2018-12-02,37,1996,nb,briere,5,0.75,-14.98,True,521.899,0.8479,1.1041,0.0,0.4765
BOLIVIA,PANDO,admin1,2018-12-02,37,1996,nb,briere,7,1.0,-0.164,True,,2.2348,1.1518,1.7556,0.1105
BOLIVIA,PANDO,admin1,2018-12-02,37,1996,nb,briere,7,0.75,-15.846,True,523.319,1.0368,1.1041,0.0,0.4185
BOLIVIA,PANDO,admin1,2018-12-02,37,1996,nb,loglinear,3,1.0,-2.37,True,,0.966,1.1518,0.0699,0.0978
BOLIVIA,PANDO,admin1,2018-12-02,37,1996,nb,loglinear,3,0.75,-13.26,True,476.901,0.7085,1.1041,-0.1008,0.49
BOLIVIA,PANDO,admin1,2018-12-02,37,1996,nb,loglinear,5,1.0,-1.368,True,,0.962,1.1518,0.1227,0.1117
BOLIVIA,PANDO,admin1,2018-12-02,37,1996,nb,loglinear,5,0.75,-16.004,True,659.365,0.9599,1.1041,-0.1642,0.4368
BOLIVIA,PANDO,admin1,2018-12-02,37,1996,nb,loglinear,7,1.0,0.317,False,,1.0187,1.1518,0.1342,0.1052
BOLIVIA,PANDO,admin1,2018-12-02,37,1996,nb,loglinear,7,0.75,-16.455,True,638.098,1.1046,1.1041,-0.1209,0.3786
BOLIVIA,PANDO,admin1,2018-12-02,37,1996,poisson,briere,3,1.0,-93.072,True,,1.6022,1.2095,1.1253,0.1365
BOLIVIA,PANDO,admin1,2018-12-02,37,1996,poisson,briere,3,0.75,-257.344,True,1011.777,0.6975,1.1907,0.0,0.5215
BOLIVIA,PANDO,admin1,2018-12-02,37,1996,poisson,briere,5,1.0,-68.662,True,,2.0505,1.2095,1.6519,0.1467
BOLIVIA,PANDO,admin1,2018-12-02,37,1996,poisson,briere,5,0.75,-255.564,True,1036.124,0.8646,1.1907,0.0,0.5022
BOLIVIA,PANDO,admin1,2018-12-02,37,1996,poisson,briere,7,1.0,-52.76,True,,2.0685,1.2095,1.4617,0.1245
BOLIVIA,PANDO,admin1,2018-12-02,37,1996,poisson,briere,7,0.75,-265.642,True,1136.458,1.0571,1.1907,0.0,0.4529
BOLIVIA,PANDO,admin1,2018-12-02,37,1996,poisson,loglinear,3,1.0,-89.269,True,,0.9595,1.2095,0.0933,0.1384
BOLIVIA,PANDO,admin1,2018-12-02,37,1996,poisson,loglinear,3,0.75,-266.421,True,1029.2,0.6873,1.1907,-0.0797,0.5551
BOLIVIA,PANDO,admin1,2018-12-02,37,1996,poisson,loglinear,5,1.0,-63.165,True,,0.9809,1.2095,0.129,0.1428
BOLIVIA,PANDO,admin1,2018-12-02,37,1996,poisson,loglinear,5,0.75,-278.916,True,1238.692,0.9712,1.1907,-0.1744,0.463
BOLIVIA,PANDO,admin1,2018-12-02,37,1996,poisson,loglinear,7,1.0,-47.399,True,,1.0762,1.2095,0.1107,0.119
BOLIVIA,PANDO,admin1,2018-12-02,37,1996,poisson,loglinear,7,0.75,-284.196,True,1343.46,1.1341,1.1907,-0.1503,0.4078
BOLIVIA,COCHABAMBA,admin1,2019-09-01,47,11239,nb,briere,3,1.0,-37.429,True,,1.1166,1.3316,0.0348,-0.6238
BOLIVIA,COCHABAMBA,admin1,2019-09-01,47,11239,nb,briere,3,0.75,2.115,False,-22.541,1.1022,1.3091,0.0,-0.4642
BOLIVIA,COCHABAMBA,admin1,2019-09-01,47,11239,nb,briere,5,1.0,-28.776,True,,1.1661,1.3316,0.0626,-0.6792
BOLIVIA,COCHABAMBA,admin1,2019-09-01,47,11239,nb,briere,5,0.75,2.386,False,19.788,1.1122,1.3091,0.0,-0.4695
BOLIVIA,COCHABAMBA,admin1,2019-09-01,47,11239,nb,briere,7,1.0,-14.971,True,,1.3715,1.3316,0.0557,-0.0999
BOLIVIA,COCHABAMBA,admin1,2019-09-01,47,11239,nb,briere,7,0.75,3.286,False,33.186,1.2235,1.3091,0.0,-0.1236
BOLIVIA,COCHABAMBA,admin1,2019-09-01,47,11239,nb,loglinear,3,1.0,-39.204,True,,0.8629,1.3316,0.1988,-0.6509
BOLIVIA,COCHABAMBA,admin1,2019-09-01,47,11239,nb,loglinear,3,0.75,1.821,False,7.148,1.2418,1.3091,-0.0596,-0.2553
BOLIVIA,COCHABAMBA,admin1,2019-09-01,47,11239,nb,loglinear,5,1.0,-34.161,True,,0.7739,1.3316,0.3195,-0.6934
BOLIVIA,COCHABAMBA,admin1,2019-09-01,47,11239,nb,loglinear,5,0.75,1.887,False,46.023,1.2725,1.3091,-0.0696,-0.223
BOLIVIA,COCHABAMBA,admin1,2019-09-01,47,11239,nb,loglinear,7,1.0,-20.123,True,,0.8988,1.3316,0.3195,-0.1422
BOLIVIA,COCHABAMBA,admin1,2019-09-01,47,11239,nb,loglinear,7,0.75,2.059,False,69.26,1.3558,1.3091,-0.0907,-0.0488
BOLIVIA,COCHABAMBA,admin1,2019-09-01,47,11239,poisson,briere,3,1.0,-395.537,True,,1.0395,1.2839,0.0414,-0.8527
BOLIVIA,COCHABAMBA,admin1,2019-09-01,47,11239,poisson,briere,3,0.75,-112.365,True,-18.611,1.0549,1.2916,0.0,-0.5754
BOLIVIA,COCHABAMBA,admin1,2019-09-01,47,11239,poisson,briere,5,1.0,-226.51,True,,1.1297,1.2839,0.0403,-0.6344
BOLIVIA,COCHABAMBA,admin1,2019-09-01,47,11239,poisson,briere,5,0.75,-82.897,True,411.229,1.0942,1.2916,0.0,-0.4959
BOLIVIA,COCHABAMBA,admin1,2019-09-01,47,11239,poisson,briere,7,1.0,-40.712,True,,1.2857,1.2839,0.0206,-0.074
BOLIVIA,COCHABAMBA,admin1,2019-09-01,47,11239,poisson,briere,7,0.75,-13.063,True,101.19,1.2415,1.2916,0.0,-0.0751
BOLIVIA,COCHABAMBA,admin1,2019-09-01,47,11239,poisson,loglinear,3,1.0,-363.901,True,,0.836,1.2839,0.184,-0.7427
BOLIVIA,COCHABAMBA,admin1,2019-09-01,47,11239,poisson,loglinear,3,0.75,-136.048,True,507.971,1.2534,1.2916,-0.0905,-0.3005
BOLIVIA,COCHABAMBA,admin1,2019-09-01,47,11239,poisson,loglinear,5,1.0,-201.867,True,,0.9156,1.2839,0.1747,-0.5308
BOLIVIA,COCHABAMBA,admin1,2019-09-01,47,11239,poisson,loglinear,5,0.75,-130.769,True,1556.073,1.3106,1.2916,-0.1089,-0.2285
BOLIVIA,COCHABAMBA,admin1,2019-09-01,47,11239,poisson,loglinear,7,1.0,-40.056,True,,1.1334,1.2839,0.0978,-0.061
BOLIVIA,COCHABAMBA,admin1,2019-09-01,47,11239,poisson,loglinear,7,0.75,-113.623,True,1529.885,1.4279,1.2916,-0.14,-0.0183
BOLIVIA,LA PAZ,admin1,2019-09-08,43,2293,nb,briere,3,1.0,-3.284,True,,2.5202,1.2298,0.053,0.058
BOLIVIA,LA PAZ,admin1,2019-09-08,43,2293,nb,briere,3,0.75,3.631,False,37.598,2.5321,1.1616,0.0509,0.1489
BOLIVIA,LA PAZ,admin1,2019-09-08,43,2293,nb,briere,5,1.0,-2.48,True,,2.4272,1.2298,0.0488,0.0617
BOLIVIA,LA PAZ,admin1,2019-09-08,43,2293,nb,briere,5,0.75,-0.443,True,376.478,2.7487,1.1616,0.0501,0.3135
BOLIVIA,LA PAZ,admin1,2019-09-08,43,2293,nb,briere,7,1.0,-1.538,True,,2.574,1.2298,0.0513,0.0711
BOLIVIA,LA PAZ,admin1,2019-09-08,43,2293,nb,briere,7,0.75,-2.813,True,125.581,2.7464,1.1616,0.0479,0.285
BOLIVIA,LA PAZ,admin1,2019-09-08,43,2293,nb,loglinear,3,1.0,-7.402,True,,1.0041,1.2298,0.2093,-0.0656
BOLIVIA,LA PAZ,admin1,2019-09-08,43,2293,nb,loglinear,3,0.75,-2.869,True,128.669,1.0476,1.1616,0.1762,-0.0882
BOLIVIA,LA PAZ,admin1,2019-09-08,43,2293,nb,loglinear,5,1.0,-7.742,True,,0.9781,1.2298,0.2059,-0.0769
BOLIVIA,LA PAZ,admin1,2019-09-08,43,2293,nb,loglinear,5,0.75,-2.278,True,43.245,1.1604,1.1616,0.1477,0.0495
BOLIVIA,LA PAZ,admin1,2019-09-08,43,2293,nb,loglinear,7,1.0,-7.573,True,,0.98,1.2298,0.1788,-0.0738
BOLIVIA,LA PAZ,admin1,2019-09-08,43,2293,nb,loglinear,7,0.75,-3.781,True,60.657,1.2952,1.1616,0.0966,0.1752
BOLIVIA,LA PAZ,admin1,2019-09-08,43,2293,poisson,briere,3,1.0,-40.942,True,,1.441,1.2519,0.0112,0.0553
BOLIVIA,LA PAZ,admin1,2019-09-08,43,2293,poisson,briere,3,0.75,3.313,False,-150.216,2.4964,1.2056,0.0511,0.0473
BOLIVIA,LA PAZ,admin1,2019-09-08,43,2293,poisson,briere,5,1.0,-41.589,True,,2.5327,1.2519,0.0505,0.0692
BOLIVIA,LA PAZ,admin1,2019-09-08,43,2293,poisson,briere,5,0.75,-14.569,True,592.672,2.1847,1.2056,0.0334,0.3229
BOLIVIA,LA PAZ,admin1,2019-09-08,43,2293,poisson,briere,7,1.0,-55.873,True,,2.5654,1.2519,0.0488,0.109
BOLIVIA,LA PAZ,admin1,2019-09-08,43,2293,poisson,briere,7,0.75,-53.418,True,76.995,2.3893,1.2056,0.0379,0.2792
BOLIVIA,LA PAZ,admin1,2019-09-08,43,2293,poisson,loglinear,3,1.0,-94.451,True,,0.9696,1.2519,0.2653,-0.0753
BOLIVIA,LA PAZ,admin1,2019-09-08,43,2293,poisson,loglinear,3,0.75,-62.402,True,3209.976,1.0503,1.2056,0.1892,-0.0931
BOLIVIA,LA PAZ,admin1,2019-09-08,43,2293,poisson,loglinear,5,1.0,-87.189,True,,1.003,1.2519,0.2107,-0.0532
BOLIVIA,LA PAZ,admin1,2019-09-08,43,2293,poisson,loglinear,5,0.75,-56.531,True,23.711,1.1323,1.2056,0.1755,0.018
BOLIVIA,LA PAZ,admin1,2019-09-08,43,2293,poisson,loglinear,7,1.0,-82.038,True,,1.1051,1.2519,0.1416,0.0183
BOLIVIA,LA PAZ,admin1,2019-09-08,43,2293,poisson,loglinear,7,0.75,-72.14,True,52.08,1.2647,1.2056,0.125,0.1516
BOLIVIA,BENI,admin1,2019-10-13,33,8136,nb,briere,3,1.0,-15.677,True,,1.2176,1.3301,0.0,0.1254
BOLIVIA,BENI,admin1,2019-10-13,33,8136,nb,briere,3,0.75,-13.676,True,-10.99,1.2301,1.2952,0.0,0.1377
BOLIVIA,BENI,admin1,2019-10-13,33,8136,nb,briere,5,1.0,-9.802,True,,1.288,1.3301,0.0,0.0826
BOLIVIA,BENI,admin1,2019-10-13,33,8136,nb,briere,5,0.75,-11.903,True,19.684,1.3165,1.2952,0.0,0.1212
BOLIVIA,BENI,admin1,2019-10-13,33,8136,nb,briere,7,1.0,-4.077,True,,1.3253,1.3301,0.0,0.0565
BOLIVIA,BENI,admin1,2019-10-13,33,8136,nb,briere,7,0.75,-9.169,True,66.155,1.3834,1.2952,0.0,0.1181
BOLIVIA,BENI,admin1,2019-10-13,33,8136,nb,loglinear,3,1.0,-20.227,True,,1.2891,1.3301,-0.1322,0.1353
BOLIVIA,BENI,admin1,2019-10-13,33,8136,nb,loglinear,3,0.75,-14.874,True,-8.87,1.2158,1.2952,-0.1003,0.1205
BOLIVIA,BENI,admin1,2019-10-13,33,8136,nb,loglinear,5,1.0,-19.054,True,,1.4023,1.3301,-0.2093,0.1063
BOLIVIA,BENI,admin1,2019-10-13,33,8136,nb,loglinear,5,0.75,-14.393,True,-3.902,1.2827,1.2952,-0.136,0.104
BOLIVIA,BENI,admin1,2019-10-13,33,8136,nb,loglinear,7,1.0,-16.629,True,,1.4812,1.3301,-0.2676,0.0919
BOLIVIA,BENI,admin1,2019-10-13,33,8136,nb,loglinear,7,0.75,-12.932,True,-2.468,1.3331,1.2952,-0.1535,0.0992
BOLIVIA,BENI,admin1,2019-10-13,33,8136,poisson,briere,3,1.0,-191.182,True,,1.2603,1.3911,0.0,0.1028
BOLIVIA,BENI,admin1,2019-10-13,33,8136,poisson,briere,3,0.75,-172.162,True,4.76,1.3559,1.3818,0.224,0.1025
BOLIVIA,BENI,admin1,2019-10-13,33,8136,poisson,briere,5,1.0,-123.131,True,,1.3341,1.3911,0.0,0.0628
BOLIVIA,BENI,admin1,2019-10-13,33,8136,poisson,briere,5,0.75,-139.192,True,78.157,1.4093,1.3818,0.1626,0.0778
BOLIVIA,BENI,admin1,2019-10-13,33,8136,poisson,briere,7,1.0,-74.441,True,,1.3736,1.3911,0.0,0.0443
BOLIVIA,BENI,admin1,2019-10-13,33,8136,poisson,briere,7,0.75,-119.295,True,150.145,1.4237,1.3818,0.0703,0.073
BOLIVIA,BENI,admin1,2019-10-13,33,8136,poisson,loglinear,3,1.0,-203.299,True,,1.2841,1.3911,-0.062,0.1079
BOLIVIA,BENI,admin1,2019-10-13,33,8136,poisson,loglinear,3,0.75,-171.493,True,-14.937,1.2709,1.3818,0.0123,0.1027
BOLIVIA,BENI,admin1,2019-10-13,33,8136,poisson,loglinear,5,1.0,-156.371,True,,1.3786,1.3911,-0.111,0.0734
BOLIVIA,BENI,admin1,2019-10-13,33,8136,poisson,loglinear,5,0.75,-138.619,True,44.08,1.3426,1.3818,0.0026,0.0774
BOLIVIA,BENI,admin1,2019-10-13,33,8136,poisson,loglinear,7,1.0,-122.721,True,,1.436,1.3911,-0.144,0.061
BOLIVIA,BENI,admin1,2019-10-13,33,8136,poisson,loglinear,7,0.75,-119.387,True,93.325,1.39,1.3818,-0.0089,0.0724
BOLIVIA,BOLIVIA,national,2019-11-10,30,114144,nb,briere,3,1.0,1.656,False,,1.498,1.4749,0.2119,0.0515
BOLIVIA,BOLIVIA,national,2019-11-10,30,114144,nb,briere,3,0.75,-4.289,True,413.491,2.5204,1.4554,1.8646,0.0979
BOLIVIA,BOLIVIA,national,2019-11-10,30,114144,nb,briere,5,1.0,-13.428,True,,1.2861,1.4749,0.0,0.1914
BOLIVIA,BOLIVIA,national,2019-11-10,30,114144,nb,briere,5,0.75,-17.681,True,212.952,1.7498,1.4554,0.9278,0.226
BOLIVIA,BOLIVIA,national,2019-11-10,30,114144,nb,briere,7,1.0,-11.361,True,,1.3958,1.4749,0.0,0.1242
BOLIVIA,BOLIVIA,national,2019-11-10,30,114144,nb,briere,7,0.75,-14.261,True,18.36,1.4157,1.4554,0.0,0.1582
BOLIVIA,BOLIVIA,national,2019-11-10,30,114144,nb,loglinear,3,1.0,1.134,False,,1.353,1.4749,0.0703,0.048
BOLIVIA,BOLIVIA,national,2019-11-10,30,114144,nb,loglinear,3,0.75,-3.721,True,349.482,1.3392,1.4554,0.1946,0.1012
BOLIVIA,BOLIVIA,national,2019-11-10,30,114144,nb,loglinear,5,1.0,-14.981,True,,1.3189,1.4749,-0.0849,0.2344
BOLIVIA,BOLIVIA,national,2019-11-10,30,114144,nb,loglinear,5,0.75,-17.736,True,206.209,1.2765,1.4554,0.1025,0.2284
BOLIVIA,BOLIVIA,national,2019-11-10,30,114144,nb,loglinear,7,1.0,-14.017,True,,1.4788,1.4749,-0.1188,0.1717
BOLIVIA,BOLIVIA,national,2019-11-10,30,114144,nb,loglinear,7,0.75,-14.578,True,-2.058,1.4155,1.4554,-0.0601,0.1791
BOLIVIA,BOLIVIA,national,2019-11-10,30,114144,poisson,briere,3,1.0,-3.533,True,,1.5836,1.5517,0.0491,-0.0093
BOLIVIA,BOLIVIA,national,2019-11-10,30,114144,poisson,briere,3,0.75,-745.822,True,3293.351,2.1416,1.5819,0.9199,-0.0188
BOLIVIA,BOLIVIA,national,2019-11-10,30,114144,poisson,briere,5,1.0,-929.528,True,,1.4101,1.5517,0.0,0.1234
BOLIVIA,BOLIVIA,national,2019-11-10,30,114144,poisson,briere,5,0.75,-1646.871,True,3046.54,1.861,1.5819,0.8251,0.127
BOLIVIA,BOLIVIA,national,2019-11-10,30,114144,poisson,briere,7,1.0,-1221.702,True,,1.4541,1.5517,0.0,0.0915
BOLIVIA,BOLIVIA,national,2019-11-10,30,114144,poisson,briere,7,0.75,-1471.122,True,1436.986,1.6879,1.5819,0.3934,0.0826
BOLIVIA,BOLIVIA,national,2019-11-10,30,114144,poisson,loglinear,3,1.0,-42.202,True,,1.5356,1.5517,0.0331,-0.0154
BOLIVIA,BOLIVIA,national,2019-11-10,30,114144,poisson,loglinear,3,0.75,-712.909,True,5653.096,1.5641,1.5819,0.0975,-0.0135
BOLIVIA,BOLIVIA,national,2019-11-10,30,114144,poisson,loglinear,5,1.0,-936.036,True,,1.4005,1.5517,0.0128,0.1223
BOLIVIA,BOLIVIA,national,2019-11-10,30,114144,poisson,loglinear,5,0.75,-1686.804,True,5079.765,1.4023,1.5819,0.0933,0.131
BOLIVIA,BOLIVIA,national,2019-11-10,30,114144,poisson,loglinear,7,1.0,-1304.965,True,,1.4841,1.5517,-0.0465,0.1023
BOLIVIA,BOLIVIA,national,2019-11-10,30,114144,poisson,loglinear,7,0.75,-1456.592,True,1962.82,1.4772,1.5819,0.0407,0.0833
BOLIVIA,CHUQUISACA,admin1,2019-11-10,31,4325,nb,briere,3,1.0,-7.453,True,,2.1531,1.6624,0.0542,-0.2083
BOLIVIA,CHUQUISACA,admin1,2019-11-10,31,4325,nb,briere,3,0.75,-7.889,True,5.548,2.3636,1.6759,0.0885,-0.288
BOLIVIA,CHUQUISACA,admin1,2019-11-10,31,4325,nb,briere,5,1.0,2.144,False,,1.8578,1.6624,0.0364,-0.082
BOLIVIA,CHUQUISACA,admin1,2019-11-10,31,4325,nb,briere,5,0.75,3.09,False,6.478,1.7286,1.6759,0.0,-0.0877
BOLIVIA,CHUQUISACA,admin1,2019-11-10,31,4325,nb,briere,7,1.0,-2.168,True,,1.9244,1.6624,0.0598,-0.1622
BOLIVIA,CHUQUISACA,admin1,2019-11-10,31,4325,nb,briere,7,0.75,-1.578,True,36.456,1.6973,1.6759,0.0,-0.1911
BOLIVIA,CHUQUISACA,admin1,2019-11-10,31,4325,nb,loglinear,3,1.0,-7.029,True,,1.367,1.6624,0.4038,-0.1498
BOLIVIA,CHUQUISACA,admin1,2019-11-10,31,4325,nb,loglinear,3,0.75,-8.03,True,4.968,1.7692,1.6759,0.1662,-0.2411
BOLIVIA,CHUQUISACA,admin1,2019-11-10,31,4325,nb,loglinear,5,1.0,-0.841,True,,1.349,1.6624,0.3106,-0.0496
BOLIVIA,CHUQUISACA,admin1,2019-11-10,31,4325,nb,loglinear,5,0.75,-0.125,True,77.754,1.4537,1.6759,0.2769,0.0187
BOLIVIA,CHUQUISACA,admin1,2019-11-10,31,4325,nb,loglinear,7,1.0,-3.524,True,,1.2762,1.6624,0.3746,-0.1097
BOLIVIA,CHUQUISACA,admin1,2019-11-10,31,4325,nb,loglinear,7,0.75,-2.706,True,0.275,1.5449,1.6759,0.1758,-0.1503
BOLIVIA,CHUQUISACA,admin1,2019-11-10,31,4325,poisson,briere,3,1.0,-99.285,True,,2.0101,1.5589,0.0674,-0.1517
BOLIVIA,CHUQUISACA,admin1,2019-11-10,31,4325,poisson,briere,3,0.75,-135.457,True,147.935,2.2434,1.5494,0.1069,-0.2367
BOLIVIA,CHUQUISACA,admin1,2019-11-10,31,4325,poisson,briere,5,1.0,-7.286,True,,1.6889,1.5589,0.0332,-0.0363
BOLIVIA,CHUQUISACA,admin1,2019-11-10,31,4325,poisson,briere,5,0.75,-1.837,True,61.417,1.5992,1.5494,0.0026,-0.0651
BOLIVIA,CHUQUISACA,admin1,2019-11-10,31,4325,poisson,briere,7,1.0,-55.558,True,,1.8442,1.5589,0.0633,-0.1738
BOLIVIA,CHUQUISACA,admin1,2019-11-10,31,4325,poisson,briere,7,0.75,-65.857,True,502.242,1.6236,1.5494,0.0,-0.2345
BOLIVIA,CHUQUISACA,admin1,2019-11-10,31,4325,poisson,loglinear,3,1.0,-142.334,True,,1.2061,1.5589,0.465,-0.126
BOLIVIA,CHUQUISACA,admin1,2019-11-10,31,4325,poisson,loglinear,3,0.75,-165.207,True,54.2,1.5587,1.5494,0.2399,-0.194
BOLIVIA,CHUQUISACA,admin1,2019-11-10,31,4325,poisson,loglinear,5,1.0,-69.024,True,,1.2129,1.5589,0.3429,-0.0224
BOLIVIA,CHUQUISACA,admin1,2019-11-10,31,4325,poisson,loglinear,5,0.75,-64.592,True,126.457,1.3439,1.5494,0.2725,0.0386
BOLIVIA,CHUQUISACA,admin1,2019-11-10,31,4325,poisson,loglinear,7,1.0,-94.118,True,,1.2045,1.5589,0.3744,-0.1167
BOLIVIA,CHUQUISACA,admin1,2019-11-10,31,4325,poisson,loglinear,7,0.75,-87.572,True,19.14,1.4643,1.5494,0.179,-0.16
BOLIVIA,TARIJA,admin1,2019-12-01,32,7491,nb,briere,3,1.0,-3.879,True,,2.2675,1.7159,0.0,-0.3386
BOLIVIA,TARIJA,admin1,2019-12-01,32,7491,nb,briere,3,0.75,-4.972,True,45.665,2.2498,1.6576,0.0558,-0.1367
BOLIVIA,TARIJA,admin1,2019-12-01,32,7491,nb,briere,5,1.0,1.556,False,,2.4051,1.7159,0.1149,0.0113
BOLIVIA,TARIJA,admin1,2019-12-01,32,7491,nb,briere,5,0.75,-5.692,True,93.793,2.3423,1.6576,0.0843,-0.2054
BOLIVIA,TARIJA,admin1,2019-12-01,32,7491,nb,briere,7,1.0,-2.743,True,,2.1468,1.7159,0.0811,0.1086
BOLIVIA,TARIJA,admin1,2019-12-01,32,7491,nb,briere,7,0.75,-0.405,True,24.355,1.9989,1.6576,0.0523,-0.0396
BOLIVIA,TARIJA,admin1,2019-12-01,32,7491,nb,loglinear,3,1.0,-11.837,True,,2.2813,1.7159,-0.1318,-0.2661
BOLIVIA,TARIJA,admin1,2019-12-01,32,7491,nb,loglinear,3,0.75,-3.965,True,5.877,1.8298,1.6576,0.0642,-0.1461
BOLIVIA,TARIJA,admin1,2019-12-01,32,7491,nb,loglinear,5,1.0,-8.166,True,,0.8737,1.7159,0.7407,-0.0368
BOLIVIA,TARIJA,admin1,2019-12-01,32,7491,nb,loglinear,5,0.75,-3.507,True,21.207,1.6584,1.6576,0.1278,-0.1197
BOLIVIA,TARIJA,admin1,2019-12-01,32,7491,nb,loglinear,7,1.0,-8.779,True,,0.9548,1.7159,0.6168,0.0634
BOLIVIA,TARIJA,admin1,2019-12-01,32,7491,nb,loglinear,7,0.75,-1.313,True,-11.455,1.3129,1.6576,0.3539,0.0415
BOLIVIA,TARIJA,admin1,2019-12-01,32,7491,poisson,briere,3,1.0,-219.495,True,,2.1552,1.5656,0.0059,-0.2294
BOLIVIA,TARIJA,admin1,2019-12-01,32,7491,poisson,briere,3,0.75,-308.264,True,317.632,2.318,1.5354,0.0566,-0.1593
BOLIVIA,TARIJA,admin1,2019-12-01,32,7491,poisson,briere,5,1.0,-142.426,True,,2.0515,1.5656,0.0659,-0.0503
BOLIVIA,TARIJA,admin1,2019-12-01,32,7491,poisson,briere,5,0.75,-323.131,True,1306.64,2.2295,1.5354,0.0775,-0.1848
BOLIVIA,TARIJA,admin1,2019-12-01,32,7491,poisson,briere,7,1.0,-119.467,True,,1.8169,1.5656,0.0457,0.023
BOLIVIA,TARIJA,admin1,2019-12-01,32,7491,poisson,briere,7,0.75,-154.05,True,413.949,1.8248,1.5354,0.0438,-0.0743
BOLIVIA,TARIJA,admin1,2019-12-01,32,7491,poisson,loglinear,3,1.0,-303.986,True,,1.093,1.5656,0.5755,-0.096
BOLIVIA,TARIJA,admin1,2019-12-01,32,7491,poisson,loglinear,3,0.75,-242.25,True,-95.097,1.521,1.5354,0.2831,-0.1065
BOLIVIA,TARIJA,admin1,2019-12-01,32,7491,poisson,loglinear,5,1.0,-264.261,True,,1.0027,1.5656,0.5743,-0.0644
BOLIVIA,TARIJA,admin1,2019-12-01,32,7491,poisson,loglinear,5,0.75,-206.795,True,151.356,1.3907,1.5354,0.2865,-0.0781
BOLIVIA,TARIJA,admin1,2019-12-01,32,7491,poisson,loglinear,7,1.0,-218.012,True,,1.0407,1.5656,0.4722,0.0008
BOLIVIA,TARIJA,admin1,2019-12-01,32,7491,poisson,loglinear,7,0.75,-148.003,True,-43.336,1.3082,1.5354,0.2845,-0.0111
BOLIVIA,COCHABAMBA,admin1,2020-08-09,49,507,nb,briere,3,1.0,2.567,False,,1.2577,1.2191,0.0135,-0.0006
BOLIVIA,COCHABAMBA,admin1,2020-08-09,49,507,nb,briere,3,0.75,-2.369,True,188.547,1.1319,1.1862,0.0,-0.0865
BOLIVIA,COCHABAMBA,admin1,2020-08-09,49,507,nb,briere,5,1.0,2.076,False,,1.2475,1.2191,0.0092,0.0146
BOLIVIA,COCHABAMBA,admin1,2020-08-09,49,507,nb,briere,5,0.75,1.751,False,89.773,1.1325,1.1862,0.0,-0.0571
BOLIVIA,COCHABAMBA,admin1,2020-08-09,49,507,nb,briere,7,1.0,0.07,False,,1.2734,1.2191,0.0001,0.1524
BOLIVIA,COCHABAMBA,admin1,2020-08-09,49,507,nb,briere,7,0.75,3.946,False,8.381,1.1651,1.1862,0.0,-0.0384
BOLIVIA,COCHABAMBA,admin1,2020-08-09,49,507,nb,loglinear,3,1.0,3.825,False,,1.2158,1.2191,0.0007,0.0069
BOLIVIA,COCHABAMBA,admin1,2020-08-09,49,507,nb,loglinear,3,0.75,-5.255,True,221.316,1.2163,1.1862,-0.0822,-0.1082
BOLIVIA,COCHABAMBA,admin1,2020-08-09,49,507,nb,loglinear,5,1.0,2.619,False,,1.222,1.2191,-0.0015,0.0204
BOLIVIA,COCHABAMBA,admin1,2020-08-09,49,507,nb,loglinear,5,0.75,0.768,False,105.415,1.1732,1.1862,-0.0454,-0.068
BOLIVIA,COCHABAMBA,admin1,2020-08-09,49,507,nb,loglinear,7,1.0,-0.032,True,,1.2925,1.2191,-0.0152,0.151
BOLIVIA,COCHABAMBA,admin1,2020-08-09,49,507,nb,loglinear,7,0.75,3.751,False,9.473,1.1872,1.1862,-0.0188,-0.0359
BOLIVIA,COCHABAMBA,admin1,2020-08-09,49,507,poisson,briere,3,1.0,1.844,False,,1.2511,1.211,0.0141,-0.0031
BOLIVIA,COCHABAMBA,admin1,2020-08-09,49,507,poisson,briere,3,0.75,-7.575,True,422.396,1.1254,1.1771,0.0,-0.0827
BOLIVIA,COCHABAMBA,admin1,2020-08-09,49,507,poisson,briere,5,1.0,1.291,False,,1.2426,1.211,0.0104,0.0122
BOLIVIA,COCHABAMBA,admin1,2020-08-09,49,507,poisson,briere,5,0.75,-0.221,True,183.469,1.1209,1.1771,0.0,-0.057
BOLIVIA,COCHABAMBA,admin1,2020-08-09,49,507,poisson,briere,7,1.0,-2.561,True,,1.2728,1.211,0.002,0.1503
BOLIVIA,COCHABAMBA,admin1,2020-08-09,49,507,poisson,briere,7,0.75,4.0,False,0.599,1.176,1.1771,0.0,-0.0019
BOLIVIA,COCHABAMBA,admin1,2020-08-09,49,507,poisson,loglinear,3,1.0,3.927,False,,1.1983,1.211,0.0087,0.0029
BOLIVIA,COCHABAMBA,admin1,2020-08-09,49,507,poisson,loglinear,3,0.75,-11.792,True,543.951,1.2132,1.1771,-0.0818,-0.1065
BOLIVIA,COCHABAMBA,admin1,2020-08-09,49,507,poisson,loglinear,5,1.0,2.31,False,,1.1979,1.211,0.011,0.0179
BOLIVIA,COCHABAMBA,admin1,2020-08-09,49,507,poisson,loglinear,5,0.75,-1.054,True,193.946,1.1519,1.1771,-0.0338,-0.0652
BOLIVIA,COCHABAMBA,admin1,2020-08-09,49,507,poisson,loglinear,7,1.0,-2.521,True,,1.2691,1.211,-0.0012,0.154
BOLIVIA,COCHABAMBA,admin1,2020-08-09,49,507,poisson,loglinear,7,0.75,3.983,False,0.827,1.1809,1.1771,-0.0043,-0.0019
BOLIVIA,SANTA CRUZ,admin1,2020-08-16,41,1618,nb,briere,3,1.0,-13.738,True,,1.0329,1.177,0.0471,-0.1673
BOLIVIA,SANTA CRUZ,admin1,2020-08-16,41,1618,nb,briere,3,0.75,-11.535,True,3.441,1.0141,1.1821,0.0,-0.1606
BOLIVIA,SANTA CRUZ,admin1,2020-08-16,41,1618,nb,briere,5,1.0,0.217,False,,1.0996,1.177,0.0,-0.0792
BOLIVIA,SANTA CRUZ,admin1,2020-08-16,41,1618,nb,briere,5,0.75,1.149,False,1.03,1.1752,1.1821,0.2438,-0.0543
BOLIVIA,SANTA CRUZ,admin1,2020-08-16,41,1618,nb,briere,7,1.0,1.678,False,,1.1184,1.177,0.0,-0.0617
BOLIVIA,SANTA CRUZ,admin1,2020-08-16,41,1618,nb,briere,7,0.75,1.304,False,7.127,1.1982,1.1821,0.2506,-0.0553
BOLIVIA,SANTA CRUZ,admin1,2020-08-16,41,1618,nb,loglinear,3,1.0,-14.338,True,,0.9861,1.177,0.04,-0.1563
BOLIVIA,SANTA CRUZ,admin1,2020-08-16,41,1618,nb,loglinear,3,0.75,-11.676,True,5.133,1.0064,1.1821,0.0319,-0.1437
BOLIVIA,SANTA CRUZ,admin1,2020-08-16,41,1618,nb,loglinear,5,1.0,-1.784,True,,0.9617,1.177,0.109,-0.0664
BOLIVIA,SANTA CRUZ,admin1,2020-08-16,41,1618,nb,loglinear,5,0.75,-4.069,True,29.689,0.9728,1.1821,0.1785,-0.0282
BOLIVIA,SANTA CRUZ,admin1,2020-08-16,41,1618,nb,loglinear,7,1.0,-0.361,True,,0.9799,1.177,0.1145,-0.0439
BOLIVIA,SANTA CRUZ,admin1,2020-08-16,41,1618,nb,loglinear,7,0.75,-4.28,True,26.353,0.9599,1.1821,0.1899,-0.0384
BOLIVIA,SANTA CRUZ,admin1,2020-08-16,41,1618,poisson,briere,3,1.0,-88.474,True,,1.0722,1.2201,0.0942,-0.1513
BOLIVIA,SANTA CRUZ,admin1,2020-08-16,41,1618,poisson,briere,3,0.75,-63.764,True,-41.243,1.1113,1.2528,0.2744,-0.1347
BOLIVIA,SANTA CRUZ,admin1,2020-08-16,41,1618,poisson,briere,5,1.0,-21.891,True,,1.1529,1.2201,0.0827,-0.0751
BOLIVIA,SANTA CRUZ,admin1,2020-08-16,41,1618,poisson,briere,5,0.75,-30.425,True,53.058,1.3696,1.2528,0.8101,-0.0437
BOLIVIA,SANTA CRUZ,admin1,2020-08-16,41,1618,poisson,briere,7,1.0,-1.648,True,,1.2184,1.2201,0.1384,-0.028
BOLIVIA,SANTA CRUZ,admin1,2020-08-16,41,1618,poisson,briere,7,0.75,-27.306,True,83.069,1.4098,1.2528,0.8429,-0.0347
BOLIVIA,SANTA CRUZ,admin1,2020-08-16,41,1618,poisson,loglinear,3,1.0,-92.472,True,,0.9836,1.2201,0.0627,-0.1431
BOLIVIA,SANTA CRUZ,admin1,2020-08-16,41,1618,poisson,loglinear,3,0.75,-69.977,True,81.933,0.9925,1.2528,0.1116,-0.1042
BOLIVIA,SANTA CRUZ,admin1,2020-08-16,41,1618,poisson,loglinear,5,1.0,-37.121,True,,0.9663,1.2201,0.1378,-0.0656
BOLIVIA,SANTA CRUZ,admin1,2020-08-16,41,1618,poisson,loglinear,5,0.75,-52.567,True,326.624,0.9634,1.2528,0.2269,-0.0352
BOLIVIA,SANTA CRUZ,admin1,2020-08-16,41,1618,poisson,loglinear,7,1.0,-22.767,True,,0.9815,1.2201,0.16,-0.0273
BOLIVIA,SANTA CRUZ,admin1,2020-08-16,41,1618,poisson,loglinear,7,0.75,-52.508,True,323.981,0.9494,1.2528,0.2468,-0.0373
BOLIVIA,LA PAZ,admin1,2020-09-13,44,1846,nb,briere,3,1.0,-3.334,True,,2.1634,1.2752,0.041,0.0525
BOLIVIA,LA PAZ,admin1,2020-09-13,44,1846,nb,briere,3,0.75,3.595,False,38.592,2.3546,1.1982,0.049,-0.0241
BOLIVIA,LA PAZ,admin1,2020-09-13,44,1846,nb,briere,5,1.0,-6.716,True,,2.0719,1.2752,0.0372,0.0625
BOLIVIA,LA PAZ,admin1,2020-09-13,44,1846,nb,briere,5,0.75,3.96,False,-11.489,2.3314,1.1982,0.048,0.0081
BOLIVIA,LA PAZ,admin1,2020-09-13,44,1846,nb,briere,7,1.0,-8.342,True,,3.3234,1.2752,0.0699,0.0691
BOLIVIA,LA PAZ,admin1,2020-09-13,44,1846,nb,briere,7,0.75,3.744,False,-31.084,2.355,1.1982,0.0477,0.024
BOLIVIA,LA PAZ,admin1,2020-09-13,44,1846,nb,loglinear,3,1.0,-3.726,True,,1.17,1.2752,0.0474,0.0568
BOLIVIA,LA PAZ,admin1,2020-09-13,44,1846,nb,loglinear,3,0.75,-0.859,True,99.498,1.3769,1.1982,-0.175,-0.0998
BOLIVIA,LA PAZ,admin1,2020-09-13,44,1846,nb,loglinear,5,1.0,-6.924,True,,1.202,1.2752,0.0331,0.066
BOLIVIA,LA PAZ,admin1,2020-09-13,44,1846,nb,loglinear,5,0.75,2.57,False,48.529,1.2815,1.1982,-0.1009,-0.0443
BOLIVIA,LA PAZ,admin1,2020-09-13,44,1846,nb,loglinear,7,1.0,-8.351,True,,1.2575,1.2752,0.0066,0.0699
BOLIVIA,LA PAZ,admin1,2020-09-13,44,1846,nb,loglinear,7,0.75,3.151,False,1.524,1.2487,1.1982,-0.0565,-0.0078
BOLIVIA,LA PAZ,admin1,2020-09-13,44,1846,poisson,briere,3,1.0,-73.916,True,,1.9233,1.2631,0.035,0.0736
BOLIVIA,LA PAZ,admin1,2020-09-13,44,1846,poisson,briere,3,0.75,2.512,False,-211.008,2.1791,1.1763,0.0449,0.016
BOLIVIA,LA PAZ,admin1,2020-09-13,44,1846,poisson,briere,5,1.0,-112.593,True,,2.3672,1.2631,0.0485,0.0848
BOLIVIA,LA PAZ,admin1,2020-09-13,44,1846,poisson,briere,5,0.75,-11.041,True,-512.524,2.2656,1.1763,0.0468,0.0501
BOLIVIA,LA PAZ,admin1,2020-09-13,44,1846,poisson,briere,7,1.0,-125.696,True,,2.3461,1.2631,0.0456,0.0894
BOLIVIA,LA PAZ,admin1,2020-09-13,44,1846,poisson,briere,7,0.75,-14.99,True,-590.493,2.1599,1.1763,0.0413,0.0627
BOLIVIA,LA PAZ,admin1,2020-09-13,44,1846,poisson,loglinear,3,1.0,-79.579,True,,1.0967,1.2631,0.0788,0.0844
BOLIVIA,LA PAZ,admin1,2020-09-13,44,1846,poisson,loglinear,3,0.75,-14.329,True,837.579,1.3365,1.1763,-0.1581,-0.0593
BOLIVIA,LA PAZ,admin1,2020-09-13,44,1846,poisson,loglinear,5,1.0,-120.402,True,,1.1145,1.2631,0.0907,0.1014
BOLIVIA,LA PAZ,admin1,2020-09-13,44,1846,poisson,loglinear,5,0.75,-11.045,True,-518.08,1.1849,1.1763,0.0028,0.0516
BOLIVIA,LA PAZ,admin1,2020-09-13,44,1846,poisson,loglinear,7,1.0,-127.097,True,,1.2138,1.2631,0.0356,0.0957
BOLIVIA,LA PAZ,admin1,2020-09-13,44,1846,poisson,loglinear,7,0.75,-15.05,True,-576.189,1.2247,1.1763,-0.0077,0.0587
BOLIVIA,BENI,admin1,2020-09-20,44,2195,nb,briere,3,1.0,2.3,False,,1.2104,1.2205,0.0,0.0158
BOLIVIA,BENI,admin1,2020-09-20,44,2195,nb,briere,3,0.75,2.611,False,-7.834,1.21,1.2035,0.0,0.0235
BOLIVIA,BENI,admin1,2020-09-20,44,2195,nb,briere,5,1.0,2.828,False,,1.2185,1.2205,0.0,0.013
BOLIVIA,BENI,admin1,2020-09-20,44,2195,nb,briere,5,0.75,3.028,False,-7.548,1.2214,1.2035,0.0,0.0221
BOLIVIA,BENI,admin1,2020-09-20,44,2195,nb,briere,7,1.0,3.166,False,,1.2246,1.2205,0.0,0.012
BOLIVIA,BENI,admin1,2020-09-20,44,2195,nb,briere,7,0.75,3.208,False,-6.589,1.2359,1.2035,0.0,0.0258
BOLIVIA,BENI,admin1,2020-09-20,44,2195,nb,loglinear,3,1.0,-1.347,True,,1.3256,1.2205,-0.1174,-0.011
BOLIVIA,BENI,admin1,2020-09-20,44,2195,nb,loglinear,3,0.75,-2.284,True,24.897,1.2954,1.2035,-0.1388,-0.0247
BOLIVIA,BENI,admin1,2020-09-20,44,2195,nb,loglinear,5,1.0,-1.176,True,,1.3082,1.2205,-0.1037,-0.0063
BOLIVIA,BENI,admin1,2020-09-20,44,2195,nb,loglinear,5,0.75,-1.594,True,3.457,1.2718,1.2035,-0.1032,-0.0055
BOLIVIA,BENI,admin1,2020-09-20,44,2195,nb,loglinear,7,1.0,-1.057,True,,1.2992,1.2205,-0.0954,-0.0034
BOLIVIA,BENI,admin1,2020-09-20,44,2195,nb,loglinear,7,0.75,-1.683,True,-4.643,1.2778,1.2035,-0.0916,0.0095
BOLIVIA,BENI,admin1,2020-09-20,44,2195,poisson,briere,3,1.0,2.886,False,,1.2275,1.2332,0.0,0.0074
BOLIVIA,BENI,admin1,2020-09-20,44,2195,poisson,briere,3,0.75,3.655,False,-4.648,1.2219,1.2222,0.0,0.0057
BOLIVIA,BENI,admin1,2020-09-20,44,2195,poisson,briere,5,1.0,2.884,False,,1.2316,1.2332,0.0,0.0072
BOLIVIA,BENI,admin1,2020-09-20,44,2195,poisson,briere,5,0.75,3.514,False,-5.802,1.2264,1.2222,0.0,0.0074
BOLIVIA,BENI,admin1,2020-09-20,44,2195,poisson,briere,7,1.0,2.566,False,,1.2364,1.2332,0.0,0.0089
BOLIVIA,BENI,admin1,2020-09-20,44,2195,poisson,briere,7,0.75,2.774,False,-6.96,1.2388,1.2222,0.0,0.0146
BOLIVIA,BENI,admin1,2020-09-20,44,2195,poisson,loglinear,3,1.0,-2.4,True,,1.2975,1.2332,-0.0777,-0.0073
BOLIVIA,BENI,admin1,2020-09-20,44,2195,poisson,loglinear,3,0.75,-5.184,True,53.987,1.2769,1.2222,-0.0978,-0.0219
BOLIVIA,BENI,admin1,2020-09-20,44,2195,poisson,loglinear,5,1.0,-1.826,True,,1.2798,1.2332,-0.0613,-0.0008
BOLIVIA,BENI,admin1,2020-09-20,44,2195,poisson,loglinear,5,0.75,-2.611,True,11.132,1.2542,1.2222,-0.0641,-0.005
BOLIVIA,BENI,admin1,2020-09-20,44,2195,poisson,loglinear,7,1.0,-2.076,True,,1.2765,1.2332,-0.0554,0.0038
BOLIVIA,BENI,admin1,2020-09-20,44,2195,poisson,loglinear,7,0.75,-3.012,True,-3.539,1.262,1.2222,-0.0553,0.0095
BOLIVIA,PANDO,admin1,2021-08-01,48,2018,nb,briere,3,1.0,3.977,False,,1.1515,1.1511,0.0,0.0025
BOLIVIA,PANDO,admin1,2021-08-01,48,2018,nb,briere,3,0.75,2.644,False,69.118,1.22,1.1727,0.0,0.044
BOLIVIA,PANDO,admin1,2021-08-01,48,2018,nb,briere,5,1.0,3.922,False,,1.1479,1.1511,0.0,-0.0051
BOLIVIA,PANDO,admin1,2021-08-01,48,2018,nb,briere,5,0.75,3.854,False,25.012,1.208,1.1727,0.0,0.0234
BOLIVIA,PANDO,admin1,2021-08-01,48,2018,nb,briere,7,1.0,3.739,False,,1.1391,1.1511,0.0,-0.0115
BOLIVIA,PANDO,admin1,2021-08-01,48,2018,nb,briere,7,0.75,2.745,False,3.867,1.021,1.1727,0.0,-0.0826
BOLIVIA,PANDO,admin1,2021-08-01,48,2018,nb,loglinear,3,1.0,-0.385,True,,1.2735,1.1511,-0.1336,-0.0773
BOLIVIA,PANDO,admin1,2021-08-01,48,2018,nb,loglinear,3,0.75,-11.385,True,34.083,1.3566,1.1727,-0.3431,-0.2323
BOLIVIA,PANDO,admin1,2021-08-01,48,2018,nb,loglinear,5,1.0,-2.181,True,,1.2338,1.1511,-0.1293,-0.083
BOLIVIA,PANDO,admin1,2021-08-01,48,2018,nb,loglinear,5,0.75,-10.039,True,23.982,1.2214,1.1727,-0.2493,-0.1899
BOLIVIA,PANDO,admin1,2021-08-01,48,2018,nb,loglinear,7,1.0,-1.15,True,,1.178,1.1511,-0.0947,-0.0713
BOLIVIA,PANDO,admin1,2021-08-01,48,2018,nb,loglinear,7,0.75,-6.467,True,-0.592,1.1766,1.1727,-0.1549,-0.1164
BOLIVIA,PANDO,admin1,2021-08-01,48,2018,poisson,briere,3,1.0,-6.809,True,,1.1711,1.1705,0.0,-0.0239
BOLIVIA,PANDO,admin1,2021-08-01,48,2018,poisson,briere,3,0.75,3.926,False,-13.648,1.211,1.2142,0.0,-0.0039
BOLIVIA,PANDO,admin1,2021-08-01,48,2018,poisson,briere,5,1.0,-10.228,True,,1.1555,1.1705,0.0,-0.0301
BOLIVIA,PANDO,admin1,2021-08-01,48,2018,poisson,briere,5,0.75,3.572,False,-38.845,1.1979,1.2142,0.0,-0.0124
BOLIVIA,PANDO,admin1,2021-08-01,48,2018,poisson,briere,7,1.0,-9.351,True,,1.136,1.1705,0.0,-0.0349
BOLIVIA,PANDO,admin1,2021-08-01,48,2018,poisson,briere,7,0.75,3.613,False,-44.696,1.1844,1.2142,0.0,-0.0177
BOLIVIA,PANDO,admin1,2021-08-01,48,2018,poisson,loglinear,3,1.0,-24.767,True,,1.2768,1.1705,-0.1243,-0.0944
BOLIVIA,PANDO,admin1,2021-08-01,48,2018,poisson,loglinear,3,0.75,-56.781,True,66.415,1.3287,1.2142,-0.2719,-0.1913
BOLIVIA,PANDO,admin1,2021-08-01,48,2018,poisson,loglinear,5,1.0,-25.792,True,,1.2112,1.1705,-0.0949,-0.0832
BOLIVIA,PANDO,admin1,2021-08-01,48,2018,poisson,loglinear,5,0.75,-37.934,True,-33.689,1.2136,1.2142,-0.1819,-0.1464
BOLIVIA,PANDO,admin1,2021-08-01,48,2018,poisson,loglinear,7,1.0,-14.948,True,,1.1504,1.1705,-0.0458,-0.0615
BOLIVIA,PANDO,admin1,2021-08-01,48,2018,poisson,loglinear,7,0.75,-16.428,True,-52.916,1.1928,1.2142,-0.0926,-0.0719
BOLIVIA,BOLIVIA,national,2021-09-05,55,12871,nb,briere,3,1.0,-3.182,True,,1.2859,1.1516,0.429,-0.0038
BOLIVIA,BOLIVIA,national,2021-09-05,55,12871,nb,briere,3,0.75,-0.622,True,18.343,1.2726,1.1513,0.38,-0.0217
BOLIVIA,BOLIVIA,national,2021-09-05,55,12871,nb,briere,5,1.0,-3.45,True,,1.2657,1.1516,0.4052,0.0084
BOLIVIA,BOLIVIA,national,2021-09-05,55,12871,nb,briere,5,0.75,0.394,False,0.55,1.2557,1.1513,0.3753,0.001
BOLIVIA,BOLIVIA,national,2021-09-05,55,12871,nb,briere,7,1.0,-4.584,True,,1.2596,1.1516,0.4012,0.0166
BOLIVIA,BOLIVIA,national,2021-09-05,55,12871,nb,briere,7,0.75,-1.713,True,22.526,1.1942,1.1513,0.1646,0.0381
BOLIVIA,BOLIVIA,national,2021-09-05,55,12871,nb,loglinear,3,1.0,1.744,False,,1.0646,1.1516,0.0707,0.0078
BOLIVIA,BOLIVIA,national,2021-09-05,55,12871,nb,loglinear,3,0.75,3.862,False,7.967,1.1191,1.1513,0.0346,-0.0054
BOLIVIA,BOLIVIA,national,2021-09-05,55,12871,nb,loglinear,5,1.0,0.597,False,,1.0515,1.1516,0.0759,0.0169
BOLIVIA,BOLIVIA,national,2021-09-05,55,12871,nb,loglinear,5,0.75,3.0,False,6.271,1.1585,1.1513,-0.015,0.0208
BOLIVIA,BOLIVIA,national,2021-09-05,55,12871,nb,loglinear,7,1.0,-1.099,True,,1.0415,1.1516,0.0831,0.0235
BOLIVIA,BOLIVIA,national,2021-09-05,55,12871,nb,loglinear,7,0.75,-2.175,True,88.266,1.2223,1.1513,-0.087,0.0487
BOLIVIA,BOLIVIA,national,2021-09-05,55,12871,poisson,briere,3,1.0,-267.499,True,,1.3949,1.1672,0.5582,-0.0317
BOLIVIA,BOLIVIA,national,2021-09-05,55,12871,poisson,briere,3,0.75,-269.993,True,597.991,1.3942,1.1696,0.519,-0.0585
BOLIVIA,BOLIVIA,national,2021-09-05,55,12871,poisson,briere,5,1.0,-221.031,True,,1.3303,1.1672,0.4814,-0.0071
BOLIVIA,BOLIVIA,national,2021-09-05,55,12871,poisson,briere,5,0.75,-176.582,True,137.313,1.3218,1.1696,0.4458,-0.021
BOLIVIA,BOLIVIA,national,2021-09-05,55,12871,poisson,briere,7,1.0,-229.134,True,,1.295,1.1672,0.4447,0.0117
BOLIVIA,BOLIVIA,national,2021-09-05,55,12871,poisson,briere,7,0.75,-169.728,True,-67.335,1.2892,1.1696,0.4368,0.0142
BOLIVIA,BOLIVIA,national,2021-09-05,55,12871,poisson,loglinear,3,1.0,-180.411,True,,1.0355,1.1672,0.1441,-0.0204
BOLIVIA,BOLIVIA,national,2021-09-05,55,12871,poisson,loglinear,3,0.75,-186.145,True,7828.724,1.0899,1.1696,0.1326,-0.0474
BOLIVIA,BOLIVIA,national,2021-09-05,55,12871,poisson,loglinear,5,1.0,-158.307,True,,1.0287,1.1672,0.1271,0.0009
BOLIVIA,BOLIVIA,national,2021-09-05,55,12871,poisson,loglinear,5,0.75,-117.236,True,4143.923,1.0707,1.1696,0.1163,-0.0138
BOLIVIA,BOLIVIA,national,2021-09-05,55,12871,poisson,loglinear,7,1.0,-185.15,True,,1.0213,1.1672,0.1197,0.0177
BOLIVIA,BOLIVIA,national,2021-09-05,55,12871,poisson,loglinear,7,0.75,-130.417,True,2117.013,1.0493,1.1696,0.1162,0.0201
BOLIVIA,LA PAZ,admin1,2021-09-05,44,1389,nb,briere,3,1.0,0.475,False,,2.437,1.2197,0.048,-0.0427
BOLIVIA,LA PAZ,admin1,2021-09-05,44,1389,nb,briere,3,0.75,-2.559,True,132.339,2.1395,1.2362,0.0421,-0.1429
BOLIVIA,LA PAZ,admin1,2021-09-05,44,1389,nb,briere,5,1.0,0.655,False,,2.3982,1.2197,0.0479,-0.0429
BOLIVIA,LA PAZ,admin1,2021-09-05,44,1389,nb,briere,5,0.75,-1.62,True,79.429,2.1318,1.2362,0.044,-0.126
BOLIVIA,LA PAZ,admin1,2021-09-05,44,1389,nb,briere,7,1.0,1.413,False,,2.3378,1.2197,0.0472,-0.0427
BOLIVIA,LA PAZ,admin1,2021-09-05,44,1389,nb,briere,7,0.75,1.228,False,45.092,2.0651,1.2362,0.0436,-0.113
BOLIVIA,LA PAZ,admin1,2021-09-05,44,1389,nb,loglinear,3,1.0,-0.52,True,,1.1791,1.2197,0.0786,-0.0588
BOLIVIA,LA PAZ,admin1,2021-09-05,44,1389,nb,loglinear,3,0.75,-3.797,True,154.27,1.2695,1.2362,-0.1543,-0.2362
BOLIVIA,LA PAZ,admin1,2021-09-05,44,1389,nb,loglinear,5,1.0,-0.736,True,,1.1297,1.2197,0.1003,-0.0698
BOLIVIA,LA PAZ,admin1,2021-09-05,44,1389,nb,loglinear,5,0.75,-2.728,True,125.409,1.1887,1.2362,-0.1591,-0.2346
BOLIVIA,LA PAZ,admin1,2021-09-05,44,1389,nb,loglinear,7,1.0,0.076,False,,1.0902,1.2197,0.1048,-0.0796
BOLIVIA,LA PAZ,admin1,2021-09-05,44,1389,nb,loglinear,7,0.75,1.063,False,69.791,1.1279,1.2362,0.053,-0.0784
BOLIVIA,LA PAZ,admin1,2021-09-05,44,1389,poisson,briere,3,1.0,2.81,False,,2.3182,1.2034,0.0469,-0.0109
BOLIVIA,LA PAZ,admin1,2021-09-05,44,1389,poisson,briere,3,0.75,-14.028,True,1582.401,2.2363,1.1848,0.0465,-0.0969
BOLIVIA,LA PAZ,admin1,2021-09-05,44,1389,poisson,briere,5,1.0,2.919,False,,1.4547,1.2034,0.0135,-0.0105
BOLIVIA,LA PAZ,admin1,2021-09-05,44,1389,poisson,briere,5,0.75,-12.361,True,1267.003,1.9673,1.1848,0.0396,-0.0903
BOLIVIA,LA PAZ,admin1,2021-09-05,44,1389,poisson,briere,7,1.0,3.983,False,,2.3476,1.2034,0.0484,-0.0014
BOLIVIA,LA PAZ,admin1,2021-09-05,44,1389,poisson,briere,7,0.75,1.424,False,255.607,2.2629,1.1848,0.0496,-0.0479
BOLIVIA,LA PAZ,admin1,2021-09-05,44,1389,poisson,loglinear,3,1.0,2.16,False,,1.1918,1.2034,0.0242,-0.0159
BOLIVIA,LA PAZ,admin1,2021-09-05,44,1389,poisson,loglinear,3,0.75,-42.479,True,5434.329,1.292,1.1848,-0.2413,-0.2399
BOLIVIA,LA PAZ,admin1,2021-09-05,44,1389,poisson,loglinear,5,1.0,2.149,False,,1.1812,1.2034,0.0275,-0.0171
BOLIVIA,LA PAZ,admin1,2021-09-05,44,1389,poisson,loglinear,5,0.75,-39.739,True,7433.5,1.177,1.1848,-0.249,-0.2595
BOLIVIA,LA PAZ,admin1,2021-09-05,44,1389,poisson,loglinear,7,1.0,3.908,False,,1.1942,1.2034,0.0086,-0.0036
BOLIVIA,LA PAZ,admin1,2021-09-05,44,1389,poisson,loglinear,7,0.75,-1.285,True,329.58,1.1387,1.1848,-0.0684,-0.0923
BOLIVIA,BENI,admin1,2021-12-05,31,2288,nb,briere,3,1.0,-6.229,True,,1.5217,1.2125,0.0,-0.2348
BOLIVIA,BENI,admin1,2021-12-05,31,2288,nb,briere,3,0.75,-10.995,True,8.798,1.6287,1.1862,0.0,-0.3467
BOLIVIA,BENI,admin1,2021-12-05,31,2288,nb,briere,5,1.0,-3.465,True,,1.5548,1.2125,0.0,-0.2375
BOLIVIA,BENI,admin1,2021-12-05,31,2288,nb,briere,5,0.75,-6.405,True,9.962,1.553,1.1862,0.0,-0.279
BOLIVIA,BENI,admin1,2021-12-05,31,2288,nb,briere,7,1.0,3.083,False,,1.129,1.2125,0.0,0.0609
BOLIVIA,BENI,admin1,2021-12-05,31,2288,nb,briere,7,0.75,2.808,False,-2.752,1.0739,1.1862,0.0,0.0986
BOLIVIA,BENI,admin1,2021-12-05,31,2288,nb,loglinear,3,1.0,-6.621,True,,1.5122,1.2125,-0.0455,-0.2042
BOLIVIA,BENI,admin1,2021-12-05,31,2288,nb,loglinear,3,0.75,-16.618,True,31.747,1.6445,1.1862,-0.1567,-0.2935
BOLIVIA,BENI,admin1,2021-12-05,31,2288,nb,loglinear,5,1.0,-5.109,True,,1.5459,1.2125,-0.0809,-0.1952
BOLIVIA,BENI,admin1,2021-12-05,31,2288,nb,loglinear,5,0.75,-8.961,True,2.0,1.5165,1.1862,-0.1279,-0.1836
BOLIVIA,BENI,admin1,2021-12-05,31,2288,nb,loglinear,7,1.0,0.693,False,,1.2982,1.2125,-0.148,0.0241
BOLIVIA,BENI,admin1,2021-12-05,31,2288,nb,loglinear,7,0.75,-8.16,True,15.298,1.2488,1.1862,-0.277,0.1406
BOLIVIA,BENI,admin1,2021-12-05,31,2288,poisson,briere,3,1.0,-64.976,True,,1.5124,1.2563,0.0,-0.2092
BOLIVIA,BENI,admin1,2021-12-05,31,2288,poisson,briere,3,0.75,-84.519,True,38.487,1.5749,1.2665,0.0,-0.2807
BOLIVIA,BENI,admin1,2021-12-05,31,2288,poisson,briere,5,1.0,-72.113,True,,1.5598,1.2563,0.0,-0.2291
BOLIVIA,BENI,admin1,2021-12-05,31,2288,poisson,briere,5,0.75,-83.608,True,46.624,1.5731,1.2665,0.0,-0.2684
BOLIVIA,BENI,admin1,2021-12-05,31,2288,poisson,briere,7,1.0,3.606,False,,1.2771,1.2563,0.0,-0.0154
BOLIVIA,BENI,admin1,2021-12-05,31,2288,poisson,briere,7,0.75,3.96,False,-0.324,1.2739,1.2665,0.0,-0.0059
BOLIVIA,BENI,admin1,2021-12-05,31,2288,poisson,loglinear,3,1.0,-80.007,True,,1.5294,1.2563,-0.0994,-0.1721
BOLIVIA,BENI,admin1,2021-12-05,31,2288,poisson,loglinear,3,0.75,-138.561,True,87.657,1.6107,1.2665,-0.1457,-0.2589
BOLIVIA,BENI,admin1,2021-12-05,31,2288,poisson,loglinear,5,1.0,-80.935,True,,1.5642,1.2563,-0.0751,-0.199
BOLIVIA,BENI,admin1,2021-12-05,31,2288,poisson,loglinear,5,0.75,-95.906,True,17.406,1.5305,1.2665,-0.091,-0.189
BOLIVIA,BENI,admin1,2021-12-05,31,2288,poisson,loglinear,7,1.0,-28.754,True,,1.3816,1.2563,-0.166,-0.0098
BOLIVIA,BENI,admin1,2021-12-05,31,2288,poisson,loglinear,7,0.75,-76.918,True,68.78,1.2925,1.2665,-0.2196,0.0871
BOLIVIA,COCHABAMBA,admin1,2021-12-12,30,1362,nb,briere,3,1.0,1.789,False,,1.5463,1.4503,0.0,-0.0853
BOLIVIA,COCHABAMBA,admin1,2021-12-12,30,1362,nb,briere,3,0.75,-3.028,True,27.281,1.7424,1.4817,0.0,-0.1942
BOLIVIA,COCHABAMBA,admin1,2021-12-12,30,1362,nb,briere,5,1.0,1.805,False,,1.2744,1.4503,0.0,0.1193
BOLIVIA,COCHABAMBA,admin1,2021-12-12,30,1362,nb,briere,5,0.75,2.182,False,-2.492,1.2783,1.4817,0.0,0.1273
BOLIVIA,COCHABAMBA,admin1,2021-12-12,30,1362,nb,briere,7,1.0,-8.548,True,,1.0853,1.4503,0.0,0.2491
BOLIVIA,COCHABAMBA,admin1,2021-12-12,30,1362,nb,briere,7,0.75,-13.221,True,8.604,0.9673,1.4817,0.0,0.3504
BOLIVIA,COCHABAMBA,admin1,2021-12-12,30,1362,nb,loglinear,3,1.0,-4.238,True,,1.8207,1.4503,-0.1907,-0.1159
BOLIVIA,COCHABAMBA,admin1,2021-12-12,30,1362,nb,loglinear,3,0.75,-7.682,True,54.149,1.7523,1.4817,-0.2494,-0.1937
BOLIVIA,COCHABAMBA,admin1,2021-12-12,30,1362,nb,loglinear,5,1.0,-0.165,True,,1.4262,1.4503,-0.0885,0.0902
BOLIVIA,COCHABAMBA,admin1,2021-12-12,30,1362,nb,loglinear,5,0.75,-1.483,True,117.258,1.4051,1.4817,-0.2507,0.0557
BOLIVIA,COCHABAMBA,admin1,2021-12-12,30,1362,nb,loglinear,7,1.0,-13.146,True,,1.1579,1.4503,-0.1264,0.2852
BOLIVIA,COCHABAMBA,admin1,2021-12-12,30,1362,nb,loglinear,7,0.75,-14.398,True,-4.053,1.0243,1.4817,-0.1349,0.3131
BOLIVIA,COCHABAMBA,admin1,2021-12-12,30,1362,poisson,briere,3,1.0,0.813,False,,1.5459,1.4816,0.0,-0.0634
BOLIVIA,COCHABAMBA,admin1,2021-12-12,30,1362,poisson,briere,3,0.75,-3.538,True,11.569,1.6495,1.5295,0.0,-0.1132
BOLIVIA,COCHABAMBA,admin1,2021-12-12,30,1362,poisson,briere,5,1.0,-7.953,True,,1.3197,1.4816,0.0,0.1241
BOLIVIA,COCHABAMBA,admin1,2021-12-12,30,1362,poisson,briere,5,0.75,-6.308,True,-6.751,1.3594,1.5295,0.0,0.1255
BOLIVIA,COCHABAMBA,admin1,2021-12-12,30,1362,poisson,briere,7,1.0,-29.399,True,,1.1807,1.4816,0.0,0.2003
BOLIVIA,COCHABAMBA,admin1,2021-12-12,30,1362,poisson,briere,7,0.75,-29.476,True,-11.89,1.166,1.5295,0.0,0.2257
BOLIVIA,COCHABAMBA,admin1,2021-12-12,30,1362,poisson,loglinear,3,1.0,-24.379,True,,1.8227,1.4816,-0.2027,-0.0945
BOLIVIA,COCHABAMBA,admin1,2021-12-12,30,1362,poisson,loglinear,3,0.75,-18.587,True,214.08,1.6573,1.5295,-0.1893,-0.1137
BOLIVIA,COCHABAMBA,admin1,2021-12-12,30,1362,poisson,loglinear,5,1.0,-24.845,True,,1.5075,1.4816,-0.1363,0.1033
BOLIVIA,COCHABAMBA,admin1,2021-12-12,30,1362,poisson,loglinear,5,0.75,-15.897,True,178.471,1.4213,1.5295,-0.1581,0.085
BOLIVIA,COCHABAMBA,admin1,2021-12-12,30,1362,poisson,loglinear,7,1.0,-45.158,True,,1.333,1.4816,-0.1256,0.188
BOLIVIA,COCHABAMBA,admin1,2021-12-12,30,1362,poisson,loglinear,7,0.75,-42.726,True,88.036,1.2054,1.5295,-0.1704,0.2097
BOLIVIA,BOLIVIA,national,2022-11-06,34,154838,nb,briere,3,1.0,3.777,False,,1.4674,1.4703,0.0,0.0066
BOLIVIA,BOLIVIA,national,2022-11-06,34,154838,nb,briere,3,0.75,3.839,False,0.049,1.4702,1.4661,0.0,0.0098
BOLIVIA,BOLIVIA,national,2022-11-06,34,154838,nb,briere,5,1.0,3.977,False,,1.4706,1.4703,0.0,0.0023
BOLIVIA,BOLIVIA,national,2022-11-06,34,154838,nb,briere,5,0.75,3.944,False,1.421,1.4588,1.4661,0.0,-0.0071
BOLIVIA,BOLIVIA,national,2022-11-06,34,154838,nb,briere,7,1.0,3.37,False,,1.4683,1.4703,0.0201,-0.0177
BOLIVIA,BOLIVIA,national,2022-11-06,34,154838,nb,briere,7,0.75,-3.143,True,109.581,1.2036,1.4661,0.0,-0.1831
BOLIVIA,BOLIVIA,national,2022-11-06,34,154838,nb,loglinear,3,1.0,2.537,False,,1.5284,1.4703,-0.0738,-0.0039
BOLIVIA,BOLIVIA,national,2022-11-06,34,154838,nb,loglinear,3,0.75,-1.952,True,112.915,1.5154,1.4661,-0.1956,-0.0846
BOLIVIA,BOLIVIA,national,2022-11-06,34,154838,nb,loglinear,5,1.0,2.446,False,,1.5268,1.4703,-0.075,-0.006
BOLIVIA,BOLIVIA,national,2022-11-06,34,154838,nb,loglinear,5,0.75,-1.798,True,71.853,1.46,1.4661,-0.1408,-0.0682
BOLIVIA,BOLIVIA,national,2022-11-06,34,154838,nb,loglinear,7,1.0,1.692,False,,1.5166,1.4703,-0.0742,-0.0177
BOLIVIA,BOLIVIA,national,2022-11-06,34,154838,nb,loglinear,7,0.75,-4.93,True,64.057,1.3562,1.4661,-0.0846,-0.1127
BOLIVIA,BOLIVIA,national,2022-11-06,34,154838,poisson,briere,3,1.0,-638.724,True,,1.6795,1.4687,0.2894,-0.0356
BOLIVIA,BOLIVIA,national,2022-11-06,34,154838,poisson,briere,3,0.75,-662.255,True,462.696,1.5671,1.4714,0.1246,-0.0507
BOLIVIA,BOLIVIA,national,2022-11-06,34,154838,poisson,briere,5,1.0,-604.404,True,,1.6517,1.4687,0.2941,-0.0329
BOLIVIA,BOLIVIA,national,2022-11-06,34,154838,poisson,briere,5,0.75,-594.491,True,189.086,1.5647,1.4714,0.1783,-0.0423
BOLIVIA,BOLIVIA,national,2022-11-06,34,154838,poisson,briere,7,1.0,-1755.862,True,,1.6825,1.4687,0.4715,-0.0824
BOLIVIA,BOLIVIA,national,2022-11-06,34,154838,poisson,briere,7,0.75,-2127.094,True,3182.444,1.3919,1.4714,0.1077,-0.116
BOLIVIA,BOLIVIA,national,2022-11-06,34,154838,poisson,loglinear,3,1.0,-561.231,True,,1.4418,1.4687,0.0827,-0.0285
BOLIVIA,BOLIVIA,national,2022-11-06,34,154838,poisson,loglinear,3,0.75,-653.219,True,657.328,1.4875,1.4714,0.0119,-0.0519
BOLIVIA,BOLIVIA,national,2022-11-06,34,154838,poisson,loglinear,5,1.0,-539.33,True,,1.418,1.4687,0.0874,-0.026
BOLIVIA,BOLIVIA,national,2022-11-06,34,154838,poisson,loglinear,5,0.75,-585.932,True,303.301,1.4514,1.4714,0.025,-0.0422
BOLIVIA,BOLIVIA,national,2022-11-06,34,154838,poisson,loglinear,7,1.0,-1504.424,True,,1.3467,1.4687,0.1174,-0.0667
BOLIVIA,BOLIVIA,national,2022-11-06,34,154838,poisson,loglinear,7,0.75,-2119.874,True,4164.406,1.3328,1.4714,0.0085,-0.1154
BOLIVIA,BOLIVIA,national,2023-10-15,42,50079,nb,briere,3,1.0,-12.743,True,,1.2469,1.2456,0.5863,0.0101
BOLIVIA,BOLIVIA,national,2023-10-15,42,50079,nb,briere,3,0.75,3.06,False,-41.3,1.1867,1.1465,0.3451,-0.0057
BOLIVIA,BOLIVIA,national,2023-10-15,42,50079,nb,briere,5,1.0,-12.806,True,,1.2495,1.2456,0.5929,0.0116
BOLIVIA,BOLIVIA,national,2023-10-15,42,50079,nb,briere,5,0.75,3.09,False,-43.523,1.187,1.1465,0.3526,-0.0016
BOLIVIA,BOLIVIA,national,2023-10-15,42,50079,nb,briere,7,1.0,-13.525,True,,1.2598,1.2456,0.5051,0.0346
BOLIVIA,BOLIVIA,national,2023-10-15,42,50079,nb,briere,7,0.75,2.917,False,-48.146,1.1971,1.1465,0.2965,0.0188
BOLIVIA,BOLIVIA,national,2023-10-15,42,50079,nb,loglinear,3,1.0,-7.069,True,,0.9893,1.2456,0.2109,0.0478
BOLIVIA,BOLIVIA,national,2023-10-15,42,50079,nb,loglinear,3,0.75,3.898,False,1.324,1.172,1.1465,-0.0324,-0.0083
BOLIVIA,BOLIVIA,national,2023-10-15,42,50079,nb,loglinear,5,1.0,-7.166,True,,1.0392,1.2456,0.1787,0.0518
BOLIVIA,BOLIVIA,national,2023-10-15,42,50079,nb,loglinear,5,0.75,3.93,False,-6.239,1.164,1.1465,-0.0195,0.0052
BOLIVIA,BOLIVIA,national,2023-10-15,42,50079,nb,loglinear,7,1.0,-10.324,True,,1.1725,1.2456,0.0698,0.0769
BOLIVIA,BOLIVIA,national,2023-10-15,42,50079,nb,loglinear,7,0.75,3.08,False,-27.872,1.1979,1.1465,-0.0341,0.0327
BOLIVIA,BOLIVIA,national,2023-10-15,42,50079,poisson,briere,3,1.0,-2851.157,True,,1.3295,1.2501,0.7006,-0.0354
BOLIVIA,BOLIVIA,national,2023-10-15,42,50079,poisson,briere,3,0.75,-844.55,True,-6544.212,1.2906,1.1825,0.5728,-0.0397
BOLIVIA,BOLIVIA,national,2023-10-15,42,50079,poisson,briere,5,1.0,-2659.698,True,,1.307,1.2501,0.67,-0.0184
BOLIVIA,BOLIVIA,national,2023-10-15,42,50079,poisson,briere,5,0.75,-634.507,True,-6548.723,1.2681,1.1825,0.5401,-0.0227
BOLIVIA,BOLIVIA,national,2023-10-15,42,50079,poisson,briere,7,1.0,-2587.096,True,,1.2921,1.2501,0.6158,0.011
BOLIVIA,BOLIVIA,national,2023-10-15,42,50079,poisson,briere,7,0.75,-504.797,True,-6844.068,1.2611,1.1825,0.519,0.0058
BOLIVIA,BOLIVIA,national,2023-10-15,42,50079,poisson,loglinear,3,1.0,-2170.381,True,,1.0246,1.2501,0.2561,-0.0103
BOLIVIA,BOLIVIA,national,2023-10-15,42,50079,poisson,loglinear,3,0.75,-569.065,True,10175.233,1.1332,1.1825,0.1122,-0.0277
BOLIVIA,BOLIVIA,national,2023-10-15,42,50079,poisson,loglinear,5,1.0,-2149.703,True,,1.0181,1.2501,0.2528,0.0045
BOLIVIA,BOLIVIA,national,2023-10-15,42,50079,poisson,loglinear,5,0.75,-439.394,True,14115.711,1.1111,1.1825,0.1254,-0.0114
BOLIVIA,BOLIVIA,national,2023-10-15,42,50079,poisson,loglinear,7,1.0,-2381.911,True,,1.0337,1.2501,0.2346,0.03
BOLIVIA,BOLIVIA,national,2023-10-15,42,50079,poisson,loglinear,7,0.75,-467.912,True,2143.404,1.1245,1.1825,0.1153,0.0173
BRAZIL,BRAZIL,national,2013-12-29,33,507151,nb,briere,3,1.0,-0.015,True,,1.3763,1.3109,0.0,-0.0758
BRAZIL,BRAZIL,national,2013-12-29,33,507151,nb,briere,3,0.75,3.331,False,22.28,1.3153,1.3522,0.0,0.0557
BRAZIL,BRAZIL,national,2013-12-29,33,507151,nb,briere,5,1.0,-3.778,True,,1.392,1.3109,0.0,-0.127
BRAZIL,BRAZIL,national,2013-12-29,33,507151,nb,briere,5,0.75,3.832,False,-8.186,1.3674,1.3522,0.0,-0.035
BRAZIL,BRAZIL,national,2013-12-29,33,507151,nb,briere,7,1.0,-12.354,True,,1.4264,1.3109,0.0,-0.1793
BRAZIL,BRAZIL,national,2013-12-29,33,507151,nb,briere,7,0.75,-3.287,True,-19.467,1.4276,1.3522,0.0,-0.1689
BRAZIL,BRAZIL,national,2013-12-29,33,507151,nb,loglinear,3,1.0,-16.973,True,,1.4732,1.3109,-0.1461,-0.0085
BRAZIL,BRAZIL,national,2013-12-29,33,507151,nb,loglinear,3,0.75,-17.684,True,-8.97,1.4724,1.3522,-0.2335,0.0843
BRAZIL,BRAZIL,national,2013-12-29,33,507151,nb,loglinear,5,1.0,-19.792,True,,1.5628,1.3109,-0.1484,-0.1181
BRAZIL,BRAZIL,national,2013-12-29,33,507151,nb,loglinear,5,0.75,-18.235,True,45.58,1.7029,1.3522,-0.2994,-0.1592
BRAZIL,BRAZIL,national,2013-12-29,33,507151,nb,loglinear,7,1.0,-23.129,True,,1.575,1.3109,-0.1394,-0.1547
BRAZIL,BRAZIL,national,2013-12-29,33,507151,nb,loglinear,7,0.75,-18.085,True,-10.438,1.5982,1.3522,-0.2366,-0.0892
BRAZIL,BRAZIL,national,2013-12-29,33,507151,poisson,briere,3,1.0,-2020.887,True,,1.4464,1.4093,0.0,-0.0452
BRAZIL,BRAZIL,national,2013-12-29,33,507151,poisson,briere,3,0.75,-1371.483,True,10663.03,1.394,1.434,0.0,0.0523
BRAZIL,BRAZIL,national,2013-12-29,33,507151,poisson,briere,5,1.0,-3342.65,True,,1.4416,1.4093,0.0,-0.067
BRAZIL,BRAZIL,national,2013-12-29,33,507151,poisson,briere,5,0.75,-1431.182,True,13235.553,1.4079,1.434,0.0,0.0652
BRAZIL,BRAZIL,national,2013-12-29,33,507151,poisson,briere,7,1.0,-13646.899,True,,1.4591,1.4093,0.0,-0.137
BRAZIL,BRAZIL,national,2013-12-29,33,507151,poisson,briere,7,0.75,-3038.55,True,-10834.31,1.4564,1.434,0.0,-0.0845
BRAZIL,BRAZIL,national,2013-12-29,33,507151,poisson,loglinear,3,1.0,-35826.691,True,,1.5371,1.4093,-0.1595,0.0149
BRAZIL,BRAZIL,national,2013-12-29,33,507151,poisson,loglinear,3,0.75,-46977.456,True,-7250.114,1.509,1.434,-0.2205,0.0615
BRAZIL,BRAZIL,national,2013-12-29,33,507151,poisson,loglinear,5,1.0,-40131.853,True,,1.6192,1.4093,-0.169,-0.088
BRAZIL,BRAZIL,national,2013-12-29,33,507151,poisson,loglinear,5,0.75,-47485.214,True,1547.955,1.6496,1.434,-0.2681,-0.0891
BRAZIL,BRAZIL,national,2013-12-29,33,507151,poisson,loglinear,7,1.0,-48410.694,True,,1.6341,1.4093,-0.1697,-0.1396
BRAZIL,BRAZIL,national,2013-12-29,33,507151,poisson,loglinear,7,0.75,-47725.905,True,-8565.459,1.6007,1.434,-0.2328,-0.0685
BRAZIL,BRAZIL,national,2014-11-30,36,1485001,nb,briere,3,1.0,-9.4,True,,1.6379,1.3491,0.0002,-0.2226
BRAZIL,BRAZIL,national,2014-11-30,36,1485001,nb,briere,3,0.75,1.21,False,-19.623,1.6715,1.4082,0.0088,-0.2112
BRAZIL,BRAZIL,national,2014-11-30,36,1485001,nb,briere,5,1.0,-5.988,True,,1.5956,1.3491,0.0004,-0.1917
BRAZIL,BRAZIL,national,2014-11-30,36,1485001,nb,briere,5,0.75,4.309,False,-10.856,1.4799,1.4082,0.0063,-0.0609
BRAZIL,BRAZIL,national,2014-11-30,36,1485001,nb,briere,7,1.0,1.843,False,,1.4212,1.3491,0.0001,-0.0701
BRAZIL,BRAZIL,national,2014-11-30,36,1485001,nb,briere,7,0.75,1.969,False,49.875,1.3043,1.4082,0.002,0.1305
BRAZIL,BRAZIL,national,2014-11-30,36,1485001,nb,loglinear,3,1.0,-12.23,True,,1.6179,1.3491,-0.1028,-0.134
BRAZIL,BRAZIL,national,2014-11-30,36,1485001,nb,loglinear,3,0.75,-9.67,True,9.159,1.7387,1.4082,-0.2315,-0.1365
BRAZIL,BRAZIL,national,2014-11-30,36,1485001,nb,loglinear,5,1.0,-14.81,True,,1.7288,1.3491,-0.1448,-0.1749
BRAZIL,BRAZIL,national,2014-11-30,36,1485001,nb,loglinear,5,0.75,-10.594,True,31.155,1.8771,1.4082,-0.2821,-0.2225
BRAZIL,BRAZIL,national,2014-11-30,36,1485001,nb,loglinear,7,1.0,-13.953,True,,1.7136,1.3491,-0.2108,-0.1376
BRAZIL,BRAZIL,national,2014-11-30,36,1485001,nb,loglinear,7,0.75,-9.213,True,-14.072,1.6614,1.4082,-0.2827,-0.0827
BRAZIL,BRAZIL,national,2014-11-30,36,1485001,poisson,briere,3,1.0,-265886.743,True,,1.9243,1.525,0.0072,-0.2959
BRAZIL,BRAZIL,national,2014-11-30,36,1485001,poisson,briere,3,0.75,-186799.076,True,10434.98,2.244,1.5865,0.0002,-0.4603
BRAZIL,BRAZIL,national,2014-11-30,36,1485001,poisson,briere,5,1.0,-260310.188,True,,2.082,1.525,0.0002,-0.3809
BRAZIL,BRAZIL,national,2014-11-30,36,1485001,poisson,briere,5,0.75,-73820.652,True,-221284.524,2.2213,1.5865,0.0,-0.4285
BRAZIL,BRAZIL,national,2014-11-30,36,1485001,poisson,briere,7,1.0,-160822.695,True,,2.0403,1.525,0.0,-0.3473
BRAZIL,BRAZIL,national,2014-11-30,36,1485001,poisson,briere,7,0.75,16808.655,False,18692.119,1.5645,1.5865,0.018,0.0289
BRAZIL,BRAZIL,national,2014-11-30,36,1485001,poisson,loglinear,3,1.0,-279104.079,True,,1.8687,1.525,-0.0794,-0.2222
BRAZIL,BRAZIL,national,2014-11-30,36,1485001,poisson,loglinear,3,0.75,-268858.491,True,-4178.982,1.9342,1.5865,-0.1865,-0.2343
BRAZIL,BRAZIL,national,2014-11-30,36,1485001,poisson,loglinear,5,1.0,-320679.985,True,,2.0119,1.525,-0.1494,-0.2652
BRAZIL,BRAZIL,national,2014-11-30,36,1485001,poisson,loglinear,5,0.75,-267791.697,True,-71907.18,2.0173,1.5865,-0.2547,-0.282
BRAZIL,BRAZIL,national,2014-11-30,36,1485001,poisson,loglinear,7,1.0,-325059.46,True,,2.061,1.525,-0.2248,-0.2675
BRAZIL,BRAZIL,national,2014-11-30,36,1485001,poisson,loglinear,7,0.75,-249185.596,True,-210408.772,1.8323,1.5865,-0.282,-0.164
BRAZIL,BRAZIL,national,2015-11-08,35,2169776,nb,briere,3,1.0,-8.843,True,,1.5784,1.3386,0.0025,-0.2821
BRAZIL,BRAZIL,national,2015-11-08,35,2169776,nb,briere,3,0.75,1.869,False,-15.552,1.7232,1.393,0.0714,-0.3289
BRAZIL,BRAZIL,national,2015-11-08,35,2169776,nb,briere,5,1.0,-1.748,True,,1.5042,1.3386,0.0,-0.1821
BRAZIL,BRAZIL,national,2015-11-08,35,2169776,nb,briere,5,0.75,3.51,False,29.769,1.2964,1.393,0.0,0.1297
BRAZIL,BRAZIL,national,2015-11-08,35,2169776,nb,briere,7,1.0,3.495,False,,1.3798,1.3386,0.0012,-0.0588
BRAZIL,BRAZIL,national,2015-11-08,35,2169776,nb,briere,7,0.75,1.754,False,141.744,1.3445,1.393,0.1068,0.2565
BRAZIL,BRAZIL,national,2015-11-08,35,2169776,nb,loglinear,3,1.0,-11.475,True,,1.7507,1.3386,-0.301,-0.0806
BRAZIL,BRAZIL,national,2015-11-08,35,2169776,nb,loglinear,3,0.75,-1.353,True,13.325,1.677,1.393,-0.2866,-0.2213
BRAZIL,BRAZIL,national,2015-11-08,35,2169776,nb,loglinear,5,1.0,-12.972,True,,1.7536,1.3386,-0.5363,0.196
BRAZIL,BRAZIL,national,2015-11-08,35,2169776,nb,loglinear,5,0.75,-2.386,True,-20.213,1.3418,1.393,-0.4516,0.2994
BRAZIL,BRAZIL,national,2015-11-08,35,2169776,nb,loglinear,7,1.0,-13.298,True,,1.6982,1.3386,-0.4195,0.1395
BRAZIL,BRAZIL,national,2015-11-08,35,2169776,nb,loglinear,7,0.75,-3.532,True,-19.922,1.3657,1.393,-0.3627,0.2622
BRAZIL,BRAZIL,national,2015-11-08,35,2169776,poisson,briere,3,1.0,-238087.505,True,,1.7438,1.5228,0.0006,-0.3142
BRAZIL,BRAZIL,national,2015-11-08,35,2169776,poisson,briere,3,0.75,-191.344,True,72466.943,1.5525,1.5816,0.0051,0.0501
BRAZIL,BRAZIL,national,2015-11-08,35,2169776,poisson,briere,5,1.0,-185196.013,True,,1.8527,1.5228,0.0002,-0.35
BRAZIL,BRAZIL,national,2015-11-08,35,2169776,poisson,briere,5,0.75,15320.774,False,65967.172,1.6865,1.5816,0.0663,-0.0291
BRAZIL,BRAZIL,national,2015-11-08,35,2169776,poisson,briere,7,1.0,-92843.192,True,,1.7875,1.5228,0.0001,-0.3001
BRAZIL,BRAZIL,national,2015-11-08,35,2169776,poisson,briere,7,0.75,9180.73,False,52789.715,1.7144,1.5816,0.0602,-0.0697
BRAZIL,BRAZIL,national,2015-11-08,35,2169776,poisson,loglinear,3,1.0,-572204.919,True,,2.1789,1.5228,-0.6764,0.1752
BRAZIL,BRAZIL,national,2015-11-08,35,2169776,poisson,loglinear,3,0.75,-339361.705,True,-392857.471,1.6674,1.5816,-0.5696,0.183
BRAZIL,BRAZIL,national,2015-11-08,35,2169776,poisson,loglinear,5,1.0,-559218.727,True,,2.0763,1.5228,-0.5855,0.1257
BRAZIL,BRAZIL,national,2015-11-08,35,2169776,poisson,loglinear,5,0.75,-380281.615,True,-510158.185,1.5221,1.5816,-0.5946,0.3309
BRAZIL,BRAZIL,national,2015-11-08,35,2169776,poisson,loglinear,7,1.0,-538091.625,True,,2.1258,1.5228,-0.5002,-0.0089
BRAZIL,BRAZIL,national,2015-11-08,35,2169776,poisson,loglinear,7,0.75,-319550.548,True,-249626.589,1.8671,1.5816,-0.5341,-0.0774
BRAZIL,BRAZIL,national,2016-08-07,57,550392,nb,briere,3,1.0,-7.547,True,,1.1408,1.1675,0.0,0.0613
BRAZIL,BRAZIL,national,2016-08-07,57,550392,nb,briere,3,0.75,-22.061,True,166.517,1.1865,1.1911,0.0153,0.1339
BRAZIL,BRAZIL,national,2016-08-07,57,550392,nb,briere,5,1.0,-17.055,True,,1.1473,1.1675,0.0,0.08
BRAZIL,BRAZIL,national,2016-08-07,57,550392,nb,briere,5,0.75,-27.565,True,136.738,1.2074,1.1911,0.0003,0.1435
BRAZIL,BRAZIL,national,2016-08-07,57,550392,nb,briere,7,1.0,-27.311,True,,1.1701,1.1675,0.0,0.0911
BRAZIL,BRAZIL,national,2016-08-07,57,550392,nb,briere,7,0.75,-32.348,True,151.666,1.2598,1.1911,0.0,0.1494
BRAZIL,BRAZIL,national,2016-08-07,57,550392,nb,loglinear,3,1.0,-44.657,True,,1.3097,1.1675,-0.1683,0.1512
BRAZIL,BRAZIL,national,2016-08-07,57,550392,nb,loglinear,3,0.75,-31.436,True,-13.416,1.281,1.1911,-0.1908,0.2426
BRAZIL,BRAZIL,national,2016-08-07,57,550392,nb,loglinear,5,1.0,-45.524,True,,1.3201,1.1675,-0.1423,0.1322
BRAZIL,BRAZIL,national,2016-08-07,57,550392,nb,loglinear,5,0.75,-31.915,True,8.937,1.2958,1.1911,-0.1187,0.1952
BRAZIL,BRAZIL,national,2016-08-07,57,550392,nb,loglinear,7,1.0,-46.647,True,,1.3293,1.1675,-0.1172,0.1147
BRAZIL,BRAZIL,national,2016-08-07,57,550392,nb,loglinear,7,0.75,-33.768,True,67.513,1.3161,1.1911,-0.0647,0.1687
BRAZIL,BRAZIL,national,2016-08-07,57,550392,poisson,briere,3,1.0,-21395.031,True,,1.1894,1.2363,0.0,0.0641
BRAZIL,BRAZIL,national,2016-08-07,57,550392,poisson,briere,3,0.75,-72003.982,True,86717.897,1.1886,1.2529,0.0,0.1167
BRAZIL,BRAZIL,national,2016-08-07,57,550392,poisson,briere,5,1.0,-51189.237,True,,1.191,1.2363,0.0,0.0861
BRAZIL,BRAZIL,national,2016-08-07,57,550392,poisson,briere,5,0.75,-104252.983,True,91979.154,1.2174,1.2529,0.0,0.1268
BRAZIL,BRAZIL,national,2016-08-07,57,550392,poisson,briere,7,1.0,-85736.379,True,,1.2152,1.2363,0.0,0.0971
BRAZIL,BRAZIL,national,2016-08-07,57,550392,poisson,briere,7,0.75,-137819.77,True,99534.132,1.2658,1.2529,0.0,0.1348
BRAZIL,BRAZIL,national,2016-08-07,57,550392,poisson,loglinear,3,1.0,-172962.717,True,,1.3931,1.2363,-0.2134,0.1741
BRAZIL,BRAZIL,national,2016-08-07,57,550392,poisson,loglinear,3,0.75,-146984.493,True,-32965.84,1.3129,1.2529,-0.2192,0.2187
BRAZIL,BRAZIL,national,2016-08-07,57,550392,poisson,loglinear,5,1.0,-174787.02,True,,1.3961,1.2363,-0.1752,0.1392
BRAZIL,BRAZIL,national,2016-08-07,57,550392,poisson,loglinear,5,0.75,-148133.778,True,-42557.599,1.3248,1.2529,-0.1456,0.1704
BRAZIL,BRAZIL,national,2016-08-07,57,550392,poisson,loglinear,7,1.0,-172461.603,True,,1.3949,1.2363,-0.1395,0.1121
BRAZIL,BRAZIL,national,2016-08-07,57,550392,poisson,loglinear,7,0.75,-154368.061,True,6066.703,1.3347,1.2529,-0.0836,0.1451
BRAZIL,BRAZIL,national,2018-12-02,38,2091193,nb,briere,3,1.0,-8.797,True,,1.5062,1.3063,0.0,-0.1586
BRAZIL,BRAZIL,national,2018-12-02,38,2091193,nb,briere,3,0.75,2.029,False,-16.671,1.4719,1.3581,0.0001,-0.0952
BRAZIL,BRAZIL,national,2018-12-02,38,2091193,nb,briere,5,1.0,0.511,False,,1.3947,1.3063,0.004,-0.0765
BRAZIL,BRAZIL,national,2018-12-02,38,2091193,nb,briere,5,0.75,2.672,False,46.607,1.2879,1.3581,0.008,0.0835
BRAZIL,BRAZIL,national,2018-12-02,38,2091193,nb,briere,7,1.0,3.524,False,,1.3279,1.3063,0.0002,-0.0246
BRAZIL,BRAZIL,national,2018-12-02,38,2091193,nb,briere,7,0.75,-3.904,True,186.197,1.2354,1.3581,0.0001,0.1853
BRAZIL,BRAZIL,national,2018-12-02,38,2091193,nb,loglinear,3,1.0,-19.94,True,,1.5548,1.3063,-0.2131,-0.0328
BRAZIL,BRAZIL,national,2018-12-02,38,2091193,nb,loglinear,3,0.75,-18.63,True,160.585,1.7566,1.3581,-0.3616,-0.1207
BRAZIL,BRAZIL,national,2018-12-02,38,2091193,nb,loglinear,5,1.0,-20.104,True,,1.5679,1.3063,-0.2314,-0.03
BRAZIL,BRAZIL,national,2018-12-02,38,2091193,nb,loglinear,5,0.75,-17.792,True,146.174,1.7196,1.3581,-0.4223,-0.0917
BRAZIL,BRAZIL,national,2018-12-02,38,2091193,nb,loglinear,7,1.0,-20.433,True,,1.5879,1.3063,-0.2439,-0.0404
BRAZIL,BRAZIL,national,2018-12-02,38,2091193,nb,loglinear,7,0.75,-17.002,True,64.233,1.668,1.3581,-0.4371,-0.0654
BRAZIL,BRAZIL,national,2018-12-02,38,2091193,poisson,briere,3,1.0,-423416.829,True,,1.751,1.4745,0.0086,-0.192
BRAZIL,BRAZIL,national,2018-12-02,38,2091193,poisson,briere,3,0.75,-55074.083,True,-224969.564,1.6356,1.5293,0.04,-0.0955
BRAZIL,BRAZIL,national,2018-12-02,38,2091193,poisson,briere,5,1.0,-218781.426,True,,1.7124,1.4745,0.0004,-0.1545
BRAZIL,BRAZIL,national,2018-12-02,38,2091193,poisson,briere,5,0.75,48910.419,False,89854.477,1.5012,1.5293,0.0242,0.0253
BRAZIL,BRAZIL,national,2018-12-02,38,2091193,poisson,briere,7,1.0,-13136.671,True,,1.5451,1.4745,0.0013,-0.0505
BRAZIL,BRAZIL,national,2018-12-02,38,2091193,poisson,briere,7,0.75,-174189.231,True,636281.8,1.3353,1.5293,0.0269,0.1914
BRAZIL,BRAZIL,national,2018-12-02,38,2091193,poisson,loglinear,3,1.0,-645202.976,True,,1.7361,1.4745,-0.2614,-0.0543
BRAZIL,BRAZIL,national,2018-12-02,38,2091193,poisson,loglinear,3,0.75,-834010.51,True,142810.198,1.7923,1.5293,-0.3359,-0.1375
BRAZIL,BRAZIL,national,2018-12-02,38,2091193,poisson,loglinear,5,1.0,-640112.179,True,,1.7431,1.4745,-0.2921,-0.0415
BRAZIL,BRAZIL,national,2018-12-02,38,2091193,poisson,loglinear,5,0.75,-795128.934,True,64606.789,1.7572,1.5293,-0.4108,-0.1116
BRAZIL,BRAZIL,national,2018-12-02,38,2091193,poisson,loglinear,7,1.0,-635057.752,True,,1.7431,1.4745,-0.3117,-0.0358
BRAZIL,BRAZIL,national,2018-12-02,38,2091193,poisson,loglinear,7,0.75,-738247.372,True,-113917.336,1.6897,1.5293,-0.4478,-0.0804
BRAZIL,BRAZIL,national,2019-11-10,40,1432127,nb,briere,3,1.0,-7.796,True,,1.4053,1.2672,0.0024,-0.1213
BRAZIL,BRAZIL,national,2019-11-10,40,1432127,nb,briere,3,0.75,4.041,False,1.789,1.3227,1.3294,0.0,0.0037
BRAZIL,BRAZIL,national,2019-11-10,40,1432127,nb,briere,5,1.0,0.015,False,,1.3236,1.2672,0.0,-0.0634
BRAZIL,BRAZIL,national,2019-11-10,40,1432127,nb,briere,5,0.75,0.845,False,89.195,1.2696,1.3294,0.0,0.0937
BRAZIL,BRAZIL,national,2019-11-10,40,1432127,nb,briere,7,1.0,4.361,False,,1.2787,1.2672,0.0028,-0.0124
BRAZIL,BRAZIL,national,2019-11-10,40,1432127,nb,briere,7,0.75,-5.302,True,222.063,1.2905,1.3294,0.0,0.1541
BRAZIL,BRAZIL,national,2019-11-10,40,1432127,nb,loglinear,3,1.0,-21.236,True,,1.5057,1.2672,-0.1508,-0.0613
BRAZIL,BRAZIL,national,2019-11-10,40,1432127,nb,loglinear,3,0.75,-14.705,True,332.03,1.748,1.3294,-0.3602,-0.0333
BRAZIL,BRAZIL,national,2019-11-10,40,1432127,nb,loglinear,5,1.0,-22.455,True,,1.5399,1.2672,-0.1816,-0.0666
BRAZIL,BRAZIL,national,2019-11-10,40,1432127,nb,loglinear,5,0.75,-14.627,True,351.907,1.754,1.3294,-0.3803,-0.0323
BRAZIL,BRAZIL,national,2019-11-10,40,1432127,nb,loglinear,7,1.0,-23.527,True,,1.5787,1.2672,-0.2189,-0.076
BRAZIL,BRAZIL,national,2019-11-10,40,1432127,nb,loglinear,7,0.75,-14.368,True,136.485,1.6914,1.3294,-0.3512,-0.0003
BRAZIL,BRAZIL,national,2019-11-10,40,1432127,poisson,briere,3,1.0,-343187.784,True,,1.6939,1.4015,0.0,-0.1943
BRAZIL,BRAZIL,national,2019-11-10,40,1432127,poisson,briere,3,0.75,-61350.65,True,-309190.392,1.6856,1.4737,0.0,-0.1384
BRAZIL,BRAZIL,national,2019-11-10,40,1432127,poisson,briere,5,1.0,-175016.258,True,,1.6156,1.4015,0.0,-0.1669
BRAZIL,BRAZIL,national,2019-11-10,40,1432127,poisson,briere,5,0.75,-11814.423,True,182253.808,1.4162,1.4737,0.0029,0.0609
BRAZIL,BRAZIL,national,2019-11-10,40,1432127,poisson,briere,7,1.0,-11918.35,True,,1.4457,1.4015,0.0001,-0.0488
BRAZIL,BRAZIL,national,2019-11-10,40,1432127,poisson,briere,7,0.75,-125501.129,True,423568.145,1.399,1.4737,0.0115,0.1604
BRAZIL,BRAZIL,national,2019-11-10,40,1432127,poisson,loglinear,3,1.0,-476665.957,True,,1.7388,1.4015,-0.156,-0.1107
BRAZIL,BRAZIL,national,2019-11-10,40,1432127,poisson,loglinear,3,0.75,-460262.556,True,458462.089,1.959,1.4737,-0.3357,-0.1262
BRAZIL,BRAZIL,national,2019-11-10,40,1432127,poisson,loglinear,5,1.0,-513891.132,True,,1.7947,1.4015,-0.2098,-0.1221
BRAZIL,BRAZIL,national,2019-11-10,40,1432127,poisson,loglinear,5,0.75,-457257.237,True,570877.862,1.9925,1.4737,-0.417,-0.1359
BRAZIL,BRAZIL,national,2019-11-10,40,1432127,poisson,loglinear,7,1.0,-532744.347,True,,1.8494,1.4015,-0.2711,-0.1395
BRAZIL,BRAZIL,national,2019-11-10,40,1432127,poisson,loglinear,7,0.75,-432888.296,True,545822.495,1.9985,1.4737,-0.4814,-0.146
BRAZIL,BRAZIL,national,2020-11-15,44,890898,nb,briere,3,1.0,-23.144,True,,1.4673,1.2344,0.0002,-0.1653
BRAZIL,BRAZIL,national,2020-11-15,44,890898,nb,briere,3,0.75,-4.359,True,-41.486,1.5471,1.2871,0.0,-0.1791
BRAZIL,BRAZIL,national,2020-11-15,44,890898,nb,briere,5,1.0,-18.291,True,,1.4453,1.2344,0.0,-0.1477
BRAZIL,BRAZIL,national,2020-11-15,44,890898,nb,briere,5,0.75,2.44,False,-36.695,1.3786,1.2871,0.0,-0.0741
BRAZIL,BRAZIL,national,2020-11-15,44,890898,nb,briere,7,1.0,-9.655,True,,1.3657,1.2344,0.0001,-0.1039
BRAZIL,BRAZIL,national,2020-11-15,44,890898,nb,briere,7,0.75,3.46,False,53.313,1.2395,1.2871,0.0,0.0471
BRAZIL,BRAZIL,national,2020-11-15,44,890898,nb,loglinear,3,1.0,-23.855,True,,1.4375,1.2344,-0.0479,-0.1154
BRAZIL,BRAZIL,national,2020-11-15,44,890898,nb,loglinear,3,0.75,-17.369,True,69.014,1.5069,1.2871,-0.3008,0.0476
BRAZIL,BRAZIL,national,2020-11-15,44,890898,nb,loglinear,5,1.0,-24.414,True,,1.4406,1.2344,-0.0904,-0.0851
BRAZIL,BRAZIL,national,2020-11-15,44,890898,nb,loglinear,5,0.75,-17.196,True,99.994,1.5592,1.2871,-0.2791,0.0024
BRAZIL,BRAZIL,national,2020-11-15,44,890898,nb,loglinear,7,1.0,-24.88,True,,1.4456,1.2344,-0.1189,-0.0726
BRAZIL,BRAZIL,national,2020-11-15,44,890898,nb,loglinear,7,0.75,-17.177,True,102.707,1.5631,1.2871,-0.2811,0.0003
BRAZIL,BRAZIL,national,2020-11-15,44,890898,poisson,briere,3,1.0,-207999.636,True,,1.5861,1.3468,0.0,-0.1737
BRAZIL,BRAZIL,national,2020-11-15,44,890898,poisson,briere,3,0.75,-164650.475,True,28276.246,1.8498,1.4033,0.0,-0.267
BRAZIL,BRAZIL,national,2020-11-15,44,890898,poisson,briere,5,1.0,-214674.742,True,,1.6483,1.3468,0.0002,-0.1931
BRAZIL,BRAZIL,national,2020-11-15,44,890898,poisson,briere,5,0.75,-97543.158,True,-125258.206,1.8379,1.4033,0.0,-0.2501
BRAZIL,BRAZIL,national,2020-11-15,44,890898,poisson,briere,7,1.0,-184010.063,True,,1.6683,1.3468,0.0,-0.1987
BRAZIL,BRAZIL,national,2020-11-15,44,890898,poisson,briere,7,0.75,-14200.523,True,-171204.757,1.5818,1.4033,0.0,-0.1169
BRAZIL,BRAZIL,national,2020-11-15,44,890898,poisson,loglinear,3,1.0,-209159.648,True,,1.5683,1.3468,-0.0403,-0.1374
BRAZIL,BRAZIL,national,2020-11-15,44,890898,poisson,loglinear,3,0.75,-213824.661,True,24096.887,1.6437,1.4033,-0.2133,-0.054
BRAZIL,BRAZIL,national,2020-11-15,44,890898,poisson,loglinear,5,1.0,-229181.699,True,,1.6073,1.3468,-0.0823,-0.1235
BRAZIL,BRAZIL,national,2020-11-15,44,890898,poisson,loglinear,5,0.75,-225173.93,True,62172.192,1.7303,1.4033,-0.2254,-0.0937
BRAZIL,BRAZIL,national,2020-11-15,44,890898,poisson,loglinear,7,1.0,-244495.812,True,,1.6368,1.3468,-0.1249,-0.1153
BRAZIL,BRAZIL,national,2020-11-15,44,890898,poisson,loglinear,7,0.75,-230990.519,True,76099.682,1.7814,1.4033,-0.2667,-0.1111
BRAZIL,BRAZIL,national,2021-12-26,35,2124314,nb,briere,3,1.0,-16.372,True,,3.1419,1.3188,0.4793,-0.5235
BRAZIL,BRAZIL,national,2021-12-26,35,2124314,nb,briere,3,0.75,-9.917,True,93.507,1.8507,1.3953,0.0,-0.3158
BRAZIL,BRAZIL,national,2021-12-26,35,2124314,nb,briere,5,1.0,-13.585,True,,1.87,1.3188,0.1064,-0.2716
BRAZIL,BRAZIL,national,2021-12-26,35,2124314,nb,briere,5,0.75,-6.301,True,26.13,1.9413,1.3953,0.0014,-0.3397
BRAZIL,BRAZIL,national,2021-12-26,35,2124314,nb,briere,7,1.0,-9.76,True,,1.5795,1.3188,0.0044,-0.1886
BRAZIL,BRAZIL,national,2021-12-26,35,2124314,nb,briere,7,0.75,2.724,False,-22.262,1.5376,1.3953,0.003,-0.1057
BRAZIL,BRAZIL,national,2021-12-26,35,2124314,nb,loglinear,3,1.0,-15.896,True,,1.6354,1.3188,0.3165,-0.5371
BRAZIL,BRAZIL,national,2021-12-26,35,2124314,nb,loglinear,3,0.75,-9.979,True,110.858,1.7893,1.3953,-0.071,-0.2364
BRAZIL,BRAZIL,national,2021-12-26,35,2124314,nb,loglinear,5,1.0,-12.798,True,,1.5852,1.3188,0.0392,-0.2357
BRAZIL,BRAZIL,national,2021-12-26,35,2124314,nb,loglinear,5,0.75,-9.521,True,155.09,1.7531,1.3953,-0.1987,-0.1266
BRAZIL,BRAZIL,national,2021-12-26,35,2124314,nb,loglinear,7,1.0,-11.986,True,,1.5531,1.3188,-0.0665,-0.1408
BRAZIL,BRAZIL,national,2021-12-26,35,2124314,nb,loglinear,7,0.75,-9.307,True,110.261,1.6514,1.3953,-0.262,-0.0365
BRAZIL,BRAZIL,national,2021-12-26,35,2124314,poisson,briere,3,1.0,-505089.196,True,,3.2332,1.4896,0.447,-0.5172
BRAZIL,BRAZIL,national,2021-12-26,35,2124314,poisson,briere,3,0.75,-539096.778,True,422389.903,2.0872,1.5696,0.044,-0.3607
BRAZIL,BRAZIL,national,2021-12-26,35,2124314,poisson,briere,5,1.0,-419939.216,True,,1.7665,1.4896,0.0059,-0.2172
BRAZIL,BRAZIL,national,2021-12-26,35,2124314,poisson,briere,5,0.75,-447100.909,True,257261.45,2.1098,1.5696,0.0007,-0.365
BRAZIL,BRAZIL,national,2021-12-26,35,2124314,poisson,briere,7,1.0,-397051.555,True,,1.8625,1.4896,0.0154,-0.2347
BRAZIL,BRAZIL,national,2021-12-26,35,2124314,poisson,briere,7,0.75,-202722.918,True,-207082.927,2.0134,1.5696,0.0005,-0.2698
BRAZIL,BRAZIL,national,2021-12-26,35,2124314,poisson,loglinear,3,1.0,-447246.372,True,,1.7338,1.4896,0.2041,-0.4245
BRAZIL,BRAZIL,national,2021-12-26,35,2124314,poisson,loglinear,3,0.75,-544816.065,True,478601.188,1.8966,1.5696,-0.0589,-0.2569
BRAZIL,BRAZIL,national,2021-12-26,35,2124314,poisson,loglinear,5,1.0,-412257.724,True,,1.732,1.4896,-0.0079,-0.2028
BRAZIL,BRAZIL,national,2021-12-26,35,2124314,poisson,loglinear,5,0.75,-527249.524,True,456478.756,1.8646,1.5696,-0.1792,-0.1508
BRAZIL,BRAZIL,national,2021-12-26,35,2124314,poisson,loglinear,7,1.0,8482291.033,False,,4.978,1.4896,-1.2441,-0.9053
BRAZIL,BRAZIL,national,2021-12-26,35,2124314,poisson,loglinear,7,0.75,-508625.997,True,356179.861,1.7683,1.5696,-0.2449,-0.0622
BRAZIL,BRAZIL,national,2022-11-27,37,2688011,nb,briere,3,1.0,-15.958,True,,1.7321,1.3063,0.0498,-0.2524
BRAZIL,BRAZIL,national,2022-11-27,37,2688011,nb,briere,3,0.75,-8.128,True,38.451,2.0053,1.3594,0.0094,-0.4016
BRAZIL,BRAZIL,national,2022-11-27,37,2688011,nb,briere,5,1.0,-8.017,True,,1.6178,1.3063,0.0191,-0.2071
BRAZIL,BRAZIL,national,2022-11-27,37,2688011,nb,briere,5,0.75,10.527,False,17.703,1.4325,1.3594,0.0918,0.0003
BRAZIL,BRAZIL,national,2022-11-27,37,2688011,nb,briere,7,1.0,-0.7,True,,1.4195,1.3063,0.0017,-0.0961
BRAZIL,BRAZIL,national,2022-11-27,37,2688011,nb,briere,7,0.75,1.645,False,88.096,1.2225,1.3594,0.0004,0.1466
BRAZIL,BRAZIL,national,2022-11-27,37,2688011,nb,loglinear,3,1.0,-15.916,True,,1.5905,1.3063,-0.0327,-0.1814
BRAZIL,BRAZIL,national,2022-11-27,37,2688011,nb,loglinear,3,0.75,-12.162,True,32.166,1.6158,1.3594,-0.3651,0.058
BRAZIL,BRAZIL,national,2022-11-27,37,2688011,nb,loglinear,5,1.0,-14.956,True,,1.5624,1.3063,-0.1397,-0.069
BRAZIL,BRAZIL,national,2022-11-27,37,2688011,nb,loglinear,5,0.75,-13.036,True,12.199,1.5252,1.3594,-0.3603,0.1231
BRAZIL,BRAZIL,national,2022-11-27,37,2688011,nb,loglinear,7,1.0,-14.788,True,,1.5507,1.3063,-0.1711,-0.0392
BRAZIL,BRAZIL,national,2022-11-27,37,2688011,nb,loglinear,7,0.75,-13.908,True,24.912,1.509,1.3594,-0.3097,0.1241
BRAZIL,BRAZIL,national,2022-11-27,37,2688011,poisson,briere,3,1.0,-698283.784,True,,1.9801,1.4932,0.0604,-0.2832
BRAZIL,BRAZIL,national,2022-11-27,37,2688011,poisson,briere,3,0.75,-772720.763,True,428759.678,2.2793,1.5558,0.0289,-0.4215
BRAZIL,BRAZIL,national,2022-11-27,37,2688011,poisson,briere,5,1.0,-674416.695,True,,2.0134,1.4932,0.0284,-0.297
BRAZIL,BRAZIL,national,2022-11-27,37,2688011,poisson,briere,5,0.75,257213.894,False,7021.331,1.5004,1.5558,0.0379,0.0146
BRAZIL,BRAZIL,national,2022-11-27,37,2688011,poisson,briere,7,1.0,-473661.028,True,,1.9817,1.4932,0.0128,-0.2884
BRAZIL,BRAZIL,national,2022-11-27,37,2688011,poisson,briere,7,0.75,97183.585,False,497364.294,1.3448,1.5558,0.0178,0.1674
BRAZIL,BRAZIL,national,2022-11-27,37,2688011,poisson,loglinear,3,1.0,-706360.425,True,,1.7973,1.4932,-0.0391,-0.2049
BRAZIL,BRAZIL,national,2022-11-27,37,2688011,poisson,loglinear,3,0.75,-840555.805,True,275435.966,1.8965,1.5558,-0.2087,-0.1416
BRAZIL,BRAZIL,national,2022-11-27,37,2688011,poisson,loglinear,5,1.0,-729659.737,True,,1.8166,1.4932,-0.1341,-0.1291
BRAZIL,BRAZIL,national,2022-11-27,37,2688011,poisson,loglinear,5,0.75,-847494.624,True,219841.105,1.8641,1.5558,-0.2731,-0.0871
BRAZIL,BRAZIL,national,2022-11-27,37,2688011,poisson,loglinear,7,1.0,-736653.198,True,,1.822,1.4932,-0.1857,-0.099
BRAZIL,BRAZIL,national,2022-11-27,37,2688011,poisson,loglinear,7,0.75,-828452.936,True,96890.302,1.8123,1.5558,-0.3011,-0.0481
CAMBODIA,CAMBODIA,national,2011-03-27,40,15357,nb,briere,3,1.0,-24.01,True,,2.3217,1.3623,2.8216,-0.1232
CAMBODIA,CAMBODIA,national,2011-03-27,40,15357,nb,briere,3,0.75,-13.796,True,-78.247,3.3972,1.4709,4.3824,-0.0049
CAMBODIA,CAMBODIA,national,2011-03-27,40,15357,nb,briere,5,1.0,-21.579,True,,2.7946,1.3623,3.579,-0.0335
CAMBODIA,CAMBODIA,national,2011-03-27,40,15357,nb,briere,5,0.75,-13.941,True,-80.618,3.9561,1.4709,4.9541,0.0572
CAMBODIA,CAMBODIA,national,2011-03-27,40,15357,nb,briere,7,1.0,-21.601,True,,3.3791,1.3623,4.3025,0.0324
CAMBODIA,CAMBODIA,national,2011-03-27,40,15357,nb,briere,7,0.75,-13.821,True,-74.316,3.2207,1.4709,4.1962,-0.0269
CAMBODIA,CAMBODIA,national,2011-03-27,40,15357,nb,loglinear,3,1.0,-27.369,True,,1.1278,1.3623,0.3217,-0.0959
CAMBODIA,CAMBODIA,national,2011-03-27,40,15357,nb,loglinear,3,0.75,-16.48,True,-2.058,1.2657,1.4709,0.4292,0.0013
CAMBODIA,CAMBODIA,national,2011-03-27,40,15357,nb,loglinear,5,1.0,-25.794,True,,1.1209,1.3623,0.4056,-0.0045
CAMBODIA,CAMBODIA,national,2011-03-27,40,15357,nb,loglinear,5,0.75,-16.719,True,13.974,1.2985,1.4709,0.4868,0.067
CAMBODIA,CAMBODIA,national,2011-03-27,40,15357,nb,loglinear,7,1.0,-26.029,True,,1.1254,1.3623,0.4584,0.0414
CAMBODIA,CAMBODIA,national,2011-03-27,40,15357,nb,loglinear,7,0.75,-16.504,True,5.466,1.2799,1.4709,0.4483,0.0249
CAMBODIA,CAMBODIA,national,2011-03-27,40,15357,poisson,briere,3,1.0,-442.619,True,,2.2104,1.3357,2.6778,-0.0609
CAMBODIA,CAMBODIA,national,2011-03-27,40,15357,poisson,briere,3,0.75,-272.016,True,-366.098,2.5423,1.3761,2.9596,0.0301
CAMBODIA,CAMBODIA,national,2011-03-27,40,15357,poisson,briere,5,1.0,-414.882,True,,2.3,1.3357,2.63,-0.0055
CAMBODIA,CAMBODIA,national,2011-03-27,40,15357,poisson,briere,5,0.75,-274.829,True,-381.889,2.6153,1.3761,3.0843,0.0349
CAMBODIA,CAMBODIA,national,2011-03-27,40,15357,poisson,briere,7,1.0,-420.443,True,,2.2843,1.3357,2.7019,-0.0265
CAMBODIA,CAMBODIA,national,2011-03-27,40,15357,poisson,briere,7,0.75,-280.804,True,-377.861,2.3945,1.3761,3.0249,-0.0512
CAMBODIA,CAMBODIA,national,2011-03-27,40,15357,poisson,loglinear,3,1.0,-481.739,True,,1.122,1.3357,0.2784,-0.064
CAMBODIA,CAMBODIA,national,2011-03-27,40,15357,poisson,loglinear,3,0.75,-284.707,True,12.116,1.3048,1.3761,0.2751,0.0145
CAMBODIA,CAMBODIA,national,2011-03-27,40,15357,poisson,loglinear,5,1.0,-453.845,True,,1.1751,1.3357,0.2668,-0.0177
CAMBODIA,CAMBODIA,national,2011-03-27,40,15357,poisson,loglinear,5,0.75,-286.299,True,16.637,1.3127,1.3761,0.2785,0.0219
CAMBODIA,CAMBODIA,national,2011-03-27,40,15357,poisson,loglinear,7,1.0,-460.997,True,,1.1487,1.3357,0.2776,-0.0344
CAMBODIA,CAMBODIA,national,2011-03-27,40,15357,poisson,loglinear,7,0.75,-297.072,True,196.58,1.2268,1.3761,0.2818,-0.0538
CAMBODIA,CAMBODIA,national,2012-03-18,40,41093,nb,briere,3,1.0,-3.601,True,,1.3175,1.2836,0.0,0.0714
CAMBODIA,CAMBODIA,national,2012-03-18,40,41093,nb,briere,3,0.75,-1.816,True,-12.627,1.3247,1.3044,0.0,0.0705
CAMBODIA,CAMBODIA,national,2012-03-18,40,41093,nb,briere,5,1.0,2.341,False,,1.2974,1.2836,0.0,0.031
CAMBODIA,CAMBODIA,national,2012-03-18,40,41093,nb,briere,5,0.75,2.332,False,1.628,1.3197,1.3044,0.0,0.0339
CAMBODIA,CAMBODIA,national,2012-03-18,40,41093,nb,briere,7,1.0,3.878,False,,1.2791,1.2836,0.0,-0.0081
CAMBODIA,CAMBODIA,national,2012-03-18,40,41093,nb,briere,7,0.75,3.98,False,-1.412,1.3012,1.3044,0.0,-0.0042
CAMBODIA,CAMBODIA,national,2012-03-18,40,41093,nb,loglinear,3,1.0,110.16,False,,1.06,1.2836,0.189,-0.057
CAMBODIA,CAMBODIA,national,2012-03-18,40,41093,nb,loglinear,3,0.75,-3.942,True,-3.265,1.332,1.3044,-0.0711,0.025
CAMBODIA,CAMBODIA,national,2012-03-18,40,41093,nb,loglinear,5,1.0,348.693,False,,3.6813,1.2836,-0.76,0.2343
CAMBODIA,CAMBODIA,national,2012-03-18,40,41093,nb,loglinear,5,0.75,-4.266,True,9.683,1.3248,1.3044,-0.1167,-0.0288
CAMBODIA,CAMBODIA,national,2012-03-18,40,41093,nb,loglinear,7,1.0,1.353,False,,1.2801,1.2836,-0.0486,-0.0357
CAMBODIA,CAMBODIA,national,2012-03-18,40,41093,nb,loglinear,7,0.75,-10.521,True,4.993,1.2831,1.3044,-0.1731,-0.0979
CAMBODIA,CAMBODIA,national,2012-03-18,40,41093,poisson,briere,3,1.0,-264.671,True,,1.5095,1.303,0.6132,0.0558
CAMBODIA,CAMBODIA,national,2012-03-18,40,41093,poisson,briere,3,0.75,-62.731,True,-404.592,1.4398,1.3331,0.349,0.0385
CAMBODIA,CAMBODIA,national,2012-03-18,40,41093,poisson,briere,5,1.0,-86.764,True,,1.5196,1.303,0.6808,0.018
CAMBODIA,CAMBODIA,national,2012-03-18,40,41093,poisson,briere,5,0.75,-3.104,True,-86.268,1.4007,1.3331,0.2235,0.0065
CAMBODIA,CAMBODIA,national,2012-03-18,40,41093,poisson,briere,7,1.0,-266.254,True,,1.2857,1.303,0.0,-0.0577
CAMBODIA,CAMBODIA,national,2012-03-18,40,41093,poisson,briere,7,0.75,-196.577,True,-301.096,1.3083,1.3331,0.0,-0.0559
CAMBODIA,CAMBODIA,national,2012-03-18,40,41093,poisson,loglinear,3,1.0,-266.169,True,,1.3092,1.303,0.0491,0.0581
CAMBODIA,CAMBODIA,national,2012-03-18,40,41093,poisson,loglinear,3,0.75,-61.115,True,-177.13,1.3346,1.3331,0.0288,0.0399
CAMBODIA,CAMBODIA,national,2012-03-18,40,41093,poisson,loglinear,5,1.0,-75.402,True,,1.2978,1.303,0.0509,0.0196
CAMBODIA,CAMBODIA,national,2012-03-18,40,41093,poisson,loglinear,5,0.75,0.358,False,78.356,1.334,1.3331,0.0136,0.0056
CAMBODIA,CAMBODIA,national,2012-03-18,40,41093,poisson,loglinear,7,1.0,-274.89,True,,1.2873,1.303,-0.0215,-0.0652
CAMBODIA,CAMBODIA,national,2012-03-18,40,41093,poisson,loglinear,7,0.75,-288.766,True,-461.439,1.2954,1.3331,-0.0872,-0.0852
CAMBODIA,CAMBODIA,national,2013-03-17,35,15736,nb,briere,3,1.0,1.751,False,,1.4768,1.2577,0.8887,0.057
CAMBODIA,CAMBODIA,national,2013-03-17,35,15736,nb,briere,3,0.75,0.376,False,188.009,1.4041,1.3045,0.0,0.0879
CAMBODIA,CAMBODIA,national,2013-03-17,35,15736,nb,briere,5,1.0,-1.384,True,,1.177,1.2577,0.0,-0.0858
CAMBODIA,CAMBODIA,national,2013-03-17,35,15736,nb,briere,5,0.75,3.328,False,138.184,1.4061,1.3045,0.0,0.0706
CAMBODIA,CAMBODIA,national,2013-03-17,35,15736,nb,briere,7,1.0,-6.562,True,,1.0496,1.2577,0.0,-0.168
CAMBODIA,CAMBODIA,national,2013-03-17,35,15736,nb,briere,7,0.75,2.141,False,-23.11,1.0501,1.3045,0.0,-0.1569
CAMBODIA,CAMBODIA,national,2013-03-17,35,15736,nb,loglinear,3,1.0,3.151,False,,1.242,1.2577,0.0404,0.0125
CAMBODIA,CAMBODIA,national,2013-03-17,35,15736,nb,loglinear,3,0.75,-2.047,True,69.182,1.3655,1.3045,-0.1553,-0.0366
CAMBODIA,CAMBODIA,national,2013-03-17,35,15736,nb,loglinear,5,1.0,-5.357,True,,1.1673,1.2577,-0.1305,-0.1917
CAMBODIA,CAMBODIA,national,2013-03-17,35,15736,nb,loglinear,5,0.75,-3.151,True,-3.262,1.292,1.3045,-0.1828,-0.1013
CAMBODIA,CAMBODIA,national,2013-03-17,35,15736,nb,loglinear,7,1.0,-9.856,True,,1.0717,1.2577,-0.1025,-0.2222
CAMBODIA,CAMBODIA,national,2013-03-17,35,15736,nb,loglinear,7,0.75,-2.496,True,6.928,1.2902,1.3045,-0.141,-0.0749
CAMBODIA,CAMBODIA,national,2013-03-17,35,15736,poisson,briere,3,1.0,-212.705,True,,1.5864,1.3109,1.0799,0.0282
CAMBODIA,CAMBODIA,national,2013-03-17,35,15736,poisson,briere,3,0.75,-25.018,True,677.116,1.4136,1.3867,0.0,0.0329
CAMBODIA,CAMBODIA,national,2013-03-17,35,15736,poisson,briere,5,1.0,-491.383,True,,1.2108,1.3109,0.0,-0.1257
CAMBODIA,CAMBODIA,national,2013-03-17,35,15736,poisson,briere,5,0.75,-6.568,True,-609.208,1.3407,1.3867,0.0,-0.0354
CAMBODIA,CAMBODIA,national,2013-03-17,35,15736,poisson,briere,7,1.0,-590.374,True,,1.1377,1.3109,0.0865,-0.1638
CAMBODIA,CAMBODIA,national,2013-03-17,35,15736,poisson,briere,7,0.75,-26.304,True,-982.541,1.2582,1.3867,0.0,-0.0843
CAMBODIA,CAMBODIA,national,2013-03-17,35,15736,poisson,loglinear,3,1.0,-166.07,True,,1.2849,1.3109,0.077,-0.0002
CAMBODIA,CAMBODIA,national,2013-03-17,35,15736,poisson,loglinear,3,0.75,-36.412,True,361.77,1.4038,1.3867,-0.0482,0.0029
CAMBODIA,CAMBODIA,national,2013-03-17,35,15736,poisson,loglinear,5,1.0,-541.523,True,,1.2048,1.3109,-0.0723,-0.1697
CAMBODIA,CAMBODIA,national,2013-03-17,35,15736,poisson,loglinear,5,0.75,-105.884,True,-913.255,1.3056,1.3867,-0.1063,-0.0941
CAMBODIA,CAMBODIA,national,2013-03-17,35,15736,poisson,loglinear,7,1.0,-589.062,True,,1.1194,1.3109,-0.0005,-0.1673
CAMBODIA,CAMBODIA,national,2013-03-17,35,15736,poisson,loglinear,7,0.75,-63.034,True,-606.376,1.3109,1.3867,-0.0567,-0.0656
COLOMBIA,CUNDIMARCA,admin1,2002-02-24,30,1551,nb,briere,3,1.0,-8.011,True,,2.9073,0.9636,1.6901,0.1661
COLOMBIA,CUNDIMARCA,admin1,2002-02-24,30,1551,nb,briere,3,0.75,-8.307,True,11.817,2.941,1.0356,1.6677,0.2152
COLOMBIA,CUNDIMARCA,admin1,2002-02-24,30,1551,nb,briere,5,1.0,-8.947,True,,3.8641,0.9636,1.8162,0.1855
COLOMBIA,CUNDIMARCA,admin1,2002-02-24,30,1551,nb,briere,5,0.75,-8.335,True,-0.334,3.7583,1.0356,1.7253,0.1976
COLOMBIA,CUNDIMARCA,admin1,2002-02-24,30,1551,nb,briere,7,1.0,-5.503,True,,4.3793,0.9636,1.7278,0.183
COLOMBIA,CUNDIMARCA,admin1,2002-02-24,30,1551,nb,briere,7,0.75,-6.963,True,84.302,6.8423,1.0356,2.715,0.1384
COLOMBIA,CUNDIMARCA,admin1,2002-02-24,30,1551,nb,loglinear,3,1.0,-8.118,True,,0.9214,0.9636,0.2487,0.1726
COLOMBIA,CUNDIMARCA,admin1,2002-02-24,30,1551,nb,loglinear,3,0.75,-8.746,True,78.748,0.8951,1.0356,0.2534,0.2092
COLOMBIA,CUNDIMARCA,admin1,2002-02-24,30,1551,nb,loglinear,5,1.0,-8.892,True,,1.1437,0.9636,0.2642,0.1841
COLOMBIA,CUNDIMARCA,admin1,2002-02-24,30,1551,nb,loglinear,5,0.75,-8.557,True,0.139,1.0971,1.0356,0.2515,0.1935
COLOMBIA,CUNDIMARCA,admin1,2002-02-24,30,1551,nb,loglinear,7,1.0,-5.119,True,,1.3553,0.9636,0.2452,0.1745
COLOMBIA,CUNDIMARCA,admin1,2002-02-24,30,1551,nb,loglinear,7,0.75,-6.664,True,28.309,0.9863,1.0356,0.3652,0.1246
COLOMBIA,CUNDIMARCA,admin1,2002-02-24,30,1551,poisson,briere,3,1.0,-120.324,True,,3.581,1.0357,1.9892,0.191
COLOMBIA,CUNDIMARCA,admin1,2002-02-24,30,1551,poisson,briere,3,0.75,-123.285,True,2.555,4.2484,1.0698,2.2297,0.197
COLOMBIA,CUNDIMARCA,admin1,2002-02-24,30,1551,poisson,briere,5,1.0,-114.068,True,,4.419,1.0357,1.9713,0.1861
COLOMBIA,CUNDIMARCA,admin1,2002-02-24,30,1551,poisson,briere,5,0.75,-113.173,True,62.967,5.5674,1.0698,2.395,0.1608
COLOMBIA,CUNDIMARCA,admin1,2002-02-24,30,1551,poisson,briere,7,1.0,-90.824,True,,5.5285,1.0357,2.0176,0.1958
COLOMBIA,CUNDIMARCA,admin1,2002-02-24,30,1551,poisson,briere,7,0.75,-104.059,True,1806.072,8.285,1.0698,2.9578,0.1262
COLOMBIA,CUNDIMARCA,admin1,2002-02-24,30,1551,poisson,loglinear,3,1.0,-119.864,True,,0.9562,1.0357,0.2892,0.1922
COLOMBIA,CUNDIMARCA,admin1,2002-02-24,30,1551,poisson,loglinear,3,0.75,-125.831,True,217.901,0.8881,1.0698,0.3161,0.1967
COLOMBIA,CUNDIMARCA,admin1,2002-02-24,30,1551,poisson,loglinear,5,1.0,-113.244,True,,1.1803,1.0357,0.2871,0.185
COLOMBIA,CUNDIMARCA,admin1,2002-02-24,30,1551,poisson,loglinear,5,0.75,-114.287,True,32.151,1.0374,1.0698,0.3297,0.1635
COLOMBIA,CUNDIMARCA,admin1,2002-02-24,30,1551,poisson,loglinear,7,1.0,-86.707,True,,1.4105,1.0357,0.2878,0.1875
COLOMBIA,CUNDIMARCA,admin1,2002-02-24,30,1551,poisson,loglinear,7,0.75,-101.032,True,129.984,1.0065,1.0698,0.4014,0.1129
COLOMBIA,SUCRE,admin1,2002-02-24,33,477,nb,briere,3,1.0,0.616,False,,1.4284,1.0188,0.0,0.2224
COLOMBIA,SUCRE,admin1,2002-02-24,33,477,nb,briere,3,0.75,2.292,False,8.675,0.9636,0.9568,0.0,0.096
COLOMBIA,SUCRE,admin1,2002-02-24,33,477,nb,briere,5,1.0,-1.931,True,,1.5279,1.0188,0.0,0.251
COLOMBIA,SUCRE,admin1,2002-02-24,33,477,nb,briere,5,0.75,1.334,False,-0.76,1.2862,0.9568,0.0,0.1792
COLOMBIA,SUCRE,admin1,2002-02-24,33,477,nb,briere,7,1.0,-1.791,True,,1.6474,1.0188,0.0,0.2885
COLOMBIA,SUCRE,admin1,2002-02-24,33,477,nb,briere,7,0.75,1.164,False,58.868,1.9906,0.9568,0.0,0.4433
COLOMBIA,SUCRE,admin1,2002-02-24,33,477,nb,loglinear,3,1.0,0.497,False,,1.4577,1.0188,-0.045,0.2171
COLOMBIA,SUCRE,admin1,2002-02-24,33,477,nb,loglinear,3,0.75,1.736,False,1.456,0.9482,0.9568,-0.1098,0.054
COLOMBIA,SUCRE,admin1,2002-02-24,33,477,nb,loglinear,5,1.0,-2.43,True,,1.587,1.0188,-0.0892,0.244
COLOMBIA,SUCRE,admin1,2002-02-24,33,477,nb,loglinear,5,0.75,0.746,False,0.451,1.3354,0.9568,-0.0993,0.1719
COLOMBIA,SUCRE,admin1,2002-02-24,33,477,nb,loglinear,7,1.0,-3.617,True,,1.7484,1.0188,-0.1689,0.275
COLOMBIA,SUCRE,admin1,2002-02-24,33,477,nb,loglinear,7,0.75,-0.149,True,18.304,1.907,0.9568,-0.1412,0.3796
COLOMBIA,SUCRE,admin1,2002-02-24,33,477,poisson,briere,3,1.0,-13.423,True,,1.3212,1.0411,0.0,0.1589
COLOMBIA,SUCRE,admin1,2002-02-24,33,477,poisson,briere,3,0.75,-4.427,True,71.277,0.9825,0.9814,0.0,0.064
COLOMBIA,SUCRE,admin1,2002-02-24,33,477,poisson,briere,5,1.0,-41.147,True,,1.4695,1.0411,0.0,0.2262
COLOMBIA,SUCRE,admin1,2002-02-24,33,477,poisson,briere,5,0.75,-14.976,True,-25.889,1.26,0.9814,0.0,0.159
COLOMBIA,SUCRE,admin1,2002-02-24,33,477,poisson,briere,7,1.0,-47.604,True,,1.6129,1.0411,0.0,0.2764
COLOMBIA,SUCRE,admin1,2002-02-24,33,477,poisson,briere,7,0.75,-20.283,True,-24.725,1.8336,0.9814,0.0,0.3735
COLOMBIA,SUCRE,admin1,2002-02-24,33,477,poisson,loglinear,3,1.0,-14.086,True,,1.3411,1.0411,-0.0341,0.1539
COLOMBIA,SUCRE,admin1,2002-02-24,33,477,poisson,loglinear,3,0.75,-9.343,True,-0.975,0.969,0.9814,-0.0945,0.0358
COLOMBIA,SUCRE,admin1,2002-02-24,33,477,poisson,loglinear,5,1.0,-44.113,True,,1.5116,1.0411,-0.0725,0.219
COLOMBIA,SUCRE,admin1,2002-02-24,33,477,poisson,loglinear,5,0.75,-19.458,True,-3.261,1.2615,0.9814,-0.0862,0.1446
COLOMBIA,SUCRE,admin1,2002-02-24,33,477,poisson,loglinear,7,1.0,-61.257,True,,1.6924,1.0411,-0.1484,0.266
COLOMBIA,SUCRE,admin1,2002-02-24,33,477,poisson,loglinear,7,0.75,-30.955,True,-60.035,1.7629,0.9814,-0.1256,0.3287
COLOMBIA,ARAUCA,admin1,2002-03-03,31,1846,nb,briere,3,1.0,1.36,False,,1.2267,1.3273,0.0,-0.0959
COLOMBIA,ARAUCA,admin1,2002-03-03,31,1846,nb,briere,3,0.75,-0.474,True,391.101,1.7043,1.4034,0.0,0.2228
COLOMBIA,ARAUCA,admin1,2002-03-03,31,1846,nb,briere,5,1.0,2.652,False,,1.2879,1.3273,0.1995,-0.0776
COLOMBIA,ARAUCA,admin1,2002-03-03,31,1846,nb,briere,5,0.75,-3.746,True,671.255,1.964,1.4034,0.0,0.3704
COLOMBIA,ARAUCA,admin1,2002-03-03,31,1846,nb,briere,7,1.0,3.066,False,,1.4208,1.3273,0.3636,-0.0262
COLOMBIA,ARAUCA,admin1,2002-03-03,31,1846,nb,briere,7,0.75,-3.688,True,911.132,2.3302,1.4034,0.0367,0.559
COLOMBIA,ARAUCA,admin1,2002-03-03,31,1846,nb,loglinear,3,1.0,0.713,False,,1.182,1.3273,-0.064,-0.1564
COLOMBIA,ARAUCA,admin1,2002-03-03,31,1846,nb,loglinear,3,0.75,-1.009,True,271.39,1.5889,1.4034,-0.0964,0.1121
COLOMBIA,ARAUCA,admin1,2002-03-03,31,1846,nb,loglinear,5,1.0,2.723,False,,1.2113,1.3273,0.0177,-0.0823
COLOMBIA,ARAUCA,admin1,2002-03-03,31,1846,nb,loglinear,5,0.75,-3.772,True,640.864,1.9324,1.4034,-0.0167,0.348
COLOMBIA,ARAUCA,admin1,2002-03-03,31,1846,nb,loglinear,7,1.0,3.226,False,,1.2836,1.3273,0.0376,-0.0245
COLOMBIA,ARAUCA,admin1,2002-03-03,31,1846,nb,loglinear,7,0.75,-3.689,True,913.12,2.3121,1.4034,0.0063,0.5619
COLOMBIA,ARAUCA,admin1,2002-03-03,31,1846,poisson,briere,3,1.0,-64.901,True,,1.2163,1.3748,0.0614,-0.1799
COLOMBIA,ARAUCA,admin1,2002-03-03,31,1846,poisson,briere,3,0.75,2.103,False,172.446,1.5787,1.4908,0.0,0.0702
COLOMBIA,ARAUCA,admin1,2002-03-03,31,1846,poisson,briere,5,1.0,-43.477,True,,1.6064,1.3748,0.8691,-0.0917
COLOMBIA,ARAUCA,admin1,2002-03-03,31,1846,poisson,briere,5,0.75,-22.023,True,749.248,2.0595,1.4908,0.2117,0.3199
COLOMBIA,ARAUCA,admin1,2002-03-03,31,1846,poisson,briere,7,1.0,-37.946,True,,1.8193,1.3748,0.9524,-0.001
COLOMBIA,ARAUCA,admin1,2002-03-03,31,1846,poisson,briere,7,0.75,-20.465,True,925.428,2.3954,1.4908,0.2384,0.5022
COLOMBIA,ARAUCA,admin1,2002-03-03,31,1846,poisson,loglinear,3,1.0,-64.833,True,,1.1888,1.3748,-0.0003,-0.1863
COLOMBIA,ARAUCA,admin1,2002-03-03,31,1846,poisson,loglinear,3,0.75,-1.375,True,-3.372,1.4422,1.4908,-0.0775,-0.042
COLOMBIA,ARAUCA,admin1,2002-03-03,31,1846,poisson,loglinear,5,1.0,-40.036,True,,1.2482,1.3748,0.0954,-0.0945
COLOMBIA,ARAUCA,admin1,2002-03-03,31,1846,poisson,loglinear,5,0.75,-21.686,True,724.671,1.9305,1.4908,0.021,0.3106
COLOMBIA,ARAUCA,admin1,2002-03-03,31,1846,poisson,loglinear,7,1.0,-33.78,True,,1.391,1.3748,0.106,0.0036
COLOMBIA,ARAUCA,admin1,2002-03-03,31,1846,poisson,loglinear,7,0.75,-20.55,True,907.489,2.2557,1.4908,0.0334,0.5075
COLOMBIA,TOLIMA,admin1,2002-04-07,76,8331,nb,briere,3,1.0,-9.973,True,,1.7284,1.0304,0.7488,0.0476
COLOMBIA,TOLIMA,admin1,2002-04-07,76,8331,nb,briere,3,0.75,0.561,False,5.365,1.2528,1.0142,0.3233,0.0203
COLOMBIA,TOLIMA,admin1,2002-04-07,76,8331,nb,briere,5,1.0,-8.439,True,,1.5888,1.0304,0.6178,0.0224
COLOMBIA,TOLIMA,admin1,2002-04-07,76,8331,nb,briere,5,0.75,0.388,False,4.302,1.2438,1.0142,0.314,0.0203
COLOMBIA,TOLIMA,admin1,2002-04-07,76,8331,nb,briere,7,1.0,-8.721,True,,1.5478,1.0304,0.5812,0.0224
COLOMBIA,TOLIMA,admin1,2002-04-07,76,8331,nb,briere,7,0.75,-1.494,True,-0.616,1.2586,1.0142,0.3368,0.0365
COLOMBIA,TOLIMA,admin1,2002-04-07,76,8331,nb,loglinear,3,1.0,-10.075,True,,1.0549,1.0304,0.0909,0.0469
COLOMBIA,TOLIMA,admin1,2002-04-07,76,8331,nb,loglinear,3,0.75,0.571,False,-3.041,1.0103,1.0142,0.0432,0.0203
COLOMBIA,TOLIMA,admin1,2002-04-07,76,8331,nb,loglinear,5,1.0,-8.551,True,,1.0573,1.0304,0.0753,0.0219
COLOMBIA,TOLIMA,admin1,2002-04-07,76,8331,nb,loglinear,5,0.75,0.411,False,-3.311,1.0094,1.0142,0.0418,0.02
COLOMBIA,TOLIMA,admin1,2002-04-07,76,8331,nb,loglinear,7,1.0,-8.824,True,,1.0552,1.0304,0.071,0.0219
COLOMBIA,TOLIMA,admin1,2002-04-07,76,8331,nb,loglinear,7,0.75,-1.441,True,-6.719,1.006,1.0142,0.0448,0.0361
COLOMBIA,TOLIMA,admin1,2002-04-07,76,8331,poisson,briere,3,1.0,-269.996,True,,1.6695,1.0477,0.6904,0.057
COLOMBIA,TOLIMA,admin1,2002-04-07,76,8331,poisson,briere,3,0.75,-56.21,True,-738.78,1.5145,1.0193,0.5516,0.0461
COLOMBIA,TOLIMA,admin1,2002-04-07,76,8331,poisson,briere,5,1.0,-226.85,True,,1.5376,1.0477,0.5659,0.0351
COLOMBIA,TOLIMA,admin1,2002-04-07,76,8331,poisson,briere,5,0.75,-60.609,True,-612.503,1.3651,1.0193,0.4176,0.0389
COLOMBIA,TOLIMA,admin1,2002-04-07,76,8331,poisson,briere,7,1.0,-219.738,True,,1.4665,1.0477,0.4962,0.0277
COLOMBIA,TOLIMA,admin1,2002-04-07,76,8331,poisson,briere,7,0.75,-101.661,True,-330.747,1.2442,1.0193,0.3081,0.0466
COLOMBIA,TOLIMA,admin1,2002-04-07,76,8331,poisson,loglinear,3,1.0,-272.601,True,,1.0588,1.0477,0.0839,0.057
COLOMBIA,TOLIMA,admin1,2002-04-07,76,8331,poisson,loglinear,3,0.75,-59.039,True,-712.959,1.0513,1.0193,0.0765,0.0476
COLOMBIA,TOLIMA,admin1,2002-04-07,76,8331,poisson,loglinear,5,1.0,-229.117,True,,1.0587,1.0477,0.0688,0.0348
COLOMBIA,TOLIMA,admin1,2002-04-07,76,8331,poisson,loglinear,5,0.75,-61.697,True,-636.566,1.0349,1.0193,0.0566,0.0391
COLOMBIA,TOLIMA,admin1,2002-04-07,76,8331,poisson,loglinear,7,1.0,-221.712,True,,1.0573,1.0477,0.0604,0.0273
COLOMBIA,TOLIMA,admin1,2002-04-07,76,8331,poisson,loglinear,7,0.75,-101.587,True,-442.59,1.0138,1.0193,0.0412,0.0464
COLOMBIA,CORDOBA,admin1,2002-04-14,42,2581,nb,briere,3,1.0,-2.394,True,,1.5901,1.267,1.1707,0.0094
COLOMBIA,CORDOBA,admin1,2002-04-14,42,2581,nb,briere,3,0.75,3.299,False,19.364,1.2791,1.3256,0.0146,0.0517
COLOMBIA,CORDOBA,admin1,2002-04-14,42,2581,nb,briere,5,1.0,-2.38,True,,1.5834,1.267,1.0852,-0.0049
COLOMBIA,CORDOBA,admin1,2002-04-14,42,2581,nb,briere,5,0.75,3.652,False,14.023,1.307,1.3256,0.0,0.0273
COLOMBIA,CORDOBA,admin1,2002-04-14,42,2581,nb,briere,7,1.0,-2.892,True,,1.5562,1.267,0.9515,-0.0237
COLOMBIA,CORDOBA,admin1,2002-04-14,42,2581,nb,briere,7,0.75,3.999,False,-0.56,1.3259,1.3256,0.0,-0.0009
COLOMBIA,CORDOBA,admin1,2002-04-14,42,2581,nb,loglinear,3,1.0,-2.388,True,,1.2727,1.267,0.0758,0.0109
COLOMBIA,CORDOBA,admin1,2002-04-14,42,2581,nb,loglinear,3,0.75,3.297,False,24.203,1.2782,1.3256,-0.0031,0.0512
COLOMBIA,CORDOBA,admin1,2002-04-14,42,2581,nb,loglinear,5,1.0,-2.355,True,,1.2878,1.267,0.0705,-0.0028
COLOMBIA,CORDOBA,admin1,2002-04-14,42,2581,nb,loglinear,5,0.75,3.597,False,35.045,1.3148,1.3256,-0.0144,0.0282
COLOMBIA,CORDOBA,admin1,2002-04-14,42,2581,nb,loglinear,7,1.0,-2.803,True,,1.2991,1.267,0.0612,-0.0223
COLOMBIA,CORDOBA,admin1,2002-04-14,42,2581,nb,loglinear,7,0.75,3.961,False,16.674,1.3327,1.3256,-0.0128,0.0014
COLOMBIA,CORDOBA,admin1,2002-04-14,42,2581,poisson,briere,3,1.0,-34.065,True,,1.5369,1.2807,0.8621,-0.0242
COLOMBIA,CORDOBA,admin1,2002-04-14,42,2581,poisson,briere,3,0.75,3.54,False,14.595,1.3205,1.3338,0.0,0.0138
COLOMBIA,CORDOBA,admin1,2002-04-14,42,2581,poisson,briere,5,1.0,-32.6,True,,1.5366,1.2807,0.957,-0.0056
COLOMBIA,CORDOBA,admin1,2002-04-14,42,2581,poisson,briere,5,0.75,0.939,False,35.092,1.3097,1.3338,0.0,0.0302
COLOMBIA,CORDOBA,admin1,2002-04-14,42,2581,poisson,briere,7,1.0,-41.562,True,,1.539,1.2807,0.8633,-0.038
COLOMBIA,CORDOBA,admin1,2002-04-14,42,2581,poisson,briere,7,0.75,3.733,False,-8.602,1.338,1.3338,0.0,-0.0072
COLOMBIA,CORDOBA,admin1,2002-04-14,42,2581,poisson,loglinear,3,1.0,-34.346,True,,1.306,1.2807,0.0568,-0.024
COLOMBIA,CORDOBA,admin1,2002-04-14,42,2581,poisson,loglinear,3,0.75,3.277,False,45.322,1.3294,1.3338,-0.0096,0.0122
COLOMBIA,CORDOBA,admin1,2002-04-14,42,2581,poisson,loglinear,5,1.0,-32.85,True,,1.2812,1.2807,0.0634,-0.004
COLOMBIA,CORDOBA,admin1,2002-04-14,42,2581,poisson,loglinear,5,0.75,0.521,False,78.297,1.3185,1.3338,-0.0121,0.0305
COLOMBIA,CORDOBA,admin1,2002-04-14,42,2581,poisson,loglinear,7,1.0,-41.286,True,,1.3069,1.2807,0.0564,-0.0369
COLOMBIA,CORDOBA,admin1,2002-04-14,42,2581,poisson,loglinear,7,0.75,3.532,False,23.829,1.3434,1.3338,-0.009,-0.0047
COLOMBIA,CAQUETA,admin1,2002-05-19,34,696,nb,briere,3,1.0,-10.109,True,,7.3542,0.9877,2.3932,0.084
COLOMBIA,CAQUETA,admin1,2002-05-19,34,696,nb,briere,3,0.75,-6.732,True,18.858,7.5813,0.9876,2.5762,0.2031
COLOMBIA,CAQUETA,admin1,2002-05-19,34,696,nb,briere,5,1.0,-9.675,True,,4.4347,0.9877,1.7736,-0.0093
COLOMBIA,CAQUETA,admin1,2002-05-19,34,696,nb,briere,5,0.75,-9.005,True,62.774,11.57,0.9876,3.3657,0.3951
COLOMBIA,CAQUETA,admin1,2002-05-19,34,696,nb,briere,7,1.0,-10.42,True,,3.7855,0.9877,1.5349,-0.0731
COLOMBIA,CAQUETA,admin1,2002-05-19,34,696,nb,briere,7,0.75,-7.186,True,15.475,4.9709,0.9876,2.27,0.2157
COLOMBIA,CAQUETA,admin1,2002-05-19,34,696,nb,loglinear,3,1.0,-9.698,True,,1.3789,0.9877,0.3378,0.0796
COLOMBIA,CAQUETA,admin1,2002-05-19,34,696,nb,loglinear,3,0.75,-6.331,True,3.477,1.1734,0.9876,0.3175,0.1139
COLOMBIA,CAQUETA,admin1,2002-05-19,34,696,nb,loglinear,5,1.0,-9.335,True,,1.2821,0.9877,0.2497,-0.0132
COLOMBIA,CAQUETA,admin1,2002-05-19,34,696,nb,loglinear,5,0.75,-8.869,True,40.74,0.9967,0.9876,0.5013,0.4202
COLOMBIA,CAQUETA,admin1,2002-05-19,34,696,nb,loglinear,7,1.0,-10.134,True,,1.2954,0.9877,0.2173,-0.076
COLOMBIA,CAQUETA,admin1,2002-05-19,34,696,nb,loglinear,7,0.75,-7.053,True,20.917,0.9489,0.9876,0.3343,0.2286
COLOMBIA,CAQUETA,admin1,2002-05-19,34,696,poisson,briere,3,1.0,-144.567,True,,4.3879,1.0616,1.7675,0.0164
COLOMBIA,CAQUETA,admin1,2002-05-19,34,696,poisson,briere,3,0.75,-105.397,True,7513.55,6.8501,1.0205,2.561,0.2678
COLOMBIA,CAQUETA,admin1,2002-05-19,34,696,poisson,briere,5,1.0,-144.341,True,,3.9955,1.0616,1.653,-0.0029
COLOMBIA,CAQUETA,admin1,2002-05-19,34,696,poisson,briere,5,0.75,-126.664,True,13150.845,8.2186,1.0205,2.8805,0.325
COLOMBIA,CAQUETA,admin1,2002-05-19,34,696,poisson,briere,7,1.0,-149.693,True,,3.4639,1.0616,1.4382,-0.0632
COLOMBIA,CAQUETA,admin1,2002-05-19,34,696,poisson,briere,7,0.75,-105.811,True,623.692,3.9674,1.0205,1.9294,0.1627
COLOMBIA,CAQUETA,admin1,2002-05-19,34,696,poisson,loglinear,3,1.0,-141.506,True,,1.2696,1.0616,0.2457,0.0095
COLOMBIA,CAQUETA,admin1,2002-05-19,34,696,poisson,loglinear,3,0.75,-100.878,True,397.997,1.0803,1.0205,0.3206,0.1869
COLOMBIA,CAQUETA,admin1,2002-05-19,34,696,poisson,loglinear,5,1.0,-141.469,True,,1.2574,1.0616,0.2335,-0.0054
COLOMBIA,CAQUETA,admin1,2002-05-19,34,696,poisson,loglinear,5,0.75,-124.702,True,972.199,1.005,1.0205,0.4156,0.3304
COLOMBIA,CAQUETA,admin1,2002-05-19,34,696,poisson,loglinear,7,1.0,-146.99,True,,1.2673,1.0616,0.2044,-0.0641
COLOMBIA,CAQUETA,admin1,2002-05-19,34,696,poisson,loglinear,7,0.75,-104.638,True,17.053,0.9704,1.0205,0.2796,0.1671
COLOMBIA,QUINDIO,admin1,2002-08-18,52,6487,nb,briere,3,1.0,-4.915,True,,1.4983,1.0904,0.1333,0.0043
COLOMBIA,QUINDIO,admin1,2002-08-18,52,6487,nb,briere,3,0.75,-10.745,True,98.559,3.4667,1.0268,0.458,0.0612
COLOMBIA,QUINDIO,admin1,2002-08-18,52,6487,nb,briere,5,1.0,-9.014,True,,1.6195,1.0904,0.177,0.0503
COLOMBIA,QUINDIO,admin1,2002-08-18,52,6487,nb,briere,5,0.75,-11.273,True,-5.149,2.5723,1.0268,0.3468,0.0519
COLOMBIA,QUINDIO,admin1,2002-08-18,52,6487,nb,briere,7,1.0,-16.007,True,,1.4885,1.0904,0.1468,0.0704
COLOMBIA,QUINDIO,admin1,2002-08-18,52,6487,nb,briere,7,0.75,-13.4,True,-54.695,1.8459,1.0268,0.2288,0.0624
COLOMBIA,QUINDIO,admin1,2002-08-18,52,6487,nb,loglinear,3,1.0,-13.13,True,,1.0231,1.0904,0.0908,0.0328
COLOMBIA,QUINDIO,admin1,2002-08-18,52,6487,nb,loglinear,3,0.75,-12.038,True,68.579,1.0748,1.0268,0.1573,0.0644
COLOMBIA,QUINDIO,admin1,2002-08-18,52,6487,nb,loglinear,5,1.0,-17.533,True,,1.0054,1.0904,0.0939,0.057
COLOMBIA,QUINDIO,admin1,2002-08-18,52,6487,nb,loglinear,5,0.75,-12.517,True,-38.728,1.0613,1.0268,0.1202,0.0537
COLOMBIA,QUINDIO,admin1,2002-08-18,52,6487,nb,loglinear,7,1.0,-22.359,True,,1.0079,1.0904,0.0788,0.0673
COLOMBIA,QUINDIO,admin1,2002-08-18,52,6487,nb,loglinear,7,0.75,-14.323,True,-56.359,1.035,1.0268,0.0832,0.0614
COLOMBIA,QUINDIO,admin1,2002-08-18,52,6487,poisson,briere,3,1.0,-218.342,True,,1.6139,1.1217,0.1474,-0.0049
COLOMBIA,QUINDIO,admin1,2002-08-18,52,6487,poisson,briere,3,0.75,-300.095,True,29.784,3.1158,1.0731,0.3996,0.0333
COLOMBIA,QUINDIO,admin1,2002-08-18,52,6487,poisson,briere,5,1.0,-272.598,True,,1.8558,1.1217,0.216,0.0409
COLOMBIA,QUINDIO,admin1,2002-08-18,52,6487,poisson,briere,5,0.75,-319.184,True,-246.207,2.7068,1.0731,0.35,0.0362
COLOMBIA,QUINDIO,admin1,2002-08-18,52,6487,poisson,briere,7,1.0,-374.927,True,,1.7155,1.1217,0.1908,0.0588
COLOMBIA,QUINDIO,admin1,2002-08-18,52,6487,poisson,briere,7,0.75,-351.838,True,-556.209,2.1723,1.0731,0.2729,0.047
COLOMBIA,QUINDIO,admin1,2002-08-18,52,6487,poisson,loglinear,3,1.0,-287.097,True,,1.0733,1.1217,0.0781,0.0118
COLOMBIA,QUINDIO,admin1,2002-08-18,52,6487,poisson,loglinear,3,0.75,-304.113,True,103.033,1.1181,1.0731,0.1332,0.0359
COLOMBIA,QUINDIO,admin1,2002-08-18,52,6487,poisson,loglinear,5,1.0,-354.216,True,,1.0406,1.1217,0.0943,0.0462
COLOMBIA,QUINDIO,admin1,2002-08-18,52,6487,poisson,loglinear,5,0.75,-327.136,True,-306.391,1.1017,1.0731,0.1164,0.0394
COLOMBIA,QUINDIO,admin1,2002-08-18,52,6487,poisson,loglinear,7,1.0,-440.575,True,,1.0339,1.1217,0.0818,0.0586
COLOMBIA,QUINDIO,admin1,2002-08-18,52,6487,poisson,loglinear,7,0.75,-361.191,True,-675.043,1.0781,1.0731,0.0906,0.049
COLOMBIA,ARAUCA,admin1,2002-11-10,45,1041,nb,briere,3,1.0,-2.393,True,,1.0211,1.1768,0.1438,-0.1032
COLOMBIA,ARAUCA,admin1,2002-11-10,45,1041,nb,briere,3,0.75,-0.98,True,-10.26,1.0038,1.1238,0.0,-0.0918
COLOMBIA,ARAUCA,admin1,2002-11-10,45,1041,nb,briere,5,1.0,-3.925,True,,0.9924,1.1768,0.0606,-0.1163
COLOMBIA,ARAUCA,admin1,2002-11-10,45,1041,nb,briere,5,0.75,-1.281,True,-17.289,0.9834,1.1238,0.0207,-0.1185
COLOMBIA,ARAUCA,admin1,2002-11-10,45,1041,nb,briere,7,1.0,-3.487,True,,1.0654,1.1768,0.2815,-0.0837
COLOMBIA,ARAUCA,admin1,2002-11-10,45,1041,nb,briere,7,0.75,-0.934,True,-6.556,1.0315,1.1238,0.1927,-0.129
COLOMBIA,ARAUCA,admin1,2002-11-10,45,1041,nb,loglinear,3,1.0,-2.318,True,,0.9847,1.1768,-0.0002,-0.1217
COLOMBIA,ARAUCA,admin1,2002-11-10,45,1041,nb,loglinear,3,0.75,-1.185,True,-13.523,1.0031,1.1238,-0.0318,-0.1179
COLOMBIA,ARAUCA,admin1,2002-11-10,45,1041,nb,loglinear,5,1.0,-3.907,True,,0.9767,1.1768,-0.0005,-0.1245
COLOMBIA,ARAUCA,admin1,2002-11-10,45,1041,nb,loglinear,5,0.75,-1.289,True,-17.239,0.9769,1.1238,-0.0056,-0.1268
COLOMBIA,ARAUCA,admin1,2002-11-10,45,1041,nb,loglinear,7,1.0,-3.311,True,,0.9961,1.1768,0.0263,-0.0898
COLOMBIA,ARAUCA,admin1,2002-11-10,45,1041,nb,loglinear,7,0.75,-0.825,True,-6.506,0.9898,1.1238,0.0151,-0.1387
COLOMBIA,ARAUCA,admin1,2002-11-10,45,1041,poisson,briere,3,1.0,-20.602,True,,1.0053,1.2052,0.0,-0.1149
COLOMBIA,ARAUCA,admin1,2002-11-10,45,1041,poisson,briere,3,0.75,-24.929,True,21.261,1.015,1.1749,0.0,-0.0915
COLOMBIA,ARAUCA,admin1,2002-11-10,45,1041,poisson,briere,5,1.0,-39.08,True,,1.0038,1.2052,0.0,-0.1189
COLOMBIA,ARAUCA,admin1,2002-11-10,45,1041,poisson,briere,5,0.75,-30.279,True,-35.314,0.9948,1.1749,0.0,-0.1222
COLOMBIA,ARAUCA,admin1,2002-11-10,45,1041,poisson,briere,7,1.0,-31.351,True,,1.0634,1.2052,0.0,-0.0911
COLOMBIA,ARAUCA,admin1,2002-11-10,45,1041,poisson,briere,7,0.75,-27.148,True,14.949,1.0285,1.1749,0.0,-0.1449
COLOMBIA,ARAUCA,admin1,2002-11-10,45,1041,poisson,loglinear,3,1.0,-31.009,True,,1.0641,1.2052,-0.0828,-0.1718
COLOMBIA,ARAUCA,admin1,2002-11-10,45,1041,poisson,loglinear,3,0.75,-41.259,True,-24.561,1.0119,1.1749,-0.1064,-0.1814
COLOMBIA,ARAUCA,admin1,2002-11-10,45,1041,poisson,loglinear,5,1.0,-45.817,True,,1.0667,1.2052,-0.0555,-0.1414
COLOMBIA,ARAUCA,admin1,2002-11-10,45,1041,poisson,loglinear,5,0.75,-37.173,True,-23.379,1.0415,1.1749,-0.0614,-0.1561
COLOMBIA,ARAUCA,admin1,2002-11-10,45,1041,poisson,loglinear,7,1.0,-31.875,True,,1.0849,1.2052,-0.0138,-0.0931
COLOMBIA,ARAUCA,admin1,2002-11-10,45,1041,poisson,loglinear,7,0.75,-30.473,True,39.476,1.0682,1.1749,-0.0403,-0.165
COLOMBIA,CORDOBA,admin1,2003-02-16,31,642,nb,briere,3,1.0,2.878,False,,1.2967,1.1515,0.0,0.1125
COLOMBIA,CORDOBA,admin1,2003-02-16,31,642,nb,briere,3,0.75,3.721,False,9.044,1.0475,1.0421,0.0,0.0307
COLOMBIA,CORDOBA,admin1,2003-02-16,31,642,nb,briere,5,1.0,2.615,False,,1.3624,1.1515,0.0,0.1402
COLOMBIA,CORDOBA,admin1,2003-02-16,31,642,nb,briere,5,0.75,3.852,False,6.297,1.0482,1.0421,0.0,0.0208
COLOMBIA,CORDOBA,admin1,2003-02-16,31,642,nb,briere,7,1.0,0.172,False,,1.4611,1.1515,0.0,0.195
COLOMBIA,CORDOBA,admin1,2003-02-16,31,642,nb,briere,7,0.75,3.801,False,7.329,1.0516,1.0421,0.0,0.0241
COLOMBIA,CORDOBA,admin1,2003-02-16,31,642,nb,loglinear,3,1.0,-12.966,True,,1.1148,1.1515,-0.6243,-0.3424
COLOMBIA,CORDOBA,admin1,2003-02-16,31,642,nb,loglinear,3,0.75,-6.959,True,-23.316,1.1395,1.0421,-0.7617,-0.3122
COLOMBIA,CORDOBA,admin1,2003-02-16,31,642,nb,loglinear,5,1.0,-13.242,True,,0.9393,1.1515,-0.7589,-0.4211
COLOMBIA,CORDOBA,admin1,2003-02-16,31,642,nb,loglinear,5,0.75,-9.245,True,108.138,0.8153,1.0421,-0.9868,-0.4843
COLOMBIA,CORDOBA,admin1,2003-02-16,31,642,nb,loglinear,7,1.0,-7.178,True,,1.2184,1.1515,-0.3903,-0.116
COLOMBIA,CORDOBA,admin1,2003-02-16,31,642,nb,loglinear,7,0.75,-3.65,True,-21.789,1.053,1.0421,-0.5317,-0.1911
COLOMBIA,CORDOBA,admin1,2003-02-16,31,642,poisson,briere,3,1.0,3.606,False,,1.2362,1.205,0.0,0.0283
COLOMBIA,CORDOBA,admin1,2003-02-16,31,642,poisson,briere,3,0.75,3.2,False,-30.267,1.0583,1.0708,0.0,-0.0229
COLOMBIA,CORDOBA,admin1,2003-02-16,31,642,poisson,briere,5,1.0,2.236,False,,1.2917,1.205,0.0,0.0652
COLOMBIA,CORDOBA,admin1,2003-02-16,31,642,poisson,briere,5,0.75,3.193,False,-30.689,1.0557,1.0708,0.0,-0.0214
COLOMBIA,CORDOBA,admin1,2003-02-16,31,642,poisson,briere,7,1.0,-15.005,True,,1.435,1.205,0.0,0.1633
COLOMBIA,CORDOBA,admin1,2003-02-16,31,642,poisson,briere,7,0.75,3.918,False,5.829,1.0567,1.0708,0.0,-0.0083
COLOMBIA,CORDOBA,admin1,2003-02-16,31,642,poisson,loglinear,3,1.0,-81.019,True,,1.1065,1.205,-0.5855,-0.3389
COLOMBIA,CORDOBA,admin1,2003-02-16,31,642,poisson,loglinear,3,0.75,-54.197,True,-200.903,1.0814,1.0708,-0.734,-0.336
COLOMBIA,CORDOBA,admin1,2003-02-16,31,642,poisson,loglinear,5,1.0,-79.533,True,,1.0394,1.205,-0.7537,-0.4025
COLOMBIA,CORDOBA,admin1,2003-02-16,31,642,poisson,loglinear,5,0.75,-64.664,True,-0.047,0.8783,1.0708,-1.0315,-0.4894
COLOMBIA,CORDOBA,admin1,2003-02-16,31,642,poisson,loglinear,7,1.0,-39.566,True,,1.2695,1.205,-0.3034,-0.0538
COLOMBIA,CORDOBA,admin1,2003-02-16,31,642,poisson,loglinear,7,0.75,-20.058,True,-199.657,1.0929,1.0708,-0.3612,-0.1094
COLOMBIA,COLOMBIA,national,2018-11-04,94,206237,nb,briere,3,1.0,-7.794,True,,1.7424,1.0907,0.348,0.0238
COLOMBIA,COLOMBIA,national,2018-11-04,94,206237,nb,briere,3,0.75,1.191,False,28.232,1.0935,1.0964,0.0,0.024
COLOMBIA,COLOMBIA,national,2018-11-04,94,206237,nb,briere,5,1.0,-17.673,True,,2.6977,1.0907,0.6761,0.075
COLOMBIA,COLOMBIA,national,2018-11-04,94,206237,nb,briere,5,0.75,-2.944,True,36.277,1.2801,1.0964,0.1185,0.0498
COLOMBIA,COLOMBIA,national,2018-11-04,94,206237,nb,briere,7,1.0,-34.256,True,,4.4501,1.0907,1.0521,0.1309
COLOMBIA,COLOMBIA,national,2018-11-04,94,206237,nb,briere,7,0.75,-11.389,True,-3.222,2.4058,1.0964,0.5904,0.1089
COLOMBIA,COLOMBIA,national,2018-11-04,94,206237,nb,loglinear,3,1.0,-8.128,True,,1.1003,1.0907,0.0466,0.0244
COLOMBIA,COLOMBIA,national,2018-11-04,94,206237,nb,loglinear,3,0.75,-0.266,True,94.518,1.0928,1.0964,-0.0279,0.0056
COLOMBIA,COLOMBIA,national,2018-11-04,94,206237,nb,loglinear,5,1.0,-17.963,True,,1.1046,1.0907,0.0888,0.0746
COLOMBIA,COLOMBIA,national,2018-11-04,94,206237,nb,loglinear,5,0.75,-2.84,True,37.465,1.0928,1.0964,0.011,0.0469
COLOMBIA,COLOMBIA,national,2018-11-04,94,206237,nb,loglinear,7,1.0,-33.912,True,,1.1087,1.0907,0.1359,0.1281
COLOMBIA,COLOMBIA,national,2018-11-04,94,206237,nb,loglinear,7,0.75,-10.718,True,-13.877,1.0937,1.0964,0.0678,0.1043
COLOMBIA,COLOMBIA,national,2018-11-04,94,206237,poisson,briere,3,1.0,-5919.891,True,,1.5146,1.0999,0.234,-0.0065
COLOMBIA,COLOMBIA,national,2018-11-04,94,206237,poisson,briere,3,0.75,-1.118,True,-444.812,1.1005,1.1002,0.0,-0.0015
COLOMBIA,COLOMBIA,national,2018-11-04,94,206237,poisson,briere,5,1.0,-6880.25,True,,1.9882,1.0999,0.4397,0.0304
COLOMBIA,COLOMBIA,national,2018-11-04,94,206237,poisson,briere,5,0.75,-691.321,True,-1519.769,1.3839,1.1002,0.1727,0.0266
COLOMBIA,COLOMBIA,national,2018-11-04,94,206237,poisson,briere,7,1.0,-12086.338,True,,3.2828,1.0999,0.8184,0.0887
COLOMBIA,COLOMBIA,national,2018-11-04,94,206237,poisson,briere,7,0.75,-3826.734,True,-8988.317,2.5052,1.1002,0.6176,0.0793
COLOMBIA,COLOMBIA,national,2018-11-04,94,206237,poisson,loglinear,3,1.0,-5892.261,True,,1.1119,1.0999,0.0308,-0.0066
COLOMBIA,COLOMBIA,national,2018-11-04,94,206237,poisson,loglinear,3,0.75,-20.58,True,792.399,1.1002,1.1002,-0.0037,-0.0036
COLOMBIA,COLOMBIA,national,2018-11-04,94,206237,poisson,loglinear,5,1.0,-6787.373,True,,1.1122,1.0999,0.057,0.0292
COLOMBIA,COLOMBIA,national,2018-11-04,94,206237,poisson,loglinear,5,0.75,-590.218,True,-1712.12,1.0988,1.1002,0.0186,0.0244
COLOMBIA,COLOMBIA,national,2018-11-04,94,206237,poisson,loglinear,7,1.0,-11573.882,True,,1.1135,1.0999,0.103,0.0832
COLOMBIA,COLOMBIA,national,2018-11-04,94,206237,poisson,loglinear,7,0.75,-3359.477,True,-9905.198,1.0985,1.1002,0.0698,0.0731
COLOMBIA,COLOMBIA,national,2023-07-02,78,400180,nb,briere,3,1.0,-6.877,True,,1.1446,1.1196,0.0096,0.0536
COLOMBIA,COLOMBIA,national,2023-07-02,78,400180,nb,briere,3,0.75,-34.085,True,4071.6,6.946,1.1413,1.5343,0.2339
COLOMBIA,COLOMBIA,national,2023-07-02,78,400180,nb,briere,5,1.0,-3.292,True,,1.1426,1.1196,0.009,0.0459
COLOMBIA,COLOMBIA,national,2023-07-02,78,400180,nb,briere,5,0.75,-26.247,True,1494.03,7.1017,1.1413,1.5711,0.2458
COLOMBIA,COLOMBIA,national,2023-07-02,78,400180,nb,briere,7,1.0,0.33,False,,1.1312,1.1196,0.003,0.0327
COLOMBIA,COLOMBIA,national,2023-07-02,78,400180,nb,briere,7,0.75,-7.727,True,289.324,2.5529,1.1413,0.7063,0.0747
COLOMBIA,COLOMBIA,national,2023-07-02,78,400180,nb,loglinear,3,1.0,-6.979,True,,1.1332,1.1196,-0.0022,0.0509
COLOMBIA,COLOMBIA,national,2023-07-02,78,400180,nb,loglinear,3,0.75,-34.091,True,9594.107,1.1622,1.1413,0.2431,0.2297
COLOMBIA,COLOMBIA,national,2023-07-02,78,400180,nb,loglinear,5,1.0,-2.142,True,,1.1317,1.1196,-0.0018,0.043
COLOMBIA,COLOMBIA,national,2023-07-02,78,400180,nb,loglinear,5,0.75,-26.474,True,5680.407,1.1384,1.1413,0.248,0.2396
COLOMBIA,COLOMBIA,national,2023-07-02,78,400180,nb,loglinear,7,1.0,-0.411,True,,1.1324,1.1196,-0.0156,0.0146
COLOMBIA,COLOMBIA,national,2023-07-02,78,400180,nb,loglinear,7,0.75,-8.433,True,682.97,1.1202,1.1413,0.1183,0.0791
COLOMBIA,COLOMBIA,national,2023-07-02,78,400180,poisson,briere,3,1.0,-15734.997,True,,1.1725,1.1603,0.0,0.04
COLOMBIA,COLOMBIA,national,2023-07-02,78,400180,poisson,briere,3,0.75,-80896.258,True,265488.502,5.7086,1.1746,1.3692,0.2047
COLOMBIA,COLOMBIA,national,2023-07-02,78,400180,poisson,briere,5,1.0,-12579.481,True,,1.174,1.1603,0.0,0.0374
COLOMBIA,COLOMBIA,national,2023-07-02,78,400180,poisson,briere,5,0.75,-43399.673,True,141081.505,5.4722,1.1746,1.3461,0.2161
COLOMBIA,COLOMBIA,national,2023-07-02,78,400180,poisson,briere,7,1.0,-9060.617,True,,1.1732,1.1603,0.0,0.0334
COLOMBIA,COLOMBIA,national,2023-07-02,78,400180,poisson,briere,7,0.75,-6687.385,True,72700.472,1.3223,1.1746,0.1182,-0.0286
COLOMBIA,COLOMBIA,national,2023-07-02,78,400180,poisson,loglinear,3,1.0,-18541.673,True,,1.1891,1.1603,-0.028,0.0184
COLOMBIA,COLOMBIA,national,2023-07-02,78,400180,poisson,loglinear,3,0.75,-80772.984,True,363137.634,1.1578,1.1746,0.2139,0.1995
COLOMBIA,COLOMBIA,national,2023-07-02,78,400180,poisson,loglinear,5,1.0,-17322.79,True,,1.1973,1.1603,-0.0461,-0.0047
COLOMBIA,COLOMBIA,national,2023-07-02,78,400180,poisson,loglinear,5,0.75,-43950.074,True,250810.868,1.141,1.1746,0.2067,0.2062
COLOMBIA,COLOMBIA,national,2023-07-02,78,400180,poisson,loglinear,7,1.0,-19040.355,True,,1.204,1.1603,-0.0657,-0.0297
COLOMBIA,COLOMBIA,national,2023-07-02,78,400180,poisson,loglinear,7,0.75,-7020.246,True,86329.808,1.1511,1.1746,0.0245,-0.0224
COSTA RICA,COSTA RICA,national,2017-03-05,46,4734,nb,briere,3,1.0,-2.334,True,,1.1766,1.1679,0.0,0.0583
COSTA RICA,COSTA RICA,national,2017-03-05,46,4734,nb,briere,3,0.75,-9.59,True,10.869,1.1999,1.1496,0.0,0.112
COSTA RICA,COSTA RICA,national,2017-03-05,46,4734,nb,briere,5,1.0,0.758,False,,1.1907,1.1679,0.0,0.0427
COSTA RICA,COSTA RICA,national,2017-03-05,46,4734,nb,briere,5,0.75,-2.625,True,0.206,1.2124,1.1496,0.0,0.0726
COSTA RICA,COSTA RICA,national,2017-03-05,46,4734,nb,briere,7,1.0,3.216,False,,1.189,1.1679,0.0,0.0231
COSTA RICA,COSTA RICA,national,2017-03-05,46,4734,nb,briere,7,0.75,2.365,False,-4.097,1.2018,1.1496,0.0,0.0398
COSTA RICA,COSTA RICA,national,2017-03-05,46,4734,nb,loglinear,3,1.0,-22.71,True,,1.4204,1.1679,-0.2609,0.0188
COSTA RICA,COSTA RICA,national,2017-03-05,46,4734,nb,loglinear,3,0.75,-19.075,True,53.261,1.2989,1.1496,-0.2576,-0.0184
COSTA RICA,COSTA RICA,national,2017-03-05,46,4734,nb,loglinear,5,1.0,-22.066,True,,1.434,1.1679,-0.2762,0.002
COSTA RICA,COSTA RICA,national,2017-03-05,46,4734,nb,loglinear,5,0.75,-19.321,True,52.444,1.2917,1.1496,-0.2584,-0.0207
COSTA RICA,COSTA RICA,national,2017-03-05,46,4734,nb,loglinear,7,1.0,-22.194,True,,1.4358,1.1679,-0.2846,-0.0076
COSTA RICA,COSTA RICA,national,2017-03-05,46,4734,nb,loglinear,7,0.75,-19.477,True,49.583,1.2807,1.1496,-0.2513,-0.0205
COSTA RICA,COSTA RICA,national,2017-03-05,46,4734,poisson,briere,3,1.0,-50.59,True,,1.202,1.201,0.0,0.0603
COSTA RICA,COSTA RICA,national,2017-03-05,46,4734,poisson,briere,3,0.75,-76.297,True,34.184,1.2113,1.2072,0.0,0.0784
COSTA RICA,COSTA RICA,national,2017-03-05,46,4734,poisson,briere,5,1.0,-8.516,True,,1.2093,1.201,0.0,0.026
COSTA RICA,COSTA RICA,national,2017-03-05,46,4734,poisson,briere,5,0.75,-21.024,True,23.322,1.2241,1.2072,0.0,0.038
COSTA RICA,COSTA RICA,national,2017-03-05,46,4734,poisson,briere,7,1.0,3.846,False,,1.1991,1.201,0.0,-0.0028
COSTA RICA,COSTA RICA,national,2017-03-05,46,4734,poisson,briere,7,0.75,2.912,False,6.298,1.2149,1.2072,0.0,0.008
COSTA RICA,COSTA RICA,national,2017-03-05,46,4734,poisson,loglinear,3,1.0,-137.397,True,,1.3681,1.201,-0.2008,0.0121
COSTA RICA,COSTA RICA,national,2017-03-05,46,4734,poisson,loglinear,3,0.75,-129.916,True,148.196,1.2823,1.2072,-0.1877,-0.0033
COSTA RICA,COSTA RICA,national,2017-03-05,46,4734,poisson,loglinear,5,1.0,-136.541,True,,1.3849,1.201,-0.223,-0.0072
COSTA RICA,COSTA RICA,national,2017-03-05,46,4734,poisson,loglinear,5,0.75,-131.546,True,178.654,1.2807,1.2072,-0.1958,-0.0108
COSTA RICA,COSTA RICA,national,2017-03-05,46,4734,poisson,loglinear,7,1.0,-141.37,True,,1.3781,1.201,-0.2241,-0.0146
COSTA RICA,COSTA RICA,national,2017-03-05,46,4734,poisson,loglinear,7,0.75,-133.417,True,174.17,1.2718,1.2072,-0.1914,-0.0131
COSTA RICA,COSTA RICA,national,2020-02-09,42,8871,nb,briere,3,1.0,-7.516,True,,1.3432,1.1575,0.0,0.1519
COSTA RICA,COSTA RICA,national,2020-02-09,42,8871,nb,briere,3,0.75,-5.976,True,-1.256,1.4101,1.1208,0.0,0.1874
COSTA RICA,COSTA RICA,national,2020-02-09,42,8871,nb,briere,5,1.0,0.877,False,,1.2964,1.1575,0.0,0.0962
COSTA RICA,COSTA RICA,national,2020-02-09,42,8871,nb,briere,5,0.75,2.574,False,19.455,1.4286,1.1208,0.0,0.1694
COSTA RICA,COSTA RICA,national,2020-02-09,42,8871,nb,briere,7,1.0,-0.777,True,,0.9881,1.1575,0.0,-0.0999
COSTA RICA,COSTA RICA,national,2020-02-09,42,8871,nb,briere,7,0.75,-1.211,True,-3.789,1.0082,1.1208,0.0,-0.0757
COSTA RICA,COSTA RICA,national,2020-02-09,42,8871,nb,loglinear,3,1.0,-7.897,True,,1.3513,1.1575,-0.0554,0.0987
COSTA RICA,COSTA RICA,national,2020-02-09,42,8871,nb,loglinear,3,0.75,-9.179,True,-13.756,1.3771,1.1208,-0.1747,0.0195
COSTA RICA,COSTA RICA,national,2020-02-09,42,8871,nb,loglinear,5,1.0,-7.999,True,,1.3343,1.1575,-0.2131,-0.0772
COSTA RICA,COSTA RICA,national,2020-02-09,42,8871,nb,loglinear,5,0.75,-9.61,True,-7.852,1.3202,1.1208,-0.2294,-0.0591
COSTA RICA,COSTA RICA,national,2020-02-09,42,8871,nb,loglinear,7,1.0,-12.676,True,,1.2509,1.1575,-0.2314,-0.1436
COSTA RICA,COSTA RICA,national,2020-02-09,42,8871,nb,loglinear,7,0.75,-13.757,True,56.322,0.9426,1.1208,-0.1894,-0.2605
COSTA RICA,COSTA RICA,national,2020-02-09,42,8871,poisson,briere,3,1.0,-213.017,True,,1.3208,1.2183,0.0,0.1033
COSTA RICA,COSTA RICA,national,2020-02-09,42,8871,poisson,briere,3,0.75,-245.362,True,194.875,1.3743,1.2161,0.0,0.1281
COSTA RICA,COSTA RICA,national,2020-02-09,42,8871,poisson,briere,5,1.0,-53.105,True,,1.2874,1.2183,0.0,0.0557
COSTA RICA,COSTA RICA,national,2020-02-09,42,8871,poisson,briere,5,0.75,-108.987,True,442.177,1.4017,1.2161,0.0,0.1165
COSTA RICA,COSTA RICA,national,2020-02-09,42,8871,poisson,briere,7,1.0,-52.563,True,,1.0,1.2183,0.0,-0.1309
COSTA RICA,COSTA RICA,national,2020-02-09,42,8871,poisson,briere,7,0.75,-130.348,True,264.349,1.0168,1.2161,0.0,-0.1109
COSTA RICA,COSTA RICA,national,2020-02-09,42,8871,poisson,loglinear,3,1.0,-237.033,True,,1.3424,1.2183,-0.0822,0.0317
COSTA RICA,COSTA RICA,national,2020-02-09,42,8871,poisson,loglinear,3,0.75,-338.082,True,25.814,1.3482,1.2161,-0.1557,-0.0155
COSTA RICA,COSTA RICA,national,2020-02-09,42,8871,poisson,loglinear,5,1.0,-270.375,True,,1.3334,1.2183,-0.1706,-0.0633
COSTA RICA,COSTA RICA,national,2020-02-09,42,8871,poisson,loglinear,5,0.75,-340.887,True,28.624,1.3318,1.2161,-0.1574,-0.0249
COSTA RICA,COSTA RICA,national,2020-02-09,42,8871,poisson,loglinear,7,1.0,-343.071,True,,1.269,1.2183,-0.1631,-0.0932
COSTA RICA,COSTA RICA,national,2020-02-09,42,8871,poisson,loglinear,7,0.75,-349.953,True,50.764,1.2528,1.2161,-0.1505,-0.0662
COSTA RICA,COSTA RICA,national,2023-05-14,48,35958,nb,briere,3,1.0,-1.74,True,,1.592,1.2236,0.5037,0.0195
COSTA RICA,COSTA RICA,national,2023-05-14,48,35958,nb,briere,3,0.75,0.789,False,-13.903,2.1255,1.2428,1.082,0.0517
COSTA RICA,COSTA RICA,national,2023-05-14,48,35958,nb,briere,5,1.0,-1.106,True,,1.5215,1.2236,0.3986,0.0075
COSTA RICA,COSTA RICA,national,2023-05-14,48,35958,nb,briere,5,0.75,3.042,False,-21.007,1.6604,1.2428,0.5636,0.0103
COSTA RICA,COSTA RICA,national,2023-05-14,48,35958,nb,briere,7,1.0,-0.998,True,,1.4822,1.2236,0.3429,0.0018
COSTA RICA,COSTA RICA,national,2023-05-14,48,35958,nb,briere,7,0.75,1.853,False,623.607,3.6782,1.2428,2.1194,-0.0731
COSTA RICA,COSTA RICA,national,2023-05-14,48,35958,nb,loglinear,3,1.0,-1.804,True,,1.2237,1.2236,0.0439,0.0181
COSTA RICA,COSTA RICA,national,2023-05-14,48,35958,nb,loglinear,3,0.75,0.316,False,-4.214,1.1662,1.2428,0.0756,0.0523
COSTA RICA,COSTA RICA,national,2023-05-14,48,35958,nb,loglinear,5,1.0,-1.235,True,,1.2347,1.2236,0.0358,0.0075
COSTA RICA,COSTA RICA,national,2023-05-14,48,35958,nb,loglinear,5,0.75,2.707,False,9.655,1.2112,1.2428,0.0465,0.0059
COSTA RICA,COSTA RICA,national,2023-05-14,48,35958,nb,loglinear,7,1.0,-1.128,True,,1.2384,1.2236,0.0315,0.0024
COSTA RICA,COSTA RICA,national,2023-05-14,48,35958,nb,loglinear,7,0.75,0.745,False,339.292,1.1368,1.2428,0.1455,-0.0782
COSTA RICA,COSTA RICA,national,2023-05-14,48,35958,poisson,briere,3,1.0,-67.823,True,,1.4053,1.2356,0.2308,-0.0019
COSTA RICA,COSTA RICA,national,2023-05-14,48,35958,poisson,briere,3,0.75,-47.882,True,1238.88,1.2401,1.255,0.0,0.032
COSTA RICA,COSTA RICA,national,2023-05-14,48,35958,poisson,briere,5,1.0,-172.419,True,,1.2624,1.2356,0.0,-0.0298
COSTA RICA,COSTA RICA,national,2023-05-14,48,35958,poisson,briere,5,0.75,-24.16,True,-413.119,1.2633,1.255,0.0,-0.0316
COSTA RICA,COSTA RICA,national,2023-05-14,48,35958,poisson,briere,7,1.0,-257.703,True,,1.2612,1.2356,0.0,-0.04
COSTA RICA,COSTA RICA,national,2023-05-14,48,35958,poisson,briere,7,0.75,-159.034,True,613.513,1.3215,1.255,0.0859,-0.0764
COSTA RICA,COSTA RICA,national,2023-05-14,48,35958,poisson,loglinear,3,1.0,-70.813,True,,1.245,1.2356,0.0219,-0.0014
COSTA RICA,COSTA RICA,national,2023-05-14,48,35958,poisson,loglinear,3,0.75,-82.346,True,3445.179,1.2705,1.255,-0.0367,0.0172
COSTA RICA,COSTA RICA,national,2023-05-14,48,35958,poisson,loglinear,5,1.0,-181.684,True,,1.2654,1.2356,-0.0133,-0.0387
COSTA RICA,COSTA RICA,national,2023-05-14,48,35958,poisson,loglinear,5,0.75,-78.521,True,2054.801,1.2877,1.255,-0.0428,-0.0174
COSTA RICA,COSTA RICA,national,2023-05-14,48,35958,poisson,loglinear,7,1.0,-279.966,True,,1.2622,1.2356,-0.0182,-0.0527
COSTA RICA,COSTA RICA,national,2023-05-14,48,35958,poisson,loglinear,7,0.75,-159.576,True,1170.214,1.2583,1.255,0.0087,-0.0785
DOMINICAN REPUBLIC,SAN CRISTOBAL,admin1,2009-04-26,39,386,nb,briere,3,1.0,-7.049,True,,1.8928,1.2737,2.5052,0.1612
DOMINICAN REPUBLIC,SAN CRISTOBAL,admin1,2009-04-26,39,386,nb,briere,3,0.75,1.243,False,7.512,1.1739,1.1871,0.3677,0.1104
DOMINICAN REPUBLIC,SAN CRISTOBAL,admin1,2009-04-26,39,386,nb,briere,5,1.0,-2.449,True,,1.7475,1.2737,1.502,0.0001
DOMINICAN REPUBLIC,SAN CRISTOBAL,admin1,2009-04-26,39,386,nb,briere,5,0.75,3.904,False,2.602,1.1642,1.1871,0.0,0.0208
DOMINICAN REPUBLIC,SAN CRISTOBAL,admin1,2009-04-26,39,386,nb,briere,7,1.0,-7.07,True,,2.1055,1.2737,1.9387,-0.1285
DOMINICAN REPUBLIC,SAN CRISTOBAL,admin1,2009-04-26,39,386,nb,briere,7,0.75,1.907,False,-13.288,1.4383,1.1871,0.5246,-0.0939
DOMINICAN REPUBLIC,SAN CRISTOBAL,admin1,2009-04-26,39,386,nb,loglinear,3,1.0,-6.41,True,,0.9118,1.2737,0.2098,0.1621
DOMINICAN REPUBLIC,SAN CRISTOBAL,admin1,2009-04-26,39,386,nb,loglinear,3,0.75,1.247,False,24.689,1.0669,1.1871,0.0213,0.1101
DOMINICAN REPUBLIC,SAN CRISTOBAL,admin1,2009-04-26,39,386,nb,loglinear,5,1.0,-1.834,True,,1.1317,1.2737,0.1222,-0.0
DOMINICAN REPUBLIC,SAN CRISTOBAL,admin1,2009-04-26,39,386,nb,loglinear,5,0.75,3.611,False,24.062,1.1648,1.1871,-0.037,0.0297
DOMINICAN REPUBLIC,SAN CRISTOBAL,admin1,2009-04-26,39,386,nb,loglinear,7,1.0,-6.508,True,,1.1988,1.2737,0.1611,-0.1299
DOMINICAN REPUBLIC,SAN CRISTOBAL,admin1,2009-04-26,39,386,nb,loglinear,7,0.75,1.931,False,-12.899,1.2533,1.1871,0.0292,-0.0927
DOMINICAN REPUBLIC,SAN CRISTOBAL,admin1,2009-04-26,39,386,poisson,briere,3,1.0,-17.554,True,,1.8901,1.2702,2.4866,0.1467
DOMINICAN REPUBLIC,SAN CRISTOBAL,admin1,2009-04-26,39,386,poisson,briere,3,0.75,-1.071,True,11.753,1.2056,1.1861,0.4757,0.1072
DOMINICAN REPUBLIC,SAN CRISTOBAL,admin1,2009-04-26,39,386,poisson,briere,5,1.0,-9.755,True,,1.7823,1.2702,1.679,0.0121
DOMINICAN REPUBLIC,SAN CRISTOBAL,admin1,2009-04-26,39,386,poisson,briere,5,0.75,3.738,False,10.811,1.1594,1.1861,0.0,0.0236
DOMINICAN REPUBLIC,SAN CRISTOBAL,admin1,2009-04-26,39,386,poisson,briere,7,1.0,-16.051,True,,2.0379,1.2702,1.9035,-0.1038
DOMINICAN REPUBLIC,SAN CRISTOBAL,admin1,2009-04-26,39,386,poisson,briere,7,0.75,0.31,False,-29.957,1.3863,1.1861,0.4069,-0.0821
DOMINICAN REPUBLIC,SAN CRISTOBAL,admin1,2009-04-26,39,386,poisson,loglinear,3,1.0,-16.489,True,,0.9166,1.2702,0.2068,0.1464
DOMINICAN REPUBLIC,SAN CRISTOBAL,admin1,2009-04-26,39,386,poisson,loglinear,3,0.75,-1.069,True,94.213,1.065,1.1861,0.028,0.1069
DOMINICAN REPUBLIC,SAN CRISTOBAL,admin1,2009-04-26,39,386,poisson,loglinear,5,1.0,-8.708,True,,1.0939,1.2702,0.1382,0.0125
DOMINICAN REPUBLIC,SAN CRISTOBAL,admin1,2009-04-26,39,386,poisson,loglinear,5,0.75,3.577,False,40.978,1.1669,1.1861,-0.0195,0.0255
DOMINICAN REPUBLIC,SAN CRISTOBAL,admin1,2009-04-26,39,386,poisson,loglinear,7,1.0,-15.055,True,,1.1715,1.2702,0.1576,-0.1045
DOMINICAN REPUBLIC,SAN CRISTOBAL,admin1,2009-04-26,39,386,poisson,loglinear,7,0.75,0.334,False,-29.467,1.2464,1.1861,0.0229,-0.0816
DOMINICAN REPUBLIC,DISTRITO NACIONAL,admin1,2009-06-07,33,745,nb,briere,3,1.0,-16.634,True,,2.4666,1.2624,3.6382,-0.1633
DOMINICAN REPUBLIC,DISTRITO NACIONAL,admin1,2009-06-07,33,745,nb,briere,3,0.75,1.971,False,-56.243,1.981,1.1398,2.6055,-0.092
DOMINICAN REPUBLIC,DISTRITO NACIONAL,admin1,2009-06-07,33,745,nb,briere,5,1.0,-18.125,True,,2.8193,1.2624,4.0174,-0.1439
DOMINICAN REPUBLIC,DISTRITO NACIONAL,admin1,2009-06-07,33,745,nb,briere,5,0.75,-0.528,True,-53.955,3.1525,1.1398,4.5508,-0.1383
DOMINICAN REPUBLIC,DISTRITO NACIONAL,admin1,2009-06-07,33,745,nb,briere,7,1.0,-17.027,True,,2.8473,1.2624,3.9622,-0.1222
DOMINICAN REPUBLIC,DISTRITO NACIONAL,admin1,2009-06-07,33,745,nb,briere,7,0.75,0.551,False,-57.409,2.9337,1.1398,4.1343,-0.1113
DOMINICAN REPUBLIC,DISTRITO NACIONAL,admin1,2009-06-07,33,745,nb,loglinear,3,1.0,-15.983,True,,0.8903,1.2624,0.3059,-0.175
DOMINICAN REPUBLIC,DISTRITO NACIONAL,admin1,2009-06-07,33,745,nb,loglinear,3,0.75,1.829,False,21.28,1.0602,1.1398,0.0976,-0.0945
DOMINICAN REPUBLIC,DISTRITO NACIONAL,admin1,2009-06-07,33,745,nb,loglinear,5,1.0,-17.457,True,,0.9179,1.2624,0.3393,-0.153
DOMINICAN REPUBLIC,DISTRITO NACIONAL,admin1,2009-06-07,33,745,nb,loglinear,5,0.75,-0.673,True,44.27,1.061,1.1398,0.1655,-0.1382
DOMINICAN REPUBLIC,DISTRITO NACIONAL,admin1,2009-06-07,33,745,nb,loglinear,7,1.0,-16.426,True,,0.9427,1.2624,0.3357,-0.131
DOMINICAN REPUBLIC,DISTRITO NACIONAL,admin1,2009-06-07,33,745,nb,loglinear,7,0.75,0.36,False,48.001,1.0902,1.1398,0.1531,-0.113
DOMINICAN REPUBLIC,DISTRITO NACIONAL,admin1,2009-06-07,33,745,poisson,briere,3,1.0,-41.591,True,,2.285,1.3032,3.1353,-0.0585
DOMINICAN REPUBLIC,DISTRITO NACIONAL,admin1,2009-06-07,33,745,poisson,briere,3,0.75,-2.806,True,-95.965,2.4034,1.2255,3.3388,-0.0232
DOMINICAN REPUBLIC,DISTRITO NACIONAL,admin1,2009-06-07,33,745,poisson,briere,5,1.0,-41.174,True,,2.3414,1.3032,3.1765,-0.0435
DOMINICAN REPUBLIC,DISTRITO NACIONAL,admin1,2009-06-07,33,745,poisson,briere,5,0.75,-3.993,True,-82.342,2.8113,1.2255,4.0048,-0.051
DOMINICAN REPUBLIC,DISTRITO NACIONAL,admin1,2009-06-07,33,745,poisson,briere,7,1.0,-43.631,True,,2.4859,1.3032,3.3885,-0.0622
DOMINICAN REPUBLIC,DISTRITO NACIONAL,admin1,2009-06-07,33,745,poisson,briere,7,0.75,-6.387,True,-75.308,3.1991,1.2255,4.505,-0.0757
DOMINICAN REPUBLIC,DISTRITO NACIONAL,admin1,2009-06-07,33,745,poisson,loglinear,3,1.0,-40.2,True,,0.9492,1.3032,0.2653,-0.0718
DOMINICAN REPUBLIC,DISTRITO NACIONAL,admin1,2009-06-07,33,745,poisson,loglinear,3,0.75,-3.058,True,565.446,1.0808,1.2255,0.1215,-0.0248
DOMINICAN REPUBLIC,DISTRITO NACIONAL,admin1,2009-06-07,33,745,poisson,loglinear,5,1.0,-39.587,True,,0.9641,1.3032,0.2702,-0.054
DOMINICAN REPUBLIC,DISTRITO NACIONAL,admin1,2009-06-07,33,745,poisson,loglinear,5,0.75,-4.24,True,743.185,1.0788,1.2255,0.1448,-0.0514
DOMINICAN REPUBLIC,DISTRITO NACIONAL,admin1,2009-06-07,33,745,poisson,loglinear,7,1.0,-42.654,True,,0.9662,1.3032,0.2896,-0.0741
DOMINICAN REPUBLIC,DISTRITO NACIONAL,admin1,2009-06-07,33,745,poisson,loglinear,7,0.75,-6.661,True,1043.569,1.0892,1.2255,0.1627,-0.076
DOMINICAN REPUBLIC,DOMINICAN REPUBLIC,national,2015-05-31,46,18716,nb,briere,3,1.0,-8.777,True,,1.4319,1.1968,1.1251,-0.0
DOMINICAN REPUBLIC,DOMINICAN REPUBLIC,national,2015-05-31,46,18716,nb,briere,3,0.75,-10.377,True,-6.582,1.4154,1.2145,1.0773,-0.0262
DOMINICAN REPUBLIC,DOMINICAN REPUBLIC,national,2015-05-31,46,18716,nb,briere,5,1.0,-13.466,True,,1.4999,1.1968,1.3125,0.0569
DOMINICAN REPUBLIC,DOMINICAN REPUBLIC,national,2015-05-31,46,18716,nb,briere,5,0.75,-15.517,True,104.389,1.7477,1.2145,1.9486,0.1205
DOMINICAN REPUBLIC,DOMINICAN REPUBLIC,national,2015-05-31,46,18716,nb,briere,7,1.0,-16.663,True,,1.5556,1.1968,1.4454,0.0778
DOMINICAN REPUBLIC,DOMINICAN REPUBLIC,national,2015-05-31,46,18716,nb,briere,7,0.75,-14.914,True,4.412,1.6461,1.2145,1.6787,0.0934
DOMINICAN REPUBLIC,DOMINICAN REPUBLIC,national,2015-05-31,46,18716,nb,loglinear,3,1.0,-9.5,True,,1.008,1.1968,0.1117,0.0006
DOMINICAN REPUBLIC,DOMINICAN REPUBLIC,national,2015-05-31,46,18716,nb,loglinear,3,0.75,-10.6,True,51.145,1.0443,1.2145,0.1007,-0.0288
DOMINICAN REPUBLIC,DOMINICAN REPUBLIC,national,2015-05-31,46,18716,nb,loglinear,5,1.0,-13.963,True,,0.9966,1.1968,0.1293,0.0551
DOMINICAN REPUBLIC,DOMINICAN REPUBLIC,national,2015-05-31,46,18716,nb,loglinear,5,0.75,-14.923,True,25.817,1.0101,1.2145,0.1772,0.1075
DOMINICAN REPUBLIC,DOMINICAN REPUBLIC,national,2015-05-31,46,18716,nb,loglinear,7,1.0,-16.549,True,,0.9925,1.1968,0.1406,0.0723
DOMINICAN REPUBLIC,DOMINICAN REPUBLIC,national,2015-05-31,46,18716,nb,loglinear,7,0.75,-14.479,True,63.758,1.0246,1.2145,0.1552,0.0853
DOMINICAN REPUBLIC,DOMINICAN REPUBLIC,national,2015-05-31,46,18716,poisson,briere,3,1.0,-414.293,True,,1.4487,1.2274,1.096,-0.0175
DOMINICAN REPUBLIC,DOMINICAN REPUBLIC,national,2015-05-31,46,18716,poisson,briere,3,0.75,-337.864,True,4.428,1.5888,1.2655,1.524,0.0141
DOMINICAN REPUBLIC,DOMINICAN REPUBLIC,national,2015-05-31,46,18716,poisson,briere,5,1.0,-458.453,True,,1.5343,1.2274,1.3726,0.0416
DOMINICAN REPUBLIC,DOMINICAN REPUBLIC,national,2015-05-31,46,18716,poisson,briere,5,0.75,-415.743,True,218.8,1.7199,1.2655,1.8468,0.0822
DOMINICAN REPUBLIC,DOMINICAN REPUBLIC,national,2015-05-31,46,18716,poisson,briere,7,1.0,-563.038,True,,1.6054,1.2274,1.5457,0.0795
DOMINICAN REPUBLIC,DOMINICAN REPUBLIC,national,2015-05-31,46,18716,poisson,briere,7,0.75,-396.484,True,-392.272,1.6594,1.2655,1.6863,0.071
DOMINICAN REPUBLIC,DOMINICAN REPUBLIC,national,2015-05-31,46,18716,poisson,loglinear,3,1.0,-437.878,True,,1.0145,1.2274,0.1169,-0.0143
DOMINICAN REPUBLIC,DOMINICAN REPUBLIC,national,2015-05-31,46,18716,poisson,loglinear,3,0.75,-338.892,True,110.596,1.0359,1.2655,0.1382,0.0049
DOMINICAN REPUBLIC,DOMINICAN REPUBLIC,national,2015-05-31,46,18716,poisson,loglinear,5,1.0,-482.213,True,,1.001,1.2274,0.1355,0.0403
DOMINICAN REPUBLIC,DOMINICAN REPUBLIC,national,2015-05-31,46,18716,poisson,loglinear,5,0.75,-402.133,True,391.99,1.023,1.2655,0.1688,0.071
DOMINICAN REPUBLIC,DOMINICAN REPUBLIC,national,2015-05-31,46,18716,poisson,loglinear,7,1.0,-569.594,True,,0.9936,1.2274,0.1502,0.073
DOMINICAN REPUBLIC,DOMINICAN REPUBLIC,national,2015-05-31,46,18716,poisson,loglinear,7,0.75,-388.355,True,1203.324,1.0312,1.2655,0.1564,0.0629
DOMINICAN REPUBLIC,DOMINICAN REPUBLIC,national,2018-08-19,33,2238,nb,briere,3,1.0,3.751,False,,1.0731,1.0735,0.0,0.0091
DOMINICAN REPUBLIC,DOMINICAN REPUBLIC,national,2018-08-19,33,2238,nb,briere,3,0.75,3.241,False,2.804,1.0622,1.0734,0.0,0.0231
DOMINICAN REPUBLIC,DOMINICAN REPUBLIC,national,2018-08-19,33,2238,nb,briere,5,1.0,3.952,False,,1.1041,1.0735,0.0695,-0.0002
DOMINICAN REPUBLIC,DOMINICAN REPUBLIC,national,2018-08-19,33,2238,nb,briere,5,0.75,3.858,False,0.734,1.0667,1.0734,0.0,0.0117
DOMINICAN REPUBLIC,DOMINICAN REPUBLIC,national,2018-08-19,33,2238,nb,briere,7,1.0,3.161,False,,1.1695,1.0735,0.2041,-0.0212
DOMINICAN REPUBLIC,DOMINICAN REPUBLIC,national,2018-08-19,33,2238,nb,briere,7,0.75,3.082,False,3.838,1.1349,1.0734,0.0933,-0.0354
DOMINICAN REPUBLIC,DOMINICAN REPUBLIC,national,2018-08-19,33,2238,nb,loglinear,3,1.0,3.503,False,,1.0618,1.0735,-0.0264,0.0262
DOMINICAN REPUBLIC,DOMINICAN REPUBLIC,national,2018-08-19,33,2238,nb,loglinear,3,0.75,1.261,False,42.257,0.9868,1.0734,-0.1277,0.1113
DOMINICAN REPUBLIC,DOMINICAN REPUBLIC,national,2018-08-19,33,2238,nb,loglinear,5,1.0,3.959,False,,1.0753,1.0735,0.0045,0.0004
DOMINICAN REPUBLIC,DOMINICAN REPUBLIC,national,2018-08-19,33,2238,nb,loglinear,5,0.75,3.849,False,0.942,1.0644,1.0734,-0.0039,0.0141
DOMINICAN REPUBLIC,DOMINICAN REPUBLIC,national,2018-08-19,33,2238,nb,loglinear,7,1.0,3.193,False,,1.0835,1.0735,0.0154,-0.0209
DOMINICAN REPUBLIC,DOMINICAN REPUBLIC,national,2018-08-19,33,2238,nb,loglinear,7,0.75,3.098,False,4.475,1.0965,1.0734,0.0072,-0.035
DOMINICAN REPUBLIC,DOMINICAN REPUBLIC,national,2018-08-19,33,2238,poisson,briere,3,1.0,2.798,False,,1.1582,1.0763,0.1788,-0.0024
DOMINICAN REPUBLIC,DOMINICAN REPUBLIC,national,2018-08-19,33,2238,poisson,briere,3,0.75,1.783,False,8.278,1.0714,1.0773,0.0,0.0153
DOMINICAN REPUBLIC,DOMINICAN REPUBLIC,national,2018-08-19,33,2238,poisson,briere,5,1.0,-0.31,True,,1.2599,1.0763,0.3837,-0.0175
DOMINICAN REPUBLIC,DOMINICAN REPUBLIC,national,2018-08-19,33,2238,poisson,briere,5,0.75,0.146,False,34.133,1.295,1.0773,0.4229,-0.0333
DOMINICAN REPUBLIC,DOMINICAN REPUBLIC,national,2018-08-19,33,2238,poisson,briere,7,1.0,-11.804,True,,1.2655,1.0763,0.3065,-0.0428
DOMINICAN REPUBLIC,DOMINICAN REPUBLIC,national,2018-08-19,33,2238,poisson,briere,7,0.75,-21.175,True,450.158,1.2847,1.0773,0.3317,-0.0747
DOMINICAN REPUBLIC,DOMINICAN REPUBLIC,national,2018-08-19,33,2238,poisson,loglinear,3,1.0,2.817,False,,1.0834,1.0763,0.0144,-0.0024
DOMINICAN REPUBLIC,DOMINICAN REPUBLIC,national,2018-08-19,33,2238,poisson,loglinear,3,0.75,-2.503,True,204.148,1.012,1.0773,-0.0954,0.0814
DOMINICAN REPUBLIC,DOMINICAN REPUBLIC,national,2018-08-19,33,2238,poisson,loglinear,5,1.0,-0.288,True,,1.0918,1.0763,0.031,-0.0175
DOMINICAN REPUBLIC,DOMINICAN REPUBLIC,national,2018-08-19,33,2238,poisson,loglinear,5,0.75,0.204,False,71.687,1.1086,1.0773,0.0367,-0.0316
DOMINICAN REPUBLIC,DOMINICAN REPUBLIC,national,2018-08-19,33,2238,poisson,loglinear,7,1.0,-11.609,True,,1.1273,1.0763,0.0245,-0.0422
DOMINICAN REPUBLIC,DOMINICAN REPUBLIC,national,2018-08-19,33,2238,poisson,loglinear,7,0.75,-20.784,True,551.509,1.137,1.0773,0.0285,-0.0734
DOMINICAN REPUBLIC,DOMINICAN REPUBLIC,national,2019-04-07,54,21877,nb,briere,3,1.0,0.874,False,,1.2202,1.1814,0.1192,0.0447
DOMINICAN REPUBLIC,DOMINICAN REPUBLIC,national,2019-04-07,54,21877,nb,briere,3,0.75,2.515,False,15.921,1.3032,1.172,0.4793,0.0205
DOMINICAN REPUBLIC,DOMINICAN REPUBLIC,national,2019-04-07,54,21877,nb,briere,5,1.0,-11.988,True,,1.2233,1.1814,0.0,0.1167
DOMINICAN REPUBLIC,DOMINICAN REPUBLIC,national,2019-04-07,54,21877,nb,briere,5,0.75,-1.985,True,30.738,1.3695,1.172,0.5381,0.1002
DOMINICAN REPUBLIC,DOMINICAN REPUBLIC,national,2019-04-07,54,21877,nb,briere,7,1.0,-15.387,True,,1.2438,1.1814,0.0,0.1398
DOMINICAN REPUBLIC,DOMINICAN REPUBLIC,national,2019-04-07,54,21877,nb,briere,7,0.75,-5.234,True,33.343,1.3964,1.172,0.5269,0.1312
DOMINICAN REPUBLIC,DOMINICAN REPUBLIC,national,2019-04-07,54,21877,nb,loglinear,3,1.0,0.764,False,,1.1719,1.1814,0.0135,0.0443
DOMINICAN REPUBLIC,DOMINICAN REPUBLIC,national,2019-04-07,54,21877,nb,loglinear,3,0.75,2.347,False,13.845,1.1468,1.172,0.0346,0.0227
DOMINICAN REPUBLIC,DOMINICAN REPUBLIC,national,2019-04-07,54,21877,nb,loglinear,5,1.0,-12.016,True,,1.2152,1.1814,0.0043,0.116
DOMINICAN REPUBLIC,DOMINICAN REPUBLIC,national,2019-04-07,54,21877,nb,loglinear,5,0.75,-2.255,True,33.921,1.1853,1.172,0.039,0.1019
DOMINICAN REPUBLIC,DOMINICAN REPUBLIC,national,2019-04-07,54,21877,nb,loglinear,7,1.0,-15.395,True,,1.2391,1.1814,0.0025,0.1393
DOMINICAN REPUBLIC,DOMINICAN REPUBLIC,national,2019-04-07,54,21877,nb,loglinear,7,0.75,-5.359,True,37.679,1.2128,1.172,0.0369,0.131
DOMINICAN REPUBLIC,DOMINICAN REPUBLIC,national,2019-04-07,54,21877,poisson,briere,3,1.0,-8.444,True,,1.1921,1.1859,0.0,0.0134
DOMINICAN REPUBLIC,DOMINICAN REPUBLIC,national,2019-04-07,54,21877,poisson,briere,3,0.75,-25.464,True,158.813,1.2237,1.204,0.0,0.0274
DOMINICAN REPUBLIC,DOMINICAN REPUBLIC,national,2019-04-07,54,21877,poisson,briere,5,1.0,-303.845,True,,1.2191,1.1859,0.0,0.0709
DOMINICAN REPUBLIC,DOMINICAN REPUBLIC,national,2019-04-07,54,21877,poisson,briere,5,0.75,-297.85,True,244.907,1.2576,1.204,0.0,0.0854
DOMINICAN REPUBLIC,DOMINICAN REPUBLIC,national,2019-04-07,54,21877,poisson,briere,7,1.0,-426.216,True,,1.2319,1.1859,0.0,0.0909
DOMINICAN REPUBLIC,DOMINICAN REPUBLIC,national,2019-04-07,54,21877,poisson,briere,7,0.75,-385.984,True,63.297,1.2603,1.204,0.0,0.0971
DOMINICAN REPUBLIC,DOMINICAN REPUBLIC,national,2019-04-07,54,21877,poisson,loglinear,3,1.0,-221.494,True,,1.3187,1.1859,-0.0607,0.0211
DOMINICAN REPUBLIC,DOMINICAN REPUBLIC,national,2019-04-07,54,21877,poisson,loglinear,3,0.75,-80.026,True,-292.95,1.2653,1.204,-0.0304,0.0198
DOMINICAN REPUBLIC,DOMINICAN REPUBLIC,national,2019-04-07,54,21877,poisson,loglinear,5,1.0,-473.303,True,,1.3229,1.1859,-0.0533,0.0654
DOMINICAN REPUBLIC,DOMINICAN REPUBLIC,national,2019-04-07,54,21877,poisson,loglinear,5,0.75,-306.853,True,-13.898,1.2746,1.204,-0.0132,0.0803
DOMINICAN REPUBLIC,DOMINICAN REPUBLIC,national,2019-04-07,54,21877,poisson,loglinear,7,1.0,-544.118,True,,1.3173,1.1859,-0.0459,0.0819
DOMINICAN REPUBLIC,DOMINICAN REPUBLIC,national,2019-04-07,54,21877,poisson,loglinear,7,0.75,-388.506,True,-53.826,1.2693,1.204,-0.007,0.0942
DOMINICAN REPUBLIC,DOMINICAN REPUBLIC,national,2021-05-30,42,3998,nb,briere,3,1.0,-1.25,True,,1.4813,1.1687,1.0279,-0.0161
DOMINICAN REPUBLIC,DOMINICAN REPUBLIC,national,2021-05-30,42,3998,nb,briere,3,0.75,-5.627,True,220.748,1.8838,1.1972,1.9288,0.0423
DOMINICAN REPUBLIC,DOMINICAN REPUBLIC,national,2021-05-30,42,3998,nb,briere,5,1.0,-1.183,True,,1.4581,1.1687,0.9857,-0.0135
DOMINICAN REPUBLIC,DOMINICAN REPUBLIC,national,2021-05-30,42,3998,nb,briere,5,0.75,-6.656,True,312.292,2.0555,1.1972,2.2176,0.0573
DOMINICAN REPUBLIC,DOMINICAN REPUBLIC,national,2021-05-30,42,3998,nb,briere,7,1.0,-1.062,True,,1.4416,1.1687,0.9567,-0.0108
DOMINICAN REPUBLIC,DOMINICAN REPUBLIC,national,2021-05-30,42,3998,nb,briere,7,0.75,-8.449,True,462.057,2.373,1.1972,2.6831,0.0852
DOMINICAN REPUBLIC,DOMINICAN REPUBLIC,national,2021-05-30,42,3998,nb,loglinear,3,1.0,-1.567,True,,1.019,1.1687,0.0946,-0.0133
DOMINICAN REPUBLIC,DOMINICAN REPUBLIC,national,2021-05-30,42,3998,nb,loglinear,3,0.75,-5.679,True,-4.829,0.9998,1.1972,0.1413,0.0463
DOMINICAN REPUBLIC,DOMINICAN REPUBLIC,national,2021-05-30,42,3998,nb,loglinear,5,1.0,-1.499,True,,1.0185,1.1687,0.0914,-0.0107
DOMINICAN REPUBLIC,DOMINICAN REPUBLIC,national,2021-05-30,42,3998,nb,loglinear,5,0.75,-6.836,True,-1.246,0.9918,1.1972,0.1644,0.0629
DOMINICAN REPUBLIC,DOMINICAN REPUBLIC,national,2021-05-30,42,3998,nb,loglinear,7,1.0,-1.397,True,,1.0175,1.1687,0.0894,-0.0077
DOMINICAN REPUBLIC,DOMINICAN REPUBLIC,national,2021-05-30,42,3998,nb,loglinear,7,0.75,-8.901,True,5.923,0.9817,1.1972,0.2025,0.0945
DOMINICAN REPUBLIC,DOMINICAN REPUBLIC,national,2021-05-30,42,3998,poisson,briere,3,1.0,-66.848,True,,1.6696,1.1998,1.3124,-0.0478
DOMINICAN REPUBLIC,DOMINICAN REPUBLIC,national,2021-05-30,42,3998,poisson,briere,3,0.75,-41.154,True,265.667,1.8944,1.2505,1.8146,-0.0066
DOMINICAN REPUBLIC,DOMINICAN REPUBLIC,national,2021-05-30,42,3998,poisson,briere,5,1.0,-61.734,True,,1.5845,1.1998,1.1725,-0.0404
DOMINICAN REPUBLIC,DOMINICAN REPUBLIC,national,2021-05-30,42,3998,poisson,briere,5,0.75,-41.095,True,377.473,1.9092,1.2505,1.866,0.0062
DOMINICAN REPUBLIC,DOMINICAN REPUBLIC,national,2021-05-30,42,3998,poisson,briere,7,1.0,-48.582,True,,1.5187,1.1998,1.0662,-0.0324
DOMINICAN REPUBLIC,DOMINICAN REPUBLIC,national,2021-05-30,42,3998,poisson,briere,7,0.75,-52.372,True,709.919,1.9405,1.2505,1.8189,0.046
DOMINICAN REPUBLIC,DOMINICAN REPUBLIC,national,2021-05-30,42,3998,poisson,loglinear,3,1.0,-69.05,True,,1.0354,1.1998,0.1201,-0.0434
DOMINICAN REPUBLIC,DOMINICAN REPUBLIC,national,2021-05-30,42,3998,poisson,loglinear,3,0.75,-9.142,True,1039.387,1.5765,1.2505,-0.2549,0.0312
DOMINICAN REPUBLIC,DOMINICAN REPUBLIC,national,2021-05-30,42,3998,poisson,loglinear,5,1.0,-63.73,True,,1.0338,1.1998,0.1082,-0.0365
DOMINICAN REPUBLIC,DOMINICAN REPUBLIC,national,2021-05-30,42,3998,poisson,loglinear,5,0.75,-39.316,True,13.646,1.0345,1.2505,0.1371,0.0105
DOMINICAN REPUBLIC,DOMINICAN REPUBLIC,national,2021-05-30,42,3998,poisson,loglinear,7,1.0,-51.555,True,,1.0298,1.1998,0.0995,-0.0286
DOMINICAN REPUBLIC,DOMINICAN REPUBLIC,national,2021-05-30,42,3998,poisson,loglinear,7,0.75,-53.342,True,-18.206,1.0579,1.2505,0.1413,0.0501
DOMINICAN REPUBLIC,DOMINICAN REPUBLIC,national,2022-03-20,51,10902,nb,briere,3,1.0,-28.418,True,,1.5075,1.155,1.2902,-0.0306
DOMINICAN REPUBLIC,DOMINICAN REPUBLIC,national,2022-03-20,51,10902,nb,briere,3,0.75,-9.117,True,-113.068,1.5501,1.0775,1.376,-0.0069
DOMINICAN REPUBLIC,DOMINICAN REPUBLIC,national,2022-03-20,51,10902,nb,briere,5,1.0,-27.693,True,,1.4621,1.155,1.1999,-0.0145
DOMINICAN REPUBLIC,DOMINICAN REPUBLIC,national,2022-03-20,51,10902,nb,briere,5,0.75,-9.38,True,-104.692,1.4857,1.0775,1.1599,0.0288
DOMINICAN REPUBLIC,DOMINICAN REPUBLIC,national,2022-03-20,51,10902,nb,briere,7,1.0,-27.783,True,,1.4546,1.155,1.1867,-0.017
DOMINICAN REPUBLIC,DOMINICAN REPUBLIC,national,2022-03-20,51,10902,nb,briere,7,0.75,-9.362,True,-94.044,1.5318,1.0775,1.2666,0.0278
DOMINICAN REPUBLIC,DOMINICAN REPUBLIC,national,2022-03-20,51,10902,nb,loglinear,3,1.0,-28.453,True,,0.9671,1.155,0.1339,-0.0297
DOMINICAN REPUBLIC,DOMINICAN REPUBLIC,national,2022-03-20,51,10902,nb,loglinear,3,0.75,-8.979,True,-78.781,1.0255,1.0775,0.1079,-0.0073
DOMINICAN REPUBLIC,DOMINICAN REPUBLIC,national,2022-03-20,51,10902,nb,loglinear,5,1.0,-27.785,True,,0.9712,1.155,0.1227,-0.0125
DOMINICAN REPUBLIC,DOMINICAN REPUBLIC,national,2022-03-20,51,10902,nb,loglinear,5,0.75,-9.245,True,-120.113,1.0492,1.0775,0.0905,0.029
DOMINICAN REPUBLIC,DOMINICAN REPUBLIC,national,2022-03-20,51,10902,nb,loglinear,7,1.0,-27.859,True,,0.9704,1.155,0.1217,-0.015
DOMINICAN REPUBLIC,DOMINICAN REPUBLIC,national,2022-03-20,51,10902,nb,loglinear,7,0.75,-9.197,True,-120.36,1.0466,1.0775,0.0993,0.0265
DOMINICAN REPUBLIC,DOMINICAN REPUBLIC,national,2022-03-20,51,10902,poisson,briere,3,1.0,-556.9,True,,1.5518,1.1829,1.34,-0.0438
DOMINICAN REPUBLIC,DOMINICAN REPUBLIC,national,2022-03-20,51,10902,poisson,briere,3,0.75,-249.182,True,-1599.49,1.559,1.131,1.3501,-0.0335
DOMINICAN REPUBLIC,DOMINICAN REPUBLIC,national,2022-03-20,51,10902,poisson,briere,5,1.0,-526.749,True,,1.4308,1.1829,1.0058,0.0007
DOMINICAN REPUBLIC,DOMINICAN REPUBLIC,national,2022-03-20,51,10902,poisson,briere,5,0.75,-243.846,True,-1554.662,1.4276,1.131,0.9594,0.0251
DOMINICAN REPUBLIC,DOMINICAN REPUBLIC,national,2022-03-20,51,10902,poisson,briere,7,1.0,-551.608,True,,1.3704,1.1829,0.7602,0.0387
DOMINICAN REPUBLIC,DOMINICAN REPUBLIC,national,2022-03-20,51,10902,poisson,briere,7,0.75,-304.959,True,-1432.255,1.3929,1.131,0.7525,0.0756
DOMINICAN REPUBLIC,DOMINICAN REPUBLIC,national,2022-03-20,51,10902,poisson,loglinear,3,1.0,-556.979,True,,0.9795,1.1829,0.1377,-0.0417
DOMINICAN REPUBLIC,DOMINICAN REPUBLIC,national,2022-03-20,51,10902,poisson,loglinear,3,0.75,-248.2,True,887.712,1.0385,1.131,0.1068,-0.035
DOMINICAN REPUBLIC,DOMINICAN REPUBLIC,national,2022-03-20,51,10902,poisson,loglinear,5,1.0,-528.991,True,,1.0121,1.1829,0.1043,0.0012
DOMINICAN REPUBLIC,DOMINICAN REPUBLIC,national,2022-03-20,51,10902,poisson,loglinear,5,0.75,-241.831,True,-1449.029,1.0702,1.131,0.0752,0.0249
DOMINICAN REPUBLIC,DOMINICAN REPUBLIC,national,2022-03-20,51,10902,poisson,loglinear,7,1.0,-554.56,True,,1.0545,1.1829,0.0791,0.0389
DOMINICAN REPUBLIC,DOMINICAN REPUBLIC,national,2022-03-20,51,10902,poisson,loglinear,7,0.75,-301.422,True,-1472.466,1.1116,1.131,0.0583,0.0753
ECUADOR,ECUADOR,national,2015-01-18,35,40713,nb,briere,3,1.0,-7.334,True,,1.2555,1.3815,0.0,0.0833
ECUADOR,ECUADOR,national,2015-01-18,35,40713,nb,briere,3,0.75,-1.996,True,-27.621,1.2451,1.3307,0.0,0.0981
ECUADOR,ECUADOR,national,2015-01-18,35,40713,nb,briere,5,1.0,-7.643,True,,1.3037,1.3815,0.0,0.0666
ECUADOR,ECUADOR,national,2015-01-18,35,40713,nb,briere,5,0.75,-3.773,True,-12.583,1.2962,1.3307,0.0,0.0999
ECUADOR,ECUADOR,national,2015-01-18,35,40713,nb,briere,7,1.0,-6.137,True,,1.3431,1.3815,0.0,0.0558
ECUADOR,ECUADOR,national,2015-01-18,35,40713,nb,briere,7,0.75,-3.499,True,3.891,1.3527,1.3307,0.0,0.0984
ECUADOR,ECUADOR,national,2015-01-18,35,40713,nb,loglinear,3,1.0,-12.44,True,,1.0928,1.3815,-0.1686,0.0403
ECUADOR,ECUADOR,national,2015-01-18,35,40713,nb,loglinear,3,0.75,-6.885,True,-26.477,1.1529,1.3307,-0.1727,0.0199
ECUADOR,ECUADOR,national,2015-01-18,35,40713,nb,loglinear,5,1.0,-13.055,True,,1.1187,1.3815,-0.1613,0.0407
ECUADOR,ECUADOR,national,2015-01-18,35,40713,nb,loglinear,5,0.75,-7.394,True,-21.754,1.1809,1.3307,-0.1489,0.0456
ECUADOR,ECUADOR,national,2015-01-18,35,40713,nb,loglinear,7,1.0,-12.167,True,,1.1264,1.3815,-0.1738,0.0302
ECUADOR,ECUADOR,national,2015-01-18,35,40713,nb,loglinear,7,0.75,-6.789,True,-26.475,1.166,1.3307,-0.1789,0.0107
ECUADOR,ECUADOR,national,2015-01-18,35,40713,poisson,briere,3,1.0,-130.141,True,,1.3458,1.42,0.0,0.041
ECUADOR,ECUADOR,national,2015-01-18,35,40713,poisson,briere,3,0.75,-50.885,True,-164.1,1.3544,1.4013,0.0,0.0309
ECUADOR,ECUADOR,national,2015-01-18,35,40713,poisson,briere,5,1.0,-225.829,True,,1.3619,1.42,0.0,0.0408
ECUADOR,ECUADOR,national,2015-01-18,35,40713,poisson,briere,5,0.75,-128.973,True,-222.264,1.3618,1.4013,0.0,0.0406
ECUADOR,ECUADOR,national,2015-01-18,35,40713,poisson,briere,7,1.0,-231.88,True,,1.3882,1.42,0.0,0.0377
ECUADOR,ECUADOR,national,2015-01-18,35,40713,poisson,briere,7,0.75,-146.743,True,-192.13,1.3884,1.4013,0.0,0.0444
ECUADOR,ECUADOR,national,2015-01-18,35,40713,poisson,loglinear,3,1.0,-207.078,True,,1.2389,1.42,-0.0776,0.0354
ECUADOR,ECUADOR,national,2015-01-18,35,40713,poisson,loglinear,3,0.75,-151.945,True,-206.153,1.2763,1.4013,-0.0806,0.0191
ECUADOR,ECUADOR,national,2015-01-18,35,40713,poisson,loglinear,5,1.0,-288.395,True,,1.2681,1.42,-0.066,0.0379
ECUADOR,ECUADOR,national,2015-01-18,35,40713,poisson,loglinear,5,0.75,-201.056,True,-160.754,1.2913,1.4013,-0.0681,0.0323
ECUADOR,ECUADOR,national,2015-01-18,35,40713,poisson,loglinear,7,1.0,-260.371,True,,1.3238,1.42,-0.0449,0.0349
ECUADOR,ECUADOR,national,2015-01-18,35,40713,poisson,loglinear,7,0.75,-171.306,True,-159.47,1.3371,1.4013,-0.0476,0.0325
ECUADOR,ECUADOR,national,2016-11-20,41,11267,nb,briere,3,1.0,2.076,False,,1.2927,1.2275,0.2228,0.04
ECUADOR,ECUADOR,national,2016-11-20,41,11267,nb,briere,3,0.75,1.871,False,17.913,1.2303,1.2003,0.0,0.0655
ECUADOR,ECUADOR,national,2016-11-20,41,11267,nb,briere,5,1.0,2.709,False,,1.2252,1.2275,0.0,0.0233
ECUADOR,ECUADOR,national,2016-11-20,41,11267,nb,briere,5,0.75,1.883,False,45.058,1.2746,1.2003,0.0,0.0809
ECUADOR,ECUADOR,national,2016-11-20,41,11267,nb,briere,7,1.0,3.392,False,,1.2359,1.2275,0.0,0.0183
ECUADOR,ECUADOR,national,2016-11-20,41,11267,nb,briere,7,0.75,2.926,False,50.808,1.3204,1.2003,0.0,0.0912
ECUADOR,ECUADOR,national,2016-11-20,41,11267,nb,loglinear,3,1.0,2.111,False,,1.2078,1.2275,0.0137,0.0369
ECUADOR,ECUADOR,national,2016-11-20,41,11267,nb,loglinear,3,0.75,1.552,False,37.849,1.2501,1.2003,-0.0414,0.0416
ECUADOR,ECUADOR,national,2016-11-20,41,11267,nb,loglinear,5,1.0,2.646,False,,1.2226,1.2275,-0.0153,0.0119
ECUADOR,ECUADOR,national,2016-11-20,41,11267,nb,loglinear,5,0.75,1.384,False,72.86,1.2819,1.2003,-0.0456,0.0525
ECUADOR,ECUADOR,national,2016-11-20,41,11267,nb,loglinear,7,1.0,2.45,False,,1.2022,1.2275,-0.0537,-0.0261
ECUADOR,ECUADOR,national,2016-11-20,41,11267,nb,loglinear,7,0.75,1.674,False,95.36,1.3113,1.2003,-0.0627,0.0499
ECUADOR,ECUADOR,national,2016-11-20,41,11267,poisson,briere,3,1.0,-40.339,True,,1.4117,1.2554,0.4271,0.0372
ECUADOR,ECUADOR,national,2016-11-20,41,11267,poisson,briere,3,0.75,-48.19,True,147.183,1.2488,1.2446,0.0,0.044
ECUADOR,ECUADOR,national,2016-11-20,41,11267,poisson,briere,5,1.0,-36.629,True,,1.4439,1.2554,0.4409,0.0387
ECUADOR,ECUADOR,national,2016-11-20,41,11267,poisson,briere,5,0.75,-72.754,True,389.982,1.285,1.2446,0.0,0.0623
ECUADOR,ECUADOR,national,2016-11-20,41,11267,poisson,briere,7,1.0,-7.277,True,,1.2614,1.2554,0.0,0.013
ECUADOR,ECUADOR,national,2016-11-20,41,11267,poisson,briere,7,0.75,-34.063,True,281.326,1.313,1.2446,0.0,0.0598
ECUADOR,ECUADOR,national,2016-11-20,41,11267,poisson,loglinear,3,1.0,-39.493,True,,1.2383,1.2554,0.0339,0.0368
ECUADOR,ECUADOR,national,2016-11-20,41,11267,poisson,loglinear,3,0.75,-49.348,True,211.498,1.2543,1.2446,-0.014,0.0385
ECUADOR,ECUADOR,national,2016-11-20,41,11267,poisson,loglinear,5,1.0,-34.71,True,,1.2604,1.2554,0.0323,0.0365
ECUADOR,ECUADOR,national,2016-11-20,41,11267,poisson,loglinear,5,0.75,-73.41,True,444.266,1.2863,1.2446,-0.0095,0.0583
ECUADOR,ECUADOR,national,2016-11-20,41,11267,poisson,loglinear,7,1.0,-7.755,True,,1.2572,1.2554,-0.0068,0.0087
ECUADOR,ECUADOR,national,2016-11-20,41,11267,poisson,loglinear,7,0.75,-47.41,True,545.229,1.3128,1.2446,-0.0382,0.046
ECUADOR,ECUADOR,national,2018-11-11,52,7612,nb,briere,3,1.0,2.41,False,,1.1197,1.1443,0.0,0.0162
ECUADOR,ECUADOR,national,2018-11-11,52,7612,nb,briere,3,0.75,0.695,False,161.769,1.7805,1.1428,1.8371,0.0836
ECUADOR,ECUADOR,national,2018-11-11,52,7612,nb,briere,5,1.0,2.896,False,,1.1294,1.1443,0.0,0.0111
ECUADOR,ECUADOR,national,2018-11-11,52,7612,nb,briere,5,0.75,1.297,False,101.748,1.4615,1.1428,0.9537,0.0464
ECUADOR,ECUADOR,national,2018-11-11,52,7612,nb,briere,7,1.0,3.205,False,,1.1353,1.1443,0.0,0.0082
ECUADOR,ECUADOR,national,2018-11-11,52,7612,nb,briere,7,0.75,0.966,False,106.431,1.366,1.1428,0.6441,0.0378
ECUADOR,ECUADOR,national,2018-11-11,52,7612,nb,loglinear,3,1.0,2.024,False,,1.1184,1.1443,-0.0131,0.0089
ECUADOR,ECUADOR,national,2018-11-11,52,7612,nb,loglinear,3,0.75,0.696,False,127.306,1.1386,1.1428,0.0969,0.0862
ECUADOR,ECUADOR,national,2018-11-11,52,7612,nb,loglinear,5,1.0,2.039,False,,1.1209,1.1443,-0.0163,0.0059
ECUADOR,ECUADOR,national,2018-11-11,52,7612,nb,loglinear,5,0.75,1.282,False,88.091,1.1595,1.1428,0.0503,0.0477
ECUADOR,ECUADOR,national,2018-11-11,52,7612,nb,loglinear,7,1.0,1.97,False,,1.1215,1.1443,-0.0179,0.0054
ECUADOR,ECUADOR,national,2018-11-11,52,7612,nb,loglinear,7,0.75,0.936,False,97.583,1.1688,1.1428,0.0341,0.0387
ECUADOR,ECUADOR,national,2018-11-11,52,7612,poisson,briere,3,1.0,-2.235,True,,1.1316,1.1544,0.0,0.0131
ECUADOR,ECUADOR,national,2018-11-11,52,7612,poisson,briere,3,0.75,-12.465,True,425.982,1.6323,1.1567,1.4254,0.0601
ECUADOR,ECUADOR,national,2018-11-11,52,7612,poisson,briere,5,1.0,-1.534,True,,1.1389,1.1544,0.0,0.0097
ECUADOR,ECUADOR,national,2018-11-11,52,7612,poisson,briere,5,0.75,-17.612,True,439.086,1.4993,1.1567,1.0025,0.0395
ECUADOR,ECUADOR,national,2018-11-11,52,7612,poisson,briere,7,1.0,-0.752,True,,1.1442,1.1544,0.0,0.0074
ECUADOR,ECUADOR,national,2018-11-11,52,7612,poisson,briere,7,0.75,-24.145,True,510.02,1.4422,1.1567,0.8058,0.0337
ECUADOR,ECUADOR,national,2018-11-11,52,7612,poisson,loglinear,3,1.0,-5.071,True,,1.1314,1.1544,-0.0111,0.0063
ECUADOR,ECUADOR,national,2018-11-11,52,7612,poisson,loglinear,3,0.75,-10.942,True,315.453,1.1535,1.1567,0.0709,0.0591
ECUADOR,ECUADOR,national,2018-11-11,52,7612,poisson,loglinear,5,1.0,-6.42,True,,1.1307,1.1544,-0.0122,0.0065
ECUADOR,ECUADOR,national,2018-11-11,52,7612,poisson,loglinear,5,0.75,-17.022,True,365.444,1.1747,1.1567,0.0516,0.0401
ECUADOR,ECUADOR,national,2018-11-11,52,7612,poisson,loglinear,7,1.0,-7.91,True,,1.1303,1.1544,-0.0139,0.0066
ECUADOR,ECUADOR,national,2018-11-11,52,7612,poisson,loglinear,7,0.75,-24.126,True,453.32,1.1861,1.1567,0.0421,0.0346
ECUADOR,ECUADOR,national,2019-11-10,41,14355,nb,briere,3,1.0,2.14,False,,1.1844,1.1746,0.0,-0.0223
ECUADOR,ECUADOR,national,2019-11-10,41,14355,nb,briere,3,0.75,3.154,False,0.189,1.1679,1.1961,0.0,-0.0361
ECUADOR,ECUADOR,national,2019-11-10,41,14355,nb,briere,5,1.0,1.456,False,,1.1735,1.1746,0.0,-0.0272
ECUADOR,ECUADOR,national,2019-11-10,41,14355,nb,briere,5,0.75,0.721,False,71.181,1.0719,1.1961,0.0,-0.097
ECUADOR,ECUADOR,national,2019-11-10,41,14355,nb,briere,7,1.0,1.085,False,,1.1578,1.1746,0.0,-0.0332
ECUADOR,ECUADOR,national,2019-11-10,41,14355,nb,briere,7,0.75,-0.281,True,37.646,1.0973,1.1961,0.1673,-0.0923
ECUADOR,ECUADOR,national,2019-11-10,41,14355,nb,loglinear,3,1.0,1.801,False,,1.2002,1.1746,-0.0261,-0.033
ECUADOR,ECUADOR,national,2019-11-10,41,14355,nb,loglinear,3,0.75,2.257,False,40.498,1.1618,1.1961,-0.0727,-0.101
ECUADOR,ECUADOR,national,2019-11-10,41,14355,nb,loglinear,5,1.0,1.306,False,,1.1796,1.1746,-0.0144,-0.032
ECUADOR,ECUADOR,national,2019-11-10,41,14355,nb,loglinear,5,0.75,0.039,False,67.678,1.076,1.1961,-0.041,-0.1192
ECUADOR,ECUADOR,national,2019-11-10,41,14355,nb,loglinear,7,1.0,1.085,False,,1.1579,1.1746,-0.0002,-0.0332
ECUADOR,ECUADOR,national,2019-11-10,41,14355,nb,loglinear,7,0.75,-0.295,True,40.229,1.0558,1.1961,0.0098,-0.0916
ECUADOR,ECUADOR,national,2019-11-10,41,14355,poisson,briere,3,1.0,-402.032,True,,1.2504,1.2113,0.0,-0.0535
ECUADOR,ECUADOR,national,2019-11-10,41,14355,poisson,briere,3,0.75,-188.847,True,-508.154,1.2363,1.2625,0.0,-0.0682
ECUADOR,ECUADOR,national,2019-11-10,41,14355,poisson,briere,5,1.0,-390.386,True,,1.3248,1.2113,0.3665,-0.0478
ECUADOR,ECUADOR,national,2019-11-10,41,14355,poisson,briere,5,0.75,-200.181,True,1473.339,1.1793,1.2625,0.1153,-0.1045
ECUADOR,ECUADOR,national,2019-11-10,41,14355,poisson,briere,7,1.0,-397.692,True,,1.425,1.2113,0.7844,-0.0492
ECUADOR,ECUADOR,national,2019-11-10,41,14355,poisson,briere,7,0.75,-238.38,True,1718.569,1.376,1.2625,1.0513,-0.1106
ECUADOR,ECUADOR,national,2019-11-10,41,14355,poisson,loglinear,3,1.0,-405.513,True,,1.2564,1.2113,-0.0119,-0.0595
ECUADOR,ECUADOR,national,2019-11-10,41,14355,poisson,loglinear,3,0.75,-210.237,True,590.084,1.2335,1.2625,-0.0451,-0.1094
ECUADOR,ECUADOR,national,2019-11-10,41,14355,poisson,loglinear,5,1.0,-389.871,True,,1.2136,1.2113,0.0179,-0.0478
ECUADOR,ECUADOR,national,2019-11-10,41,14355,poisson,loglinear,5,0.75,-200.006,True,1545.228,1.1477,1.2625,0.0053,-0.1051
ECUADOR,ECUADOR,national,2019-11-10,41,14355,poisson,loglinear,7,1.0,-396.988,True,,1.1812,1.2113,0.0387,-0.0489
ECUADOR,ECUADOR,national,2019-11-10,41,14355,poisson,loglinear,7,0.75,-237.467,True,2902.831,1.0797,1.2625,0.0534,-0.1093
ECUADOR,ORELLANA,admin1,2019-12-29,36,452,nb,briere,3,1.0,-1.326,True,,1.8086,1.2019,0.6992,0.1828
ECUADOR,ORELLANA,admin1,2019-12-29,36,452,nb,briere,3,0.75,-0.678,True,17.407,3.3534,1.1562,2.4927,0.2448
ECUADOR,ORELLANA,admin1,2019-12-29,36,452,nb,briere,5,1.0,3.732,False,,1.2372,1.2019,0.0,0.0287
ECUADOR,ORELLANA,admin1,2019-12-29,36,452,nb,briere,5,0.75,2.515,False,38.952,1.6081,1.1562,0.8634,0.0919
ECUADOR,ORELLANA,admin1,2019-12-29,36,452,nb,briere,7,1.0,3.886,False,,1.1903,1.2019,0.0,-0.013
ECUADOR,ORELLANA,admin1,2019-12-29,36,452,nb,briere,7,0.75,3.882,False,7.184,1.1676,1.1562,0.0346,0.0218
ECUADOR,ORELLANA,admin1,2019-12-29,36,452,nb,loglinear,3,1.0,-1.297,True,,1.3203,1.2019,0.0601,0.1793
ECUADOR,ORELLANA,admin1,2019-12-29,36,452,nb,loglinear,3,0.75,-0.74,True,21.966,1.0934,1.1562,0.2106,0.2382
ECUADOR,ORELLANA,admin1,2019-12-29,36,452,nb,loglinear,5,1.0,2.201,False,,1.297,1.2019,-0.0579,0.027
ECUADOR,ORELLANA,admin1,2019-12-29,36,452,nb,loglinear,5,0.75,2.413,False,40.678,1.0908,1.1562,0.0751,0.0909
ECUADOR,ORELLANA,admin1,2019-12-29,36,452,nb,loglinear,7,1.0,2.429,False,,1.2739,1.2019,-0.0621,0.0057
ECUADOR,ORELLANA,admin1,2019-12-29,36,452,nb,loglinear,7,0.75,3.852,False,16.936,1.1044,1.1562,0.0257,0.0273
ECUADOR,ORELLANA,admin1,2019-12-29,36,452,poisson,briere,3,1.0,-15.258,True,,2.1355,1.1951,1.0725,0.2076
ECUADOR,ORELLANA,admin1,2019-12-29,36,452,poisson,briere,3,0.75,-15.496,True,65.993,3.5168,1.1519,2.5908,0.2533
ECUADOR,ORELLANA,admin1,2019-12-29,36,452,poisson,briere,5,1.0,2.058,False,,1.2551,1.1951,0.0,0.043
ECUADOR,ORELLANA,admin1,2019-12-29,36,452,poisson,briere,5,0.75,-2.922,True,194.902,1.7016,1.1519,0.9733,0.1039
ECUADOR,ORELLANA,admin1,2019-12-29,36,452,poisson,briere,7,1.0,3.777,False,,1.1846,1.1951,0.0,-0.0106
ECUADOR,ORELLANA,admin1,2019-12-29,36,452,poisson,briere,7,0.75,3.405,False,28.129,1.1733,1.1519,0.0501,0.0262
ECUADOR,ORELLANA,admin1,2019-12-29,36,452,poisson,loglinear,3,1.0,-15.108,True,,1.3179,1.1951,0.0918,0.2016
ECUADOR,ORELLANA,admin1,2019-12-29,36,452,poisson,loglinear,3,0.75,-15.572,True,87.826,1.0964,1.1519,0.216,0.2427
ECUADOR,ORELLANA,admin1,2019-12-29,36,452,poisson,loglinear,5,1.0,-0.001,True,,1.2961,1.1951,-0.0403,0.0387
ECUADOR,ORELLANA,admin1,2019-12-29,36,452,poisson,loglinear,5,0.75,-3.342,True,207.43,1.0984,1.1519,0.0845,0.1025
ECUADOR,ORELLANA,admin1,2019-12-29,36,452,poisson,loglinear,7,1.0,1.649,False,,1.2473,1.1951,-0.044,0.0004
ECUADOR,ORELLANA,admin1,2019-12-29,36,452,poisson,loglinear,7,0.75,3.261,False,69.255,1.1005,1.1519,0.0276,0.0315
ECUADOR,ECUADOR,national,2023-11-12,59,64930,nb,briere,3,1.0,-4.394,True,,1.0236,1.0902,0.0,0.0473
ECUADOR,ECUADOR,national,2023-11-12,59,64930,nb,briere,3,0.75,-4.376,True,57.265,1.0776,1.1493,0.0,0.0535
ECUADOR,ECUADOR,national,2023-11-12,59,64930,nb,briere,5,1.0,2.233,False,,1.0622,1.0902,0.0,0.0208
ECUADOR,ECUADOR,national,2023-11-12,59,64930,nb,briere,5,0.75,-1.767,True,115.352,1.1081,1.1493,0.0,0.039
ECUADOR,ECUADOR,national,2023-11-12,59,64930,nb,briere,7,1.0,3.993,False,,1.0916,1.0902,0.0,-0.0012
ECUADOR,ECUADOR,national,2023-11-12,59,64930,nb,briere,7,0.75,0.07,False,149.987,1.1281,1.1493,0.0,0.0298
ECUADOR,ECUADOR,national,2023-11-12,59,64930,nb,loglinear,3,1.0,-19.148,True,,1.0663,1.0902,-0.079,0.0508
ECUADOR,ECUADOR,national,2023-11-12,59,64930,nb,loglinear,3,0.75,-5.01,True,-26.993,1.0764,1.1493,-0.0216,0.0529
ECUADOR,ECUADOR,national,2023-11-12,59,64930,nb,loglinear,5,1.0,-19.262,True,,1.0881,1.0902,-0.0999,0.0488
ECUADOR,ECUADOR,national,2023-11-12,59,64930,nb,loglinear,5,0.75,-4.539,True,-58.471,1.0953,1.1493,-0.0458,0.0477
ECUADOR,ECUADOR,national,2023-11-12,59,64930,nb,loglinear,7,1.0,-20.15,True,,1.104,1.0902,-0.1245,0.0542
ECUADOR,ECUADOR,national,2023-11-12,59,64930,nb,loglinear,7,0.75,-5.324,True,-76.374,1.1054,1.1493,-0.0711,0.0528
ECUADOR,ECUADOR,national,2023-11-12,59,64930,poisson,briere,3,1.0,-617.018,True,,1.0602,1.1219,0.0,0.0383
ECUADOR,ECUADOR,national,2023-11-12,59,64930,poisson,briere,3,0.75,-135.74,True,-477.979,1.1513,1.1865,0.0,0.0196
ECUADOR,ECUADOR,national,2023-11-12,59,64930,poisson,briere,5,1.0,-19.047,True,,1.1118,1.1219,0.0,0.0065
ECUADOR,ECUADOR,national,2023-11-12,59,64930,poisson,briere,5,0.75,-34.764,True,281.934,1.1728,1.1865,0.0,0.0087
ECUADOR,ECUADOR,national,2023-11-12,59,64930,poisson,briere,7,1.0,-154.715,True,,1.1435,1.1219,0.0,-0.0151
ECUADOR,ECUADOR,national,2023-11-12,59,64930,poisson,briere,7,0.75,-3.457,True,333.546,1.1824,1.1865,0.0,0.0034
ECUADOR,ECUADOR,national,2023-11-12,59,64930,poisson,loglinear,3,1.0,-2281.303,True,,1.1116,1.1219,-0.062,0.0277
ECUADOR,ECUADOR,national,2023-11-12,59,64930,poisson,loglinear,3,0.75,-185.814,True,-2774.763,1.1521,1.1865,-0.0133,0.0181
ECUADOR,ECUADOR,national,2023-11-12,59,64930,poisson,loglinear,5,1.0,-2312.028,True,,1.1233,1.1219,-0.0756,0.0267
ECUADOR,ECUADOR,national,2023-11-12,59,64930,poisson,loglinear,5,0.75,-157.279,True,-3362.679,1.1619,1.1865,-0.0217,0.0138
ECUADOR,ECUADOR,national,2023-11-12,59,64930,poisson,loglinear,7,1.0,-2391.575,True,,1.1294,1.1219,-0.0931,0.0326
ECUADOR,ECUADOR,national,2023-11-12,59,64930,poisson,loglinear,7,0.75,-175.741,True,-3871.478,1.1627,1.1865,-0.0312,0.0164
EL SALVADOR,EL SALVADOR,national,2014-03-16,41,48977,nb,briere,3,1.0,-12.653,True,,1.8467,1.2229,2.2024,0.038
EL SALVADOR,EL SALVADOR,national,2014-03-16,41,48977,nb,briere,3,0.75,2.228,False,-36.838,1.3835,1.1053,1.0083,0.0246
EL SALVADOR,EL SALVADOR,national,2014-03-16,41,48977,nb,briere,5,1.0,-11.865,True,,1.7666,1.2229,2.057,0.0119
EL SALVADOR,EL SALVADOR,national,2014-03-16,41,48977,nb,briere,5,0.75,1.514,False,-35.162,1.2842,1.1053,0.0,0.1287
EL SALVADOR,EL SALVADOR,national,2014-03-16,41,48977,nb,briere,7,1.0,-11.794,True,,1.7479,1.2229,2.0144,0.0077
EL SALVADOR,EL SALVADOR,national,2014-03-16,41,48977,nb,briere,7,0.75,-0.624,True,-38.982,1.3342,1.1053,0.0,0.1584
EL SALVADOR,EL SALVADOR,national,2014-03-16,41,48977,nb,loglinear,3,1.0,-11.36,True,,1.0672,1.2229,0.1632,0.0688
EL SALVADOR,EL SALVADOR,national,2014-03-16,41,48977,nb,loglinear,3,0.75,2.531,False,-7.365,1.1023,1.1053,0.0591,0.034
EL SALVADOR,EL SALVADOR,national,2014-03-16,41,48977,nb,loglinear,5,1.0,-10.598,True,,0.9878,1.2229,0.1739,0.0028
EL SALVADOR,EL SALVADOR,national,2014-03-16,41,48977,nb,loglinear,5,0.75,-6.293,True,2918.832,1.7875,1.1053,-0.3241,0.3585
EL SALVADOR,EL SALVADOR,national,2014-03-16,41,48977,nb,loglinear,7,1.0,-10.595,True,,0.9886,1.2229,0.1694,-0.0021
EL SALVADOR,EL SALVADOR,national,2014-03-16,41,48977,nb,loglinear,7,0.75,-8.507,True,95.894,1.717,1.1053,-0.2677,0.307
EL SALVADOR,EL SALVADOR,national,2014-03-16,41,48977,poisson,briere,3,1.0,-1704.311,True,,1.6331,1.2562,1.6697,-0.0397
EL SALVADOR,EL SALVADOR,national,2014-03-16,41,48977,poisson,briere,3,0.75,-608.55,True,-2863.463,1.3997,1.1903,1.0123,-0.0376
EL SALVADOR,EL SALVADOR,national,2014-03-16,41,48977,poisson,briere,5,1.0,-1872.987,True,,1.6062,1.2562,1.6216,-0.048
EL SALVADOR,EL SALVADOR,national,2014-03-16,41,48977,poisson,briere,5,0.75,-550.718,True,-3834.563,1.455,1.1903,1.187,-0.0284
EL SALVADOR,EL SALVADOR,national,2014-03-16,41,48977,poisson,briere,7,1.0,-1628.029,True,,1.6625,1.2562,1.7661,-0.0281
EL SALVADOR,EL SALVADOR,national,2014-03-16,41,48977,poisson,briere,7,0.75,-954.669,True,-1236.381,1.3148,1.1903,0.0,0.1163
EL SALVADOR,EL SALVADOR,national,2014-03-16,41,48977,poisson,loglinear,3,1.0,-1527.534,True,,1.0207,1.2562,0.1403,-0.0478
EL SALVADOR,EL SALVADOR,national,2014-03-16,41,48977,poisson,loglinear,3,0.75,-563.301,True,6482.962,1.0879,1.1903,0.068,-0.0423
EL SALVADOR,EL SALVADOR,national,2014-03-16,41,48977,poisson,loglinear,5,1.0,-1747.698,True,,1.0167,1.2562,0.1367,-0.0557
EL SALVADOR,EL SALVADOR,national,2014-03-16,41,48977,poisson,loglinear,5,0.75,-320.031,True,4966.395,1.7618,1.1903,-0.3113,0.346
EL SALVADOR,EL SALVADOR,national,2014-03-16,41,48977,poisson,loglinear,7,1.0,-1442.315,True,,1.0096,1.2562,0.1485,-0.0365
EL SALVADOR,EL SALVADOR,national,2014-03-16,41,48977,poisson,loglinear,7,0.75,-2006.873,True,-3485.181,1.65,1.1903,-0.2249,0.2641
EL SALVADOR,EL SALVADOR,national,2019-04-14,39,25443,nb,briere,3,1.0,-2.345,True,,1.697,1.2839,1.2732,0.0185
EL SALVADOR,EL SALVADOR,national,2019-04-14,39,25443,nb,briere,3,0.75,-9.882,True,124.953,1.2602,1.2719,0.0,0.1487
EL SALVADOR,EL SALVADOR,national,2019-04-14,39,25443,nb,briere,5,1.0,-2.075,True,,1.7,1.2839,1.248,0.0154
EL SALVADOR,EL SALVADOR,national,2019-04-14,39,25443,nb,briere,5,0.75,-5.773,True,38.443,1.3084,1.2719,0.0,0.0932
EL SALVADOR,EL SALVADOR,national,2019-04-14,39,25443,nb,briere,7,1.0,-1.786,True,,1.8685,1.2839,1.6835,-0.0053
EL SALVADOR,EL SALVADOR,national,2019-04-14,39,25443,nb,briere,7,0.75,-1.02,True,-3.299,1.636,1.2719,1.0118,0.025
EL SALVADOR,EL SALVADOR,national,2019-04-14,39,25443,nb,loglinear,3,1.0,-2.562,True,,1.1882,1.2839,0.0824,0.0186
EL SALVADOR,EL SALVADOR,national,2019-04-14,39,25443,nb,loglinear,3,0.75,-11.378,True,271.156,1.3101,1.2719,-0.1037,0.2338
EL SALVADOR,EL SALVADOR,national,2019-04-14,39,25443,nb,loglinear,5,1.0,-2.278,True,,1.1985,1.2839,0.081,0.0153
EL SALVADOR,EL SALVADOR,national,2019-04-14,39,25443,nb,loglinear,5,0.75,-6.421,True,62.338,1.3609,1.2719,-0.0676,0.1304
EL SALVADOR,EL SALVADOR,national,2019-04-14,39,25443,nb,loglinear,7,1.0,-1.983,True,,1.1685,1.2839,0.107,-0.0047
EL SALVADOR,EL SALVADOR,national,2019-04-14,39,25443,nb,loglinear,7,0.75,-1.169,True,4.639,1.2497,1.2719,0.0686,0.0224
EL SALVADOR,EL SALVADOR,national,2019-04-14,39,25443,poisson,briere,3,1.0,-42.438,True,,1.4377,1.3104,0.4632,0.0197
EL SALVADOR,EL SALVADOR,national,2019-04-14,39,25443,poisson,briere,3,0.75,-176.532,True,512.227,1.2735,1.3129,0.0,0.1103
EL SALVADOR,EL SALVADOR,national,2019-04-14,39,25443,poisson,briere,5,1.0,-36.425,True,,1.4341,1.3104,0.4227,0.0143
EL SALVADOR,EL SALVADOR,national,2019-04-14,39,25443,poisson,briere,5,0.75,-83.895,True,139.228,1.311,1.3129,0.0,0.0517
EL SALVADOR,EL SALVADOR,national,2019-04-14,39,25443,poisson,briere,7,1.0,-52.524,True,,1.6608,1.3104,1.1112,-0.0275
EL SALVADOR,EL SALVADOR,national,2019-04-14,39,25443,poisson,briere,7,0.75,-38.994,True,4.213,1.6487,1.3129,1.1038,-0.0301
EL SALVADOR,EL SALVADOR,national,2019-04-14,39,25443,poisson,loglinear,3,1.0,-46.564,True,,1.2601,1.3104,0.0326,0.0189
EL SALVADOR,EL SALVADOR,national,2019-04-14,39,25443,poisson,loglinear,3,0.75,-236.366,True,1049.144,1.3195,1.3129,-0.0962,0.1981
EL SALVADOR,EL SALVADOR,national,2019-04-14,39,25443,poisson,loglinear,5,1.0,-40.178,True,,1.2701,1.3104,0.031,0.0127
EL SALVADOR,EL SALVADOR,national,2019-04-14,39,25443,poisson,loglinear,5,0.75,-97.254,True,199.017,1.3487,1.3129,-0.0464,0.0806
EL SALVADOR,EL SALVADOR,national,2019-04-14,39,25443,poisson,loglinear,7,1.0,-59.515,True,,1.2134,1.3104,0.0742,-0.0285
EL SALVADOR,EL SALVADOR,national,2019-04-14,39,25443,poisson,loglinear,7,0.75,-46.678,True,-14.129,1.2279,1.3129,0.0753,-0.0332
EL SALVADOR,EL SALVADOR,national,2021-12-12,55,16968,nb,briere,3,1.0,-12.045,True,,1.6405,1.1635,1.1654,-0.0018
EL SALVADOR,EL SALVADOR,national,2021-12-12,55,16968,nb,briere,3,0.75,-8.549,True,22.837,1.9057,1.1313,1.408,0.0509
EL SALVADOR,EL SALVADOR,national,2021-12-12,55,16968,nb,briere,5,1.0,-12.311,True,,1.6251,1.1635,1.2002,-0.0172
EL SALVADOR,EL SALVADOR,national,2021-12-12,55,16968,nb,briere,5,0.75,-8.011,True,-22.516,1.7329,1.1313,1.3122,0.0021
EL SALVADOR,EL SALVADOR,national,2021-12-12,55,16968,nb,briere,7,1.0,-12.736,True,,1.5427,1.1635,1.1273,-0.0352
EL SALVADOR,EL SALVADOR,national,2021-12-12,55,16968,nb,briere,7,0.75,-8.343,True,-24.543,1.5991,1.1313,1.212,-0.0302
EL SALVADOR,EL SALVADOR,national,2021-12-12,55,16968,nb,loglinear,3,1.0,-11.892,True,,1.1135,1.1635,0.0733,0.0001
EL SALVADOR,EL SALVADOR,national,2021-12-12,55,16968,nb,loglinear,3,0.75,-8.195,True,70.675,1.2076,1.1313,0.0922,0.0512
EL SALVADOR,EL SALVADOR,national,2021-12-12,55,16968,nb,loglinear,5,1.0,-12.095,True,,1.0912,1.1635,0.0756,-0.0149
EL SALVADOR,EL SALVADOR,national,2021-12-12,55,16968,nb,loglinear,5,0.75,-7.669,True,-17.16,1.1295,1.1313,0.0854,0.0006
EL SALVADOR,EL SALVADOR,national,2021-12-12,55,16968,nb,loglinear,7,1.0,-12.533,True,,1.0598,1.1635,0.0713,-0.0341
EL SALVADOR,EL SALVADOR,national,2021-12-12,55,16968,nb,loglinear,7,0.75,-8.037,True,-24.609,1.0765,1.1313,0.0786,-0.0317
EL SALVADOR,EL SALVADOR,national,2021-12-12,55,16968,poisson,briere,3,1.0,-156.056,True,,1.4575,1.1819,0.6794,0.0126
EL SALVADOR,EL SALVADOR,national,2021-12-12,55,16968,poisson,briere,3,0.75,-144.925,True,104.512,1.5815,1.1716,0.8127,0.0411
EL SALVADOR,EL SALVADOR,national,2021-12-12,55,16968,poisson,briere,5,1.0,-146.931,True,,1.4471,1.1819,0.7109,-0.0017
EL SALVADOR,EL SALVADOR,national,2021-12-12,55,16968,poisson,briere,5,0.75,-123.319,True,-67.191,1.4188,1.1716,0.6887,-0.0101
EL SALVADOR,EL SALVADOR,national,2021-12-12,55,16968,poisson,briere,7,1.0,-160.098,True,,1.3953,1.1819,0.7009,-0.0236
EL SALVADOR,EL SALVADOR,national,2021-12-12,55,16968,poisson,briere,7,0.75,-140.917,True,-65.902,1.3698,1.1716,0.6725,-0.0293
EL SALVADOR,EL SALVADOR,national,2021-12-12,55,16968,poisson,loglinear,3,1.0,-152.219,True,,1.163,1.1819,0.0421,0.0134
EL SALVADOR,EL SALVADOR,national,2021-12-12,55,16968,poisson,loglinear,3,0.75,-139.143,True,237.491,1.2152,1.1716,0.0525,0.0408
EL SALVADOR,EL SALVADOR,national,2021-12-12,55,16968,poisson,loglinear,5,1.0,-141.708,True,,1.1428,1.1819,0.0439,-0.001
EL SALVADOR,EL SALVADOR,national,2021-12-12,55,16968,poisson,loglinear,5,0.75,-118.489,True,-72.891,1.1336,1.1716,0.0442,-0.011
EL SALVADOR,EL SALVADOR,national,2021-12-12,55,16968,poisson,loglinear,7,1.0,-155.122,True,,1.1039,1.1819,0.0434,-0.0239
EL SALVADOR,EL SALVADOR,national,2021-12-12,55,16968,poisson,loglinear,7,0.75,-136.614,True,-69.615,1.1006,1.1716,0.0433,-0.0298
EL SALVADOR,EL SALVADOR,national,2023-01-01,45,5195,nb,briere,3,1.0,2.753,False,,1.2555,1.0426,0.5922,0.0245
EL SALVADOR,EL SALVADOR,national,2023-01-01,45,5195,nb,briere,3,0.75,1.871,False,37.77,1.9794,1.0214,1.6938,0.1217
EL SALVADOR,EL SALVADOR,national,2023-01-01,45,5195,nb,briere,5,1.0,2.607,False,,1.0674,1.0426,0.2819,-0.0234
EL SALVADOR,EL SALVADOR,national,2023-01-01,45,5195,nb,briere,5,0.75,2.216,False,2.035,1.2325,1.0214,0.7481,-0.0221
EL SALVADOR,EL SALVADOR,national,2023-01-01,45,5195,nb,briere,7,1.0,2.332,False,,1.036,1.0426,0.1502,-0.0278
EL SALVADOR,EL SALVADOR,national,2023-01-01,45,5195,nb,briere,7,0.75,2.125,False,4.647,1.14,1.0214,0.48,-0.038
EL SALVADOR,EL SALVADOR,national,2023-01-01,45,5195,nb,loglinear,3,1.0,2.878,False,,1.0757,1.0426,0.0411,0.0204
EL SALVADOR,EL SALVADOR,national,2023-01-01,45,5195,nb,loglinear,3,0.75,2.175,False,32.573,1.2592,1.0214,0.1199,0.0961
EL SALVADOR,EL SALVADOR,national,2023-01-01,45,5195,nb,loglinear,5,1.0,2.669,False,,0.9962,1.0426,0.0194,-0.0232
EL SALVADOR,EL SALVADOR,national,2023-01-01,45,5195,nb,loglinear,5,0.75,2.332,False,-1.286,0.9861,1.0214,0.0397,-0.0421
EL SALVADOR,EL SALVADOR,national,2023-01-01,45,5195,nb,loglinear,7,1.0,2.365,False,,0.9989,1.0426,0.0093,-0.0279
EL SALVADOR,EL SALVADOR,national,2023-01-01,45,5195,nb,loglinear,7,0.75,2.192,False,2.849,0.9902,1.0214,0.019,-0.053
EL SALVADOR,EL SALVADOR,national,2023-01-01,45,5195,poisson,briere,3,1.0,-0.151,True,,1.1639,1.0617,0.2797,0.0159
EL SALVADOR,EL SALVADOR,national,2023-01-01,45,5195,poisson,briere,3,0.75,-9.239,True,83.434,1.4377,1.0538,0.9036,0.0415
EL SALVADOR,EL SALVADOR,national,2023-01-01,45,5195,poisson,briere,5,1.0,-6.971,True,,1.005,1.0617,0.0,-0.0292
EL SALVADOR,EL SALVADOR,national,2023-01-01,45,5195,poisson,briere,5,0.75,-11.766,True,2.909,1.0352,1.0538,0.1726,-0.0429
EL SALVADOR,EL SALVADOR,national,2023-01-01,45,5195,poisson,briere,7,1.0,-11.383,True,,1.0078,1.0617,0.0,-0.03
EL SALVADOR,EL SALVADOR,national,2023-01-01,45,5195,poisson,briere,7,0.75,-13.696,True,34.926,1.0042,1.0538,0.0,-0.0474
EL SALVADOR,EL SALVADOR,national,2023-01-01,45,5195,poisson,loglinear,3,1.0,0.454,False,,1.0811,1.0617,0.0187,0.0132
EL SALVADOR,EL SALVADOR,national,2023-01-01,45,5195,poisson,loglinear,3,0.75,-7.446,True,43.807,1.1199,1.0538,0.0589,0.0248
EL SALVADOR,EL SALVADOR,national,2023-01-01,45,5195,poisson,loglinear,5,1.0,-7.372,True,,1.0072,1.0617,-0.0051,-0.0297
EL SALVADOR,EL SALVADOR,national,2023-01-01,45,5195,poisson,loglinear,5,0.75,-11.454,True,-1.947,0.9934,1.0538,0.0123,-0.0426
EL SALVADOR,EL SALVADOR,national,2023-01-01,45,5195,poisson,loglinear,7,1.0,-15.328,True,,1.0105,1.0617,-0.0169,-0.0346
EL SALVADOR,EL SALVADOR,national,2023-01-01,45,5195,poisson,loglinear,7,0.75,-13.977,True,37.267,0.9937,1.0538,-0.0104,-0.0544
FRENCH GUIANA,FRENCH GUIANA,national,2020-01-05,50,8734,nb,briere,3,1.0,-5.609,True,,5.1187,1.1427,4.6076,0.0627
FRENCH GUIANA,FRENCH GUIANA,national,2020-01-05,50,8734,nb,briere,3,0.75,-9.447,True,4.486,12.1086,1.1613,7.2933,0.0954
FRENCH GUIANA,FRENCH GUIANA,national,2020-01-05,50,8734,nb,briere,5,1.0,-0.221,True,,3.2153,1.1427,3.1361,0.0308
FRENCH GUIANA,FRENCH GUIANA,national,2020-01-05,50,8734,nb,briere,5,0.75,-3.759,True,8.648,25.0541,1.1613,9.4477,0.1353
FRENCH GUIANA,FRENCH GUIANA,national,2020-01-05,50,8734,nb,briere,7,1.0,0.066,False,,1.3981,1.1427,0.6016,-0.0227
FRENCH GUIANA,FRENCH GUIANA,national,2020-01-05,50,8734,nb,briere,7,0.75,-1.071,True,32.218,1.0937,1.1613,0.0,-0.0771
FRENCH GUIANA,FRENCH GUIANA,national,2020-01-05,50,8734,nb,loglinear,3,1.0,-5.374,True,,1.1924,1.1427,0.1495,0.0618
FRENCH GUIANA,FRENCH GUIANA,national,2020-01-05,50,8734,nb,loglinear,3,0.75,-9.398,True,3.938,1.1392,1.1613,0.1947,0.0961
FRENCH GUIANA,FRENCH GUIANA,national,2020-01-05,50,8734,nb,loglinear,5,1.0,-0.035,True,,1.1916,1.1427,0.0994,0.0289
FRENCH GUIANA,FRENCH GUIANA,national,2020-01-05,50,8734,nb,loglinear,5,0.75,-3.474,True,9.858,1.1725,1.1613,0.247,0.1327
FRENCH GUIANA,FRENCH GUIANA,national,2020-01-05,50,8734,nb,loglinear,7,1.0,0.1,False,,1.1545,1.1427,0.0173,-0.0239
FRENCH GUIANA,FRENCH GUIANA,national,2020-01-05,50,8734,nb,loglinear,7,0.75,-1.074,True,33.335,1.0924,1.1613,-0.0037,-0.0795
FRENCH GUIANA,FRENCH GUIANA,national,2020-01-05,50,8734,poisson,briere,3,1.0,-244.902,True,,4.8432,1.1657,4.4033,0.0577
FRENCH GUIANA,FRENCH GUIANA,national,2020-01-05,50,8734,poisson,briere,3,0.75,-243.176,True,-54.445,9.025,1.1977,6.3588,0.0803
FRENCH GUIANA,FRENCH GUIANA,national,2020-01-05,50,8734,poisson,briere,5,1.0,-120.318,True,,3.0356,1.1657,2.908,0.0245
FRENCH GUIANA,FRENCH GUIANA,national,2020-01-05,50,8734,poisson,briere,5,0.75,-102.566,True,-111.31,10.0095,1.1977,6.5734,0.0882
FRENCH GUIANA,FRENCH GUIANA,national,2020-01-05,50,8734,poisson,briere,7,1.0,-156.836,True,,1.1636,1.1657,0.0,-0.0386
FRENCH GUIANA,FRENCH GUIANA,national,2020-01-05,50,8734,poisson,briere,7,0.75,-80.259,True,-140.415,1.1428,1.1977,0.0,-0.0535
FRENCH GUIANA,FRENCH GUIANA,national,2020-01-05,50,8734,poisson,loglinear,3,1.0,-238.935,True,,1.2039,1.1657,0.1424,0.0562
FRENCH GUIANA,FRENCH GUIANA,national,2020-01-05,50,8734,poisson,loglinear,3,0.75,-241.793,True,-79.959,1.1496,1.1977,0.1699,0.0809
FRENCH GUIANA,FRENCH GUIANA,national,2020-01-05,50,8734,poisson,loglinear,5,1.0,-117.586,True,,1.2094,1.1657,0.0919,0.0222
FRENCH GUIANA,FRENCH GUIANA,national,2020-01-05,50,8734,poisson,loglinear,5,0.75,-96.363,True,-125.131,1.1899,1.1977,0.1683,0.0846
FRENCH GUIANA,FRENCH GUIANA,national,2020-01-05,50,8734,poisson,loglinear,7,1.0,-158.014,True,,1.1568,1.1657,-0.0116,-0.0445
FRENCH GUIANA,FRENCH GUIANA,national,2020-01-05,50,8734,poisson,loglinear,7,0.75,-85.341,True,-103.915,1.1335,1.1977,-0.0273,-0.0705
GRENADA,GRENADA,national,2018-03-18,39,366,nb,briere,3,1.0,2.521,False,,1.0837,1.225,0.0,-0.0977
GRENADA,GRENADA,national,2018-03-18,39,366,nb,briere,3,0.75,0.158,False,5.052,0.928,1.2268,0.0,-0.2179
GRENADA,GRENADA,national,2018-03-18,39,366,nb,briere,5,1.0,-3.355,True,,1.0071,1.225,0.0,-0.1713
GRENADA,GRENADA,national,2018-03-18,39,366,nb,briere,5,0.75,-5.022,True,3.13,0.9603,1.2268,0.0,-0.224
GRENADA,GRENADA,national,2018-03-18,39,366,nb,briere,7,1.0,-3.259,True,,1.0599,1.225,0.0,-0.1361
GRENADA,GRENADA,national,2018-03-18,39,366,nb,briere,7,0.75,-8.8,True,120.694,12.9377,1.2268,8.6754,-0.0408
GRENADA,GRENADA,national,2018-03-18,39,366,nb,loglinear,3,1.0,1.196,False,,0.9742,1.225,-0.0599,-0.1223
GRENADA,GRENADA,national,2018-03-18,39,366,nb,loglinear,3,0.75,-0.259,True,2.736,0.9543,1.2268,-0.0352,-0.1738
GRENADA,GRENADA,national,2018-03-18,39,366,nb,loglinear,5,1.0,-4.462,True,,0.9598,1.225,-0.0483,-0.1659
GRENADA,GRENADA,national,2018-03-18,39,366,nb,loglinear,5,0.75,-5.312,True,1.796,0.9404,1.2268,-0.032,-0.2143
GRENADA,GRENADA,national,2018-03-18,39,366,nb,loglinear,7,1.0,-3.55,True,,0.9874,1.225,-0.0496,-0.1469
GRENADA,GRENADA,national,2018-03-18,39,366,nb,loglinear,7,0.75,-8.717,True,130.397,1.5315,1.2268,0.3646,-0.0444
GRENADA,GRENADA,national,2018-03-18,39,366,poisson,briere,3,1.0,3.132,False,,1.1594,1.2404,0.0,-0.0577
GRENADA,GRENADA,national,2018-03-18,39,366,poisson,briere,3,0.75,1.555,False,2.805,1.0541,1.25,0.0,-0.1378
GRENADA,GRENADA,national,2018-03-18,39,366,poisson,briere,5,1.0,-4.679,True,,1.0431,1.2404,0.0,-0.1505
GRENADA,GRENADA,national,2018-03-18,39,366,poisson,briere,5,0.75,-15.766,True,136.531,16.0989,1.25,9.6549,-0.1002
GRENADA,GRENADA,national,2018-03-18,39,366,poisson,briere,7,1.0,-5.312,True,,1.0892,1.2404,0.0,-0.1183
GRENADA,GRENADA,national,2018-03-18,39,366,poisson,briere,7,0.75,-11.933,True,113.808,10.7329,1.25,7.9526,-0.0314
GRENADA,GRENADA,national,2018-03-18,39,366,poisson,loglinear,3,1.0,1.172,False,,0.9848,1.2404,-0.0777,-0.1121
GRENADA,GRENADA,national,2018-03-18,39,366,poisson,loglinear,3,0.75,-21.743,True,351.864,1.5198,1.25,0.5712,-0.2161
GRENADA,GRENADA,national,2018-03-18,39,366,poisson,loglinear,5,1.0,-6.7,True,,0.9681,1.2404,-0.0614,-0.1525
GRENADA,GRENADA,national,2018-03-18,39,366,poisson,loglinear,5,0.75,-7.015,True,1.726,0.9628,1.25,-0.0514,-0.178
GRENADA,GRENADA,national,2018-03-18,39,366,poisson,loglinear,7,1.0,-5.823,True,,1.0162,1.2404,-0.0521,-0.1271
GRENADA,GRENADA,national,2018-03-18,39,366,poisson,loglinear,7,0.75,-11.796,True,118.883,1.5201,1.25,0.3354,-0.0342
GUADELOUPE,GUADELOUPE,national,2019-11-03,34,7694,nb,briere,3,1.0,3.893,False,,1.0662,0.9528,0.3622,0.0063
GUADELOUPE,GUADELOUPE,national,2019-11-03,34,7694,nb,briere,3,0.75,3.563,False,8.405,0.911,1.0565,0.0,0.0777
GUADELOUPE,GUADELOUPE,national,2019-11-03,34,7694,nb,briere,5,1.0,3.848,False,,1.1001,0.9528,0.46,0.0155
GUADELOUPE,GUADELOUPE,national,2019-11-03,34,7694,nb,briere,5,0.75,3.273,False,15.711,0.908,1.0565,0.0,0.113
GUADELOUPE,GUADELOUPE,national,2019-11-03,34,7694,nb,briere,7,1.0,3.828,False,,1.1065,0.9528,0.4768,0.019
GUADELOUPE,GUADELOUPE,national,2019-11-03,34,7694,nb,briere,7,0.75,3.333,False,12.349,0.9136,1.0565,0.0,0.1142
GUADELOUPE,GUADELOUPE,national,2019-11-03,34,7694,nb,loglinear,3,1.0,3.904,False,,0.9604,0.9528,0.0211,0.0062
GUADELOUPE,GUADELOUPE,national,2019-11-03,34,7694,nb,loglinear,3,0.75,2.391,False,42.349,0.8309,1.0565,-0.1533,0.1643
GUADELOUPE,GUADELOUPE,national,2019-11-03,34,7694,nb,loglinear,5,1.0,3.861,False,,0.9634,0.9528,0.0271,0.0154
GUADELOUPE,GUADELOUPE,national,2019-11-03,34,7694,nb,loglinear,5,0.75,2.866,False,36.764,0.9229,1.0565,-0.0798,0.1258
GUADELOUPE,GUADELOUPE,national,2019-11-03,34,7694,nb,loglinear,7,1.0,3.841,False,,0.9644,0.9528,0.0282,0.019
GUADELOUPE,GUADELOUPE,national,2019-11-03,34,7694,nb,loglinear,7,0.75,2.864,False,34.603,0.9176,1.0565,-0.0842,0.1419
GUADELOUPE,GUADELOUPE,national,2019-11-03,34,7694,poisson,briere,3,1.0,-49.139,True,,1.0782,1.0111,0.3667,0.0405
GUADELOUPE,GUADELOUPE,national,2019-11-03,34,7694,poisson,briere,3,0.75,-154.235,True,625.59,0.9114,1.1146,0.0,0.1258
GUADELOUPE,GUADELOUPE,national,2019-11-03,34,7694,poisson,briere,5,1.0,-13.881,True,,1.0682,1.0111,0.3341,0.034
GUADELOUPE,GUADELOUPE,national,2019-11-03,34,7694,poisson,briere,5,0.75,-37.157,True,286.713,0.9237,1.1146,0.0,0.1137
GUADELOUPE,GUADELOUPE,national,2019-11-03,34,7694,poisson,briere,7,1.0,-48.781,True,,1.1147,1.0111,0.4628,0.0538
GUADELOUPE,GUADELOUPE,national,2019-11-03,34,7694,poisson,briere,7,0.75,-131.943,True,652.602,0.9177,1.1146,0.0,0.165
GUADELOUPE,GUADELOUPE,national,2019-11-03,34,7694,poisson,loglinear,3,1.0,-47.824,True,,0.9699,1.0111,0.0217,0.0404
GUADELOUPE,GUADELOUPE,national,2019-11-03,34,7694,poisson,loglinear,3,0.75,-376.3,True,1715.089,0.8064,1.1146,-0.166,0.2289
GUADELOUPE,GUADELOUPE,national,2019-11-03,34,7694,poisson,loglinear,5,1.0,-12.521,True,,0.9699,1.0111,0.0195,0.0339
GUADELOUPE,GUADELOUPE,national,2019-11-03,34,7694,poisson,loglinear,5,0.75,-196.034,True,4061.366,1.2251,1.1146,-0.1481,0.0166
GUADELOUPE,GUADELOUPE,national,2019-11-03,34,7694,poisson,loglinear,7,1.0,-47.126,True,,0.9755,1.0111,0.0276,0.0537
GUADELOUPE,GUADELOUPE,national,2019-11-03,34,7694,poisson,loglinear,7,0.75,-226.907,True,3294.792,1.0832,1.1146,-0.1267,0.1154
GUADELOUPE,GUADELOUPE,national,2020-06-28,33,14092,nb,briere,3,1.0,-5.765,True,,3.1833,1.4024,5.1191,0.2416
GUADELOUPE,GUADELOUPE,national,2020-06-28,33,14092,nb,briere,3,0.75,0.743,False,-3.56,3.9834,1.3078,6.215,0.2925
GUADELOUPE,GUADELOUPE,national,2020-06-28,33,14092,nb,briere,5,1.0,-9.106,True,,2.1976,1.4024,1.9619,0.4294
GUADELOUPE,GUADELOUPE,national,2020-06-28,33,14092,nb,briere,5,0.75,1.447,False,-14.184,2.9964,1.3078,4.5495,0.1949
GUADELOUPE,GUADELOUPE,national,2020-06-28,33,14092,nb,briere,7,1.0,-9.866,True,,1.6983,1.4024,0.0,0.4918
GUADELOUPE,GUADELOUPE,national,2020-06-28,33,14092,nb,briere,7,0.75,1.939,False,-10.545,2.7614,1.3078,4.248,0.107
GUADELOUPE,GUADELOUPE,national,2020-06-28,33,14092,nb,loglinear,3,1.0,-5.809,True,,0.9019,1.4024,0.3703,0.2494
GUADELOUPE,GUADELOUPE,national,2020-06-28,33,14092,nb,loglinear,3,0.75,0.72,False,-14.71,1.0354,1.3078,0.3387,0.2782
GUADELOUPE,GUADELOUPE,national,2020-06-28,33,14092,nb,loglinear,5,1.0,-9.071,True,,1.3812,1.4024,0.1227,0.4255
GUADELOUPE,GUADELOUPE,national,2020-06-28,33,14092,nb,loglinear,5,0.75,1.407,False,-3.77,1.1068,1.3078,0.2541,0.1809
GUADELOUPE,GUADELOUPE,national,2020-06-28,33,14092,nb,loglinear,7,1.0,-6.679,True,,0.8915,1.4024,0.5231,0.3196
GUADELOUPE,GUADELOUPE,national,2020-06-28,33,14092,nb,loglinear,7,0.75,1.848,False,24.789,1.0675,1.3078,0.2471,0.0881
GUADELOUPE,GUADELOUPE,national,2020-06-28,33,14092,poisson,briere,3,1.0,-173.175,True,,2.1661,1.4348,2.6041,0.0836
GUADELOUPE,GUADELOUPE,national,2020-06-28,33,14092,poisson,briere,3,0.75,-159.712,True,47.721,2.6261,1.4112,3.6534,0.1622
GUADELOUPE,GUADELOUPE,national,2020-06-28,33,14092,poisson,briere,5,1.0,-207.125,True,,2.3571,1.4348,2.9951,0.1172
GUADELOUPE,GUADELOUPE,national,2020-06-28,33,14092,poisson,briere,5,0.75,-122.714,True,-110.431,2.1338,1.4112,2.411,0.1129
GUADELOUPE,GUADELOUPE,national,2020-06-28,33,14092,poisson,briere,7,1.0,-125.583,True,,1.4943,1.4348,0.0,0.1184
GUADELOUPE,GUADELOUPE,national,2020-06-28,33,14092,poisson,briere,7,0.75,-56.413,True,-47.034,1.8419,1.4112,1.5835,0.0455
GUADELOUPE,GUADELOUPE,national,2020-06-28,33,14092,poisson,loglinear,3,1.0,-182.806,True,,1.1192,1.4348,0.202,0.0867
GUADELOUPE,GUADELOUPE,national,2020-06-28,33,14092,poisson,loglinear,3,0.75,-161.958,True,20.444,1.1849,1.4112,0.2031,0.1534
GUADELOUPE,GUADELOUPE,national,2020-06-28,33,14092,poisson,loglinear,5,1.0,-202.897,True,,1.1114,1.4348,0.2246,0.1123
GUADELOUPE,GUADELOUPE,national,2020-06-28,33,14092,poisson,loglinear,5,0.75,-124.623,True,-111.129,1.2581,1.4112,0.137,0.1066
GUADELOUPE,GUADELOUPE,national,2020-06-28,33,14092,poisson,loglinear,7,1.0,-162.521,True,,1.6513,1.4348,-0.0978,0.1287
GUADELOUPE,GUADELOUPE,national,2020-06-28,33,14092,poisson,loglinear,7,0.75,-62.368,True,-53.42,1.2833,1.4112,0.1015,0.0389
GUATEMALA,GUATEMALA,national,2014-06-29,33,17679,nb,briere,3,1.0,0.05,False,,1.2268,1.1516,0.197,0.1009
GUATEMALA,GUATEMALA,national,2014-06-29,33,17679,nb,briere,3,0.75,3.428,False,-11.54,1.0245,1.0522,0.0,0.0688
GUATEMALA,GUATEMALA,national,2014-06-29,33,17679,nb,briere,5,1.0,3.774,False,,1.425,1.1516,0.3234,0.0352
GUATEMALA,GUATEMALA,national,2014-06-29,33,17679,nb,briere,5,0.75,3.154,False,13.755,1.0817,1.0522,0.0,-0.0852
GUATEMALA,GUATEMALA,national,2014-06-29,33,17679,nb,briere,7,1.0,3.127,False,,1.189,1.1516,0.0,-0.0599
GUATEMALA,GUATEMALA,national,2014-06-29,33,17679,nb,briere,7,0.75,2.797,False,7.507,1.0795,1.0522,0.0,-0.0984
GUATEMALA,GUATEMALA,national,2014-06-29,33,17679,nb,loglinear,3,1.0,0.264,False,,0.9845,1.1516,0.0391,0.1048
GUATEMALA,GUATEMALA,national,2014-06-29,33,17679,nb,loglinear,3,0.75,0.592,False,784.233,1.6569,1.0522,-0.4653,-0.093
GUATEMALA,GUATEMALA,national,2014-06-29,33,17679,nb,loglinear,5,1.0,2.432,False,,1.3851,1.1516,-0.1558,-0.0449
GUATEMALA,GUATEMALA,national,2014-06-29,33,17679,nb,loglinear,5,0.75,-0.109,True,170.032,1.6056,1.0522,-0.4344,-0.1072
GUATEMALA,GUATEMALA,national,2014-06-29,33,17679,nb,loglinear,7,1.0,-0.796,True,,1.4761,1.1516,-0.2124,-0.1345
GUATEMALA,GUATEMALA,national,2014-06-29,33,17679,nb,loglinear,7,0.75,0.54,False,37.616,1.5254,1.0522,-0.3696,-0.0559
GUATEMALA,GUATEMALA,national,2014-06-29,33,17679,poisson,briere,3,1.0,-838.64,True,,1.434,1.2119,0.3277,0.1278
GUATEMALA,GUATEMALA,national,2014-06-29,33,17679,poisson,briere,3,0.75,-125.606,True,-4781.328,1.1683,1.0852,0.1057,0.0706
GUATEMALA,GUATEMALA,national,2014-06-29,33,17679,poisson,briere,5,1.0,-188.532,True,,1.1838,1.2119,0.0,0.0577
GUATEMALA,GUATEMALA,national,2014-06-29,33,17679,poisson,briere,5,0.75,-47.85,True,5352.548,1.0867,1.0852,0.0,-0.0447
GUATEMALA,GUATEMALA,national,2014-06-29,33,17679,poisson,briere,7,1.0,-0.913,True,,1.2138,1.2119,0.0,-0.0096
GUATEMALA,GUATEMALA,national,2014-06-29,33,17679,poisson,briere,7,0.75,-90.41,True,3649.736,1.0859,1.0852,0.0,-0.0548
GUATEMALA,GUATEMALA,national,2014-06-29,33,17679,poisson,loglinear,3,1.0,-796.452,True,,0.9955,1.2119,0.071,0.132
GUATEMALA,GUATEMALA,national,2014-06-29,33,17679,poisson,loglinear,3,0.75,-143.14,True,-5409.019,1.4447,1.0852,-0.2857,-0.0036
GUATEMALA,GUATEMALA,national,2014-06-29,33,17679,poisson,loglinear,5,1.0,-348.173,True,,1.3849,1.2119,-0.149,0.0009
GUATEMALA,GUATEMALA,national,2014-06-29,33,17679,poisson,loglinear,5,0.75,-238.036,True,-4574.35,1.5336,1.0852,-0.3702,-0.0846
GUATEMALA,GUATEMALA,national,2014-06-29,33,17679,poisson,loglinear,7,1.0,-560.729,True,,1.4674,1.2119,-0.2127,-0.0789
GUATEMALA,GUATEMALA,national,2014-06-29,33,17679,poisson,loglinear,7,0.75,-183.003,True,-5488.95,1.4466,1.0852,-0.2909,-0.0388
GUATEMALA,GUATEMALA,national,2016-03-20,38,6909,nb,briere,3,1.0,-0.673,True,,1.2719,1.182,0.0,0.1074
GUATEMALA,GUATEMALA,national,2016-03-20,38,6909,nb,briere,3,0.75,2.168,False,12.812,1.3831,1.0999,0.0,0.1741
GUATEMALA,GUATEMALA,national,2016-03-20,38,6909,nb,briere,5,1.0,-1.011,True,,1.3387,1.182,0.0,0.1354
GUATEMALA,GUATEMALA,national,2016-03-20,38,6909,nb,briere,5,0.75,2.683,False,8.218,1.4652,1.0999,0.0,0.2013
GUATEMALA,GUATEMALA,national,2016-03-20,38,6909,nb,briere,7,1.0,-0.582,True,,1.4091,1.182,0.0,0.1692
GUATEMALA,GUATEMALA,national,2016-03-20,38,6909,nb,briere,7,0.75,2.471,False,43.19,1.615,1.0999,0.0,0.2759
GUATEMALA,GUATEMALA,national,2016-03-20,38,6909,nb,loglinear,3,1.0,-0.872,True,,1.3209,1.182,-0.0801,0.063
GUATEMALA,GUATEMALA,national,2016-03-20,38,6909,nb,loglinear,3,0.75,2.119,False,-9.172,1.3621,1.0999,-0.0608,0.1151
GUATEMALA,GUATEMALA,national,2016-03-20,38,6909,nb,loglinear,5,1.0,-1.163,True,,1.3558,1.182,-0.0625,0.0928
GUATEMALA,GUATEMALA,national,2016-03-20,38,6909,nb,loglinear,5,0.75,2.266,False,-15.769,1.3468,1.0999,-0.1345,0.0449
GUATEMALA,GUATEMALA,national,2016-03-20,38,6909,nb,loglinear,7,1.0,-1.0,True,,1.4023,1.182,-0.0907,0.0924
GUATEMALA,GUATEMALA,national,2016-03-20,38,6909,nb,loglinear,7,0.75,2.049,False,-10.827,1.4787,1.0999,-0.0997,0.1418
GUATEMALA,GUATEMALA,national,2016-03-20,38,6909,poisson,briere,3,1.0,-51.793,True,,1.3973,1.2337,0.1513,0.0594
GUATEMALA,GUATEMALA,national,2016-03-20,38,6909,poisson,briere,3,0.75,-108.775,True,1009.053,4.6561,1.2117,1.7069,0.3366
GUATEMALA,GUATEMALA,national,2016-03-20,38,6909,poisson,briere,5,1.0,-88.03,True,,1.7807,1.2337,0.4319,0.1144
GUATEMALA,GUATEMALA,national,2016-03-20,38,6909,poisson,briere,5,0.75,-93.433,True,764.511,3.3496,1.2117,1.1139,0.303
GUATEMALA,GUATEMALA,national,2016-03-20,38,6909,poisson,briere,7,1.0,-97.981,True,,1.7211,1.2337,0.3159,0.1355
GUATEMALA,GUATEMALA,national,2016-03-20,38,6909,poisson,briere,7,0.75,-170.529,True,1416.901,2.9936,1.2117,0.8073,0.3512
GUATEMALA,GUATEMALA,national,2016-03-20,38,6909,poisson,loglinear,3,1.0,-51.909,True,,1.2452,1.2337,0.0267,0.0609
GUATEMALA,GUATEMALA,national,2016-03-20,38,6909,poisson,loglinear,3,0.75,-103.736,True,2647.438,1.4039,1.2117,0.2457,0.3312
GUATEMALA,GUATEMALA,national,2016-03-20,38,6909,poisson,loglinear,5,1.0,-88.828,True,,1.2831,1.2337,0.0748,0.1177
GUATEMALA,GUATEMALA,national,2016-03-20,38,6909,poisson,loglinear,5,0.75,-87.75,True,1725.551,1.5188,1.2117,0.1525,0.2885
GUATEMALA,GUATEMALA,national,2016-03-20,38,6909,poisson,loglinear,7,1.0,-98.328,True,,1.3539,1.2337,0.0533,0.1367
GUATEMALA,GUATEMALA,national,2016-03-20,38,6909,poisson,loglinear,7,0.75,-167.339,True,2165.826,1.6883,1.2117,0.1157,0.3448
GUATEMALA,GUATEMALA,national,2019-04-28,38,48428,nb,briere,3,1.0,3.264,False,,1.3185,1.3072,0.0,-0.0163
GUATEMALA,GUATEMALA,national,2019-04-28,38,48428,nb,briere,3,0.75,-3.167,True,805.666,1.4039,1.3328,0.1036,0.2099
GUATEMALA,GUATEMALA,national,2019-04-28,38,48428,nb,briere,5,1.0,3.996,False,,1.3068,1.3072,0.0,0.0013
GUATEMALA,GUATEMALA,national,2019-04-28,38,48428,nb,briere,5,0.75,-7.116,True,247.243,1.3494,1.3328,0.0,0.1434
GUATEMALA,GUATEMALA,national,2019-04-28,38,48428,nb,briere,7,1.0,3.604,False,,1.3103,1.3072,0.0,0.0133
GUATEMALA,GUATEMALA,national,2019-04-28,38,48428,nb,briere,7,0.75,-4.716,True,92.605,1.3803,1.3328,0.0,0.086
GUATEMALA,GUATEMALA,national,2019-04-28,38,48428,nb,loglinear,3,1.0,3.263,False,,1.3156,1.3072,0.0027,-0.0171
GUATEMALA,GUATEMALA,national,2019-04-28,38,48428,nb,loglinear,3,0.75,-3.173,True,816.028,1.2867,1.3328,0.0131,0.2076
GUATEMALA,GUATEMALA,national,2019-04-28,38,48428,nb,loglinear,5,1.0,3.322,False,,1.3713,1.3072,-0.0542,0.014
GUATEMALA,GUATEMALA,national,2019-04-28,38,48428,nb,loglinear,5,0.75,-7.503,True,136.639,1.3844,1.3328,-0.063,0.1636
GUATEMALA,GUATEMALA,national,2019-04-28,38,48428,nb,loglinear,7,1.0,2.304,False,,1.3999,1.3072,-0.0704,0.0268
GUATEMALA,GUATEMALA,national,2019-04-28,38,48428,nb,loglinear,7,0.75,-4.739,True,119.656,1.3721,1.3328,0.0135,0.0843
GUATEMALA,GUATEMALA,national,2019-04-28,38,48428,poisson,briere,3,1.0,-109.488,True,,1.3543,1.3311,0.0,-0.0414
GUATEMALA,GUATEMALA,national,2019-04-28,38,48428,poisson,briere,3,0.75,-235.05,True,4938.505,1.3085,1.3699,0.0,0.228
GUATEMALA,GUATEMALA,national,2019-04-28,38,48428,poisson,briere,5,1.0,2.787,False,,1.3299,1.3311,0.0,0.0055
GUATEMALA,GUATEMALA,national,2019-04-28,38,48428,poisson,briere,5,0.75,-324.159,True,1397.555,1.352,1.3699,0.0,0.1487
GUATEMALA,GUATEMALA,national,2019-04-28,38,48428,poisson,briere,7,1.0,-15.387,True,,1.3331,1.3311,0.0,0.0184
GUATEMALA,GUATEMALA,national,2019-04-28,38,48428,poisson,briere,7,0.75,-138.185,True,328.582,1.3778,1.3699,0.0,0.0543
GUATEMALA,GUATEMALA,national,2019-04-28,38,48428,poisson,loglinear,3,1.0,-359.47,True,,1.559,1.3311,-0.1823,-0.0021
GUATEMALA,GUATEMALA,national,2019-04-28,38,48428,poisson,loglinear,3,0.75,-296.159,True,2710.756,1.3578,1.3699,-0.097,0.2427
GUATEMALA,GUATEMALA,national,2019-04-28,38,48428,poisson,loglinear,5,1.0,-415.029,True,,1.5612,1.3311,-0.1952,0.0329
GUATEMALA,GUATEMALA,national,2019-04-28,38,48428,poisson,loglinear,5,0.75,-439.365,True,-416.867,1.4269,1.3699,-0.1334,0.1692
GUATEMALA,GUATEMALA,national,2019-04-28,38,48428,poisson,loglinear,7,1.0,-418.28,True,,1.5648,1.3311,-0.1891,0.0298
GUATEMALA,GUATEMALA,national,2019-04-28,38,48428,poisson,loglinear,7,0.75,-201.655,True,-1083.211,1.4341,1.3699,-0.0939,0.0567
GUATEMALA,GUATEMALA,national,2023-05-28,38,79017,nb,briere,3,1.0,-2.904,True,,1.8591,1.2352,0.6002,-0.0299
GUATEMALA,GUATEMALA,national,2023-05-28,38,79017,nb,briere,3,0.75,0.86,False,661.349,1.2732,1.2665,0.0,0.1075
GUATEMALA,GUATEMALA,national,2023-05-28,38,79017,nb,briere,5,1.0,-2.648,True,,1.7747,1.2352,0.5486,-0.0296
GUATEMALA,GUATEMALA,national,2023-05-28,38,79017,nb,briere,5,0.75,-2.145,True,1506.563,1.3321,1.2665,0.0001,0.1535
GUATEMALA,GUATEMALA,national,2023-05-28,38,79017,nb,briere,7,1.0,-1.824,True,,1.716,1.2352,0.5138,-0.0251
GUATEMALA,GUATEMALA,national,2023-05-28,38,79017,nb,briere,7,0.75,-5.258,True,2115.644,1.8955,1.2665,0.3973,0.2189
GUATEMALA,GUATEMALA,national,2023-05-28,38,79017,nb,loglinear,3,1.0,-1.483,True,,1.0928,1.2352,0.1341,-0.0231
GUATEMALA,GUATEMALA,national,2023-05-28,38,79017,nb,loglinear,3,0.75,-1.068,True,126.275,1.4333,1.2665,-0.1902,0.0203
GUATEMALA,GUATEMALA,national,2023-05-28,38,79017,nb,loglinear,5,1.0,-1.416,True,,1.0925,1.2352,0.1248,-0.0243
GUATEMALA,GUATEMALA,national,2023-05-28,38,79017,nb,loglinear,5,0.75,-2.266,True,881.174,1.3655,1.2665,-0.0557,0.1203
GUATEMALA,GUATEMALA,national,2023-05-28,38,79017,nb,loglinear,7,1.0,-0.857,True,,1.0898,1.2352,0.1184,-0.0207
GUATEMALA,GUATEMALA,national,2023-05-28,38,79017,nb,loglinear,7,0.75,-5.151,True,2335.51,1.3972,1.2665,0.0331,0.2064
GUATEMALA,GUATEMALA,national,2023-05-28,38,79017,poisson,briere,3,1.0,-2998.784,True,,2.1516,1.2693,0.7061,-0.0684
GUATEMALA,GUATEMALA,national,2023-05-28,38,79017,poisson,briere,3,0.75,-13.144,True,-2624.055,1.3353,1.3318,0.0,-0.0179
GUATEMALA,GUATEMALA,national,2023-05-28,38,79017,poisson,briere,5,1.0,-2827.542,True,,1.7594,1.2693,0.4415,-0.0706
GUATEMALA,GUATEMALA,national,2023-05-28,38,79017,poisson,briere,5,0.75,-15.241,True,4272.474,1.3375,1.3318,0.0,0.0253
GUATEMALA,GUATEMALA,national,2023-05-28,38,79017,poisson,briere,7,1.0,-2238.747,True,,1.5678,1.2693,0.3172,-0.0731
GUATEMALA,GUATEMALA,national,2023-05-28,38,79017,poisson,briere,7,0.75,-540.254,True,24250.304,2.1639,1.3318,0.5955,0.1716
GUATEMALA,GUATEMALA,national,2023-05-28,38,79017,poisson,loglinear,3,1.0,-2842.912,True,,1.1458,1.2693,0.1663,-0.0616
GUATEMALA,GUATEMALA,national,2023-05-28,38,79017,poisson,loglinear,3,0.75,-125.879,True,-2479.44,1.4307,1.3318,-0.1129,-0.0348
GUATEMALA,GUATEMALA,national,2023-05-28,38,79017,poisson,loglinear,5,1.0,-2728.559,True,,1.1938,1.2693,0.1006,-0.0665
GUATEMALA,GUATEMALA,national,2023-05-28,38,79017,poisson,loglinear,5,0.75,-66.526,True,-1222.556,1.3979,1.3318,-0.0868,-0.0139
GUATEMALA,GUATEMALA,national,2023-05-28,38,79017,poisson,loglinear,7,1.0,-2202.403,True,,1.1816,1.2693,0.0779,-0.0695
GUATEMALA,GUATEMALA,national,2023-05-28,38,79017,poisson,loglinear,7,0.75,-537.476,True,29544.674,1.3549,1.3318,0.0908,0.1766
GUYANA,GUYANA,national,2023-11-12,47,41377,nb,briere,3,1.0,1.135,False,,1.0341,1.1183,0.0,-0.0589
GUYANA,GUYANA,national,2023-11-12,47,41377,nb,briere,3,0.75,0.568,False,81.56,1.0999,1.0713,0.0,0.0578
GUYANA,GUYANA,national,2023-11-12,47,41377,nb,briere,5,1.0,-5.515,True,,1.0285,1.1183,0.0,-0.0698
GUYANA,GUYANA,national,2023-11-12,47,41377,nb,briere,5,0.75,1.101,False,135.741,1.1938,1.0713,0.2894,0.0872
GUYANA,GUYANA,national,2023-11-12,47,41377,nb,briere,7,1.0,-8.941,True,,1.0217,1.1183,0.0,-0.0775
GUYANA,GUYANA,national,2023-11-12,47,41377,nb,briere,7,0.75,2.219,False,187.858,1.241,1.0713,0.3506,0.1265
GUYANA,GUYANA,national,2023-11-12,47,41377,nb,loglinear,3,1.0,-2.816,True,,1.0224,1.1183,-0.0539,-0.0427
GUYANA,GUYANA,national,2023-11-12,47,41377,nb,loglinear,3,0.75,0.562,False,81.183,1.0994,1.0713,-0.0027,0.0572
GUYANA,GUYANA,national,2023-11-12,47,41377,nb,loglinear,5,1.0,-6.941,True,,1.0224,1.1183,-0.0342,-0.0577
GUYANA,GUYANA,national,2023-11-12,47,41377,nb,loglinear,5,0.75,1.077,False,131.853,1.1228,1.0713,0.0094,0.0885
GUYANA,GUYANA,national,2023-11-12,47,41377,nb,loglinear,7,1.0,-9.124,True,,1.0199,1.1183,-0.0133,-0.072
GUYANA,GUYANA,national,2023-11-12,47,41377,nb,loglinear,7,0.75,2.192,False,185.324,1.1529,1.0713,0.011,0.1292
GUYANA,GUYANA,national,2023-11-12,47,41377,poisson,briere,3,1.0,3.677,False,,1.1502,1.1471,0.0,0.0019
GUYANA,GUYANA,national,2023-11-12,47,41377,poisson,briere,3,0.75,-630.727,True,23354.765,1.1283,1.0846,0.0,0.0591
GUYANA,GUYANA,national,2023-11-12,47,41377,poisson,briere,5,1.0,-922.934,True,,1.0358,1.1471,0.0,-0.0723
GUYANA,GUYANA,national,2023-11-12,47,41377,poisson,briere,5,0.75,-540.008,True,66837.599,1.1214,1.0846,0.0,0.0694
GUYANA,GUYANA,national,2023-11-12,47,41377,poisson,briere,7,1.0,-1854.032,True,,1.0258,1.1471,0.0,-0.0889
GUYANA,GUYANA,national,2023-11-12,47,41377,poisson,briere,7,0.75,-253.723,True,97842.394,1.1381,1.0846,0.0,0.0869
GUYANA,GUYANA,national,2023-11-12,47,41377,poisson,loglinear,3,1.0,-808.807,True,,1.0266,1.1471,-0.0775,-0.047
GUYANA,GUYANA,national,2023-11-12,47,41377,poisson,loglinear,3,0.75,-677.193,True,32788.462,1.1016,1.0846,-0.0226,0.0437
GUYANA,GUYANA,national,2023-11-12,47,41377,poisson,loglinear,5,1.0,-1628.643,True,,1.0236,1.1471,-0.0636,-0.0621
GUYANA,GUYANA,national,2023-11-12,47,41377,poisson,loglinear,5,0.75,-563.575,True,58082.009,1.1173,1.0846,-0.0149,0.0621
GUYANA,GUYANA,national,2023-11-12,47,41377,poisson,loglinear,7,1.0,-2135.489,True,,1.018,1.1471,-0.0432,-0.0799
GUYANA,GUYANA,national,2023-11-12,47,41377,poisson,loglinear,7,0.75,-309.122,True,55124.71,1.1215,1.0846,-0.024,0.0605
HONDURAS,HONDURAS,national,2015-02-15,36,34840,nb,briere,3,1.0,3.123,False,,1.2311,1.169,0.0,0.0673
HONDURAS,HONDURAS,national,2015-02-15,36,34840,nb,briere,3,0.75,3.82,False,7.759,1.0255,1.1067,0.0,-0.0492
HONDURAS,HONDURAS,national,2015-02-15,36,34840,nb,briere,5,1.0,3.959,False,,1.1849,1.169,0.0,0.0141
HONDURAS,HONDURAS,national,2015-02-15,36,34840,nb,briere,5,0.75,3.195,False,5.043,1.0247,1.1067,0.0,-0.0571
HONDURAS,HONDURAS,national,2015-02-15,36,34840,nb,briere,7,1.0,3.592,False,,1.102,1.169,0.0,-0.0497
HONDURAS,HONDURAS,national,2015-02-15,36,34840,nb,briere,7,0.75,2.882,False,0.777,1.0178,1.1067,0.0,-0.0679
HONDURAS,HONDURAS,national,2015-02-15,36,34840,nb,loglinear,3,1.0,3.033,False,,1.2468,1.169,-0.0291,0.055
HONDURAS,HONDURAS,national,2015-02-15,36,34840,nb,loglinear,3,0.75,3.76,False,5.659,1.0265,1.1067,-0.0289,-0.0674
HONDURAS,HONDURAS,national,2015-02-15,36,34840,nb,loglinear,5,1.0,3.418,False,,1.247,1.169,-0.0626,0.0174
HONDURAS,HONDURAS,national,2015-02-15,36,34840,nb,loglinear,5,0.75,3.124,False,3.511,1.0263,1.1067,-0.0251,-0.0685
HONDURAS,HONDURAS,national,2015-02-15,36,34840,nb,loglinear,7,1.0,3.441,False,,1.1884,1.169,-0.0476,-0.0207
HONDURAS,HONDURAS,national,2015-02-15,36,34840,nb,loglinear,7,0.75,2.871,False,0.326,1.0181,1.1067,-0.0085,-0.0711
HONDURAS,HONDURAS,national,2015-02-15,36,34840,poisson,briere,3,1.0,-74.05,True,,1.2447,1.2204,0.0,0.0295
HONDURAS,HONDURAS,national,2015-02-15,36,34840,poisson,briere,3,0.75,-11.853,True,924.997,1.1489,1.1949,0.0,-0.0302
HONDURAS,HONDURAS,national,2015-02-15,36,34840,poisson,briere,5,1.0,3.633,False,,1.2228,1.2204,0.0,0.0021
HONDURAS,HONDURAS,national,2015-02-15,36,34840,poisson,briere,5,0.75,-283.704,True,4039.294,1.0409,1.1949,0.0,-0.0874
HONDURAS,HONDURAS,national,2015-02-15,36,34840,poisson,briere,7,1.0,-148.244,True,,1.1393,1.2204,0.0,-0.0604
HONDURAS,HONDURAS,national,2015-02-15,36,34840,poisson,briere,7,0.75,-397.93,True,1468.679,1.0283,1.1949,0.0,-0.1014
HONDURAS,HONDURAS,national,2015-02-15,36,34840,poisson,loglinear,3,1.0,-171.88,True,,1.2634,1.2204,-0.0477,0.0025
HONDURAS,HONDURAS,national,2015-02-15,36,34840,poisson,loglinear,3,0.75,-98.764,True,1134.227,1.1424,1.1949,-0.0448,-0.0662
HONDURAS,HONDURAS,national,2015-02-15,36,34840,poisson,loglinear,5,1.0,-176.536,True,,1.2564,1.2204,-0.0516,-0.0078
HONDURAS,HONDURAS,national,2015-02-15,36,34840,poisson,loglinear,5,0.75,-301.622,True,3496.293,1.0415,1.1949,-0.0166,-0.0959
HONDURAS,HONDURAS,national,2015-02-15,36,34840,poisson,loglinear,7,1.0,-229.863,True,,1.2069,1.2204,-0.0396,-0.0373
HONDURAS,HONDURAS,national,2015-02-15,36,34840,poisson,loglinear,7,0.75,-401.827,True,1635.232,1.0286,1.1949,0.0069,-0.098
HONDURAS,HONDURAS,national,2018-09-02,32,10810,nb,briere,3,1.0,0.027,False,,1.1927,1.0874,0.1334,-0.0137
HONDURAS,HONDURAS,national,2018-09-02,32,10810,nb,briere,3,0.75,3.405,False,-15.466,1.3569,1.0639,0.3107,-0.0015
HONDURAS,HONDURAS,national,2018-09-02,32,10810,nb,briere,5,1.0,-0.266,True,,1.1572,1.0874,0.0875,-0.0228
HONDURAS,HONDURAS,national,2018-09-02,32,10810,nb,briere,5,0.75,3.342,False,-16.675,1.2976,1.0639,0.2492,-0.0084
HONDURAS,HONDURAS,national,2018-09-02,32,10810,nb,briere,7,1.0,-0.494,True,,1.1214,1.0874,0.0378,-0.034
HONDURAS,HONDURAS,national,2018-09-02,32,10810,nb,briere,7,0.75,3.243,False,-17.397,1.2364,1.0639,0.1809,-0.0169
HONDURAS,HONDURAS,national,2018-09-02,32,10810,nb,loglinear,3,1.0,0.11,False,,1.0916,1.0874,0.0218,-0.0148
HONDURAS,HONDURAS,national,2018-09-02,32,10810,nb,loglinear,3,0.75,3.374,False,-0.949,1.078,1.0639,0.0377,-0.0008
HONDURAS,HONDURAS,national,2018-09-02,32,10810,nb,loglinear,5,1.0,-0.217,True,,1.0919,1.0874,0.0136,-0.0242
HONDURAS,HONDURAS,national,2018-09-02,32,10810,nb,loglinear,5,0.75,3.32,False,-5.237,1.0789,1.0639,0.0305,-0.0077
HONDURAS,HONDURAS,national,2018-09-02,32,10810,nb,loglinear,7,1.0,-0.479,True,,1.0936,1.0874,0.0048,-0.0357
HONDURAS,HONDURAS,national,2018-09-02,32,10810,nb,loglinear,7,0.75,3.223,False,-9.335,1.0814,1.0639,0.0228,-0.0162
HONDURAS,HONDURAS,national,2018-09-02,32,10810,poisson,briere,3,1.0,-177.6,True,,2.2893,1.1001,0.829,-0.023
HONDURAS,HONDURAS,national,2018-09-02,32,10810,poisson,briere,3,0.75,-20.597,True,1291.325,1.5553,1.0783,0.4758,0.0153
HONDURAS,HONDURAS,national,2018-09-02,32,10810,poisson,briere,5,1.0,-193.068,True,,2.1546,1.1001,0.7435,-0.0338
HONDURAS,HONDURAS,national,2018-09-02,32,10810,poisson,briere,5,0.75,-17.257,True,-211.667,1.5578,1.0783,0.4214,-0.0133
HONDURAS,HONDURAS,national,2018-09-02,32,10810,poisson,briere,7,1.0,-194.381,True,,1.9854,1.1001,0.6311,-0.0446
HONDURAS,HONDURAS,national,2018-09-02,32,10810,poisson,briere,7,0.75,-32.328,True,-443.462,1.2601,1.0783,0.1394,-0.0389
HONDURAS,HONDURAS,national,2018-09-02,32,10810,poisson,loglinear,3,1.0,-172.145,True,,1.3327,1.1001,0.1487,-0.0264
HONDURAS,HONDURAS,national,2018-09-02,32,10810,poisson,loglinear,3,0.75,-19.837,True,331.732,1.0926,1.0783,0.0546,0.0153
HONDURAS,HONDURAS,national,2018-09-02,32,10810,poisson,loglinear,5,1.0,-190.014,True,,1.3267,1.1001,0.1328,-0.0374
HONDURAS,HONDURAS,national,2018-09-02,32,10810,poisson,loglinear,5,0.75,-16.414,True,89.195,1.1382,1.0783,0.0477,-0.0132
HONDURAS,HONDURAS,national,2018-09-02,32,10810,poisson,loglinear,7,1.0,-191.973,True,,1.3153,1.1001,0.1111,-0.0488
HONDURAS,HONDURAS,national,2018-09-02,32,10810,poisson,loglinear,7,0.75,-32.14,True,-272.608,1.1354,1.0783,0.0146,-0.0395
HONDURAS,HONDURAS,national,2019-04-14,42,129675,nb,briere,3,1.0,3.858,False,,1.2283,1.2306,0.0,0.0094
HONDURAS,HONDURAS,national,2019-04-14,42,129675,nb,briere,3,0.75,-18.135,True,509.884,1.3258,1.2876,0.0144,0.2058
HONDURAS,HONDURAS,national,2019-04-14,42,129675,nb,briere,5,1.0,3.309,False,,1.2323,1.2306,0.0,0.0234
HONDURAS,HONDURAS,national,2019-04-14,42,129675,nb,briere,5,0.75,-8.14,True,99.913,1.3242,1.2876,0.0,0.1433
HONDURAS,HONDURAS,national,2019-04-14,42,129675,nb,briere,7,1.0,3.973,False,,1.2284,1.2306,0.0,-0.0051
HONDURAS,HONDURAS,national,2019-04-14,42,129675,nb,briere,7,0.75,3.324,False,3.89,1.302,1.2876,0.0,0.0296
HONDURAS,HONDURAS,national,2019-04-14,42,129675,nb,loglinear,3,1.0,1.678,False,,1.2987,1.2306,-0.0611,-0.0212
HONDURAS,HONDURAS,national,2019-04-14,42,129675,nb,loglinear,3,0.75,-18.132,True,505.254,1.3182,1.2876,-0.0008,0.2042
HONDURAS,HONDURAS,national,2019-04-14,42,129675,nb,loglinear,5,1.0,2.035,False,,1.2699,1.2306,-0.0381,0.0092
HONDURAS,HONDURAS,national,2019-04-14,42,129675,nb,loglinear,5,0.75,-17.011,True,231.286,1.4423,1.2876,-0.1295,0.1633
HONDURAS,HONDURAS,national,2019-04-14,42,129675,nb,loglinear,7,1.0,2.106,False,,1.2723,1.2306,-0.0428,-0.0045
HONDURAS,HONDURAS,national,2019-04-14,42,129675,nb,loglinear,7,0.75,-13.309,True,1177.758,1.5859,1.2876,-0.2547,0.1776
HONDURAS,HONDURAS,national,2019-04-14,42,129675,poisson,briere,3,1.0,-2775.739,True,,1.2546,1.2498,0.0,0.1001
HONDURAS,HONDURAS,national,2019-04-14,42,129675,poisson,briere,3,0.75,-7644.86,True,4664.599,1.3287,1.3249,0.0,0.1893
HONDURAS,HONDURAS,national,2019-04-14,42,129675,poisson,briere,5,1.0,-4107.559,True,,1.2738,1.2498,0.0,0.1301
HONDURAS,HONDURAS,national,2019-04-14,42,129675,poisson,briere,5,0.75,-3947.854,True,-4982.761,1.3192,1.3249,0.0,0.1466
HONDURAS,HONDURAS,national,2019-04-14,42,129675,poisson,briere,7,1.0,-254.008,True,,1.2606,1.2498,0.0,0.0315
HONDURAS,HONDURAS,national,2019-04-14,42,129675,poisson,briere,7,0.75,-3.998,True,295.57,1.3244,1.3249,0.0,-0.0058
HONDURAS,HONDURAS,national,2019-04-14,42,129675,poisson,loglinear,3,1.0,-3232.038,True,,1.3164,1.2498,-0.0496,0.0595
HONDURAS,HONDURAS,national,2019-04-14,42,129675,poisson,loglinear,3,0.75,-7656.275,True,3883.519,1.3398,1.3249,-0.0113,0.1816
HONDURAS,HONDURAS,national,2019-04-14,42,129675,poisson,loglinear,5,1.0,-5499.796,True,,1.3542,1.2498,-0.0651,0.1083
HONDURAS,HONDURAS,national,2019-04-14,42,129675,poisson,loglinear,5,0.75,-7387.115,True,-3577.351,1.4568,1.3249,-0.1382,0.1315
HONDURAS,HONDURAS,national,2019-04-14,42,129675,poisson,loglinear,7,1.0,-3955.571,True,,1.4157,1.2498,-0.1074,0.0729
HONDURAS,HONDURAS,national,2019-04-14,42,129675,poisson,loglinear,7,0.75,-6034.025,True,5038.764,1.579,1.3249,-0.2429,0.1276
HONDURAS,HONDURAS,national,2021-04-25,44,19524,nb,briere,3,1.0,-23.57,True,,1.2388,1.1429,0.1547,0.1116
HONDURAS,HONDURAS,national,2021-04-25,44,19524,nb,briere,3,0.75,-4.563,True,15.708,1.1722,1.0797,0.0,0.1611
HONDURAS,HONDURAS,national,2021-04-25,44,19524,nb,briere,5,1.0,-13.068,True,,1.1729,1.1429,0.0,0.1007
HONDURAS,HONDURAS,national,2021-04-25,44,19524,nb,briere,5,0.75,2.893,False,10.97,1.081,1.0797,0.0,0.0292
HONDURAS,HONDURAS,national,2021-04-25,44,19524,nb,briere,7,1.0,3.978,False,,1.1404,1.1429,0.0,-0.0048
HONDURAS,HONDURAS,national,2021-04-25,44,19524,nb,briere,7,0.75,1.183,False,-22.887,1.0737,1.0797,0.0,-0.0509
HONDURAS,HONDURAS,national,2021-04-25,44,19524,nb,loglinear,3,1.0,-23.451,True,,1.138,1.1429,-0.005,0.0997
HONDURAS,HONDURAS,national,2021-04-25,44,19524,nb,loglinear,3,0.75,-5.665,True,60.991,1.2583,1.0797,-0.1118,0.1346
HONDURAS,HONDURAS,national,2021-04-25,44,19524,nb,loglinear,5,1.0,-17.321,True,,1.2737,1.1429,-0.1229,0.0291
HONDURAS,HONDURAS,national,2021-04-25,44,19524,nb,loglinear,5,0.75,-1.276,True,318.399,1.3658,1.0797,-0.2546,0.0772
HONDURAS,HONDURAS,national,2021-04-25,44,19524,nb,loglinear,7,1.0,-19.379,True,,1.3118,1.1429,-0.1973,-0.0508
HONDURAS,HONDURAS,national,2021-04-25,44,19524,nb,loglinear,7,0.75,-5.877,True,-9.39,1.0659,1.0797,-0.0835,-0.1039
HONDURAS,HONDURAS,national,2021-04-25,44,19524,poisson,briere,3,1.0,-834.096,True,,1.3714,1.1869,0.3027,0.1042
HONDURAS,HONDURAS,national,2021-04-25,44,19524,poisson,briere,3,0.75,-145.942,True,-6553.376,1.5422,1.107,0.5341,0.0863
HONDURAS,HONDURAS,national,2021-04-25,44,19524,poisson,briere,5,1.0,-679.906,True,,1.2597,1.1869,0.0843,0.0983
HONDURAS,HONDURAS,national,2021-04-25,44,19524,poisson,briere,5,0.75,-61.354,True,-3651.774,1.3962,1.107,0.3525,0.0479
HONDURAS,HONDURAS,national,2021-04-25,44,19524,poisson,briere,7,1.0,-412.102,True,,1.2269,1.1869,0.0,0.0888
HONDURAS,HONDURAS,national,2021-04-25,44,19524,poisson,briere,7,0.75,-28.59,True,559.467,1.1355,1.107,0.0551,-0.0167
HONDURAS,HONDURAS,national,2021-04-25,44,19524,poisson,loglinear,3,1.0,-823.139,True,,1.1087,1.1869,0.0401,0.1015
HONDURAS,HONDURAS,national,2021-04-25,44,19524,poisson,loglinear,3,0.75,-124.512,True,-6761.705,1.1036,1.107,0.0585,0.102
HONDURAS,HONDURAS,national,2021-04-25,44,19524,poisson,loglinear,5,1.0,-678.48,True,,1.2023,1.1869,-0.0079,0.0874
HONDURAS,HONDURAS,national,2021-04-25,44,19524,poisson,loglinear,5,0.75,-38.603,True,2214.896,1.0957,1.107,0.0472,0.0398
HONDURAS,HONDURAS,national,2021-04-25,44,19524,poisson,loglinear,7,1.0,-529.387,True,,1.2744,1.1869,-0.0833,0.0408
HONDURAS,HONDURAS,national,2021-04-25,44,19524,poisson,loglinear,7,0.75,-26.476,True,1409.989,1.0913,1.107,0.0002,-0.0251
HONDURAS,HONDURAS,national,2024-03-17,39,167773,nb,briere,3,1.0,-6.266,True,,1.3143,1.3067,0.0,0.0498
HONDURAS,HONDURAS,national,2024-03-17,39,167773,nb,briere,3,0.75,-1.028,True,-12.818,1.3383,1.2664,0.0,0.0681
HONDURAS,HONDURAS,national,2024-03-17,39,167773,nb,briere,5,1.0,-4.935,True,,1.335,1.3067,0.0,0.0522
HONDURAS,HONDURAS,national,2024-03-17,39,167773,nb,briere,5,0.75,-0.134,True,26.425,1.3926,1.2664,0.0,0.0916
HONDURAS,HONDURAS,national,2024-03-17,39,167773,nb,briere,7,1.0,-2.841,True,,1.3659,1.3067,0.0,0.0604
HONDURAS,HONDURAS,national,2024-03-17,39,167773,nb,briere,7,0.75,4.109,False,54.341,1.1584,1.2664,0.0,-0.0625
HONDURAS,HONDURAS,national,2024-03-17,39,167773,nb,loglinear,3,1.0,-10.689,True,,1.3684,1.3067,-0.0911,0.0139
HONDURAS,HONDURAS,national,2024-03-17,39,167773,nb,loglinear,3,0.75,-6.255,True,24.364,1.3068,1.2664,-0.1189,-0.0242
HONDURAS,HONDURAS,national,2024-03-17,39,167773,nb,loglinear,5,1.0,-11.003,True,,1.3754,1.3067,-0.0914,0.0177
HONDURAS,HONDURAS,national,2024-03-17,39,167773,nb,loglinear,5,0.75,-6.016,True,0.851,1.3164,1.2664,-0.0998,-0.0032
HONDURAS,HONDURAS,national,2024-03-17,39,167773,nb,loglinear,7,1.0,-11.143,True,,1.3892,1.3067,-0.0952,0.0222
HONDURAS,HONDURAS,national,2024-03-17,39,167773,nb,loglinear,7,0.75,-6.123,True,-17.08,1.3534,1.2664,-0.0927,0.0244
HONDURAS,HONDURAS,national,2024-03-17,39,167773,poisson,briere,3,1.0,-219.257,True,,1.3348,1.3357,0.0,0.0154
HONDURAS,HONDURAS,national,2024-03-17,39,167773,poisson,briere,3,0.75,-79.931,True,-317.313,1.3329,1.3259,0.0,0.0133
HONDURAS,HONDURAS,national,2024-03-17,39,167773,poisson,briere,5,1.0,-403.666,True,,1.3466,1.3357,0.0,0.0226
HONDURAS,HONDURAS,national,2024-03-17,39,167773,poisson,briere,5,0.75,-304.824,True,43.088,1.3621,1.3259,0.0,0.0334
HONDURAS,HONDURAS,national,2024-03-17,39,167773,poisson,briere,7,1.0,-543.466,True,,1.3698,1.3357,0.0,0.0331
HONDURAS,HONDURAS,national,2024-03-17,39,167773,poisson,briere,7,0.75,-708.948,True,2114.716,1.4336,1.3259,0.0,0.0718
HONDURAS,HONDURAS,national,2024-03-17,39,167773,poisson,loglinear,3,1.0,-408.087,True,,1.3475,1.3357,-0.0348,0.0038
HONDURAS,HONDURAS,national,2024-03-17,39,167773,poisson,loglinear,3,0.75,-412.837,True,2282.352,1.3159,1.3259,-0.0494,-0.0154
HONDURAS,HONDURAS,national,2024-03-17,39,167773,poisson,loglinear,5,1.0,-552.584,True,,1.3522,1.3357,-0.0269,0.0152
HONDURAS,HONDURAS,national,2024-03-17,39,167773,poisson,loglinear,5,0.75,-424.367,True,-314.582,1.3449,1.3259,-0.0243,0.0185
HONDURAS,HONDURAS,national,2024-03-17,39,167773,poisson,loglinear,7,1.0,-749.959,True,,1.3728,1.3357,-0.0289,0.0267
HONDURAS,HONDURAS,national,2024-03-17,39,167773,poisson,loglinear,7,0.75,-829.068,True,715.261,1.4143,1.3259,-0.0206,0.0602
JAMAICA,JAMAICA,national,2019-06-09,30,3988,nb,briere,3,1.0,0.958,False,,1.0362,1.2329,0.0,-0.2098
JAMAICA,JAMAICA,national,2019-06-09,30,3988,nb,briere,3,0.75,2.036,False,11.528,2.3593,1.2244,4.297,-0.101
JAMAICA,JAMAICA,national,2019-06-09,30,3988,nb,briere,5,1.0,2.41,False,,1.0549,1.2329,0.0,-0.175
JAMAICA,JAMAICA,national,2019-06-09,30,3988,nb,briere,5,0.75,2.0,False,42.005,2.9611,1.2244,5.647,-0.1178
JAMAICA,JAMAICA,national,2019-06-09,30,3988,nb,briere,7,1.0,1.807,False,,3.732,1.2329,6.2325,0.2186
JAMAICA,JAMAICA,national,2019-06-09,30,3988,nb,briere,7,0.75,2.135,False,57.21,4.3184,1.2244,7.5443,-0.0453
JAMAICA,JAMAICA,national,2019-06-09,30,3988,nb,loglinear,3,1.0,0.946,False,,1.0378,1.2329,-0.0113,-0.2224
JAMAICA,JAMAICA,national,2019-06-09,30,3988,nb,loglinear,3,0.75,2.016,False,0.694,1.0308,1.2244,0.1171,-0.0993
JAMAICA,JAMAICA,national,2019-06-09,30,3988,nb,loglinear,5,1.0,2.374,False,,1.1091,1.2329,-0.0551,-0.2114
JAMAICA,JAMAICA,national,2019-06-09,30,3988,nb,loglinear,5,0.75,2.002,False,0.701,0.9993,1.2244,0.1515,-0.1136
JAMAICA,JAMAICA,national,2019-06-09,30,3988,nb,loglinear,7,1.0,1.628,False,,0.9765,1.2329,0.2811,0.2234
JAMAICA,JAMAICA,national,2019-06-09,30,3988,nb,loglinear,7,0.75,2.132,False,3.838,1.0131,1.2244,0.2009,-0.0378
JAMAICA,JAMAICA,national,2019-06-09,30,3988,poisson,briere,3,1.0,-354.68,True,,1.1963,1.29,0.6524,-0.1949
JAMAICA,JAMAICA,national,2019-06-09,30,3988,poisson,briere,3,0.75,-137.612,True,276.331,2.4519,1.3682,4.4076,-0.0912
JAMAICA,JAMAICA,national,2019-06-09,30,3988,poisson,briere,5,1.0,-147.304,True,,1.1216,1.29,0.0,-0.144
JAMAICA,JAMAICA,national,2019-06-09,30,3988,poisson,briere,5,0.75,-131.597,True,917.764,2.7567,1.3682,4.9843,-0.0999
JAMAICA,JAMAICA,national,2019-06-09,30,3988,poisson,briere,7,1.0,-258.695,True,,4.7698,1.29,7.3265,0.2546
JAMAICA,JAMAICA,national,2019-06-09,30,3988,poisson,briere,7,0.75,-124.422,True,1086.772,3.2997,1.3682,5.7576,-0.055
JAMAICA,JAMAICA,national,2019-06-09,30,3988,poisson,loglinear,3,1.0,-355.003,True,,1.0397,1.29,0.0298,-0.1936
JAMAICA,JAMAICA,national,2019-06-09,30,3988,poisson,loglinear,3,0.75,-138.138,True,254.2,1.049,1.3682,0.1141,-0.0947
JAMAICA,JAMAICA,national,2019-06-09,30,3988,poisson,loglinear,5,1.0,-153.666,True,,1.1881,1.29,-0.0514,-0.1671
JAMAICA,JAMAICA,national,2019-06-09,30,3988,poisson,loglinear,5,0.75,-130.482,True,5.495,1.0619,1.3682,0.128,-0.1012
JAMAICA,JAMAICA,national,2019-06-09,30,3988,poisson,loglinear,7,1.0,-288.666,True,,0.9878,1.29,0.3274,0.2582
JAMAICA,JAMAICA,national,2019-06-09,30,3988,poisson,loglinear,7,0.75,-123.226,True,272.0,1.097,1.3682,0.1473,-0.0572
JAMAICA,JAMAICA,national,2023-07-16,32,8751,nb,briere,3,1.0,3.603,False,,1.5445,1.4857,0.2629,-0.044
JAMAICA,JAMAICA,national,2023-07-16,32,8751,nb,briere,3,0.75,3.92,False,1.742,1.8427,1.5113,1.3643,0.0428
JAMAICA,JAMAICA,national,2023-07-16,32,8751,nb,briere,5,1.0,2.565,False,,1.7683,1.4857,2.5816,-0.2336
JAMAICA,JAMAICA,national,2023-07-16,32,8751,nb,briere,5,0.75,3.464,False,0.758,1.584,1.5113,1.5209,-0.2015
JAMAICA,JAMAICA,national,2023-07-16,32,8751,nb,briere,7,1.0,3.736,False,,1.6138,1.4857,0.7627,-0.046
JAMAICA,JAMAICA,national,2023-07-16,32,8751,nb,briere,7,0.75,3.866,False,-0.253,1.6219,1.5113,0.6884,-0.0449
JAMAICA,JAMAICA,national,2023-07-16,32,8751,nb,loglinear,3,1.0,3.583,False,,1.4017,1.4857,0.062,-0.0368
JAMAICA,JAMAICA,national,2023-07-16,32,8751,nb,loglinear,3,0.75,3.889,False,3.98,1.4141,1.5113,0.1033,0.0486
JAMAICA,JAMAICA,national,2023-07-16,32,8751,nb,loglinear,5,1.0,2.44,False,,1.6055,1.4857,-0.1912,-0.2278
JAMAICA,JAMAICA,national,2023-07-16,32,8751,nb,loglinear,5,0.75,3.464,False,7.76,1.1818,1.5113,0.1057,-0.2004
JAMAICA,JAMAICA,national,2023-07-16,32,8751,nb,loglinear,7,1.0,3.64,False,,1.3234,1.4857,0.0984,-0.0417
JAMAICA,JAMAICA,national,2023-07-16,32,8751,nb,loglinear,7,0.75,3.852,False,-0.02,1.4095,1.5113,0.0592,-0.0435
JAMAICA,JAMAICA,national,2023-07-16,32,8751,poisson,briere,3,1.0,-54.226,True,,2.1831,1.4887,3.1754,-0.0001
JAMAICA,JAMAICA,national,2023-07-16,32,8751,poisson,briere,3,0.75,-176.925,True,579.972,3.1723,1.4811,5.7925,0.202
JAMAICA,JAMAICA,national,2023-07-16,32,8751,poisson,briere,5,1.0,-320.244,True,,1.7654,1.4887,2.6105,-0.285
JAMAICA,JAMAICA,national,2023-07-16,32,8751,poisson,briere,5,0.75,-137.72,True,-154.869,1.7914,1.4811,2.6031,-0.2262
JAMAICA,JAMAICA,national,2023-07-16,32,8751,poisson,briere,7,1.0,-80.64,True,,1.9065,1.4887,2.798,-0.1228
JAMAICA,JAMAICA,national,2023-07-16,32,8751,poisson,briere,7,0.75,-93.717,True,-6.919,1.8931,1.4811,3.0493,-0.1719
JAMAICA,JAMAICA,national,2023-07-16,32,8751,poisson,loglinear,3,1.0,-64.393,True,,1.0085,1.4887,0.3271,0.006
JAMAICA,JAMAICA,national,2023-07-16,32,8751,poisson,loglinear,3,0.75,-160.171,True,17474.957,1.1109,1.4811,0.3398,0.1862
JAMAICA,JAMAICA,national,2023-07-16,32,8751,poisson,loglinear,5,1.0,-299.29,True,,0.9976,1.4887,0.2314,-0.2666
JAMAICA,JAMAICA,national,2023-07-16,32,8751,poisson,loglinear,5,0.75,-130.462,True,5767.991,1.1174,1.4811,0.1576,-0.2214
JAMAICA,JAMAICA,national,2023-07-16,32,8751,poisson,loglinear,7,1.0,-85.949,True,,0.9853,1.4887,0.2789,-0.1113
JAMAICA,JAMAICA,national,2023-07-16,32,8751,poisson,loglinear,7,0.75,-82.818,True,6133.208,1.0975,1.4811,0.1893,-0.1496
LAO PEOPLE'S DEMOCRATIC REPUBLIC,LAO PEOPLE'S DEMOCRATIC REPUBLIC,national,2018-03-25,44,6493,nb,briere,3,1.0,-7.059,True,,1.2571,1.158,0.0,-0.0815
LAO PEOPLE'S DEMOCRATIC REPUBLIC,LAO PEOPLE'S DEMOCRATIC REPUBLIC,national,2018-03-25,44,6493,nb,briere,3,0.75,3.688,False,119.543,1.2636,1.2721,0.0,0.0268
LAO PEOPLE'S DEMOCRATIC REPUBLIC,LAO PEOPLE'S DEMOCRATIC REPUBLIC,national,2018-03-25,44,6493,nb,briere,5,1.0,-9.341,True,,1.2203,1.158,0.0,-0.0847
LAO PEOPLE'S DEMOCRATIC REPUBLIC,LAO PEOPLE'S DEMOCRATIC REPUBLIC,national,2018-03-25,44,6493,nb,briere,5,0.75,3.827,False,98.951,1.2762,1.2721,0.0,0.0212
LAO PEOPLE'S DEMOCRATIC REPUBLIC,LAO PEOPLE'S DEMOCRATIC REPUBLIC,national,2018-03-25,44,6493,nb,briere,7,1.0,-11.698,True,,1.1752,1.158,0.0,-0.0961
LAO PEOPLE'S DEMOCRATIC REPUBLIC,LAO PEOPLE'S DEMOCRATIC REPUBLIC,national,2018-03-25,44,6493,nb,briere,7,0.75,3.998,False,9.401,1.2738,1.2721,0.0,0.0024
LAO PEOPLE'S DEMOCRATIC REPUBLIC,LAO PEOPLE'S DEMOCRATIC REPUBLIC,national,2018-03-25,44,6493,nb,loglinear,3,1.0,-14.308,True,,1.5365,1.158,-0.2315,-0.0422
LAO PEOPLE'S DEMOCRATIC REPUBLIC,LAO PEOPLE'S DEMOCRATIC REPUBLIC,national,2018-03-25,44,6493,nb,loglinear,3,0.75,1.726,False,-145.93,1.4178,1.2721,-0.1463,-0.0396
LAO PEOPLE'S DEMOCRATIC REPUBLIC,LAO PEOPLE'S DEMOCRATIC REPUBLIC,national,2018-03-25,44,6493,nb,loglinear,5,1.0,-14.854,True,,1.4991,1.158,-0.2175,-0.0416
LAO PEOPLE'S DEMOCRATIC REPUBLIC,LAO PEOPLE'S DEMOCRATIC REPUBLIC,national,2018-03-25,44,6493,nb,loglinear,5,0.75,1.104,False,-145.791,1.4328,1.2721,-0.1883,-0.0716
LAO PEOPLE'S DEMOCRATIC REPUBLIC,LAO PEOPLE'S DEMOCRATIC REPUBLIC,national,2018-03-25,44,6493,nb,loglinear,7,1.0,-15.466,True,,1.4559,1.158,-0.2,-0.0455
LAO PEOPLE'S DEMOCRATIC REPUBLIC,LAO PEOPLE'S DEMOCRATIC REPUBLIC,national,2018-03-25,44,6493,nb,loglinear,7,0.75,-0.575,True,-123.174,1.4261,1.2721,-0.2595,-0.1343
LAO PEOPLE'S DEMOCRATIC REPUBLIC,LAO PEOPLE'S DEMOCRATIC REPUBLIC,national,2018-03-25,44,6493,poisson,briere,3,1.0,-852.358,True,,1.4184,1.183,0.0,-0.146
LAO PEOPLE'S DEMOCRATIC REPUBLIC,LAO PEOPLE'S DEMOCRATIC REPUBLIC,national,2018-03-25,44,6493,poisson,briere,3,0.75,-39.973,True,-1693.352,1.3801,1.3276,0.0,-0.0755
LAO PEOPLE'S DEMOCRATIC REPUBLIC,LAO PEOPLE'S DEMOCRATIC REPUBLIC,national,2018-03-25,44,6493,poisson,briere,5,1.0,-855.186,True,,1.3309,1.183,0.0,-0.1335
LAO PEOPLE'S DEMOCRATIC REPUBLIC,LAO PEOPLE'S DEMOCRATIC REPUBLIC,national,2018-03-25,44,6493,poisson,briere,5,0.75,-21.677,True,-1367.112,1.3369,1.3276,0.0,-0.0563
LAO PEOPLE'S DEMOCRATIC REPUBLIC,LAO PEOPLE'S DEMOCRATIC REPUBLIC,national,2018-03-25,44,6493,poisson,briere,7,1.0,-906.831,True,,1.2517,1.183,0.0,-0.1376
LAO PEOPLE'S DEMOCRATIC REPUBLIC,LAO PEOPLE'S DEMOCRATIC REPUBLIC,national,2018-03-25,44,6493,poisson,briere,7,0.75,-43.811,True,-1742.384,1.2988,1.3276,0.0,-0.0781
LAO PEOPLE'S DEMOCRATIC REPUBLIC,LAO PEOPLE'S DEMOCRATIC REPUBLIC,national,2018-03-25,44,6493,poisson,loglinear,3,1.0,-912.269,True,,1.5178,1.183,-0.1187,-0.1103
LAO PEOPLE'S DEMOCRATIC REPUBLIC,LAO PEOPLE'S DEMOCRATIC REPUBLIC,national,2018-03-25,44,6493,poisson,loglinear,3,0.75,-49.028,True,-2346.0,1.4281,1.3276,-0.0526,-0.0954
LAO PEOPLE'S DEMOCRATIC REPUBLIC,LAO PEOPLE'S DEMOCRATIC REPUBLIC,national,2018-03-25,44,6493,poisson,loglinear,5,1.0,-902.232,True,,1.4412,1.183,-0.1095,-0.0996
LAO PEOPLE'S DEMOCRATIC REPUBLIC,LAO PEOPLE'S DEMOCRATIC REPUBLIC,national,2018-03-25,44,6493,poisson,loglinear,5,0.75,-33.058,True,-2426.514,1.3874,1.3276,-0.07,-0.0918
LAO PEOPLE'S DEMOCRATIC REPUBLIC,LAO PEOPLE'S DEMOCRATIC REPUBLIC,national,2018-03-25,44,6493,poisson,loglinear,7,1.0,-936.311,True,,1.3656,1.183,-0.0928,-0.1052
LAO PEOPLE'S DEMOCRATIC REPUBLIC,LAO PEOPLE'S DEMOCRATIC REPUBLIC,national,2018-03-25,44,6493,poisson,loglinear,7,0.75,-85.828,True,-1749.083,1.3715,1.3276,-0.1513,-0.1561
LAO PEOPLE'S DEMOCRATIC REPUBLIC,LAO PEOPLE'S DEMOCRATIC REPUBLIC,national,2019-03-31,38,37476,nb,briere,3,1.0,-5.169,True,,1.3167,1.3223,0.0,0.0479
LAO PEOPLE'S DEMOCRATIC REPUBLIC,LAO PEOPLE'S DEMOCRATIC REPUBLIC,national,2019-03-31,38,37476,nb,briere,3,0.75,-4.824,True,520.1,1.4029,1.2995,0.0,0.1706
LAO PEOPLE'S DEMOCRATIC REPUBLIC,LAO PEOPLE'S DEMOCRATIC REPUBLIC,national,2019-03-31,38,37476,nb,briere,5,1.0,-5.75,True,,1.3427,1.3223,0.0,0.0596
LAO PEOPLE'S DEMOCRATIC REPUBLIC,LAO PEOPLE'S DEMOCRATIC REPUBLIC,national,2019-03-31,38,37476,nb,briere,5,0.75,0.412,False,39.745,1.3996,1.2995,0.0,0.1163
LAO PEOPLE'S DEMOCRATIC REPUBLIC,LAO PEOPLE'S DEMOCRATIC REPUBLIC,national,2019-03-31,38,37476,nb,briere,7,1.0,-3.139,True,,1.3764,1.3223,0.0,0.0734
LAO PEOPLE'S DEMOCRATIC REPUBLIC,LAO PEOPLE'S DEMOCRATIC REPUBLIC,national,2019-03-31,38,37476,nb,briere,7,0.75,3.802,False,13.962,1.255,1.2995,0.0,-0.0437
LAO PEOPLE'S DEMOCRATIC REPUBLIC,LAO PEOPLE'S DEMOCRATIC REPUBLIC,national,2019-03-31,38,37476,nb,loglinear,3,1.0,-7.035,True,,1.3611,1.3223,-0.054,0.0466
LAO PEOPLE'S DEMOCRATIC REPUBLIC,LAO PEOPLE'S DEMOCRATIC REPUBLIC,national,2019-03-31,38,37476,nb,loglinear,3,0.75,-7.743,True,46.009,1.3855,1.2995,-0.0631,0.0969
LAO PEOPLE'S DEMOCRATIC REPUBLIC,LAO PEOPLE'S DEMOCRATIC REPUBLIC,national,2019-03-31,38,37476,nb,loglinear,5,1.0,-8.503,True,,1.3947,1.3223,-0.0649,0.0591
LAO PEOPLE'S DEMOCRATIC REPUBLIC,LAO PEOPLE'S DEMOCRATIC REPUBLIC,national,2019-03-31,38,37476,nb,loglinear,5,0.75,-5.613,True,8.149,1.3562,1.2995,-0.0907,0.017
LAO PEOPLE'S DEMOCRATIC REPUBLIC,LAO PEOPLE'S DEMOCRATIC REPUBLIC,national,2019-03-31,38,37476,nb,loglinear,7,1.0,-7.078,True,,1.4381,1.3223,-0.0762,0.076
LAO PEOPLE'S DEMOCRATIC REPUBLIC,LAO PEOPLE'S DEMOCRATIC REPUBLIC,national,2019-03-31,38,37476,nb,loglinear,7,0.75,-8.633,True,86.018,1.2429,1.2995,-0.1325,-0.1299
LAO PEOPLE'S DEMOCRATIC REPUBLIC,LAO PEOPLE'S DEMOCRATIC REPUBLIC,national,2019-03-31,38,37476,poisson,briere,3,1.0,-53.66,True,,1.3372,1.3368,0.003,0.0221
LAO PEOPLE'S DEMOCRATIC REPUBLIC,LAO PEOPLE'S DEMOCRATIC REPUBLIC,national,2019-03-31,38,37476,poisson,briere,3,0.75,-289.369,True,1906.216,1.3939,1.3455,0.0122,0.107
LAO PEOPLE'S DEMOCRATIC REPUBLIC,LAO PEOPLE'S DEMOCRATIC REPUBLIC,national,2019-03-31,38,37476,poisson,briere,5,1.0,-67.399,True,,1.3512,1.3368,0.0073,0.031
LAO PEOPLE'S DEMOCRATIC REPUBLIC,LAO PEOPLE'S DEMOCRATIC REPUBLIC,national,2019-03-31,38,37476,poisson,briere,5,0.75,-97.7,True,370.302,1.4232,1.3455,0.122,0.0687
LAO PEOPLE'S DEMOCRATIC REPUBLIC,LAO PEOPLE'S DEMOCRATIC REPUBLIC,national,2019-03-31,38,37476,poisson,briere,7,1.0,-14.145,True,,1.3549,1.3368,0.1114,-0.0089
LAO PEOPLE'S DEMOCRATIC REPUBLIC,LAO PEOPLE'S DEMOCRATIC REPUBLIC,national,2019-03-31,38,37476,poisson,briere,7,0.75,-47.822,True,140.783,1.2993,1.3455,0.0,-0.0535
LAO PEOPLE'S DEMOCRATIC REPUBLIC,LAO PEOPLE'S DEMOCRATIC REPUBLIC,national,2019-03-31,38,37476,poisson,loglinear,3,1.0,-54.974,True,,1.3426,1.3368,-0.0095,0.0226
LAO PEOPLE'S DEMOCRATIC REPUBLIC,LAO PEOPLE'S DEMOCRATIC REPUBLIC,national,2019-03-31,38,37476,poisson,loglinear,3,0.75,-290.019,True,1767.999,1.3898,1.3455,-0.0052,0.1048
LAO PEOPLE'S DEMOCRATIC REPUBLIC,LAO PEOPLE'S DEMOCRATIC REPUBLIC,national,2019-03-31,38,37476,poisson,loglinear,5,1.0,-67.657,True,,1.3525,1.3368,-0.0046,0.0314
LAO PEOPLE'S DEMOCRATIC REPUBLIC,LAO PEOPLE'S DEMOCRATIC REPUBLIC,national,2019-03-31,38,37476,poisson,loglinear,5,0.75,-93.815,True,212.425,1.3828,1.3455,-0.0031,0.0585
LAO PEOPLE'S DEMOCRATIC REPUBLIC,LAO PEOPLE'S DEMOCRATIC REPUBLIC,national,2019-03-31,38,37476,poisson,loglinear,7,1.0,3.973,False,,1.3365,1.3368,-0.0005,-0.0007
LAO PEOPLE'S DEMOCRATIC REPUBLIC,LAO PEOPLE'S DEMOCRATIC REPUBLIC,national,2019-03-31,38,37476,poisson,loglinear,7,0.75,-194.533,True,1321.751,1.2649,1.3455,-0.1008,-0.1126
LAO PEOPLE'S DEMOCRATIC REPUBLIC,LAO PEOPLE'S DEMOCRATIC REPUBLIC,national,2020-03-15,42,7144,nb,briere,3,1.0,-1.082,True,,1.2634,1.2602,0.0,0.0489
LAO PEOPLE'S DEMOCRATIC REPUBLIC,LAO PEOPLE'S DEMOCRATIC REPUBLIC,national,2020-03-15,42,7144,nb,briere,3,0.75,0.542,False,28.566,1.3168,1.2277,0.0523,0.1006
LAO PEOPLE'S DEMOCRATIC REPUBLIC,LAO PEOPLE'S DEMOCRATIC REPUBLIC,national,2020-03-15,42,7144,nb,briere,5,1.0,-1.763,True,,1.2909,1.2602,0.0,0.0595
LAO PEOPLE'S DEMOCRATIC REPUBLIC,LAO PEOPLE'S DEMOCRATIC REPUBLIC,national,2020-03-15,42,7144,nb,briere,5,0.75,-1.357,True,153.599,1.4827,1.2277,0.3639,0.1474
LAO PEOPLE'S DEMOCRATIC REPUBLIC,LAO PEOPLE'S DEMOCRATIC REPUBLIC,national,2020-03-15,42,7144,nb,briere,7,1.0,-1.502,True,,1.3229,1.2602,0.0,0.0724
LAO PEOPLE'S DEMOCRATIC REPUBLIC,LAO PEOPLE'S DEMOCRATIC REPUBLIC,national,2020-03-15,42,7144,nb,briere,7,0.75,-1.38,True,221.524,1.6362,1.2277,0.5708,0.1885
LAO PEOPLE'S DEMOCRATIC REPUBLIC,LAO PEOPLE'S DEMOCRATIC REPUBLIC,national,2020-03-15,42,7144,nb,loglinear,3,1.0,-1.994,True,,1.3663,1.2602,-0.0926,0.0618
LAO PEOPLE'S DEMOCRATIC REPUBLIC,LAO PEOPLE'S DEMOCRATIC REPUBLIC,national,2020-03-15,42,7144,nb,loglinear,3,0.75,0.544,False,23.564,1.3017,1.2277,0.0042,0.1008
LAO PEOPLE'S DEMOCRATIC REPUBLIC,LAO PEOPLE'S DEMOCRATIC REPUBLIC,national,2020-03-15,42,7144,nb,loglinear,5,1.0,-2.898,True,,1.4093,1.2602,-0.1025,0.072
LAO PEOPLE'S DEMOCRATIC REPUBLIC,LAO PEOPLE'S DEMOCRATIC REPUBLIC,national,2020-03-15,42,7144,nb,loglinear,5,0.75,-1.436,True,155.878,1.3616,1.2277,0.0555,0.1604
LAO PEOPLE'S DEMOCRATIC REPUBLIC,LAO PEOPLE'S DEMOCRATIC REPUBLIC,national,2020-03-15,42,7144,nb,loglinear,7,1.0,-2.607,True,,1.4444,1.2602,-0.1025,0.0842
LAO PEOPLE'S DEMOCRATIC REPUBLIC,LAO PEOPLE'S DEMOCRATIC REPUBLIC,national,2020-03-15,42,7144,nb,loglinear,7,0.75,-1.228,True,155.439,1.435,1.2277,0.0558,0.1901
LAO PEOPLE'S DEMOCRATIC REPUBLIC,LAO PEOPLE'S DEMOCRATIC REPUBLIC,national,2020-03-15,42,7144,poisson,briere,3,1.0,-3.027,True,,1.2939,1.295,0.0,0.0151
LAO PEOPLE'S DEMOCRATIC REPUBLIC,LAO PEOPLE'S DEMOCRATIC REPUBLIC,national,2020-03-15,42,7144,poisson,briere,3,0.75,-12.922,True,71.164,1.3119,1.2925,0.0,0.0441
LAO PEOPLE'S DEMOCRATIC REPUBLIC,LAO PEOPLE'S DEMOCRATIC REPUBLIC,national,2020-03-15,42,7144,poisson,briere,5,1.0,-12.416,True,,1.306,1.295,0.0,0.0268
LAO PEOPLE'S DEMOCRATIC REPUBLIC,LAO PEOPLE'S DEMOCRATIC REPUBLIC,national,2020-03-15,42,7144,poisson,briere,5,0.75,-40.652,True,387.19,1.4382,1.2925,0.2788,0.0873
LAO PEOPLE'S DEMOCRATIC REPUBLIC,LAO PEOPLE'S DEMOCRATIC REPUBLIC,national,2020-03-15,42,7144,poisson,briere,7,1.0,-3.799,True,,1.3132,1.295,0.0,0.0233
LAO PEOPLE'S DEMOCRATIC REPUBLIC,LAO PEOPLE'S DEMOCRATIC REPUBLIC,national,2020-03-15,42,7144,poisson,briere,7,0.75,-15.681,True,209.504,1.4336,1.2925,0.23,0.0729
LAO PEOPLE'S DEMOCRATIC REPUBLIC,LAO PEOPLE'S DEMOCRATIC REPUBLIC,national,2020-03-15,42,7144,poisson,loglinear,3,1.0,-9.314,True,,1.3447,1.295,-0.0498,0.0227
LAO PEOPLE'S DEMOCRATIC REPUBLIC,LAO PEOPLE'S DEMOCRATIC REPUBLIC,national,2020-03-15,42,7144,poisson,loglinear,3,0.75,-12.971,True,82.154,1.3103,1.2925,0.0039,0.0455
LAO PEOPLE'S DEMOCRATIC REPUBLIC,LAO PEOPLE'S DEMOCRATIC REPUBLIC,national,2020-03-15,42,7144,poisson,loglinear,5,1.0,-20.717,True,,1.3644,1.295,-0.0548,0.0336
LAO PEOPLE'S DEMOCRATIC REPUBLIC,LAO PEOPLE'S DEMOCRATIC REPUBLIC,national,2020-03-15,42,7144,poisson,loglinear,5,0.75,-45.974,True,500.415,1.3453,1.2925,0.0596,0.1056
LAO PEOPLE'S DEMOCRATIC REPUBLIC,LAO PEOPLE'S DEMOCRATIC REPUBLIC,national,2020-03-15,42,7144,poisson,loglinear,7,1.0,-8.386,True,,1.3594,1.295,-0.0405,0.0293
LAO PEOPLE'S DEMOCRATIC REPUBLIC,LAO PEOPLE'S DEMOCRATIC REPUBLIC,national,2020-03-15,42,7144,poisson,loglinear,7,0.75,-15.833,True,171.591,1.3601,1.2925,0.0312,0.0779
LAO PEOPLE'S DEMOCRATIC REPUBLIC,LAO PEOPLE'S DEMOCRATIC REPUBLIC,national,2021-03-21,43,1154,nb,briere,3,1.0,-0.108,True,,1.2436,1.2567,0.0,0.0743
LAO PEOPLE'S DEMOCRATIC REPUBLIC,LAO PEOPLE'S DEMOCRATIC REPUBLIC,national,2021-03-21,43,1154,nb,briere,3,0.75,-0.488,True,428.319,2.2721,1.2542,2.9755,0.1222
LAO PEOPLE'S DEMOCRATIC REPUBLIC,LAO PEOPLE'S DEMOCRATIC REPUBLIC,national,2021-03-21,43,1154,nb,briere,5,1.0,-2.413,True,,1.2756,1.2567,0.0,0.1063
LAO PEOPLE'S DEMOCRATIC REPUBLIC,LAO PEOPLE'S DEMOCRATIC REPUBLIC,national,2021-03-21,43,1154,nb,briere,5,0.75,-2.887,True,413.868,2.5146,1.2542,3.1248,0.2216
LAO PEOPLE'S DEMOCRATIC REPUBLIC,LAO PEOPLE'S DEMOCRATIC REPUBLIC,national,2021-03-21,43,1154,nb,briere,7,1.0,-1.955,True,,1.3201,1.2567,0.0395,0.1165
LAO PEOPLE'S DEMOCRATIC REPUBLIC,LAO PEOPLE'S DEMOCRATIC REPUBLIC,national,2021-03-21,43,1154,nb,briere,7,0.75,-1.404,True,293.781,2.127,1.2542,2.1899,0.1539
LAO PEOPLE'S DEMOCRATIC REPUBLIC,LAO PEOPLE'S DEMOCRATIC REPUBLIC,national,2021-03-21,43,1154,nb,loglinear,3,1.0,-0.244,True,,1.3042,1.2567,-0.052,0.0937
LAO PEOPLE'S DEMOCRATIC REPUBLIC,LAO PEOPLE'S DEMOCRATIC REPUBLIC,national,2021-03-21,43,1154,nb,loglinear,3,0.75,2.302,False,35.453,1.1781,1.2542,0.1361,0.1171
LAO PEOPLE'S DEMOCRATIC REPUBLIC,LAO PEOPLE'S DEMOCRATIC REPUBLIC,national,2021-03-21,43,1154,nb,loglinear,5,1.0,-2.511,True,,1.3168,1.2567,-0.0327,0.1161
LAO PEOPLE'S DEMOCRATIC REPUBLIC,LAO PEOPLE'S DEMOCRATIC REPUBLIC,national,2021-03-21,43,1154,nb,loglinear,5,0.75,0.079,False,50.877,1.1624,1.2542,0.2245,0.1963
LAO PEOPLE'S DEMOCRATIC REPUBLIC,LAO PEOPLE'S DEMOCRATIC REPUBLIC,national,2021-03-21,43,1154,nb,loglinear,7,1.0,-1.982,True,,1.2867,1.2567,0.022,0.1167
LAO PEOPLE'S DEMOCRATIC REPUBLIC,LAO PEOPLE'S DEMOCRATIC REPUBLIC,national,2021-03-21,43,1154,nb,loglinear,7,0.75,0.082,False,41.363,1.239,1.2542,0.17,0.1663
LAO PEOPLE'S DEMOCRATIC REPUBLIC,LAO PEOPLE'S DEMOCRATIC REPUBLIC,national,2021-03-21,43,1154,poisson,briere,3,1.0,-1.484,True,,1.2621,1.2637,0.0255,0.038
LAO PEOPLE'S DEMOCRATIC REPUBLIC,LAO PEOPLE'S DEMOCRATIC REPUBLIC,national,2021-03-21,43,1154,poisson,briere,3,0.75,-16.527,True,456.807,2.0455,1.2782,2.2488,0.1017
LAO PEOPLE'S DEMOCRATIC REPUBLIC,LAO PEOPLE'S DEMOCRATIC REPUBLIC,national,2021-03-21,43,1154,poisson,briere,5,1.0,-9.263,True,,1.2765,1.2637,0.0,0.0793
LAO PEOPLE'S DEMOCRATIC REPUBLIC,LAO PEOPLE'S DEMOCRATIC REPUBLIC,national,2021-03-21,43,1154,poisson,briere,5,0.75,-23.454,True,462.078,2.2181,1.2782,2.5332,0.1476
LAO PEOPLE'S DEMOCRATIC REPUBLIC,LAO PEOPLE'S DEMOCRATIC REPUBLIC,national,2021-03-21,43,1154,poisson,briere,7,1.0,-6.268,True,,1.3061,1.2637,0.068,0.0697
LAO PEOPLE'S DEMOCRATIC REPUBLIC,LAO PEOPLE'S DEMOCRATIC REPUBLIC,national,2021-03-21,43,1154,poisson,briere,7,0.75,-14.549,True,351.483,1.9146,1.2782,1.8064,0.0769
LAO PEOPLE'S DEMOCRATIC REPUBLIC,LAO PEOPLE'S DEMOCRATIC REPUBLIC,national,2021-03-21,43,1154,poisson,loglinear,3,1.0,-1.457,True,,1.2501,1.2637,0.0065,0.04
LAO PEOPLE'S DEMOCRATIC REPUBLIC,LAO PEOPLE'S DEMOCRATIC REPUBLIC,national,2021-03-21,43,1154,poisson,loglinear,3,0.75,-5.058,True,32.18,1.1729,1.2782,0.1613,0.0743
LAO PEOPLE'S DEMOCRATIC REPUBLIC,LAO PEOPLE'S DEMOCRATIC REPUBLIC,national,2021-03-21,43,1154,poisson,loglinear,5,1.0,-9.278,True,,1.2709,1.2637,0.0048,0.0783
LAO PEOPLE'S DEMOCRATIC REPUBLIC,LAO PEOPLE'S DEMOCRATIC REPUBLIC,national,2021-03-21,43,1154,poisson,loglinear,5,0.75,-12.013,True,31.692,1.1656,1.2782,0.2097,0.1315
LAO PEOPLE'S DEMOCRATIC REPUBLIC,LAO PEOPLE'S DEMOCRATIC REPUBLIC,national,2021-03-21,43,1154,poisson,loglinear,7,1.0,-6.361,True,,1.2593,1.2637,0.0304,0.0717
LAO PEOPLE'S DEMOCRATIC REPUBLIC,LAO PEOPLE'S DEMOCRATIC REPUBLIC,national,2021-03-21,43,1154,poisson,loglinear,7,0.75,-8.147,True,30.231,1.221,1.2782,0.1485,0.091
LAO PEOPLE'S DEMOCRATIC REPUBLIC,LAO PEOPLE'S DEMOCRATIC REPUBLIC,national,2022-04-10,36,28724,nb,briere,3,1.0,-22.327,True,,1.5337,1.412,0.0,-0.1343
LAO PEOPLE'S DEMOCRATIC REPUBLIC,LAO PEOPLE'S DEMOCRATIC REPUBLIC,national,2022-04-10,36,28724,nb,briere,3,0.75,-1.398,True,-158.327,1.5231,1.5466,0.0,-0.1749
LAO PEOPLE'S DEMOCRATIC REPUBLIC,LAO PEOPLE'S DEMOCRATIC REPUBLIC,national,2022-04-10,36,28724,nb,briere,5,1.0,-21.208,True,,1.4444,1.412,0.0,-0.1493
LAO PEOPLE'S DEMOCRATIC REPUBLIC,LAO PEOPLE'S DEMOCRATIC REPUBLIC,national,2022-04-10,36,28724,nb,briere,5,0.75,-0.187,True,-162.921,1.4256,1.5466,0.0,-0.1812
LAO PEOPLE'S DEMOCRATIC REPUBLIC,LAO PEOPLE'S DEMOCRATIC REPUBLIC,national,2022-04-10,36,28724,nb,briere,7,1.0,-19.793,True,,1.3088,1.412,0.0,-0.2007
LAO PEOPLE'S DEMOCRATIC REPUBLIC,LAO PEOPLE'S DEMOCRATIC REPUBLIC,national,2022-04-10,36,28724,nb,briere,7,0.75,0.572,False,-154.504,1.3519,1.5466,0.0,-0.1794
LAO PEOPLE'S DEMOCRATIC REPUBLIC,LAO PEOPLE'S DEMOCRATIC REPUBLIC,national,2022-04-10,36,28724,nb,loglinear,3,1.0,-23.435,True,,1.703,1.412,-0.1837,-0.075
LAO PEOPLE'S DEMOCRATIC REPUBLIC,LAO PEOPLE'S DEMOCRATIC REPUBLIC,national,2022-04-10,36,28724,nb,loglinear,3,0.75,-2.275,True,-144.796,1.5851,1.5466,-0.1566,-0.0834
LAO PEOPLE'S DEMOCRATIC REPUBLIC,LAO PEOPLE'S DEMOCRATIC REPUBLIC,national,2022-04-10,36,28724,nb,loglinear,5,1.0,-22.682,True,,1.6872,1.412,-0.2163,-0.0667
LAO PEOPLE'S DEMOCRATIC REPUBLIC,LAO PEOPLE'S DEMOCRATIC REPUBLIC,national,2022-04-10,36,28724,nb,loglinear,5,0.75,-1.942,True,-139.224,1.554,1.5466,-0.1921,-0.0725
LAO PEOPLE'S DEMOCRATIC REPUBLIC,LAO PEOPLE'S DEMOCRATIC REPUBLIC,national,2022-04-10,36,28724,nb,loglinear,7,1.0,-22.701,True,,1.6637,1.412,-0.242,-0.0734
LAO PEOPLE'S DEMOCRATIC REPUBLIC,LAO PEOPLE'S DEMOCRATIC REPUBLIC,national,2022-04-10,36,28724,nb,loglinear,7,0.75,-2.001,True,-137.961,1.507,1.5466,-0.2042,-0.0856
LAO PEOPLE'S DEMOCRATIC REPUBLIC,LAO PEOPLE'S DEMOCRATIC REPUBLIC,national,2022-04-10,36,28724,poisson,briere,3,1.0,-1461.317,True,,1.4617,1.3862,0.0,-0.1092
LAO PEOPLE'S DEMOCRATIC REPUBLIC,LAO PEOPLE'S DEMOCRATIC REPUBLIC,national,2022-04-10,36,28724,poisson,briere,3,0.75,-297.889,True,-2514.606,1.463,1.4656,0.0,-0.1153
LAO PEOPLE'S DEMOCRATIC REPUBLIC,LAO PEOPLE'S DEMOCRATIC REPUBLIC,national,2022-04-10,36,28724,poisson,briere,5,1.0,-1135.155,True,,1.3802,1.3862,0.0,-0.1144
LAO PEOPLE'S DEMOCRATIC REPUBLIC,LAO PEOPLE'S DEMOCRATIC REPUBLIC,national,2022-04-10,36,28724,poisson,briere,5,0.75,-49.57,True,-1472.634,1.4349,1.4656,0.0,-0.055
LAO PEOPLE'S DEMOCRATIC REPUBLIC,LAO PEOPLE'S DEMOCRATIC REPUBLIC,national,2022-04-10,36,28724,poisson,briere,7,1.0,-838.178,True,,1.2891,1.3862,0.0,-0.1325
LAO PEOPLE'S DEMOCRATIC REPUBLIC,LAO PEOPLE'S DEMOCRATIC REPUBLIC,national,2022-04-10,36,28724,poisson,briere,7,0.75,-33.62,True,-754.409,1.4207,1.4656,0.0,-0.0472
LAO PEOPLE'S DEMOCRATIC REPUBLIC,LAO PEOPLE'S DEMOCRATIC REPUBLIC,national,2022-04-10,36,28724,poisson,loglinear,3,1.0,-1541.799,True,,1.5888,1.3862,-0.1268,-0.0707
LAO PEOPLE'S DEMOCRATIC REPUBLIC,LAO PEOPLE'S DEMOCRATIC REPUBLIC,national,2022-04-10,36,28724,poisson,loglinear,3,0.75,-387.58,True,-797.456,1.5224,1.4656,-0.1102,-0.0896
LAO PEOPLE'S DEMOCRATIC REPUBLIC,LAO PEOPLE'S DEMOCRATIC REPUBLIC,national,2022-04-10,36,28724,poisson,loglinear,5,1.0,-1361.295,True,,1.6223,1.3862,-0.2016,-0.0428
LAO PEOPLE'S DEMOCRATIC REPUBLIC,LAO PEOPLE'S DEMOCRATIC REPUBLIC,national,2022-04-10,36,28724,poisson,loglinear,5,0.75,-204.947,True,-1904.682,1.5203,1.4656,-0.1525,-0.0253
LAO PEOPLE'S DEMOCRATIC REPUBLIC,LAO PEOPLE'S DEMOCRATIC REPUBLIC,national,2022-04-10,36,28724,poisson,loglinear,7,1.0,-1349.48,True,,1.6268,1.3862,-0.2309,-0.0422
LAO PEOPLE'S DEMOCRATIC REPUBLIC,LAO PEOPLE'S DEMOCRATIC REPUBLIC,national,2022-04-10,36,28724,poisson,loglinear,7,0.75,-197.936,True,-2035.025,1.5215,1.4656,-0.1597,-0.0148
LAO PEOPLE'S DEMOCRATIC REPUBLIC,LAO PEOPLE'S DEMOCRATIC REPUBLIC,national,2023-04-02,35,31012,nb,briere,3,1.0,2.578,False,,1.2867,1.3073,0.0,-0.0292
LAO PEOPLE'S DEMOCRATIC REPUBLIC,LAO PEOPLE'S DEMOCRATIC REPUBLIC,national,2023-04-02,35,31012,nb,briere,3,0.75,1.938,False,71.397,1.3986,1.3522,0.0,0.0463
LAO PEOPLE'S DEMOCRATIC REPUBLIC,LAO PEOPLE'S DEMOCRATIC REPUBLIC,national,2023-04-02,35,31012,nb,briere,5,1.0,1.245,False,,1.2558,1.3073,0.0,-0.0509
LAO PEOPLE'S DEMOCRATIC REPUBLIC,LAO PEOPLE'S DEMOCRATIC REPUBLIC,national,2023-04-02,35,31012,nb,briere,5,0.75,3.038,False,66.069,1.4058,1.3522,0.0,0.041
LAO PEOPLE'S DEMOCRATIC REPUBLIC,LAO PEOPLE'S DEMOCRATIC REPUBLIC,national,2023-04-02,35,31012,nb,briere,7,1.0,-2.188,True,,1.1884,1.3073,0.0,-0.0998
LAO PEOPLE'S DEMOCRATIC REPUBLIC,LAO PEOPLE'S DEMOCRATIC REPUBLIC,national,2023-04-02,35,31012,nb,briere,7,0.75,3.963,False,17.876,1.372,1.3522,0.0,0.0135
LAO PEOPLE'S DEMOCRATIC REPUBLIC,LAO PEOPLE'S DEMOCRATIC REPUBLIC,national,2023-04-02,35,31012,nb,loglinear,3,1.0,-4.602,True,,1.3516,1.3073,-0.1348,-0.0933
LAO PEOPLE'S DEMOCRATIC REPUBLIC,LAO PEOPLE'S DEMOCRATIC REPUBLIC,national,2023-04-02,35,31012,nb,loglinear,3,0.75,-9.678,True,37.491,1.2337,1.3522,-0.3685,-0.3123
LAO PEOPLE'S DEMOCRATIC REPUBLIC,LAO PEOPLE'S DEMOCRATIC REPUBLIC,national,2023-04-02,35,31012,nb,loglinear,5,1.0,-15.229,True,,1.3019,1.3073,-0.2453,-0.2067
LAO PEOPLE'S DEMOCRATIC REPUBLIC,LAO PEOPLE'S DEMOCRATIC REPUBLIC,national,2023-04-02,35,31012,nb,loglinear,5,0.75,-10.039,True,17.248,1.1183,1.3522,-0.2793,-0.3048
LAO PEOPLE'S DEMOCRATIC REPUBLIC,LAO PEOPLE'S DEMOCRATIC REPUBLIC,national,2023-04-02,35,31012,nb,loglinear,7,1.0,-19.223,True,,1.21,1.3073,-0.2223,-0.2425
LAO PEOPLE'S DEMOCRATIC REPUBLIC,LAO PEOPLE'S DEMOCRATIC REPUBLIC,national,2023-04-02,35,31012,nb,loglinear,7,0.75,-9.504,True,210.461,1.0091,1.3522,-0.1867,-0.3251
LAO PEOPLE'S DEMOCRATIC REPUBLIC,LAO PEOPLE'S DEMOCRATIC REPUBLIC,national,2023-04-02,35,31012,poisson,briere,3,1.0,-178.252,True,,1.2891,1.3275,0.0,-0.0731
LAO PEOPLE'S DEMOCRATIC REPUBLIC,LAO PEOPLE'S DEMOCRATIC REPUBLIC,national,2023-04-02,35,31012,poisson,briere,3,0.75,1.034,False,-129.075,1.3864,1.3936,0.0,-0.0107
LAO PEOPLE'S DEMOCRATIC REPUBLIC,LAO PEOPLE'S DEMOCRATIC REPUBLIC,national,2023-04-02,35,31012,poisson,briere,5,1.0,-335.792,True,,1.2338,1.3275,0.0,-0.11
LAO PEOPLE'S DEMOCRATIC REPUBLIC,LAO PEOPLE'S DEMOCRATIC REPUBLIC,national,2023-04-02,35,31012,poisson,briere,5,0.75,-11.894,True,-460.699,1.3613,1.3936,0.0,-0.0301
LAO PEOPLE'S DEMOCRATIC REPUBLIC,LAO PEOPLE'S DEMOCRATIC REPUBLIC,national,2023-04-02,35,31012,poisson,briere,7,1.0,-570.602,True,,1.1124,1.3275,0.0,-0.1931
LAO PEOPLE'S DEMOCRATIC REPUBLIC,LAO PEOPLE'S DEMOCRATIC REPUBLIC,national,2023-04-02,35,31012,poisson,briere,7,0.75,-66.353,True,-1347.26,1.2453,1.3936,0.0,-0.1103
LAO PEOPLE'S DEMOCRATIC REPUBLIC,LAO PEOPLE'S DEMOCRATIC REPUBLIC,national,2023-04-02,35,31012,poisson,loglinear,3,1.0,-364.469,True,,1.3489,1.3275,-0.1556,-0.1494
LAO PEOPLE'S DEMOCRATIC REPUBLIC,LAO PEOPLE'S DEMOCRATIC REPUBLIC,national,2023-04-02,35,31012,poisson,loglinear,3,0.75,-260.308,True,1031.077,1.2325,1.3936,-0.3602,-0.3249
LAO PEOPLE'S DEMOCRATIC REPUBLIC,LAO PEOPLE'S DEMOCRATIC REPUBLIC,national,2023-04-02,35,31012,poisson,loglinear,5,1.0,-803.033,True,,1.2846,1.3275,-0.2735,-0.2562
LAO PEOPLE'S DEMOCRATIC REPUBLIC,LAO PEOPLE'S DEMOCRATIC REPUBLIC,national,2023-04-02,35,31012,poisson,loglinear,5,0.75,-306.915,True,30.573,1.1026,1.3936,-0.2956,-0.3325
LAO PEOPLE'S DEMOCRATIC REPUBLIC,LAO PEOPLE'S DEMOCRATIC REPUBLIC,national,2023-04-02,35,31012,poisson,loglinear,7,1.0,-877.817,True,,1.1606,1.3275,-0.1963,-0.2701
LAO PEOPLE'S DEMOCRATIC REPUBLIC,LAO PEOPLE'S DEMOCRATIC REPUBLIC,national,2023-04-02,35,31012,poisson,loglinear,7,0.75,-285.284,True,686.451,1.0276,1.3936,-0.1566,-0.3099
MEXICO,BAJA CALIFORNIA SUR,admin1,2003-06-08,34,776,nb,briere,3,1.0,-1.429,True,,2.4652,1.8105,2.2491,-0.1136
MEXICO,BAJA CALIFORNIA SUR,admin1,2003-06-08,34,776,nb,briere,3,0.75,1.997,False,-2.507,2.1324,1.6545,1.5446,-0.2012
MEXICO,BAJA CALIFORNIA SUR,admin1,2003-06-08,34,776,nb,briere,5,1.0,-0.954,True,,2.5336,1.8105,2.5816,0.0289
MEXICO,BAJA CALIFORNIA SUR,admin1,2003-06-08,34,776,nb,briere,5,0.75,3.057,False,-5.207,2.2393,1.6545,1.9873,-0.0496
MEXICO,BAJA CALIFORNIA SUR,admin1,2003-06-08,34,776,nb,briere,7,1.0,-2.515,True,,4.5269,1.8105,4.9595,0.4777
MEXICO,BAJA CALIFORNIA SUR,admin1,2003-06-08,34,776,nb,briere,7,0.75,0.807,False,4.175,15.1817,1.6545,10.6264,1.0793
MEXICO,BAJA CALIFORNIA SUR,admin1,2003-06-08,34,776,nb,loglinear,3,1.0,-0.758,True,,0.749,1.8105,0.8923,-0.0063
MEXICO,BAJA CALIFORNIA SUR,admin1,2003-06-08,34,776,nb,loglinear,3,0.75,1.792,False,23.643,1.2788,1.6545,0.3443,-0.148
MEXICO,BAJA CALIFORNIA SUR,admin1,2003-06-08,34,776,nb,loglinear,5,1.0,-1.47,True,,0.6142,1.8105,1.1267,0.1817
MEXICO,BAJA CALIFORNIA SUR,admin1,2003-06-08,34,776,nb,loglinear,5,0.75,2.14,False,20.927,1.0307,1.6545,0.6711,0.1517
MEXICO,BAJA CALIFORNIA SUR,admin1,2003-06-08,34,776,nb,loglinear,7,1.0,-4.429,True,,0.3405,1.8105,2.0072,0.6981
MEXICO,BAJA CALIFORNIA SUR,admin1,2003-06-08,34,776,nb,loglinear,7,0.75,0.139,False,42.999,0.9056,1.6545,1.2762,0.7859
MEXICO,BAJA CALIFORNIA SUR,admin1,2003-06-08,34,776,poisson,briere,3,1.0,-77.695,True,,1.6399,1.4798,1.1747,-0.0165
MEXICO,BAJA CALIFORNIA SUR,admin1,2003-06-08,34,776,poisson,briere,3,0.75,-9.884,True,-111.206,1.5709,1.392,0.9733,-0.0343
MEXICO,BAJA CALIFORNIA SUR,admin1,2003-06-08,34,776,poisson,briere,5,1.0,-86.725,True,,1.6312,1.4798,1.2727,0.06
MEXICO,BAJA CALIFORNIA SUR,admin1,2003-06-08,34,776,poisson,briere,5,0.75,-11.845,True,-127.686,1.5719,1.392,0.8967,0.0593
MEXICO,BAJA CALIFORNIA SUR,admin1,2003-06-08,34,776,poisson,briere,7,1.0,-127.324,True,,1.9189,1.4798,1.3389,0.2215
MEXICO,BAJA CALIFORNIA SUR,admin1,2003-06-08,34,776,poisson,briere,7,0.75,-50.711,True,-123.518,2.1852,1.392,1.8388,0.2851
MEXICO,BAJA CALIFORNIA SUR,admin1,2003-06-08,34,776,poisson,loglinear,3,1.0,-97.965,True,,2.4747,1.4798,-0.618,-0.1062
MEXICO,BAJA CALIFORNIA SUR,admin1,2003-06-08,34,776,poisson,loglinear,3,0.75,-10.753,True,1606.179,1.1465,1.392,0.2116,-0.0122
MEXICO,BAJA CALIFORNIA SUR,admin1,2003-06-08,34,776,poisson,loglinear,5,1.0,-95.985,True,,0.8044,1.4798,0.5653,0.1096
MEXICO,BAJA CALIFORNIA SUR,admin1,2003-06-08,34,776,poisson,loglinear,5,0.75,-23.606,True,312.966,1.0797,1.392,0.3024,0.0952
MEXICO,BAJA CALIFORNIA SUR,admin1,2003-06-08,34,776,poisson,loglinear,7,1.0,-150.866,True,,0.8327,1.4798,0.7483,0.3144
MEXICO,BAJA CALIFORNIA SUR,admin1,2003-06-08,34,776,poisson,loglinear,7,0.75,-76.033,True,-85.633,1.1764,1.392,0.5463,0.3947
MEXICO,SINALOA,admin1,2003-07-13,30,1492,nb,briere,3,1.0,-1.487,True,,0.9727,1.5011,0.033,0.3242
MEXICO,SINALOA,admin1,2003-07-13,30,1492,nb,briere,3,0.75,3.563,False,-5.792,1.1108,1.2622,0.0,0.1183
MEXICO,SINALOA,admin1,2003-07-13,30,1492,nb,briere,5,1.0,-2.941,True,,1.1707,1.5011,0.0,0.2594
MEXICO,SINALOA,admin1,2003-07-13,30,1492,nb,briere,5,0.75,3.544,False,-10.854,1.2058,1.2622,0.0,0.1207
MEXICO,SINALOA,admin1,2003-07-13,30,1492,nb,briere,7,1.0,-3.94,True,,1.3234,1.5011,0.0,0.2289
MEXICO,SINALOA,admin1,2003-07-13,30,1492,nb,briere,7,0.75,3.214,False,-17.037,1.298,1.2622,0.0,0.1689
MEXICO,SINALOA,admin1,2003-07-13,30,1492,nb,loglinear,3,1.0,-4.726,True,,2.4456,1.5011,-0.8579,0.0901
MEXICO,SINALOA,admin1,2003-07-13,30,1492,nb,loglinear,3,0.75,3.188,False,2.094,1.4212,1.2622,-0.3171,0.0959
MEXICO,SINALOA,admin1,2003-07-13,30,1492,nb,loglinear,5,1.0,-4.945,True,,2.3251,1.5011,-0.758,0.0841
MEXICO,SINALOA,admin1,2003-07-13,30,1492,nb,loglinear,5,0.75,3.281,False,-1.357,1.4606,1.2622,-0.2639,0.0709
MEXICO,SINALOA,admin1,2003-07-13,30,1492,nb,loglinear,7,1.0,-5.196,True,,2.165,1.5011,-0.621,0.0997
MEXICO,SINALOA,admin1,2003-07-13,30,1492,nb,loglinear,7,0.75,3.155,False,-11.086,1.4066,1.2622,-0.1375,0.1227
MEXICO,SINALOA,admin1,2003-07-13,30,1492,poisson,briere,3,1.0,-19.59,True,,1.7476,1.528,0.8476,0.0107
MEXICO,SINALOA,admin1,2003-07-13,30,1492,poisson,briere,3,0.75,2.715,False,9.358,1.4738,1.4249,0.0,-0.0243
MEXICO,SINALOA,admin1,2003-07-13,30,1492,poisson,briere,5,1.0,-20.597,True,,1.6831,1.528,0.6881,0.0287
MEXICO,SINALOA,admin1,2003-07-13,30,1492,poisson,briere,5,0.75,-3.598,True,113.657,1.4971,1.4249,0.0,-0.0563
MEXICO,SINALOA,admin1,2003-07-13,30,1492,poisson,briere,7,1.0,-47.363,True,,1.5011,1.528,0.2123,0.1073
MEXICO,SINALOA,admin1,2003-07-13,30,1492,poisson,briere,7,0.75,3.75,False,31.771,1.4289,1.4249,0.0,-0.0122
MEXICO,SINALOA,admin1,2003-07-13,30,1492,poisson,loglinear,3,1.0,-74.919,True,,2.3546,1.528,-0.4966,-0.0989
MEXICO,SINALOA,admin1,2003-07-13,30,1492,poisson,loglinear,3,0.75,-6.344,True,113.6,1.5949,1.4249,-0.1461,-0.0313
MEXICO,SINALOA,admin1,2003-07-13,30,1492,poisson,loglinear,5,1.0,-108.867,True,,2.6513,1.528,-0.6493,-0.1506
MEXICO,SINALOA,admin1,2003-07-13,30,1492,poisson,loglinear,5,0.75,-20.753,True,311.483,1.7385,1.4249,-0.246,-0.0932
MEXICO,SINALOA,admin1,2003-07-13,30,1492,poisson,loglinear,7,1.0,-47.212,True,,1.3268,1.528,0.0885,0.1161
MEXICO,SINALOA,admin1,2003-07-13,30,1492,poisson,loglinear,7,0.75,-10.273,True,436.907,1.6336,1.4249,-0.2384,-0.0651
MEXICO,VERACRUZ,admin1,2003-07-13,31,1035,nb,briere,3,1.0,1.453,False,,1.4467,1.4769,0.8522,0.1597
MEXICO,VERACRUZ,admin1,2003-07-13,31,1035,nb,briere,3,0.75,3.606,False,17.773,1.5122,1.2193,0.2492,-0.2741
MEXICO,VERACRUZ,admin1,2003-07-13,31,1035,nb,briere,5,1.0,1.322,False,,1.5139,1.4769,0.9559,0.1739
MEXICO,VERACRUZ,admin1,2003-07-13,31,1035,nb,briere,5,0.75,3.836,False,13.302,1.3077,1.2193,0.0625,-0.1943
MEXICO,VERACRUZ,admin1,2003-07-13,31,1035,nb,briere,7,1.0,0.521,False,,1.5531,1.4769,1.0905,0.269
MEXICO,VERACRUZ,admin1,2003-07-13,31,1035,nb,briere,7,0.75,3.87,False,-9.945,1.3094,1.2193,0.3838,0.2622
MEXICO,VERACRUZ,admin1,2003-07-13,31,1035,nb,loglinear,3,1.0,1.751,False,,0.8479,1.4769,0.2504,0.1952
MEXICO,VERACRUZ,admin1,2003-07-13,31,1035,nb,loglinear,3,0.75,2.943,False,35.449,2.2948,1.2193,-0.4121,-0.449
MEXICO,VERACRUZ,admin1,2003-07-13,31,1035,nb,loglinear,5,1.0,1.643,False,,0.8306,1.4769,0.2933,0.209
MEXICO,VERACRUZ,admin1,2003-07-13,31,1035,nb,loglinear,5,0.75,2.332,False,33.751,2.6675,1.2193,-0.6551,-0.651
MEXICO,VERACRUZ,admin1,2003-07-13,31,1035,nb,loglinear,7,1.0,0.787,False,,0.7821,1.4769,0.3489,0.3058
MEXICO,VERACRUZ,admin1,2003-07-13,31,1035,nb,loglinear,7,0.75,3.835,False,-9.475,0.8779,1.2193,0.2791,0.458
MEXICO,VERACRUZ,admin1,2003-07-13,31,1035,poisson,briere,3,1.0,-45.968,True,,1.2306,1.3684,0.4774,0.1257
MEXICO,VERACRUZ,admin1,2003-07-13,31,1035,poisson,briere,3,0.75,-38.927,True,13854.74,1.5075,1.1627,0.2753,-0.2487
MEXICO,VERACRUZ,admin1,2003-07-13,31,1035,poisson,briere,5,1.0,-72.475,True,,1.2573,1.3684,0.5845,0.1723
MEXICO,VERACRUZ,admin1,2003-07-13,31,1035,poisson,briere,5,0.75,-8.99,True,2480.326,1.2534,1.1627,0.0931,-0.1174
MEXICO,VERACRUZ,admin1,2003-07-13,31,1035,poisson,briere,7,1.0,-218.839,True,,1.3549,1.3684,0.6769,0.4578
MEXICO,VERACRUZ,admin1,2003-07-13,31,1035,poisson,briere,7,0.75,-25.46,True,-780.851,1.1909,1.1627,0.2418,0.2337
MEXICO,VERACRUZ,admin1,2003-07-13,31,1035,poisson,loglinear,3,1.0,-309.792,True,,2.3546,1.3684,-0.3889,-0.3187
MEXICO,VERACRUZ,admin1,2003-07-13,31,1035,poisson,loglinear,3,0.75,-103.505,True,-874.832,2.123,1.1627,-0.3542,-0.3832
MEXICO,VERACRUZ,admin1,2003-07-13,31,1035,poisson,loglinear,5,1.0,-342.337,True,,2.8057,1.3684,-0.5769,-0.4798
MEXICO,VERACRUZ,admin1,2003-07-13,31,1035,poisson,loglinear,5,0.75,-146.89,True,-871.244,2.2962,1.1627,-0.5312,-0.4845
MEXICO,VERACRUZ,admin1,2003-07-13,31,1035,poisson,loglinear,7,1.0,-227.212,True,,0.7281,1.3684,0.3254,0.5392
MEXICO,VERACRUZ,admin1,2003-07-13,31,1035,poisson,loglinear,7,0.75,-26.733,True,-700.841,0.9953,1.1627,0.1146,0.2747
MEXICO,VERACRUZ,admin1,2004-05-30,35,5567,nb,briere,3,1.0,0.046,False,,1.2975,1.4948,0.0,0.207
MEXICO,VERACRUZ,admin1,2004-05-30,35,5567,nb,briere,3,0.75,2.906,False,-5.256,1.3167,1.4273,0.0,0.1976
MEXICO,VERACRUZ,admin1,2004-05-30,35,5567,nb,briere,5,1.0,-5.778,True,,1.2381,1.4948,0.0,0.3551
MEXICO,VERACRUZ,admin1,2004-05-30,35,5567,nb,briere,5,0.75,-3.287,True,17.137,1.8706,1.4273,2.2221,0.6127
MEXICO,VERACRUZ,admin1,2004-05-30,35,5567,nb,briere,7,1.0,-1.089,True,,1.3508,1.4948,0.0,0.3184
MEXICO,VERACRUZ,admin1,2004-05-30,35,5567,nb,briere,7,0.75,0.314,False,1.951,1.1741,1.4273,0.0,0.5163
MEXICO,VERACRUZ,admin1,2004-05-30,35,5567,nb,loglinear,3,1.0,0.043,False,,1.3129,1.4948,-0.0139,0.2071
MEXICO,VERACRUZ,admin1,2004-05-30,35,5567,nb,loglinear,3,0.75,2.897,False,-4.687,1.289,1.4273,0.0229,0.2145
MEXICO,VERACRUZ,admin1,2004-05-30,35,5567,nb,loglinear,5,1.0,-5.81,True,,1.2975,1.4948,-0.0486,0.344
MEXICO,VERACRUZ,admin1,2004-05-30,35,5567,nb,loglinear,5,0.75,-3.363,True,-0.511,0.9001,1.4273,0.2608,0.6073
MEXICO,VERACRUZ,admin1,2004-05-30,35,5567,nb,loglinear,7,1.0,-4.122,True,,1.7514,1.4948,-0.3505,0.2951
MEXICO,VERACRUZ,admin1,2004-05-30,35,5567,nb,loglinear,7,0.75,-1.594,True,21.625,1.388,1.4273,-0.2996,0.6146
MEXICO,VERACRUZ,admin1,2004-05-30,35,5567,poisson,briere,3,1.0,-289.749,True,,1.2776,1.3766,0.0,0.1697
MEXICO,VERACRUZ,admin1,2004-05-30,35,5567,poisson,briere,3,0.75,-192.856,True,-179.333,1.2883,1.3283,0.0,0.2128
MEXICO,VERACRUZ,admin1,2004-05-30,35,5567,poisson,briere,5,1.0,-1240.741,True,,1.2128,1.3766,0.0,0.4519
MEXICO,VERACRUZ,admin1,2004-05-30,35,5567,poisson,briere,5,0.75,-1264.213,True,25.984,1.7456,1.3283,1.893,0.6392
MEXICO,VERACRUZ,admin1,2004-05-30,35,5567,poisson,briere,7,1.0,-330.105,True,,1.279,1.3766,0.0,0.2538
MEXICO,VERACRUZ,admin1,2004-05-30,35,5567,poisson,briere,7,0.75,-740.149,True,4352.359,1.0484,1.3283,0.0,0.576
MEXICO,VERACRUZ,admin1,2004-05-30,35,5567,poisson,loglinear,3,1.0,-325.348,True,,1.4745,1.3766,-0.1446,0.1462
MEXICO,VERACRUZ,admin1,2004-05-30,35,5567,poisson,loglinear,3,0.75,-215.551,True,-243.353,1.3946,1.3283,-0.0874,0.1355
MEXICO,VERACRUZ,admin1,2004-05-30,35,5567,poisson,loglinear,5,1.0,-1240.995,True,,1.1936,1.3766,0.0163,0.457
MEXICO,VERACRUZ,admin1,2004-05-30,35,5567,poisson,loglinear,5,0.75,-1261.838,True,360.89,0.9397,1.3283,0.216,0.6293
MEXICO,VERACRUZ,admin1,2004-05-30,35,5567,poisson,loglinear,7,1.0,-878.376,True,,1.8318,1.3766,-0.4871,0.3557
MEXICO,VERACRUZ,admin1,2004-05-30,35,5567,poisson,loglinear,7,0.75,-996.016,True,1160.496,1.3593,1.3283,-0.2948,0.56
MEXICO,CHIAPAS,admin1,2005-05-08,37,2024,nb,briere,3,1.0,-5.804,True,,2.1224,1.4169,0.7647,0.1289
MEXICO,CHIAPAS,admin1,2005-05-08,37,2024,nb,briere,3,0.75,2.685,False,-12.433,1.2984,1.3395,0.0,0.0833
MEXICO,CHIAPAS,admin1,2005-05-08,37,2024,nb,briere,5,1.0,-4.76,True,,2.1997,1.4169,0.7359,0.1036
MEXICO,CHIAPAS,admin1,2005-05-08,37,2024,nb,briere,5,0.75,2.997,False,-10.52,1.3326,1.3395,0.0,0.0596
MEXICO,CHIAPAS,admin1,2005-05-08,37,2024,nb,briere,7,1.0,-2.911,True,,2.257,1.4169,0.7177,0.0815
MEXICO,CHIAPAS,admin1,2005-05-08,37,2024,nb,briere,7,0.75,3.461,False,-8.263,1.3535,1.3395,0.0,0.0407
MEXICO,CHIAPAS,admin1,2005-05-08,37,2024,nb,loglinear,3,1.0,-5.248,True,,0.9588,1.4169,0.3048,0.1542
MEXICO,CHIAPAS,admin1,2005-05-08,37,2024,nb,loglinear,3,0.75,2.364,False,0.373,1.4663,1.3395,-0.199,0.0381
MEXICO,CHIAPAS,admin1,2005-05-08,37,2024,nb,loglinear,5,1.0,-6.261,True,,1.7764,1.4169,-0.3778,0.0096
MEXICO,CHIAPAS,admin1,2005-05-08,37,2024,nb,loglinear,5,0.75,2.397,False,1.127,1.4888,1.3395,-0.209,0.0251
MEXICO,CHIAPAS,admin1,2005-05-08,37,2024,nb,loglinear,7,1.0,-6.245,True,,1.786,1.4169,-0.3824,0.003
MEXICO,CHIAPAS,admin1,2005-05-08,37,2024,nb,loglinear,7,0.75,2.5,False,2.162,1.517,1.3395,-0.2387,0.0075
MEXICO,CHIAPAS,admin1,2005-05-08,37,2024,poisson,briere,3,1.0,-19.868,True,,1.4304,1.4044,0.1443,0.0967
MEXICO,CHIAPAS,admin1,2005-05-08,37,2024,poisson,briere,3,0.75,1.198,False,-21.885,1.3381,1.374,0.0,0.0405
MEXICO,CHIAPAS,admin1,2005-05-08,37,2024,poisson,briere,5,1.0,-7.813,True,,1.3553,1.4044,0.0,0.0528
MEXICO,CHIAPAS,admin1,2005-05-08,37,2024,poisson,briere,5,0.75,3.13,False,-8.81,1.3624,1.374,0.0,0.0161
MEXICO,CHIAPAS,admin1,2005-05-08,37,2024,poisson,briere,7,1.0,0.032,False,,1.3891,1.4044,0.0,0.0242
MEXICO,CHIAPAS,admin1,2005-05-08,37,2024,poisson,briere,7,0.75,3.999,False,-0.263,1.3738,1.374,0.0,0.0004
MEXICO,CHIAPAS,admin1,2005-05-08,37,2024,poisson,loglinear,3,1.0,-29.655,True,,1.7308,1.4044,-0.3135,0.0002
MEXICO,CHIAPAS,admin1,2005-05-08,37,2024,poisson,loglinear,3,0.75,0.996,False,-11.08,1.3655,1.374,-0.0306,0.034
MEXICO,CHIAPAS,admin1,2005-05-08,37,2024,poisson,loglinear,5,1.0,-29.724,True,,1.7235,1.4044,-0.3105,0.0045
MEXICO,CHIAPAS,admin1,2005-05-08,37,2024,poisson,loglinear,5,0.75,1.956,False,18.013,1.4119,1.374,-0.0664,0.0119
MEXICO,CHIAPAS,admin1,2005-05-08,37,2024,poisson,loglinear,7,1.0,-30.048,True,,1.7459,1.4044,-0.3222,-0.0082
MEXICO,CHIAPAS,admin1,2005-05-08,37,2024,poisson,loglinear,7,0.75,2.411,False,31.377,1.429,1.374,-0.078,0.0002
MEXICO,TABASCO,admin1,2005-05-22,30,358,nb,briere,3,1.0,1.763,False,,1.3835,1.3511,0.2625,0.1594
MEXICO,TABASCO,admin1,2005-05-22,30,358,nb,briere,3,0.75,2.992,False,-2.518,1.2796,1.2802,0.0,0.1286
MEXICO,TABASCO,admin1,2005-05-22,30,358,nb,briere,5,1.0,0.906,False,,1.4113,1.3511,0.0881,0.1853
MEXICO,TABASCO,admin1,2005-05-22,30,358,nb,briere,5,0.75,2.462,False,-3.622,1.3571,1.2802,0.0,0.1511
MEXICO,TABASCO,admin1,2005-05-22,30,358,nb,briere,7,1.0,3.425,False,,1.4264,1.3511,0.0679,0.0679
MEXICO,TABASCO,admin1,2005-05-22,30,358,nb,briere,7,0.75,3.96,False,-1.048,1.3143,1.2802,0.0,0.0244
MEXICO,TABASCO,admin1,2005-05-22,30,358,nb,loglinear,3,1.0,1.812,False,,1.3007,1.3511,0.0147,0.1617
MEXICO,TABASCO,admin1,2005-05-22,30,358,nb,loglinear,3,0.75,1.598,False,34.222,1.6287,1.2802,-0.592,0.1276
MEXICO,TABASCO,admin1,2005-05-22,30,358,nb,loglinear,5,1.0,0.908,False,,1.4016,1.3511,-0.0183,0.1857
MEXICO,TABASCO,admin1,2005-05-22,30,358,nb,loglinear,5,0.75,1.105,False,30.491,1.9158,1.2802,-0.6713,0.1661
MEXICO,TABASCO,admin1,2005-05-22,30,358,nb,loglinear,7,1.0,3.318,False,,1.505,1.3511,-0.1036,0.0766
MEXICO,TABASCO,admin1,2005-05-22,30,358,nb,loglinear,7,0.75,2.187,False,34.808,1.5048,1.2802,-0.5712,0.0118
MEXICO,TABASCO,admin1,2005-05-22,30,358,poisson,briere,3,1.0,-5.92,True,,1.314,1.3591,0.0,0.1524
MEXICO,TABASCO,admin1,2005-05-22,30,358,poisson,briere,3,0.75,-4.464,True,-2.123,1.2958,1.3301,0.0,0.1505
MEXICO,TABASCO,admin1,2005-05-22,30,358,poisson,briere,5,1.0,-5.875,True,,1.3708,1.3591,0.0,0.1167
MEXICO,TABASCO,admin1,2005-05-22,30,358,poisson,briere,5,0.75,-3.941,True,-3.46,1.3613,1.3301,0.0,0.1093
MEXICO,TABASCO,admin1,2005-05-22,30,358,poisson,briere,7,1.0,3.771,False,,1.3717,1.3591,0.0,0.0166
MEXICO,TABASCO,admin1,2005-05-22,30,358,poisson,briere,7,0.75,3.996,False,0.218,1.3269,1.3301,0.0,-0.0027
MEXICO,TABASCO,admin1,2005-05-22,30,358,poisson,loglinear,3,1.0,-6.068,True,,1.3584,1.3591,-0.0529,0.1483
MEXICO,TABASCO,admin1,2005-05-22,30,358,poisson,loglinear,3,0.75,-13.976,True,315.525,1.6862,1.3301,-0.638,0.1418
MEXICO,TABASCO,admin1,2005-05-22,30,358,poisson,loglinear,5,1.0,-6.381,True,,1.4532,1.3591,-0.1006,0.1128
MEXICO,TABASCO,admin1,2005-05-22,30,358,poisson,loglinear,5,0.75,-13.415,True,330.421,1.8089,1.3301,-0.6952,0.1046
MEXICO,TABASCO,admin1,2005-05-22,30,358,poisson,loglinear,7,1.0,2.297,False,,1.5328,1.3591,-0.1835,0.0292
MEXICO,TABASCO,admin1,2005-05-22,30,358,poisson,loglinear,7,0.75,-8.399,True,340.548,1.5229,1.3301,-0.6481,-0.0071
MEXICO,VERACRUZ,admin1,2005-05-22,36,4425,nb,briere,3,1.0,0.975,False,,1.2444,1.3653,0.0,0.1396
MEXICO,VERACRUZ,admin1,2005-05-22,36,4425,nb,briere,3,0.75,3.956,False,-3.808,1.2613,1.2643,0.0,0.0366
MEXICO,VERACRUZ,admin1,2005-05-22,36,4425,nb,briere,5,1.0,0.774,False,,1.3104,1.3653,0.0,0.1357
MEXICO,VERACRUZ,admin1,2005-05-22,36,4425,nb,briere,5,0.75,3.96,False,-3.51,1.2786,1.2643,0.0,0.0331
MEXICO,VERACRUZ,admin1,2005-05-22,36,4425,nb,briere,7,1.0,0.783,False,,1.3731,1.3653,0.0,0.1368
MEXICO,VERACRUZ,admin1,2005-05-22,36,4425,nb,briere,7,0.75,3.872,False,-5.115,1.3108,1.2643,0.0,0.0551
MEXICO,VERACRUZ,admin1,2005-05-22,36,4425,nb,loglinear,3,1.0,-0.271,True,,1.7667,1.3653,-0.4209,0.0132
MEXICO,VERACRUZ,admin1,2005-05-22,36,4425,nb,loglinear,3,0.75,3.439,False,-4.905,1.4986,1.2643,-0.3723,0.0415
MEXICO,VERACRUZ,admin1,2005-05-22,36,4425,nb,loglinear,5,1.0,-0.316,True,,1.7383,1.3653,-0.3936,0.0296
MEXICO,VERACRUZ,admin1,2005-05-22,36,4425,nb,loglinear,5,0.75,3.438,False,-5.63,1.5157,1.2643,-0.3678,0.0353
MEXICO,VERACRUZ,admin1,2005-05-22,36,4425,nb,loglinear,7,1.0,-0.368,True,,1.7305,1.3653,-0.3722,0.0372
MEXICO,VERACRUZ,admin1,2005-05-22,36,4425,nb,loglinear,7,0.75,3.343,False,-6.023,1.5185,1.2643,-0.3338,0.0477
MEXICO,VERACRUZ,admin1,2005-05-22,36,4425,poisson,briere,3,1.0,-66.229,True,,1.2814,1.3602,0.0,0.0771
MEXICO,VERACRUZ,admin1,2005-05-22,36,4425,poisson,briere,3,0.75,0.609,False,298.89,1.3129,1.2976,0.0,-0.0331
MEXICO,VERACRUZ,admin1,2005-05-22,36,4425,poisson,briere,5,1.0,-57.607,True,,1.3204,1.3602,0.0,0.0712
MEXICO,VERACRUZ,admin1,2005-05-22,36,4425,poisson,briere,5,0.75,-1.952,True,375.209,1.2961,1.2976,0.0,-0.041
MEXICO,VERACRUZ,admin1,2005-05-22,36,4425,poisson,briere,7,1.0,-98.818,True,,1.3542,1.3602,0.0,0.0947
MEXICO,VERACRUZ,admin1,2005-05-22,36,4425,poisson,briere,7,0.75,-4.109,True,-189.399,1.3159,1.2976,0.0,0.0409
MEXICO,VERACRUZ,admin1,2005-05-22,36,4425,poisson,loglinear,3,1.0,-147.954,True,,1.6825,1.3602,-0.3433,0.039
MEXICO,VERACRUZ,admin1,2005-05-22,36,4425,poisson,loglinear,3,0.75,-23.228,True,219.745,1.4579,1.2976,-0.2718,0.0384
MEXICO,VERACRUZ,admin1,2005-05-22,36,4425,poisson,loglinear,5,1.0,-143.945,True,,1.7121,1.3602,-0.3471,0.0254
MEXICO,VERACRUZ,admin1,2005-05-22,36,4425,poisson,loglinear,5,0.75,-18.804,True,306.539,1.4726,1.2976,-0.259,0.0188
MEXICO,VERACRUZ,admin1,2005-05-22,36,4425,poisson,loglinear,7,1.0,-170.458,True,,1.6623,1.3602,-0.292,0.0575
MEXICO,VERACRUZ,admin1,2005-05-22,36,4425,poisson,loglinear,7,0.75,-46.376,True,37.769,1.4797,1.2976,-0.2456,0.0586
MEXICO,OAXACA,admin1,2005-06-19,34,1127,nb,briere,3,1.0,0.765,False,,1.7953,1.298,0.2077,-0.0065
MEXICO,OAXACA,admin1,2005-06-19,34,1127,nb,briere,3,0.75,3.762,False,5.275,1.3573,1.254,0.0269,-0.0657
MEXICO,OAXACA,admin1,2005-06-19,34,1127,nb,briere,5,1.0,0.741,False,,1.7444,1.298,0.1987,0.0131
MEXICO,OAXACA,admin1,2005-06-19,34,1127,nb,briere,5,0.75,3.803,False,-5.602,1.4824,1.254,0.1193,0.0739
MEXICO,OAXACA,admin1,2005-06-19,34,1127,nb,briere,7,1.0,0.741,False,,1.7804,1.298,0.2034,-0.0141
MEXICO,OAXACA,admin1,2005-06-19,34,1127,nb,briere,7,0.75,3.753,False,-1.224,1.4808,1.254,0.0936,0.1211
MEXICO,OAXACA,admin1,2005-06-19,34,1127,nb,loglinear,3,1.0,2.023,False,,1.0199,1.298,0.199,0.0513
MEXICO,OAXACA,admin1,2005-06-19,34,1127,nb,loglinear,3,0.75,3.702,False,20.369,1.1613,1.254,0.099,-0.0406
MEXICO,OAXACA,admin1,2005-06-19,34,1127,nb,loglinear,5,1.0,1.63,False,,1.0144,1.298,0.2113,0.0646
MEXICO,OAXACA,admin1,2005-06-19,34,1127,nb,loglinear,5,0.75,3.569,False,5.258,1.0602,1.254,0.1613,0.1171
MEXICO,OAXACA,admin1,2005-06-19,34,1127,nb,loglinear,7,1.0,2.105,False,,1.0212,1.298,0.2317,0.0454
MEXICO,OAXACA,admin1,2005-06-19,34,1127,nb,loglinear,7,0.75,3.545,False,-1.211,1.1316,1.254,0.1481,0.1601
MEXICO,OAXACA,admin1,2005-06-19,34,1127,poisson,briere,3,1.0,-35.203,True,,1.6514,1.3215,0.1775,0.0195
MEXICO,OAXACA,admin1,2005-06-19,34,1127,poisson,briere,3,0.75,-20.499,True,309.424,1.381,1.243,0.0,-0.1162
MEXICO,OAXACA,admin1,2005-06-19,34,1127,poisson,briere,5,1.0,-45.862,True,,1.6128,1.3215,0.1774,0.0619
MEXICO,OAXACA,admin1,2005-06-19,34,1127,poisson,briere,5,0.75,-0.592,True,35.768,1.351,1.243,0.0522,-0.0173
MEXICO,OAXACA,admin1,2005-06-19,34,1127,poisson,briere,7,1.0,-37.193,True,,1.7116,1.3215,0.195,0.0354
MEXICO,OAXACA,admin1,2005-06-19,34,1127,poisson,briere,7,0.75,-2.031,True,-144.398,1.4102,1.243,0.0778,0.0772
MEXICO,OAXACA,admin1,2005-06-19,34,1127,poisson,loglinear,3,1.0,-24.403,True,,1.0189,1.3215,0.1887,0.0638
MEXICO,OAXACA,admin1,2005-06-19,34,1127,poisson,loglinear,3,0.75,-21.682,True,168.572,1.56,1.243,-0.0902,-0.1822
MEXICO,OAXACA,admin1,2005-06-19,34,1127,poisson,loglinear,5,1.0,-50.829,True,,0.9921,1.3215,0.2062,0.1098
MEXICO,OAXACA,admin1,2005-06-19,34,1127,poisson,loglinear,5,0.75,-8.915,True,714.593,1.1119,1.243,0.1139,0.0274
MEXICO,OAXACA,admin1,2005-06-19,34,1127,poisson,loglinear,7,1.0,-36.344,True,,0.9981,1.3215,0.2438,0.1048
MEXICO,OAXACA,admin1,2005-06-19,34,1127,poisson,loglinear,7,0.75,-13.057,True,3.672,1.1106,1.243,0.1458,0.1339
MEXICO,COLIMA,admin1,2005-06-26,32,437,nb,briere,3,1.0,-0.1,True,,0.9049,1.1901,0.0,0.1734
MEXICO,COLIMA,admin1,2005-06-26,32,437,nb,briere,3,0.75,3.535,False,-12.611,0.9501,1.0525,0.0,0.1355
MEXICO,COLIMA,admin1,2005-06-26,32,437,nb,briere,5,1.0,-1.297,True,,1.089,1.1901,0.395,0.177
MEXICO,COLIMA,admin1,2005-06-26,32,437,nb,briere,5,0.75,0.601,False,4.995,0.8265,1.0525,0.0,0.4716
MEXICO,COLIMA,admin1,2005-06-26,32,437,nb,briere,7,1.0,-0.524,True,,1.4956,1.1901,0.9943,0.1384
MEXICO,COLIMA,admin1,2005-06-26,32,437,nb,briere,7,0.75,1.033,False,-3.737,1.685,1.0525,1.5498,0.3641
MEXICO,COLIMA,admin1,2005-06-26,32,437,nb,loglinear,3,1.0,-0.151,True,,0.8948,1.1901,-0.0325,0.2033
MEXICO,COLIMA,admin1,2005-06-26,32,437,nb,loglinear,3,0.75,1.94,False,12.492,1.5799,1.0525,-0.5158,0.0463
MEXICO,COLIMA,admin1,2005-06-26,32,437,nb,loglinear,5,1.0,-1.254,True,,0.8925,1.1901,0.0474,0.1824
MEXICO,COLIMA,admin1,2005-06-26,32,437,nb,loglinear,5,0.75,0.372,False,-1.951,1.2774,1.0525,-0.2839,0.4038
MEXICO,COLIMA,admin1,2005-06-26,32,437,nb,loglinear,7,1.0,-0.38,True,,0.9095,1.1901,0.1282,0.1445
MEXICO,COLIMA,admin1,2005-06-26,32,437,nb,loglinear,7,0.75,0.495,False,8.508,1.4648,1.0525,-0.3166,0.2862
MEXICO,COLIMA,admin1,2005-06-26,32,437,poisson,briere,3,1.0,-47.402,True,,0.889,1.2894,0.0,0.2487
MEXICO,COLIMA,admin1,2005-06-26,32,437,poisson,briere,3,0.75,-4.953,True,-267.508,0.9933,1.1181,0.0,0.1274
MEXICO,COLIMA,admin1,2005-06-26,32,437,poisson,briere,5,1.0,-71.947,True,,1.1618,1.2894,0.673,0.2982
MEXICO,COLIMA,admin1,2005-06-26,32,437,poisson,briere,5,0.75,-30.514,True,-332.43,0.8855,1.1181,0.0,0.4392
MEXICO,COLIMA,admin1,2005-06-26,32,437,poisson,briere,7,1.0,-49.416,True,,1.9368,1.2894,1.5821,0.2019
MEXICO,COLIMA,admin1,2005-06-26,32,437,poisson,briere,7,0.75,-10.587,True,-327.829,1.6901,1.1181,1.3012,0.2306
MEXICO,COLIMA,admin1,2005-06-26,32,437,poisson,loglinear,3,1.0,-47.533,True,,0.883,1.2894,-0.0151,0.2626
MEXICO,COLIMA,admin1,2005-06-26,32,437,poisson,loglinear,3,0.75,-25.065,True,-204.712,1.7886,1.1181,-0.4575,-0.1668
MEXICO,COLIMA,admin1,2005-06-26,32,437,poisson,loglinear,5,1.0,-71.63,True,,0.8281,1.2894,0.0846,0.3052
MEXICO,COLIMA,admin1,2005-06-26,32,437,poisson,loglinear,5,0.75,-31.222,True,-335.046,1.0743,1.1181,-0.1295,0.4084
MEXICO,COLIMA,admin1,2005-06-26,32,437,poisson,loglinear,7,1.0,-47.129,True,,0.8776,1.2894,0.2049,0.2115
MEXICO,COLIMA,admin1,2005-06-26,32,437,poisson,loglinear,7,0.75,-21.816,True,-272.287,1.4704,1.1181,-0.3512,0.1209
MEXICO,NAYARIT,admin1,2005-06-26,36,419,nb,briere,3,1.0,3.197,False,,1.8654,1.4017,0.287,-0.1469
MEXICO,NAYARIT,admin1,2005-06-26,36,419,nb,briere,3,0.75,2.902,False,8.71,2.1957,1.3452,0.7365,-0.1835
MEXICO,NAYARIT,admin1,2005-06-26,36,419,nb,briere,5,1.0,2.043,False,,1.64,1.4017,0.0028,-0.1439
MEXICO,NAYARIT,admin1,2005-06-26,36,419,nb,briere,5,0.75,0.759,False,17.089,1.9743,1.3452,0.523,-0.202
MEXICO,NAYARIT,admin1,2005-06-26,36,419,nb,briere,7,1.0,2.299,False,,1.5569,1.4017,0.0,-0.0948
MEXICO,NAYARIT,admin1,2005-06-26,36,419,nb,briere,7,0.75,-0.961,True,46.397,1.6924,1.3452,0.3485,-0.2324
MEXICO,NAYARIT,admin1,2005-06-26,36,419,nb,loglinear,3,1.0,3.052,False,,1.5841,1.4017,0.0804,-0.1569
MEXICO,NAYARIT,admin1,2005-06-26,36,419,nb,loglinear,3,0.75,2.433,False,11.148,1.4536,1.3452,0.2302,-0.2032
MEXICO,NAYARIT,admin1,2005-06-26,36,419,nb,loglinear,5,1.0,2.041,False,,1.6375,1.4017,0.003,-0.1446
MEXICO,NAYARIT,admin1,2005-06-26,36,419,nb,loglinear,5,0.75,0.564,False,27.57,1.4384,1.3452,0.1666,-0.2053
MEXICO,NAYARIT,admin1,2005-06-26,36,419,nb,loglinear,7,1.0,1.46,False,,1.6621,1.4017,-0.0714,-0.1374
MEXICO,NAYARIT,admin1,2005-06-26,36,419,nb,loglinear,7,0.75,-1.003,True,54.452,1.4008,1.3452,0.086,-0.2277
MEXICO,NAYARIT,admin1,2005-06-26,36,419,poisson,briere,3,1.0,-11.727,True,,1.5773,1.3327,0.0,-0.1476
MEXICO,NAYARIT,admin1,2005-06-26,36,419,poisson,briere,3,0.75,0.894,False,101.054,1.6631,1.1832,0.417,-0.1386
MEXICO,NAYARIT,admin1,2005-06-26,36,419,poisson,briere,5,1.0,-32.594,True,,1.8336,1.3327,0.0,-0.2534
MEXICO,NAYARIT,admin1,2005-06-26,36,419,poisson,briere,5,0.75,-35.419,True,1727.829,2.2871,1.1832,0.7501,-0.2989
MEXICO,NAYARIT,admin1,2005-06-26,36,419,poisson,briere,7,1.0,-15.147,True,,1.8358,1.3327,0.0,-0.2272
MEXICO,NAYARIT,admin1,2005-06-26,36,419,poisson,briere,7,0.75,-66.4,True,24315.095,1.8095,1.1832,0.3594,-0.3026
MEXICO,NAYARIT,admin1,2005-06-26,36,419,poisson,loglinear,3,1.0,-12.007,True,,1.6164,1.3327,0.0341,-0.1858
MEXICO,NAYARIT,admin1,2005-06-26,36,419,poisson,loglinear,3,0.75,-7.18,True,8822.462,1.3985,1.1832,0.261,-0.2653
MEXICO,NAYARIT,admin1,2005-06-26,36,419,poisson,loglinear,5,1.0,-32.791,True,,1.8065,1.3327,-0.0153,-0.2367
MEXICO,NAYARIT,admin1,2005-06-26,36,419,poisson,loglinear,5,0.75,-40.541,True,45223.699,1.5052,1.1832,0.2224,-0.3107
MEXICO,NAYARIT,admin1,2005-06-26,36,419,poisson,loglinear,7,1.0,-46.353,True,,1.8217,1.3327,-0.1276,-0.2075
MEXICO,NAYARIT,admin1,2005-06-26,36,419,poisson,loglinear,7,0.75,-67.083,True,42223.801,1.4886,1.1832,0.089,-0.2968
MEXICO,CHIAPAS,admin1,2006-04-02,45,724,nb,briere,3,1.0,2.276,False,,1.3875,1.215,0.2142,-0.0651
MEXICO,CHIAPAS,admin1,2006-04-02,45,724,nb,briere,3,0.75,1.66,False,2.467,1.367,1.2154,0.2347,-0.0974
MEXICO,CHIAPAS,admin1,2006-04-02,45,724,nb,briere,5,1.0,-0.093,True,,1.406,1.215,0.3126,-0.1083
MEXICO,CHIAPAS,admin1,2006-04-02,45,724,nb,briere,5,0.75,0.764,False,-0.318,1.3353,1.2154,0.251,-0.1078
MEXICO,CHIAPAS,admin1,2006-04-02,45,724,nb,briere,7,1.0,-0.998,True,,1.2839,1.215,0.2298,-0.1141
MEXICO,CHIAPAS,admin1,2006-04-02,45,724,nb,briere,7,0.75,0.987,False,-2.241,1.3332,1.2154,0.2737,-0.0984
MEXICO,CHIAPAS,admin1,2006-04-02,45,724,nb,loglinear,3,1.0,2.703,False,,1.1361,1.215,0.0643,-0.0566
MEXICO,CHIAPAS,admin1,2006-04-02,45,724,nb,loglinear,3,0.75,2.2,False,17.555,1.174,1.2154,-0.0215,-0.0914
MEXICO,CHIAPAS,admin1,2006-04-02,45,724,nb,loglinear,5,1.0,0.489,False,,1.016,1.215,0.119,-0.1069
MEXICO,CHIAPAS,admin1,2006-04-02,45,724,nb,loglinear,5,0.75,1.508,False,18.64,1.0917,1.2154,0.0126,-0.1153
MEXICO,CHIAPAS,admin1,2006-04-02,45,724,nb,loglinear,7,1.0,-0.521,True,,1.0113,1.215,0.0868,-0.1146
MEXICO,CHIAPAS,admin1,2006-04-02,45,724,nb,loglinear,7,0.75,1.801,False,12.3,1.0533,1.2154,0.0343,-0.1077
MEXICO,CHIAPAS,admin1,2006-04-02,45,724,poisson,briere,3,1.0,-13.311,True,,1.4456,1.2073,0.2814,-0.0947
MEXICO,CHIAPAS,admin1,2006-04-02,45,724,poisson,briere,3,0.75,-25.908,True,80.445,1.3108,1.1922,0.1906,-0.1477
MEXICO,CHIAPAS,admin1,2006-04-02,45,724,poisson,briere,5,1.0,-28.241,True,,1.4045,1.2073,0.3034,-0.1207
MEXICO,CHIAPAS,admin1,2006-04-02,45,724,poisson,briere,5,0.75,-30.609,True,10.436,1.292,1.1922,0.202,-0.1269
MEXICO,CHIAPAS,admin1,2006-04-02,45,724,poisson,briere,7,1.0,-27.844,True,,1.3045,1.2073,0.2442,-0.1062
MEXICO,CHIAPAS,admin1,2006-04-02,45,724,poisson,briere,7,0.75,-24.007,True,-9.767,1.2938,1.1922,0.2356,-0.1003
MEXICO,CHIAPAS,admin1,2006-04-02,45,724,poisson,loglinear,3,1.0,-10.835,True,,1.0873,1.2073,0.1042,-0.0904
MEXICO,CHIAPAS,admin1,2006-04-02,45,724,poisson,loglinear,3,0.75,-21.386,True,263.919,1.1319,1.1922,0.024,-0.1456
MEXICO,CHIAPAS,admin1,2006-04-02,45,724,poisson,loglinear,5,1.0,-25.847,True,,1.0252,1.2073,0.1184,-0.1202
MEXICO,CHIAPAS,admin1,2006-04-02,45,724,poisson,loglinear,5,0.75,-25.817,True,174.376,1.0836,1.1922,0.042,-0.1322
MEXICO,CHIAPAS,admin1,2006-04-02,45,724,poisson,loglinear,7,1.0,-25.588,True,,1.0124,1.2073,0.0953,-0.1063
MEXICO,CHIAPAS,admin1,2006-04-02,45,724,poisson,loglinear,7,0.75,-18.693,True,90.016,1.0507,1.1922,0.0602,-0.1032
MEXICO,MORELOS,admin1,2006-06-11,34,2778,nb,briere,3,1.0,-2.171,True,,1.4395,1.3834,0.2347,0.217
MEXICO,MORELOS,admin1,2006-06-11,34,2778,nb,briere,3,0.75,3.691,False,6.801,1.237,1.1436,0.0,-0.0853
MEXICO,MORELOS,admin1,2006-06-11,34,2778,nb,briere,5,1.0,-3.778,True,,1.1159,1.3834,0.0,0.2283
MEXICO,MORELOS,admin1,2006-06-11,34,2778,nb,briere,5,0.75,3.673,False,13.323,1.1914,1.1436,0.0,-0.0844
MEXICO,MORELOS,admin1,2006-06-11,34,2778,nb,briere,7,1.0,-5.58,True,,1.2041,1.3834,0.0,0.2231
MEXICO,MORELOS,admin1,2006-06-11,34,2778,nb,briere,7,0.75,3.849,False,6.471,1.1551,1.1436,0.0,-0.046
MEXICO,MORELOS,admin1,2006-06-11,34,2778,nb,loglinear,3,1.0,-9.022,True,,1.7072,1.3834,-0.437,0.0215
MEXICO,MORELOS,admin1,2006-06-11,34,2778,nb,loglinear,3,0.75,3.142,False,-26.944,1.5036,1.1436,-0.3892,-0.0377
MEXICO,MORELOS,admin1,2006-06-11,34,2778,nb,loglinear,5,1.0,-9.209,True,,1.6727,1.3834,-0.4298,0.0503
MEXICO,MORELOS,admin1,2006-06-11,34,2778,nb,loglinear,5,0.75,3.16,False,-26.174,1.4881,1.1436,-0.4071,-0.0241
MEXICO,MORELOS,admin1,2006-06-11,34,2778,nb,loglinear,7,1.0,-9.45,True,,1.6469,1.3834,-0.3944,0.0669
MEXICO,MORELOS,admin1,2006-06-11,34,2778,nb,loglinear,7,0.75,3.18,False,-25.176,1.4722,1.1436,-0.4072,-0.0123
MEXICO,MORELOS,admin1,2006-06-11,34,2778,poisson,briere,3,1.0,-413.874,True,,2.2979,1.3333,0.0,-0.5124
MEXICO,MORELOS,admin1,2006-06-11,34,2778,poisson,briere,3,0.75,-51.251,True,-119.506,1.3476,1.1234,0.0,-0.1322
MEXICO,MORELOS,admin1,2006-06-11,34,2778,poisson,briere,5,1.0,-175.016,True,,1.1003,1.3333,0.0,0.1565
MEXICO,MORELOS,admin1,2006-06-11,34,2778,poisson,briere,5,0.75,-36.026,True,5757.745,1.2278,1.1234,0.0,-0.0955
MEXICO,MORELOS,admin1,2006-06-11,34,2778,poisson,briere,7,1.0,-282.863,True,,1.1642,1.3333,0.0,0.1679
MEXICO,MORELOS,admin1,2006-06-11,34,2778,poisson,briere,7,0.75,-16.634,True,3306.075,1.1768,1.1234,0.0,-0.0609
MEXICO,MORELOS,admin1,2006-06-11,34,2778,poisson,loglinear,3,1.0,-959.82,True,,1.8213,1.3333,-0.4265,-0.0974
MEXICO,MORELOS,admin1,2006-06-11,34,2778,poisson,loglinear,3,0.75,-131.576,True,-3869.23,1.5068,1.1234,-0.3041,-0.0762
MEXICO,MORELOS,admin1,2006-06-11,34,2778,poisson,loglinear,5,1.0,-957.214,True,,1.8078,1.3333,-0.4824,-0.0658
MEXICO,MORELOS,admin1,2006-06-11,34,2778,poisson,loglinear,5,0.75,-127.861,True,-3692.331,1.4711,1.1234,-0.3451,-0.0456
MEXICO,MORELOS,admin1,2006-06-11,34,2778,poisson,loglinear,7,1.0,-949.133,True,,1.7818,1.3333,-0.5084,-0.0393
MEXICO,MORELOS,admin1,2006-06-11,34,2778,poisson,loglinear,7,0.75,-124.064,True,-3572.303,1.444,1.1234,-0.3566,-0.0276
MEXICO,GUERRERO,admin1,2006-06-18,35,4336,nb,briere,3,1.0,2.997,False,,1.7904,1.2109,1.3632,0.0831
MEXICO,GUERRERO,admin1,2006-06-18,35,4336,nb,briere,3,0.75,3.933,False,6.103,1.2281,1.0736,0.2059,-0.0744
MEXICO,GUERRERO,admin1,2006-06-18,35,4336,nb,briere,5,1.0,2.59,False,,2.025,1.2109,1.6639,0.1018
MEXICO,GUERRERO,admin1,2006-06-18,35,4336,nb,briere,5,0.75,3.942,False,-5.668,1.1173,1.0736,0.2008,0.0746
MEXICO,GUERRERO,admin1,2006-06-18,35,4336,nb,briere,7,1.0,3.133,False,,2.5786,1.2109,2.2026,0.0916
MEXICO,GUERRERO,admin1,2006-06-18,35,4336,nb,briere,7,0.75,3.996,False,0.279,1.0798,1.0736,0.0005,-0.0113
MEXICO,GUERRERO,admin1,2006-06-18,35,4336,nb,loglinear,3,1.0,3.046,False,,0.9792,1.2109,0.1253,0.0819
MEXICO,GUERRERO,admin1,2006-06-18,35,4336,nb,loglinear,3,0.75,3.942,False,6.37,1.1205,1.0736,0.0161,-0.0706
MEXICO,GUERRERO,admin1,2006-06-18,35,4336,nb,loglinear,5,1.0,2.644,False,,0.9698,1.2109,0.153,0.1003
MEXICO,GUERRERO,admin1,2006-06-18,35,4336,nb,loglinear,5,0.75,3.949,False,-5.94,1.0367,1.0736,0.0068,0.0759
MEXICO,GUERRERO,admin1,2006-06-18,35,4336,nb,loglinear,7,1.0,3.18,False,,0.9737,1.2109,0.2017,0.0881
MEXICO,GUERRERO,admin1,2006-06-18,35,4336,nb,loglinear,7,0.75,3.994,False,0.992,1.0851,1.0736,-0.0102,-0.0217
MEXICO,GUERRERO,admin1,2006-06-18,35,4336,poisson,briere,3,1.0,-126.418,True,,1.4599,1.2716,0.6987,0.1035
MEXICO,GUERRERO,admin1,2006-06-18,35,4336,poisson,briere,3,0.75,-11.81,True,5362.348,1.4883,1.1512,0.6222,-0.0634
MEXICO,GUERRERO,admin1,2006-06-18,35,4336,poisson,briere,5,1.0,-206.148,True,,1.7798,1.2716,1.2608,0.1426
MEXICO,GUERRERO,admin1,2006-06-18,35,4336,poisson,briere,5,0.75,-26.352,True,-1616.745,1.1329,1.1512,0.0896,0.1288
MEXICO,GUERRERO,admin1,2006-06-18,35,4336,poisson,briere,7,1.0,-26.906,True,,1.7985,1.2716,1.013,0.0562
MEXICO,GUERRERO,admin1,2006-06-18,35,4336,poisson,briere,7,0.75,-47.213,True,9587.147,1.1769,1.1512,0.0,-0.1406
MEXICO,GUERRERO,admin1,2006-06-18,35,4336,poisson,loglinear,3,1.0,-124.19,True,,1.0746,1.2716,0.0638,0.1023
MEXICO,GUERRERO,admin1,2006-06-18,35,4336,poisson,loglinear,3,0.75,-8.249,True,6557.06,1.1352,1.1512,0.0624,-0.0623
MEXICO,GUERRERO,admin1,2006-06-18,35,4336,poisson,loglinear,5,1.0,-204.24,True,,1.0185,1.2716,0.1196,0.1416
MEXICO,GUERRERO,admin1,2006-06-18,35,4336,poisson,loglinear,5,0.75,-26.077,True,-1636.271,1.0958,1.1512,0.0014,0.1321
MEXICO,GUERRERO,admin1,2006-06-18,35,4336,poisson,loglinear,7,1.0,-26.386,True,,1.149,1.2716,0.0954,0.0544
MEXICO,GUERRERO,admin1,2006-06-18,35,4336,poisson,loglinear,7,0.75,-47.85,True,11013.629,1.1831,1.1512,-0.0093,-0.1523
MEXICO,QUINTANA ROO,admin1,2006-06-18,35,2430,nb,briere,3,1.0,1.378,False,,1.3843,1.247,0.7041,0.1389
MEXICO,QUINTANA ROO,admin1,2006-06-18,35,2430,nb,briere,3,0.75,3.567,False,-8.454,1.3175,1.3658,0.0,0.0768
MEXICO,QUINTANA ROO,admin1,2006-06-18,35,2430,nb,briere,5,1.0,1.781,False,,1.367,1.247,0.7319,0.1079
MEXICO,QUINTANA ROO,admin1,2006-06-18,35,2430,nb,briere,5,0.75,3.781,False,-8.885,1.3111,1.3658,0.0,0.0516
MEXICO,QUINTANA ROO,admin1,2006-06-18,35,2430,nb,briere,7,1.0,2.697,False,,1.393,1.247,0.8407,0.0841
MEXICO,QUINTANA ROO,admin1,2006-06-18,35,2430,nb,briere,7,0.75,3.95,False,-5.515,1.3256,1.3658,0.0,0.0341
MEXICO,QUINTANA ROO,admin1,2006-06-18,35,2430,nb,loglinear,3,1.0,1.465,False,,1.0968,1.247,0.0781,0.142
MEXICO,QUINTANA ROO,admin1,2006-06-18,35,2430,nb,loglinear,3,0.75,3.51,False,6.366,1.4805,1.3658,-0.1194,0.0399
MEXICO,QUINTANA ROO,admin1,2006-06-18,35,2430,nb,loglinear,5,1.0,1.89,False,,1.0724,1.247,0.0812,0.1105
MEXICO,QUINTANA ROO,admin1,2006-06-18,35,2430,nb,loglinear,5,0.75,3.587,False,31.175,1.5364,1.3658,-0.163,0.0142
MEXICO,QUINTANA ROO,admin1,2006-06-18,35,2430,nb,loglinear,7,1.0,2.816,False,,1.0552,1.247,0.0909,0.0889
MEXICO,QUINTANA ROO,admin1,2006-06-18,35,2430,nb,loglinear,7,0.75,3.56,False,46.22,1.5497,1.3658,-0.1904,0.0274
MEXICO,QUINTANA ROO,admin1,2006-06-18,35,2430,poisson,briere,3,1.0,-167.575,True,,1.4162,1.2177,0.7972,0.1245
MEXICO,QUINTANA ROO,admin1,2006-06-18,35,2430,poisson,briere,3,0.75,-38.79,True,-255.667,1.5733,1.3231,1.1641,0.1488
MEXICO,QUINTANA ROO,admin1,2006-06-18,35,2430,poisson,briere,5,1.0,-129.234,True,,1.4347,1.2177,0.909,0.0647
MEXICO,QUINTANA ROO,admin1,2006-06-18,35,2430,poisson,briere,5,0.75,-2.636,True,-325.026,1.4949,1.3231,1.0143,0.0831
MEXICO,QUINTANA ROO,admin1,2006-06-18,35,2430,poisson,briere,7,1.0,-105.06,True,,1.5274,1.2177,1.1265,-0.0029
MEXICO,QUINTANA ROO,admin1,2006-06-18,35,2430,poisson,briere,7,0.75,2.207,False,61.808,1.346,1.3231,0.0,-0.0218
MEXICO,QUINTANA ROO,admin1,2006-06-18,35,2430,poisson,loglinear,3,1.0,-159.545,True,,1.0874,1.2177,0.0899,0.1263
MEXICO,QUINTANA ROO,admin1,2006-06-18,35,2430,poisson,loglinear,3,0.75,-37.067,True,-112.157,1.1119,1.3231,0.1335,0.15
MEXICO,QUINTANA ROO,admin1,2006-06-18,35,2430,poisson,loglinear,5,1.0,-119.114,True,,1.0607,1.2177,0.1032,0.0645
MEXICO,QUINTANA ROO,admin1,2006-06-18,35,2430,poisson,loglinear,5,0.75,0.054,False,63.031,1.3734,1.3231,-0.0412,0.0144
MEXICO,QUINTANA ROO,admin1,2006-06-18,35,2430,poisson,loglinear,7,1.0,-95.505,True,,1.0512,1.2177,0.1287,-0.0031
MEXICO,QUINTANA ROO,admin1,2006-06-18,35,2430,poisson,loglinear,7,0.75,-5.556,True,463.427,1.5034,1.3231,-0.109,-0.0352
MEXICO,MICHOACAN,admin1,2006-06-25,33,378,nb,briere,3,1.0,3.833,False,,1.1861,1.2666,0.0,0.0457
MEXICO,MICHOACAN,admin1,2006-06-25,33,378,nb,briere,3,0.75,3.216,False,11.278,0.984,1.2736,0.0,0.2329
MEXICO,MICHOACAN,admin1,2006-06-25,33,378,nb,briere,5,1.0,3.9,False,,1.3138,1.2666,0.0,-0.028
MEXICO,MICHOACAN,admin1,2006-06-25,33,378,nb,briere,5,0.75,3.502,False,8.674,1.137,1.2736,0.0,0.1434
MEXICO,MICHOACAN,admin1,2006-06-25,33,378,nb,briere,7,1.0,2.438,False,,1.959,1.2666,0.2901,-0.1657
MEXICO,MICHOACAN,admin1,2006-06-25,33,378,nb,briere,7,0.75,3.813,False,2.768,1.2362,1.2736,0.0,0.069
MEXICO,MICHOACAN,admin1,2006-06-25,33,378,nb,loglinear,3,1.0,2.539,False,,1.046,1.2666,0.2557,-0.0641
MEXICO,MICHOACAN,admin1,2006-06-25,33,378,nb,loglinear,3,0.75,3.054,False,20.63,1.0384,1.2736,-0.1398,0.2908
MEXICO,MICHOACAN,admin1,2006-06-25,33,378,nb,loglinear,5,1.0,1.675,False,,1.065,1.2666,0.279,-0.1061
MEXICO,MICHOACAN,admin1,2006-06-25,33,378,nb,loglinear,5,0.75,3.182,False,16.955,1.2864,1.2736,-0.2497,0.2023
MEXICO,MICHOACAN,admin1,2006-06-25,33,378,nb,loglinear,7,1.0,0.426,False,,1.0806,1.2666,0.2544,-0.1321
MEXICO,MICHOACAN,admin1,2006-06-25,33,378,nb,loglinear,7,0.75,3.581,False,14.006,1.3917,1.2736,-0.2074,0.1046
MEXICO,MICHOACAN,admin1,2006-06-25,33,378,poisson,briere,3,1.0,0.643,False,,1.1646,1.3191,0.0,0.0869
MEXICO,MICHOACAN,admin1,2006-06-25,33,378,poisson,briere,3,0.75,-3.381,True,14.9,0.9237,1.2999,0.0,0.2747
MEXICO,MICHOACAN,admin1,2006-06-25,33,378,poisson,briere,5,1.0,3.993,False,,1.3246,1.3191,0.0,-0.0032
MEXICO,MICHOACAN,admin1,2006-06-25,33,378,poisson,briere,5,0.75,1.033,False,4.513,1.1485,1.2999,0.0,0.1266
MEXICO,MICHOACAN,admin1,2006-06-25,33,378,poisson,briere,7,1.0,-1.426,True,,2.0723,1.3191,0.3192,-0.1419
MEXICO,MICHOACAN,admin1,2006-06-25,33,378,poisson,briere,7,0.75,3.73,False,-0.633,1.2754,1.2999,0.0,0.0277
MEXICO,MICHOACAN,admin1,2006-06-25,33,378,poisson,loglinear,3,1.0,-2.082,True,,1.0759,1.3191,0.1406,0.0289
MEXICO,MICHOACAN,admin1,2006-06-25,33,378,poisson,loglinear,3,0.75,-5.657,True,32.977,0.966,1.2999,-0.1269,0.3379
MEXICO,MICHOACAN,admin1,2006-06-25,33,378,poisson,loglinear,5,1.0,-4.674,True,,1.059,1.3191,0.2768,-0.0787
MEXICO,MICHOACAN,admin1,2006-06-25,33,378,poisson,loglinear,5,0.75,-3.612,True,37.512,1.271,1.2999,-0.2505,0.2132
MEXICO,MICHOACAN,admin1,2006-06-25,33,378,poisson,loglinear,7,1.0,-14.117,True,,1.0952,1.3191,0.2753,-0.1241
MEXICO,MICHOACAN,admin1,2006-06-25,33,378,poisson,loglinear,7,0.75,0.896,False,35.623,1.409,1.2999,-0.1942,0.0783
MEXICO,VERACRUZ,admin1,2006-07-02,32,8133,nb,briere,3,1.0,-0.306,True,,2.2722,1.4646,1.5574,-0.1612
MEXICO,VERACRUZ,admin1,2006-07-02,32,8133,nb,briere,3,0.75,3.035,False,-4.6,1.733,1.2742,0.7998,-0.1284
MEXICO,VERACRUZ,admin1,2006-07-02,32,8133,nb,briere,5,1.0,0.382,False,,1.7484,1.4646,1.1771,0.0021
MEXICO,VERACRUZ,admin1,2006-07-02,32,8133,nb,briere,5,0.75,3.388,False,-5.28,1.4274,1.2742,0.6258,0.0113
MEXICO,VERACRUZ,admin1,2006-07-02,32,8133,nb,briere,7,1.0,-0.321,True,,1.5181,1.4646,0.9974,0.1132
MEXICO,VERACRUZ,admin1,2006-07-02,32,8133,nb,briere,7,0.75,3.034,False,-7.551,1.3396,1.2742,0.5803,0.0842
MEXICO,VERACRUZ,admin1,2006-07-02,32,8133,nb,loglinear,3,1.0,-1.353,True,,2.0666,1.4646,-0.1663,-0.3027
MEXICO,VERACRUZ,admin1,2006-07-02,32,8133,nb,loglinear,3,0.75,2.97,False,17.491,1.1551,1.2742,0.2283,-0.1254
MEXICO,VERACRUZ,admin1,2006-07-02,32,8133,nb,loglinear,5,1.0,0.224,False,,0.8847,1.4646,0.3727,-0.0094
MEXICO,VERACRUZ,admin1,2006-07-02,32,8133,nb,loglinear,5,0.75,3.366,False,14.193,1.0744,1.2742,0.1579,0.0061
MEXICO,VERACRUZ,admin1,2006-07-02,32,8133,nb,loglinear,7,1.0,-0.456,True,,0.8509,1.4646,0.3115,0.1105
MEXICO,VERACRUZ,admin1,2006-07-02,32,8133,nb,loglinear,7,0.75,3.026,False,9.61,1.0279,1.2742,0.1446,0.0823
MEXICO,VERACRUZ,admin1,2006-07-02,32,8133,poisson,briere,3,1.0,-492.74,True,,2.039,1.4563,1.3643,-0.1075
MEXICO,VERACRUZ,admin1,2006-07-02,32,8133,poisson,briere,3,0.75,-236.037,True,-114.18,1.7088,1.3451,0.4341,-0.1662
MEXICO,VERACRUZ,admin1,2006-07-02,32,8133,poisson,briere,5,1.0,-410.008,True,,1.7782,1.4563,1.1572,-0.0036
MEXICO,VERACRUZ,admin1,2006-07-02,32,8133,poisson,briere,5,0.75,-100.287,True,-277.462,1.5208,1.3451,0.6698,-0.0099
MEXICO,VERACRUZ,admin1,2006-07-02,32,8133,poisson,briere,7,1.0,-508.665,True,,1.5617,1.4563,0.9869,0.0884
MEXICO,VERACRUZ,admin1,2006-07-02,32,8133,poisson,briere,7,0.75,-181.23,True,-454.312,1.3641,1.3451,0.6065,0.0812
MEXICO,VERACRUZ,admin1,2006-07-02,32,8133,poisson,loglinear,3,1.0,-954.635,True,,2.1022,1.4563,-0.2841,-0.1998
MEXICO,VERACRUZ,admin1,2006-07-02,32,8133,poisson,loglinear,3,0.75,-240.419,True,-211.531,1.3602,1.3451,0.1321,-0.1625
MEXICO,VERACRUZ,admin1,2006-07-02,32,8133,poisson,loglinear,5,1.0,-731.39,True,,2.1021,1.4563,-0.3501,-0.0929
MEXICO,VERACRUZ,admin1,2006-07-02,32,8133,poisson,loglinear,5,0.75,-116.297,True,7655.686,1.0912,1.3451,0.1837,-0.0099
MEXICO,VERACRUZ,admin1,2006-07-02,32,8133,poisson,loglinear,7,1.0,-480.162,True,,0.888,1.4563,0.2978,0.0842
MEXICO,VERACRUZ,admin1,2006-07-02,32,8133,poisson,loglinear,7,0.75,-185.302,True,4587.586,1.0377,1.3451,0.1523,0.0756
MEXICO,COLIMA,admin1,2006-07-16,31,1258,nb,briere,3,1.0,2.404,False,,3.7702,1.304,2.3995,-0.1559
MEXICO,COLIMA,admin1,2006-07-16,31,1258,nb,briere,3,0.75,3.603,False,12.999,1.236,1.3815,0.0,0.1257
MEXICO,COLIMA,admin1,2006-07-16,31,1258,nb,briere,5,1.0,2.063,False,,2.9515,1.304,1.939,-0.1255
MEXICO,COLIMA,admin1,2006-07-16,31,1258,nb,briere,5,0.75,3.355,False,55.292,1.2876,1.3815,0.0,0.1561
MEXICO,COLIMA,admin1,2006-07-16,31,1258,nb,briere,7,1.0,1.694,False,,2.586,1.304,1.6805,-0.1364
MEXICO,COLIMA,admin1,2006-07-16,31,1258,nb,briere,7,0.75,2.766,False,176.387,1.3942,1.3815,0.1028,0.2289
MEXICO,COLIMA,admin1,2006-07-16,31,1258,nb,loglinear,3,1.0,2.438,False,,1.051,1.304,0.3273,-0.145
MEXICO,COLIMA,admin1,2006-07-16,31,1258,nb,loglinear,3,0.75,3.516,False,8.962,1.474,1.3815,-0.2871,0.1632
MEXICO,COLIMA,admin1,2006-07-16,31,1258,nb,loglinear,5,1.0,2.152,False,,1.0504,1.304,0.2665,-0.1162
MEXICO,COLIMA,admin1,2006-07-16,31,1258,nb,loglinear,5,0.75,3.347,False,46.756,1.3412,1.3815,-0.0582,0.1584
MEXICO,COLIMA,admin1,2006-07-16,31,1258,nb,loglinear,7,1.0,1.79,False,,1.0565,1.304,0.2338,-0.1294
MEXICO,COLIMA,admin1,2006-07-16,31,1258,nb,loglinear,7,0.75,2.762,False,193.766,1.3099,1.3815,0.0297,0.2331
MEXICO,COLIMA,admin1,2006-07-16,31,1258,poisson,briere,3,1.0,-104.908,True,,9.5413,1.3948,4.0627,-0.3267
MEXICO,COLIMA,admin1,2006-07-16,31,1258,poisson,briere,3,0.75,-3.254,True,11.762,1.6445,1.48,0.0,-0.0799
MEXICO,COLIMA,admin1,2006-07-16,31,1258,poisson,briere,5,1.0,-109.932,True,,4.434,1.3948,2.6367,-0.1927
MEXICO,COLIMA,admin1,2006-07-16,31,1258,poisson,briere,5,0.75,1.599,False,-32.727,1.5312,1.48,0.0,-0.0372
MEXICO,COLIMA,admin1,2006-07-16,31,1258,poisson,briere,7,1.0,-90.4,True,,3.1459,1.3948,2.003,-0.1545
MEXICO,COLIMA,admin1,2006-07-16,31,1258,poisson,briere,7,0.75,-3.692,True,153.511,1.4354,1.48,0.0,0.0739
MEXICO,COLIMA,admin1,2006-07-16,31,1258,poisson,loglinear,3,1.0,-101.169,True,,1.0978,1.3948,0.5462,-0.3054
MEXICO,COLIMA,admin1,2006-07-16,31,1258,poisson,loglinear,3,0.75,-9.671,True,187.697,1.8099,1.48,-0.1424,-0.0749
MEXICO,COLIMA,admin1,2006-07-16,31,1258,poisson,loglinear,5,1.0,-101.244,True,,1.0854,1.3948,0.3575,-0.1773
MEXICO,COLIMA,admin1,2006-07-16,31,1258,poisson,loglinear,5,0.75,-9.921,True,227.335,1.8249,1.48,-0.2007,-0.0649
MEXICO,COLIMA,admin1,2006-07-16,31,1258,poisson,loglinear,7,1.0,-85.474,True,,1.0913,1.3948,0.2718,-0.1446
MEXICO,COLIMA,admin1,2006-07-16,31,1258,poisson,loglinear,7,0.75,-8.073,True,129.277,1.5671,1.48,-0.1053,0.0518
MEXICO,CHIAPAS,admin1,2007-03-18,41,2828,nb,briere,3,1.0,3.787,False,,1.3123,1.2612,0.0,0.0492
MEXICO,CHIAPAS,admin1,2007-03-18,41,2828,nb,briere,3,0.75,3.455,False,1.584,1.0672,1.2763,0.0,-0.1642
MEXICO,CHIAPAS,admin1,2007-03-18,41,2828,nb,briere,5,1.0,3.487,False,,1.0847,1.2612,0.0,-0.1386
MEXICO,CHIAPAS,admin1,2007-03-18,41,2828,nb,briere,5,0.75,3.745,False,-0.57,1.1273,1.2763,0.0001,-0.1134
MEXICO,CHIAPAS,admin1,2007-03-18,41,2828,nb,briere,7,1.0,2.917,False,,1.0339,1.2612,0.0,-0.1852
MEXICO,CHIAPAS,admin1,2007-03-18,41,2828,nb,briere,7,0.75,3.996,False,0.107,1.296,1.2763,0.0,0.0156
MEXICO,CHIAPAS,admin1,2007-03-18,41,2828,nb,loglinear,3,1.0,3.601,False,,1.4681,1.2612,-0.1239,0.0416
MEXICO,CHIAPAS,admin1,2007-03-18,41,2828,nb,loglinear,3,0.75,3.04,False,19.2,1.071,1.2763,-0.1193,-0.2606
MEXICO,CHIAPAS,admin1,2007-03-18,41,2828,nb,loglinear,5,1.0,3.79,False,,1.5481,1.2612,-0.2364,-0.0251
MEXICO,CHIAPAS,admin1,2007-03-18,41,2828,nb,loglinear,5,0.75,3.064,False,32.19,1.0438,1.2763,-0.2009,-0.3411
MEXICO,CHIAPAS,admin1,2007-03-18,41,2828,nb,loglinear,7,1.0,2.542,False,,1.6287,1.2612,-0.479,-0.2107
MEXICO,CHIAPAS,admin1,2007-03-18,41,2828,nb,loglinear,7,0.75,3.976,False,-1.293,1.2759,1.2763,-0.0401,-0.0355
MEXICO,CHIAPAS,admin1,2007-03-18,41,2828,poisson,briere,3,1.0,0.961,False,,1.2592,1.2237,0.0,0.0332
MEXICO,CHIAPAS,admin1,2007-03-18,41,2828,poisson,briere,3,0.75,-1.102,True,17.429,1.1423,1.232,0.0,-0.0692
MEXICO,CHIAPAS,admin1,2007-03-18,41,2828,poisson,briere,5,1.0,-4.053,True,,1.1085,1.2237,0.0,-0.0857
MEXICO,CHIAPAS,admin1,2007-03-18,41,2828,poisson,briere,5,0.75,-2.235,True,-4.351,1.1206,1.232,0.0001,-0.0814
MEXICO,CHIAPAS,admin1,2007-03-18,41,2828,poisson,briere,7,1.0,-4.996,True,,1.106,1.2237,0.0,-0.0859
MEXICO,CHIAPAS,admin1,2007-03-18,41,2828,poisson,briere,7,0.75,3.997,False,0.311,1.2358,1.232,0.0001,0.0028
MEXICO,CHIAPAS,admin1,2007-03-18,41,2828,poisson,loglinear,3,1.0,-3.309,True,,1.3876,1.2237,-0.0874,0.0377
MEXICO,CHIAPAS,admin1,2007-03-18,41,2828,poisson,loglinear,3,0.75,-20.578,True,232.105,1.1786,1.232,-0.1708,-0.195
MEXICO,CHIAPAS,admin1,2007-03-18,41,2828,poisson,loglinear,5,1.0,-5.686,True,,1.1473,1.2237,-0.0324,-0.0928
MEXICO,CHIAPAS,admin1,2007-03-18,41,2828,poisson,loglinear,5,0.75,-34.775,True,303.686,1.0929,1.232,-0.2524,-0.3166
MEXICO,CHIAPAS,admin1,2007-03-18,41,2828,poisson,loglinear,7,1.0,-16.471,True,,1.161,1.2237,-0.1093,-0.163
MEXICO,CHIAPAS,admin1,2007-03-18,41,2828,poisson,loglinear,7,0.75,-8.37,True,75.625,1.1397,1.232,-0.239,-0.2853
MEXICO,GUERRERO,admin1,2007-05-13,33,3687,nb,briere,3,1.0,0.601,False,,1.1667,1.1815,0.0,0.0876
MEXICO,GUERRERO,admin1,2007-05-13,33,3687,nb,briere,3,0.75,2.809,False,13.97,1.4272,1.0915,0.3909,0.1376
MEXICO,GUERRERO,admin1,2007-05-13,33,3687,nb,briere,5,1.0,0.445,False,,1.2197,1.1815,0.0,0.0942
MEXICO,GUERRERO,admin1,2007-05-13,33,3687,nb,briere,5,0.75,2.716,False,186.314,1.7351,1.0915,0.5233,0.2305
MEXICO,GUERRERO,admin1,2007-05-13,33,3687,nb,briere,7,1.0,0.833,False,,1.2779,1.1815,0.0,0.1086
MEXICO,GUERRERO,admin1,2007-05-13,33,3687,nb,briere,7,0.75,3.977,False,0.113,1.0827,1.0915,0.0,-0.0092
MEXICO,GUERRERO,admin1,2007-05-13,33,3687,nb,loglinear,3,1.0,0.415,False,,1.2235,1.1815,-0.0943,0.0615
MEXICO,GUERRERO,admin1,2007-05-13,33,3687,nb,loglinear,3,0.75,2.801,False,18.899,1.2242,1.0915,0.0399,0.1398
MEXICO,GUERRERO,admin1,2007-05-13,33,3687,nb,loglinear,5,1.0,0.251,False,,1.256,1.1815,-0.0878,0.0671
MEXICO,GUERRERO,admin1,2007-05-13,33,3687,nb,loglinear,5,0.75,2.709,False,227.536,1.4139,1.0915,0.0496,0.2322
MEXICO,GUERRERO,admin1,2007-05-13,33,3687,nb,loglinear,7,1.0,0.491,False,,1.2995,1.1815,-0.1121,0.0648
MEXICO,GUERRERO,admin1,2007-05-13,33,3687,nb,loglinear,7,0.75,3.467,False,338.537,1.574,1.0915,0.0209,0.2986
MEXICO,GUERRERO,admin1,2007-05-13,33,3687,poisson,briere,3,1.0,-74.08,True,,1.182,1.2249,0.0,0.0617
MEXICO,GUERRERO,admin1,2007-05-13,33,3687,poisson,briere,3,0.75,-46.203,True,159.925,1.8064,1.1706,1.0382,0.103
MEXICO,GUERRERO,admin1,2007-05-13,33,3687,poisson,briere,5,1.0,-84.635,True,,1.2223,1.2249,0.0,0.0654
MEXICO,GUERRERO,admin1,2007-05-13,33,3687,poisson,briere,5,0.75,-72.377,True,1596.549,2.3746,1.1706,1.3556,0.2156
MEXICO,GUERRERO,admin1,2007-05-13,33,3687,poisson,briere,7,1.0,-73.162,True,,1.2673,1.2249,0.0,0.0716
MEXICO,GUERRERO,admin1,2007-05-13,33,3687,poisson,briere,7,0.75,-0.079,True,439.751,1.2297,1.1706,0.2692,-0.0319
MEXICO,GUERRERO,admin1,2007-05-13,33,3687,poisson,loglinear,3,1.0,-74.677,True,,1.1933,1.2249,-0.0217,0.0577
MEXICO,GUERRERO,admin1,2007-05-13,33,3687,poisson,loglinear,3,0.75,-45.879,True,167.486,1.2035,1.1706,0.0932,0.1044
MEXICO,GUERRERO,admin1,2007-05-13,33,3687,poisson,loglinear,5,1.0,-84.688,True,,1.2247,1.2249,-0.0062,0.0641
MEXICO,GUERRERO,admin1,2007-05-13,33,3687,poisson,loglinear,5,0.75,-72.084,True,2144.779,1.3965,1.1706,0.1229,0.2175
MEXICO,GUERRERO,admin1,2007-05-13,33,3687,poisson,loglinear,7,1.0,-73.199,True,,1.2682,1.2249,-0.0054,0.07
MEXICO,GUERRERO,admin1,2007-05-13,33,3687,poisson,loglinear,7,0.75,-37.586,True,2733.161,1.5967,1.1706,0.1311,0.3216
MEXICO,MORELOS,admin1,2007-05-20,32,1247,nb,briere,3,1.0,3.653,False,,1.2176,1.2648,0.0,0.0475
MEXICO,MORELOS,admin1,2007-05-20,32,1247,nb,briere,3,0.75,3.969,False,2.074,1.2271,1.2273,0.0,-0.0284
MEXICO,MORELOS,admin1,2007-05-20,32,1247,nb,briere,5,1.0,3.52,False,,1.2438,1.2648,0.0,0.0481
MEXICO,MORELOS,admin1,2007-05-20,32,1247,nb,briere,5,0.75,3.966,False,3.61,1.1979,1.2273,0.0,-0.0365
MEXICO,MORELOS,admin1,2007-05-20,32,1247,nb,briere,7,1.0,3.284,False,,1.2734,1.2648,0.0,0.0601
MEXICO,MORELOS,admin1,2007-05-20,32,1247,nb,briere,7,0.75,3.849,False,7.345,1.1334,1.2273,0.0,-0.0721
MEXICO,MORELOS,admin1,2007-05-20,32,1247,nb,loglinear,3,1.0,0.191,False,,1.6186,1.2648,-0.3336,-0.1523
MEXICO,MORELOS,admin1,2007-05-20,32,1247,nb,loglinear,3,0.75,2.318,False,407.538,1.94,1.2273,-1.0951,-0.5486
MEXICO,MORELOS,admin1,2007-05-20,32,1247,nb,loglinear,5,1.0,-0.499,True,,1.6341,1.2648,-0.4603,-0.1857
MEXICO,MORELOS,admin1,2007-05-20,32,1247,nb,loglinear,5,0.75,3.093,False,3.252,1.3893,1.2273,-0.3906,-0.1465
MEXICO,MORELOS,admin1,2007-05-20,32,1247,nb,loglinear,7,1.0,-1.621,True,,1.6624,1.2648,-0.6963,-0.2972
MEXICO,MORELOS,admin1,2007-05-20,32,1247,nb,loglinear,7,0.75,2.644,False,12.145,1.2532,1.2273,-0.4454,-0.2277
MEXICO,MORELOS,admin1,2007-05-20,32,1247,poisson,briere,3,1.0,3.883,False,,1.2517,1.2604,0.0,0.0058
MEXICO,MORELOS,admin1,2007-05-20,32,1247,poisson,briere,3,0.75,-7.709,True,563.453,1.2883,1.2334,0.0,-0.1054
MEXICO,MORELOS,admin1,2007-05-20,32,1247,poisson,briere,5,1.0,1.783,False,,1.2409,1.2604,0.0,0.0209
MEXICO,MORELOS,admin1,2007-05-20,32,1247,poisson,briere,5,0.75,-7.567,True,1401.754,1.1986,1.2334,0.0,-0.1152
MEXICO,MORELOS,admin1,2007-05-20,32,1247,poisson,briere,7,1.0,-1.792,True,,1.251,1.2604,0.0,0.0336
MEXICO,MORELOS,admin1,2007-05-20,32,1247,poisson,briere,7,0.75,-10.479,True,520.284,1.1575,1.2334,0.0,-0.1025
MEXICO,MORELOS,admin1,2007-05-20,32,1247,poisson,loglinear,3,1.0,-44.617,True,,1.5587,1.2604,-0.2466,-0.1181
MEXICO,MORELOS,admin1,2007-05-20,32,1247,poisson,loglinear,3,0.75,-8.151,True,329.078,1.319,1.2334,-0.0492,-0.1041
MEXICO,MORELOS,admin1,2007-05-20,32,1247,poisson,loglinear,5,1.0,-50.904,True,,1.5762,1.2604,-0.3564,-0.1395
MEXICO,MORELOS,admin1,2007-05-20,32,1247,poisson,loglinear,5,0.75,-10.433,True,1362.175,1.2376,1.2334,-0.1013,-0.1578
MEXICO,MORELOS,admin1,2007-05-20,32,1247,poisson,loglinear,7,1.0,-66.843,True,,1.6241,1.2604,-0.5679,-0.2387
MEXICO,MORELOS,admin1,2007-05-20,32,1247,poisson,loglinear,7,0.75,-26.58,True,1065.684,1.1408,1.2334,-0.2678,-0.2669
MEXICO,MEXICO,national,2014-03-23,46,116820,nb,briere,3,1.0,-10.218,True,,1.0996,1.1455,0.0067,0.0661
MEXICO,MEXICO,national,2014-03-23,46,116820,nb,briere,3,0.75,-1.427,True,-11.198,1.0811,1.1139,0.0,0.0599
MEXICO,MEXICO,national,2014-03-23,46,116820,nb,briere,5,1.0,-8.295,True,,1.127,1.1455,0.0097,0.0555
MEXICO,MEXICO,national,2014-03-23,46,116820,nb,briere,5,0.75,-1.356,True,0.549,1.0936,1.1139,0.0,0.0522
MEXICO,MEXICO,national,2014-03-23,46,116820,nb,briere,7,1.0,-6.9,True,,1.148,1.1455,0.0119,0.0508
MEXICO,MEXICO,national,2014-03-23,46,116820,nb,briere,7,0.75,-1.54,True,10.795,1.1032,1.1139,0.0,0.049
MEXICO,MEXICO,national,2014-03-23,46,116820,nb,loglinear,3,1.0,-9.91,True,,1.0492,1.1455,0.0381,0.0702
MEXICO,MEXICO,national,2014-03-23,46,116820,nb,loglinear,3,0.75,-2.323,True,13.294,1.1004,1.1139,-0.0452,0.0243
MEXICO,MEXICO,national,2014-03-23,46,116820,nb,loglinear,5,1.0,-7.66,True,,1.0534,1.1455,0.0564,0.0607
MEXICO,MEXICO,national,2014-03-23,46,116820,nb,loglinear,5,0.75,-2.188,True,21.135,1.1073,1.1139,-0.0488,0.0167
MEXICO,MEXICO,national,2014-03-23,46,116820,nb,loglinear,7,1.0,-5.958,True,,1.0568,1.1455,0.0707,0.0569
MEXICO,MEXICO,national,2014-03-23,46,116820,nb,loglinear,7,0.75,-2.218,True,11.261,1.1701,1.1139,-0.0967,0.0131
MEXICO,MEXICO,national,2014-03-23,46,116820,poisson,briere,3,1.0,-4657.268,True,,1.1169,1.1855,0.0087,0.067
MEXICO,MEXICO,national,2014-03-23,46,116820,poisson,briere,3,0.75,-299.739,True,-8915.526,1.1112,1.1317,0.0,0.0269
MEXICO,MEXICO,national,2014-03-23,46,116820,poisson,briere,5,1.0,-3853.583,True,,1.1481,1.1855,0.0117,0.052
MEXICO,MEXICO,national,2014-03-23,46,116820,poisson,briere,5,0.75,-457.828,True,-4019.106,1.1145,1.1317,0.0,0.0271
MEXICO,MEXICO,national,2014-03-23,46,116820,poisson,briere,7,1.0,-3421.785,True,,1.1694,1.1855,0.0137,0.0441
MEXICO,MEXICO,national,2014-03-23,46,116820,poisson,briere,7,0.75,-700.901,True,1368.281,1.1178,1.1317,0.0,0.0285
MEXICO,MEXICO,national,2014-03-23,46,116820,poisson,loglinear,3,1.0,-5045.165,True,,1.0512,1.1855,0.0586,0.0692
MEXICO,MEXICO,national,2014-03-23,46,116820,poisson,loglinear,3,0.75,-886.294,True,15655.24,1.1281,1.1317,-0.0374,-0.007
MEXICO,MEXICO,national,2014-03-23,46,116820,poisson,loglinear,5,1.0,-4489.942,True,,1.0559,1.1855,0.0799,0.0592
MEXICO,MEXICO,national,2014-03-23,46,116820,poisson,loglinear,5,0.75,-875.413,True,11095.918,1.1241,1.1317,-0.0345,-0.0009
MEXICO,MEXICO,national,2014-03-23,46,116820,poisson,loglinear,7,1.0,-4303.03,True,,1.0589,1.1855,0.0968,0.0566
MEXICO,MEXICO,national,2014-03-23,46,116820,poisson,loglinear,7,0.75,-901.569,True,8384.346,1.1212,1.1317,-0.0263,0.009
MEXICO,MEXICO,national,2016-04-03,44,112953,nb,briere,3,1.0,-22.091,True,,1.1304,1.2176,0.0057,0.0979
MEXICO,MEXICO,national,2016-04-03,44,112953,nb,briere,3,0.75,-5.339,True,-68.345,1.12,1.1278,0.0,0.1164
MEXICO,MEXICO,national,2016-04-03,44,112953,nb,briere,5,1.0,-19.598,True,,1.1714,1.2176,0.0198,0.0708
MEXICO,MEXICO,national,2016-04-03,44,112953,nb,briere,5,0.75,-3.426,True,-64.0,1.1737,1.1278,0.0,0.1168
MEXICO,MEXICO,national,2016-04-03,44,112953,nb,briere,7,1.0,-18.199,True,,1.1997,1.2176,0.0251,0.062
MEXICO,MEXICO,national,2016-04-03,44,112953,nb,briere,7,0.75,-1.952,True,-55.951,1.2277,1.1278,0.0,0.1237
MEXICO,MEXICO,national,2016-04-03,44,112953,nb,loglinear,3,1.0,-22.44,True,,1.2302,1.2176,-0.0822,0.0905
MEXICO,MEXICO,national,2016-04-03,44,112953,nb,loglinear,3,0.75,-5.567,True,-65.413,1.1879,1.1278,-0.0756,0.0944
MEXICO,MEXICO,national,2016-04-03,44,112953,nb,loglinear,5,1.0,-20.257,True,,1.3164,1.2176,-0.1203,0.0685
MEXICO,MEXICO,national,2016-04-03,44,112953,nb,loglinear,5,0.75,-4.803,True,-55.396,1.2961,1.1278,-0.1638,0.0663
MEXICO,MEXICO,national,2016-04-03,44,112953,nb,loglinear,7,1.0,-18.757,True,,1.3737,1.2176,-0.1453,0.0549
MEXICO,MEXICO,national,2016-04-03,44,112953,nb,loglinear,7,0.75,-4.855,True,-55.722,1.3464,1.1278,-0.1974,0.06
MEXICO,MEXICO,national,2016-04-03,44,112953,poisson,briere,3,1.0,-7971.206,True,,1.1512,1.2656,0.0,0.0987
MEXICO,MEXICO,national,2016-04-03,44,112953,poisson,briere,3,0.75,-2555.874,True,-22349.932,1.1486,1.1896,0.0,0.0812
MEXICO,MEXICO,national,2016-04-03,44,112953,poisson,briere,5,1.0,-7930.98,True,,1.199,1.2656,0.0,0.0899
MEXICO,MEXICO,national,2016-04-03,44,112953,poisson,briere,5,0.75,-2413.678,True,-23300.238,1.1917,1.1896,0.0,0.08
MEXICO,MEXICO,national,2016-04-03,44,112953,poisson,briere,7,1.0,-7566.434,True,,1.2417,1.2656,0.0,0.0883
MEXICO,MEXICO,national,2016-04-03,44,112953,poisson,briere,7,0.75,-2086.708,True,-23515.287,1.2322,1.1896,0.0,0.082
MEXICO,MEXICO,national,2016-04-03,44,112953,poisson,loglinear,3,1.0,-8058.792,True,,1.2431,1.2656,-0.0792,0.0882
MEXICO,MEXICO,national,2016-04-03,44,112953,poisson,loglinear,3,0.75,-2732.641,True,-19456.876,1.2198,1.1896,-0.0842,0.065
MEXICO,MEXICO,national,2016-04-03,44,112953,poisson,loglinear,5,1.0,-8225.029,True,,1.3295,1.2656,-0.1187,0.0715
MEXICO,MEXICO,national,2016-04-03,44,112953,poisson,loglinear,5,0.75,-2796.801,True,-18547.877,1.2745,1.1896,-0.1152,0.0576
MEXICO,MEXICO,national,2016-04-03,44,112953,poisson,loglinear,7,1.0,-8157.408,True,,1.3871,1.2656,-0.1422,0.0631
MEXICO,MEXICO,national,2016-04-03,44,112953,poisson,loglinear,7,0.75,-2800.629,True,-17454.699,1.3186,1.1896,-0.1427,0.0535
MEXICO,MEXICO,national,2017-04-16,42,82966,nb,briere,3,1.0,-21.677,True,,1.1283,1.2545,0.0087,0.1364
MEXICO,MEXICO,national,2017-04-16,42,82966,nb,briere,3,0.75,1.093,False,-57.035,1.1132,1.132,0.008,0.0934
MEXICO,MEXICO,national,2017-04-16,42,82966,nb,briere,5,1.0,-21.483,True,,1.1842,1.2545,0.0056,0.1275
MEXICO,MEXICO,national,2017-04-16,42,82966,nb,briere,5,0.75,0.775,False,-71.775,1.1605,1.132,0.0,0.1153
MEXICO,MEXICO,national,2017-04-16,42,82966,nb,briere,7,1.0,-19.695,True,,1.228,1.2545,0.0,0.123
MEXICO,MEXICO,national,2017-04-16,42,82966,nb,briere,7,0.75,0.588,False,-73.732,1.2137,1.132,0.0,0.1343
MEXICO,MEXICO,national,2017-04-16,42,82966,nb,loglinear,3,1.0,-21.699,True,,1.0886,1.2545,0.0281,0.1399
MEXICO,MEXICO,national,2017-04-16,42,82966,nb,loglinear,3,0.75,1.112,False,-59.16,1.1219,1.132,-0.0102,0.0929
MEXICO,MEXICO,national,2017-04-16,42,82966,nb,loglinear,5,1.0,-21.498,True,,1.2079,1.2545,-0.026,0.121
MEXICO,MEXICO,national,2017-04-16,42,82966,nb,loglinear,5,0.75,0.775,False,-71.877,1.1596,1.132,0.0011,0.1159
MEXICO,MEXICO,national,2017-04-16,42,82966,nb,loglinear,7,1.0,-20.093,True,,1.324,1.2545,-0.0892,0.1026
MEXICO,MEXICO,national,2017-04-16,42,82966,nb,loglinear,7,0.75,0.556,False,-71.708,1.2281,1.132,-0.0249,0.1202
MEXICO,MEXICO,national,2017-04-16,42,82966,poisson,briere,3,1.0,-10056.922,True,,1.1145,1.2869,0.0,0.1477
MEXICO,MEXICO,national,2017-04-16,42,82966,poisson,briere,3,0.75,-1535.423,True,-33747.056,1.1283,1.1782,0.0036,0.0929
MEXICO,MEXICO,national,2017-04-16,42,82966,poisson,briere,5,1.0,-11067.529,True,,1.1745,1.2869,0.0,0.1497
MEXICO,MEXICO,national,2017-04-16,42,82966,poisson,briere,5,0.75,-1904.894,True,-38240.411,1.1712,1.1782,0.0,0.1163
MEXICO,MEXICO,national,2017-04-16,42,82966,poisson,briere,7,1.0,-10982.291,True,,1.2336,1.2869,0.0,0.1568
MEXICO,MEXICO,national,2017-04-16,42,82966,poisson,briere,7,0.75,-2058.592,True,-38272.702,1.2195,1.1782,0.0,0.1278
MEXICO,MEXICO,national,2017-04-16,42,82966,poisson,loglinear,3,1.0,-10371.539,True,,0.9677,1.2869,0.1395,0.1543
MEXICO,MEXICO,national,2017-04-16,42,82966,poisson,loglinear,3,0.75,-1537.996,True,-32957.691,1.1012,1.1782,0.028,0.0991
MEXICO,MEXICO,national,2017-04-16,42,82966,poisson,loglinear,5,1.0,-11277.63,True,,1.0411,1.2869,0.1316,0.165
MEXICO,MEXICO,national,2017-04-16,42,82966,poisson,loglinear,5,0.75,-1978.781,True,-38459.971,1.1136,1.1782,0.0749,0.1402
MEXICO,MEXICO,national,2017-04-16,42,82966,poisson,loglinear,7,1.0,-11107.248,True,,1.1325,1.2869,0.1072,0.1768
MEXICO,MEXICO,national,2017-04-16,42,82966,poisson,loglinear,7,0.75,-2102.906,True,-39144.255,1.1876,1.1782,0.0537,0.1483
MEXICO,MEXICO,national,2018-05-20,38,74448,nb,briere,3,1.0,-9.102,True,,1.1391,1.2198,0.0174,0.0582
MEXICO,MEXICO,national,2018-05-20,38,74448,nb,briere,3,0.75,-4.155,True,-9.746,1.0607,1.1147,0.0187,0.1723
MEXICO,MEXICO,national,2018-05-20,38,74448,nb,briere,5,1.0,-8.912,True,,1.1714,1.2198,0.0213,0.046
MEXICO,MEXICO,national,2018-05-20,38,74448,nb,briere,5,0.75,-3.798,True,-1.693,1.1546,1.1147,0.0314,0.1417
MEXICO,MEXICO,national,2018-05-20,38,74448,nb,briere,7,1.0,-9.299,True,,1.1928,1.2198,0.0242,0.049
MEXICO,MEXICO,national,2018-05-20,38,74448,nb,briere,7,0.75,-5.065,True,46.425,1.2406,1.1147,0.0452,0.151
MEXICO,MEXICO,national,2018-05-20,38,74448,nb,loglinear,3,1.0,-6.239,True,,1.0115,1.2198,0.0827,0.0818
MEXICO,MEXICO,national,2018-05-20,38,74448,nb,loglinear,3,0.75,-4.204,True,-45.374,1.2674,1.1147,-0.4055,0.2831
MEXICO,MEXICO,national,2018-05-20,38,74448,nb,loglinear,5,1.0,-5.079,True,,1.0199,1.2198,0.1209,0.0551
MEXICO,MEXICO,national,2018-05-20,38,74448,nb,loglinear,5,0.75,-2.289,True,19.713,1.0791,1.1147,0.0637,0.1911
MEXICO,MEXICO,national,2018-05-20,38,74448,nb,loglinear,7,1.0,-4.771,True,,1.0235,1.2198,0.1426,0.0484
MEXICO,MEXICO,national,2018-05-20,38,74448,nb,loglinear,7,0.75,-3.191,True,16.658,1.0559,1.1147,0.2376,0.2028
MEXICO,MEXICO,national,2018-05-20,38,74448,poisson,briere,3,1.0,-5070.351,True,,1.1858,1.2794,0.0238,0.0633
MEXICO,MEXICO,national,2018-05-20,38,74448,poisson,briere,3,0.75,-3476.153,True,-7635.281,1.1261,1.2153,0.0228,0.1256
MEXICO,MEXICO,national,2018-05-20,38,74448,poisson,briere,5,1.0,-4966.745,True,,1.228,1.2794,0.0283,0.0454
MEXICO,MEXICO,national,2018-05-20,38,74448,poisson,briere,5,0.75,-3254.423,True,-7866.24,1.2057,1.2153,0.0315,0.0904
MEXICO,MEXICO,national,2018-05-20,38,74448,poisson,briere,7,1.0,-5039.727,True,,1.2503,1.2794,0.0312,0.0464
MEXICO,MEXICO,national,2018-05-20,38,74448,poisson,briere,7,0.75,-3444.805,True,-6982.535,1.2586,1.2153,0.04,0.0975
MEXICO,MEXICO,national,2018-05-20,38,74448,poisson,loglinear,3,1.0,-3930.486,True,,1.0064,1.2794,0.1342,0.0896
MEXICO,MEXICO,national,2018-05-20,38,74448,poisson,loglinear,3,0.75,-3537.053,True,13847.47,1.3658,1.2153,-0.5175,0.2326
MEXICO,MEXICO,national,2018-05-20,38,74448,poisson,loglinear,5,1.0,-3531.485,True,,1.0198,1.2794,0.1796,0.0571
MEXICO,MEXICO,national,2018-05-20,38,74448,poisson,loglinear,5,0.75,-2720.776,True,538.658,1.0547,1.2153,0.1786,0.1305
MEXICO,MEXICO,national,2018-05-20,38,74448,poisson,loglinear,7,1.0,-3376.625,True,,1.0257,1.2794,0.2029,0.0472
MEXICO,MEXICO,national,2018-05-20,38,74448,poisson,loglinear,7,0.75,-2814.909,True,3654.011,1.0744,1.2153,0.2552,0.1477
MEXICO,MEXICO,national,2019-06-09,35,257636,nb,briere,3,1.0,2.064,False,,1.3075,1.3015,0.0167,-0.0024
MEXICO,MEXICO,national,2019-06-09,35,257636,nb,briere,3,0.75,2.872,False,-11.144,1.1603,1.2492,0.0,0.0978
MEXICO,MEXICO,national,2019-06-09,35,257636,nb,briere,5,1.0,0.59,False,,1.1879,1.3015,0.0036,0.0868
MEXICO,MEXICO,national,2019-06-09,35,257636,nb,briere,5,0.75,-3.911,True,29.515,1.0613,1.2492,0.0,0.2515
MEXICO,MEXICO,national,2019-06-09,35,257636,nb,briere,7,1.0,-0.887,True,,1.2236,1.3015,0.0,0.0884
MEXICO,MEXICO,national,2019-06-09,35,257636,nb,briere,7,0.75,-4.318,True,6.984,1.1948,1.2492,0.0,0.1767
MEXICO,MEXICO,national,2019-06-09,35,257636,nb,loglinear,3,1.0,2.463,False,,1.175,1.3015,0.0468,0.0381
MEXICO,MEXICO,national,2019-06-09,35,257636,nb,loglinear,3,0.75,2.608,False,-10.217,1.1278,1.2492,-0.0352,0.142
MEXICO,MEXICO,national,2019-06-09,35,257636,nb,loglinear,5,1.0,0.562,False,,1.1517,1.3015,0.0272,0.0869
MEXICO,MEXICO,national,2019-06-09,35,257636,nb,loglinear,5,0.75,-4.195,True,28.385,1.0422,1.2492,-0.0399,0.2954
MEXICO,MEXICO,national,2019-06-09,35,257636,nb,loglinear,7,1.0,-0.906,True,,1.2514,1.3015,-0.0238,0.0917
MEXICO,MEXICO,national,2019-06-09,35,257636,nb,loglinear,7,0.75,-4.331,True,2.432,1.2181,1.2492,-0.0303,0.1775
MEXICO,MEXICO,national,2019-06-09,35,257636,poisson,briere,3,1.0,-1542.129,True,,1.5012,1.3757,0.0265,-0.0573
MEXICO,MEXICO,national,2019-06-09,35,257636,poisson,briere,3,0.75,-1567.356,True,1325.256,1.4078,1.3584,0.034,0.0194
MEXICO,MEXICO,national,2019-06-09,35,257636,poisson,briere,5,1.0,-1523.583,True,,1.3271,1.3757,0.0163,0.0453
MEXICO,MEXICO,national,2019-06-09,35,257636,poisson,briere,5,0.75,-3402.07,True,2823.01,1.2443,1.3584,0.02,0.1234
MEXICO,MEXICO,national,2019-06-09,35,257636,poisson,briere,7,1.0,-3105.77,True,,1.2855,1.3757,0.0021,0.0811
MEXICO,MEXICO,national,2019-06-09,35,257636,poisson,briere,7,0.75,-4383.279,True,662.132,1.2646,1.3584,0.0037,0.1077
MEXICO,MEXICO,national,2019-06-09,35,257636,poisson,loglinear,3,1.0,-1110.21,True,,1.2135,1.3757,0.1856,-0.0502
MEXICO,MEXICO,national,2019-06-09,35,257636,poisson,loglinear,3,0.75,-517.981,True,539.608,1.2693,1.3584,0.0866,0.0103
MEXICO,MEXICO,national,2019-06-09,35,257636,poisson,loglinear,5,1.0,-1298.877,True,,1.163,1.3757,0.1121,0.052
MEXICO,MEXICO,national,2019-06-09,35,257636,poisson,loglinear,5,0.75,-2887.982,True,2198.481,1.1515,1.3584,0.0425,0.1393
MEXICO,MEXICO,national,2019-06-09,35,257636,poisson,loglinear,7,1.0,-3102.717,True,,1.2649,1.3757,0.0137,0.0826
MEXICO,MEXICO,national,2019-06-09,35,257636,poisson,loglinear,7,0.75,-4378.723,True,685.508,1.2443,1.3584,0.0136,0.1099
MEXICO,MEXICO,national,2020-04-05,44,101975,nb,briere,3,1.0,-27.523,True,,1.1834,1.2449,0.0272,0.0737
MEXICO,MEXICO,national,2020-04-05,44,101975,nb,briere,3,0.75,2.157,False,-67.893,1.137,1.133,0.0,0.0532
MEXICO,MEXICO,national,2020-04-05,44,101975,nb,briere,5,1.0,-28.924,True,,1.194,1.2449,0.0,0.099
MEXICO,MEXICO,national,2020-04-05,44,101975,nb,briere,5,0.75,1.497,False,-98.15,1.1769,1.133,0.0,0.0788
MEXICO,MEXICO,national,2020-04-05,44,101975,nb,briere,7,1.0,-29.01,True,,1.2333,1.2449,0.0,0.102
MEXICO,MEXICO,national,2020-04-05,44,101975,nb,briere,7,0.75,0.432,False,-106.766,1.2366,1.133,0.0,0.1152
MEXICO,MEXICO,national,2020-04-05,44,101975,nb,loglinear,3,1.0,-27.446,True,,1.0058,1.2449,0.1282,0.1291
MEXICO,MEXICO,national,2020-04-05,44,101975,nb,loglinear,3,0.75,2.047,False,-56.713,1.2889,1.133,-0.1587,0.0012
MEXICO,MEXICO,national,2020-04-05,44,101975,nb,loglinear,5,1.0,-29.767,True,,1.0023,1.2449,0.1737,0.1453
MEXICO,MEXICO,national,2020-04-05,44,101975,nb,loglinear,5,0.75,1.484,False,-100.73,1.1526,1.133,0.0314,0.0909
MEXICO,MEXICO,national,2020-04-05,44,101975,nb,loglinear,7,1.0,-29.08,True,,1.193,1.2449,0.0427,0.1178
MEXICO,MEXICO,national,2020-04-05,44,101975,nb,loglinear,7,0.75,0.242,False,-80.049,1.1965,1.133,0.087,0.1637
MEXICO,MEXICO,national,2020-04-05,44,101975,poisson,briere,3,1.0,-10204.74,True,,1.1657,1.2545,0.0209,0.0898
MEXICO,MEXICO,national,2020-04-05,44,101975,poisson,briere,3,0.75,-1460.501,True,-37602.889,1.1385,1.1557,0.0,0.0629
MEXICO,MEXICO,national,2020-04-05,44,101975,poisson,briere,5,1.0,-11398.051,True,,1.1869,1.2545,0.0,0.1066
MEXICO,MEXICO,national,2020-04-05,44,101975,poisson,briere,5,0.75,-1837.658,True,-43580.087,1.1781,1.1557,0.0,0.0826
MEXICO,MEXICO,national,2020-04-05,44,101975,poisson,briere,7,1.0,-12436.067,True,,1.2371,1.2545,0.0,0.1179
MEXICO,MEXICO,national,2020-04-05,44,101975,poisson,briere,7,0.75,-2556.661,True,-45554.539,1.2335,1.1557,0.0,0.1126
MEXICO,MEXICO,national,2020-04-05,44,101975,poisson,loglinear,3,1.0,-11078.859,True,,1.5328,1.2545,-0.301,-0.043
MEXICO,MEXICO,national,2020-04-05,44,101975,poisson,loglinear,3,0.75,-1490.722,True,-34037.093,1.2462,1.1557,-0.1159,0.0269
MEXICO,MEXICO,national,2020-04-05,44,101975,poisson,loglinear,5,1.0,-11595.462,True,,0.9992,1.2545,0.1797,0.1558
MEXICO,MEXICO,national,2020-04-05,44,101975,poisson,loglinear,5,0.75,-1856.365,True,-43889.66,1.1357,1.1557,0.0559,0.1017
MEXICO,MEXICO,national,2020-04-05,44,101975,poisson,loglinear,7,1.0,-12692.716,True,,1.115,1.2545,0.143,0.1727
MEXICO,MEXICO,national,2020-04-05,44,101975,poisson,loglinear,7,0.75,-2846.211,True,-44475.791,1.1507,1.1557,0.1712,0.1956
MEXICO,MEXICO,national,2022-03-27,45,60956,nb,briere,3,1.0,1.238,False,,1.1271,1.162,0.0,0.0494
MEXICO,MEXICO,national,2022-03-27,45,60956,nb,briere,3,0.75,3.447,False,-13.338,1.1103,1.1062,0.0,0.0421
MEXICO,MEXICO,national,2022-03-27,45,60956,nb,briere,5,1.0,1.437,False,,1.1477,1.162,0.0,0.0469
MEXICO,MEXICO,national,2022-03-27,45,60956,nb,briere,5,0.75,3.275,False,-16.716,1.1463,1.1062,0.0,0.0606
MEXICO,MEXICO,national,2022-03-27,45,60956,nb,briere,7,1.0,1.786,False,,1.168,1.162,0.0,0.046
MEXICO,MEXICO,national,2022-03-27,45,60956,nb,briere,7,0.75,3.052,False,-8.605,1.2018,1.1062,0.0,0.089
MEXICO,MEXICO,national,2022-03-27,45,60956,nb,loglinear,3,1.0,1.019,False,,1.221,1.162,-0.0763,0.0329
MEXICO,MEXICO,national,2022-03-27,45,60956,nb,loglinear,3,0.75,3.437,False,-13.94,1.1292,1.1062,-0.0212,0.0316
MEXICO,MEXICO,national,2022-03-27,45,60956,nb,loglinear,5,1.0,1.05,False,,1.2508,1.162,-0.0913,0.0273
MEXICO,MEXICO,national,2022-03-27,45,60956,nb,loglinear,5,0.75,3.274,False,-16.509,1.1429,1.1062,0.0065,0.0646
MEXICO,MEXICO,national,2022-03-27,45,60956,nb,loglinear,7,1.0,1.151,False,,1.2793,1.162,-0.1084,0.022
MEXICO,MEXICO,national,2022-03-27,45,60956,nb,loglinear,7,0.75,3.025,False,7.471,1.2,1.1062,0.0276,0.1114
MEXICO,MEXICO,national,2022-03-27,45,60956,poisson,briere,3,1.0,-1879.765,True,,1.1357,1.1951,0.0,0.0565
MEXICO,MEXICO,national,2022-03-27,45,60956,poisson,briere,3,0.75,-393.367,True,-17407.694,1.1228,1.1264,0.0,0.0448
MEXICO,MEXICO,national,2022-03-27,45,60956,poisson,briere,5,1.0,-1808.494,True,,1.1634,1.1951,0.0,0.0525
MEXICO,MEXICO,national,2022-03-27,45,60956,poisson,briere,5,0.75,-536.088,True,-19350.885,1.1548,1.1264,0.0,0.0598
MEXICO,MEXICO,national,2022-03-27,45,60956,poisson,briere,7,1.0,-1638.504,True,,1.1894,1.1951,0.0,0.0513
MEXICO,MEXICO,national,2022-03-27,45,60956,poisson,briere,7,0.75,-748.151,True,-18364.032,1.2034,1.1264,0.0,0.0837
MEXICO,MEXICO,national,2022-03-27,45,60956,poisson,loglinear,3,1.0,-1988.254,True,,1.2114,1.1951,-0.0679,0.0434
MEXICO,MEXICO,national,2022-03-27,45,60956,poisson,loglinear,3,0.75,-395.841,True,-16581.029,1.1104,1.1264,0.0149,0.0517
MEXICO,MEXICO,national,2022-03-27,45,60956,poisson,loglinear,5,1.0,-2029.064,True,,1.2493,1.1951,-0.0861,0.0369
MEXICO,MEXICO,national,2022-03-27,45,60956,poisson,loglinear,5,0.75,-560.36,True,-18406.168,1.1354,1.1264,0.0384,0.0809
MEXICO,MEXICO,national,2022-03-27,45,60956,poisson,loglinear,7,1.0,-1996.677,True,,1.2808,1.1951,-0.1022,0.0326
MEXICO,MEXICO,national,2022-03-27,45,60956,poisson,loglinear,7,0.75,-861.254,True,-11598.73,1.1952,1.1264,0.0771,0.1373
MEXICO,MEXICO,national,2023-05-21,38,283726,nb,briere,3,1.0,2.997,False,,1.2244,1.2374,0.0,0.0163
MEXICO,MEXICO,national,2023-05-21,38,283726,nb,briere,3,0.75,-9.273,True,265.952,1.2416,1.2706,0.0,0.0877
MEXICO,MEXICO,national,2023-05-21,38,283726,nb,briere,5,1.0,3.996,False,,1.2368,1.2374,0.0,0.001
MEXICO,MEXICO,national,2023-05-21,38,283726,nb,briere,5,0.75,-4.285,True,336.737,1.2911,1.2706,0.0,0.0747
MEXICO,MEXICO,national,2023-05-21,38,283726,nb,briere,7,1.0,2.487,False,,1.2407,1.2374,0.0,-0.0195
MEXICO,MEXICO,national,2023-05-21,38,283726,nb,briere,7,0.75,1.936,False,229.322,1.3222,1.2706,0.0,0.0544
MEXICO,MEXICO,national,2023-05-21,38,283726,nb,loglinear,3,1.0,-0.303,True,,1.318,1.2374,-0.0868,0.0171
MEXICO,MEXICO,national,2023-05-21,38,283726,nb,loglinear,3,0.75,-4.905,True,160.722,1.1915,1.2706,0.0391,0.0899
MEXICO,MEXICO,national,2023-05-21,38,283726,nb,loglinear,5,1.0,0.385,False,,1.356,1.2374,-0.1007,-0.0039
MEXICO,MEXICO,national,2023-05-21,38,283726,nb,loglinear,5,0.75,3.536,False,0.827,1.2372,1.2706,0.0124,0.0313
MEXICO,MEXICO,national,2023-05-21,38,283726,nb,loglinear,7,1.0,-2.124,True,,1.3835,1.2374,-0.1205,-0.0249
MEXICO,MEXICO,national,2023-05-21,38,283726,nb,loglinear,7,0.75,-13.453,True,6.232,1.4301,1.2706,-0.2228,0.0249
MEXICO,MEXICO,national,2023-05-21,38,283726,poisson,briere,3,1.0,-740.41,True,,1.2562,1.2859,0.0,0.0226
MEXICO,MEXICO,national,2023-05-21,38,283726,poisson,briere,3,0.75,-6025.908,True,24599.761,1.2785,1.3538,0.0,0.0741
MEXICO,MEXICO,national,2023-05-21,38,283726,poisson,briere,5,1.0,-44.661,True,,1.2902,1.2859,0.0,-0.0047
MEXICO,MEXICO,national,2023-05-21,38,283726,poisson,briere,5,0.75,-4487.607,True,35528.972,1.337,1.3538,0.0,0.0587
MEXICO,MEXICO,national,2023-05-21,38,283726,poisson,briere,7,1.0,-2652.608,True,,1.2946,1.2859,0.0,-0.0328
MEXICO,MEXICO,national,2023-05-21,38,283726,poisson,briere,7,0.75,-1533.398,True,32496.775,1.3795,1.3538,0.0,0.0415
MEXICO,MEXICO,national,2023-05-21,38,283726,poisson,loglinear,3,1.0,-3017.246,True,,1.3736,1.2859,-0.116,0.0265
MEXICO,MEXICO,national,2023-05-21,38,283726,poisson,loglinear,3,0.75,-6534.735,True,-4898.464,1.3252,1.3538,-0.0881,0.0602
MEXICO,MEXICO,national,2023-05-21,38,283726,poisson,loglinear,5,1.0,-1996.04,True,,1.4032,1.2859,-0.1115,0.0012
MEXICO,MEXICO,national,2023-05-21,38,283726,poisson,loglinear,5,0.75,-6349.186,True,-11346.308,1.3919,1.3538,-0.1465,0.0439
MEXICO,MEXICO,national,2023-05-21,38,283726,poisson,loglinear,7,1.0,-3531.849,True,,1.3908,1.2859,-0.09,-0.0239
MEXICO,MEXICO,national,2023-05-21,38,283726,poisson,loglinear,7,0.75,-5216.054,True,-11404.373,1.4379,1.3538,-0.1958,0.0317
NEW CALEDONIA,NEW CALEDONIA,national,2012-11-11,37,10918,nb,briere,3,1.0,-8.296,True,,1.7017,1.4063,0.5266,0.0341
NEW CALEDONIA,NEW CALEDONIA,national,2012-11-11,37,10918,nb,briere,3,0.75,3.191,False,-34.912,1.4842,1.3539,0.1973,0.042
NEW CALEDONIA,NEW CALEDONIA,national,2012-11-11,37,10918,nb,briere,5,1.0,-8.464,True,,1.7344,1.4063,0.558,0.0385
NEW CALEDONIA,NEW CALEDONIA,national,2012-11-11,37,10918,nb,briere,5,0.75,-0.24,True,-20.489,1.401,1.3539,0.0,0.0946
NEW CALEDONIA,NEW CALEDONIA,national,2012-11-11,37,10918,nb,briere,7,1.0,-7.969,True,,1.7657,1.4063,0.6059,0.0249
NEW CALEDONIA,NEW CALEDONIA,national,2012-11-11,37,10918,nb,briere,7,0.75,0.71,False,-10.291,1.4061,1.3539,0.0,0.0725
NEW CALEDONIA,NEW CALEDONIA,national,2012-11-11,37,10918,nb,loglinear,3,1.0,-8.265,True,,1.2715,1.4063,0.085,0.0394
NEW CALEDONIA,NEW CALEDONIA,national,2012-11-11,37,10918,nb,loglinear,3,0.75,3.129,False,-36.811,1.3479,1.3539,0.0218,0.0416
NEW CALEDONIA,NEW CALEDONIA,national,2012-11-11,37,10918,nb,loglinear,5,1.0,-8.191,True,,1.2702,1.4063,0.092,0.0396
NEW CALEDONIA,NEW CALEDONIA,national,2012-11-11,37,10918,nb,loglinear,5,0.75,-0.521,True,-7.671,1.4376,1.3539,-0.025,0.1105
NEW CALEDONIA,NEW CALEDONIA,national,2012-11-11,37,10918,nb,loglinear,7,1.0,-7.505,True,,1.2526,1.4063,0.1017,0.0197
NEW CALEDONIA,NEW CALEDONIA,national,2012-11-11,37,10918,nb,loglinear,7,0.75,-0.362,True,24.576,1.5079,1.3539,-0.0588,0.1178
NEW CALEDONIA,NEW CALEDONIA,national,2012-11-11,37,10918,poisson,briere,3,1.0,-22.451,True,,1.5692,1.4003,0.3232,0.0104
NEW CALEDONIA,NEW CALEDONIA,national,2012-11-11,37,10918,poisson,briere,3,0.75,-5.565,True,133.518,1.3484,1.3642,0.0,-0.0349
NEW CALEDONIA,NEW CALEDONIA,national,2012-11-11,37,10918,poisson,briere,5,1.0,-37.906,True,,1.6012,1.4003,0.3519,0.0412
NEW CALEDONIA,NEW CALEDONIA,national,2012-11-11,37,10918,poisson,briere,5,0.75,-22.243,True,6.513,1.3848,1.3642,0.0,0.0569
NEW CALEDONIA,NEW CALEDONIA,national,2012-11-11,37,10918,poisson,briere,7,1.0,-51.898,True,,1.6082,1.4003,0.342,0.0523
NEW CALEDONIA,NEW CALEDONIA,national,2012-11-11,37,10918,poisson,briere,7,0.75,-65.776,True,80.433,1.4011,1.3642,0.0,0.082
NEW CALEDONIA,NEW CALEDONIA,national,2012-11-11,37,10918,poisson,loglinear,3,1.0,-16.051,True,,1.3261,1.4003,0.0438,0.0151
NEW CALEDONIA,NEW CALEDONIA,national,2012-11-11,37,10918,poisson,loglinear,3,0.75,-36.092,True,970.594,1.4259,1.3642,-0.0574,-0.0552
NEW CALEDONIA,NEW CALEDONIA,national,2012-11-11,37,10918,poisson,loglinear,5,1.0,-30.841,True,,1.3276,1.4003,0.0502,0.0421
NEW CALEDONIA,NEW CALEDONIA,national,2012-11-11,37,10918,poisson,loglinear,5,0.75,-39.72,True,295.024,1.4505,1.3642,-0.0441,0.0565
NEW CALEDONIA,NEW CALEDONIA,national,2012-11-11,37,10918,poisson,loglinear,7,1.0,-41.933,True,,1.3479,1.4003,0.0438,0.0508
NEW CALEDONIA,NEW CALEDONIA,national,2012-11-11,37,10918,poisson,loglinear,7,0.75,-124.096,True,653.202,1.5551,1.3642,-0.0923,0.1136
NICARAGUA,REGION AUTONOMA DEL ATLANTICO SUR,admin1,2009-03-29,32,1407,nb,briere,3,1.0,3.936,False,,1.4345,1.4386,0.0,-0.0077
NICARAGUA,REGION AUTONOMA DEL ATLANTICO SUR,admin1,2009-03-29,32,1407,nb,briere,3,0.75,1.823,False,84.253,1.0794,1.4208,0.0,-0.1868
NICARAGUA,REGION AUTONOMA DEL ATLANTICO SUR,admin1,2009-03-29,32,1407,nb,briere,5,1.0,3.616,False,,1.4086,1.4386,0.0,-0.0261
NICARAGUA,REGION AUTONOMA DEL ATLANTICO SUR,admin1,2009-03-29,32,1407,nb,briere,5,0.75,-0.029,True,48.145,1.0421,1.4208,0.0,-0.1982
NICARAGUA,REGION AUTONOMA DEL ATLANTICO SUR,admin1,2009-03-29,32,1407,nb,briere,7,1.0,2.731,False,,1.2941,1.4386,0.0,-0.0892
NICARAGUA,REGION AUTONOMA DEL ATLANTICO SUR,admin1,2009-03-29,32,1407,nb,briere,7,0.75,2.532,False,4.177,1.272,1.4208,0.1513,-0.1111
NICARAGUA,REGION AUTONOMA DEL ATLANTICO SUR,admin1,2009-03-29,32,1407,nb,loglinear,3,1.0,0.78,False,,1.4699,1.4386,-0.1202,-0.052
NICARAGUA,REGION AUTONOMA DEL ATLANTICO SUR,admin1,2009-03-29,32,1407,nb,loglinear,3,0.75,-3.16,True,43.818,1.0508,1.4208,-0.1707,-0.2858
NICARAGUA,REGION AUTONOMA DEL ATLANTICO SUR,admin1,2009-03-29,32,1407,nb,loglinear,5,1.0,1.51,False,,1.4313,1.4386,-0.081,-0.0428
NICARAGUA,REGION AUTONOMA DEL ATLANTICO SUR,admin1,2009-03-29,32,1407,nb,loglinear,5,0.75,-0.097,True,43.975,1.0393,1.4208,-0.0153,-0.205
NICARAGUA,REGION AUTONOMA DEL ATLANTICO SUR,admin1,2009-03-29,32,1407,nb,loglinear,7,1.0,2.051,False,,1.3843,1.4386,-0.0518,-0.0512
NICARAGUA,REGION AUTONOMA DEL ATLANTICO SUR,admin1,2009-03-29,32,1407,nb,loglinear,7,0.75,2.532,False,4.106,1.2179,1.4208,0.0045,-0.111
NICARAGUA,REGION AUTONOMA DEL ATLANTICO SUR,admin1,2009-03-29,32,1407,poisson,briere,3,1.0,-13.223,True,,1.4398,1.4741,0.0,-0.0534
NICARAGUA,REGION AUTONOMA DEL ATLANTICO SUR,admin1,2009-03-29,32,1407,poisson,briere,3,0.75,-30.528,True,270.661,1.216,1.4781,0.0,-0.169
NICARAGUA,REGION AUTONOMA DEL ATLANTICO SUR,admin1,2009-03-29,32,1407,poisson,briere,5,1.0,-7.128,True,,1.3897,1.4741,0.0,-0.0586
NICARAGUA,REGION AUTONOMA DEL ATLANTICO SUR,admin1,2009-03-29,32,1407,poisson,briere,5,0.75,-15.579,True,83.992,1.4033,1.4781,0.6075,-0.1481
NICARAGUA,REGION AUTONOMA DEL ATLANTICO SUR,admin1,2009-03-29,32,1407,poisson,briere,7,1.0,0.954,False,,1.6298,1.4741,0.5606,-0.0476
NICARAGUA,REGION AUTONOMA DEL ATLANTICO SUR,admin1,2009-03-29,32,1407,poisson,briere,7,0.75,1.718,False,0.175,1.7712,1.4781,0.8821,-0.0503
NICARAGUA,REGION AUTONOMA DEL ATLANTICO SUR,admin1,2009-03-29,32,1407,poisson,loglinear,3,1.0,-20.292,True,,1.439,1.4741,-0.065,-0.0761
NICARAGUA,REGION AUTONOMA DEL ATLANTICO SUR,admin1,2009-03-29,32,1407,poisson,loglinear,3,0.75,-45.126,True,309.843,1.138,1.4781,-0.0876,-0.2281
NICARAGUA,REGION AUTONOMA DEL ATLANTICO SUR,admin1,2009-03-29,32,1407,poisson,loglinear,5,1.0,-7.441,True,,1.3902,1.4741,-0.0118,-0.0604
NICARAGUA,REGION AUTONOMA DEL ATLANTICO SUR,admin1,2009-03-29,32,1407,poisson,loglinear,5,0.75,-15.527,True,87.318,1.1798,1.4781,0.0176,-0.1472
NICARAGUA,REGION AUTONOMA DEL ATLANTICO SUR,admin1,2009-03-29,32,1407,poisson,loglinear,7,1.0,0.904,False,,1.3793,1.4741,0.0203,-0.0476
NICARAGUA,REGION AUTONOMA DEL ATLANTICO SUR,admin1,2009-03-29,32,1407,poisson,loglinear,7,0.75,1.675,False,-0.954,1.3732,1.4781,0.0271,-0.0505
NICARAGUA,MATAGALPA,admin1,2009-05-03,41,1316,nb,briere,3,1.0,-2.431,True,,3.1501,1.2015,1.9056,0.1119
NICARAGUA,MATAGALPA,admin1,2009-05-03,41,1316,nb,briere,3,0.75,0.769,False,-2.834,2.4155,1.2166,1.4905,0.1366
NICARAGUA,MATAGALPA,admin1,2009-05-03,41,1316,nb,briere,5,1.0,2.056,False,,2.4992,1.2015,1.3335,0.0337
NICARAGUA,MATAGALPA,admin1,2009-05-03,41,1316,nb,briere,5,0.75,3.425,False,0.358,1.1765,1.2166,0.0,0.0333
NICARAGUA,MATAGALPA,admin1,2009-05-03,41,1316,nb,briere,7,1.0,2.646,False,,2.2954,1.2015,1.1195,-0.0045
NICARAGUA,MATAGALPA,admin1,2009-05-03,41,1316,nb,briere,7,0.75,3.93,False,0.354,1.2097,1.2166,0.0,0.0094
NICARAGUA,MATAGALPA,admin1,2009-05-03,41,1316,nb,loglinear,3,1.0,-2.701,True,,0.9905,1.2015,0.1722,0.1137
NICARAGUA,MATAGALPA,admin1,2009-05-03,41,1316,nb,loglinear,3,0.75,0.858,False,3.555,0.9955,1.2166,0.1081,0.1375
NICARAGUA,MATAGALPA,admin1,2009-05-03,41,1316,nb,loglinear,5,1.0,1.918,False,,1.1095,1.2015,0.1225,0.0364
NICARAGUA,MATAGALPA,admin1,2009-05-03,41,1316,nb,loglinear,5,0.75,3.365,False,1.0,1.1841,1.2166,-0.0253,0.0294
NICARAGUA,MATAGALPA,admin1,2009-05-03,41,1316,nb,loglinear,7,1.0,2.607,False,,1.1633,1.2015,0.099,-0.0027
NICARAGUA,MATAGALPA,admin1,2009-05-03,41,1316,nb,loglinear,7,0.75,3.68,False,1.599,1.2154,1.2166,-0.0476,0.0095
NICARAGUA,MATAGALPA,admin1,2009-05-03,41,1316,poisson,briere,3,1.0,-28.219,True,,3.6638,1.2218,2.1528,0.1119
NICARAGUA,MATAGALPA,admin1,2009-05-03,41,1316,poisson,briere,3,0.75,-13.008,True,-13.398,2.948,1.2265,1.7644,0.1106
NICARAGUA,MATAGALPA,admin1,2009-05-03,41,1316,poisson,briere,5,1.0,0.036,False,,1.9168,1.2218,0.8069,0.0132
NICARAGUA,MATAGALPA,admin1,2009-05-03,41,1316,poisson,briere,5,0.75,3.941,False,0.112,1.2204,1.2265,0.0,0.0039
NICARAGUA,MATAGALPA,admin1,2009-05-03,41,1316,poisson,briere,7,1.0,-2.78,True,,1.8975,1.2218,0.7209,-0.0238
NICARAGUA,MATAGALPA,admin1,2009-05-03,41,1316,poisson,briere,7,0.75,1.705,False,-0.558,1.251,1.2265,0.0,-0.0194
NICARAGUA,MATAGALPA,admin1,2009-05-03,41,1316,poisson,loglinear,3,1.0,-29.232,True,,0.9921,1.2218,0.194,0.1134
NICARAGUA,MATAGALPA,admin1,2009-05-03,41,1316,poisson,loglinear,3,0.75,-12.32,True,24.633,1.0354,1.2265,0.1293,0.1103
NICARAGUA,MATAGALPA,admin1,2009-05-03,41,1316,poisson,loglinear,5,1.0,-0.11,True,,1.1733,1.2218,0.0736,0.0142
NICARAGUA,MATAGALPA,admin1,2009-05-03,41,1316,poisson,loglinear,5,0.75,3.866,False,1.218,1.2245,1.2265,-0.0102,0.0019
NICARAGUA,MATAGALPA,admin1,2009-05-03,41,1316,poisson,loglinear,7,1.0,-2.669,True,,1.2258,1.2218,0.0627,-0.0232
NICARAGUA,MATAGALPA,admin1,2009-05-03,41,1316,poisson,loglinear,7,0.75,1.632,False,0.472,1.2515,1.2265,-0.0089,-0.0192
NICARAGUA,BOACO,admin1,2009-06-07,35,653,nb,briere,3,1.0,3.359,False,,1.3923,1.3818,0.0,-0.0368
NICARAGUA,BOACO,admin1,2009-06-07,35,653,nb,briere,3,0.75,3.734,False,19.829,2.4177,1.3004,1.4158,0.0414
NICARAGUA,BOACO,admin1,2009-06-07,35,653,nb,briere,5,1.0,3.87,False,,1.3899,1.3818,0.0,-0.0151
NICARAGUA,BOACO,admin1,2009-06-07,35,653,nb,briere,5,0.75,0.06,False,52.698,3.2356,1.3004,2.2266,0.1102
NICARAGUA,BOACO,admin1,2009-06-07,35,653,nb,briere,7,1.0,3.902,False,,1.3932,1.3818,0.0,-0.0148
NICARAGUA,BOACO,admin1,2009-06-07,35,653,nb,briere,7,0.75,1.527,False,53.313,1.8861,1.3004,1.1239,0.1138
NICARAGUA,BOACO,admin1,2009-06-07,35,653,nb,loglinear,3,1.0,1.847,False,,1.441,1.3818,-0.1094,-0.065
NICARAGUA,BOACO,admin1,2009-06-07,35,653,nb,loglinear,3,0.75,3.761,False,21.279,1.2176,1.3004,0.064,0.0403
NICARAGUA,BOACO,admin1,2009-06-07,35,653,nb,loglinear,5,1.0,3.195,False,,1.4241,1.3818,-0.0708,-0.0252
NICARAGUA,BOACO,admin1,2009-06-07,35,653,nb,loglinear,5,0.75,0.046,False,47.017,1.0931,1.3004,0.1064,0.1116
NICARAGUA,BOACO,admin1,2009-06-07,35,653,nb,loglinear,7,1.0,3.472,False,,1.4154,1.3818,-0.0552,-0.0133
NICARAGUA,BOACO,admin1,2009-06-07,35,653,nb,loglinear,7,0.75,1.552,False,50.96,1.094,1.3004,0.0514,0.1134
NICARAGUA,BOACO,admin1,2009-06-07,35,653,poisson,briere,3,1.0,3.837,False,,1.3844,1.384,0.0,0.0116
NICARAGUA,BOACO,admin1,2009-06-07,35,653,poisson,briere,3,0.75,-0.411,True,119.598,2.5445,1.3052,1.5344,0.0814
NICARAGUA,BOACO,admin1,2009-06-07,35,653,poisson,briere,5,1.0,3.992,False,,1.3845,1.384,0.0,-0.0021
NICARAGUA,BOACO,admin1,2009-06-07,35,653,poisson,briere,5,0.75,-11.049,True,400.122,3.0484,1.3052,2.0924,0.122
NICARAGUA,BOACO,admin1,2009-06-07,35,653,poisson,briere,7,1.0,0.684,False,,1.4093,1.384,0.0,-0.0382
NICARAGUA,BOACO,admin1,2009-06-07,35,653,poisson,briere,7,0.75,1.474,False,124.991,1.688,1.3052,0.6889,0.0481
NICARAGUA,BOACO,admin1,2009-06-07,35,653,poisson,loglinear,3,1.0,-4.804,True,,1.4466,1.384,-0.116,-0.0266
NICARAGUA,BOACO,admin1,2009-06-07,35,653,poisson,loglinear,3,0.75,-0.261,True,129.505,1.2073,1.3052,0.0714,0.0815
NICARAGUA,BOACO,admin1,2009-06-07,35,653,poisson,loglinear,5,1.0,-4.41,True,,1.4464,1.384,-0.1065,-0.0135
NICARAGUA,BOACO,admin1,2009-06-07,35,653,poisson,loglinear,5,0.75,-10.969,True,344.648,1.0996,1.3052,0.0997,0.1231
NICARAGUA,BOACO,admin1,2009-06-07,35,653,poisson,loglinear,7,1.0,-5.988,True,,1.4538,1.384,-0.0928,-0.0282
NICARAGUA,BOACO,admin1,2009-06-07,35,653,poisson,loglinear,7,0.75,1.591,False,126.703,1.2113,1.3052,0.03,0.0472
NICARAGUA,CHONTALES,admin1,2009-06-28,32,540,nb,briere,3,1.0,-3.038,True,,1.3034,1.2225,0.0,-0.2648
NICARAGUA,CHONTALES,admin1,2009-06-28,32,540,nb,briere,3,0.75,-6.721,True,35.021,0.9401,1.0645,0.0,-0.6025
NICARAGUA,CHONTALES,admin1,2009-06-28,32,540,nb,briere,5,1.0,-8.01,True,,1.33,1.2225,0.0,-0.2672
NICARAGUA,CHONTALES,admin1,2009-06-28,32,540,nb,briere,5,0.75,-5.126,True,-17.434,1.2979,1.0645,0.0,-0.2701
NICARAGUA,CHONTALES,admin1,2009-06-28,32,540,nb,briere,7,1.0,-5.21,True,,1.8995,1.2225,1.3833,-0.2126
NICARAGUA,CHONTALES,admin1,2009-06-28,32,540,nb,briere,7,0.75,-2.196,True,-15.579,2.5763,1.0645,2.884,-0.1863
NICARAGUA,CHONTALES,admin1,2009-06-28,32,540,nb,loglinear,3,1.0,-7.868,True,,1.5829,1.2225,-0.3203,-0.5041
NICARAGUA,CHONTALES,admin1,2009-06-28,32,540,nb,loglinear,3,0.75,-8.846,True,113.392,0.844,1.0645,-0.2717,-1.1838
NICARAGUA,CHONTALES,admin1,2009-06-28,32,540,nb,loglinear,5,1.0,-8.55,True,,1.393,1.2225,-0.0824,-0.2844
NICARAGUA,CHONTALES,admin1,2009-06-28,32,540,nb,loglinear,5,0.75,-5.558,True,-16.75,1.4456,1.0645,-0.1103,-0.3006
NICARAGUA,CHONTALES,admin1,2009-06-28,32,540,nb,loglinear,7,1.0,-5.194,True,,1.2999,1.2225,0.0741,-0.2122
NICARAGUA,CHONTALES,admin1,2009-06-28,32,540,nb,loglinear,7,0.75,-2.16,True,-15.099,1.1816,1.0645,0.1295,-0.1866
NICARAGUA,CHONTALES,admin1,2009-06-28,32,540,poisson,briere,3,1.0,-13.741,True,,1.3287,1.3496,0.0,-0.1552
NICARAGUA,CHONTALES,admin1,2009-06-28,32,540,poisson,briere,3,0.75,-44.676,True,4025.14,0.9782,1.3063,0.0,-0.5669
NICARAGUA,CHONTALES,admin1,2009-06-28,32,540,poisson,briere,5,1.0,-48.573,True,,1.336,1.3496,0.0,-0.2289
NICARAGUA,CHONTALES,admin1,2009-06-28,32,540,poisson,briere,5,0.75,-43.47,True,-13.485,1.3152,1.3063,0.0,-0.2322
NICARAGUA,CHONTALES,admin1,2009-06-28,32,540,poisson,briere,7,1.0,-41.275,True,,1.5656,1.3496,0.4987,-0.1688
NICARAGUA,CHONTALES,admin1,2009-06-28,32,540,poisson,briere,7,0.75,-35.104,True,-13.781,1.4105,1.3063,0.0,-0.1737
NICARAGUA,CHONTALES,admin1,2009-06-28,32,540,poisson,loglinear,3,1.0,-51.002,True,,1.5179,1.3496,-0.2531,-0.4007
NICARAGUA,CHONTALES,admin1,2009-06-28,32,540,poisson,loglinear,3,0.75,-56.149,True,90.724,1.4807,1.3063,-0.2167,-0.6255
NICARAGUA,CHONTALES,admin1,2009-06-28,32,540,poisson,loglinear,5,1.0,-55.194,True,,1.3982,1.3496,-0.0766,-0.2365
NICARAGUA,CHONTALES,admin1,2009-06-28,32,540,poisson,loglinear,5,0.75,-50.528,True,-7.011,1.4554,1.3063,-0.1064,-0.2416
NICARAGUA,CHONTALES,admin1,2009-06-28,32,540,poisson,loglinear,7,1.0,-41.151,True,,1.3666,1.3496,0.025,-0.1679
NICARAGUA,CHONTALES,admin1,2009-06-28,32,540,poisson,loglinear,7,0.75,-35.332,True,-9.467,1.4336,1.3063,-0.0187,-0.1718
NICARAGUA,MANAGUA,admin1,2009-08-02,36,9439,nb,briere,3,1.0,0.599,False,,1.7128,1.2358,1.1964,0.0349
NICARAGUA,MANAGUA,admin1,2009-08-02,36,9439,nb,briere,3,0.75,3.958,False,-12.039,1.4281,1.3013,0.4017,0.0152
NICARAGUA,MANAGUA,admin1,2009-08-02,36,9439,nb,briere,5,1.0,-1.685,True,,1.3113,1.2358,0.0,-0.1213
NICARAGUA,MANAGUA,admin1,2009-08-02,36,9439,nb,briere,5,0.75,1.869,False,-25.014,1.3169,1.3013,0.0,-0.107
NICARAGUA,MANAGUA,admin1,2009-08-02,36,9439,nb,briere,7,1.0,-14.264,True,,1.3644,1.2358,0.0,-0.2885
NICARAGUA,MANAGUA,admin1,2009-08-02,36,9439,nb,briere,7,0.75,-13.556,True,4.123,1.3356,1.3013,0.0,-0.4442
NICARAGUA,MANAGUA,admin1,2009-08-02,36,9439,nb,loglinear,3,1.0,0.565,False,,1.3191,1.2358,0.091,0.0268
NICARAGUA,MANAGUA,admin1,2009-08-02,36,9439,nb,loglinear,3,0.75,3.959,False,-13.588,1.287,1.3013,0.0203,0.0152
NICARAGUA,MANAGUA,admin1,2009-08-02,36,9439,nb,loglinear,5,1.0,-1.767,True,,1.298,1.2358,-0.0199,-0.1426
NICARAGUA,MANAGUA,admin1,2009-08-02,36,9439,nb,loglinear,5,0.75,0.299,False,48.014,1.3391,1.3013,-0.0965,-0.1999
NICARAGUA,MANAGUA,admin1,2009-08-02,36,9439,nb,loglinear,7,1.0,-16.539,True,,1.2868,1.2358,-0.113,-0.4377
NICARAGUA,MANAGUA,admin1,2009-08-02,36,9439,nb,loglinear,7,0.75,-13.976,True,-8.64,1.343,1.3013,-0.0416,-0.4907
NICARAGUA,MANAGUA,admin1,2009-08-02,36,9439,poisson,briere,3,1.0,-734.974,True,,2.2224,1.2803,1.4923,-0.0749
NICARAGUA,MANAGUA,admin1,2009-08-02,36,9439,poisson,briere,3,0.75,-287.289,True,-906.738,1.6629,1.3879,0.2388,-0.1165
NICARAGUA,MANAGUA,admin1,2009-08-02,36,9439,poisson,briere,5,1.0,-1002.458,True,,1.4622,1.2803,0.0,-0.2526
NICARAGUA,MANAGUA,admin1,2009-08-02,36,9439,poisson,briere,5,0.75,-516.129,True,-1341.709,1.4647,1.3879,0.0,-0.2497
NICARAGUA,MANAGUA,admin1,2009-08-02,36,9439,poisson,briere,7,1.0,-1152.639,True,,1.5442,1.2803,0.3954,-0.2954
NICARAGUA,MANAGUA,admin1,2009-08-02,36,9439,poisson,briere,7,0.75,-813.155,True,573.276,1.8203,1.3879,1.0846,-0.4045
NICARAGUA,MANAGUA,admin1,2009-08-02,36,9439,poisson,loglinear,3,1.0,-745.484,True,,1.6083,1.2803,0.1225,-0.0811
NICARAGUA,MANAGUA,admin1,2009-08-02,36,9439,poisson,loglinear,3,0.75,-286.857,True,-914.686,1.5647,1.3879,0.0099,-0.1182
NICARAGUA,MANAGUA,admin1,2009-08-02,36,9439,poisson,loglinear,5,1.0,-1002.534,True,,1.4594,1.2803,-0.0033,-0.2556
NICARAGUA,MANAGUA,admin1,2009-08-02,36,9439,poisson,loglinear,5,0.75,-521.841,True,-1283.255,1.4618,1.3879,-0.0237,-0.2752
NICARAGUA,MANAGUA,admin1,2009-08-02,36,9439,poisson,loglinear,7,1.0,-1144.827,True,,1.3957,1.2803,0.0142,-0.3149
NICARAGUA,MANAGUA,admin1,2009-08-02,36,9439,poisson,loglinear,7,0.75,-804.595,True,845.867,1.3739,1.3879,0.0508,-0.4064
NICARAGUA,CARAZO,admin1,2009-08-09,39,848,nb,briere,3,1.0,-14.916,True,,3.3703,1.2244,3.5048,0.0799
NICARAGUA,CARAZO,admin1,2009-08-09,39,848,nb,briere,3,0.75,-4.016,True,-72.747,2.8741,1.3949,2.1884,-0.068
NICARAGUA,CARAZO,admin1,2009-08-09,39,848,nb,briere,5,1.0,-12.352,True,,2.4953,1.2244,2.1412,-0.046
NICARAGUA,CARAZO,admin1,2009-08-09,39,848,nb,briere,5,0.75,-7.325,True,-63.126,1.6497,1.3949,0.0,-0.2483
NICARAGUA,CARAZO,admin1,2009-08-09,39,848,nb,briere,7,1.0,-19.248,True,,1.4604,1.2244,0.0,-0.3799
NICARAGUA,CARAZO,admin1,2009-08-09,39,848,nb,briere,7,0.75,-7.612,True,-112.652,1.6273,1.3949,0.2741,-0.3449
NICARAGUA,CARAZO,admin1,2009-08-09,39,848,nb,loglinear,3,1.0,-14.746,True,,1.6284,1.2244,0.2827,0.0569
NICARAGUA,CARAZO,admin1,2009-08-09,39,848,nb,loglinear,3,0.75,-4.105,True,-73.621,1.6869,1.3949,0.1324,-0.0704
NICARAGUA,CARAZO,admin1,2009-08-09,39,848,nb,loglinear,5,1.0,-13.359,True,,1.6139,1.2244,0.1921,-0.0477
NICARAGUA,CARAZO,admin1,2009-08-09,39,848,nb,loglinear,5,0.75,-7.346,True,-57.015,1.6464,1.3949,-0.017,-0.2644
NICARAGUA,CARAZO,admin1,2009-08-09,39,848,nb,loglinear,7,1.0,-19.529,True,,1.395,1.2244,-0.0717,-0.4662
NICARAGUA,CARAZO,admin1,2009-08-09,39,848,nb,loglinear,7,0.75,-7.594,True,-112.981,1.5091,1.3949,-0.0003,-0.3678
NICARAGUA,CARAZO,admin1,2009-08-09,39,848,poisson,briere,3,1.0,-122.881,True,,3.5682,1.2155,3.5062,0.0358
NICARAGUA,CARAZO,admin1,2009-08-09,39,848,poisson,briere,3,0.75,-72.196,True,-103.314,4.1027,1.3715,3.2112,-0.0906
NICARAGUA,CARAZO,admin1,2009-08-09,39,848,poisson,briere,5,1.0,-129.827,True,,2.4397,1.2155,1.8299,-0.1133
NICARAGUA,CARAZO,admin1,2009-08-09,39,848,poisson,briere,5,0.75,-101.79,True,-117.991,2.4463,1.3715,1.1923,-0.2703
NICARAGUA,CARAZO,admin1,2009-08-09,39,848,poisson,briere,7,1.0,-162.452,True,,1.6232,1.2155,0.3654,-0.3492
NICARAGUA,CARAZO,admin1,2009-08-09,39,848,poisson,briere,7,0.75,-92.299,True,-247.573,2.5922,1.3715,1.883,-0.2803
NICARAGUA,CARAZO,admin1,2009-08-09,39,848,poisson,loglinear,3,1.0,-124.124,True,,1.7293,1.2155,0.2894,0.0155
NICARAGUA,CARAZO,admin1,2009-08-09,39,848,poisson,loglinear,3,0.75,-73.705,True,-61.748,1.8864,1.3715,0.2011,-0.0936
NICARAGUA,CARAZO,admin1,2009-08-09,39,848,poisson,loglinear,5,1.0,-135.562,True,,1.6893,1.2155,0.1741,-0.1103
NICARAGUA,CARAZO,admin1,2009-08-09,39,848,poisson,loglinear,5,0.75,-101.313,True,-99.88,1.8218,1.3715,0.0682,-0.2729
NICARAGUA,CARAZO,admin1,2009-08-09,39,848,poisson,loglinear,7,1.0,-162.538,True,,1.51,1.2155,0.0374,-0.3436
NICARAGUA,CARAZO,admin1,2009-08-09,39,848,poisson,loglinear,7,0.75,-90.333,True,-254.152,1.6197,1.3715,0.1055,-0.2823
NICARAGUA,NUEVA SEGOVIA,admin1,2010-03-07,44,521,nb,briere,3,1.0,1.472,False,,1.3273,1.1957,0.2499,-0.0532
NICARAGUA,NUEVA SEGOVIA,admin1,2010-03-07,44,521,nb,briere,3,0.75,1.045,False,26.117,1.1288,1.2148,0.0,-0.1194
NICARAGUA,NUEVA SEGOVIA,admin1,2010-03-07,44,521,nb,briere,5,1.0,-1.436,True,,1.2845,1.1957,0.3092,-0.0938
NICARAGUA,NUEVA SEGOVIA,admin1,2010-03-07,44,521,nb,briere,5,0.75,-1.71,True,16.203,1.0631,1.2148,0.0,-0.1401
NICARAGUA,NUEVA SEGOVIA,admin1,2010-03-07,44,521,nb,briere,7,1.0,-3.146,True,,1.1642,1.1957,0.1819,-0.1104
NICARAGUA,NUEVA SEGOVIA,admin1,2010-03-07,44,521,nb,briere,7,0.75,-1.549,True,2.365,1.0365,1.2148,0.0,-0.1275
NICARAGUA,NUEVA SEGOVIA,admin1,2010-03-07,44,521,nb,loglinear,3,1.0,1.486,False,,1.1051,1.1957,0.0778,-0.04
NICARAGUA,NUEVA SEGOVIA,admin1,2010-03-07,44,521,nb,loglinear,3,0.75,-0.522,True,162.817,1.2302,1.2148,-0.2952,-0.3736
NICARAGUA,NUEVA SEGOVIA,admin1,2010-03-07,44,521,nb,loglinear,5,1.0,-0.81,True,,1.0188,1.1957,0.1034,-0.0798
NICARAGUA,NUEVA SEGOVIA,admin1,2010-03-07,44,521,nb,loglinear,5,0.75,-4.364,True,97.14,1.0468,1.2148,-0.2267,-0.3397
NICARAGUA,NUEVA SEGOVIA,admin1,2010-03-07,44,521,nb,loglinear,7,1.0,-2.771,True,,1.0174,1.1957,0.0598,-0.105
NICARAGUA,NUEVA SEGOVIA,admin1,2010-03-07,44,521,nb,loglinear,7,0.75,-1.936,True,2.77,1.0228,1.2148,-0.0602,-0.1735
NICARAGUA,NUEVA SEGOVIA,admin1,2010-03-07,44,521,poisson,briere,3,1.0,-8.428,True,,1.3798,1.1949,0.3366,-0.07
NICARAGUA,NUEVA SEGOVIA,admin1,2010-03-07,44,521,poisson,briere,3,0.75,-8.454,True,80.935,1.1414,1.2238,0.0,-0.1344
NICARAGUA,NUEVA SEGOVIA,admin1,2010-03-07,44,521,poisson,briere,5,1.0,-18.706,True,,1.2908,1.1949,0.3074,-0.1044
NICARAGUA,NUEVA SEGOVIA,admin1,2010-03-07,44,521,poisson,briere,5,0.75,-18.875,True,44.222,1.0681,1.2238,0.0,-0.1524
NICARAGUA,NUEVA SEGOVIA,admin1,2010-03-07,44,521,poisson,briere,7,1.0,-23.831,True,,1.1564,1.1949,0.1683,-0.1175
NICARAGUA,NUEVA SEGOVIA,admin1,2010-03-07,44,521,poisson,briere,7,0.75,-18.743,True,-4.327,1.0357,1.2238,0.0,-0.1371
NICARAGUA,NUEVA SEGOVIA,admin1,2010-03-07,44,521,poisson,loglinear,3,1.0,-8.843,True,,1.0684,1.1949,0.1132,-0.053
NICARAGUA,NUEVA SEGOVIA,admin1,2010-03-07,44,521,poisson,loglinear,3,0.75,-9.821,True,493.287,1.1888,1.2238,-0.1439,-0.251
NICARAGUA,NUEVA SEGOVIA,admin1,2010-03-07,44,521,poisson,loglinear,5,1.0,-17.545,True,,1.0259,1.1949,0.104,-0.0911
NICARAGUA,NUEVA SEGOVIA,admin1,2010-03-07,44,521,poisson,loglinear,5,0.75,-23.468,True,131.489,1.0535,1.2238,-0.163,-0.2827
NICARAGUA,NUEVA SEGOVIA,admin1,2010-03-07,44,521,poisson,loglinear,7,1.0,-23.336,True,,1.0212,1.1949,0.057,-0.1121
NICARAGUA,NUEVA SEGOVIA,admin1,2010-03-07,44,521,poisson,loglinear,7,0.75,-19.199,True,-3.387,1.0265,1.2238,-0.0375,-0.1627
NICARAGUA,RIVAS,admin1,2010-03-14,40,566,nb,briere,3,1.0,1.12,False,,2.1473,1.3329,2.5804,0.1079
NICARAGUA,RIVAS,admin1,2010-03-14,40,566,nb,briere,3,0.75,1.359,False,9.079,1.5333,1.2591,1.6263,-0.0507
NICARAGUA,RIVAS,admin1,2010-03-14,40,566,nb,briere,5,1.0,1.993,False,,2.0062,1.3329,2.0185,0.0949
NICARAGUA,RIVAS,admin1,2010-03-14,40,566,nb,briere,5,0.75,1.343,False,5.806,1.5879,1.2591,1.8376,-0.0405
NICARAGUA,RIVAS,admin1,2010-03-14,40,566,nb,briere,7,1.0,2.712,False,,1.8798,1.3329,1.5616,0.0836
NICARAGUA,RIVAS,admin1,2010-03-14,40,566,nb,briere,7,0.75,1.395,False,4.132,1.7981,1.2591,2.4302,-0.006
NICARAGUA,RIVAS,admin1,2010-03-14,40,566,nb,loglinear,3,1.0,0.906,False,,1.1821,1.3329,0.2415,0.1319
NICARAGUA,RIVAS,admin1,2010-03-14,40,566,nb,loglinear,3,0.75,1.422,False,26.941,1.1056,1.2591,0.0681,-0.0841
NICARAGUA,RIVAS,admin1,2010-03-14,40,566,nb,loglinear,5,1.0,1.987,False,,1.2735,1.3329,0.1784,0.113
NICARAGUA,RIVAS,admin1,2010-03-14,40,566,nb,loglinear,5,0.75,1.421,False,26.136,1.0939,1.2591,0.1016,-0.0582
NICARAGUA,RIVAS,admin1,2010-03-14,40,566,nb,loglinear,7,1.0,2.839,False,,1.3355,1.3329,0.1288,0.0987
NICARAGUA,RIVAS,admin1,2010-03-14,40,566,nb,loglinear,7,0.75,1.522,False,32.367,1.098,1.2591,0.146,-0.0207
NICARAGUA,RIVAS,admin1,2010-03-14,40,566,poisson,briere,3,1.0,-104.723,True,,6.848,1.2703,8.8003,0.243
NICARAGUA,RIVAS,admin1,2010-03-14,40,566,poisson,briere,3,0.75,-80.813,True,-29.469,5.0822,1.2397,7.3346,0.1703
NICARAGUA,RIVAS,admin1,2010-03-14,40,566,poisson,briere,5,1.0,-92.538,True,,4.9499,1.2703,6.9445,0.1381
NICARAGUA,RIVAS,admin1,2010-03-14,40,566,poisson,briere,5,0.75,-82.486,True,-11.621,4.5451,1.2397,6.6342,0.1315
NICARAGUA,RIVAS,admin1,2010-03-14,40,566,poisson,briere,7,1.0,-87.112,True,,4.0143,1.2703,6.0002,0.0737
NICARAGUA,RIVAS,admin1,2010-03-14,40,566,poisson,briere,7,0.75,-85.545,True,6.654,4.2438,1.2397,6.2123,0.1174
NICARAGUA,RIVAS,admin1,2010-03-14,40,566,poisson,loglinear,3,1.0,-98.986,True,,0.9392,1.2703,0.6886,0.2284
NICARAGUA,RIVAS,admin1,2010-03-14,40,566,poisson,loglinear,3,0.75,-78.065,True,7533.204,1.1666,1.2397,0.4339,0.1243
NICARAGUA,RIVAS,admin1,2010-03-14,40,566,poisson,loglinear,5,1.0,-85.692,True,,1.076,1.2703,0.5396,0.156
NICARAGUA,RIVAS,admin1,2010-03-14,40,566,poisson,loglinear,5,0.75,-79.451,True,7934.952,1.1924,1.2397,0.4053,0.1006
NICARAGUA,RIVAS,admin1,2010-03-14,40,566,poisson,loglinear,7,1.0,-79.007,True,,1.1031,1.2703,0.4564,0.0956
NICARAGUA,RIVAS,admin1,2010-03-14,40,566,poisson,loglinear,7,0.75,-82.322,True,8688.186,1.2105,1.2397,0.3912,0.0962
NICARAGUA,CHINANDEGA,admin1,2010-03-21,42,935,nb,briere,3,1.0,0.677,False,,1.5417,1.2212,1.2219,0.0675
NICARAGUA,CHINANDEGA,admin1,2010-03-21,42,935,nb,briere,3,0.75,1.343,False,62.604,1.1061,1.1509,0.0,-0.0801
NICARAGUA,CHINANDEGA,admin1,2010-03-21,42,935,nb,briere,5,1.0,2.742,False,,1.4536,1.2212,0.8021,0.0443
NICARAGUA,CHINANDEGA,admin1,2010-03-21,42,935,nb,briere,5,0.75,0.327,False,38.332,1.088,1.1509,0.0,-0.0776
NICARAGUA,CHINANDEGA,admin1,2010-03-21,42,935,nb,briere,7,1.0,3.56,False,,1.3714,1.2212,0.4807,0.0275
NICARAGUA,CHINANDEGA,admin1,2010-03-21,42,935,nb,briere,7,0.75,0.118,False,23.273,1.0717,1.1509,0.0,-0.0738
NICARAGUA,CHINANDEGA,admin1,2010-03-21,42,935,nb,loglinear,3,1.0,1.414,False,,1.1406,1.2212,0.1098,0.0661
NICARAGUA,CHINANDEGA,admin1,2010-03-21,42,935,nb,loglinear,3,0.75,-3.83,True,220.53,1.0917,1.1509,-0.5234,-0.4446
NICARAGUA,CHINANDEGA,admin1,2010-03-21,42,935,nb,loglinear,5,1.0,3.332,False,,1.2016,1.2212,0.049,0.0352
NICARAGUA,CHINANDEGA,admin1,2010-03-21,42,935,nb,loglinear,5,0.75,-3.866,True,49.342,1.0198,1.1509,-0.3363,-0.2827
NICARAGUA,CHINANDEGA,admin1,2010-03-21,42,935,nb,loglinear,7,1.0,3.878,False,,1.2253,1.2212,0.0116,0.0154
NICARAGUA,CHINANDEGA,admin1,2010-03-21,42,935,nb,loglinear,7,0.75,-1.721,True,-7.176,1.0192,1.1509,-0.1624,-0.1647
NICARAGUA,CHINANDEGA,admin1,2010-03-21,42,935,poisson,briere,3,1.0,-29.791,True,,1.908,1.2074,2.2548,0.0678
NICARAGUA,CHINANDEGA,admin1,2010-03-21,42,935,poisson,briere,3,0.75,-25.693,True,861.149,1.1289,1.1365,0.0,-0.1105
NICARAGUA,CHINANDEGA,admin1,2010-03-21,42,935,poisson,briere,5,1.0,-19.528,True,,1.8821,1.2074,2.0905,0.0328
NICARAGUA,CHINANDEGA,admin1,2010-03-21,42,935,poisson,briere,5,0.75,-29.976,True,326.022,1.101,1.1365,0.0,-0.0977
NICARAGUA,CHINANDEGA,admin1,2010-03-21,42,935,poisson,briere,7,1.0,-16.963,True,,1.7929,1.2074,1.8795,0.0048
NICARAGUA,CHINANDEGA,admin1,2010-03-21,42,935,poisson,briere,7,0.75,-26.361,True,138.462,1.0772,1.1365,0.0,-0.0829
NICARAGUA,CHINANDEGA,admin1,2010-03-21,42,935,poisson,loglinear,3,1.0,-23.188,True,,1.0644,1.2074,0.2512,0.0813
NICARAGUA,CHINANDEGA,admin1,2010-03-21,42,935,poisson,loglinear,3,0.75,-37.651,True,6437.15,1.1127,1.1365,-0.3613,-0.3555
NICARAGUA,CHINANDEGA,admin1,2010-03-21,42,935,poisson,loglinear,5,1.0,-10.618,True,,1.1299,1.2074,0.1838,0.0359
NICARAGUA,CHINANDEGA,admin1,2010-03-21,42,935,poisson,loglinear,5,0.75,-37.216,True,154.305,1.0551,1.1365,-0.1982,-0.2064
NICARAGUA,CHINANDEGA,admin1,2010-03-21,42,935,poisson,loglinear,7,1.0,-7.822,True,,1.1482,1.2074,0.1462,0.0095
NICARAGUA,CHINANDEGA,admin1,2010-03-21,42,935,poisson,loglinear,7,0.75,-27.058,True,37.802,1.0609,1.1365,-0.0463,-0.1046
NICARAGUA,JINOTEGA,admin1,2010-03-21,41,527,nb,briere,3,1.0,-8.467,True,,2.1034,1.2623,1.022,0.1213
NICARAGUA,JINOTEGA,admin1,2010-03-21,41,527,nb,briere,3,0.75,3.046,False,63.628,1.1186,1.1568,0.0,-0.0742
NICARAGUA,JINOTEGA,admin1,2010-03-21,41,527,nb,briere,5,1.0,-8.555,True,,2.3445,1.2623,1.1308,0.137
NICARAGUA,JINOTEGA,admin1,2010-03-21,41,527,nb,briere,5,0.75,2.96,False,-38.214,1.9283,1.1568,0.8964,0.0764
NICARAGUA,JINOTEGA,admin1,2010-03-21,41,527,nb,briere,7,1.0,-10.15,True,,2.533,1.2623,1.1681,0.1635
NICARAGUA,JINOTEGA,admin1,2010-03-21,41,527,nb,briere,7,0.75,2.285,False,-45.09,2.1107,1.1568,0.9588,0.1086
NICARAGUA,JINOTEGA,admin1,2010-03-21,41,527,nb,loglinear,3,1.0,-8.24,True,,1.0701,1.2623,0.2586,0.1542
NICARAGUA,JINOTEGA,admin1,2010-03-21,41,527,nb,loglinear,3,0.75,3.038,False,57.982,1.1187,1.1568,-0.0254,-0.0952
NICARAGUA,JINOTEGA,admin1,2010-03-21,41,527,nb,loglinear,5,1.0,-8.082,True,,1.1219,1.2623,0.2872,0.173
NICARAGUA,JINOTEGA,admin1,2010-03-21,41,527,nb,loglinear,5,0.75,2.914,False,27.225,1.1627,1.1568,0.1575,0.0796
NICARAGUA,JINOTEGA,admin1,2010-03-21,41,527,nb,loglinear,7,1.0,-9.582,True,,1.1932,1.2623,0.2879,0.1942
NICARAGUA,JINOTEGA,admin1,2010-03-21,41,527,nb,loglinear,7,0.75,2.233,False,-28.742,1.2266,1.1568,0.166,0.1094
NICARAGUA,JINOTEGA,admin1,2010-03-21,41,527,poisson,briere,3,1.0,-30.67,True,,2.2676,1.2502,1.1567,0.14
NICARAGUA,JINOTEGA,admin1,2010-03-21,41,527,poisson,briere,3,0.75,2.103,False,301.891,1.1295,1.152,0.0,-0.0646
NICARAGUA,JINOTEGA,admin1,2010-03-21,41,527,poisson,briere,5,1.0,-31.15,True,,2.5508,1.2502,1.2773,0.1486
NICARAGUA,JINOTEGA,admin1,2010-03-21,41,527,poisson,briere,5,0.75,1.68,False,-125.769,1.803,1.152,0.7735,0.0654
NICARAGUA,JINOTEGA,admin1,2010-03-21,41,527,poisson,briere,7,1.0,-37.402,True,,2.6738,1.2502,1.2647,0.1654
NICARAGUA,JINOTEGA,admin1,2010-03-21,41,527,poisson,briere,7,0.75,-1.086,True,-150.81,2.0255,1.152,0.8871,0.1015
NICARAGUA,JINOTEGA,admin1,2010-03-21,41,527,poisson,loglinear,3,1.0,-29.527,True,,1.0574,1.2502,0.287,0.1732
NICARAGUA,JINOTEGA,admin1,2010-03-21,41,527,poisson,loglinear,3,0.75,2.081,False,307.106,1.1288,1.152,-0.023,-0.0836
NICARAGUA,JINOTEGA,admin1,2010-03-21,41,527,poisson,loglinear,5,1.0,-29.075,True,,1.1102,1.2502,0.315,0.1803
NICARAGUA,JINOTEGA,admin1,2010-03-21,41,527,poisson,loglinear,5,0.75,1.406,False,105.853,1.1673,1.152,0.1457,0.0745
NICARAGUA,JINOTEGA,admin1,2010-03-21,41,527,poisson,loglinear,7,1.0,-35.342,True,,1.1815,1.2502,0.3029,0.1889
NICARAGUA,JINOTEGA,admin1,2010-03-21,41,527,poisson,loglinear,7,0.75,-1.494,True,-108.676,1.2294,1.152,0.1614,0.1069
NICARAGUA,CHONTALES,admin1,2010-03-28,39,796,nb,briere,3,1.0,-3.608,True,,1.912,1.2993,1.8082,0.0068
NICARAGUA,CHONTALES,admin1,2010-03-28,39,796,nb,briere,3,0.75,-1.054,True,68.873,1.1345,1.3087,0.0,-0.1919
NICARAGUA,CHONTALES,admin1,2010-03-28,39,796,nb,briere,5,1.0,-3.616,True,,1.8833,1.2993,1.7894,-0.0098
NICARAGUA,CHONTALES,admin1,2010-03-28,39,796,nb,briere,5,0.75,-2.379,True,30.66,1.0838,1.3087,0.0,-0.1816
NICARAGUA,CHONTALES,admin1,2010-03-28,39,796,nb,briere,7,1.0,-4.028,True,,1.7924,1.2993,1.8668,-0.0534
NICARAGUA,CHONTALES,admin1,2010-03-28,39,796,nb,briere,7,0.75,-1.954,True,8.668,1.1023,1.3087,0.1804,-0.1698
NICARAGUA,CHONTALES,admin1,2010-03-28,39,796,nb,loglinear,3,1.0,-2.157,True,,1.1432,1.2993,0.228,0.0319
NICARAGUA,CHONTALES,admin1,2010-03-28,39,796,nb,loglinear,3,0.75,-2.456,True,123.56,1.1205,1.3087,-0.2177,-0.3431
NICARAGUA,CHONTALES,admin1,2010-03-28,39,796,nb,loglinear,5,1.0,-1.765,True,,1.1638,1.2993,0.2116,0.0194
NICARAGUA,CHONTALES,admin1,2010-03-28,39,796,nb,loglinear,5,0.75,-2.889,True,40.348,1.0594,1.3087,-0.0974,-0.2416
NICARAGUA,CHONTALES,admin1,2010-03-28,39,796,nb,loglinear,7,1.0,-1.614,True,,1.1586,1.2993,0.1984,0.0
NICARAGUA,CHONTALES,admin1,2010-03-28,39,796,nb,loglinear,7,0.75,-1.931,True,12.479,1.0493,1.3087,0.0078,-0.1766
NICARAGUA,CHONTALES,admin1,2010-03-28,39,796,poisson,briere,3,1.0,-46.83,True,,2.0353,1.2669,2.1548,-0.0627
NICARAGUA,CHONTALES,admin1,2010-03-28,39,796,poisson,briere,3,0.75,-42.887,True,460.567,1.1523,1.2932,0.0,-0.2315
NICARAGUA,CHONTALES,admin1,2010-03-28,39,796,poisson,briere,5,1.0,-50.14,True,,1.8512,1.2669,1.9032,-0.0785
NICARAGUA,CHONTALES,admin1,2010-03-28,39,796,poisson,briere,5,0.75,-43.021,True,30.825,1.2126,1.2932,0.4006,-0.179
NICARAGUA,CHONTALES,admin1,2010-03-28,39,796,poisson,briere,7,1.0,-50.576,True,,1.7616,1.2669,1.7842,-0.077
NICARAGUA,CHONTALES,admin1,2010-03-28,39,796,poisson,briere,7,0.75,-39.038,True,-14.704,1.5298,1.2932,1.3266,-0.1193
NICARAGUA,CHONTALES,admin1,2010-03-28,39,796,poisson,loglinear,3,1.0,-40.429,True,,1.1047,1.2669,0.2766,-0.0304
NICARAGUA,CHONTALES,admin1,2010-03-28,39,796,poisson,loglinear,3,0.75,-43.811,True,523.263,1.1413,1.2932,-0.0789,-0.28
NICARAGUA,CHONTALES,admin1,2010-03-28,39,796,poisson,loglinear,5,1.0,-43.288,True,,1.0581,1.2669,0.2714,-0.0635
NICARAGUA,CHONTALES,admin1,2010-03-28,39,796,poisson,loglinear,5,0.75,-42.841,True,95.968,1.0925,1.2932,0.0285,-0.1866
NICARAGUA,CHONTALES,admin1,2010-03-28,39,796,poisson,loglinear,7,1.0,-46.352,True,,1.0293,1.2669,0.2536,-0.0776
NICARAGUA,CHONTALES,admin1,2010-03-28,39,796,poisson,loglinear,7,0.75,-38.076,True,136.374,1.0898,1.2932,0.1243,-0.1286
NICARAGUA,CARAZO,admin1,2010-06-13,34,1202,nb,briere,3,1.0,-4.574,True,,1.5663,1.1902,1.403,0.0812
NICARAGUA,CARAZO,admin1,2010-06-13,34,1202,nb,briere,3,0.75,-0.789,True,-8.122,1.1575,1.0792,0.7602,0.183
NICARAGUA,CARAZO,admin1,2010-06-13,34,1202,nb,briere,5,1.0,-5.114,True,,1.7381,1.1902,1.7032,0.0855
NICARAGUA,CARAZO,admin1,2010-06-13,34,1202,nb,briere,5,0.75,-1.966,True,5.863,1.5966,1.0792,1.7505,0.2187
NICARAGUA,CARAZO,admin1,2010-06-13,34,1202,nb,briere,7,1.0,-7.167,True,,1.9748,1.1902,2.0898,0.1174
NICARAGUA,CARAZO,admin1,2010-06-13,34,1202,nb,briere,7,0.75,-7.037,True,118.411,2.3312,1.0792,2.8568,0.4831
NICARAGUA,CARAZO,admin1,2010-06-13,34,1202,nb,loglinear,3,1.0,-4.567,True,,0.9333,1.1902,0.114,0.0854
NICARAGUA,CARAZO,admin1,2010-06-13,34,1202,nb,loglinear,3,0.75,-0.807,True,-9.216,0.8781,1.0792,0.0548,0.1791
NICARAGUA,CARAZO,admin1,2010-06-13,34,1202,nb,loglinear,5,1.0,-5.13,True,,0.9269,1.1902,0.1406,0.0902
NICARAGUA,CARAZO,admin1,2010-06-13,34,1202,nb,loglinear,5,0.75,-2.025,True,4.861,0.8397,1.0792,0.1201,0.22
NICARAGUA,CARAZO,admin1,2010-06-13,34,1202,nb,loglinear,7,1.0,-7.279,True,,0.9131,1.1902,0.1757,0.1232
NICARAGUA,CARAZO,admin1,2010-06-13,34,1202,nb,loglinear,7,0.75,-7.138,True,96.753,0.8054,1.0792,0.2042,0.4782
NICARAGUA,CARAZO,admin1,2010-06-13,34,1202,poisson,briere,3,1.0,-75.648,True,,1.9785,1.2787,1.9851,0.0917
NICARAGUA,CARAZO,admin1,2010-06-13,34,1202,poisson,briere,3,0.75,-59.769,True,-19.728,1.7622,1.2357,1.7977,0.1546
NICARAGUA,CARAZO,admin1,2010-06-13,34,1202,poisson,briere,5,1.0,-73.633,True,,2.3612,1.2787,2.4713,0.0802
NICARAGUA,CARAZO,admin1,2010-06-13,34,1202,poisson,briere,5,0.75,-58.8,True,-27.978,2.5947,1.2357,2.8024,0.1058
NICARAGUA,CARAZO,admin1,2010-06-13,34,1202,poisson,briere,7,1.0,-87.357,True,,2.6539,1.2787,2.8375,0.1052
NICARAGUA,CARAZO,admin1,2010-06-13,34,1202,poisson,briere,7,0.75,-100.542,True,264.002,1.5896,1.2357,1.3413,0.5073
NICARAGUA,CARAZO,admin1,2010-06-13,34,1202,poisson,loglinear,3,1.0,-75.883,True,,0.951,1.2787,0.1618,0.0973
NICARAGUA,CARAZO,admin1,2010-06-13,34,1202,poisson,loglinear,3,0.75,-60.107,True,-22.173,0.9116,1.2357,0.1221,0.1551
NICARAGUA,CARAZO,admin1,2010-06-13,34,1202,poisson,loglinear,5,1.0,-73.773,True,,0.948,1.2787,0.2037,0.087
NICARAGUA,CARAZO,admin1,2010-06-13,34,1202,poisson,loglinear,5,0.75,-59.372,True,-30.088,0.9263,1.2357,0.1897,0.1097
NICARAGUA,CARAZO,admin1,2010-06-13,34,1202,poisson,loglinear,7,1.0,-88.395,True,,0.9307,1.2787,0.2379,0.1127
NICARAGUA,CARAZO,admin1,2010-06-13,34,1202,poisson,loglinear,7,0.75,-100.755,True,238.027,0.9675,1.2357,0.0962,0.5053
NICARAGUA,ESTELI,admin1,2010-06-13,32,902,nb,briere,3,1.0,-13.224,True,,1.3755,1.2436,0.562,0.1687
NICARAGUA,ESTELI,admin1,2010-06-13,32,902,nb,briere,3,0.75,2.035,False,-46.695,0.9073,1.0263,0.0749,0.2677
NICARAGUA,ESTELI,admin1,2010-06-13,32,902,nb,briere,5,1.0,-11.882,True,,2.0925,1.2436,1.0554,0.0745
NICARAGUA,ESTELI,admin1,2010-06-13,32,902,nb,briere,5,0.75,3.752,False,-10.124,1.2554,1.0263,0.2526,-0.0301
NICARAGUA,ESTELI,admin1,2010-06-13,32,902,nb,briere,7,1.0,-12.083,True,,2.3222,1.2436,1.1899,0.0793
NICARAGUA,ESTELI,admin1,2010-06-13,32,902,nb,briere,7,0.75,3.63,False,-35.325,1.4868,1.0263,0.5629,0.0758
NICARAGUA,ESTELI,admin1,2010-06-13,32,902,nb,loglinear,3,1.0,-13.014,True,,0.8649,1.2436,0.0908,0.1864
NICARAGUA,ESTELI,admin1,2010-06-13,32,902,nb,loglinear,3,0.75,2.042,False,-46.192,0.8576,1.0263,0.0056,0.2697
NICARAGUA,ESTELI,admin1,2010-06-13,32,902,nb,loglinear,5,1.0,-11.334,True,,0.8782,1.2436,0.1893,0.0905
NICARAGUA,ESTELI,admin1,2010-06-13,32,902,nb,loglinear,5,0.75,3.805,False,7.261,1.0518,1.0263,0.0211,-0.0443
NICARAGUA,ESTELI,admin1,2010-06-13,32,902,nb,loglinear,7,1.0,-11.443,True,,0.8744,1.2436,0.2211,0.0893
NICARAGUA,ESTELI,admin1,2010-06-13,32,902,nb,loglinear,7,0.75,3.755,False,-10.578,0.9913,1.0263,0.0541,0.0574
NICARAGUA,ESTELI,admin1,2010-06-13,32,902,poisson,briere,3,1.0,-195.468,True,,1.1582,1.2452,0.4132,0.3161
NICARAGUA,ESTELI,admin1,2010-06-13,32,902,poisson,briere,3,0.75,-70.193,True,-616.778,1.1916,1.0452,0.5307,0.3973
NICARAGUA,ESTELI,admin1,2010-06-13,32,902,poisson,briere,5,1.0,-140.024,True,,2.1437,1.2452,1.0857,0.1251
NICARAGUA,ESTELI,admin1,2010-06-13,32,902,poisson,briere,5,0.75,-14.081,True,-502.664,1.6567,1.0452,0.6174,-0.0044
NICARAGUA,ESTELI,admin1,2010-06-13,32,902,poisson,briere,7,1.0,-133.025,True,,2.5031,1.2452,1.2549,0.0839
NICARAGUA,ESTELI,admin1,2010-06-13,32,902,poisson,briere,7,0.75,-15.51,True,-305.085,1.4796,1.0452,0.4141,-0.0726
NICARAGUA,ESTELI,admin1,2010-06-13,32,902,poisson,loglinear,3,1.0,-194.948,True,,0.8245,1.2452,0.0719,0.3237
NICARAGUA,ESTELI,admin1,2010-06-13,32,902,poisson,loglinear,3,0.75,-69.653,True,-625.298,0.8026,1.0452,0.0609,0.4022
NICARAGUA,ESTELI,admin1,2010-06-13,32,902,poisson,loglinear,5,1.0,-134.473,True,,0.8779,1.2452,0.1946,0.1409
NICARAGUA,ESTELI,admin1,2010-06-13,32,902,poisson,loglinear,5,0.75,-11.873,True,-6.457,1.0591,1.0452,0.0656,-0.0185
NICARAGUA,ESTELI,admin1,2010-06-13,32,902,poisson,loglinear,7,1.0,-124.843,True,,0.8956,1.2452,0.2291,0.0934
NICARAGUA,ESTELI,admin1,2010-06-13,32,902,poisson,loglinear,7,0.75,-14.2,True,314.768,1.1014,1.0452,0.0373,-0.0926
NICARAGUA,MANAGUA,admin1,2011-02-13,51,2194,nb,briere,3,1.0,1.242,False,,1.0703,1.0163,0.2285,0.0406
NICARAGUA,MANAGUA,admin1,2011-02-13,51,2194,nb,briere,3,0.75,-3.07,True,20.271,1.0117,1.0232,0.0,0.0553
NICARAGUA,MANAGUA,admin1,2011-02-13,51,2194,nb,briere,5,1.0,2.586,False,,1.0888,1.0163,0.2745,0.0376
NICARAGUA,MANAGUA,admin1,2011-02-13,51,2194,nb,briere,5,0.75,-3.256,True,30.709,1.0192,1.0232,0.0,0.0524
NICARAGUA,MANAGUA,admin1,2011-02-13,51,2194,nb,briere,7,1.0,2.578,False,,1.128,1.0163,0.3868,0.0459
NICARAGUA,MANAGUA,admin1,2011-02-13,51,2194,nb,briere,7,0.75,-3.444,True,40.026,1.0264,1.0232,0.0,0.0516
NICARAGUA,MANAGUA,admin1,2011-02-13,51,2194,nb,loglinear,3,1.0,1.817,False,,0.9999,1.0163,0.0218,0.0384
NICARAGUA,MANAGUA,admin1,2011-02-13,51,2194,nb,loglinear,3,0.75,-3.312,True,13.214,1.0164,1.0232,-0.0359,0.0203
NICARAGUA,MANAGUA,admin1,2011-02-13,51,2194,nb,loglinear,5,1.0,3.35,False,,1.0043,1.0163,0.0213,0.0286
NICARAGUA,MANAGUA,admin1,2011-02-13,51,2194,nb,loglinear,5,0.75,-3.472,True,20.599,1.0191,1.0232,-0.028,0.0275
NICARAGUA,MANAGUA,admin1,2011-02-13,51,2194,nb,loglinear,7,1.0,3.645,False,,1.0066,1.0163,0.0234,0.0266
NICARAGUA,MANAGUA,admin1,2011-02-13,51,2194,nb,loglinear,7,0.75,-3.71,True,27.543,1.0234,1.0232,-0.0251,0.0306
NICARAGUA,MANAGUA,admin1,2011-02-13,51,2194,poisson,briere,3,1.0,-12.681,True,,1.0995,1.0364,0.3017,0.0361
NICARAGUA,MANAGUA,admin1,2011-02-13,51,2194,poisson,briere,3,0.75,-34.095,True,221.057,1.0164,1.0317,0.0,0.0522
NICARAGUA,MANAGUA,admin1,2011-02-13,51,2194,poisson,briere,5,1.0,-4.147,True,,1.114,1.0364,0.3323,0.0309
NICARAGUA,MANAGUA,admin1,2011-02-13,51,2194,poisson,briere,5,0.75,-36.219,True,374.74,1.0234,1.0317,0.0,0.0486
NICARAGUA,MANAGUA,admin1,2011-02-13,51,2194,poisson,briere,7,1.0,-6.463,True,,1.16,1.0364,0.4634,0.0424
NICARAGUA,MANAGUA,admin1,2011-02-13,51,2194,poisson,briere,7,0.75,-38.145,True,516.867,1.0299,1.0317,0.0,0.0468
NICARAGUA,MANAGUA,admin1,2011-02-13,51,2194,poisson,loglinear,3,1.0,-6.213,True,,1.0048,1.0364,0.0293,0.0334
NICARAGUA,MANAGUA,admin1,2011-02-13,51,2194,poisson,loglinear,3,0.75,-35.054,True,133.788,1.0198,1.0317,-0.0243,0.0273
NICARAGUA,MANAGUA,admin1,2011-02-13,51,2194,poisson,loglinear,5,1.0,1.508,False,,1.0572,1.0364,-0.01,0.0091
NICARAGUA,MANAGUA,admin1,2011-02-13,51,2194,poisson,loglinear,5,0.75,-36.705,True,274.333,1.0234,1.0317,-0.0151,0.0348
NICARAGUA,MANAGUA,admin1,2011-02-13,51,2194,poisson,loglinear,7,1.0,-0.71,True,,1.0666,1.0364,-0.0034,0.0223
NICARAGUA,MANAGUA,admin1,2011-02-13,51,2194,poisson,loglinear,7,0.75,-38.647,True,395.266,1.0283,1.0317,-0.0128,0.036
NICARAGUA,CHONTALES,admin1,2011-04-24,40,435,nb,briere,3,1.0,0.705,False,,2.3608,1.3017,2.3432,0.0573
NICARAGUA,CHONTALES,admin1,2011-04-24,40,435,nb,briere,3,0.75,1.466,False,56.598,1.2757,1.2271,0.0,-0.172
NICARAGUA,CHONTALES,admin1,2011-04-24,40,435,nb,briere,5,1.0,1.526,False,,2.5954,1.3017,2.6022,-0.0234
NICARAGUA,CHONTALES,admin1,2011-04-24,40,435,nb,briere,5,0.75,2.101,False,18.455,1.2331,1.2271,0.0,-0.1056
NICARAGUA,CHONTALES,admin1,2011-04-24,40,435,nb,briere,7,1.0,-0.542,True,,2.4465,1.3017,2.4282,-0.0769
NICARAGUA,CHONTALES,admin1,2011-04-24,40,435,nb,briere,7,0.75,2.239,False,18.573,1.3367,1.2271,0.4377,-0.0973
NICARAGUA,CHONTALES,admin1,2011-04-24,40,435,nb,loglinear,3,1.0,0.667,False,,1.0719,1.3017,0.2816,0.0635
NICARAGUA,CHONTALES,admin1,2011-04-24,40,435,nb,loglinear,3,0.75,0.598,False,74.759,1.3417,1.2271,-0.1896,-0.2074
NICARAGUA,CHONTALES,admin1,2011-04-24,40,435,nb,loglinear,5,1.0,0.244,False,,1.5773,1.3017,-0.4662,-0.1011
NICARAGUA,CHONTALES,admin1,2011-04-24,40,435,nb,loglinear,5,0.75,2.059,False,19.638,1.2448,1.2271,-0.041,-0.1037
NICARAGUA,CHONTALES,admin1,2011-04-24,40,435,nb,loglinear,7,1.0,2.248,False,,1.5176,1.3017,-0.3979,-0.0207
NICARAGUA,CHONTALES,admin1,2011-04-24,40,435,nb,loglinear,7,0.75,2.221,False,35.067,1.1724,1.2271,0.0525,-0.097
NICARAGUA,CHONTALES,admin1,2011-04-24,40,435,poisson,briere,3,1.0,-1.423,True,,2.0115,1.2851,1.8365,0.06
NICARAGUA,CHONTALES,admin1,2011-04-24,40,435,poisson,briere,3,0.75,-8.721,True,663.969,1.3048,1.2102,0.0,-0.2515
NICARAGUA,CHONTALES,admin1,2011-04-24,40,435,poisson,briere,5,1.0,0.015,False,,2.1899,1.2851,2.0247,-0.0394
NICARAGUA,CHONTALES,admin1,2011-04-24,40,435,poisson,briere,5,0.75,-0.668,True,36.416,1.2423,1.2102,0.0,-0.1153
NICARAGUA,CHONTALES,admin1,2011-04-24,40,435,poisson,briere,7,1.0,-7.498,True,,2.2068,1.2851,2.0806,-0.1007
NICARAGUA,CHONTALES,admin1,2011-04-24,40,435,poisson,briere,7,0.75,0.305,False,27.698,1.3791,1.2102,0.5339,-0.0952
NICARAGUA,CHONTALES,admin1,2011-04-24,40,435,poisson,loglinear,3,1.0,-20.352,True,,1.642,1.2851,-0.5237,-0.1326
NICARAGUA,CHONTALES,admin1,2011-04-24,40,435,poisson,loglinear,3,0.75,-12.981,True,466.504,1.4113,1.2102,-0.2402,-0.2961
NICARAGUA,CHONTALES,admin1,2011-04-24,40,435,poisson,loglinear,5,1.0,-18.375,True,,1.5779,1.2851,-0.4679,-0.0993
NICARAGUA,CHONTALES,admin1,2011-04-24,40,435,poisson,loglinear,5,0.75,-0.702,True,35.071,1.249,1.2102,-0.0208,-0.1124
NICARAGUA,CHONTALES,admin1,2011-04-24,40,435,poisson,loglinear,7,1.0,-14.228,True,,1.539,1.2851,-0.4504,0.0043
NICARAGUA,CHONTALES,admin1,2011-04-24,40,435,poisson,loglinear,7,0.75,0.154,False,153.147,1.1707,1.2102,0.0731,-0.0984
NICARAGUA,MASAYA,admin1,2011-05-01,53,987,nb,briere,3,1.0,-6.586,True,,1.3731,1.1566,0.2633,-0.0503
NICARAGUA,MASAYA,admin1,2011-05-01,53,987,nb,briere,3,0.75,2.642,False,-32.631,1.2646,1.2097,0.0,-0.0402
NICARAGUA,MASAYA,admin1,2011-05-01,53,987,nb,briere,5,1.0,-11.066,True,,1.2917,1.1566,0.0,-0.084
NICARAGUA,MASAYA,admin1,2011-05-01,53,987,nb,briere,5,0.75,0.263,False,-60.27,1.2785,1.2097,0.0,-0.0635
NICARAGUA,MASAYA,admin1,2011-05-01,53,987,nb,briere,7,1.0,-11.967,True,,1.2579,1.1566,0.0,-0.071
NICARAGUA,MASAYA,admin1,2011-05-01,53,987,nb,briere,7,0.75,-0.054,True,-67.632,1.2561,1.2097,0.0,-0.0643
NICARAGUA,MASAYA,admin1,2011-05-01,53,987,nb,loglinear,3,1.0,-6.656,True,,1.275,1.1566,0.0294,-0.0524
NICARAGUA,MASAYA,admin1,2011-05-01,53,987,nb,loglinear,3,0.75,-3.864,True,541.634,1.4667,1.2097,-0.1787,-0.1505
NICARAGUA,MASAYA,admin1,2011-05-01,53,987,nb,loglinear,5,1.0,-11.066,True,,1.2915,1.1566,0.0003,-0.0837
NICARAGUA,MASAYA,admin1,2011-05-01,53,987,nb,loglinear,5,0.75,-8.353,True,515.524,1.4458,1.2097,-0.1972,-0.1632
NICARAGUA,MASAYA,admin1,2011-05-01,53,987,nb,loglinear,7,1.0,-12.513,True,,1.2629,1.1566,-0.0205,-0.0889
NICARAGUA,MASAYA,admin1,2011-05-01,53,987,nb,loglinear,7,0.75,-3.458,True,264.33,1.3141,1.2097,-0.1111,-0.0954
NICARAGUA,MASAYA,admin1,2011-05-01,53,987,poisson,briere,3,1.0,-13.85,True,,1.3424,1.1565,0.2529,-0.0369
NICARAGUA,MASAYA,admin1,2011-05-01,53,987,poisson,briere,3,0.75,2.707,False,-31.263,1.2412,1.2068,0.0,-0.0255
NICARAGUA,MASAYA,admin1,2011-05-01,53,987,poisson,briere,5,1.0,-24.515,True,,1.2889,1.1565,0.0,-0.0808
NICARAGUA,MASAYA,admin1,2011-05-01,53,987,poisson,briere,5,0.75,-2.378,True,-78.346,1.2729,1.2068,0.0,-0.059
NICARAGUA,MASAYA,admin1,2011-05-01,53,987,poisson,briere,7,1.0,-26.242,True,,1.2606,1.1565,0.0,-0.0711
NICARAGUA,MASAYA,admin1,2011-05-01,53,987,poisson,briere,7,0.75,-2.724,True,-90.409,1.2566,1.2068,0.0,-0.0627
NICARAGUA,MASAYA,admin1,2011-05-01,53,987,poisson,loglinear,3,1.0,-14.117,True,,1.25,1.1565,0.0288,-0.0384
NICARAGUA,MASAYA,admin1,2011-05-01,53,987,poisson,loglinear,3,0.75,-16.485,True,715.49,1.482,1.2068,-0.2027,-0.1555
NICARAGUA,MASAYA,admin1,2011-05-01,53,987,poisson,loglinear,5,1.0,-24.574,True,,1.2915,1.1565,-0.0039,-0.0848
NICARAGUA,MASAYA,admin1,2011-05-01,53,987,poisson,loglinear,5,0.75,-28.354,True,616.004,1.4859,1.2068,-0.2145,-0.1865
NICARAGUA,MASAYA,admin1,2011-05-01,53,987,poisson,loglinear,7,1.0,-27.826,True,,1.2716,1.1565,-0.0247,-0.0947
NICARAGUA,MASAYA,admin1,2011-05-01,53,987,poisson,loglinear,7,0.75,-11.816,True,336.358,1.3232,1.2068,-0.1108,-0.0977
NICARAGUA,CHINANDEGA,admin1,2011-05-29,34,590,nb,briere,3,1.0,3.734,False,,1.3289,1.2933,0.0,-0.0353
NICARAGUA,CHINANDEGA,admin1,2011-05-29,34,590,nb,briere,3,0.75,-1.454,True,62.591,1.3888,1.1657,0.0,-0.3225
NICARAGUA,CHINANDEGA,admin1,2011-05-29,34,590,nb,briere,5,1.0,3.465,False,,1.3362,1.2933,0.0,-0.0542
NICARAGUA,CHINANDEGA,admin1,2011-05-29,34,590,nb,briere,5,0.75,3.999,False,0.008,1.1681,1.1657,0.0,-0.0037
NICARAGUA,CHINANDEGA,admin1,2011-05-29,34,590,nb,briere,7,1.0,3.614,False,,1.2747,1.2933,0.0,0.0435
NICARAGUA,CHINANDEGA,admin1,2011-05-29,34,590,nb,briere,7,0.75,3.08,False,-4.494,1.1395,1.1657,0.0,0.0934
NICARAGUA,CHINANDEGA,admin1,2011-05-29,34,590,nb,loglinear,3,1.0,-11.027,True,,1.5734,1.2933,-0.1821,-0.2324
NICARAGUA,CHINANDEGA,admin1,2011-05-29,34,590,nb,loglinear,3,0.75,-4.911,True,-13.833,1.4527,1.1657,-0.2837,-0.0044
NICARAGUA,CHINANDEGA,admin1,2011-05-29,34,590,nb,loglinear,5,1.0,-8.649,True,,1.5077,1.2933,-0.1653,-0.1918
NICARAGUA,CHINANDEGA,admin1,2011-05-29,34,590,nb,loglinear,5,0.75,-5.696,True,5.731,1.3753,1.1657,-0.3136,0.1487
NICARAGUA,CHINANDEGA,admin1,2011-05-29,34,590,nb,loglinear,7,1.0,-3.85,True,,1.3641,1.2933,-0.141,-0.0036
NICARAGUA,CHINANDEGA,admin1,2011-05-29,34,590,nb,loglinear,7,0.75,-5.787,True,-15.094,1.4129,1.1657,-0.2781,0.0853
NICARAGUA,CHINANDEGA,admin1,2011-05-29,34,590,poisson,briere,3,1.0,0.846,False,,1.3694,1.3155,0.0,-0.0593
NICARAGUA,CHINANDEGA,admin1,2011-05-29,34,590,poisson,briere,3,0.75,-39.96,True,1616.156,1.4367,1.2113,0.0,-0.4067
NICARAGUA,CHINANDEGA,admin1,2011-05-29,34,590,poisson,briere,5,1.0,-6.531,True,,1.4244,1.3155,0.0,-0.131
NICARAGUA,CHINANDEGA,admin1,2011-05-29,34,590,poisson,briere,5,0.75,0.246,False,5.371,1.307,1.2113,0.0,-0.1317
NICARAGUA,CHINANDEGA,admin1,2011-05-29,34,590,poisson,briere,7,1.0,2.872,False,,1.343,1.3155,0.0,-0.0432
NICARAGUA,CHINANDEGA,admin1,2011-05-29,34,590,poisson,briere,7,0.75,3.031,False,19.515,1.1827,1.2113,0.0,0.0497
NICARAGUA,CHINANDEGA,admin1,2011-05-29,34,590,poisson,loglinear,3,1.0,-92.389,True,,1.5504,1.3155,-0.204,-0.2
NICARAGUA,CHINANDEGA,admin1,2011-05-29,34,590,poisson,loglinear,3,0.75,-60.771,True,-149.271,1.4624,1.2113,-0.2503,-0.0529
NICARAGUA,CHINANDEGA,admin1,2011-05-29,34,590,poisson,loglinear,5,1.0,-85.018,True,,1.5403,1.3155,-0.1874,-0.2038
NICARAGUA,CHINANDEGA,admin1,2011-05-29,34,590,poisson,loglinear,5,0.75,-61.368,True,-124.386,1.3997,1.2113,-0.2828,0.0766
NICARAGUA,CHINANDEGA,admin1,2011-05-29,34,590,poisson,loglinear,7,1.0,-71.789,True,,1.4117,1.3155,-0.2139,0.0131
NICARAGUA,CHINANDEGA,admin1,2011-05-29,34,590,poisson,loglinear,7,0.75,-61.932,True,-134.45,1.4139,1.2113,-0.2719,0.0596
NICARAGUA,LEON,admin1,2011-06-05,33,1616,nb,briere,3,1.0,3.881,False,,1.3877,1.3595,0.0,-0.0283
NICARAGUA,LEON,admin1,2011-06-05,33,1616,nb,briere,3,0.75,-2.164,True,152.726,2.5557,1.1986,2.0922,-0.4616
NICARAGUA,LEON,admin1,2011-06-05,33,1616,nb,briere,5,1.0,3.26,False,,1.4217,1.3595,0.0,-0.0763
NICARAGUA,LEON,admin1,2011-06-05,33,1616,nb,briere,5,0.75,3.997,False,0.14,1.1919,1.1986,0.0,0.0097
NICARAGUA,LEON,admin1,2011-06-05,33,1616,nb,briere,7,1.0,1.493,False,,1.2948,1.3595,0.0,0.1362
NICARAGUA,LEON,admin1,2011-06-05,33,1616,nb,briere,7,0.75,-2.192,True,10.899,1.0234,1.1986,0.0,0.3868
NICARAGUA,LEON,admin1,2011-06-05,33,1616,nb,loglinear,3,1.0,-9.721,True,,1.6805,1.3595,-0.2011,-0.2942
NICARAGUA,LEON,admin1,2011-06-05,33,1616,nb,loglinear,3,0.75,-2.184,True,155.367,1.3539,1.1986,0.1324,-0.4645
NICARAGUA,LEON,admin1,2011-06-05,33,1616,nb,loglinear,5,1.0,-8.407,True,,1.6402,1.3595,-0.1834,-0.2736
NICARAGUA,LEON,admin1,2011-06-05,33,1616,nb,loglinear,5,0.75,2.611,False,-31.611,1.4556,1.1986,-0.2575,0.0259
NICARAGUA,LEON,admin1,2011-06-05,33,1616,nb,loglinear,7,1.0,-2.919,True,,1.3802,1.3595,-0.1352,0.0981
NICARAGUA,LEON,admin1,2011-06-05,33,1616,nb,loglinear,7,0.75,-3.855,True,-29.99,1.3004,1.1986,-0.2342,0.3731
NICARAGUA,LEON,admin1,2011-06-05,33,1616,poisson,briere,3,1.0,-11.259,True,,1.4906,1.4217,0.0,-0.0892
NICARAGUA,LEON,admin1,2011-06-05,33,1616,poisson,briere,3,0.75,-94.883,True,3726.887,1.9296,1.3193,0.8982,-0.4037
NICARAGUA,LEON,admin1,2011-06-05,33,1616,poisson,briere,5,1.0,-69.241,True,,1.6104,1.4217,0.0,-0.2378
NICARAGUA,LEON,admin1,2011-06-05,33,1616,poisson,briere,5,0.75,-22.534,True,-69.281,1.4937,1.3193,0.0,-0.2249
NICARAGUA,LEON,admin1,2011-06-05,33,1616,poisson,briere,7,1.0,3.958,False,,1.4174,1.4217,0.0,0.0058
NICARAGUA,LEON,admin1,2011-06-05,33,1616,poisson,briere,7,0.75,-40.837,True,539.093,1.1222,1.3193,0.0,0.2729
NICARAGUA,LEON,admin1,2011-06-05,33,1616,poisson,loglinear,3,1.0,-151.724,True,,1.5928,1.4217,-0.1612,-0.1615
NICARAGUA,LEON,admin1,2011-06-05,33,1616,poisson,loglinear,3,0.75,-95.119,True,4272.334,1.4602,1.3193,0.0655,-0.4087
NICARAGUA,LEON,admin1,2011-06-05,33,1616,poisson,loglinear,5,1.0,-174.876,True,,1.6587,1.4217,-0.133,-0.2592
NICARAGUA,LEON,admin1,2011-06-05,33,1616,poisson,loglinear,5,0.75,-45.776,True,-310.17,1.5535,1.3193,-0.1231,-0.1614
NICARAGUA,LEON,admin1,2011-06-05,33,1616,poisson,loglinear,7,1.0,-144.623,True,,1.4123,1.4217,-0.214,0.167
NICARAGUA,LEON,admin1,2011-06-05,33,1616,poisson,loglinear,7,0.75,-86.577,True,-175.239,1.3012,1.3193,-0.2013,0.3006
NICARAGUA,NUEVA SEGOVIA,admin1,2012-03-04,46,1257,nb,briere,3,1.0,-1.338,True,,2.0547,1.1932,1.0394,0.0005
NICARAGUA,NUEVA SEGOVIA,admin1,2012-03-04,46,1257,nb,briere,3,0.75,1.833,False,20.807,1.1514,1.1682,0.0,-0.0624
NICARAGUA,NUEVA SEGOVIA,admin1,2012-03-04,46,1257,nb,briere,5,1.0,-2.552,True,,1.8103,1.1932,0.8191,-0.0414
NICARAGUA,NUEVA SEGOVIA,admin1,2012-03-04,46,1257,nb,briere,5,0.75,-0.607,True,29.469,1.1157,1.1682,0.0,-0.0877
NICARAGUA,NUEVA SEGOVIA,admin1,2012-03-04,46,1257,nb,briere,7,1.0,-1.887,True,,1.8864,1.1932,0.905,-0.0276
NICARAGUA,NUEVA SEGOVIA,admin1,2012-03-04,46,1257,nb,briere,7,0.75,2.06,False,12.393,1.1281,1.1682,0.0,-0.05
NICARAGUA,NUEVA SEGOVIA,admin1,2012-03-04,46,1257,nb,loglinear,3,1.0,0.981,False,,1.0753,1.1932,0.1054,-0.0038
NICARAGUA,NUEVA SEGOVIA,admin1,2012-03-04,46,1257,nb,loglinear,3,0.75,0.267,False,39.025,1.2329,1.1682,-0.1172,-0.134
NICARAGUA,NUEVA SEGOVIA,admin1,2012-03-04,46,1257,nb,loglinear,5,1.0,-1.428,True,,1.2155,1.1932,-0.0315,-0.0795
NICARAGUA,NUEVA SEGOVIA,admin1,2012-03-04,46,1257,nb,loglinear,5,0.75,-3.86,True,34.569,1.2165,1.1682,-0.1656,-0.167
NICARAGUA,NUEVA SEGOVIA,admin1,2012-03-04,46,1257,nb,loglinear,7,1.0,0.425,False,,1.0821,1.1932,0.0847,-0.0291
NICARAGUA,NUEVA SEGOVIA,admin1,2012-03-04,46,1257,nb,loglinear,7,0.75,1.939,False,7.551,1.1439,1.1682,-0.0249,-0.058
NICARAGUA,NUEVA SEGOVIA,admin1,2012-03-04,46,1257,poisson,briere,3,1.0,-22.371,True,,2.1017,1.1939,1.0539,-0.0212
NICARAGUA,NUEVA SEGOVIA,admin1,2012-03-04,46,1257,poisson,briere,3,0.75,-17.301,True,125.25,1.1542,1.1606,0.0,-0.0913
NICARAGUA,NUEVA SEGOVIA,admin1,2012-03-04,46,1257,poisson,briere,5,1.0,-35.404,True,,1.5926,1.1939,0.5376,-0.0731
NICARAGUA,NUEVA SEGOVIA,admin1,2012-03-04,46,1257,poisson,briere,5,0.75,-29.079,True,67.023,1.1343,1.1606,0.0,-0.1011
NICARAGUA,NUEVA SEGOVIA,admin1,2012-03-04,46,1257,poisson,briere,7,1.0,-25.759,True,,1.9455,1.1939,0.9375,-0.0378
NICARAGUA,NUEVA SEGOVIA,admin1,2012-03-04,46,1257,poisson,briere,7,0.75,-7.473,True,12.719,1.1561,1.1606,0.0305,-0.0521
NICARAGUA,NUEVA SEGOVIA,admin1,2012-03-04,46,1257,poisson,loglinear,3,1.0,-14.802,True,,1.102,1.1939,0.097,-0.0293
NICARAGUA,NUEVA SEGOVIA,admin1,2012-03-04,46,1257,poisson,loglinear,3,0.75,-25.968,True,248.684,1.2346,1.1606,-0.128,-0.1513
NICARAGUA,NUEVA SEGOVIA,admin1,2012-03-04,46,1257,poisson,loglinear,5,1.0,-34.905,True,,1.2888,1.1939,-0.096,-0.1241
NICARAGUA,NUEVA SEGOVIA,admin1,2012-03-04,46,1257,poisson,loglinear,5,0.75,-43.623,True,153.111,1.2343,1.1606,-0.1767,-0.1664
NICARAGUA,NUEVA SEGOVIA,admin1,2012-03-04,46,1257,poisson,loglinear,7,1.0,-17.58,True,,1.0621,1.1939,0.1139,-0.0371
NICARAGUA,NUEVA SEGOVIA,admin1,2012-03-04,46,1257,poisson,loglinear,7,0.75,-7.481,True,11.765,1.1393,1.1606,-0.0048,-0.0539
NICARAGUA,CHONTALES,admin1,2012-04-15,39,872,nb,briere,3,1.0,-4.814,True,,1.8858,1.2106,2.0292,-0.0345
NICARAGUA,CHONTALES,admin1,2012-04-15,39,872,nb,briere,3,0.75,1.337,False,22.939,1.1601,1.1794,0.0,-0.0987
NICARAGUA,CHONTALES,admin1,2012-04-15,39,872,nb,briere,5,1.0,-4.332,True,,1.8905,1.2106,2.0518,-0.0189
NICARAGUA,CHONTALES,admin1,2012-04-15,39,872,nb,briere,5,0.75,3.567,False,10.152,1.4683,1.1794,1.0711,-0.0086
NICARAGUA,CHONTALES,admin1,2012-04-15,39,872,nb,briere,7,1.0,-4.41,True,,2.0257,1.2106,2.3195,0.0197
NICARAGUA,CHONTALES,admin1,2012-04-15,39,872,nb,briere,7,0.75,2.788,False,13.307,1.4125,1.1794,0.804,0.0424
NICARAGUA,CHONTALES,admin1,2012-04-15,39,872,nb,loglinear,3,1.0,-4.594,True,,1.2704,1.2106,-0.0528,-0.1376
NICARAGUA,CHONTALES,admin1,2012-04-15,39,872,nb,loglinear,3,0.75,0.804,False,-1.126,1.2269,1.1794,-0.1012,-0.1236
NICARAGUA,CHONTALES,admin1,2012-04-15,39,872,nb,loglinear,5,1.0,-2.445,True,,1.0735,1.2106,0.1628,-0.0236
NICARAGUA,CHONTALES,admin1,2012-04-15,39,872,nb,loglinear,5,0.75,3.839,False,22.653,1.1442,1.1794,0.0437,-0.0101
NICARAGUA,CHONTALES,admin1,2012-04-15,39,872,nb,loglinear,7,1.0,-2.369,True,,1.0679,1.2106,0.1849,0.0153
NICARAGUA,CHONTALES,admin1,2012-04-15,39,872,nb,loglinear,7,0.75,2.889,False,14.178,1.1743,1.1794,0.0292,0.0454
NICARAGUA,CHONTALES,admin1,2012-04-15,39,872,poisson,briere,3,1.0,-33.869,True,,2.0145,1.2308,2.2288,-0.0386
NICARAGUA,CHONTALES,admin1,2012-04-15,39,872,poisson,briere,3,0.75,-9.516,True,163.014,1.3909,1.1975,0.7918,-0.0878
NICARAGUA,CHONTALES,admin1,2012-04-15,39,872,poisson,briere,5,1.0,-32.049,True,,2.0162,1.2308,2.2389,-0.0292
NICARAGUA,CHONTALES,admin1,2012-04-15,39,872,poisson,briere,5,0.75,-1.8,True,15.056,1.6339,1.1975,1.4502,-0.0071
NICARAGUA,CHONTALES,admin1,2012-04-15,39,872,poisson,briere,7,1.0,-30.778,True,,2.1152,1.2308,2.4345,0.0082
NICARAGUA,CHONTALES,admin1,2012-04-15,39,872,poisson,briere,7,0.75,-5.73,True,108.354,1.6696,1.1975,1.5401,0.0487
NICARAGUA,CHONTALES,admin1,2012-04-15,39,872,poisson,loglinear,3,1.0,-30.077,True,,1.1776,1.2308,0.0843,-0.0771
NICARAGUA,CHONTALES,admin1,2012-04-15,39,872,poisson,loglinear,3,0.75,-9.116,True,469.621,1.139,1.1975,0.0529,-0.0907
NICARAGUA,CHONTALES,admin1,2012-04-15,39,872,poisson,loglinear,5,1.0,-27.617,True,,1.0886,1.2308,0.1829,-0.0331
NICARAGUA,CHONTALES,admin1,2012-04-15,39,872,poisson,loglinear,5,0.75,-0.911,True,562.325,1.1285,1.1975,0.1068,-0.0074
NICARAGUA,CHONTALES,admin1,2012-04-15,39,872,poisson,loglinear,7,1.0,-25.832,True,,1.0819,1.2308,0.199,0.0043
NICARAGUA,CHONTALES,admin1,2012-04-15,39,872,poisson,loglinear,7,0.75,-5.049,True,951.49,1.1272,1.1975,0.1146,0.05
NICARAGUA,RIVAS,admin1,2012-04-15,49,1273,nb,briere,3,1.0,-6.011,True,,1.0213,1.125,0.0,0.1058
NICARAGUA,RIVAS,admin1,2012-04-15,49,1273,nb,briere,3,0.75,3.931,False,8.909,1.0491,1.0397,0.0,-0.0162
NICARAGUA,RIVAS,admin1,2012-04-15,49,1273,nb,briere,5,1.0,-7.019,True,,1.0605,1.125,0.0,0.0995
NICARAGUA,RIVAS,admin1,2012-04-15,49,1273,nb,briere,5,0.75,3.959,False,-3.415,1.0347,1.0397,0.0,0.0095
NICARAGUA,RIVAS,admin1,2012-04-15,49,1273,nb,briere,7,1.0,-6.61,True,,1.099,1.125,0.0,0.0936
NICARAGUA,RIVAS,admin1,2012-04-15,49,1273,nb,briere,7,0.75,3.741,False,-2.465,1.0318,1.0397,0.0,0.0189
NICARAGUA,RIVAS,admin1,2012-04-15,49,1273,nb,loglinear,3,1.0,-7.746,True,,1.2849,1.125,-0.178,-0.0654
NICARAGUA,RIVAS,admin1,2012-04-15,49,1273,nb,loglinear,3,0.75,2.822,False,54.819,1.0754,1.0397,-0.0446,-0.0737
NICARAGUA,RIVAS,admin1,2012-04-15,49,1273,nb,loglinear,5,1.0,-7.516,True,,1.1617,1.125,-0.0904,0.0304
NICARAGUA,RIVAS,admin1,2012-04-15,49,1273,nb,loglinear,5,0.75,3.157,False,38.899,1.0646,1.0397,-0.058,-0.0661
NICARAGUA,RIVAS,admin1,2012-04-15,49,1273,nb,loglinear,7,1.0,-7.804,True,,1.1672,1.125,-0.0846,0.0362
NICARAGUA,RIVAS,admin1,2012-04-15,49,1273,nb,loglinear,7,0.75,3.626,False,4.425,1.0373,1.0397,-0.0209,-0.0022
NICARAGUA,RIVAS,admin1,2012-04-15,49,1273,poisson,briere,3,1.0,-50.046,True,,1.0398,1.1268,0.0,0.0821
NICARAGUA,RIVAS,admin1,2012-04-15,49,1273,poisson,briere,3,0.75,-2.39,True,758.831,1.0725,1.0422,0.0,-0.0463
NICARAGUA,RIVAS,admin1,2012-04-15,49,1273,poisson,briere,5,1.0,-61.319,True,,1.0638,1.1268,0.0,0.0888
NICARAGUA,RIVAS,admin1,2012-04-15,49,1273,poisson,briere,5,0.75,3.707,False,77.344,1.0475,1.0422,0.0,-0.0084
NICARAGUA,RIVAS,admin1,2012-04-15,49,1273,poisson,briere,7,1.0,-60.26,True,,1.0962,1.1268,0.0,0.0912
NICARAGUA,RIVAS,admin1,2012-04-15,49,1273,poisson,briere,7,0.75,3.319,False,-49.14,1.0364,1.0422,0.0,0.0109
NICARAGUA,RIVAS,admin1,2012-04-15,49,1273,poisson,loglinear,3,1.0,-72.103,True,,1.3403,1.1268,-0.2075,-0.1116
NICARAGUA,RIVAS,admin1,2012-04-15,49,1273,poisson,loglinear,3,0.75,-15.702,True,2954.857,1.0932,1.0422,-0.05,-0.1031
NICARAGUA,RIVAS,admin1,2012-04-15,49,1273,poisson,loglinear,5,1.0,-64.662,True,,1.1462,1.1268,-0.0701,0.0341
NICARAGUA,RIVAS,admin1,2012-04-15,49,1273,poisson,loglinear,5,0.75,-5.246,True,1532.101,1.0766,1.0422,-0.0635,-0.0874
NICARAGUA,RIVAS,admin1,2012-04-15,49,1273,poisson,loglinear,7,1.0,-68.601,True,,1.1525,1.1268,-0.0649,0.0451
NICARAGUA,RIVAS,admin1,2012-04-15,49,1273,poisson,loglinear,7,0.75,2.835,False,28.726,1.0398,1.0422,-0.0134,-0.0032
NICARAGUA,JINOTEGA,admin1,2012-04-22,38,1412,nb,briere,3,1.0,-4.082,True,,6.3807,1.3302,2.7057,0.0293
NICARAGUA,JINOTEGA,admin1,2012-04-22,38,1412,nb,briere,3,0.75,3.305,False,15.838,1.2669,1.2691,0.0,-0.0473
NICARAGUA,JINOTEGA,admin1,2012-04-22,38,1412,nb,briere,5,1.0,-4.473,True,,6.7298,1.3302,2.7947,0.0494
NICARAGUA,JINOTEGA,admin1,2012-04-22,38,1412,nb,briere,5,0.75,3.902,False,-1.246,1.2689,1.2691,0.0,0.0183
NICARAGUA,JINOTEGA,admin1,2012-04-22,38,1412,nb,briere,7,1.0,-3.825,True,,6.3574,1.3302,2.6865,0.0247
NICARAGUA,JINOTEGA,admin1,2012-04-22,38,1412,nb,briere,7,0.75,2.972,False,6.444,1.2683,1.2691,0.0,0.0513
NICARAGUA,JINOTEGA,admin1,2012-04-22,38,1412,nb,loglinear,3,1.0,-1.652,True,,1.0781,1.3302,0.3218,0.0325
NICARAGUA,JINOTEGA,admin1,2012-04-22,38,1412,nb,loglinear,3,0.75,2.746,False,22.868,1.3026,1.2691,-0.1108,-0.0652
NICARAGUA,JINOTEGA,admin1,2012-04-22,38,1412,nb,loglinear,5,1.0,-1.98,True,,1.065,1.3302,0.3413,0.0527
NICARAGUA,JINOTEGA,admin1,2012-04-22,38,1412,nb,loglinear,5,0.75,3.829,False,-0.825,1.2827,1.2691,-0.0401,0.0153
NICARAGUA,JINOTEGA,admin1,2012-04-22,38,1412,nb,loglinear,7,1.0,-1.34,True,,1.1149,1.3302,0.2892,0.0207
NICARAGUA,JINOTEGA,admin1,2012-04-22,38,1412,nb,loglinear,7,0.75,2.732,False,8.683,1.2937,1.2691,-0.0779,0.0565
NICARAGUA,JINOTEGA,admin1,2012-04-22,38,1412,poisson,briere,3,1.0,-56.39,True,,6.7195,1.3436,2.7595,0.0095
NICARAGUA,JINOTEGA,admin1,2012-04-22,38,1412,poisson,briere,3,0.75,-14.198,True,247.213,2.2429,1.2689,0.9901,-0.0689
NICARAGUA,JINOTEGA,admin1,2012-04-22,38,1412,poisson,briere,5,1.0,-60.716,True,,7.0586,1.3436,2.8441,0.0401
NICARAGUA,JINOTEGA,admin1,2012-04-22,38,1412,poisson,briere,5,0.75,-8.629,True,-106.486,4.1106,1.2689,1.9983,0.0367
NICARAGUA,JINOTEGA,admin1,2012-04-22,38,1412,poisson,briere,7,1.0,-58.792,True,,6.9153,1.3436,2.8079,0.0305
NICARAGUA,JINOTEGA,admin1,2012-04-22,38,1412,poisson,briere,7,0.75,-23.034,True,136.068,2.7332,1.2689,1.3168,0.0844
NICARAGUA,JINOTEGA,admin1,2012-04-22,38,1412,poisson,loglinear,3,1.0,-47.346,True,,1.0904,1.3436,0.3402,0.0137
NICARAGUA,JINOTEGA,admin1,2012-04-22,38,1412,poisson,loglinear,3,0.75,-14.066,True,1038.87,1.2159,1.2689,0.094,-0.0697
NICARAGUA,JINOTEGA,admin1,2012-04-22,38,1412,poisson,loglinear,5,1.0,-50.638,True,,1.085,1.3436,0.348,0.0373
NICARAGUA,JINOTEGA,admin1,2012-04-22,38,1412,poisson,loglinear,5,0.75,-7.842,True,2945.313,1.1915,1.2689,0.1961,0.0349
NICARAGUA,JINOTEGA,admin1,2012-04-22,38,1412,poisson,loglinear,7,1.0,-47.982,True,,1.0896,1.3436,0.3418,0.0215
NICARAGUA,JINOTEGA,admin1,2012-04-22,38,1412,poisson,loglinear,7,0.75,-22.247,True,596.194,1.217,1.2689,0.1129,0.084
NICARAGUA,ESTELI,admin1,2012-05-06,40,2068,nb,briere,3,1.0,-5.301,True,,3.0683,1.2334,1.5468,0.046
NICARAGUA,ESTELI,admin1,2012-05-06,40,2068,nb,briere,3,0.75,-5.442,True,188.291,2.1226,1.2244,0.9442,-0.0828
NICARAGUA,ESTELI,admin1,2012-05-06,40,2068,nb,briere,5,1.0,-4.748,True,,3.0617,1.2334,1.5359,0.0505
NICARAGUA,ESTELI,admin1,2012-05-06,40,2068,nb,briere,5,0.75,-2.388,True,66.217,2.5346,1.2244,1.2513,-0.0179
NICARAGUA,ESTELI,admin1,2012-05-06,40,2068,nb,briere,7,1.0,-3.96,True,,2.2396,1.2334,0.9771,0.0115
NICARAGUA,ESTELI,admin1,2012-05-06,40,2068,nb,briere,7,0.75,-3.035,True,44.286,2.7401,1.2244,1.396,0.0379
NICARAGUA,ESTELI,admin1,2012-05-06,40,2068,nb,loglinear,3,1.0,-5.453,True,,1.0602,1.2334,0.1787,0.0557
NICARAGUA,ESTELI,admin1,2012-05-06,40,2068,nb,loglinear,3,0.75,-5.337,True,219.848,1.1302,1.2244,0.105,-0.0812
NICARAGUA,ESTELI,admin1,2012-05-06,40,2068,nb,loglinear,5,1.0,-4.538,True,,1.0784,1.2334,0.1674,0.0549
NICARAGUA,ESTELI,admin1,2012-05-06,40,2068,nb,loglinear,5,0.75,-2.491,True,102.148,1.1008,1.2244,0.1383,-0.0189
NICARAGUA,ESTELI,admin1,2012-05-06,40,2068,nb,loglinear,7,1.0,-3.687,True,,1.164,1.2334,0.0975,0.0077
NICARAGUA,ESTELI,admin1,2012-05-06,40,2068,nb,loglinear,7,0.75,-2.957,True,80.993,1.0816,1.2244,0.1532,0.0335
NICARAGUA,ESTELI,admin1,2012-05-06,40,2068,poisson,briere,3,1.0,-22.325,True,,2.5162,1.2545,1.1693,0.0256
NICARAGUA,ESTELI,admin1,2012-05-06,40,2068,poisson,briere,3,0.75,-32.899,True,1415.626,2.2252,1.246,1.019,-0.0706
NICARAGUA,ESTELI,admin1,2012-05-06,40,2068,poisson,briere,5,1.0,-23.244,True,,2.5909,1.2545,1.2143,0.0338
NICARAGUA,ESTELI,admin1,2012-05-06,40,2068,poisson,briere,5,0.75,-20.068,True,277.032,2.7471,1.246,1.3784,0.0008
NICARAGUA,ESTELI,admin1,2012-05-06,40,2068,poisson,briere,7,1.0,-20.634,True,,2.1815,1.2545,0.9115,0.0159
NICARAGUA,ESTELI,admin1,2012-05-06,40,2068,poisson,briere,7,0.75,-25.597,True,227.756,2.9126,1.246,1.4826,0.0404
NICARAGUA,ESTELI,admin1,2012-05-06,40,2068,poisson,loglinear,3,1.0,-21.718,True,,1.1363,1.2545,0.1288,0.0303
NICARAGUA,ESTELI,admin1,2012-05-06,40,2068,poisson,loglinear,3,0.75,-32.255,True,1838.176,1.1271,1.246,0.1142,-0.0682
NICARAGUA,ESTELI,admin1,2012-05-06,40,2068,poisson,loglinear,5,1.0,-21.578,True,,1.1485,1.2545,0.122,0.0318
NICARAGUA,ESTELI,admin1,2012-05-06,40,2068,poisson,loglinear,5,0.75,-20.643,True,537.369,1.0967,1.246,0.1527,-0.0001
NICARAGUA,ESTELI,admin1,2012-05-06,40,2068,poisson,loglinear,7,1.0,-18.995,True,,1.1869,1.2545,0.0889,0.0114
NICARAGUA,ESTELI,admin1,2012-05-06,40,2068,poisson,loglinear,7,0.75,-24.968,True,486.036,1.0858,1.246,0.1626,0.0355
NICARAGUA,MASAYA,admin1,2012-05-06,47,2438,nb,briere,3,1.0,3.85,False,,1.2129,1.22,0.0,0.0056
NICARAGUA,MASAYA,admin1,2012-05-06,47,2438,nb,briere,3,0.75,3.97,False,2.211,1.2137,1.2112,0.0,-0.0045
NICARAGUA,MASAYA,admin1,2012-05-06,47,2438,nb,briere,5,1.0,3.686,False,,1.2116,1.22,0.0,0.0081
NICARAGUA,MASAYA,admin1,2012-05-06,47,2438,nb,briere,5,0.75,3.911,False,-2.613,1.2082,1.2112,0.0,0.0097
NICARAGUA,MASAYA,admin1,2012-05-06,47,2438,nb,briere,7,1.0,2.516,False,,1.2352,1.22,0.0906,0.0246
NICARAGUA,MASAYA,admin1,2012-05-06,47,2438,nb,briere,7,0.75,-0.719,True,52.24,1.2035,1.2112,0.0,0.0791
NICARAGUA,MASAYA,admin1,2012-05-06,47,2438,nb,loglinear,3,1.0,2.492,False,,1.2345,1.22,-0.0402,-0.0368
NICARAGUA,MASAYA,admin1,2012-05-06,47,2438,nb,loglinear,3,0.75,-0.318,True,226.145,1.3427,1.2112,-0.133,-0.1027
NICARAGUA,MASAYA,admin1,2012-05-06,47,2438,nb,loglinear,5,1.0,3.233,False,,1.2174,1.22,-0.0208,-0.0133
NICARAGUA,MASAYA,admin1,2012-05-06,47,2438,nb,loglinear,5,0.75,3.395,False,10.791,1.2276,1.2112,-0.0267,-0.0035
NICARAGUA,MASAYA,admin1,2012-05-06,47,2438,nb,loglinear,7,1.0,2.487,False,,1.2065,1.22,0.0078,0.0255
NICARAGUA,MASAYA,admin1,2012-05-06,47,2438,nb,loglinear,7,0.75,-1.914,True,190.63,1.2203,1.2112,-0.0328,0.0832
NICARAGUA,MASAYA,admin1,2012-05-06,47,2438,poisson,briere,3,1.0,3.922,False,,1.2357,1.233,0.0,-0.0022
NICARAGUA,MASAYA,admin1,2012-05-06,47,2438,poisson,briere,3,0.75,3.752,False,2.23,1.235,1.2314,0.0,-0.0061
NICARAGUA,MASAYA,admin1,2012-05-06,47,2438,poisson,briere,5,1.0,3.993,False,,1.2337,1.233,0.0,-0.0007
NICARAGUA,MASAYA,admin1,2012-05-06,47,2438,poisson,briere,5,0.75,3.991,False,-0.157,1.231,1.2314,0.0,0.0015
NICARAGUA,MASAYA,admin1,2012-05-06,47,2438,poisson,briere,7,1.0,2.49,False,,1.243,1.233,0.0505,0.0138
NICARAGUA,MASAYA,admin1,2012-05-06,47,2438,poisson,briere,7,0.75,-5.722,True,55.497,1.2261,1.2314,0.0,0.0541
NICARAGUA,MASAYA,admin1,2012-05-06,47,2438,poisson,loglinear,3,1.0,-0.678,True,,1.2522,1.233,-0.042,-0.0415
NICARAGUA,MASAYA,admin1,2012-05-06,47,2438,poisson,loglinear,3,0.75,-13.274,True,319.898,1.3452,1.2314,-0.1252,-0.0945
NICARAGUA,MASAYA,admin1,2012-05-06,47,2438,poisson,loglinear,5,1.0,2.103,False,,1.2364,1.233,-0.0222,-0.021
NICARAGUA,MASAYA,admin1,2012-05-06,47,2438,poisson,loglinear,5,0.75,0.948,False,35.552,1.2505,1.2314,-0.0313,-0.0139
NICARAGUA,MASAYA,admin1,2012-05-06,47,2438,poisson,loglinear,7,1.0,2.424,False,,1.227,1.233,0.0048,0.0146
NICARAGUA,MASAYA,admin1,2012-05-06,47,2438,poisson,loglinear,7,0.75,-9.836,True,214.158,1.2396,1.2314,-0.03,0.0586
NICARAGUA,MANAGUA,admin1,2012-05-20,41,10401,nb,briere,3,1.0,2.987,False,,1.1876,1.2136,0.0,0.0246
NICARAGUA,MANAGUA,admin1,2012-05-20,41,10401,nb,briere,3,0.75,2.879,False,111.922,1.835,1.1856,1.8821,0.0436
NICARAGUA,MANAGUA,admin1,2012-05-20,41,10401,nb,briere,5,1.0,3.273,False,,1.197,1.2136,0.0,0.0209
NICARAGUA,MANAGUA,admin1,2012-05-20,41,10401,nb,briere,5,0.75,2.833,False,169.823,1.5804,1.1856,1.2057,-0.0462
NICARAGUA,MANAGUA,admin1,2012-05-20,41,10401,nb,briere,7,1.0,3.606,False,,1.2059,1.2136,0.0,0.0162
NICARAGUA,MANAGUA,admin1,2012-05-20,41,10401,nb,briere,7,0.75,1.716,False,174.074,1.6023,1.1856,1.2784,-0.0631
NICARAGUA,MANAGUA,admin1,2012-05-20,41,10401,nb,loglinear,3,1.0,2.038,False,,1.2304,1.2136,-0.0536,-0.0374
NICARAGUA,MANAGUA,admin1,2012-05-20,41,10401,nb,loglinear,3,0.75,3.28,False,26.638,1.0459,1.1856,0.1042,0.043
NICARAGUA,MANAGUA,admin1,2012-05-20,41,10401,nb,loglinear,5,1.0,1.977,False,,1.218,1.2136,-0.0479,-0.031
NICARAGUA,MANAGUA,admin1,2012-05-20,41,10401,nb,loglinear,5,0.75,3.029,False,100.847,1.1266,1.1856,0.0491,-0.0487
NICARAGUA,MANAGUA,admin1,2012-05-20,41,10401,nb,loglinear,7,1.0,2.106,False,,1.2075,1.2136,-0.0365,-0.0187
NICARAGUA,MANAGUA,admin1,2012-05-20,41,10401,nb,loglinear,7,0.75,1.874,False,100.565,1.0947,1.1856,0.07,-0.0663
NICARAGUA,MANAGUA,admin1,2012-05-20,41,10401,poisson,briere,3,1.0,-19.139,True,,1.3995,1.2429,0.5292,0.0477
NICARAGUA,MANAGUA,admin1,2012-05-20,41,10401,poisson,briere,3,0.75,-25.992,True,1338.449,1.994,1.2384,2.0232,0.0854
NICARAGUA,MANAGUA,admin1,2012-05-20,41,10401,poisson,briere,5,1.0,2.376,False,,1.2394,1.2429,0.0,0.0054
NICARAGUA,MANAGUA,admin1,2012-05-20,41,10401,poisson,briere,5,0.75,3.994,False,1.303,1.2384,1.2384,0.0,-0.0007
NICARAGUA,MANAGUA,admin1,2012-05-20,41,10401,poisson,briere,7,1.0,-2.874,True,,1.2476,1.2429,0.0,-0.0127
NICARAGUA,MANAGUA,admin1,2012-05-20,41,10401,poisson,briere,7,0.75,-44.266,True,5079.949,1.5337,1.2384,0.9176,-0.0703
NICARAGUA,MANAGUA,admin1,2012-05-20,41,10401,poisson,loglinear,3,1.0,-15.341,True,,1.2132,1.2429,0.0275,0.0414
NICARAGUA,MANAGUA,admin1,2012-05-20,41,10401,poisson,loglinear,3,0.75,-16.744,True,76.49,1.1775,1.2384,0.0448,0.0539
NICARAGUA,MANAGUA,admin1,2012-05-20,41,10401,poisson,loglinear,5,1.0,-0.731,True,,1.2418,1.2429,-0.0121,-0.0059
NICARAGUA,MANAGUA,admin1,2012-05-20,41,10401,poisson,loglinear,5,0.75,-0.666,True,166.428,1.264,1.2384,-0.0245,-0.0001
NICARAGUA,MANAGUA,admin1,2012-05-20,41,10401,poisson,loglinear,7,1.0,-24.658,True,,1.2442,1.2429,-0.0227,-0.0309
NICARAGUA,MANAGUA,admin1,2012-05-20,41,10401,poisson,loglinear,7,0.75,-41.359,True,3319.641,1.1769,1.2384,0.0429,-0.0691
NICARAGUA,CHINANDEGA,admin1,2012-06-24,35,868,nb,briere,3,1.0,0.385,False,,1.6588,1.2585,1.3999,0.1185
NICARAGUA,CHINANDEGA,admin1,2012-06-24,35,868,nb,briere,3,0.75,0.398,False,24.455,1.2267,1.2635,0.0,0.0801
NICARAGUA,CHINANDEGA,admin1,2012-06-24,35,868,nb,briere,5,1.0,3.819,False,,1.2681,1.2585,0.0,-0.0112
NICARAGUA,CHINANDEGA,admin1,2012-06-24,35,868,nb,briere,5,0.75,3.819,False,4.154,1.266,1.2635,0.0,0.026
NICARAGUA,CHINANDEGA,admin1,2012-06-24,35,868,nb,briere,7,1.0,-0.767,True,,1.2844,1.2585,0.0,-0.0601
NICARAGUA,CHINANDEGA,admin1,2012-06-24,35,868,nb,briere,7,0.75,-2.609,True,124.564,1.1825,1.2635,0.0,-0.1659
NICARAGUA,CHINANDEGA,admin1,2012-06-24,35,868,nb,loglinear,3,1.0,0.613,False,,1.1948,1.2585,0.0878,0.1137
NICARAGUA,CHINANDEGA,admin1,2012-06-24,35,868,nb,loglinear,3,0.75,-0.807,True,126.694,1.3184,1.2635,-0.0853,0.0143
NICARAGUA,CHINANDEGA,admin1,2012-06-24,35,868,nb,loglinear,5,1.0,2.326,False,,1.2604,1.2585,-0.0678,-0.0792
NICARAGUA,CHINANDEGA,admin1,2012-06-24,35,868,nb,loglinear,5,0.75,-1.317,True,139.362,1.3505,1.2635,-0.1208,-0.0462
NICARAGUA,CHINANDEGA,admin1,2012-06-24,35,868,nb,loglinear,7,1.0,-8.792,True,,1.219,1.2585,-0.108,-0.1556
NICARAGUA,CHINANDEGA,admin1,2012-06-24,35,868,nb,loglinear,7,0.75,-4.89,True,14.926,1.2883,1.2635,-0.0922,-0.1211
NICARAGUA,CHINANDEGA,admin1,2012-06-24,35,868,poisson,briere,3,1.0,-9.716,True,,1.8098,1.2949,1.643,0.1253
NICARAGUA,CHINANDEGA,admin1,2012-06-24,35,868,poisson,briere,3,0.75,-7.997,True,53.946,1.2604,1.3128,0.0,0.0819
NICARAGUA,CHINANDEGA,admin1,2012-06-24,35,868,poisson,briere,5,1.0,3.883,False,,1.3279,1.2949,0.0907,0.0011
NICARAGUA,CHINANDEGA,admin1,2012-06-24,35,868,poisson,briere,5,0.75,-1.608,True,56.125,1.3138,1.3128,0.0,0.0663
NICARAGUA,CHINANDEGA,admin1,2012-06-24,35,868,poisson,briere,7,1.0,-7.442,True,,1.3074,1.2949,0.0,-0.0517
NICARAGUA,CHINANDEGA,admin1,2012-06-24,35,868,poisson,briere,7,0.75,-3.776,True,77.25,1.2513,1.3128,0.0,-0.0954
NICARAGUA,CHINANDEGA,admin1,2012-06-24,35,868,poisson,loglinear,3,1.0,-8.965,True,,1.2311,1.2949,0.1055,0.1215
NICARAGUA,CHINANDEGA,admin1,2012-06-24,35,868,poisson,loglinear,3,0.75,-9.163,True,140.243,1.3108,1.3128,-0.0498,0.0478
NICARAGUA,CHINANDEGA,admin1,2012-06-24,35,868,poisson,loglinear,5,1.0,3.91,False,,1.2989,1.2949,0.0025,-0.0021
NICARAGUA,CHINANDEGA,admin1,2012-06-24,35,868,poisson,loglinear,5,0.75,-7.954,True,201.84,1.3589,1.3128,-0.0826,0.0173
NICARAGUA,CHINANDEGA,admin1,2012-06-24,35,868,poisson,loglinear,7,1.0,-20.711,True,,1.2407,1.2949,-0.0869,-0.1232
NICARAGUA,CHINANDEGA,admin1,2012-06-24,35,868,poisson,loglinear,7,0.75,-14.191,True,118.825,1.3369,1.3128,-0.1024,-0.0762
NICARAGUA,LEON,admin1,2012-06-24,31,1692,nb,briere,3,1.0,1.25,False,,1.7393,1.2441,1.7326,0.1523
NICARAGUA,LEON,admin1,2012-06-24,31,1692,nb,briere,3,0.75,1.212,False,3.028,1.21,1.1529,0.0,0.1585
NICARAGUA,LEON,admin1,2012-06-24,31,1692,nb,briere,5,1.0,3.997,False,,1.2451,1.2441,0.0,-0.0027
NICARAGUA,LEON,admin1,2012-06-24,31,1692,nb,briere,5,0.75,3.978,False,8.123,1.1379,1.1529,0.0,-0.0204
NICARAGUA,LEON,admin1,2012-06-24,31,1692,nb,briere,7,1.0,-0.491,True,,1.2238,1.2441,0.0,-0.1285
NICARAGUA,LEON,admin1,2012-06-24,31,1692,nb,briere,7,0.75,1.291,False,14.016,1.089,1.1529,0.0,-0.1273
NICARAGUA,LEON,admin1,2012-06-24,31,1692,nb,loglinear,3,1.0,1.453,False,,1.1374,1.2441,0.0866,0.1401
NICARAGUA,LEON,admin1,2012-06-24,31,1692,nb,loglinear,3,0.75,-6.97,True,638.318,1.6066,1.1529,-0.4031,-0.0876
NICARAGUA,LEON,admin1,2012-06-24,31,1692,nb,loglinear,5,1.0,0.431,False,,1.2602,1.2441,-0.1376,-0.1397
NICARAGUA,LEON,admin1,2012-06-24,31,1692,nb,loglinear,5,0.75,-6.349,True,584.501,1.5295,1.1529,-0.3229,-0.0025
NICARAGUA,LEON,admin1,2012-06-24,31,1692,nb,loglinear,7,1.0,-5.679,True,,1.1909,1.2441,-0.1105,-0.1925
NICARAGUA,LEON,admin1,2012-06-24,31,1692,nb,loglinear,7,0.75,-6.66,True,627.907,1.5398,1.1529,-0.3171,0.0398
NICARAGUA,LEON,admin1,2012-06-24,31,1692,poisson,briere,3,1.0,-37.658,True,,1.7294,1.3416,1.328,0.1339
NICARAGUA,LEON,admin1,2012-06-24,31,1692,poisson,briere,3,0.75,-50.692,True,22.181,1.2724,1.3022,0.0,0.1433
NICARAGUA,LEON,admin1,2012-06-24,31,1692,poisson,briere,5,1.0,-13.69,True,,1.3322,1.3416,0.0,0.0534
NICARAGUA,LEON,admin1,2012-06-24,31,1692,poisson,briere,5,0.75,-59.996,True,101.746,1.3661,1.3022,0.0,0.1647
NICARAGUA,LEON,admin1,2012-06-24,31,1692,poisson,briere,7,1.0,2.288,False,,1.3315,1.3416,0.0,-0.0192
NICARAGUA,LEON,admin1,2012-06-24,31,1692,poisson,briere,7,0.75,3.709,False,-15.091,1.3179,1.3022,0.0,0.0139
NICARAGUA,LEON,admin1,2012-06-24,31,1692,poisson,loglinear,3,1.0,-36.788,True,,1.2432,1.3416,0.0736,0.1308
NICARAGUA,LEON,admin1,2012-06-24,31,1692,poisson,loglinear,3,0.75,-125.131,True,848.24,1.5743,1.3022,-0.3484,-0.0606
NICARAGUA,LEON,admin1,2012-06-24,31,1692,poisson,loglinear,5,1.0,-14.288,True,,1.3303,1.3416,-0.0164,0.0409
NICARAGUA,LEON,admin1,2012-06-24,31,1692,poisson,loglinear,5,0.75,-127.84,True,689.502,1.4883,1.3022,-0.2294,0.0573
NICARAGUA,LEON,admin1,2012-06-24,31,1692,poisson,loglinear,7,1.0,-24.894,True,,1.2882,1.3416,-0.0792,-0.0663
NICARAGUA,LEON,admin1,2012-06-24,31,1692,poisson,loglinear,7,0.75,-138.412,True,811.968,1.5387,1.3022,-0.2565,0.0724
NICARAGUA,GRANADA,admin1,2012-07-01,38,2023,nb,briere,3,1.0,1.281,False,,1.1965,1.3182,0.0,0.0953
NICARAGUA,GRANADA,admin1,2012-07-01,38,2023,nb,briere,3,0.75,2.81,False,16.669,1.2121,1.1518,0.0,-0.0711
NICARAGUA,GRANADA,admin1,2012-07-01,38,2023,nb,briere,5,1.0,-4.744,True,,1.1618,1.3182,0.0,0.1431
NICARAGUA,GRANADA,admin1,2012-07-01,38,2023,nb,briere,5,0.75,2.647,False,49.085,1.1887,1.1518,0.0,-0.0915
NICARAGUA,GRANADA,admin1,2012-07-01,38,2023,nb,briere,7,1.0,-9.509,True,,1.1743,1.3182,0.0,0.1553
NICARAGUA,GRANADA,admin1,2012-07-01,38,2023,nb,briere,7,0.75,2.588,False,81.313,1.3893,1.1518,0.6029,-0.0704
NICARAGUA,GRANADA,admin1,2012-07-01,38,2023,nb,loglinear,3,1.0,-15.517,True,,1.3166,1.3182,-0.3337,-0.3368
NICARAGUA,GRANADA,admin1,2012-07-01,38,2023,nb,loglinear,3,0.75,2.613,False,-9.159,1.2638,1.1518,-0.0509,-0.1238
NICARAGUA,GRANADA,admin1,2012-07-01,38,2023,nb,loglinear,5,1.0,-7.089,True,,1.1594,1.3182,-0.1331,0.0079
NICARAGUA,GRANADA,admin1,2012-07-01,38,2023,nb,loglinear,5,0.75,2.64,False,48.836,1.192,1.1518,-0.0066,-0.0976
NICARAGUA,GRANADA,admin1,2012-07-01,38,2023,nb,loglinear,7,1.0,-10.306,True,,1.1556,1.3182,-0.0547,0.1129
NICARAGUA,GRANADA,admin1,2012-07-01,38,2023,nb,loglinear,7,0.75,2.636,False,61.686,1.1601,1.1518,0.0337,-0.0727
NICARAGUA,GRANADA,admin1,2012-07-01,38,2023,poisson,briere,3,1.0,-148.566,True,,1.7086,1.2968,0.0,-0.2661
NICARAGUA,GRANADA,admin1,2012-07-01,38,2023,poisson,briere,3,0.75,-60.203,True,763.465,1.7106,1.1433,1.0254,-0.0463
NICARAGUA,GRANADA,admin1,2012-07-01,38,2023,poisson,briere,5,1.0,-35.91,True,,1.8029,1.2968,1.4166,0.1622
NICARAGUA,GRANADA,admin1,2012-07-01,38,2023,poisson,briere,5,0.75,-66.997,True,1923.885,2.6494,1.1433,2.6935,0.0889
NICARAGUA,GRANADA,admin1,2012-07-01,38,2023,poisson,briere,7,1.0,-183.734,True,,2.7742,1.2968,2.6653,0.2286
NICARAGUA,GRANADA,admin1,2012-07-01,38,2023,poisson,briere,7,0.75,-59.412,True,1015.868,2.0911,1.1433,1.8083,0.0272
NICARAGUA,GRANADA,admin1,2012-07-01,38,2023,poisson,loglinear,3,1.0,-192.02,True,,1.5069,1.2968,-0.1777,-0.3299
NICARAGUA,GRANADA,admin1,2012-07-01,38,2023,poisson,loglinear,3,0.75,-58.246,True,443.559,1.2687,1.1433,0.0509,-0.0577
NICARAGUA,GRANADA,admin1,2012-07-01,38,2023,poisson,loglinear,5,1.0,-28.774,True,,1.2226,1.2968,0.0696,0.1295
NICARAGUA,GRANADA,admin1,2012-07-01,38,2023,poisson,loglinear,5,0.75,-61.446,True,-240.968,1.1903,1.1433,0.1497,0.0759
NICARAGUA,GRANADA,admin1,2012-07-01,38,2023,poisson,loglinear,7,1.0,-170.873,True,,1.3345,1.2968,0.1815,0.2204
NICARAGUA,GRANADA,admin1,2012-07-01,38,2023,poisson,loglinear,7,0.75,-55.642,True,275.622,1.2175,1.1433,0.1033,0.021
NICARAGUA,CARAZO,admin1,2012-07-08,30,739,nb,briere,3,1.0,1.675,False,,2.5435,1.3969,2.1297,0.1163
NICARAGUA,CARAZO,admin1,2012-07-08,30,739,nb,briere,3,0.75,0.919,False,55.952,1.3992,1.4493,0.0,0.1103
NICARAGUA,CARAZO,admin1,2012-07-08,30,739,nb,briere,5,1.0,1.726,False,,1.4377,1.3969,0.0,-0.0553
NICARAGUA,CARAZO,admin1,2012-07-08,30,739,nb,briere,5,0.75,2.55,False,54.256,1.4655,1.4493,0.0,0.094
NICARAGUA,CARAZO,admin1,2012-07-08,30,739,nb,briere,7,1.0,-4.238,True,,1.4045,1.3969,0.0,-0.1189
NICARAGUA,CARAZO,admin1,2012-07-08,30,739,nb,briere,7,0.75,3.724,False,-7.8,1.4101,1.4493,0.0,-0.0515
NICARAGUA,CARAZO,admin1,2012-07-08,30,739,nb,loglinear,3,1.0,1.962,False,,1.3706,1.3969,0.1243,0.1104
NICARAGUA,CARAZO,admin1,2012-07-08,30,739,nb,loglinear,3,0.75,-9.302,True,515.266,1.7139,1.4493,-0.4758,-0.2096
NICARAGUA,CARAZO,admin1,2012-07-08,30,739,nb,loglinear,5,1.0,0.124,False,,1.4007,1.3969,-0.0996,-0.1446
NICARAGUA,CARAZO,admin1,2012-07-08,30,739,nb,loglinear,5,0.75,-6.486,True,424.476,1.5531,1.4493,-0.3114,-0.059
NICARAGUA,CARAZO,admin1,2012-07-08,30,739,nb,loglinear,7,1.0,-6.762,True,,1.3279,1.3969,-0.0817,-0.1801
NICARAGUA,CARAZO,admin1,2012-07-08,30,739,nb,loglinear,7,0.75,-6.075,True,398.034,1.5424,1.4493,-0.247,0.0189
NICARAGUA,CARAZO,admin1,2012-07-08,30,739,poisson,briere,3,1.0,-7.921,True,,2.9957,1.4699,2.5674,0.1394
NICARAGUA,CARAZO,admin1,2012-07-08,30,739,poisson,briere,3,0.75,-4.262,True,54.993,1.4283,1.5262,0.0,0.0996
NICARAGUA,CARAZO,admin1,2012-07-08,30,739,poisson,briere,5,1.0,-0.64,True,,2.2069,1.4699,1.2745,0.0411
NICARAGUA,CARAZO,admin1,2012-07-08,30,739,poisson,briere,5,0.75,-12.94,True,105.969,1.4955,1.5262,0.0,0.1268
NICARAGUA,CARAZO,admin1,2012-07-08,30,739,poisson,briere,7,1.0,-2.921,True,,1.4633,1.4699,0.0,-0.0529
NICARAGUA,CARAZO,admin1,2012-07-08,30,739,poisson,briere,7,0.75,-8.765,True,115.785,1.601,1.5262,0.0,0.1136
NICARAGUA,CARAZO,admin1,2012-07-08,30,739,poisson,loglinear,3,1.0,-7.643,True,,1.4208,1.4699,0.1607,0.141
NICARAGUA,CARAZO,admin1,2012-07-08,30,739,poisson,loglinear,3,0.75,-31.963,True,567.365,1.6832,1.5262,-0.4157,-0.1537
NICARAGUA,CARAZO,admin1,2012-07-08,30,739,poisson,loglinear,5,1.0,-0.291,True,,1.5228,1.4699,0.0759,0.0382
NICARAGUA,CARAZO,admin1,2012-07-08,30,739,poisson,loglinear,5,0.75,-24.53,True,424.501,1.5318,1.5262,-0.2322,0.0187
NICARAGUA,CARAZO,admin1,2012-07-08,30,739,poisson,loglinear,7,1.0,-2.979,True,,1.454,1.4699,-0.0079,-0.0585
NICARAGUA,CARAZO,admin1,2012-07-08,30,739,poisson,loglinear,7,0.75,-27.65,True,421.11,1.5592,1.5262,-0.2057,0.0567
NICARAGUA,RIO SAN JUAN,admin1,2013-03-24,31,421,nb,briere,3,1.0,-6.192,True,,3.7683,1.3447,3.3988,0.2723
NICARAGUA,RIO SAN JUAN,admin1,2013-03-24,31,421,nb,briere,3,0.75,0.719,False,-1.633,1.9019,1.3725,1.0503,0.1423
NICARAGUA,RIO SAN JUAN,admin1,2013-03-24,31,421,nb,briere,5,1.0,2.116,False,,2.1156,1.3447,1.4376,0.1063
NICARAGUA,RIO SAN JUAN,admin1,2013-03-24,31,421,nb,briere,5,0.75,-0.602,True,54.327,1.7133,1.3725,0.4903,0.1477
NICARAGUA,RIO SAN JUAN,admin1,2013-03-24,31,421,nb,briere,7,1.0,3.353,False,,1.3294,1.3447,0.0,-0.0335
NICARAGUA,RIO SAN JUAN,admin1,2013-03-24,31,421,nb,briere,7,0.75,0.964,False,108.958,1.5557,1.3725,0.0,0.1486
NICARAGUA,RIO SAN JUAN,admin1,2013-03-24,31,421,nb,loglinear,3,1.0,-5.937,True,,1.2678,1.3447,0.27,0.2662
NICARAGUA,RIO SAN JUAN,admin1,2013-03-24,31,421,nb,loglinear,3,0.75,0.729,False,7.142,1.3869,1.3725,0.0826,0.1372
NICARAGUA,RIO SAN JUAN,admin1,2013-03-24,31,421,nb,loglinear,5,1.0,2.335,False,,1.3347,1.3447,0.1035,0.0962
NICARAGUA,RIO SAN JUAN,admin1,2013-03-24,31,421,nb,loglinear,5,0.75,-0.593,True,64.533,1.4766,1.3725,0.0395,0.1456
NICARAGUA,RIO SAN JUAN,admin1,2013-03-24,31,421,nb,loglinear,7,1.0,1.948,False,,1.3196,1.3447,-0.1045,-0.0841
NICARAGUA,RIO SAN JUAN,admin1,2013-03-24,31,421,nb,loglinear,7,0.75,0.613,False,83.724,1.5201,1.3725,-0.0546,0.1151
NICARAGUA,RIO SAN JUAN,admin1,2013-03-24,31,421,poisson,briere,3,1.0,-29.764,True,,4.1776,1.3817,3.7182,0.2906
NICARAGUA,RIO SAN JUAN,admin1,2013-03-24,31,421,poisson,briere,3,0.75,-9.878,True,-16.905,2.5387,1.4122,2.019,0.1986
NICARAGUA,RIO SAN JUAN,admin1,2013-03-24,31,421,poisson,briere,5,1.0,-5.106,True,,2.4268,1.3817,1.7898,0.1234
NICARAGUA,RIO SAN JUAN,admin1,2013-03-24,31,421,poisson,briere,5,0.75,-13.61,True,69.214,1.8182,1.4122,0.6653,0.1546
NICARAGUA,RIO SAN JUAN,admin1,2013-03-24,31,421,poisson,briere,7,1.0,3.395,False,,1.3746,1.3817,0.0,-0.0186
NICARAGUA,RIO SAN JUAN,admin1,2013-03-24,31,421,poisson,briere,7,0.75,-6.421,True,128.872,1.5647,1.4122,0.0,0.1386
NICARAGUA,RIO SAN JUAN,admin1,2013-03-24,31,421,poisson,loglinear,3,1.0,-29.339,True,,1.2683,1.3817,0.2998,0.2865
NICARAGUA,RIO SAN JUAN,admin1,2013-03-24,31,421,poisson,loglinear,3,0.75,-9.857,True,8.049,1.3832,1.4122,0.1626,0.1915
NICARAGUA,RIO SAN JUAN,admin1,2013-03-24,31,421,poisson,loglinear,5,1.0,-4.377,True,,1.3671,1.3817,0.1309,0.1136
NICARAGUA,RIO SAN JUAN,admin1,2013-03-24,31,421,poisson,loglinear,5,0.75,-13.609,True,87.777,1.4868,1.4122,0.0562,0.1533
NICARAGUA,RIO SAN JUAN,admin1,2013-03-24,31,421,poisson,loglinear,7,1.0,-0.139,True,,1.3535,1.3817,-0.1164,-0.0629
NICARAGUA,RIO SAN JUAN,admin1,2013-03-24,31,421,poisson,loglinear,7,0.75,-7.706,True,97.686,1.517,1.4122,-0.0729,0.1056
NICARAGUA,CHINANDEGA,admin1,2013-05-05,38,7041,nb,briere,3,1.0,-6.376,True,,2.4398,1.3948,2.7397,0.21
NICARAGUA,CHINANDEGA,admin1,2013-05-05,38,7041,nb,briere,3,0.75,-19.498,True,237.33,1.7289,1.3916,1.0416,0.3825
NICARAGUA,CHINANDEGA,admin1,2013-05-05,38,7041,nb,briere,5,1.0,-3.276,True,,1.541,1.3948,0.5345,0.165
NICARAGUA,CHINANDEGA,admin1,2013-05-05,38,7041,nb,briere,5,0.75,-14.697,True,80.5,1.4117,1.3916,0.0,0.3621
NICARAGUA,CHINANDEGA,admin1,2013-05-05,38,7041,nb,briere,7,1.0,3.483,False,,1.3838,1.3948,0.0,-0.0533
NICARAGUA,CHINANDEGA,admin1,2013-05-05,38,7041,nb,briere,7,0.75,3.784,False,-0.238,1.3822,1.3916,0.0,-0.0407
NICARAGUA,CHINANDEGA,admin1,2013-05-05,38,7041,nb,loglinear,3,1.0,-5.859,True,,1.2378,1.3948,0.1315,0.2006
NICARAGUA,CHINANDEGA,admin1,2013-05-05,38,7041,nb,loglinear,3,0.75,-19.449,True,247.433,1.3456,1.3916,0.0523,0.3804
NICARAGUA,CHINANDEGA,admin1,2013-05-05,38,7041,nb,loglinear,5,1.0,-3.177,True,,1.3511,1.3948,0.0192,0.1591
NICARAGUA,CHINANDEGA,admin1,2013-05-05,38,7041,nb,loglinear,5,0.75,-22.504,True,755.704,1.4896,1.3916,-0.257,0.3616
NICARAGUA,CHINANDEGA,admin1,2013-05-05,38,7041,nb,loglinear,7,1.0,2.429,False,,1.3988,1.3948,-0.0655,-0.0452
NICARAGUA,CHINANDEGA,admin1,2013-05-05,38,7041,nb,loglinear,7,0.75,-1.749,True,261.863,1.5128,1.3916,-0.349,0.215
NICARAGUA,CHINANDEGA,admin1,2013-05-05,38,7041,poisson,briere,3,1.0,-1471.08,True,,1.361,1.2886,0.3125,0.267
NICARAGUA,CHINANDEGA,admin1,2013-05-05,38,7041,poisson,briere,3,0.75,-1467.008,True,-5.152,1.3164,1.2375,0.0,0.3252
NICARAGUA,CHINANDEGA,admin1,2013-05-05,38,7041,poisson,briere,5,1.0,-1290.599,True,,1.314,1.2886,0.0,0.3164
NICARAGUA,CHINANDEGA,admin1,2013-05-05,38,7041,poisson,briere,5,0.75,-1209.192,True,-343.641,1.3013,1.2375,0.0,0.3293
NICARAGUA,CHINANDEGA,admin1,2013-05-05,38,7041,poisson,briere,7,1.0,3.581,False,,1.2874,1.2886,0.0,-0.0057
NICARAGUA,CHINANDEGA,admin1,2013-05-05,38,7041,poisson,briere,7,0.75,-4.331,True,114.709,1.239,1.2375,0.0,0.0293
NICARAGUA,CHINANDEGA,admin1,2013-05-05,38,7041,poisson,loglinear,3,1.0,-1469.765,True,,1.2627,1.2886,0.0104,0.2638
NICARAGUA,CHINANDEGA,admin1,2013-05-05,38,7041,poisson,loglinear,3,0.75,-1472.546,True,7.768,1.3306,1.2375,-0.0292,0.3114
NICARAGUA,CHINANDEGA,admin1,2013-05-05,38,7041,poisson,loglinear,5,1.0,-1686.526,True,,1.4157,1.2886,-0.1626,0.2646
NICARAGUA,CHINANDEGA,admin1,2013-05-05,38,7041,poisson,loglinear,5,0.75,-1889.742,True,1052.727,1.4623,1.2375,-0.2809,0.3376
NICARAGUA,CHINANDEGA,admin1,2013-05-05,38,7041,poisson,loglinear,7,1.0,-673.39,True,,1.4953,1.2886,-0.2785,0.174
NICARAGUA,CHINANDEGA,admin1,2013-05-05,38,7041,poisson,loglinear,7,0.75,-702.809,True,1709.666,1.6521,1.2375,-0.4838,0.3707
NICARAGUA,NICARAGUA,national,2014-03-02,58,39400,nb,briere,3,1.0,-1.069,True,,1.0894,1.0847,0.0,0.0366
NICARAGUA,NICARAGUA,national,2014-03-02,58,39400,nb,briere,3,0.75,2.387,False,43.267,1.1355,1.0532,0.0,0.0676
NICARAGUA,NICARAGUA,national,2014-03-02,58,39400,nb,briere,5,1.0,-0.556,True,,1.0999,1.0847,0.0,0.0374
NICARAGUA,NICARAGUA,national,2014-03-02,58,39400,nb,briere,5,0.75,3.769,False,-14.754,1.0875,1.0532,0.0,0.0247
NICARAGUA,NICARAGUA,national,2014-03-02,58,39400,nb,briere,7,1.0,1.082,False,,1.1086,1.0847,0.0,0.035
NICARAGUA,NICARAGUA,national,2014-03-02,58,39400,nb,briere,7,0.75,3.72,False,4.478,1.0417,1.0532,0.0,-0.0123
NICARAGUA,NICARAGUA,national,2014-03-02,58,39400,nb,loglinear,3,1.0,-2.915,True,,1.1439,1.0847,-0.0622,-0.0127
NICARAGUA,NICARAGUA,national,2014-03-02,58,39400,nb,loglinear,3,0.75,-3.925,True,2382.235,1.3584,1.0532,-0.1937,0.0117
NICARAGUA,NICARAGUA,national,2014-03-02,58,39400,nb,loglinear,5,1.0,-3.076,True,,1.1438,1.0847,-0.0689,-0.0206
NICARAGUA,NICARAGUA,national,2014-03-02,58,39400,nb,loglinear,5,0.75,-6.207,True,5453.621,1.3875,1.0532,-0.1739,0.07
NICARAGUA,NICARAGUA,national,2014-03-02,58,39400,nb,loglinear,7,1.0,-3.724,True,,1.1372,1.0847,-0.0777,-0.0358
NICARAGUA,NICARAGUA,national,2014-03-02,58,39400,nb,loglinear,7,0.75,-8.592,True,10884.097,1.4577,1.0532,-0.1919,0.1154
NICARAGUA,NICARAGUA,national,2014-03-02,58,39400,poisson,briere,3,1.0,-262.522,True,,1.1044,1.1053,0.0,0.021
NICARAGUA,NICARAGUA,national,2014-03-02,58,39400,poisson,briere,3,0.75,-364.057,True,4699.133,1.1583,1.0949,0.0,0.0613
NICARAGUA,NICARAGUA,national,2014-03-02,58,39400,poisson,briere,5,1.0,-257.804,True,,1.1116,1.1053,0.0,0.0227
NICARAGUA,NICARAGUA,national,2014-03-02,58,39400,poisson,briere,5,0.75,-243.881,True,3257.642,1.1693,1.0949,0.0,0.0615
NICARAGUA,NICARAGUA,national,2014-03-02,58,39400,poisson,briere,7,1.0,-124.612,True,,1.1159,1.1053,0.0,0.0183
NICARAGUA,NICARAGUA,national,2014-03-02,58,39400,poisson,briere,7,0.75,2.202,False,206.073,1.088,1.0949,0.0,-0.0051
NICARAGUA,NICARAGUA,national,2014-03-02,58,39400,poisson,loglinear,3,1.0,-368.089,True,,1.1375,1.1053,-0.0391,-0.0063
NICARAGUA,NICARAGUA,national,2014-03-02,58,39400,poisson,loglinear,3,0.75,-752.26,True,13977.886,1.294,1.0949,-0.1303,0.0188
NICARAGUA,NICARAGUA,national,2014-03-02,58,39400,poisson,loglinear,5,1.0,-366.177,True,,1.1341,1.1053,-0.0369,-0.0049
NICARAGUA,NICARAGUA,national,2014-03-02,58,39400,poisson,loglinear,5,0.75,-1046.578,True,23610.079,1.3389,1.0949,-0.1313,0.0602
NICARAGUA,NICARAGUA,national,2014-03-02,58,39400,poisson,loglinear,7,1.0,-416.381,True,,1.1329,1.1053,-0.0484,-0.0196
NICARAGUA,NICARAGUA,national,2014-03-02,58,39400,poisson,loglinear,7,0.75,-1264.812,True,36616.149,1.4191,1.0949,-0.1655,0.0977
NICARAGUA,BOACO,admin1,2014-03-30,36,2152,nb,briere,3,1.0,-6.2,True,,1.5081,1.2326,0.0,0.2269
NICARAGUA,BOACO,admin1,2014-03-30,36,2152,nb,briere,3,0.75,-5.484,True,51.527,1.6728,1.2958,0.0,0.505
NICARAGUA,BOACO,admin1,2014-03-30,36,2152,nb,briere,5,1.0,-4.147,True,,1.4579,1.2326,0.0,0.2119
NICARAGUA,BOACO,admin1,2014-03-30,36,2152,nb,briere,5,0.75,-2.796,True,-13.679,1.5523,1.2958,0.0,0.3634
NICARAGUA,BOACO,admin1,2014-03-30,36,2152,nb,briere,7,1.0,2.598,False,,1.314,1.2326,0.0,0.0913
NICARAGUA,BOACO,admin1,2014-03-30,36,2152,nb,briere,7,0.75,0.752,False,-0.799,1.4853,1.2958,0.0,0.2471
NICARAGUA,BOACO,admin1,2014-03-30,36,2152,nb,loglinear,3,1.0,-9.007,True,,1.6328,1.2326,-0.1322,0.2063
NICARAGUA,BOACO,admin1,2014-03-30,36,2152,nb,loglinear,3,0.75,-6.246,True,32.209,1.6665,1.2958,-0.1324,0.364
NICARAGUA,BOACO,admin1,2014-03-30,36,2152,nb,loglinear,5,1.0,-13.809,True,,1.7733,1.2326,-0.2157,0.2897
NICARAGUA,BOACO,admin1,2014-03-30,36,2152,nb,loglinear,5,0.75,-7.832,True,-12.777,1.6598,1.2958,-0.2484,0.275
NICARAGUA,BOACO,admin1,2014-03-30,36,2152,nb,loglinear,7,1.0,-4.558,True,,1.6995,1.2326,-0.2653,0.2109
NICARAGUA,BOACO,admin1,2014-03-30,36,2152,nb,loglinear,7,0.75,-7.493,True,-22.009,1.6443,1.2958,-0.3017,0.2044
NICARAGUA,BOACO,admin1,2014-03-30,36,2152,poisson,briere,3,1.0,-221.721,True,,1.5396,1.2849,0.0,0.2274
NICARAGUA,BOACO,admin1,2014-03-30,36,2152,poisson,briere,3,0.75,-40.845,True,-431.371,1.5497,1.413,0.0,0.2746
NICARAGUA,BOACO,admin1,2014-03-30,36,2152,poisson,briere,5,1.0,-178.311,True,,1.4915,1.2849,0.0,0.222
NICARAGUA,BOACO,admin1,2014-03-30,36,2152,poisson,briere,5,0.75,-28.157,True,-405.001,1.5033,1.413,0.0,0.1926
NICARAGUA,BOACO,admin1,2014-03-30,36,2152,poisson,briere,7,1.0,-31.772,True,,1.3651,1.2849,0.0,0.1119
NICARAGUA,BOACO,admin1,2014-03-30,36,2152,poisson,briere,7,0.75,-9.985,True,-24.907,1.4828,1.413,0.0,0.1192
NICARAGUA,BOACO,admin1,2014-03-30,36,2152,poisson,loglinear,3,1.0,-222.048,True,,1.5542,1.2849,-0.0173,0.224
NICARAGUA,BOACO,admin1,2014-03-30,36,2152,poisson,loglinear,3,0.75,-41.634,True,-435.95,1.5541,1.413,-0.0289,0.2539
NICARAGUA,BOACO,admin1,2014-03-30,36,2152,poisson,loglinear,5,1.0,-253.783,True,,1.7638,1.2849,-0.2019,0.2927
NICARAGUA,BOACO,admin1,2014-03-30,36,2152,poisson,loglinear,5,0.75,-53.976,True,-490.805,1.5869,1.413,-0.1498,0.2196
NICARAGUA,BOACO,admin1,2014-03-30,36,2152,poisson,loglinear,7,1.0,-92.565,True,,1.6457,1.2849,-0.2131,0.1784
NICARAGUA,BOACO,admin1,2014-03-30,36,2152,poisson,loglinear,7,0.75,-50.124,True,-463.874,1.6098,1.413,-0.1992,0.1922
NICARAGUA,JINOTEGA,admin1,2014-04-20,36,1217,nb,briere,3,1.0,-11.034,True,,2.6822,1.2668,1.7402,0.1677
NICARAGUA,JINOTEGA,admin1,2014-04-20,36,1217,nb,briere,3,0.75,-7.795,True,0.775,3.2057,1.2634,2.0873,0.2063
NICARAGUA,JINOTEGA,admin1,2014-04-20,36,1217,nb,briere,5,1.0,-8.721,True,,2.5249,1.2668,1.6015,0.1466
NICARAGUA,JINOTEGA,admin1,2014-04-20,36,1217,nb,briere,5,0.75,-11.366,True,116.207,2.0127,1.2634,0.8016,0.3369
NICARAGUA,JINOTEGA,admin1,2014-04-20,36,1217,nb,briere,7,1.0,-2.199,True,,1.9839,1.2668,1.1688,0.045
NICARAGUA,JINOTEGA,admin1,2014-04-20,36,1217,nb,briere,7,0.75,-8.171,True,81.381,1.449,1.2634,0.0,0.3109
NICARAGUA,JINOTEGA,admin1,2014-04-20,36,1217,nb,loglinear,3,1.0,-11.604,True,,0.9782,1.2668,0.367,0.173
NICARAGUA,JINOTEGA,admin1,2014-04-20,36,1217,nb,loglinear,3,0.75,-7.436,True,379.331,1.1521,1.2634,0.2926,0.1976
NICARAGUA,JINOTEGA,admin1,2014-04-20,36,1217,nb,loglinear,5,1.0,-7.204,True,,0.9997,1.2668,0.3164,0.1266
NICARAGUA,JINOTEGA,admin1,2014-04-20,36,1217,nb,loglinear,5,0.75,-11.351,True,109.33,1.3608,1.2634,0.1133,0.3349
NICARAGUA,JINOTEGA,admin1,2014-04-20,36,1217,nb,loglinear,7,1.0,-1.631,True,,1.0072,1.2668,0.2322,0.0288
NICARAGUA,JINOTEGA,admin1,2014-04-20,36,1217,nb,loglinear,7,0.75,-8.484,True,57.59,1.5367,1.2634,-0.0691,0.3549
NICARAGUA,JINOTEGA,admin1,2014-04-20,36,1217,poisson,briere,3,1.0,-71.893,True,,2.9956,1.2809,1.9363,0.1819
NICARAGUA,JINOTEGA,admin1,2014-04-20,36,1217,poisson,briere,3,0.75,-55.605,True,-19.95,3.2302,1.3136,2.0976,0.1739
NICARAGUA,JINOTEGA,admin1,2014-04-20,36,1217,poisson,briere,5,1.0,-63.131,True,,2.6006,1.2809,1.6478,0.1554
NICARAGUA,JINOTEGA,admin1,2014-04-20,36,1217,poisson,briere,5,0.75,-67.679,True,757.278,2.2603,1.3136,1.1547,0.2982
NICARAGUA,JINOTEGA,admin1,2014-04-20,36,1217,poisson,briere,7,1.0,-28.99,True,,2.011,1.2809,1.0801,0.085
NICARAGUA,JINOTEGA,admin1,2014-04-20,36,1217,poisson,briere,7,0.75,-60.155,True,455.468,1.4748,1.3136,0.0,0.339
NICARAGUA,JINOTEGA,admin1,2014-04-20,36,1217,poisson,loglinear,3,1.0,-73.404,True,,0.9806,1.2809,0.3885,0.1735
NICARAGUA,JINOTEGA,admin1,2014-04-20,36,1217,poisson,loglinear,3,0.75,-53.873,True,7786.945,1.1554,1.3136,0.2954,0.1658
NICARAGUA,JINOTEGA,admin1,2014-04-20,36,1217,poisson,loglinear,5,1.0,-58.231,True,,1.0036,1.2809,0.3249,0.1359
NICARAGUA,JINOTEGA,admin1,2014-04-20,36,1217,poisson,loglinear,5,0.75,-67.025,True,1912.876,1.2869,1.3136,0.1621,0.2938
NICARAGUA,JINOTEGA,admin1,2014-04-20,36,1217,poisson,loglinear,7,1.0,-27.869,True,,1.0604,1.2809,0.2267,0.0702
NICARAGUA,JINOTEGA,admin1,2014-04-20,36,1217,poisson,loglinear,7,0.75,-61.061,True,378.093,1.5521,1.3136,-0.0591,0.3808
NICARAGUA,NICARAGUA,national,2015-04-12,43,47475,nb,briere,3,1.0,2.337,False,,1.2469,1.0934,0.649,0.0731
NICARAGUA,NICARAGUA,national,2015-04-12,43,47475,nb,briere,3,0.75,1.133,False,0.74,1.5476,1.07,1.8953,0.1732
NICARAGUA,NICARAGUA,national,2015-04-12,43,47475,nb,briere,5,1.0,3.208,False,,1.1407,1.0934,0.0,0.0414
NICARAGUA,NICARAGUA,national,2015-04-12,43,47475,nb,briere,5,0.75,1.858,False,8.71,1.2475,1.07,0.3657,0.116
NICARAGUA,NICARAGUA,national,2015-04-12,43,47475,nb,briere,7,1.0,3.963,False,,1.1102,1.0934,0.0,0.0122
NICARAGUA,NICARAGUA,national,2015-04-12,43,47475,nb,briere,7,0.75,2.314,False,20.114,1.1948,1.07,0.0,0.1163
NICARAGUA,NICARAGUA,national,2015-04-12,43,47475,nb,loglinear,3,1.0,2.531,False,,1.1188,1.0934,0.0186,0.0509
NICARAGUA,NICARAGUA,national,2015-04-12,43,47475,nb,loglinear,3,0.75,1.865,False,2.082,1.1467,1.07,0.1005,0.1453
NICARAGUA,NICARAGUA,national,2015-04-12,43,47475,nb,loglinear,5,1.0,2.864,False,,1.1481,1.0934,-0.0311,0.0225
NICARAGUA,NICARAGUA,national,2015-04-12,43,47475,nb,loglinear,5,0.75,1.957,False,5.336,1.1923,1.07,0.0074,0.1134
NICARAGUA,NICARAGUA,national,2015-04-12,43,47475,nb,loglinear,7,1.0,2.86,False,,1.1685,1.0934,-0.0453,0.0248
NICARAGUA,NICARAGUA,national,2015-04-12,43,47475,nb,loglinear,7,0.75,1.277,False,159.662,1.4065,1.07,-0.1302,0.1999
NICARAGUA,NICARAGUA,national,2015-04-12,43,47475,poisson,briere,3,1.0,-187.125,True,,1.2432,1.1277,0.5019,0.0529
NICARAGUA,NICARAGUA,national,2015-04-12,43,47475,poisson,briere,3,0.75,-595.939,True,1658.094,1.6138,1.1388,1.757,0.1695
NICARAGUA,NICARAGUA,national,2015-04-12,43,47475,poisson,briere,5,1.0,-111.376,True,,1.1598,1.1277,0.0,0.0305
NICARAGUA,NICARAGUA,national,2015-04-12,43,47475,poisson,briere,5,0.75,-296.658,True,16.856,1.2447,1.1388,0.0885,0.0877
NICARAGUA,NICARAGUA,national,2015-04-12,43,47475,poisson,briere,7,1.0,-31.446,True,,1.1571,1.1277,0.0,0.0229
NICARAGUA,NICARAGUA,national,2015-04-12,43,47475,poisson,briere,7,0.75,-97.677,True,-626.632,1.1962,1.1388,0.0,0.0615
NICARAGUA,NICARAGUA,national,2015-04-12,43,47475,poisson,loglinear,3,1.0,-188.07,True,,1.1337,1.1277,0.0384,0.0513
NICARAGUA,NICARAGUA,national,2015-04-12,43,47475,poisson,loglinear,3,0.75,-566.197,True,3991.89,1.2172,1.1388,0.1203,0.1607
NICARAGUA,NICARAGUA,national,2015-04-12,43,47475,poisson,loglinear,5,1.0,-122.564,True,,1.1615,1.1277,-0.0125,0.0227
NICARAGUA,NICARAGUA,national,2015-04-12,43,47475,poisson,loglinear,5,0.75,-295.685,True,125.126,1.23,1.1388,0.0023,0.0866
NICARAGUA,NICARAGUA,national,2015-04-12,43,47475,poisson,loglinear,7,1.0,-121.73,True,,1.1783,1.1277,-0.027,0.0233
NICARAGUA,NICARAGUA,national,2015-04-12,43,47475,poisson,loglinear,7,0.75,-168.719,True,-282.946,1.2683,1.1388,-0.0566,0.0826
NICARAGUA,NICARAGUA,national,2016-02-07,53,89188,nb,briere,3,1.0,3.956,False,,1.112,1.1146,0.0,-0.0044
NICARAGUA,NICARAGUA,national,2016-02-07,53,89188,nb,briere,3,0.75,-5.48,True,231.639,1.2318,1.1475,0.0,0.0916
NICARAGUA,NICARAGUA,national,2016-02-07,53,89188,nb,briere,5,1.0,2.578,False,,1.0847,1.1146,0.0,-0.0308
NICARAGUA,NICARAGUA,national,2016-02-07,53,89188,nb,briere,5,0.75,2.242,False,65.278,1.2077,1.1475,0.0,0.0476
NICARAGUA,NICARAGUA,national,2016-02-07,53,89188,nb,briere,7,1.0,-1.793,True,,1.0592,1.1146,0.0,-0.0487
NICARAGUA,NICARAGUA,national,2016-02-07,53,89188,nb,briere,7,0.75,2.193,False,-22.957,1.0523,1.1475,0.0,-0.0625
NICARAGUA,NICARAGUA,national,2016-02-07,53,89188,nb,loglinear,3,1.0,1.696,False,,1.2017,1.1146,-0.0907,-0.0624
NICARAGUA,NICARAGUA,national,2016-02-07,53,89188,nb,loglinear,3,0.75,-6.233,True,114.533,1.2554,1.1475,-0.0551,0.0446
NICARAGUA,NICARAGUA,national,2016-02-07,53,89188,nb,loglinear,5,1.0,2.037,False,,1.0671,1.1146,-0.0338,-0.0885
NICARAGUA,NICARAGUA,national,2016-02-07,53,89188,nb,loglinear,5,0.75,-8.336,True,-14.838,1.252,1.1475,-0.1634,-0.0817
NICARAGUA,NICARAGUA,national,2016-02-07,53,89188,nb,loglinear,7,1.0,-12.371,True,,1.1012,1.1146,-0.133,-0.1642
NICARAGUA,NICARAGUA,national,2016-02-07,53,89188,nb,loglinear,7,0.75,-13.029,True,-17.031,1.1869,1.1475,-0.162,-0.1184
NICARAGUA,NICARAGUA,national,2016-02-07,53,89188,poisson,briere,3,1.0,-41.265,True,,1.1477,1.1522,0.0,-0.0103
NICARAGUA,NICARAGUA,national,2016-02-07,53,89188,poisson,briere,3,0.75,-1254.793,True,6051.604,1.2457,1.2158,0.0,0.058
NICARAGUA,NICARAGUA,national,2016-02-07,53,89188,poisson,briere,5,1.0,-799.715,True,,1.1158,1.1522,0.0,-0.047
NICARAGUA,NICARAGUA,national,2016-02-07,53,89188,poisson,briere,5,0.75,-62.834,True,1577.085,1.2289,1.2158,0.0,0.0143
NICARAGUA,NICARAGUA,national,2016-02-07,53,89188,poisson,briere,7,1.0,-2846.871,True,,1.0671,1.1522,0.0,-0.0836
NICARAGUA,NICARAGUA,national,2016-02-07,53,89188,poisson,briere,7,0.75,-542.123,True,-5036.777,1.1413,1.2158,0.0,-0.0556
NICARAGUA,NICARAGUA,national,2016-02-07,53,89188,poisson,loglinear,3,1.0,-43.571,True,,1.1431,1.1522,0.0055,-0.0067
NICARAGUA,NICARAGUA,national,2016-02-07,53,89188,poisson,loglinear,3,0.75,-1254.806,True,6088.239,1.2454,1.2158,0.0005,0.0584
NICARAGUA,NICARAGUA,national,2016-02-07,53,89188,poisson,loglinear,5,1.0,-1460.512,True,,1.171,1.1522,-0.0838,-0.0983
NICARAGUA,NICARAGUA,national,2016-02-07,53,89188,poisson,loglinear,5,0.75,-1523.465,True,-5023.626,1.2637,1.2158,-0.1179,-0.06
NICARAGUA,NICARAGUA,national,2016-02-07,53,89188,poisson,loglinear,7,1.0,-4055.814,True,,1.0953,1.1522,-0.09,-0.1463
NICARAGUA,NICARAGUA,national,2016-02-07,53,89188,poisson,loglinear,7,0.75,-2751.305,True,-7114.967,1.1987,1.2158,-0.116,-0.095
NICARAGUA,NICARAGUA,national,2019-04-07,44,177182,nb,briere,3,1.0,3.327,False,,1.2165,1.2153,0.0,-0.0182
NICARAGUA,NICARAGUA,national,2019-04-07,44,177182,nb,briere,3,0.75,3.639,False,-0.122,1.2037,1.2015,0.0,0.0187
NICARAGUA,NICARAGUA,national,2019-04-07,44,177182,nb,briere,5,1.0,3.54,False,,1.2459,1.2153,0.1257,-0.0099
NICARAGUA,NICARAGUA,national,2019-04-07,44,177182,nb,briere,5,0.75,1.333,False,13.381,1.2061,1.2015,0.0,0.0516
NICARAGUA,NICARAGUA,national,2019-04-07,44,177182,nb,briere,7,1.0,3.444,False,,1.2761,1.2153,0.221,0.0117
NICARAGUA,NICARAGUA,national,2019-04-07,44,177182,nb,briere,7,0.75,-1.768,True,22.362,1.2134,1.2015,0.0,0.0699
NICARAGUA,NICARAGUA,national,2019-04-07,44,177182,nb,loglinear,3,1.0,1.9,False,,1.2377,1.2153,-0.0579,-0.0545
NICARAGUA,NICARAGUA,national,2019-04-07,44,177182,nb,loglinear,3,0.75,0.15,False,5.802,1.2396,1.2015,-0.1112,-0.0288
NICARAGUA,NICARAGUA,national,2019-04-07,44,177182,nb,loglinear,5,1.0,3.422,False,,1.2176,1.2153,-0.0157,-0.0221
NICARAGUA,NICARAGUA,national,2019-04-07,44,177182,nb,loglinear,5,0.75,-0.59,True,15.5,1.2311,1.2015,-0.0704,0.0371
NICARAGUA,NICARAGUA,national,2019-04-07,44,177182,nb,loglinear,7,1.0,16.237,False,,1.1567,1.2153,0.0776,-0.0243
NICARAGUA,NICARAGUA,national,2019-04-07,44,177182,nb,loglinear,7,0.75,-6.508,True,36.932,1.2534,1.2015,-0.1131,0.0807
NICARAGUA,NICARAGUA,national,2019-04-07,44,177182,poisson,briere,3,1.0,-469.119,True,,1.3141,1.2477,0.2597,-0.0148
NICARAGUA,NICARAGUA,national,2019-04-07,44,177182,poisson,briere,3,0.75,-1.302,True,-98.85,1.2463,1.2468,0.0,-0.0035
NICARAGUA,NICARAGUA,national,2019-04-07,44,177182,poisson,briere,5,1.0,-530.606,True,,1.3393,1.2477,0.3585,-0.016
NICARAGUA,NICARAGUA,national,2019-04-07,44,177182,poisson,briere,5,0.75,-14.89,True,326.245,1.2564,1.2468,0.0438,0.0085
NICARAGUA,NICARAGUA,national,2019-04-07,44,177182,poisson,briere,7,1.0,-435.506,True,,1.3734,1.2477,0.4789,-0.0057
NICARAGUA,NICARAGUA,national,2019-04-07,44,177182,poisson,briere,7,0.75,-356.7,True,2389.165,1.2391,1.2468,0.0,0.0356
NICARAGUA,NICARAGUA,national,2019-04-07,44,177182,poisson,loglinear,3,1.0,-437.277,True,,1.2409,1.2477,0.0143,-0.0193
NICARAGUA,NICARAGUA,national,2019-04-07,44,177182,poisson,loglinear,3,0.75,-23.385,True,112.058,1.2522,1.2468,-0.0179,-0.0105
NICARAGUA,NICARAGUA,national,2019-04-07,44,177182,poisson,loglinear,5,1.0,-475.72,True,,1.2347,1.2477,0.0275,-0.017
NICARAGUA,NICARAGUA,national,2019-04-07,44,177182,poisson,loglinear,5,0.75,-12.974,True,341.944,1.2461,1.2468,-0.0005,0.0074
NICARAGUA,NICARAGUA,national,2019-04-07,44,177182,poisson,loglinear,7,1.0,-361.58,True,,1.2318,1.2477,0.0384,-0.0048
NICARAGUA,NICARAGUA,national,2019-04-07,44,177182,poisson,loglinear,7,0.75,-404.253,True,3301.227,1.2459,1.2468,-0.0198,0.0389
NICARAGUA,NICARAGUA,national,2023-02-19,58,187876,nb,briere,3,1.0,-12.381,True,,1.1474,1.1237,0.1833,0.068
NICARAGUA,NICARAGUA,national,2023-02-19,58,187876,nb,briere,3,0.75,-18.225,True,9.018,1.1137,1.124,0.0,0.0717
NICARAGUA,NICARAGUA,national,2023-02-19,58,187876,nb,briere,5,1.0,-6.944,True,,1.1278,1.1237,0.0,0.0496
NICARAGUA,NICARAGUA,national,2023-02-19,58,187876,nb,briere,5,0.75,-18.355,True,22.85,1.1228,1.124,0.0,0.0781
NICARAGUA,NICARAGUA,national,2023-02-19,58,187876,nb,briere,7,1.0,-3.33,True,,1.1347,1.1237,0.0,0.0423
NICARAGUA,NICARAGUA,national,2023-02-19,58,187876,nb,briere,7,0.75,-21.443,True,48.384,1.1336,1.124,0.0,0.0948
NICARAGUA,NICARAGUA,national,2023-02-19,58,187876,nb,loglinear,3,1.0,-12.109,True,,1.1128,1.1237,0.0058,0.0599
NICARAGUA,NICARAGUA,national,2023-02-19,58,187876,nb,loglinear,3,0.75,-21.872,True,31.582,1.1487,1.124,-0.1106,-0.0331
NICARAGUA,NICARAGUA,national,2023-02-19,58,187876,nb,loglinear,5,1.0,-9.79,True,,1.1468,1.1237,-0.0764,-0.0106
NICARAGUA,NICARAGUA,national,2023-02-19,58,187876,nb,loglinear,5,0.75,-21.533,True,23.904,1.1384,1.124,-0.0784,-0.0003
NICARAGUA,NICARAGUA,national,2023-02-19,58,187876,nb,loglinear,7,1.0,-10.724,True,,1.1356,1.1237,-0.0933,-0.0388
NICARAGUA,NICARAGUA,national,2023-02-19,58,187876,nb,loglinear,7,0.75,-22.824,True,38.682,1.1371,1.124,-0.0417,0.0499
NICARAGUA,NICARAGUA,national,2023-02-19,58,187876,poisson,briere,3,1.0,-2206.179,True,,1.1672,1.1306,0.228,0.0486
NICARAGUA,NICARAGUA,national,2023-02-19,58,187876,poisson,briere,3,0.75,-3013.135,True,1565.421,1.1234,1.1348,0.0,0.0403
NICARAGUA,NICARAGUA,national,2023-02-19,58,187876,poisson,briere,5,1.0,-496.813,True,,1.1335,1.1306,0.0,0.0196
NICARAGUA,NICARAGUA,national,2023-02-19,58,187876,poisson,briere,5,0.75,-2874.625,True,6012.576,1.1285,1.1348,0.0,0.043
NICARAGUA,NICARAGUA,national,2023-02-19,58,187876,poisson,briere,7,1.0,-48.745,True,,1.1302,1.1306,0.0,0.0047
NICARAGUA,NICARAGUA,national,2023-02-19,58,187876,poisson,briere,7,0.75,-3845.0,True,15734.001,1.1339,1.1348,0.0,0.0573
NICARAGUA,NICARAGUA,national,2023-02-19,58,187876,poisson,loglinear,3,1.0,-1972.635,True,,1.1199,1.1306,0.0126,0.0413
NICARAGUA,NICARAGUA,national,2023-02-19,58,187876,poisson,loglinear,3,0.75,-6669.444,True,24338.396,1.1698,1.1348,-0.1458,-0.0962
NICARAGUA,NICARAGUA,national,2023-02-19,58,187876,poisson,loglinear,5,1.0,-1443.614,True,,1.1321,1.1306,-0.0495,-0.0329
NICARAGUA,NICARAGUA,national,2023-02-19,58,187876,poisson,loglinear,5,0.75,-5588.175,True,6424.248,1.1463,1.1348,-0.089,-0.0434
NICARAGUA,NICARAGUA,national,2023-02-19,58,187876,poisson,loglinear,7,1.0,-2869.283,True,,1.1273,1.1306,-0.0719,-0.0569
NICARAGUA,NICARAGUA,national,2023-02-19,58,187876,poisson,loglinear,7,0.75,-5051.77,True,9210.398,1.1381,1.1348,-0.0457,0.009
PANAMA,PANAMA,national,2014-09-07,30,1285,nb,briere,3,1.0,-5.402,True,,1.9057,1.3677,0.0,-0.3348
PANAMA,PANAMA,national,2014-09-07,30,1285,nb,briere,3,0.75,2.855,False,-9.65,0.9707,1.1961,0.0,0.1257
PANAMA,PANAMA,national,2014-09-07,30,1285,nb,briere,5,1.0,-7.51,True,,0.8407,1.3677,0.0,0.2959
PANAMA,PANAMA,national,2014-09-07,30,1285,nb,briere,5,0.75,-0.229,True,-27.226,0.8509,1.1961,0.0,0.2712
PANAMA,PANAMA,national,2014-09-07,30,1285,nb,briere,7,1.0,-12.158,True,,0.8941,1.3677,0.0,0.3191
PANAMA,PANAMA,national,2014-09-07,30,1285,nb,briere,7,0.75,-3.029,True,-25.592,0.932,1.1961,0.0065,0.3256
PANAMA,PANAMA,national,2014-09-07,30,1285,nb,loglinear,3,1.0,-8.138,True,,0.8005,1.3677,-0.4381,0.0722
PANAMA,PANAMA,national,2014-09-07,30,1285,nb,loglinear,3,0.75,1.473,False,12.093,0.9348,1.1961,-0.3068,0.0985
PANAMA,PANAMA,national,2014-09-07,30,1285,nb,loglinear,5,1.0,-9.206,True,,0.8097,1.3677,-0.2788,0.1678
PANAMA,PANAMA,national,2014-09-07,30,1285,nb,loglinear,5,0.75,-0.371,True,-26.141,0.8501,1.1961,-0.1161,0.2498
PANAMA,PANAMA,national,2014-09-07,30,1285,nb,loglinear,7,1.0,-12.204,True,,0.8819,1.3677,-0.0555,0.2936
PANAMA,PANAMA,national,2014-09-07,30,1285,nb,loglinear,7,0.75,-3.029,True,-25.562,0.9303,1.1961,0.0039,0.3266
PANAMA,PANAMA,national,2014-09-07,30,1285,poisson,briere,3,1.0,-51.799,True,,1.8235,1.3899,0.0,-0.2459
PANAMA,PANAMA,national,2014-09-07,30,1285,poisson,briere,3,0.75,-36.361,True,47.917,2.1633,1.3168,0.0,-0.4024
PANAMA,PANAMA,national,2014-09-07,30,1285,poisson,briere,5,1.0,-67.354,True,,0.8747,1.3899,0.0,0.2633
PANAMA,PANAMA,national,2014-09-07,30,1285,poisson,briere,5,0.75,-40.995,True,-65.137,2.2569,1.3168,3.3037,0.2713
PANAMA,PANAMA,national,2014-09-07,30,1285,poisson,briere,7,1.0,-150.211,True,,6.9391,1.3899,6.941,0.341
PANAMA,PANAMA,national,2014-09-07,30,1285,poisson,briere,7,0.75,-120.702,True,-73.662,7.2479,1.3168,7.1203,0.368
PANAMA,PANAMA,national,2014-09-07,30,1285,poisson,loglinear,3,1.0,-51.799,True,,1.8234,1.3899,-0.0001,-0.2459
PANAMA,PANAMA,national,2014-09-07,30,1285,poisson,loglinear,3,0.75,-36.58,True,51.188,2.1526,1.3168,-0.0217,-0.4024
PANAMA,PANAMA,national,2014-09-07,30,1285,poisson,loglinear,5,1.0,-67.372,True,,0.8737,1.3899,-0.0067,0.2607
PANAMA,PANAMA,national,2014-09-07,30,1285,poisson,loglinear,5,0.75,-41.386,True,-57.718,0.8797,1.3168,0.0948,0.2723
PANAMA,PANAMA,national,2014-09-07,30,1285,poisson,loglinear,7,1.0,-150.739,True,,1.0347,1.3899,0.2159,0.3437
PANAMA,PANAMA,national,2014-09-07,30,1285,poisson,loglinear,7,0.75,-121.338,True,-46.905,0.9494,1.3168,0.1938,0.3698
PANAMA,PANAMA,national,2015-08-02,35,2937,nb,briere,3,1.0,-8.068,True,,2.3295,1.1059,3.7249,0.1
PANAMA,PANAMA,national,2015-08-02,35,2937,nb,briere,3,0.75,-4.946,True,88.808,1.9149,1.0262,3.5541,0.3023
PANAMA,PANAMA,national,2015-08-02,35,2937,nb,briere,5,1.0,-8.693,True,,3.3706,1.1059,5.3129,0.1203
PANAMA,PANAMA,national,2015-08-02,35,2937,nb,briere,5,0.75,-4.666,True,189.873,2.9473,1.0262,4.6583,0.3459
PANAMA,PANAMA,national,2015-08-02,35,2937,nb,briere,7,1.0,-8.73,True,,5.7399,1.1059,7.4617,0.1434
PANAMA,PANAMA,national,2015-08-02,35,2937,nb,briere,7,0.75,-3.706,True,258.485,2.7922,1.0262,3.6509,0.3546
PANAMA,PANAMA,national,2015-08-02,35,2937,nb,loglinear,3,1.0,-8.134,True,,0.9605,1.1059,0.1282,0.1025
PANAMA,PANAMA,national,2015-08-02,35,2937,nb,loglinear,3,0.75,-5.016,True,137.68,0.8109,1.0262,0.1059,0.303
PANAMA,PANAMA,national,2015-08-02,35,2937,nb,loglinear,5,1.0,-8.707,True,,0.9522,1.1059,0.1829,0.124
PANAMA,PANAMA,national,2015-08-02,35,2937,nb,loglinear,5,0.75,-4.732,True,177.364,0.9553,1.0262,0.1378,0.3453
PANAMA,PANAMA,national,2015-08-02,35,2937,nb,loglinear,7,1.0,-8.517,True,,0.9854,1.1059,0.2492,0.1446
PANAMA,PANAMA,national,2015-08-02,35,2937,nb,loglinear,7,0.75,-3.725,True,216.847,1.1563,1.0262,0.1058,0.3547
PANAMA,PANAMA,national,2015-08-02,35,2937,poisson,briere,3,1.0,-368.597,True,,2.759,1.1503,4.4428,0.1181
PANAMA,PANAMA,national,2015-08-02,35,2937,poisson,briere,3,0.75,-269.956,True,-475.325,2.9291,1.043,5.2846,0.2933
PANAMA,PANAMA,national,2015-08-02,35,2937,poisson,briere,5,1.0,-363.397,True,,4.228,1.1503,6.2709,0.131
PANAMA,PANAMA,national,2015-08-02,35,2937,poisson,briere,5,0.75,-265.482,True,205.384,2.6788,1.043,4.0307,0.4042
PANAMA,PANAMA,national,2015-08-02,35,2937,poisson,briere,7,1.0,-332.071,True,,6.2991,1.1503,7.7226,0.1393
PANAMA,PANAMA,national,2015-08-02,35,2937,poisson,briere,7,0.75,-216.797,True,272.738,2.7876,1.043,3.5117,0.4074
PANAMA,PANAMA,national,2015-08-02,35,2937,poisson,loglinear,3,1.0,-369.922,True,,0.9587,1.1503,0.1536,0.121
PANAMA,PANAMA,national,2015-08-02,35,2937,poisson,loglinear,3,0.75,-272.026,True,-248.77,0.8153,1.043,0.1554,0.2942
PANAMA,PANAMA,national,2015-08-02,35,2937,poisson,loglinear,5,1.0,-362.596,True,,0.9504,1.1503,0.2168,0.1358
PANAMA,PANAMA,national,2015-08-02,35,2937,poisson,loglinear,5,0.75,-267.021,True,103.573,1.0107,1.043,0.1195,0.4042
PANAMA,PANAMA,national,2015-08-02,35,2937,poisson,loglinear,7,1.0,-327.843,True,,1.0154,1.1503,0.2611,0.1427
PANAMA,PANAMA,national,2015-08-02,35,2937,poisson,loglinear,7,0.75,-217.453,True,163.298,1.1934,1.043,0.1025,0.4075
PANAMA,PANAMA,national,2019-05-12,51,11017,nb,briere,3,1.0,-22.193,True,,1.1419,1.2285,0.0,0.0767
PANAMA,PANAMA,national,2019-05-12,51,11017,nb,briere,3,0.75,3.996,False,4.704,1.1707,1.1697,0.0,-0.0018
PANAMA,PANAMA,national,2019-05-12,51,11017,nb,briere,5,1.0,-24.189,True,,1.1482,1.2285,0.0,0.0799
PANAMA,PANAMA,national,2019-05-12,51,11017,nb,briere,5,0.75,3.843,False,-30.871,1.1636,1.1697,0.0,0.0126
PANAMA,PANAMA,national,2019-05-12,51,11017,nb,briere,7,1.0,-21.074,True,,1.1654,1.2285,0.0,0.0767
PANAMA,PANAMA,national,2019-05-12,51,11017,nb,briere,7,0.75,3.733,False,-34.204,1.1641,1.1697,0.0,0.0157
PANAMA,PANAMA,national,2019-05-12,51,11017,nb,loglinear,3,1.0,-24.531,True,,1.1521,1.2285,-0.029,0.065
PANAMA,PANAMA,national,2019-05-12,51,11017,nb,loglinear,3,0.75,3.981,False,-7.198,1.1713,1.1697,-0.0034,-0.0002
PANAMA,PANAMA,national,2019-05-12,51,11017,nb,loglinear,5,1.0,-26.876,True,,1.1561,1.2285,-0.0311,0.0686
PANAMA,PANAMA,national,2019-05-12,51,11017,nb,loglinear,5,0.75,3.551,False,-96.202,1.1637,1.1697,-0.0183,0.0279
PANAMA,PANAMA,national,2019-05-12,51,11017,nb,loglinear,7,1.0,-23.816,True,,1.1719,1.2285,-0.0321,0.0641
PANAMA,PANAMA,national,2019-05-12,51,11017,nb,loglinear,7,0.75,3.503,False,-78.764,1.1667,1.1697,-0.0145,0.0248
PANAMA,PANAMA,national,2019-05-12,51,11017,poisson,briere,3,1.0,-240.279,True,,1.1613,1.2252,0.0,0.0626
PANAMA,PANAMA,national,2019-05-12,51,11017,poisson,briere,3,0.75,3.275,False,-50.757,1.2144,1.1753,0.1371,0.0032
PANAMA,PANAMA,national,2019-05-12,51,11017,poisson,briere,5,1.0,-270.622,True,,1.166,1.2252,0.0,0.0711
PANAMA,PANAMA,national,2019-05-12,51,11017,poisson,briere,5,0.75,0.919,False,-406.08,1.1706,1.1753,0.0,0.0141
PANAMA,PANAMA,national,2019-05-12,51,11017,poisson,briere,7,1.0,-208.946,True,,1.1794,1.2252,0.0,0.0697
PANAMA,PANAMA,national,2019-05-12,51,11017,poisson,briere,7,0.75,3.406,False,-53.203,1.2019,1.1753,0.0928,0.0033
PANAMA,PANAMA,national,2019-05-12,51,11017,poisson,loglinear,3,1.0,-251.846,True,,1.1597,1.2252,-0.0214,0.0597
PANAMA,PANAMA,national,2019-05-12,51,11017,poisson,loglinear,3,0.75,3.298,False,-41.071,1.1731,1.1753,0.0039,0.0033
PANAMA,PANAMA,national,2019-05-12,51,11017,poisson,loglinear,5,1.0,-311.267,True,,1.158,1.2252,-0.0402,0.0718
PANAMA,PANAMA,national,2019-05-12,51,11017,poisson,loglinear,5,0.75,0.298,False,-639.323,1.1693,1.1753,-0.0076,0.0206
PANAMA,PANAMA,national,2019-05-12,51,11017,poisson,loglinear,7,1.0,-271.144,True,,1.1675,1.2252,-0.0496,0.0748
PANAMA,PANAMA,national,2019-05-12,51,11017,poisson,loglinear,7,0.75,3.419,False,-57.609,1.1741,1.1753,0.0024,0.0037
PANAMA,PANAMA,national,2022-04-03,54,13361,nb,briere,3,1.0,1.203,False,,1.1895,1.1544,0.0,-0.0306
PANAMA,PANAMA,national,2022-04-03,54,13361,nb,briere,3,0.75,2.429,False,541.359,1.1347,1.1796,0.0,0.1269
PANAMA,PANAMA,national,2022-04-03,54,13361,nb,briere,5,1.0,-0.934,True,,1.189,1.1544,0.0,-0.041
PANAMA,PANAMA,national,2022-04-03,54,13361,nb,briere,5,0.75,3.346,False,-12.858,1.1855,1.1796,0.0,-0.0454
PANAMA,PANAMA,national,2022-04-03,54,13361,nb,briere,7,1.0,-3.477,True,,1.1793,1.1544,0.0,-0.0505
PANAMA,PANAMA,national,2022-04-03,54,13361,nb,briere,7,0.75,-0.185,True,1.352,1.164,1.1796,0.0,-0.085
PANAMA,PANAMA,national,2022-04-03,54,13361,nb,loglinear,3,1.0,0.743,False,,1.2065,1.1544,-0.0316,-0.042
PANAMA,PANAMA,national,2022-04-03,54,13361,nb,loglinear,3,0.75,-4.979,True,128.054,1.2524,1.1796,-0.2183,-0.0183
PANAMA,PANAMA,national,2022-04-03,54,13361,nb,loglinear,5,1.0,-3.692,True,,1.2311,1.1544,-0.0887,-0.0765
PANAMA,PANAMA,national,2022-04-03,54,13361,nb,loglinear,5,0.75,-14.826,True,31.04,1.3391,1.1796,-0.334,-0.227
PANAMA,PANAMA,national,2022-04-03,54,13361,nb,loglinear,7,1.0,-8.805,True,,1.2199,1.1544,-0.123,-0.0988
PANAMA,PANAMA,national,2022-04-03,54,13361,nb,loglinear,7,0.75,-16.948,True,2.649,1.2543,1.1796,-0.2743,-0.1584
PANAMA,PANAMA,national,2022-04-03,54,13361,poisson,briere,3,1.0,-79.283,True,,1.1841,1.1488,0.0,-0.0353
PANAMA,PANAMA,national,2022-04-03,54,13361,poisson,briere,3,0.75,-8.506,True,1088.669,1.1486,1.172,0.0,0.0613
PANAMA,PANAMA,national,2022-04-03,54,13361,poisson,briere,5,1.0,-157.874,True,,1.1861,1.1488,0.0,-0.0505
PANAMA,PANAMA,national,2022-04-03,54,13361,poisson,briere,5,0.75,-79.412,True,785.686,1.1969,1.172,0.0,-0.1095
PANAMA,PANAMA,national,2022-04-03,54,13361,poisson,briere,7,1.0,-280.424,True,,1.1797,1.1488,0.0,-0.0687
PANAMA,PANAMA,national,2022-04-03,54,13361,poisson,briere,7,0.75,-304.235,True,2612.851,1.171,1.172,0.0,-0.1578
PANAMA,PANAMA,national,2022-04-03,54,13361,poisson,loglinear,3,1.0,-206.145,True,,1.2346,1.1488,-0.1112,-0.0593
PANAMA,PANAMA,national,2022-04-03,54,13361,poisson,loglinear,3,0.75,-396.593,True,1109.287,1.2457,1.172,-0.2286,0.0071
PANAMA,PANAMA,national,2022-04-03,54,13361,poisson,loglinear,5,1.0,-412.374,True,,1.259,1.1488,-0.1634,-0.0957
PANAMA,PANAMA,national,2022-04-03,54,13361,poisson,loglinear,5,0.75,-715.949,True,2658.202,1.3432,1.172,-0.2906,-0.2516
PANAMA,PANAMA,national,2022-04-03,54,13361,poisson,loglinear,7,1.0,-611.277,True,,1.2427,1.1488,-0.1734,-0.1183
PANAMA,PANAMA,national,2022-04-03,54,13361,poisson,loglinear,7,0.75,-796.04,True,151.631,1.2552,1.172,-0.2308,-0.1809
PARAGUAY,PARAGUAY,national,2017-11-05,33,27386,nb,briere,3,1.0,-6.924,True,,2.5504,1.6585,1.0224,-0.305
PARAGUAY,PARAGUAY,national,2017-11-05,33,27386,nb,briere,3,0.75,-0.859,True,-6.768,2.7841,1.6148,1.3165,-0.3216
PARAGUAY,PARAGUAY,national,2017-11-05,33,27386,nb,briere,5,1.0,-6.009,True,,2.7229,1.6585,1.1333,-0.3494
PARAGUAY,PARAGUAY,national,2017-11-05,33,27386,nb,briere,5,0.75,-0.275,True,1.023,3.2339,1.6148,1.7591,-0.3143
PARAGUAY,PARAGUAY,national,2017-11-05,33,27386,nb,briere,7,1.0,-4.273,True,,1.7734,1.6585,0.568,0.1337
PARAGUAY,PARAGUAY,national,2017-11-05,33,27386,nb,briere,7,0.75,1.143,False,2.975,2.2442,1.6148,1.3519,0.1197
PARAGUAY,PARAGUAY,national,2017-11-05,33,27386,nb,loglinear,3,1.0,-5.662,True,,1.1487,1.6585,0.6468,-0.22
PARAGUAY,PARAGUAY,national,2017-11-05,33,27386,nb,loglinear,3,0.75,-0.61,True,0.11,1.6992,1.6148,0.1954,-0.3269
PARAGUAY,PARAGUAY,national,2017-11-05,33,27386,nb,loglinear,5,1.0,-5.34,True,,1.1154,1.6585,0.7346,-0.2693
PARAGUAY,PARAGUAY,national,2017-11-05,33,27386,nb,loglinear,5,0.75,0.033,False,8.389,1.6389,1.6148,0.2894,-0.3203
PARAGUAY,PARAGUAY,national,2017-11-05,33,27386,nb,loglinear,7,1.0,-4.225,True,,1.1154,1.6585,0.4305,0.124
PARAGUAY,PARAGUAY,national,2017-11-05,33,27386,nb,loglinear,7,0.75,1.437,False,-4.633,1.3433,1.6148,0.1983,0.13
PARAGUAY,PARAGUAY,national,2017-11-05,33,27386,poisson,briere,3,1.0,-334.299,True,,1.9039,1.5756,0.6056,-0.0398
PARAGUAY,PARAGUAY,national,2017-11-05,33,27386,poisson,briere,3,0.75,-124.791,True,-206.504,1.8877,1.5721,0.5646,-0.039
PARAGUAY,PARAGUAY,national,2017-11-05,33,27386,poisson,briere,5,1.0,-604.562,True,,2.0544,1.5756,0.6434,-0.1604
PARAGUAY,PARAGUAY,national,2017-11-05,33,27386,poisson,briere,5,0.75,-409.057,True,-179.058,1.9742,1.5721,0.4813,-0.1673
PARAGUAY,PARAGUAY,national,2017-11-05,33,27386,poisson,briere,7,1.0,-338.423,True,,1.8936,1.5756,0.5822,-0.052
PARAGUAY,PARAGUAY,national,2017-11-05,33,27386,poisson,briere,7,0.75,-125.673,True,-210.331,1.878,1.5721,0.5496,-0.0483
PARAGUAY,PARAGUAY,national,2017-11-05,33,27386,poisson,loglinear,3,1.0,-320.52,True,,1.3025,1.5756,0.2874,-0.0273
PARAGUAY,PARAGUAY,national,2017-11-05,33,27386,poisson,loglinear,3,0.75,-143.278,True,4.084,1.5106,1.5721,0.1049,-0.0396
PARAGUAY,PARAGUAY,national,2017-11-05,33,27386,poisson,loglinear,5,1.0,-488.597,True,,1.3701,1.5756,0.2889,-0.1206
PARAGUAY,PARAGUAY,national,2017-11-05,33,27386,poisson,loglinear,5,0.75,-395.436,True,130.046,1.6376,1.5721,0.0775,-0.1595
PARAGUAY,PARAGUAY,national,2017-11-05,33,27386,poisson,loglinear,7,1.0,-318.385,True,,1.305,1.5756,0.2808,-0.0293
PARAGUAY,PARAGUAY,national,2017-11-05,33,27386,poisson,loglinear,7,0.75,-139.995,True,-2.403,1.509,1.5721,0.1014,-0.0442
PARAGUAY,PARAGUAY,national,2022-10-02,45,26098,nb,briere,3,1.0,-13.777,True,,1.1404,1.2279,0.0218,0.135
PARAGUAY,PARAGUAY,national,2022-10-02,45,26098,nb,briere,3,0.75,-13.717,True,-9.934,1.1015,1.2875,0.1977,0.2138
PARAGUAY,PARAGUAY,national,2022-10-02,45,26098,nb,briere,5,1.0,-5.535,True,,1.1635,1.2279,0.0,0.1021
PARAGUAY,PARAGUAY,national,2022-10-02,45,26098,nb,briere,5,0.75,-2.872,True,-46.66,1.1814,1.2875,0.0,0.1069
PARAGUAY,PARAGUAY,national,2022-10-02,45,26098,nb,briere,7,1.0,3.883,False,,1.2339,1.2279,0.0,-0.0116
PARAGUAY,PARAGUAY,national,2022-10-02,45,26098,nb,briere,7,0.75,1.846,False,41.324,1.331,1.2875,0.0,-0.055
PARAGUAY,PARAGUAY,national,2022-10-02,45,26098,nb,loglinear,3,1.0,-13.722,True,,1.16,1.2279,-0.0045,0.1218
PARAGUAY,PARAGUAY,national,2022-10-02,45,26098,nb,loglinear,3,0.75,-13.618,True,-42.676,0.9866,1.2875,0.0807,0.2204
PARAGUAY,PARAGUAY,national,2022-10-02,45,26098,nb,loglinear,5,1.0,-10.017,True,,1.3419,1.2279,-0.0809,0.0506
PARAGUAY,PARAGUAY,national,2022-10-02,45,26098,nb,loglinear,5,0.75,-7.372,True,-46.889,1.3171,1.2875,-0.0806,0.0624
PARAGUAY,PARAGUAY,national,2022-10-02,45,26098,nb,loglinear,7,1.0,-8.15,True,,1.4156,1.2279,-0.1056,-0.0035
PARAGUAY,PARAGUAY,national,2022-10-02,45,26098,nb,loglinear,7,0.75,-5.552,True,-51.271,1.4047,1.2875,-0.0918,-0.0163
PARAGUAY,PARAGUAY,national,2022-10-02,45,26098,poisson,briere,3,1.0,-1676.053,True,,1.0755,1.209,0.1518,0.2002
PARAGUAY,PARAGUAY,national,2022-10-02,45,26098,poisson,briere,3,0.75,-1785.326,True,210.869,1.0922,1.2392,0.2232,0.221
PARAGUAY,PARAGUAY,national,2022-10-02,45,26098,poisson,briere,5,1.0,-622.844,True,,1.1533,1.209,0.0,0.084
PARAGUAY,PARAGUAY,national,2022-10-02,45,26098,poisson,briere,5,0.75,-513.691,True,-517.628,1.1376,1.2392,0.0,0.0973
PARAGUAY,PARAGUAY,national,2022-10-02,45,26098,poisson,briere,7,1.0,-16.683,True,,1.2196,1.209,0.0,-0.0144
PARAGUAY,PARAGUAY,national,2022-10-02,45,26098,poisson,briere,7,0.75,-174.998,True,838.909,1.2949,1.2392,0.0,-0.0503
PARAGUAY,PARAGUAY,national,2022-10-02,45,26098,poisson,loglinear,3,1.0,-1672.221,True,,0.9595,1.209,0.0793,0.2058
PARAGUAY,PARAGUAY,national,2022-10-02,45,26098,poisson,loglinear,3,0.75,-1786.507,True,262.993,0.9716,1.2392,0.0883,0.224
PARAGUAY,PARAGUAY,national,2022-10-02,45,26098,poisson,loglinear,5,1.0,-715.523,True,,1.3048,1.209,-0.0629,0.0392
PARAGUAY,PARAGUAY,national,2022-10-02,45,26098,poisson,loglinear,5,0.75,-626.13,True,-244.347,1.2767,1.2392,-0.0631,0.0493
PARAGUAY,PARAGUAY,national,2022-10-02,45,26098,poisson,loglinear,7,1.0,-812.836,True,,1.4603,1.209,-0.1142,-0.0358
PARAGUAY,PARAGUAY,national,2022-10-02,45,26098,poisson,loglinear,7,0.75,-845.222,True,-413.385,1.4904,1.2392,-0.1165,-0.0621
PARAGUAY,PARAGUAY,national,2023-10-15,38,322891,nb,briere,3,1.0,-1.083,True,,1.3654,1.3887,0.0459,0.0569
PARAGUAY,PARAGUAY,national,2023-10-15,38,322891,nb,briere,3,0.75,-0.916,True,-3.491,1.3434,1.4117,0.0,0.0762
PARAGUAY,PARAGUAY,national,2023-10-15,38,322891,nb,briere,5,1.0,3.962,False,,1.3895,1.3887,0.0,-0.0036
PARAGUAY,PARAGUAY,national,2023-10-15,38,322891,nb,briere,5,0.75,3.893,False,2.643,1.4163,1.4117,0.0,-0.008
PARAGUAY,PARAGUAY,national,2023-10-15,38,322891,nb,briere,7,1.0,-1.776,True,,1.4079,1.3887,0.0,-0.0495
PARAGUAY,PARAGUAY,national,2023-10-15,38,322891,nb,briere,7,0.75,-2.321,True,508.243,1.5224,1.4117,0.2475,-0.0735
PARAGUAY,PARAGUAY,national,2023-10-15,38,322891,nb,loglinear,3,1.0,0.419,False,,1.3457,1.3887,0.0248,0.0488
PARAGUAY,PARAGUAY,national,2023-10-15,38,322891,nb,loglinear,3,0.75,-2.815,True,95.622,1.3373,1.4117,-0.0503,0.0775
PARAGUAY,PARAGUAY,national,2023-10-15,38,322891,nb,loglinear,5,1.0,2.946,False,,1.4238,1.3887,-0.0261,-0.0128
PARAGUAY,PARAGUAY,national,2023-10-15,38,322891,nb,loglinear,5,0.75,2.529,False,10.327,1.4028,1.4117,-0.0463,0.0087
PARAGUAY,PARAGUAY,national,2023-10-15,38,322891,nb,loglinear,7,1.0,-2.277,True,,1.428,1.3887,-0.0161,-0.0485
PARAGUAY,PARAGUAY,national,2023-10-15,38,322891,nb,loglinear,7,0.75,-2.235,True,96.174,1.4408,1.4117,0.0347,-0.0722
PARAGUAY,PARAGUAY,national,2023-10-15,38,322891,poisson,briere,3,1.0,-2638.775,True,,1.3313,1.375,0.0527,0.0612
PARAGUAY,PARAGUAY,national,2023-10-15,38,322891,poisson,briere,3,0.75,-1565.981,True,-3330.983,1.3289,1.4061,0.0,0.0598
PARAGUAY,PARAGUAY,national,2023-10-15,38,322891,poisson,briere,5,1.0,-630.084,True,,1.3961,1.375,0.0,-0.0232
PARAGUAY,PARAGUAY,national,2023-10-15,38,322891,poisson,briere,5,0.75,-2172.915,True,6334.775,1.482,1.4061,0.0,-0.0578
PARAGUAY,PARAGUAY,national,2023-10-15,38,322891,poisson,briere,7,1.0,-7847.931,True,,1.4618,1.375,0.0,-0.0854
PARAGUAY,PARAGUAY,national,2023-10-15,38,322891,poisson,briere,7,0.75,-7522.165,True,-847.841,1.5054,1.4061,0.0,-0.0925
PARAGUAY,PARAGUAY,national,2023-10-15,38,322891,poisson,loglinear,3,1.0,-2538.68,True,,1.4116,1.375,-0.0424,0.0179
PARAGUAY,PARAGUAY,national,2023-10-15,38,322891,poisson,loglinear,3,0.75,-4873.991,True,54059.464,1.4035,1.4061,-0.1058,0.0134
PARAGUAY,PARAGUAY,national,2023-10-15,38,322891,poisson,loglinear,5,1.0,-6789.376,True,,1.6345,1.375,-0.152,-0.078
PARAGUAY,PARAGUAY,national,2023-10-15,38,322891,poisson,loglinear,5,0.75,-6622.084,True,6542.216,1.5068,1.4061,-0.105,-0.0586
PARAGUAY,PARAGUAY,national,2023-10-15,38,322891,poisson,loglinear,7,1.0,-9652.031,True,,1.5401,1.375,-0.065,-0.0837
PARAGUAY,PARAGUAY,national,2023-10-15,38,322891,poisson,loglinear,7,0.75,-8072.179,True,-4964.051,1.4958,1.4061,-0.0453,-0.0755
PERU,SAN MARTIN,admin1,2011-08-28,37,401,nb,briere,3,1.0,3.639,False,,1.1945,1.2004,0.0,0.0261
PERU,SAN MARTIN,admin1,2011-08-28,37,401,nb,briere,3,0.75,3.329,False,8.183,1.6445,1.1479,0.7585,0.0387
PERU,SAN MARTIN,admin1,2011-08-28,37,401,nb,briere,5,1.0,1.49,False,,1.2302,1.2004,0.0643,0.0556
PERU,SAN MARTIN,admin1,2011-08-28,37,401,nb,briere,5,0.75,2.313,False,-8.94,1.5452,1.1479,0.5925,0.0498
PERU,SAN MARTIN,admin1,2011-08-28,37,401,nb,briere,7,1.0,-1.244,True,,1.3803,1.2004,0.2677,0.0712
PERU,SAN MARTIN,admin1,2011-08-28,37,401,nb,briere,7,0.75,0.904,False,-22.514,1.5368,1.1479,0.4899,0.0701
PERU,SAN MARTIN,admin1,2011-08-28,37,401,nb,loglinear,3,1.0,3.591,False,,1.2094,1.2004,-0.0253,0.0194
PERU,SAN MARTIN,admin1,2011-08-28,37,401,nb,loglinear,3,0.75,3.234,False,66.578,1.1095,1.1479,0.0761,0.0405
PERU,SAN MARTIN,admin1,2011-08-28,37,401,nb,loglinear,5,1.0,1.477,False,,1.1838,1.2004,0.0135,0.0567
PERU,SAN MARTIN,admin1,2011-08-28,37,401,nb,loglinear,5,0.75,2.185,False,14.173,1.1308,1.1479,0.0696,0.052
PERU,SAN MARTIN,admin1,2011-08-28,37,401,nb,loglinear,7,1.0,-1.343,True,,1.1857,1.2004,0.0415,0.0739
PERU,SAN MARTIN,admin1,2011-08-28,37,401,nb,loglinear,7,0.75,0.757,False,-22.375,1.1881,1.1479,0.0616,0.0724
PERU,SAN MARTIN,admin1,2011-08-28,37,401,poisson,briere,3,1.0,3.994,False,,1.2094,1.2102,0.0,0.0026
PERU,SAN MARTIN,admin1,2011-08-28,37,401,poisson,briere,3,0.75,3.231,False,27.569,1.7509,1.1629,0.8654,0.0279
PERU,SAN MARTIN,admin1,2011-08-28,37,401,poisson,briere,5,1.0,1.208,False,,1.2521,1.2102,0.0902,0.0474
PERU,SAN MARTIN,admin1,2011-08-28,37,401,poisson,briere,5,0.75,1.476,False,-3.116,1.6395,1.1629,0.7057,0.0456
PERU,SAN MARTIN,admin1,2011-08-28,37,401,poisson,briere,7,1.0,-3.67,True,,1.3463,1.2102,0.216,0.0653
PERU,SAN MARTIN,admin1,2011-08-28,37,401,poisson,briere,7,0.75,-0.955,True,-29.708,1.5542,1.1629,0.5126,0.0642
PERU,SAN MARTIN,admin1,2011-08-28,37,401,poisson,loglinear,3,1.0,3.802,False,,1.2306,1.2102,-0.0392,-0.0065
PERU,SAN MARTIN,admin1,2011-08-28,37,401,poisson,loglinear,3,0.75,3.131,False,231.726,1.1174,1.1629,0.0858,0.0293
PERU,SAN MARTIN,admin1,2011-08-28,37,401,poisson,loglinear,5,1.0,1.196,False,,1.19,1.2102,0.0127,0.048
PERU,SAN MARTIN,admin1,2011-08-28,37,401,poisson,loglinear,5,0.75,1.289,False,66.618,1.1323,1.1629,0.0787,0.0478
PERU,SAN MARTIN,admin1,2011-08-28,37,401,poisson,loglinear,7,1.0,-3.787,True,,1.1902,1.2102,0.0352,0.0672
PERU,SAN MARTIN,admin1,2011-08-28,37,401,poisson,loglinear,7,0.75,-1.174,True,-29.282,1.1878,1.1629,0.0631,0.0661
PERU,JUNIN,admin1,2011-11-13,33,492,nb,briere,3,1.0,-9.068,True,,2.5093,1.2986,0.0533,0.1276
PERU,JUNIN,admin1,2011-11-13,33,492,nb,briere,3,0.75,-1.797,True,-28.083,2.4294,1.1964,0.0504,0.1535
PERU,JUNIN,admin1,2011-11-13,33,492,nb,briere,5,1.0,-5.795,True,,2.4499,1.2986,0.0468,0.1119
PERU,JUNIN,admin1,2011-11-13,33,492,nb,briere,5,0.75,1.271,False,-19.521,2.4858,1.1964,0.0456,0.1734
PERU,JUNIN,admin1,2011-11-13,33,492,nb,briere,7,1.0,-1.898,True,,2.7611,1.2986,0.0517,0.1078
PERU,JUNIN,admin1,2011-11-13,33,492,nb,briere,7,0.75,2.721,False,45.674,2.0249,1.1964,0.0455,-0.087
PERU,JUNIN,admin1,2011-11-13,33,492,nb,loglinear,3,1.0,-13.083,True,,1.3812,1.2986,-0.2305,0.085
PERU,JUNIN,admin1,2011-11-13,33,492,nb,loglinear,3,0.75,-5.485,True,-20.124,1.2986,1.1964,-0.2211,0.0592
PERU,JUNIN,admin1,2011-11-13,33,492,nb,loglinear,5,1.0,-13.899,True,,1.4682,1.2986,-0.2887,0.0744
PERU,JUNIN,admin1,2011-11-13,33,492,nb,loglinear,5,0.75,-6.09,True,-26.034,1.3531,1.1964,-0.2418,0.0852
PERU,JUNIN,admin1,2011-11-13,33,492,nb,loglinear,7,1.0,-13.665,True,,1.5309,1.2986,-0.3246,0.0714
PERU,JUNIN,admin1,2011-11-13,33,492,nb,loglinear,7,0.75,-5.804,True,-28.254,1.4179,1.1964,-0.2648,0.1067
PERU,JUNIN,admin1,2011-11-13,33,492,poisson,briere,3,1.0,-25.674,True,,2.6022,1.3291,0.0539,0.1116
PERU,JUNIN,admin1,2011-11-13,33,492,poisson,briere,3,0.75,-15.043,True,-31.594,2.3495,1.2622,0.0462,0.1325
PERU,JUNIN,admin1,2011-11-13,33,492,poisson,briere,5,1.0,-12.434,True,,2.3085,1.3291,0.0407,0.0854
PERU,JUNIN,admin1,2011-11-13,33,492,poisson,briere,5,0.75,-0.977,True,-33.263,2.4139,1.2622,0.0432,0.1067
PERU,JUNIN,admin1,2011-11-13,33,492,poisson,briere,7,1.0,-3.028,True,,2.5021,1.3291,0.0439,0.0731
PERU,JUNIN,admin1,2011-11-13,33,492,poisson,briere,7,0.75,-1.322,True,264.314,2.1028,1.2622,0.0469,-0.1228
PERU,JUNIN,admin1,2011-11-13,33,492,poisson,loglinear,3,1.0,-36.465,True,,1.3888,1.3291,-0.2243,0.0732
PERU,JUNIN,admin1,2011-11-13,33,492,poisson,loglinear,3,0.75,-24.379,True,-26.724,1.2955,1.2622,-0.1901,0.0688
PERU,JUNIN,admin1,2011-11-13,33,492,poisson,loglinear,5,1.0,-35.901,True,,1.4769,1.3291,-0.2912,0.0586
PERU,JUNIN,admin1,2011-11-13,33,492,poisson,loglinear,5,0.75,-23.909,True,-23.564,1.3531,1.2622,-0.2395,0.0684
PERU,JUNIN,admin1,2011-11-13,33,492,poisson,loglinear,7,1.0,-33.582,True,,1.5227,1.3291,-0.3157,0.0559
PERU,JUNIN,admin1,2011-11-13,33,492,poisson,loglinear,7,0.75,-21.112,True,-8.232,1.3774,1.2622,-0.2584,0.056
PERU,CAJAMARCA,admin1,2011-12-11,33,3675,nb,briere,3,1.0,3.91,False,,1.4532,1.4676,0.0,0.0106
PERU,CAJAMARCA,admin1,2011-12-11,33,3675,nb,briere,3,0.75,3.837,False,0.144,1.4555,1.4738,0.0,0.0146
PERU,CAJAMARCA,admin1,2011-12-11,33,3675,nb,briere,5,1.0,-0.139,True,,1.5348,1.4676,0.0,-0.0562
PERU,CAJAMARCA,admin1,2011-12-11,33,3675,nb,briere,5,0.75,-0.497,True,2.636,1.5259,1.4738,0.0,-0.0674
PERU,CAJAMARCA,admin1,2011-12-11,33,3675,nb,briere,7,1.0,-2.681,True,,1.5096,1.4676,0.0,-0.0603
PERU,CAJAMARCA,admin1,2011-12-11,33,3675,nb,briere,7,0.75,-7.518,True,37.425,1.4565,1.4738,0.0,-0.1237
PERU,CAJAMARCA,admin1,2011-12-11,33,3675,nb,loglinear,3,1.0,-1.49,True,,1.3964,1.4676,-0.1163,0.0086
PERU,CAJAMARCA,admin1,2011-12-11,33,3675,nb,loglinear,3,0.75,-2.671,True,13.891,1.3372,1.4738,-0.1702,-0.0079
PERU,CAJAMARCA,admin1,2011-12-11,33,3675,nb,loglinear,5,1.0,-3.158,True,,1.467,1.4676,-0.0907,-0.04
PERU,CAJAMARCA,admin1,2011-12-11,33,3675,nb,loglinear,5,0.75,-6.495,True,30.775,1.3763,1.4738,-0.1611,-0.0711
PERU,CAJAMARCA,admin1,2011-12-11,33,3675,nb,loglinear,7,1.0,-4.596,True,,1.4602,1.4676,-0.0746,-0.0468
PERU,CAJAMARCA,admin1,2011-12-11,33,3675,nb,loglinear,7,0.75,-14.52,True,101.066,1.2747,1.4738,-0.1733,-0.1498
PERU,CAJAMARCA,admin1,2011-12-11,33,3675,poisson,briere,3,1.0,-2.602,True,,1.4244,1.4671,0.0,0.0251
PERU,CAJAMARCA,admin1,2011-12-11,33,3675,poisson,briere,3,0.75,-2.145,True,-1.088,1.4407,1.4841,0.0,0.0245
PERU,CAJAMARCA,admin1,2011-12-11,33,3675,poisson,briere,5,1.0,-135.838,True,,1.6182,1.4671,0.0,-0.0947
PERU,CAJAMARCA,admin1,2011-12-11,33,3675,poisson,briere,5,0.75,-129.188,True,-12.464,1.6179,1.4841,0.0,-0.0952
PERU,CAJAMARCA,admin1,2011-12-11,33,3675,poisson,briere,7,1.0,-280.043,True,,1.6736,1.4671,0.0077,-0.1279
PERU,CAJAMARCA,admin1,2011-12-11,33,3675,poisson,briere,7,0.75,-336.027,True,230.707,1.5199,1.4841,0.0,-0.1627
PERU,CAJAMARCA,admin1,2011-12-11,33,3675,poisson,loglinear,3,1.0,-60.706,True,,1.3186,1.4671,-0.1304,0.0365
PERU,CAJAMARCA,admin1,2011-12-11,33,3675,poisson,loglinear,3,0.75,-53.985,True,-9.963,1.3017,1.4841,-0.1363,0.0368
PERU,CAJAMARCA,admin1,2011-12-11,33,3675,poisson,loglinear,5,1.0,-136.399,True,,1.6015,1.4671,-0.0139,-0.0908
PERU,CAJAMARCA,admin1,2011-12-11,33,3675,poisson,loglinear,5,0.75,-129.453,True,-12.254,1.6012,1.4841,-0.0117,-0.0924
PERU,CAJAMARCA,admin1,2011-12-11,33,3675,poisson,loglinear,7,1.0,-278.801,True,,1.5864,1.4671,0.0202,-0.1225
PERU,CAJAMARCA,admin1,2011-12-11,33,3675,poisson,loglinear,7,0.75,-337.763,True,298.358,1.4876,1.4841,-0.0269,-0.1605
PERU,MADRE DE DIOS,admin1,2012-01-08,35,1371,nb,briere,3,1.0,1.182,False,,1.1227,1.2646,0.2291,0.1851
PERU,MADRE DE DIOS,admin1,2012-01-08,35,1371,nb,briere,3,0.75,1.042,False,-5.503,1.1646,1.1575,0.2083,0.0854
PERU,MADRE DE DIOS,admin1,2012-01-08,35,1371,nb,briere,5,1.0,3.055,False,,1.0244,1.2646,0.0701,0.1866
PERU,MADRE DE DIOS,admin1,2012-01-08,35,1371,nb,briere,5,0.75,1.687,False,-7.835,1.5289,1.1575,0.7053,0.0405
PERU,MADRE DE DIOS,admin1,2012-01-08,35,1371,nb,briere,7,1.0,0.59,False,,1.5563,1.2646,0.0,-0.2093
PERU,MADRE DE DIOS,admin1,2012-01-08,35,1371,nb,briere,7,0.75,1.802,False,-6.467,2.0595,1.1575,1.2471,-0.0024
PERU,MADRE DE DIOS,admin1,2012-01-08,35,1371,nb,loglinear,3,1.0,-0.57,True,,1.4389,1.2646,-0.1351,-0.0985
PERU,MADRE DE DIOS,admin1,2012-01-08,35,1371,nb,loglinear,3,0.75,1.058,False,1.062,1.0428,1.1575,0.0116,0.0909
PERU,MADRE DE DIOS,admin1,2012-01-08,35,1371,nb,loglinear,5,1.0,-1.089,True,,1.4718,1.2646,-0.0959,-0.1399
PERU,MADRE DE DIOS,admin1,2012-01-08,35,1371,nb,loglinear,5,0.75,1.765,False,14.737,1.0553,1.1575,0.0525,0.0488
PERU,MADRE DE DIOS,admin1,2012-01-08,35,1371,nb,loglinear,7,1.0,-1.223,True,,1.5027,1.2646,-0.1119,-0.1309
PERU,MADRE DE DIOS,admin1,2012-01-08,35,1371,nb,loglinear,7,0.75,1.919,False,35.741,1.0742,1.1575,0.1084,-0.0004
PERU,MADRE DE DIOS,admin1,2012-01-08,35,1371,poisson,briere,3,1.0,16.358,False,,1.562,1.2946,0.7824,0.1374
PERU,MADRE DE DIOS,admin1,2012-01-08,35,1371,poisson,briere,3,0.75,-23.389,True,121.075,3.6984,1.2315,2.3186,-0.0308
PERU,MADRE DE DIOS,admin1,2012-01-08,35,1371,poisson,briere,5,1.0,-1.986,True,,1.2351,1.2946,0.3663,0.1759
PERU,MADRE DE DIOS,admin1,2012-01-08,35,1371,poisson,briere,5,0.75,-24.227,True,30.5,2.097,1.2315,1.279,0.0495
PERU,MADRE DE DIOS,admin1,2012-01-08,35,1371,poisson,briere,7,1.0,-8.539,True,,1.2281,1.2946,0.3959,0.1632
PERU,MADRE DE DIOS,admin1,2012-01-08,35,1371,poisson,briere,7,0.75,-25.353,True,14.857,2.2112,1.2315,1.3922,0.0456
PERU,MADRE DE DIOS,admin1,2012-01-08,35,1371,poisson,loglinear,3,1.0,-9.324,True,,1.4102,1.2946,-0.0163,-0.1025
PERU,MADRE DE DIOS,admin1,2012-01-08,35,1371,poisson,loglinear,3,0.75,-22.326,True,790.366,1.1042,1.2315,0.2039,-0.0283
PERU,MADRE DE DIOS,admin1,2012-01-08,35,1371,poisson,loglinear,5,1.0,-0.115,True,,1.0088,1.2946,0.0298,0.1913
PERU,MADRE DE DIOS,admin1,2012-01-08,35,1371,poisson,loglinear,5,0.75,-23.335,True,293.903,1.0754,1.2315,0.1102,0.0527
PERU,MADRE DE DIOS,admin1,2012-01-08,35,1371,poisson,loglinear,7,1.0,-6.991,True,,0.987,1.2946,0.0429,0.1729
PERU,MADRE DE DIOS,admin1,2012-01-08,35,1371,poisson,loglinear,7,0.75,-24.464,True,275.026,1.0697,1.2315,0.1228,0.0468
PERU,AMAZONAS,admin1,2012-02-12,30,466,nb,briere,3,1.0,-3.385,True,,1.6753,1.1857,0.0,-0.3919
PERU,AMAZONAS,admin1,2012-02-12,30,466,nb,briere,3,0.75,-0.771,True,68.157,7.41,1.0065,0.8713,-0.2095
PERU,AMAZONAS,admin1,2012-02-12,30,466,nb,briere,5,1.0,-5.305,True,,1.811,1.1857,0.0175,-0.4051
PERU,AMAZONAS,admin1,2012-02-12,30,466,nb,briere,5,0.75,-4.5,True,147.957,48.7869,1.0065,1.6824,-0.3198
PERU,AMAZONAS,admin1,2012-02-12,30,466,nb,briere,7,1.0,2.94,False,,1.8346,1.1857,0.0283,-0.3513
PERU,AMAZONAS,admin1,2012-02-12,30,466,nb,briere,7,0.75,-5.134,True,220.589,371.0929,1.0065,2.5631,-0.4754
PERU,AMAZONAS,admin1,2012-02-12,30,466,nb,loglinear,3,1.0,-4.304,True,,1.605,1.1857,-0.0823,-0.3471
PERU,AMAZONAS,admin1,2012-02-12,30,466,nb,loglinear,3,0.75,-0.171,True,25.831,1.0175,1.0065,0.1713,-0.2032
PERU,AMAZONAS,admin1,2012-02-12,30,466,nb,loglinear,5,1.0,-5.325,True,,1.7272,1.1857,-0.0139,-0.3961
PERU,AMAZONAS,admin1,2012-02-12,30,466,nb,loglinear,5,0.75,-3.806,True,60.581,1.05,1.0065,0.3654,-0.3253
PERU,AMAZONAS,admin1,2012-02-12,30,466,nb,loglinear,7,1.0,3.36,False,,0.9041,1.1857,-0.0479,0.1242
PERU,AMAZONAS,admin1,2012-02-12,30,466,nb,loglinear,7,0.75,-4.347,True,145.9,1.0737,1.0065,0.5719,-0.5005
PERU,AMAZONAS,admin1,2012-02-12,30,466,poisson,briere,3,1.0,-35.78,True,,1.6927,1.1935,0.0,-0.4505
PERU,AMAZONAS,admin1,2012-02-12,30,466,poisson,briere,3,0.75,-19.135,True,2414.278,6.8722,1.025,0.8378,-0.1874
PERU,AMAZONAS,admin1,2012-02-12,30,466,poisson,briere,5,1.0,-49.865,True,,1.6983,1.1935,0.0,-0.3931
PERU,AMAZONAS,admin1,2012-02-12,30,466,poisson,briere,5,0.75,-47.544,True,101616.836,51.2064,1.025,1.703,-0.3211
PERU,AMAZONAS,admin1,2012-02-12,30,466,poisson,briere,7,1.0,-37.552,True,,1.7669,1.1935,0.0149,-0.3689
PERU,AMAZONAS,admin1,2012-02-12,30,466,poisson,briere,7,0.75,-59.01,True,889866.472,277.9403,1.025,2.4315,-0.449
PERU,AMAZONAS,admin1,2012-02-12,30,466,poisson,loglinear,3,1.0,-47.918,True,,1.6095,1.1935,-0.1475,-0.3716
PERU,AMAZONAS,admin1,2012-02-12,30,466,poisson,loglinear,3,0.75,-14.228,True,339.092,1.0171,1.025,0.1619,-0.1736
PERU,AMAZONAS,admin1,2012-02-12,30,466,poisson,loglinear,5,1.0,-51.621,True,,1.6618,1.1935,-0.0563,-0.364
PERU,AMAZONAS,admin1,2012-02-12,30,466,poisson,loglinear,5,0.75,-41.366,True,4587.466,1.0501,1.025,0.3675,-0.322
PERU,AMAZONAS,admin1,2012-02-12,30,466,poisson,loglinear,7,1.0,-37.932,True,,1.6816,1.1935,-0.0286,-0.3478
PERU,AMAZONAS,admin1,2012-02-12,30,466,poisson,loglinear,7,0.75,-52.745,True,58687.214,1.0907,1.025,0.5276,-0.4588
PERU,PIURA,admin1,2012-02-26,34,1242,nb,briere,3,1.0,-2.875,True,,2.4332,1.3246,2.0839,-0.2239
PERU,PIURA,admin1,2012-02-26,34,1242,nb,briere,3,0.75,-0.934,True,9.972,2.0127,1.3672,1.1359,-0.2081
PERU,PIURA,admin1,2012-02-26,34,1242,nb,briere,5,1.0,0.911,False,,2.2635,1.3246,1.6868,-0.1492
PERU,PIURA,admin1,2012-02-26,34,1242,nb,briere,5,0.75,1.736,False,32.142,1.4766,1.3672,0.0,-0.0848
PERU,PIURA,admin1,2012-02-26,34,1242,nb,briere,7,1.0,0.444,False,,1.0061,1.3246,0.0,0.2031
PERU,PIURA,admin1,2012-02-26,34,1242,nb,briere,7,0.75,2.086,False,-2.736,1.0255,1.3672,0.0,0.181
PERU,PIURA,admin1,2012-02-26,34,1242,nb,loglinear,3,1.0,-2.457,True,,1.0661,1.3246,0.3439,-0.2699
PERU,PIURA,admin1,2012-02-26,34,1242,nb,loglinear,3,0.75,-0.76,True,61.502,1.3634,1.3672,0.1586,-0.2156
PERU,PIURA,admin1,2012-02-26,34,1242,nb,loglinear,5,1.0,2.257,False,,1.2152,1.3246,0.207,-0.1382
PERU,PIURA,admin1,2012-02-26,34,1242,nb,loglinear,5,0.75,1.237,False,23.826,1.5092,1.3672,-0.1655,0.0199
PERU,PIURA,admin1,2012-02-26,34,1242,nb,loglinear,7,1.0,-3.347,True,,1.2699,1.3246,-0.3574,0.3485
PERU,PIURA,admin1,2012-02-26,34,1242,nb,loglinear,7,0.75,-12.54,True,40.47,1.2575,1.3672,-1.0465,0.6842
PERU,PIURA,admin1,2012-02-26,34,1242,poisson,briere,3,1.0,-16.398,True,,1.8805,1.3732,1.2049,-0.0286
PERU,PIURA,admin1,2012-02-26,34,1242,poisson,briere,3,0.75,3.846,False,-4.536,1.4219,1.4252,0.0,0.0103
PERU,PIURA,admin1,2012-02-26,34,1242,poisson,briere,5,1.0,-16.412,True,,1.6518,1.3732,0.7704,0.03
PERU,PIURA,admin1,2012-02-26,34,1242,poisson,briere,5,0.75,1.827,False,-20.363,1.3914,1.4252,0.0,0.0371
PERU,PIURA,admin1,2012-02-26,34,1242,poisson,briere,7,1.0,-31.578,True,,1.1788,1.3732,0.0,0.1544
PERU,PIURA,admin1,2012-02-26,34,1242,poisson,briere,7,0.75,-8.214,True,-47.551,1.1981,1.4252,0.0,0.1424
PERU,PIURA,admin1,2012-02-26,34,1242,poisson,loglinear,3,1.0,-16.652,True,,1.1558,1.3732,0.2109,-0.0611
PERU,PIURA,admin1,2012-02-26,34,1242,poisson,loglinear,3,0.75,3.833,False,-3.02,1.4148,1.4252,0.0103,0.0045
PERU,PIURA,admin1,2012-02-26,34,1242,poisson,loglinear,5,1.0,-14.964,True,,1.2466,1.3732,0.1003,0.0289
PERU,PIURA,admin1,2012-02-26,34,1242,poisson,loglinear,5,0.75,-4.217,True,-11.1,1.4816,1.4252,-0.2564,0.1775
PERU,PIURA,admin1,2012-02-26,34,1242,poisson,loglinear,7,1.0,-39.92,True,,1.2983,1.3732,-0.2716,0.3021
PERU,PIURA,admin1,2012-02-26,34,1242,poisson,loglinear,7,0.75,-52.47,True,266.823,1.2675,1.4252,-0.8479,0.5848
PERU,LORETO,admin1,2012-09-09,47,3942,nb,briere,3,1.0,3.541,False,,1.1507,1.1327,0.0,0.0231
PERU,LORETO,admin1,2012-09-09,47,3942,nb,briere,3,0.75,-5.441,True,944.387,9.5075,1.1589,5.3882,0.1893
PERU,LORETO,admin1,2012-09-09,47,3942,nb,briere,5,1.0,2.89,False,,1.1715,1.1327,0.0,0.0398
PERU,LORETO,admin1,2012-09-09,47,3942,nb,briere,5,0.75,-9.936,True,1671.443,13.2058,1.1589,5.8679,0.3493
PERU,LORETO,admin1,2012-09-09,47,3942,nb,briere,7,1.0,3.492,False,,1.1711,1.1327,0.0,0.0324
PERU,LORETO,admin1,2012-09-09,47,3942,nb,briere,7,0.75,-0.433,True,222.645,5.7802,1.1589,4.0504,0.1584
PERU,LORETO,admin1,2012-09-09,47,3942,nb,loglinear,3,1.0,3.541,False,,1.1496,1.1327,0.0008,0.0229
PERU,LORETO,admin1,2012-09-09,47,3942,nb,loglinear,3,0.75,-5.452,True,1160.763,1.3246,1.1589,0.1887,0.1893
PERU,LORETO,admin1,2012-09-09,47,3942,nb,loglinear,5,1.0,2.883,False,,1.18,1.1327,-0.0062,0.041
PERU,LORETO,admin1,2012-09-09,47,3942,nb,loglinear,5,0.75,-9.912,True,1557.609,1.5443,1.1589,0.2046,0.3493
PERU,LORETO,admin1,2012-09-09,47,3942,nb,loglinear,7,1.0,3.489,False,,1.1652,1.1327,0.0039,0.0313
PERU,LORETO,admin1,2012-09-09,47,3942,nb,loglinear,7,0.75,-0.442,True,298.089,1.3135,1.1589,0.1419,0.1583
PERU,LORETO,admin1,2012-09-09,47,3942,poisson,briere,3,1.0,-16.004,True,,1.1535,1.1248,0.0,0.0307
PERU,LORETO,admin1,2012-09-09,47,3942,poisson,briere,3,0.75,-213.607,True,2918.39,6.3578,1.1448,4.1399,0.2158
PERU,LORETO,admin1,2012-09-09,47,3942,poisson,briere,5,1.0,-32.985,True,,1.1799,1.1248,0.0,0.0489
PERU,LORETO,admin1,2012-09-09,47,3942,poisson,briere,5,0.75,-322.277,True,4364.824,13.0697,1.1448,5.713,0.3956
PERU,LORETO,admin1,2012-09-09,47,3942,poisson,briere,7,1.0,-14.933,True,,1.1838,1.1248,0.0,0.0449
PERU,LORETO,admin1,2012-09-09,47,3942,poisson,briere,7,0.75,-54.242,True,534.865,4.0081,1.1448,3.1414,0.1313
PERU,LORETO,admin1,2012-09-09,47,3942,poisson,loglinear,3,1.0,-16.955,True,,1.1773,1.1248,-0.0178,0.0336
PERU,LORETO,admin1,2012-09-09,47,3942,poisson,loglinear,3,0.75,-213.864,True,3190.497,1.3975,1.1448,0.1457,0.2157
PERU,LORETO,admin1,2012-09-09,47,3942,poisson,loglinear,5,1.0,-34.017,True,,1.2038,1.1248,-0.0183,0.0509
PERU,LORETO,admin1,2012-09-09,47,3942,poisson,loglinear,5,0.75,-322.109,True,4096.802,1.6169,1.1448,0.2003,0.3958
PERU,LORETO,admin1,2012-09-09,47,3942,poisson,loglinear,7,1.0,-15.005,True,,1.1908,1.1248,-0.0049,0.0457
PERU,LORETO,admin1,2012-09-09,47,3942,poisson,loglinear,7,0.75,-54.89,True,694.243,1.27,1.1448,0.1113,0.1316
PERU,MADRE DE DIOS,admin1,2012-09-09,45,2747,nb,briere,3,1.0,3.988,False,,1.1843,1.1879,0.0,0.0045
PERU,MADRE DE DIOS,admin1,2012-09-09,45,2747,nb,briere,3,0.75,0.454,False,173.081,1.1897,1.212,0.0,0.1967
PERU,MADRE DE DIOS,admin1,2012-09-09,45,2747,nb,briere,5,1.0,3.954,False,,1.1922,1.1879,0.0,-0.0095
PERU,MADRE DE DIOS,admin1,2012-09-09,45,2747,nb,briere,5,0.75,2.421,False,56.073,1.2228,1.212,0.0,0.1322
PERU,MADRE DE DIOS,admin1,2012-09-09,45,2747,nb,briere,7,1.0,-1.018,True,,1.4683,1.1879,0.5758,-0.1163
PERU,MADRE DE DIOS,admin1,2012-09-09,45,2747,nb,briere,7,0.75,0.419,False,0.56,1.312,1.212,0.3793,-0.1577
PERU,MADRE DE DIOS,admin1,2012-09-09,45,2747,nb,loglinear,3,1.0,3.901,False,,1.2091,1.1879,-0.0293,0.0095
PERU,MADRE DE DIOS,admin1,2012-09-09,45,2747,nb,loglinear,3,0.75,0.026,False,128.87,1.2261,1.212,-0.0917,0.2245
PERU,MADRE DE DIOS,admin1,2012-09-09,45,2747,nb,loglinear,5,1.0,3.93,False,,1.2063,1.1879,-0.0156,-0.0066
PERU,MADRE DE DIOS,admin1,2012-09-09,45,2747,nb,loglinear,5,0.75,2.144,False,38.572,1.2595,1.212,-0.0809,0.1609
PERU,MADRE DE DIOS,admin1,2012-09-09,45,2747,nb,loglinear,7,1.0,-1.31,True,,1.103,1.1879,0.0872,-0.1238
PERU,MADRE DE DIOS,admin1,2012-09-09,45,2747,nb,loglinear,7,0.75,0.255,False,6.305,1.1048,1.212,0.0663,-0.161
PERU,MADRE DE DIOS,admin1,2012-09-09,45,2747,poisson,briere,3,1.0,-47.481,True,,1.1258,1.1572,0.0,0.0737
PERU,MADRE DE DIOS,admin1,2012-09-09,45,2747,poisson,briere,3,0.75,-130.606,True,546.224,1.1592,1.1487,0.0,0.2449
PERU,MADRE DE DIOS,admin1,2012-09-09,45,2747,poisson,briere,5,1.0,-52.556,True,,1.1513,1.1572,0.0,0.0875
PERU,MADRE DE DIOS,admin1,2012-09-09,45,2747,poisson,briere,5,0.75,-137.905,True,387.884,1.2173,1.1487,0.0,0.2481
PERU,MADRE DE DIOS,admin1,2012-09-09,45,2747,poisson,briere,7,1.0,-22.983,True,,1.4889,1.1572,0.7494,-0.064
PERU,MADRE DE DIOS,admin1,2012-09-09,45,2747,poisson,briere,7,0.75,-20.514,True,4.086,1.409,1.1487,0.6462,-0.0807
PERU,MADRE DE DIOS,admin1,2012-09-09,45,2747,poisson,loglinear,3,1.0,-49.193,True,,1.1529,1.1572,-0.0288,0.0803
PERU,MADRE DE DIOS,admin1,2012-09-09,45,2747,poisson,loglinear,3,0.75,-131.673,True,478.667,1.1755,1.1487,-0.0322,0.2519
PERU,MADRE DE DIOS,admin1,2012-09-09,45,2747,poisson,loglinear,5,1.0,-53.121,True,,1.1677,1.1572,-0.0162,0.091
PERU,MADRE DE DIOS,admin1,2012-09-09,45,2747,poisson,loglinear,5,0.75,-139.021,True,327.985,1.2364,1.1487,-0.0347,0.2555
PERU,MADRE DE DIOS,admin1,2012-09-09,45,2747,poisson,loglinear,7,1.0,-29.353,True,,1.0344,1.1572,0.1013,-0.0694
PERU,MADRE DE DIOS,admin1,2012-09-09,45,2747,poisson,loglinear,7,0.75,-25.359,True,240.227,1.0562,1.1487,0.0996,-0.0806
PERU,AMAZONAS,admin1,2012-09-23,48,700,nb,briere,3,1.0,0.835,False,,2.5102,1.1834,0.4737,0.0423
PERU,AMAZONAS,admin1,2012-09-23,48,700,nb,briere,3,0.75,-1.515,True,222.936,14.59,1.1627,1.5093,0.164
PERU,AMAZONAS,admin1,2012-09-23,48,700,nb,briere,5,1.0,0.436,False,,2.3252,1.1834,0.4293,0.059
PERU,AMAZONAS,admin1,2012-09-23,48,700,nb,briere,5,0.75,-4.05,True,371.9,19.9927,1.1627,1.704,0.3485
PERU,AMAZONAS,admin1,2012-09-23,48,700,nb,briere,7,1.0,0.797,False,,2.3777,1.1834,0.4261,0.0349
PERU,AMAZONAS,admin1,2012-09-23,48,700,nb,briere,7,0.75,0.212,False,82.084,9.4736,1.1627,1.198,-0.001
PERU,AMAZONAS,admin1,2012-09-23,48,700,nb,loglinear,3,1.0,0.371,False,,0.9885,1.1834,0.1552,0.052
PERU,AMAZONAS,admin1,2012-09-23,48,700,nb,loglinear,3,0.75,-1.437,True,1.387,0.944,1.1627,0.2667,0.1652
PERU,AMAZONAS,admin1,2012-09-23,48,700,nb,loglinear,5,1.0,-0.073,True,,0.9986,1.1834,0.145,0.0673
PERU,AMAZONAS,admin1,2012-09-23,48,700,nb,loglinear,5,0.75,-4.205,True,232.619,0.8944,1.1627,0.3117,0.3687
PERU,AMAZONAS,admin1,2012-09-23,48,700,nb,loglinear,7,1.0,0.388,False,,1.0352,1.1834,0.1405,0.039
PERU,AMAZONAS,admin1,2012-09-23,48,700,nb,loglinear,7,0.75,0.314,False,-6.122,1.0797,1.1627,0.2103,-0.0015
PERU,AMAZONAS,admin1,2012-09-23,48,700,poisson,briere,3,1.0,-8.947,True,,2.0778,1.1506,0.3581,0.002
PERU,AMAZONAS,admin1,2012-09-23,48,700,poisson,briere,3,0.75,-24.078,True,429.907,7.8468,1.1373,1.1586,0.1512
PERU,AMAZONAS,admin1,2012-09-23,48,700,poisson,briere,5,1.0,-9.322,True,,1.9583,1.1506,0.3288,0.0145
PERU,AMAZONAS,admin1,2012-09-23,48,700,poisson,briere,5,0.75,-40.107,True,669.676,14.3384,1.1373,1.5073,0.3132
PERU,AMAZONAS,admin1,2012-09-23,48,700,poisson,briere,7,1.0,-9.28,True,,1.9526,1.1506,0.3242,0.0134
PERU,AMAZONAS,admin1,2012-09-23,48,700,poisson,briere,7,0.75,-14.022,True,105.41,4.4858,1.1373,0.7833,-0.0285
PERU,AMAZONAS,admin1,2012-09-23,48,700,poisson,loglinear,3,1.0,-10.228,True,,1.0348,1.1506,0.1084,0.0091
PERU,AMAZONAS,admin1,2012-09-23,48,700,poisson,loglinear,3,0.75,-23.325,True,42.101,0.9597,1.1373,0.203,0.1503
PERU,AMAZONAS,admin1,2012-09-23,48,700,poisson,loglinear,5,1.0,-10.894,True,,1.0333,1.1506,0.1014,0.0203
PERU,AMAZONAS,admin1,2012-09-23,48,700,poisson,loglinear,5,0.75,-40.635,True,478.794,0.9221,1.1373,0.2735,0.3273
PERU,AMAZONAS,admin1,2012-09-23,48,700,poisson,loglinear,7,1.0,-10.774,True,,1.0422,1.1506,0.0996,0.0182
PERU,AMAZONAS,admin1,2012-09-23,48,700,poisson,loglinear,7,0.75,-13.321,True,-32.795,1.0841,1.1373,0.1361,-0.0285
PERU,ANCASH,admin1,2012-12-30,30,618,nb,briere,3,1.0,-11.634,True,,1.7187,1.4089,0.7414,0.2575
PERU,ANCASH,admin1,2012-12-30,30,618,nb,briere,3,0.75,2.231,False,-39.199,1.4018,1.1483,0.414,0.1538
PERU,ANCASH,admin1,2012-12-30,30,618,nb,briere,5,1.0,-10.905,True,,1.3298,1.4089,0.0,0.2383
PERU,ANCASH,admin1,2012-12-30,30,618,nb,briere,5,0.75,3.618,False,-25.97,1.4487,1.1483,0.377,0.0607
PERU,ANCASH,admin1,2012-12-30,30,618,nb,briere,7,1.0,-11.448,True,,1.4577,1.4089,0.0,0.2834
PERU,ANCASH,admin1,2012-12-30,30,618,nb,briere,7,0.75,0.671,False,-23.528,1.5148,1.1483,0.0,0.4606
PERU,ANCASH,admin1,2012-12-30,30,618,nb,loglinear,3,1.0,-11.969,True,,1.9617,1.4089,-0.4165,0.0297
PERU,ANCASH,admin1,2012-12-30,30,618,nb,loglinear,3,0.75,2.252,False,-33.51,1.3592,1.1483,-0.1321,0.1146
PERU,ANCASH,admin1,2012-12-30,30,618,nb,loglinear,5,1.0,-12.31,True,,1.7802,1.4089,-0.3009,0.0967
PERU,ANCASH,admin1,2012-12-30,30,618,nb,loglinear,5,0.75,2.507,False,-34.116,1.5458,1.1483,-0.228,0.0669
PERU,ANCASH,admin1,2012-12-30,30,618,nb,loglinear,7,1.0,-13.168,True,,1.7706,1.4089,-0.248,0.1397
PERU,ANCASH,admin1,2012-12-30,30,618,nb,loglinear,7,0.75,0.226,False,-40.774,1.5726,1.1483,-0.1061,0.3401
PERU,ANCASH,admin1,2012-12-30,30,618,poisson,briere,3,1.0,-51.831,True,,1.9131,1.4421,0.7634,0.1645
PERU,ANCASH,admin1,2012-12-30,30,618,poisson,briere,3,0.75,-5.159,True,-98.385,1.2678,1.3051,0.0,0.0797
PERU,ANCASH,admin1,2012-12-30,30,618,poisson,briere,5,1.0,-38.242,True,,1.3898,1.4421,0.0,0.1405
PERU,ANCASH,admin1,2012-12-30,30,618,poisson,briere,5,0.75,3.763,False,173.557,1.472,1.3051,0.2996,-0.0522
PERU,ANCASH,admin1,2012-12-30,30,618,poisson,briere,7,1.0,-72.302,True,,1.5127,1.4421,0.0,0.2805
PERU,ANCASH,admin1,2012-12-30,30,618,poisson,briere,7,0.75,-15.67,True,-151.144,1.5448,1.3051,0.0,0.3583
PERU,ANCASH,admin1,2012-12-30,30,618,poisson,loglinear,3,1.0,-74.878,True,,2.1111,1.4421,-0.4014,-0.0734
PERU,ANCASH,admin1,2012-12-30,30,618,poisson,loglinear,3,0.75,-15.342,True,-48.109,1.6961,1.3051,-0.2643,-0.056
PERU,ANCASH,admin1,2012-12-30,30,618,poisson,loglinear,5,1.0,-72.718,True,,2.0929,1.4421,-0.4289,-0.0747
PERU,ANCASH,admin1,2012-12-30,30,618,poisson,loglinear,5,0.75,-19.802,True,60.123,1.6696,1.3051,-0.2829,-0.0967
PERU,ANCASH,admin1,2012-12-30,30,618,poisson,loglinear,7,1.0,-88.51,True,,1.7337,1.4421,-0.1859,0.163
PERU,ANCASH,admin1,2012-12-30,30,618,poisson,loglinear,7,0.75,-29.141,True,-163.416,1.6065,1.3051,-0.1284,0.2213
PERU,TUMBES,admin1,2012-12-30,37,476,nb,briere,3,1.0,-3.68,True,,3.9557,1.454,2.0896,-0.1716
PERU,TUMBES,admin1,2012-12-30,37,476,nb,briere,3,0.75,-2.352,True,-2.902,3.8334,1.4305,2.0047,-0.1709
PERU,TUMBES,admin1,2012-12-30,37,476,nb,briere,5,1.0,-2.582,True,,1.6584,1.454,0.0,-0.111
PERU,TUMBES,admin1,2012-12-30,37,476,nb,briere,5,0.75,-1.704,True,-2.063,1.6309,1.4305,0.0,-0.1039
PERU,TUMBES,admin1,2012-12-30,37,476,nb,briere,7,1.0,2.283,False,,1.5254,1.454,0.0,-0.0407
PERU,TUMBES,admin1,2012-12-30,37,476,nb,briere,7,0.75,1.212,False,3.284,1.5086,1.4305,0.0,-0.0541
PERU,TUMBES,admin1,2012-12-30,37,476,nb,loglinear,3,1.0,-4.266,True,,1.4216,1.454,0.2592,-0.1915
PERU,TUMBES,admin1,2012-12-30,37,476,nb,loglinear,3,0.75,-2.91,True,5.534,1.5796,1.4305,0.1953,-0.1865
PERU,TUMBES,admin1,2012-12-30,37,476,nb,loglinear,5,1.0,-2.769,True,,1.6905,1.454,-0.0359,-0.1051
PERU,TUMBES,admin1,2012-12-30,37,476,nb,loglinear,5,0.75,-1.842,True,-1.7,1.6624,1.4305,-0.0355,-0.1026
PERU,TUMBES,admin1,2012-12-30,37,476,nb,loglinear,7,1.0,-0.817,True,,1.7607,1.454,-0.1502,-0.068
PERU,TUMBES,admin1,2012-12-30,37,476,nb,loglinear,7,0.75,-0.758,True,4.104,1.6975,1.4305,-0.1532,-0.078
PERU,TUMBES,admin1,2012-12-30,37,476,poisson,briere,3,1.0,-6.618,True,,3.1763,1.4397,1.623,-0.1412
PERU,TUMBES,admin1,2012-12-30,37,476,poisson,briere,3,0.75,-3.507,True,-5.94,2.9771,1.4143,1.477,-0.1353
PERU,TUMBES,admin1,2012-12-30,37,476,poisson,briere,5,1.0,-3.548,True,,1.6134,1.4397,0.0,-0.0875
PERU,TUMBES,admin1,2012-12-30,37,476,poisson,briere,5,0.75,-1.368,True,-4.066,1.5722,1.4143,0.0,-0.0753
PERU,TUMBES,admin1,2012-12-30,37,476,poisson,briere,7,1.0,2.859,False,,1.4862,1.4397,0.0,-0.0242
PERU,TUMBES,admin1,2012-12-30,37,476,poisson,briere,7,0.75,2.068,False,1.923,1.4674,1.4143,0.0,-0.0313
PERU,TUMBES,admin1,2012-12-30,37,476,poisson,loglinear,3,1.0,-7.24,True,,1.4325,1.4397,0.206,-0.1584
PERU,TUMBES,admin1,2012-12-30,37,476,poisson,loglinear,3,0.75,-4.152,True,-0.965,1.5503,1.4143,0.1505,-0.15
PERU,TUMBES,admin1,2012-12-30,37,476,poisson,loglinear,5,1.0,-4.483,True,,1.6746,1.4397,-0.0672,-0.0771
PERU,TUMBES,admin1,2012-12-30,37,476,poisson,loglinear,5,0.75,-1.88,True,-2.819,1.6155,1.4143,-0.0515,-0.0733
PERU,TUMBES,admin1,2012-12-30,37,476,poisson,loglinear,7,1.0,-3.028,True,,1.745,1.4397,-0.1656,-0.0514
PERU,TUMBES,admin1,2012-12-30,37,476,poisson,loglinear,7,0.75,-1.152,True,5.839,1.6518,1.4143,-0.1482,-0.0561
PERU,SAN MARTIN,admin1,2013-05-12,33,979,nb,briere,3,1.0,1.197,False,,1.3123,1.0039,0.5866,-0.046
PERU,SAN MARTIN,admin1,2013-05-12,33,979,nb,briere,3,0.75,1.744,False,12.474,3.0203,0.9654,1.9305,0.1865
PERU,SAN MARTIN,admin1,2013-05-12,33,979,nb,briere,5,1.0,1.412,False,,1.411,1.0039,0.7323,-0.0196
PERU,SAN MARTIN,admin1,2013-05-12,33,979,nb,briere,5,0.75,1.194,False,5.229,1.7266,0.9654,1.1662,0.1317
PERU,SAN MARTIN,admin1,2013-05-12,33,979,nb,briere,7,1.0,1.115,False,,1.3325,1.0039,0.634,-0.0566
PERU,SAN MARTIN,admin1,2013-05-12,33,979,nb,briere,7,0.75,2.342,False,2.854,1.4359,0.9654,0.8145,0.0649
PERU,SAN MARTIN,admin1,2013-05-12,33,979,nb,loglinear,3,1.0,1.302,False,,0.9814,1.0039,0.0584,-0.0479
PERU,SAN MARTIN,admin1,2013-05-12,33,979,nb,loglinear,3,0.75,1.898,False,3.226,1.1408,0.9654,0.208,0.1826
PERU,SAN MARTIN,admin1,2013-05-12,33,979,nb,loglinear,5,1.0,1.531,False,,0.9817,1.0039,0.0747,-0.02
PERU,SAN MARTIN,admin1,2013-05-12,33,979,nb,loglinear,5,0.75,1.208,False,0.719,0.9747,0.9654,0.1354,0.1361
PERU,SAN MARTIN,admin1,2013-05-12,33,979,nb,loglinear,7,1.0,1.22,False,,0.9731,1.0039,0.0639,-0.0582
PERU,SAN MARTIN,admin1,2013-05-12,33,979,nb,loglinear,7,0.75,2.386,False,-0.312,0.9631,0.9654,0.0932,0.0676
PERU,SAN MARTIN,admin1,2013-05-12,33,979,poisson,briere,3,1.0,-26.568,True,,1.1616,1.0128,0.319,-0.0605
PERU,SAN MARTIN,admin1,2013-05-12,33,979,poisson,briere,3,0.75,-14.875,True,79.059,2.3288,0.9731,1.506,0.1486
PERU,SAN MARTIN,admin1,2013-05-12,33,979,poisson,briere,5,1.0,-27.812,True,,1.1578,1.0128,0.3297,-0.0753
PERU,SAN MARTIN,admin1,2013-05-12,33,979,poisson,briere,5,0.75,-18.21,True,35.697,1.5118,0.9731,0.8827,0.102
PERU,SAN MARTIN,admin1,2013-05-12,33,979,poisson,briere,7,1.0,-26.886,True,,1.2217,1.0128,0.4515,-0.0772
PERU,SAN MARTIN,admin1,2013-05-12,33,979,poisson,briere,7,0.75,-9.705,True,10.36,1.3064,0.9731,0.6052,0.0431
PERU,SAN MARTIN,admin1,2013-05-12,33,979,poisson,loglinear,3,1.0,-25.66,True,,0.9923,1.0128,0.0292,-0.063
PERU,SAN MARTIN,admin1,2013-05-12,33,979,poisson,loglinear,3,0.75,-13.558,True,17.447,1.0805,0.9731,0.1607,0.1452
PERU,SAN MARTIN,admin1,2013-05-12,33,979,poisson,loglinear,5,1.0,-26.872,True,,0.9836,1.0128,0.0307,-0.0776
PERU,SAN MARTIN,admin1,2013-05-12,33,979,poisson,loglinear,5,0.75,-18.019,True,5.538,0.9807,0.9731,0.1025,0.1054
PERU,SAN MARTIN,admin1,2013-05-12,33,979,poisson,loglinear,7,1.0,-25.86,True,,0.977,1.0128,0.0449,-0.0782
PERU,SAN MARTIN,admin1,2013-05-12,33,979,poisson,loglinear,7,0.75,-9.306,True,-11.156,0.9709,0.9731,0.0692,0.0451
PERU,PERU,national,2017-08-13,47,10542,nb,briere,3,1.0,3.487,False,,1.3196,1.0826,0.1501,-0.0217
PERU,PERU,national,2017-08-13,47,10542,nb,briere,3,0.75,3.185,False,-0.876,1.1573,1.0388,0.1115,-0.0636
PERU,PERU,national,2017-08-13,47,10542,nb,briere,5,1.0,3.363,False,,1.2663,1.0826,0.1337,-0.0306
PERU,PERU,national,2017-08-13,47,10542,nb,briere,5,0.75,3.712,False,-1.619,0.9889,1.0388,0.0,-0.0444
PERU,PERU,national,2017-08-13,47,10542,nb,briere,7,1.0,1.857,False,,1.1035,1.0826,0.0854,-0.0729
PERU,PERU,national,2017-08-13,47,10542,nb,briere,7,0.75,3.739,False,-2.753,0.9717,1.0388,0.0,-0.0724
PERU,PERU,national,2017-08-13,47,10542,nb,loglinear,3,1.0,3.386,False,,1.0594,1.0826,0.0394,-0.025
PERU,PERU,national,2017-08-13,47,10542,nb,loglinear,3,0.75,3.194,False,-0.693,0.9883,1.0388,0.0231,-0.0633
PERU,PERU,national,2017-08-13,47,10542,nb,loglinear,5,1.0,3.285,False,,1.0437,1.0826,0.0336,-0.0314
PERU,PERU,national,2017-08-13,47,10542,nb,loglinear,5,0.75,3.702,False,-1.153,0.9923,1.0388,-0.0067,-0.0366
PERU,PERU,national,2017-08-13,47,10542,nb,loglinear,7,1.0,1.809,False,,0.9735,1.0826,0.0218,-0.0742
PERU,PERU,national,2017-08-13,47,10542,nb,loglinear,7,0.75,3.732,False,-3.233,0.9781,1.0388,-0.0062,-0.0595
PERU,PERU,national,2017-08-13,47,10542,poisson,briere,3,1.0,-102.532,True,,1.4581,1.0788,0.2153,-0.0237
PERU,PERU,national,2017-08-13,47,10542,poisson,briere,3,0.75,-120.314,True,-58.923,1.2073,1.0376,0.1439,-0.0757
PERU,PERU,national,2017-08-13,47,10542,poisson,briere,5,1.0,-90.183,True,,1.3963,1.0788,0.1756,-0.0094
PERU,PERU,national,2017-08-13,47,10542,poisson,briere,5,0.75,-41.801,True,-141.851,0.9901,1.0376,0.002,-0.0504
PERU,PERU,national,2017-08-13,47,10542,poisson,briere,7,1.0,-159.82,True,,1.0931,1.0788,0.0777,-0.0634
PERU,PERU,national,2017-08-13,47,10542,poisson,briere,7,0.75,-36.283,True,-134.773,0.9707,1.0376,0.001,-0.0791
PERU,PERU,national,2017-08-13,47,10542,poisson,loglinear,3,1.0,-106.011,True,,1.0674,1.0788,0.051,-0.0244
PERU,PERU,national,2017-08-13,47,10542,poisson,loglinear,3,0.75,-118.836,True,-91.104,0.9846,1.0376,0.0302,-0.0756
PERU,PERU,national,2017-08-13,47,10542,poisson,loglinear,5,1.0,-92.499,True,,1.0845,1.0788,0.0414,-0.0087
PERU,PERU,national,2017-08-13,47,10542,poisson,loglinear,5,0.75,-41.851,True,-136.907,0.9884,1.0376,-0.0014,-0.0479
PERU,PERU,national,2017-08-13,47,10542,poisson,loglinear,7,1.0,-159.67,True,,0.9761,1.0788,0.0178,-0.0639
PERU,PERU,national,2017-08-13,47,10542,poisson,loglinear,7,0.75,-36.372,True,-164.309,0.9718,1.0376,-0.002,-0.0741
PERU,PERU,national,2021-08-22,54,73875,nb,briere,3,1.0,-23.85,True,,1.4622,1.1395,0.1858,0.0188
PERU,PERU,national,2021-08-22,54,73875,nb,briere,3,0.75,0.117,False,-27.329,1.2023,1.0872,0.0711,0.0181
PERU,PERU,national,2021-08-22,54,73875,nb,briere,5,1.0,-23.513,True,,1.5619,1.1395,0.2368,0.0031
PERU,PERU,national,2021-08-22,54,73875,nb,briere,5,0.75,0.46,False,-36.533,1.2677,1.0872,0.1067,0.0113
PERU,PERU,national,2021-08-22,54,73875,nb,briere,7,1.0,-23.602,True,,1.5938,1.1395,0.2579,-0.0087
PERU,PERU,national,2021-08-22,54,73875,nb,briere,7,0.75,0.574,False,-38.996,1.2948,1.0872,0.1203,0.0099
PERU,PERU,national,2021-08-22,54,73875,nb,loglinear,3,1.0,-23.534,True,,1.0904,1.1395,0.0457,0.024
PERU,PERU,national,2021-08-22,54,73875,nb,loglinear,3,0.75,0.116,False,-5.671,1.0796,1.0872,0.0142,0.0178
PERU,PERU,national,2021-08-22,54,73875,nb,loglinear,5,1.0,-23.021,True,,1.075,1.1395,0.0599,0.0094
PERU,PERU,national,2021-08-22,54,73875,nb,loglinear,5,0.75,0.456,False,-6.207,1.0795,1.0872,0.0213,0.0114
PERU,PERU,national,2021-08-22,54,73875,nb,loglinear,7,1.0,-22.913,True,,1.0603,1.1395,0.0672,-0.0028
PERU,PERU,national,2021-08-22,54,73875,nb,loglinear,7,0.75,0.569,False,-4.993,1.0804,1.0872,0.024,0.0101
PERU,PERU,national,2021-08-22,54,73875,poisson,briere,3,1.0,-4972.774,True,,1.3371,1.1569,0.1074,0.0492
PERU,PERU,national,2021-08-22,54,73875,poisson,briere,3,0.75,-665.343,True,-27847.444,1.228,1.0957,0.0495,0.0564
PERU,PERU,national,2021-08-22,54,73875,poisson,briere,5,1.0,-4632.949,True,,1.5589,1.1569,0.2219,0.0222
PERU,PERU,national,2021-08-22,54,73875,poisson,briere,5,0.75,-369.234,True,-19748.371,1.3261,1.0957,0.1322,0.0077
PERU,PERU,national,2021-08-22,54,73875,poisson,briere,7,1.0,-4521.859,True,,1.6642,1.1569,0.2815,-0.0011
PERU,PERU,national,2021-08-22,54,73875,poisson,briere,7,0.75,-350.994,True,-19594.869,1.3435,1.0957,0.1439,0.0005
PERU,PERU,national,2021-08-22,54,73875,poisson,loglinear,3,1.0,-4965.272,True,,1.1274,1.1569,0.0268,0.0516
PERU,PERU,national,2021-08-22,54,73875,poisson,loglinear,3,0.75,-669.418,True,-27772.825,1.1391,1.0957,0.0105,0.0558
PERU,PERU,national,2021-08-22,54,73875,poisson,loglinear,5,1.0,-4603.566,True,,1.0977,1.1569,0.0562,0.028
PERU,PERU,national,2021-08-22,54,73875,poisson,loglinear,5,0.75,-381.453,True,-13614.169,1.0888,1.0957,0.0268,0.0092
PERU,PERU,national,2021-08-22,54,73875,poisson,loglinear,7,1.0,-4410.662,True,,1.0675,1.1569,0.0731,0.0064
PERU,PERU,national,2021-08-22,54,73875,poisson,loglinear,7,0.75,-362.242,True,-9468.751,1.0816,1.0957,0.0288,0.0007
PERU,PERU,national,2023-02-05,35,245014,nb,briere,3,1.0,0.53,False,,1.9442,1.2709,0.4063,-0.0051
PERU,PERU,national,2023-02-05,35,245014,nb,briere,3,0.75,1.582,False,-4.014,2.023,1.2897,0.4385,-0.0107
PERU,PERU,national,2023-02-05,35,245014,nb,briere,5,1.0,-9.066,True,,1.1773,1.2709,0.0,0.0686
PERU,PERU,national,2023-02-05,35,245014,nb,briere,5,0.75,-10.436,True,8.919,1.1584,1.2897,0.0,0.0944
PERU,PERU,national,2023-02-05,35,245014,nb,briere,7,1.0,-9.901,True,,1.1676,1.2709,0.0,0.0725
PERU,PERU,national,2023-02-05,35,245014,nb,briere,7,0.75,-15.215,True,43.65,1.1264,1.2897,0.0,0.125
PERU,PERU,national,2023-02-05,35,245014,nb,loglinear,3,1.0,0.736,False,,1.1963,1.2709,0.0554,0.0024
PERU,PERU,national,2023-02-05,35,245014,nb,loglinear,3,0.75,1.798,False,-3.299,1.2171,1.2897,0.0615,-0.0034
PERU,PERU,national,2023-02-05,35,245014,nb,loglinear,5,1.0,-15.862,True,,1.1579,1.2709,-0.1251,0.1758
PERU,PERU,national,2023-02-05,35,245014,nb,loglinear,5,0.75,-18.171,True,5.577,1.0957,1.2897,-0.142,0.2157
PERU,PERU,national,2023-02-05,35,245014,nb,loglinear,7,1.0,-10.29,True,,1.1646,1.2709,-0.0169,0.086
PERU,PERU,national,2023-02-05,35,245014,nb,loglinear,7,0.75,-15.577,True,39.283,1.1195,1.2897,-0.0176,0.138
PERU,PERU,national,2023-02-05,35,245014,poisson,briere,3,1.0,-7523.928,True,,6.1002,1.3381,1.3482,-0.1027
PERU,PERU,national,2023-02-05,35,245014,poisson,briere,3,0.75,-3322.343,True,-11250.575,7.2503,1.3993,1.4961,-0.116
PERU,PERU,national,2023-02-05,35,245014,poisson,briere,5,1.0,-9271.566,True,,1.185,1.3381,0.0,0.094
PERU,PERU,national,2023-02-05,35,245014,poisson,briere,5,0.75,-5546.953,True,-10149.866,1.1726,1.3993,0.0,0.107
PERU,PERU,national,2023-02-05,35,245014,poisson,briere,7,1.0,-9995.519,True,,1.5426,1.3381,0.2266,0.0701
PERU,PERU,national,2023-02-05,35,245014,poisson,briere,7,0.75,-8410.129,True,-4233.296,1.4125,1.3993,0.1798,0.1079
PERU,PERU,national,2023-02-05,35,245014,poisson,loglinear,3,1.0,-7154.32,True,,1.2192,1.3381,0.2197,-0.1111
PERU,PERU,national,2023-02-05,35,245014,poisson,loglinear,3,0.75,-2969.125,True,5259.619,1.2949,1.3993,0.2503,-0.1267
PERU,PERU,national,2023-02-05,35,245014,poisson,loglinear,5,1.0,-9699.825,True,,1.1731,1.3381,-0.0511,0.1344
PERU,PERU,national,2023-02-05,35,245014,poisson,loglinear,5,0.75,-6216.126,True,-10621.412,1.137,1.3993,-0.067,0.1599
PERU,PERU,national,2023-02-05,35,245014,poisson,loglinear,7,1.0,-9963.654,True,,1.176,1.3381,0.0341,0.0714
PERU,PERU,national,2023-02-05,35,245014,poisson,loglinear,7,0.75,-8427.692,True,-3076.125,1.1475,1.3993,0.0287,0.1084
PERU,PERU,national,2023-12-10,32,265387,nb,briere,3,1.0,-14.777,True,,3.26,1.4366,0.8844,-0.1155
PERU,PERU,national,2023-12-10,32,265387,nb,briere,3,0.75,-5.88,True,-21.615,2.5868,1.3384,0.6323,-0.1512
PERU,PERU,national,2023-12-10,32,265387,nb,briere,5,1.0,-11.294,True,,2.7111,1.4366,0.7372,-0.0242
PERU,PERU,national,2023-12-10,32,265387,nb,briere,5,0.75,-1.234,True,-40.57,2.5403,1.3384,0.6744,-0.0096
PERU,PERU,national,2023-12-10,32,265387,nb,briere,7,1.0,-12.484,True,,2.4097,1.4366,0.6522,0.0723
PERU,PERU,national,2023-12-10,32,265387,nb,briere,7,0.75,-3.976,True,-35.806,2.0435,1.3384,0.4944,0.1121
PERU,PERU,national,2023-12-10,32,265387,nb,loglinear,3,1.0,-13.767,True,,1.1376,1.4366,0.2384,-0.095
PERU,PERU,national,2023-12-10,32,265387,nb,loglinear,3,0.75,-5.766,True,0.589,1.3369,1.3384,0.0926,-0.1515
PERU,PERU,national,2023-12-10,32,265387,nb,loglinear,5,1.0,-11.183,True,,1.1278,1.4366,0.2054,-0.0201
PERU,PERU,national,2023-12-10,32,265387,nb,loglinear,5,0.75,-1.122,True,-28.253,1.258,1.3384,0.0995,-0.0137
PERU,PERU,national,2023-12-10,32,265387,nb,loglinear,7,1.0,-12.344,True,,1.1109,1.4366,0.1826,0.0696
PERU,PERU,national,2023-12-10,32,265387,nb,loglinear,7,0.75,-3.735,True,-23.154,1.2208,1.3384,0.0708,0.1113
PERU,PERU,national,2023-12-10,32,265387,poisson,briere,3,1.0,-3720.576,True,,3.1426,1.5013,0.8531,-0.0184
PERU,PERU,national,2023-12-10,32,265387,poisson,briere,3,0.75,-2026.883,True,-2313.113,2.7614,1.4609,0.7107,-0.0517
PERU,PERU,national,2023-12-10,32,265387,poisson,briere,5,1.0,-3656.138,True,,3.1065,1.5013,0.8443,-0.0103
PERU,PERU,national,2023-12-10,32,265387,poisson,briere,5,0.75,-1595.71,True,-4696.719,2.876,1.4609,0.7656,-0.0098
PERU,PERU,national,2023-12-10,32,265387,poisson,briere,7,1.0,-3665.189,True,,3.0702,1.5013,0.8389,0.0108
PERU,PERU,national,2023-12-10,32,265387,poisson,briere,7,0.75,-1758.237,True,-4407.707,2.8043,1.4609,0.7504,0.0239
PERU,PERU,national,2023-12-10,32,265387,poisson,loglinear,3,1.0,-3037.449,True,,1.1459,1.5013,0.2243,0.0014
PERU,PERU,national,2023-12-10,32,265387,poisson,loglinear,3,0.75,-1797.658,True,5915.607,1.3146,1.4609,0.1053,-0.0503
PERU,PERU,national,2023-12-10,32,265387,poisson,loglinear,5,1.0,-3051.763,True,,1.1481,1.5013,0.225,-0.0069
PERU,PERU,national,2023-12-10,32,265387,poisson,loglinear,5,0.75,-1431.91,True,416.347,1.296,1.4609,0.1129,-0.0156
PERU,PERU,national,2023-12-10,32,265387,poisson,loglinear,7,1.0,-3037.936,True,,1.1457,1.5013,0.2243,0.0017
PERU,PERU,national,2023-12-10,32,265387,poisson,loglinear,7,0.75,-1471.178,True,540.799,1.2837,1.4609,0.1115,0.018
PHILIPPINES,PHILIPPINES,national,2019-04-14,41,384653,nb,briere,3,1.0,2.522,False,,1.2394,1.2389,0.0,0.0266
PHILIPPINES,PHILIPPINES,national,2019-04-14,41,384653,nb,briere,3,0.75,1.302,False,40.153,1.3244,1.2964,0.0,0.0532
PHILIPPINES,PHILIPPINES,national,2019-04-14,41,384653,nb,briere,5,1.0,2.526,False,,1.2414,1.2389,0.0,0.023
PHILIPPINES,PHILIPPINES,national,2019-04-14,41,384653,nb,briere,5,0.75,0.79,False,131.384,1.3607,1.2964,0.0,0.0746
PHILIPPINES,PHILIPPINES,national,2019-04-14,41,384653,nb,briere,7,1.0,2.192,False,,1.2439,1.2389,0.0,0.0225
PHILIPPINES,PHILIPPINES,national,2019-04-14,41,384653,nb,briere,7,0.75,0.464,False,211.04,1.3932,1.2964,0.0,0.0894
PHILIPPINES,PHILIPPINES,national,2019-04-14,41,384653,nb,loglinear,3,1.0,-22.075,True,,1.4023,1.2389,-0.2377,-0.1232
PHILIPPINES,PHILIPPINES,national,2019-04-14,41,384653,nb,loglinear,3,0.75,0.303,False,-67.721,1.3165,1.2964,-0.1153,-0.0401
PHILIPPINES,PHILIPPINES,national,2019-04-14,41,384653,nb,loglinear,5,1.0,-23.563,True,,1.3848,1.2389,-0.238,-0.1136
PHILIPPINES,PHILIPPINES,national,2019-04-14,41,384653,nb,loglinear,5,0.75,0.453,False,-44.19,1.3282,1.2964,-0.0709,0.0056
PHILIPPINES,PHILIPPINES,national,2019-04-14,41,384653,nb,loglinear,7,1.0,-23.631,True,,1.3643,1.2389,-0.2344,-0.1023
PHILIPPINES,PHILIPPINES,national,2019-04-14,41,384653,nb,loglinear,7,0.75,0.345,False,29.48,1.3632,1.2964,-0.0398,0.0475
PHILIPPINES,PHILIPPINES,national,2019-04-14,41,384653,poisson,briere,3,1.0,-2370.739,True,,1.3089,1.3007,0.0,-0.0384
PHILIPPINES,PHILIPPINES,national,2019-04-14,41,384653,poisson,briere,3,0.75,-53.746,True,-1287.376,1.3402,1.3405,0.0,-0.0068
PHILIPPINES,PHILIPPINES,national,2019-04-14,41,384653,poisson,briere,5,1.0,-1169.688,True,,1.3022,1.3007,0.0,-0.0241
PHILIPPINES,PHILIPPINES,national,2019-04-14,41,384653,poisson,briere,5,0.75,-4.136,True,433.12,1.3411,1.3405,0.0,0.0024
PHILIPPINES,PHILIPPINES,national,2019-04-14,41,384653,poisson,briere,7,1.0,-117.132,True,,1.3,1.3007,0.0,-0.007
PHILIPPINES,PHILIPPINES,national,2019-04-14,41,384653,poisson,briere,7,0.75,-334.305,True,22154.269,1.5068,1.3405,0.3108,0.0457
PHILIPPINES,PHILIPPINES,national,2019-04-14,41,384653,poisson,loglinear,3,1.0,-25632.893,True,,1.3989,1.3007,-0.2023,-0.135
PHILIPPINES,PHILIPPINES,national,2019-04-14,41,384653,poisson,loglinear,3,0.75,-852.755,True,-30834.717,1.3275,1.3405,-0.0652,-0.055
PHILIPPINES,PHILIPPINES,national,2019-04-14,41,384653,poisson,loglinear,5,1.0,-23628.387,True,,1.3734,1.3007,-0.2014,-0.1231
PHILIPPINES,PHILIPPINES,national,2019-04-14,41,384653,poisson,loglinear,5,0.75,-64.036,True,-8285.01,1.3361,1.3405,-0.0161,-0.0085
PHILIPPINES,PHILIPPINES,national,2019-04-14,41,384653,poisson,loglinear,7,1.0,-18698.952,True,,1.3534,1.3007,-0.1977,-0.1051
PHILIPPINES,PHILIPPINES,national,2019-04-14,41,384653,poisson,loglinear,7,0.75,-277.309,True,25198.276,1.3737,1.3405,0.0216,0.0411
PUERTO RICO,PUERTO RICO,national,2020-06-28,46,873,nb,briere,3,1.0,3.551,False,,1.2341,1.1804,0.3934,0.031
PUERTO RICO,PUERTO RICO,national,2020-06-28,46,873,nb,briere,3,0.75,1.729,False,10.369,1.2962,1.1703,0.8035,0.0217
PUERTO RICO,PUERTO RICO,national,2020-06-28,46,873,nb,briere,5,1.0,3.998,False,,1.1829,1.1804,0.0183,0.0021
PUERTO RICO,PUERTO RICO,national,2020-06-28,46,873,nb,briere,5,0.75,1.828,False,45.749,1.2629,1.1703,0.623,-0.0234
PUERTO RICO,PUERTO RICO,national,2020-06-28,46,873,nb,briere,7,1.0,2.811,False,,1.3864,1.1804,1.0381,0.0661
PUERTO RICO,PUERTO RICO,national,2020-06-28,46,873,nb,briere,7,0.75,1.943,False,12.911,1.322,1.1703,0.8593,0.0183
PUERTO RICO,PUERTO RICO,national,2020-06-28,46,873,nb,loglinear,3,1.0,3.537,False,,1.0887,1.1804,0.0442,0.0339
PUERTO RICO,PUERTO RICO,national,2020-06-28,46,873,nb,loglinear,3,0.75,1.808,False,42.143,1.0378,1.1703,0.0848,0.0238
PUERTO RICO,PUERTO RICO,national,2020-06-28,46,873,nb,loglinear,5,1.0,3.997,False,,1.1853,1.1804,-0.0034,-0.0012
PUERTO RICO,PUERTO RICO,national,2020-06-28,46,873,nb,loglinear,5,0.75,1.952,False,87.49,1.0641,1.1703,0.0647,-0.0239
PUERTO RICO,PUERTO RICO,national,2020-06-28,46,873,nb,loglinear,7,1.0,2.9,False,,1.0173,1.1804,0.1048,0.066
PUERTO RICO,PUERTO RICO,national,2020-06-28,46,873,nb,loglinear,7,0.75,2.09,False,55.057,1.045,1.1703,0.0876,0.0149
PUERTO RICO,PUERTO RICO,national,2020-06-28,46,873,poisson,briere,3,1.0,2.901,False,,1.2365,1.1891,0.2033,0.0011
PUERTO RICO,PUERTO RICO,national,2020-06-28,46,873,poisson,briere,3,0.75,-2.778,True,51.403,1.3385,1.1933,0.8613,0.0032
PUERTO RICO,PUERTO RICO,national,2020-06-28,46,873,poisson,briere,5,1.0,1.671,False,,1.2051,1.1891,0.0,-0.0179
PUERTO RICO,PUERTO RICO,national,2020-06-28,46,873,poisson,briere,5,0.75,-6.341,True,338.84,1.2824,1.1933,0.5946,-0.055
PUERTO RICO,PUERTO RICO,national,2020-06-28,46,873,poisson,briere,7,1.0,1.758,False,,1.325,1.1891,0.635,0.031
PUERTO RICO,PUERTO RICO,national,2020-06-28,46,873,poisson,briere,7,0.75,-2.876,True,93.681,1.3153,1.1933,0.7693,-0.0136
PUERTO RICO,PUERTO RICO,national,2020-06-28,46,873,poisson,loglinear,3,1.0,2.895,False,,1.1613,1.1891,0.0219,0.002
PUERTO RICO,PUERTO RICO,national,2020-06-28,46,873,poisson,loglinear,3,0.75,-2.578,True,228.825,1.055,1.1933,0.0913,0.0052
PUERTO RICO,PUERTO RICO,national,2020-06-28,46,873,poisson,loglinear,5,1.0,0.713,False,,1.2772,1.1891,-0.0428,-0.0458
PUERTO RICO,PUERTO RICO,national,2020-06-28,46,873,poisson,loglinear,5,0.75,-6.09,True,684.832,1.0889,1.1933,0.0625,-0.0549
PUERTO RICO,PUERTO RICO,national,2020-06-28,46,873,poisson,loglinear,7,1.0,1.812,False,,1.0999,1.1891,0.0623,0.0299
PUERTO RICO,PUERTO RICO,national,2020-06-28,46,873,poisson,loglinear,7,0.75,-2.682,True,319.144,1.0655,1.1933,0.0797,-0.0156
PUERTO RICO,PUERTO RICO,national,2022-07-31,36,1124,nb,briere,3,1.0,1.947,False,,1.5132,1.2387,1.3238,0.0371
PUERTO RICO,PUERTO RICO,national,2022-07-31,36,1124,nb,briere,3,0.75,2.845,False,-5.355,1.5306,1.2695,1.3804,0.0424
PUERTO RICO,PUERTO RICO,national,2022-07-31,36,1124,nb,briere,5,1.0,2.58,False,,1.2715,1.2387,0.0,-0.0284
PUERTO RICO,PUERTO RICO,national,2022-07-31,36,1124,nb,briere,5,0.75,3.804,False,-4.87,1.2746,1.2695,0.0,-0.0166
PUERTO RICO,PUERTO RICO,national,2022-07-31,36,1124,nb,briere,7,1.0,2.877,False,,1.5474,1.2387,1.2127,0.0214
PUERTO RICO,PUERTO RICO,national,2022-07-31,36,1124,nb,briere,7,0.75,3.764,False,-3.801,1.6776,1.2695,1.6717,0.0421
PUERTO RICO,PUERTO RICO,national,2022-07-31,36,1124,nb,loglinear,3,1.0,2.311,False,,0.9956,1.2387,0.1259,0.0418
PUERTO RICO,PUERTO RICO,national,2022-07-31,36,1124,nb,loglinear,3,0.75,3.27,False,18.03,1.0183,1.2695,0.1372,0.0492
PUERTO RICO,PUERTO RICO,national,2022-07-31,36,1124,nb,loglinear,5,1.0,2.457,False,,1.3224,1.2387,-0.0279,-0.0416
PUERTO RICO,PUERTO RICO,national,2022-07-31,36,1124,nb,loglinear,5,0.75,-0.582,True,123.342,1.697,1.2695,-0.2933,-0.1521
PUERTO RICO,PUERTO RICO,national,2022-07-31,36,1124,nb,loglinear,7,1.0,3.293,False,,1.1889,1.2387,0.0384,-0.0018
PUERTO RICO,PUERTO RICO,national,2022-07-31,36,1124,nb,loglinear,7,0.75,3.486,False,17.049,1.3202,1.2695,-0.0356,0.0194
PUERTO RICO,PUERTO RICO,national,2022-07-31,36,1124,poisson,briere,3,1.0,-5.328,True,,1.5968,1.256,1.4706,0.0285
PUERTO RICO,PUERTO RICO,national,2022-07-31,36,1124,poisson,briere,3,0.75,0.637,False,-17.72,1.6117,1.2927,1.5283,0.037
PUERTO RICO,PUERTO RICO,national,2022-07-31,36,1124,poisson,briere,5,1.0,-4.987,True,,1.3026,1.256,0.0,-0.0385
PUERTO RICO,PUERTO RICO,national,2022-07-31,36,1124,poisson,briere,5,0.75,3.11,False,-1.926,1.6545,1.2927,1.4779,-0.024
PUERTO RICO,PUERTO RICO,national,2022-07-31,36,1124,poisson,briere,7,1.0,-4.307,True,,1.7011,1.256,1.6593,0.0255
PUERTO RICO,PUERTO RICO,national,2022-07-31,36,1124,poisson,briere,7,0.75,-0.291,True,58.753,1.4937,1.2927,0.6864,0.067
PUERTO RICO,PUERTO RICO,national,2022-07-31,36,1124,poisson,loglinear,3,1.0,-3.792,True,,0.9987,1.256,0.143,0.034
PUERTO RICO,PUERTO RICO,national,2022-07-31,36,1124,poisson,loglinear,3,0.75,2.281,False,62.439,1.0273,1.2927,0.1527,0.0437
PUERTO RICO,PUERTO RICO,national,2022-07-31,36,1124,poisson,loglinear,5,1.0,-5.676,True,,1.3685,1.256,-0.0371,-0.0548
PUERTO RICO,PUERTO RICO,national,2022-07-31,36,1124,poisson,loglinear,5,0.75,-17.019,True,198.412,1.7338,1.2927,-0.3058,-0.1681
PUERTO RICO,PUERTO RICO,national,2022-07-31,36,1124,poisson,loglinear,7,1.0,-1.694,True,,1.0031,1.256,0.1648,0.0293
PUERTO RICO,PUERTO RICO,national,2022-07-31,36,1124,poisson,loglinear,7,0.75,0.23,False,87.375,1.2708,1.2927,0.0297,0.0596
SAINT BARTHELEMY,SAINT BARTHELEMY,national,2020-02-16,52,1589,nb,briere,3,1.0,-3.977,True,,1.3057,1.1993,0.28,0.0312
SAINT BARTHELEMY,SAINT BARTHELEMY,national,2020-02-16,52,1589,nb,briere,3,0.75,-0.83,True,23.481,1.4656,1.1841,0.5986,0.0632
SAINT BARTHELEMY,SAINT BARTHELEMY,national,2020-02-16,52,1589,nb,briere,5,1.0,-2.709,True,,1.3064,1.1993,0.3845,0.0084
SAINT BARTHELEMY,SAINT BARTHELEMY,national,2020-02-16,52,1589,nb,briere,5,0.75,1.216,False,-0.781,1.3615,1.1841,0.5501,0.0045
SAINT BARTHELEMY,SAINT BARTHELEMY,national,2020-02-16,52,1589,nb,briere,7,1.0,-3.704,True,,1.1931,1.1993,0.2218,-0.0388
SAINT BARTHELEMY,SAINT BARTHELEMY,national,2020-02-16,52,1589,nb,briere,7,0.75,-0.291,True,-7.891,1.1027,1.1841,0.0,-0.0625
SAINT BARTHELEMY,SAINT BARTHELEMY,national,2020-02-16,52,1589,nb,loglinear,3,1.0,-3.962,True,,1.2172,1.1993,0.0205,0.0311
SAINT BARTHELEMY,SAINT BARTHELEMY,national,2020-02-16,52,1589,nb,loglinear,3,0.75,-0.819,True,48.35,1.2754,1.1841,0.0418,0.0607
SAINT BARTHELEMY,SAINT BARTHELEMY,national,2020-02-16,52,1589,nb,loglinear,5,1.0,-2.695,True,,1.1861,1.1993,0.0282,0.0082
SAINT BARTHELEMY,SAINT BARTHELEMY,national,2020-02-16,52,1589,nb,loglinear,5,0.75,1.09,False,15.524,1.2004,1.1841,0.0391,0.0038
SAINT BARTHELEMY,SAINT BARTHELEMY,national,2020-02-16,52,1589,nb,loglinear,7,1.0,-3.7,True,,1.1285,1.1993,0.0163,-0.0389
SAINT BARTHELEMY,SAINT BARTHELEMY,national,2020-02-16,52,1589,nb,loglinear,7,0.75,-0.414,True,-0.301,1.0685,1.1841,-0.0193,-0.084
SAINT BARTHELEMY,SAINT BARTHELEMY,national,2020-02-16,52,1589,poisson,briere,3,1.0,-8.605,True,,1.3101,1.2002,0.2962,0.0297
SAINT BARTHELEMY,SAINT BARTHELEMY,national,2020-02-16,52,1589,poisson,briere,3,0.75,-6.306,True,33.966,1.4765,1.1878,0.6596,0.056
SAINT BARTHELEMY,SAINT BARTHELEMY,national,2020-02-16,52,1589,poisson,briere,5,1.0,-6.709,True,,1.2924,1.2002,0.3894,-0.0025
SAINT BARTHELEMY,SAINT BARTHELEMY,national,2020-02-16,52,1589,poisson,briere,5,0.75,-2.78,True,8.426,1.3869,1.1878,0.6455,0.0007
SAINT BARTHELEMY,SAINT BARTHELEMY,national,2020-02-16,52,1589,poisson,briere,7,1.0,-10.312,True,,1.1609,1.2002,0.1763,-0.0521
SAINT BARTHELEMY,SAINT BARTHELEMY,national,2020-02-16,52,1589,poisson,briere,7,0.75,-5.799,True,-8.9,1.0919,1.1878,0.0,-0.0695
SAINT BARTHELEMY,SAINT BARTHELEMY,national,2020-02-16,52,1589,poisson,loglinear,3,1.0,-8.603,True,,1.2162,1.2002,0.0217,0.0294
SAINT BARTHELEMY,SAINT BARTHELEMY,national,2020-02-16,52,1589,poisson,loglinear,3,0.75,-6.355,True,71.124,1.2672,1.1878,0.046,0.0536
SAINT BARTHELEMY,SAINT BARTHELEMY,national,2020-02-16,52,1589,poisson,loglinear,5,1.0,-6.74,True,,1.172,1.2002,0.0285,-0.0028
SAINT BARTHELEMY,SAINT BARTHELEMY,national,2020-02-16,52,1589,poisson,loglinear,5,0.75,-3.111,True,37.866,1.1966,1.1878,0.0458,0.0
SAINT BARTHELEMY,SAINT BARTHELEMY,national,2020-02-16,52,1589,poisson,loglinear,7,1.0,-10.327,True,,1.111,1.2002,0.013,-0.0519
SAINT BARTHELEMY,SAINT BARTHELEMY,national,2020-02-16,52,1589,poisson,loglinear,7,0.75,-5.836,True,-6.129,1.0794,1.1878,-0.0075,-0.0774
SAINT MARTIN,SAINT MARTIN,national,2019-11-10,63,2992,nb,briere,3,1.0,2.265,False,,1.2107,1.0571,0.2702,0.0352
SAINT MARTIN,SAINT MARTIN,national,2019-11-10,63,2992,nb,briere,3,0.75,1.884,False,-8.015,1.2869,1.08,0.3852,0.0485
SAINT MARTIN,SAINT MARTIN,national,2019-11-10,63,2992,nb,briere,5,1.0,1.216,False,,1.3531,1.0571,0.5364,0.0543
SAINT MARTIN,SAINT MARTIN,national,2019-11-10,63,2992,nb,briere,5,0.75,2.056,False,-9.202,1.3993,1.08,0.609,0.0557
SAINT MARTIN,SAINT MARTIN,national,2019-11-10,63,2992,nb,briere,7,1.0,2.073,False,,1.3879,1.0571,0.6295,0.0558
SAINT MARTIN,SAINT MARTIN,national,2019-11-10,63,2992,nb,briere,7,0.75,3.289,False,0.283,1.3512,1.08,0.5584,0.0294
SAINT MARTIN,SAINT MARTIN,national,2019-11-10,63,2992,nb,loglinear,3,1.0,2.277,False,,1.1286,1.0571,0.019,0.0348
SAINT MARTIN,SAINT MARTIN,national,2019-11-10,63,2992,nb,loglinear,3,0.75,1.953,False,-8.169,1.1638,1.08,0.0266,0.0475
SAINT MARTIN,SAINT MARTIN,national,2019-11-10,63,2992,nb,loglinear,5,1.0,1.257,False,,1.1762,1.0571,0.0373,0.0532
SAINT MARTIN,SAINT MARTIN,national,2019-11-10,63,2992,nb,loglinear,5,0.75,2.146,False,-8.643,1.1961,1.08,0.0433,0.0528
SAINT MARTIN,SAINT MARTIN,national,2019-11-10,63,2992,nb,loglinear,7,1.0,2.081,False,,1.1788,1.0571,0.0441,0.0549
SAINT MARTIN,SAINT MARTIN,national,2019-11-10,63,2992,nb,loglinear,7,0.75,3.291,False,3.461,1.1741,1.08,0.0413,0.0266
SAINT MARTIN,SAINT MARTIN,national,2019-11-10,63,2992,poisson,briere,3,1.0,-43.197,True,,1.3438,1.0578,0.5073,0.052
SAINT MARTIN,SAINT MARTIN,national,2019-11-10,63,2992,poisson,briere,3,0.75,-42.024,True,57.869,1.6227,1.0853,0.969,0.049
SAINT MARTIN,SAINT MARTIN,national,2019-11-10,63,2992,poisson,briere,5,1.0,-55.112,True,,1.516,1.0578,0.8076,0.0723
SAINT MARTIN,SAINT MARTIN,national,2019-11-10,63,2992,poisson,briere,5,0.75,-40.11,True,47.617,1.7722,1.0853,1.2039,0.0616
SAINT MARTIN,SAINT MARTIN,national,2019-11-10,63,2992,poisson,briere,7,1.0,-34.94,True,,1.5286,1.0578,0.8548,0.0737
SAINT MARTIN,SAINT MARTIN,national,2019-11-10,63,2992,poisson,briere,7,0.75,-20.701,True,139.476,1.5988,1.0853,0.9705,0.0307
SAINT MARTIN,SAINT MARTIN,national,2019-11-10,63,2992,poisson,loglinear,3,1.0,-41.336,True,,1.1745,1.0578,0.0346,0.05
SAINT MARTIN,SAINT MARTIN,national,2019-11-10,63,2992,poisson,loglinear,3,0.75,-38.821,True,78.956,1.2643,1.0853,0.0694,0.0447
SAINT MARTIN,SAINT MARTIN,national,2019-11-10,63,2992,poisson,loglinear,5,1.0,-51.789,True,,1.2222,1.0578,0.0544,0.0682
SAINT MARTIN,SAINT MARTIN,national,2019-11-10,63,2992,poisson,loglinear,5,0.75,-36.657,True,85.719,1.2984,1.0853,0.0856,0.0545
SAINT MARTIN,SAINT MARTIN,national,2019-11-10,63,2992,poisson,loglinear,7,1.0,-32.901,True,,1.2187,1.0578,0.0581,0.0697
SAINT MARTIN,SAINT MARTIN,national,2019-11-10,63,2992,poisson,loglinear,7,0.75,-20.213,True,197.692,1.2496,1.0853,0.071,0.0241
SINGAPORE,SINGAPORE,national,2007-02-11,59,9691,nb,briere,3,1.0,-23.349,True,,1.6788,1.116,1.4082,0.1238
SINGAPORE,SINGAPORE,national,2007-02-11,59,9691,nb,briere,3,0.75,-18.779,True,-92.056,2.1739,1.1739,2.3643,0.135
SINGAPORE,SINGAPORE,national,2007-02-11,59,9691,nb,briere,5,1.0,-25.326,True,,2.0331,1.116,2.1703,0.1854
SINGAPORE,SINGAPORE,national,2007-02-11,59,9691,nb,briere,5,0.75,-11.333,True,-36.936,2.4963,1.1739,3.0041,0.1419
SINGAPORE,SINGAPORE,national,2007-02-11,59,9691,nb,briere,7,1.0,-7.969,True,,1.6807,1.116,1.6277,0.0952
SINGAPORE,SINGAPORE,national,2007-02-11,59,9691,nb,briere,7,0.75,-6.078,True,613.697,2.3714,1.1739,2.9715,-0.0288
SINGAPORE,SINGAPORE,national,2007-02-11,59,9691,nb,loglinear,3,1.0,-24.473,True,,1.0691,1.116,0.0812,0.123
SINGAPORE,SINGAPORE,national,2007-02-11,59,9691,nb,loglinear,3,0.75,-18.861,True,-145.003,1.0885,1.1739,0.1023,0.1316
SINGAPORE,SINGAPORE,national,2007-02-11,59,9691,nb,loglinear,5,1.0,-26.484,True,,1.0243,1.116,0.1186,0.1836
SINGAPORE,SINGAPORE,national,2007-02-11,59,9691,nb,loglinear,5,0.75,-11.878,True,-75.782,1.042,1.1739,0.1268,0.137
SINGAPORE,SINGAPORE,national,2007-02-11,59,9691,nb,loglinear,7,1.0,-9.661,True,,1.0138,1.116,0.0847,0.0926
SINGAPORE,SINGAPORE,national,2007-02-11,59,9691,nb,loglinear,7,0.75,-6.991,True,-104.334,0.9894,1.1739,0.1328,-0.028
SINGAPORE,SINGAPORE,national,2007-02-11,59,9691,poisson,briere,3,1.0,-731.298,True,,1.6256,1.1299,1.1372,0.1364
SINGAPORE,SINGAPORE,national,2007-02-11,59,9691,poisson,briere,3,0.75,-367.245,True,-1335.922,1.893,1.2009,1.7306,0.1264
SINGAPORE,SINGAPORE,national,2007-02-11,59,9691,poisson,briere,5,1.0,-784.738,True,,1.7754,1.1299,1.4464,0.2014
SINGAPORE,SINGAPORE,national,2007-02-11,59,9691,poisson,briere,5,0.75,-301.32,True,-1554.677,1.9336,1.2009,1.8024,0.1833
SINGAPORE,SINGAPORE,national,2007-02-11,59,9691,poisson,briere,7,1.0,-542.506,True,,1.7059,1.1299,1.4155,0.1711
SINGAPORE,SINGAPORE,national,2007-02-11,59,9691,poisson,briere,7,0.75,-180.343,True,727.639,2.4034,1.2009,2.876,0.0544
SINGAPORE,SINGAPORE,national,2007-02-11,59,9691,poisson,loglinear,3,1.0,-741.414,True,,1.1273,1.1299,0.0662,0.135
SINGAPORE,SINGAPORE,national,2007-02-11,59,9691,poisson,loglinear,3,0.75,-368.723,True,-1404.314,1.1391,1.2009,0.0761,0.1238
SINGAPORE,SINGAPORE,national,2007-02-11,59,9691,poisson,loglinear,5,1.0,-792.283,True,,1.1217,1.1299,0.0797,0.1982
SINGAPORE,SINGAPORE,national,2007-02-11,59,9691,poisson,loglinear,5,0.75,-305.851,True,-1678.565,1.1379,1.2009,0.0801,0.1799
SINGAPORE,SINGAPORE,national,2007-02-11,59,9691,poisson,loglinear,7,1.0,-562.725,True,,1.0774,1.1299,0.0849,0.1719
SINGAPORE,SINGAPORE,national,2007-02-11,59,9691,poisson,loglinear,7,0.75,-192.766,True,-1267.809,1.0336,1.2009,0.1266,0.0534
SINGAPORE,SINGAPORE,national,2010-12-19,64,6078,nb,briere,3,1.0,-28.928,True,,2.0319,1.0583,2.2934,0.1487
SINGAPORE,SINGAPORE,national,2010-12-19,64,6078,nb,briere,3,0.75,-40.914,True,330.83,2.3381,1.0683,2.541,0.0839
SINGAPORE,SINGAPORE,national,2010-12-19,64,6078,nb,briere,5,1.0,-34.079,True,,1.9996,1.0583,2.2892,0.1439
SINGAPORE,SINGAPORE,national,2010-12-19,64,6078,nb,briere,5,0.75,-39.642,True,417.051,2.2043,1.0683,2.3329,0.0561
SINGAPORE,SINGAPORE,national,2010-12-19,64,6078,nb,briere,7,1.0,-28.034,True,,1.7378,1.0583,1.8218,0.1078
SINGAPORE,SINGAPORE,national,2010-12-19,64,6078,nb,briere,7,0.75,-38.549,True,653.776,2.104,1.0683,2.1263,0.0157
SINGAPORE,SINGAPORE,national,2010-12-19,64,6078,nb,loglinear,3,1.0,-29.346,True,,0.9859,1.0583,0.1333,0.1483
SINGAPORE,SINGAPORE,national,2010-12-19,64,6078,nb,loglinear,3,0.75,-40.282,True,428.133,1.0738,1.0683,0.1502,0.0851
SINGAPORE,SINGAPORE,national,2010-12-19,64,6078,nb,loglinear,5,1.0,-34.174,True,,0.9723,1.0583,0.1323,0.1426
SINGAPORE,SINGAPORE,national,2010-12-19,64,6078,nb,loglinear,5,0.75,-39.095,True,518.314,1.0777,1.0683,0.1387,0.0593
SINGAPORE,SINGAPORE,national,2010-12-19,64,6078,nb,loglinear,7,1.0,-28.115,True,,0.9785,1.0583,0.1058,0.1069
SINGAPORE,SINGAPORE,national,2010-12-19,64,6078,nb,loglinear,7,0.75,-37.946,True,843.846,1.0961,1.0683,0.1264,0.0187
SINGAPORE,SINGAPORE,national,2010-12-19,64,6078,poisson,briere,3,1.0,-364.811,True,,2.0631,1.0884,2.2785,0.1449
SINGAPORE,SINGAPORE,national,2010-12-19,64,6078,poisson,briere,3,0.75,-483.853,True,1528.566,2.2029,1.1149,2.2857,0.051
SINGAPORE,SINGAPORE,national,2010-12-19,64,6078,poisson,briere,5,1.0,-422.164,True,,1.9891,1.0884,2.2091,0.1435
SINGAPORE,SINGAPORE,national,2010-12-19,64,6078,poisson,briere,5,0.75,-475.169,True,1838.119,2.0989,1.1149,2.1054,0.0261
SINGAPORE,SINGAPORE,national,2010-12-19,64,6078,poisson,briere,7,1.0,-364.861,True,,1.7498,1.0884,1.7898,0.1165
SINGAPORE,SINGAPORE,national,2010-12-19,64,6078,poisson,briere,7,0.75,-472.138,True,2310.188,2.0423,1.1149,1.9745,-0.0052
SINGAPORE,SINGAPORE,national,2010-12-19,64,6078,poisson,loglinear,3,1.0,-371.535,True,,1.006,1.0884,0.1316,0.1434
SINGAPORE,SINGAPORE,national,2010-12-19,64,6078,poisson,loglinear,3,0.75,-477.783,True,1950.956,1.0949,1.1149,0.1346,0.0508
SINGAPORE,SINGAPORE,national,2010-12-19,64,6078,poisson,loglinear,5,1.0,-425.424,True,,0.9925,1.0884,0.1267,0.1412
SINGAPORE,SINGAPORE,national,2010-12-19,64,6078,poisson,loglinear,5,0.75,-469.547,True,2266.602,1.1017,1.1149,0.1244,0.0275
SINGAPORE,SINGAPORE,national,2010-12-19,64,6078,poisson,loglinear,7,1.0,-368.89,True,,0.9959,1.0884,0.1035,0.1155
SINGAPORE,SINGAPORE,national,2010-12-19,64,6078,poisson,loglinear,7,0.75,-466.157,True,2811.65,1.1156,1.1149,0.1168,-0.0031
SINGAPORE,SINGAPORE,national,2014-04-20,35,13466,nb,briere,3,1.0,-7.637,True,,1.0327,1.103,0.3402,0.1426
SINGAPORE,SINGAPORE,national,2014-04-20,35,13466,nb,briere,3,0.75,-5.733,True,12.305,1.0009,1.15,0.0,0.185
SINGAPORE,SINGAPORE,national,2014-04-20,35,13466,nb,briere,5,1.0,3.657,False,,1.1236,1.103,0.1955,0.0209
SINGAPORE,SINGAPORE,national,2014-04-20,35,13466,nb,briere,5,0.75,-0.956,True,27.486,1.2493,1.15,0.7277,0.097
SINGAPORE,SINGAPORE,national,2014-04-20,35,13466,nb,briere,7,1.0,2.451,False,,1.1179,1.103,0.0,-0.0407
SINGAPORE,SINGAPORE,national,2014-04-20,35,13466,nb,briere,7,0.75,2.827,False,1.071,1.5173,1.15,1.6036,0.0407
SINGAPORE,SINGAPORE,national,2014-04-20,35,13466,nb,loglinear,3,1.0,-7.626,True,,0.9564,1.103,0.0142,0.1423
SINGAPORE,SINGAPORE,national,2014-04-20,35,13466,nb,loglinear,3,0.75,-6.282,True,64.172,1.0591,1.15,-0.0534,0.2067
SINGAPORE,SINGAPORE,national,2014-04-20,35,13466,nb,loglinear,5,1.0,3.634,False,,1.0718,1.103,0.0104,0.0214
SINGAPORE,SINGAPORE,national,2014-04-20,35,13466,nb,loglinear,5,0.75,-0.886,True,24.23,1.0707,1.15,0.0242,0.098
SINGAPORE,SINGAPORE,national,2014-04-20,35,13466,nb,loglinear,7,1.0,2.336,False,,1.1351,1.103,-0.0144,-0.0456
SINGAPORE,SINGAPORE,national,2014-04-20,35,13466,nb,loglinear,7,0.75,3.105,False,-0.399,1.0814,1.15,0.0535,0.039
SINGAPORE,SINGAPORE,national,2014-04-20,35,13466,poisson,briere,3,1.0,-421.942,True,,1.2683,1.1593,1.2065,0.1555
SINGAPORE,SINGAPORE,national,2014-04-20,35,13466,poisson,briere,3,0.75,-338.8,True,-53.155,1.0731,1.2152,0.0498,0.1725
SINGAPORE,SINGAPORE,national,2014-04-20,35,13466,poisson,briere,5,1.0,-111.921,True,,1.6057,1.1593,1.7454,0.0198
SINGAPORE,SINGAPORE,national,2014-04-20,35,13466,poisson,briere,5,0.75,-144.493,True,-168.383,1.7826,1.2152,2.3361,0.0521
SINGAPORE,SINGAPORE,national,2014-04-20,35,13466,poisson,briere,7,1.0,-139.949,True,,1.5102,1.1593,1.2675,-0.041
SINGAPORE,SINGAPORE,national,2014-04-20,35,13466,poisson,briere,7,0.75,-96.272,True,-207.791,1.985,1.2152,2.7676,0.0054
SINGAPORE,SINGAPORE,national,2014-04-20,35,13466,poisson,loglinear,3,1.0,-423.14,True,,0.9609,1.1593,0.0541,0.1551
SINGAPORE,SINGAPORE,national,2014-04-20,35,13466,poisson,loglinear,3,0.75,-338.823,True,-20.076,1.0659,1.2152,-0.003,0.1746
SINGAPORE,SINGAPORE,national,2014-04-20,35,13466,poisson,loglinear,5,1.0,-114.758,True,,1.0725,1.1593,0.0773,0.0219
SINGAPORE,SINGAPORE,national,2014-04-20,35,13466,poisson,loglinear,5,0.75,-140.376,True,-128.713,1.0716,1.2152,0.0891,0.0548
SINGAPORE,SINGAPORE,national,2014-04-20,35,13466,poisson,loglinear,7,1.0,-137.894,True,,1.1291,1.1593,0.0547,-0.0399
SINGAPORE,SINGAPORE,national,2014-04-20,35,13466,poisson,loglinear,7,0.75,-86.234,True,84.65,1.0908,1.2152,0.1038,0.0064
SINGAPORE,SINGAPORE,national,2015-04-05,85,21721,nb,briere,3,1.0,-17.601,True,,1.1792,1.0696,0.3959,0.0548
SINGAPORE,SINGAPORE,national,2015-04-05,85,21721,nb,briere,3,0.75,-25.527,True,97.757,1.0932,1.0748,0.0369,0.0562
SINGAPORE,SINGAPORE,national,2015-04-05,85,21721,nb,briere,5,1.0,-4.644,True,,1.069,1.0696,0.0,0.0295
SINGAPORE,SINGAPORE,national,2015-04-05,85,21721,nb,briere,5,0.75,-12.675,True,108.698,1.0886,1.0748,0.0,0.0462
SINGAPORE,SINGAPORE,national,2015-04-05,85,21721,nb,briere,7,1.0,2.971,False,,1.0704,1.0696,0.0,0.0105
SINGAPORE,SINGAPORE,national,2015-04-05,85,21721,nb,briere,7,0.75,-0.531,True,69.482,1.0883,1.0748,0.0,0.0283
SINGAPORE,SINGAPORE,national,2015-04-05,85,21721,nb,loglinear,3,1.0,-17.332,True,,1.0717,1.0696,0.0123,0.0528
SINGAPORE,SINGAPORE,national,2015-04-05,85,21721,nb,loglinear,3,0.75,-25.525,True,97.868,1.0835,1.0748,0.0011,0.0559
SINGAPORE,SINGAPORE,national,2015-04-05,85,21721,nb,loglinear,5,1.0,-5.493,True,,1.0619,1.0696,-0.0122,0.0202
SINGAPORE,SINGAPORE,national,2015-04-05,85,21721,nb,loglinear,5,0.75,-16.129,True,75.895,1.0622,1.0748,-0.0334,0.0193
SINGAPORE,SINGAPORE,national,2015-04-05,85,21721,nb,loglinear,7,1.0,-4.439,True,,1.0486,1.0696,-0.0325,-0.0127
SINGAPORE,SINGAPORE,national,2015-04-05,85,21721,nb,loglinear,7,0.75,-16.682,True,31.207,1.0294,1.0748,-0.0624,-0.0238
SINGAPORE,SINGAPORE,national,2015-04-05,85,21721,poisson,briere,3,1.0,-571.551,True,,1.2691,1.0761,0.6613,0.0607
SINGAPORE,SINGAPORE,national,2015-04-05,85,21721,poisson,briere,3,0.75,-906.31,True,1920.914,1.4107,1.0869,0.9697,0.0845
SINGAPORE,SINGAPORE,national,2015-04-05,85,21721,poisson,briere,5,1.0,-185.695,True,,1.0743,1.0761,0.0,0.0254
SINGAPORE,SINGAPORE,national,2015-04-05,85,21721,poisson,briere,5,0.75,-478.839,True,1969.838,1.1037,1.0869,0.0,0.0485
SINGAPORE,SINGAPORE,national,2015-04-05,85,21721,poisson,briere,7,1.0,-1.887,True,,1.0762,1.0761,0.0,0.0047
SINGAPORE,SINGAPORE,national,2015-04-05,85,21721,poisson,briere,7,0.75,-105.491,True,1041.586,1.1005,1.0869,0.0,0.0272
SINGAPORE,SINGAPORE,national,2015-04-05,85,21721,poisson,loglinear,3,1.0,-554.646,True,,1.0812,1.0761,0.0199,0.0568
SINGAPORE,SINGAPORE,national,2015-04-05,85,21721,poisson,loglinear,3,0.75,-906.479,True,2058.277,1.1231,1.0869,0.0394,0.0844
SINGAPORE,SINGAPORE,national,2015-04-05,85,21721,poisson,loglinear,5,1.0,-221.978,True,,1.0629,1.0761,-0.0172,0.0123
SINGAPORE,SINGAPORE,national,2015-04-05,85,21721,poisson,loglinear,5,0.75,-487.392,True,1748.22,1.0927,1.0869,-0.0127,0.0382
SINGAPORE,SINGAPORE,national,2015-04-05,85,21721,poisson,loglinear,7,1.0,-285.763,True,,1.0453,1.0761,-0.0421,-0.0234
SINGAPORE,SINGAPORE,national,2015-04-05,85,21721,poisson,loglinear,7,0.75,-443.288,True,407.284,1.0379,1.0869,-0.0622,-0.0241
UNITED STATES OF AMERICA,UNITED STATES OF AMERICA,national,2014-03-30,42,571,nb,briere,3,1.0,-9.1,True,,1.2334,1.1812,0.0,0.1681
UNITED STATES OF AMERICA,UNITED STATES OF AMERICA,national,2014-03-30,42,571,nb,briere,3,0.75,3.992,False,3.705,1.0629,1.073,0.0,-0.0092
UNITED STATES OF AMERICA,UNITED STATES OF AMERICA,national,2014-03-30,42,571,nb,briere,5,1.0,-3.717,True,,1.2475,1.1812,0.5399,0.0187
UNITED STATES OF AMERICA,UNITED STATES OF AMERICA,national,2014-03-30,42,571,nb,briere,5,0.75,3.719,False,3.005,1.0498,1.073,0.0,-0.0244
UNITED STATES OF AMERICA,UNITED STATES OF AMERICA,national,2014-03-30,42,571,nb,briere,7,1.0,-5.034,True,,1.178,1.1812,0.6455,-0.0494
UNITED STATES OF AMERICA,UNITED STATES OF AMERICA,national,2014-03-30,42,571,nb,briere,7,0.75,3.33,False,-2.709,1.0435,1.073,0.0,-0.0335
UNITED STATES OF AMERICA,UNITED STATES OF AMERICA,national,2014-03-30,42,571,nb,loglinear,3,1.0,-19.389,True,,1.5619,1.1812,-0.254,0.2898
UNITED STATES OF AMERICA,UNITED STATES OF AMERICA,national,2014-03-30,42,571,nb,loglinear,3,0.75,1.293,False,-12.765,1.2973,1.073,-0.1426,0.1881
UNITED STATES OF AMERICA,UNITED STATES OF AMERICA,national,2014-03-30,42,571,nb,loglinear,5,1.0,-15.429,True,,1.6846,1.1812,-0.2712,0.2685
UNITED STATES OF AMERICA,UNITED STATES OF AMERICA,national,2014-03-30,42,571,nb,loglinear,5,0.75,2.601,False,17.023,1.0791,1.073,-0.0672,-0.0011
UNITED STATES OF AMERICA,UNITED STATES OF AMERICA,national,2014-03-30,42,571,nb,loglinear,7,1.0,-9.69,True,,1.761,1.1812,-0.2682,0.2599
UNITED STATES OF AMERICA,UNITED STATES OF AMERICA,national,2014-03-30,42,571,nb,loglinear,7,0.75,2.493,False,10.492,1.0724,1.073,-0.0577,-0.014
UNITED STATES OF AMERICA,UNITED STATES OF AMERICA,national,2014-03-30,42,571,poisson,briere,3,1.0,-31.321,True,,1.2048,1.1711,0.0,0.1452
UNITED STATES OF AMERICA,UNITED STATES OF AMERICA,national,2014-03-30,42,571,poisson,briere,3,0.75,3.442,False,49.306,1.0564,1.0693,0.0,-0.0212
UNITED STATES OF AMERICA,UNITED STATES OF AMERICA,national,2014-03-30,42,571,poisson,briere,5,1.0,-10.282,True,,1.1957,1.1711,0.3523,0.0145
UNITED STATES OF AMERICA,UNITED STATES OF AMERICA,national,2014-03-30,42,571,poisson,briere,5,0.75,1.813,False,2.061,1.0535,1.0693,0.0,-0.0308
UNITED STATES OF AMERICA,UNITED STATES OF AMERICA,national,2014-03-30,42,571,poisson,briere,7,1.0,-16.555,True,,1.1283,1.1711,0.4274,-0.0527
UNITED STATES OF AMERICA,UNITED STATES OF AMERICA,national,2014-03-30,42,571,poisson,briere,7,0.75,-0.292,True,-44.621,1.0468,1.0693,0.0,-0.0398
UNITED STATES OF AMERICA,UNITED STATES OF AMERICA,national,2014-03-30,42,571,poisson,loglinear,3,1.0,-81.76,True,,1.587,1.1711,-0.2759,0.283
UNITED STATES OF AMERICA,UNITED STATES OF AMERICA,national,2014-03-30,42,571,poisson,loglinear,3,0.75,-17.581,True,68.295,1.2946,1.0693,-0.1562,0.1582
UNITED STATES OF AMERICA,UNITED STATES OF AMERICA,national,2014-03-30,42,571,poisson,loglinear,5,1.0,-72.23,True,,1.7165,1.1711,-0.2994,0.2533
UNITED STATES OF AMERICA,UNITED STATES OF AMERICA,national,2014-03-30,42,571,poisson,loglinear,5,0.75,-12.237,True,255.637,1.1193,1.0693,-0.0991,-0.0028
UNITED STATES OF AMERICA,UNITED STATES OF AMERICA,national,2014-03-30,42,571,poisson,loglinear,7,1.0,-9.827,True,,0.9857,1.1711,0.076,-0.0625
UNITED STATES OF AMERICA,UNITED STATES OF AMERICA,national,2014-03-30,42,571,poisson,loglinear,7,0.75,-13.137,True,137.517,1.096,1.0693,-0.0937,-0.0219
UNITED STATES OF AMERICA,UNITED STATES OF AMERICA,national,2015-04-19,59,1253,nb,briere,3,1.0,-10.689,True,,1.1151,1.1197,0.29,0.0215
UNITED STATES OF AMERICA,UNITED STATES OF AMERICA,national,2015-04-19,59,1253,nb,briere,3,0.75,-5.903,True,17.738,1.0799,1.1186,0.2818,0.0943
UNITED STATES OF AMERICA,UNITED STATES OF AMERICA,national,2015-04-19,59,1253,nb,briere,5,1.0,-11.307,True,,1.1132,1.1197,0.2945,0.0303
UNITED STATES OF AMERICA,UNITED STATES OF AMERICA,national,2015-04-19,59,1253,nb,briere,5,0.75,-9.672,True,21.661,1.0604,1.1186,0.2701,0.1394
UNITED STATES OF AMERICA,UNITED STATES OF AMERICA,national,2015-04-19,59,1253,nb,briere,7,1.0,-10.075,True,,1.1215,1.1197,0.3082,0.0204
UNITED STATES OF AMERICA,UNITED STATES OF AMERICA,national,2015-04-19,59,1253,nb,briere,7,0.75,-4.265,True,-5.901,1.1066,1.1186,0.2932,0.0508
UNITED STATES OF AMERICA,UNITED STATES OF AMERICA,national,2015-04-19,59,1253,nb,loglinear,3,1.0,-8.308,True,,1.0082,1.1197,0.0638,0.0192
UNITED STATES OF AMERICA,UNITED STATES OF AMERICA,national,2015-04-19,59,1253,nb,loglinear,3,0.75,-4.335,True,13.27,0.9909,1.1186,0.0596,0.0959
UNITED STATES OF AMERICA,UNITED STATES OF AMERICA,national,2015-04-19,59,1253,nb,loglinear,5,1.0,-8.771,True,,1.0054,1.1197,0.0646,0.0268
UNITED STATES OF AMERICA,UNITED STATES OF AMERICA,national,2015-04-19,59,1253,nb,loglinear,5,0.75,-8.279,True,32.167,0.9758,1.1186,0.0572,0.1425
UNITED STATES OF AMERICA,UNITED STATES OF AMERICA,national,2015-04-19,59,1253,nb,loglinear,7,1.0,-7.739,True,,1.0082,1.1197,0.0674,0.0163
UNITED STATES OF AMERICA,UNITED STATES OF AMERICA,national,2015-04-19,59,1253,nb,loglinear,7,0.75,-2.484,True,29.367,1.0131,1.1186,0.0616,0.0495
UNITED STATES OF AMERICA,UNITED STATES OF AMERICA,national,2015-04-19,59,1253,poisson,briere,3,1.0,-29.56,True,,1.1167,1.128,0.2943,0.0264
UNITED STATES OF AMERICA,UNITED STATES OF AMERICA,national,2015-04-19,59,1253,poisson,briere,3,0.75,-21.214,True,36.724,1.0778,1.1289,0.2857,0.1074
UNITED STATES OF AMERICA,UNITED STATES OF AMERICA,national,2015-04-19,59,1253,poisson,briere,5,1.0,-30.131,True,,1.1162,1.128,0.3012,0.0328
UNITED STATES OF AMERICA,UNITED STATES OF AMERICA,national,2015-04-19,59,1253,poisson,briere,5,0.75,-25.213,True,27.116,1.0695,1.1289,0.2765,0.1259
UNITED STATES OF AMERICA,UNITED STATES OF AMERICA,national,2015-04-19,59,1253,poisson,briere,7,1.0,-26.607,True,,1.1258,1.128,0.3145,0.019
UNITED STATES OF AMERICA,UNITED STATES OF AMERICA,national,2015-04-19,59,1253,poisson,briere,7,0.75,-13.48,True,-11.666,1.1128,1.1289,0.2956,0.041
UNITED STATES OF AMERICA,UNITED STATES OF AMERICA,national,2015-04-19,59,1253,poisson,loglinear,3,1.0,-22.707,True,,1.0083,1.128,0.0647,0.0245
UNITED STATES OF AMERICA,UNITED STATES OF AMERICA,national,2015-04-19,59,1253,poisson,loglinear,3,0.75,-16.307,True,48.699,0.9885,1.1289,0.0606,0.1073
UNITED STATES OF AMERICA,UNITED STATES OF AMERICA,national,2015-04-19,59,1253,poisson,loglinear,5,1.0,-23.196,True,,1.0056,1.128,0.0661,0.0303
UNITED STATES OF AMERICA,UNITED STATES OF AMERICA,national,2015-04-19,59,1253,poisson,loglinear,5,0.75,-21.446,True,88.52,0.9815,1.1289,0.059,0.1312
UNITED STATES OF AMERICA,UNITED STATES OF AMERICA,national,2015-04-19,59,1253,poisson,loglinear,7,1.0,-20.146,True,,1.0095,1.128,0.0689,0.0173
UNITED STATES OF AMERICA,UNITED STATES OF AMERICA,national,2015-04-19,59,1253,poisson,loglinear,7,0.75,-8.72,True,87.654,1.0168,1.1289,0.0627,0.0433
UNITED STATES OF AMERICA,UNITED STATES OF AMERICA,national,2016-06-05,34,585,nb,briere,3,1.0,-4.568,True,,1.0995,1.049,0.0,-0.079
UNITED STATES OF AMERICA,UNITED STATES OF AMERICA,national,2016-06-05,34,585,nb,briere,3,0.75,1.845,False,-22.07,1.1079,1.1554,0.0,-0.0689
UNITED STATES OF AMERICA,UNITED STATES OF AMERICA,national,2016-06-05,34,585,nb,briere,5,1.0,-0.748,True,,1.0485,1.049,0.0,-0.0644
UNITED STATES OF AMERICA,UNITED STATES OF AMERICA,national,2016-06-05,34,585,nb,briere,5,0.75,3.978,False,4.205,1.1654,1.1554,0.0,0.0084
UNITED STATES OF AMERICA,UNITED STATES OF AMERICA,national,2016-06-05,34,585,nb,briere,7,1.0,2.133,False,,1.016,1.049,0.0,-0.0466
UNITED STATES OF AMERICA,UNITED STATES OF AMERICA,national,2016-06-05,34,585,nb,briere,7,0.75,1.442,False,47.437,1.301,1.1554,0.0,0.1024
UNITED STATES OF AMERICA,UNITED STATES OF AMERICA,national,2016-06-05,34,585,nb,loglinear,3,1.0,-5.432,True,,1.2983,1.049,-0.0804,-0.0478
UNITED STATES OF AMERICA,UNITED STATES OF AMERICA,national,2016-06-05,34,585,nb,loglinear,3,0.75,0.827,False,-20.697,1.2831,1.1554,-0.07,-0.038
UNITED STATES OF AMERICA,UNITED STATES OF AMERICA,national,2016-06-05,34,585,nb,loglinear,5,1.0,-4.728,True,,1.4077,1.049,-0.1343,-0.0292
UNITED STATES OF AMERICA,UNITED STATES OF AMERICA,national,2016-06-05,34,585,nb,loglinear,5,0.75,1.297,False,-15.328,1.3696,1.1554,-0.1029,-0.0015
UNITED STATES OF AMERICA,UNITED STATES OF AMERICA,national,2016-06-05,34,585,nb,loglinear,7,1.0,-4.53,True,,1.4488,1.049,-0.157,-0.0269
UNITED STATES OF AMERICA,UNITED STATES OF AMERICA,national,2016-06-05,34,585,nb,loglinear,7,0.75,0.888,False,10.361,1.3746,1.1554,-0.0678,0.0561
UNITED STATES OF AMERICA,UNITED STATES OF AMERICA,national,2016-06-05,34,585,poisson,briere,3,1.0,-9.94,True,,1.1142,1.0807,0.0,-0.0813
UNITED STATES OF AMERICA,UNITED STATES OF AMERICA,national,2016-06-05,34,585,poisson,briere,3,0.75,1.419,False,-30.083,1.1375,1.1825,0.0,-0.0603
UNITED STATES OF AMERICA,UNITED STATES OF AMERICA,national,2016-06-05,34,585,poisson,briere,5,1.0,-3.134,True,,1.0683,1.0807,0.0,-0.066
UNITED STATES OF AMERICA,UNITED STATES OF AMERICA,national,2016-06-05,34,585,poisson,briere,5,0.75,3.686,False,16.186,1.2109,1.1825,0.0,0.0254
UNITED STATES OF AMERICA,UNITED STATES OF AMERICA,national,2016-06-05,34,585,poisson,briere,7,1.0,1.577,False,,1.0434,1.0807,0.0,-0.0455
UNITED STATES OF AMERICA,UNITED STATES OF AMERICA,national,2016-06-05,34,585,poisson,briere,7,0.75,-0.627,True,53.925,1.3243,1.1825,0.0,0.1095
UNITED STATES OF AMERICA,UNITED STATES OF AMERICA,national,2016-06-05,34,585,poisson,loglinear,3,1.0,-12.677,True,,1.3826,1.0807,-0.1115,-0.0414
UNITED STATES OF AMERICA,UNITED STATES OF AMERICA,national,2016-06-05,34,585,poisson,loglinear,3,0.75,-1.497,True,-29.759,1.361,1.1825,-0.0966,-0.0242
UNITED STATES OF AMERICA,UNITED STATES OF AMERICA,national,2016-06-05,34,585,poisson,loglinear,5,1.0,-11.904,True,,1.4727,1.0807,-0.157,-0.0291
UNITED STATES OF AMERICA,UNITED STATES OF AMERICA,national,2016-06-05,34,585,poisson,loglinear,5,0.75,-1.194,True,-22.642,1.4212,1.1825,-0.1181,0.0059
UNITED STATES OF AMERICA,UNITED STATES OF AMERICA,national,2016-06-05,34,585,poisson,loglinear,7,1.0,-11.814,True,,1.5101,1.0807,-0.1791,-0.03
UNITED STATES OF AMERICA,UNITED STATES OF AMERICA,national,2016-06-05,34,585,poisson,loglinear,7,0.75,-1.748,True,2.966,1.4128,1.1825,-0.0825,0.054
UNITED STATES OF AMERICA,UNITED STATES OF AMERICA,national,2018-07-08,34,320,nb,briere,3,1.0,3.487,False,,0.9819,1.0412,0.0,0.0501
UNITED STATES OF AMERICA,UNITED STATES OF AMERICA,national,2018-07-08,34,320,nb,briere,3,0.75,3.078,False,3.741,0.9616,1.0413,0.0,0.1303
UNITED STATES OF AMERICA,UNITED STATES OF AMERICA,national,2018-07-08,34,320,nb,briere,5,1.0,3.615,False,,1.0279,1.0412,0.1195,0.0144
UNITED STATES OF AMERICA,UNITED STATES OF AMERICA,national,2018-07-08,34,320,nb,briere,5,0.75,3.517,False,1.071,1.0289,1.0413,0.1092,0.1174
UNITED STATES OF AMERICA,UNITED STATES OF AMERICA,national,2018-07-08,34,320,nb,briere,7,1.0,1.737,False,,1.1141,1.0412,0.5471,-0.3015
UNITED STATES OF AMERICA,UNITED STATES OF AMERICA,national,2018-07-08,34,320,nb,briere,7,0.75,2.974,False,-1.195,1.095,1.0413,0.3932,-0.2009
UNITED STATES OF AMERICA,UNITED STATES OF AMERICA,national,2018-07-08,34,320,nb,loglinear,3,1.0,3.482,False,,0.982,1.0412,-0.0072,0.0589
UNITED STATES OF AMERICA,UNITED STATES OF AMERICA,national,2018-07-08,34,320,nb,loglinear,3,0.75,1.445,False,54.886,1.6578,1.0413,-0.4355,0.1028
UNITED STATES OF AMERICA,UNITED STATES OF AMERICA,national,2018-07-08,34,320,nb,loglinear,5,1.0,3.629,False,,0.9844,1.0412,0.0264,0.0217
UNITED STATES OF AMERICA,UNITED STATES OF AMERICA,national,2018-07-08,34,320,nb,loglinear,5,0.75,3.541,False,0.059,0.9988,1.0413,0.0141,0.1229
UNITED STATES OF AMERICA,UNITED STATES OF AMERICA,national,2018-07-08,34,320,nb,loglinear,7,1.0,1.957,False,,0.9176,1.0412,0.1253,-0.2684
UNITED STATES OF AMERICA,UNITED STATES OF AMERICA,national,2018-07-08,34,320,nb,loglinear,7,0.75,3.098,False,7.828,0.9845,1.0413,0.0615,-0.1924
UNITED STATES OF AMERICA,UNITED STATES OF AMERICA,national,2018-07-08,34,320,poisson,briere,3,1.0,0.486,False,,1.1374,1.102,0.3734,-0.0458
UNITED STATES OF AMERICA,UNITED STATES OF AMERICA,national,2018-07-08,34,320,poisson,briere,3,0.75,2.725,False,-0.887,1.0706,1.1196,0.225,0.0282
UNITED STATES OF AMERICA,UNITED STATES OF AMERICA,national,2018-07-08,34,320,poisson,briere,5,1.0,0.447,False,,1.1023,1.102,0.3138,-0.0552
UNITED STATES OF AMERICA,UNITED STATES OF AMERICA,national,2018-07-08,34,320,poisson,briere,5,0.75,2.521,False,1.773,1.0885,1.1196,0.256,0.0576
UNITED STATES OF AMERICA,UNITED STATES OF AMERICA,national,2018-07-08,34,320,poisson,briere,7,1.0,-4.248,True,,1.1204,1.102,0.477,-0.2118
UNITED STATES OF AMERICA,UNITED STATES OF AMERICA,national,2018-07-08,34,320,poisson,briere,7,0.75,2.007,False,-4.961,1.1154,1.1196,0.3733,-0.083
UNITED STATES OF AMERICA,UNITED STATES OF AMERICA,national,2018-07-08,34,320,poisson,loglinear,3,1.0,0.602,False,,0.9905,1.102,0.0821,-0.0333
UNITED STATES OF AMERICA,UNITED STATES OF AMERICA,national,2018-07-08,34,320,poisson,loglinear,3,0.75,-6.864,True,122.613,1.6895,1.1196,-0.3682,0.0031
UNITED STATES OF AMERICA,UNITED STATES OF AMERICA,national,2018-07-08,34,320,poisson,loglinear,5,1.0,0.625,False,,0.9842,1.102,0.0704,-0.0372
UNITED STATES OF AMERICA,UNITED STATES OF AMERICA,national,2018-07-08,34,320,poisson,loglinear,5,0.75,2.824,False,4.671,1.0146,1.1196,0.04,0.0696
UNITED STATES OF AMERICA,UNITED STATES OF AMERICA,national,2018-07-08,34,320,poisson,loglinear,7,1.0,-3.503,True,,0.9467,1.102,0.1085,-0.1807
UNITED STATES OF AMERICA,UNITED STATES OF AMERICA,national,2018-07-08,34,320,poisson,loglinear,7,0.75,-14.071,True,207.365,1.9834,1.1196,-0.3813,-0.3253
UNITED STATES OF AMERICA,UNITED STATES OF AMERICA,national,2019-05-26,38,1078,nb,briere,3,1.0,3.996,False,,1.336,1.3301,0.0,-0.0061
UNITED STATES OF AMERICA,UNITED STATES OF AMERICA,national,2019-05-26,38,1078,nb,briere,3,0.75,3.896,False,0.255,1.403,1.34,0.2602,-0.0447
UNITED STATES OF AMERICA,UNITED STATES OF AMERICA,national,2019-05-26,38,1078,nb,briere,5,1.0,3.838,False,,1.4006,1.3301,0.2245,-0.052
UNITED STATES OF AMERICA,UNITED STATES OF AMERICA,national,2019-05-26,38,1078,nb,briere,5,0.75,2.121,False,2.865,1.6863,1.34,1.7057,-0.2593
UNITED STATES OF AMERICA,UNITED STATES OF AMERICA,national,2019-05-26,38,1078,nb,briere,7,1.0,3.926,False,,1.3631,1.3301,0.0982,-0.0259
UNITED STATES OF AMERICA,UNITED STATES OF AMERICA,national,2019-05-26,38,1078,nb,briere,7,0.75,3.501,False,2.178,1.4858,1.34,1.1467,-0.1758
UNITED STATES OF AMERICA,UNITED STATES OF AMERICA,national,2019-05-26,38,1078,nb,loglinear,3,1.0,3.995,False,,1.353,1.3301,-0.0128,-0.0031
UNITED STATES OF AMERICA,UNITED STATES OF AMERICA,national,2019-05-26,38,1078,nb,loglinear,3,0.75,3.844,False,0.309,1.2624,1.34,0.0944,-0.0613
UNITED STATES OF AMERICA,UNITED STATES OF AMERICA,national,2019-05-26,38,1078,nb,loglinear,5,1.0,3.74,False,,1.1891,1.3301,0.1401,-0.0801
UNITED STATES OF AMERICA,UNITED STATES OF AMERICA,national,2019-05-26,38,1078,nb,loglinear,5,0.75,2.061,False,36.309,1.1951,1.34,0.1995,-0.2493
UNITED STATES OF AMERICA,UNITED STATES OF AMERICA,national,2019-05-26,38,1078,nb,loglinear,7,1.0,3.858,False,,1.1616,1.3301,0.1426,-0.0623
UNITED STATES OF AMERICA,UNITED STATES OF AMERICA,national,2019-05-26,38,1078,nb,loglinear,7,0.75,3.458,False,25.257,1.1742,1.34,0.1404,-0.164
UNITED STATES OF AMERICA,UNITED STATES OF AMERICA,national,2019-05-26,38,1078,poisson,briere,3,1.0,-38.987,True,,1.5262,1.3356,0.0,-0.1277
UNITED STATES OF AMERICA,UNITED STATES OF AMERICA,national,2019-05-26,38,1078,poisson,briere,3,0.75,-45.155,True,2.936,1.5669,1.3523,0.0,-0.1435
UNITED STATES OF AMERICA,UNITED STATES OF AMERICA,national,2019-05-26,38,1078,poisson,briere,5,1.0,-33.118,True,,1.4768,1.3356,0.0,-0.0962
UNITED STATES OF AMERICA,UNITED STATES OF AMERICA,national,2019-05-26,38,1078,poisson,briere,5,0.75,-53.782,True,41.639,1.4919,1.3523,0.0,-0.1407
UNITED STATES OF AMERICA,UNITED STATES OF AMERICA,national,2019-05-26,38,1078,poisson,briere,7,1.0,-9.642,True,,1.3926,1.3356,0.0,-0.0483
UNITED STATES OF AMERICA,UNITED STATES OF AMERICA,national,2019-05-26,38,1078,poisson,briere,7,0.75,-22.517,True,63.906,1.3975,1.3523,0.0,-0.1024
UNITED STATES OF AMERICA,UNITED STATES OF AMERICA,national,2019-05-26,38,1078,poisson,loglinear,3,1.0,-43.405,True,,1.6801,1.3356,-0.1148,-0.1107
UNITED STATES OF AMERICA,UNITED STATES OF AMERICA,national,2019-05-26,38,1078,poisson,loglinear,3,0.75,-49.723,True,0.97,1.7619,1.3523,-0.145,-0.1373
UNITED STATES OF AMERICA,UNITED STATES OF AMERICA,national,2019-05-26,38,1078,poisson,loglinear,5,1.0,-53.725,True,,1.8424,1.3356,-0.2219,-0.1066
UNITED STATES OF AMERICA,UNITED STATES OF AMERICA,national,2019-05-26,38,1078,poisson,loglinear,5,0.75,-67.139,True,69.829,1.9634,1.3523,-0.3182,-0.1468
UNITED STATES OF AMERICA,UNITED STATES OF AMERICA,national,2019-05-26,38,1078,poisson,loglinear,7,1.0,-34.362,True,,1.8816,1.3356,-0.2888,-0.0707
UNITED STATES OF AMERICA,UNITED STATES OF AMERICA,national,2019-05-26,38,1078,poisson,loglinear,7,0.75,-29.594,True,23.16,1.9132,1.3523,-0.3654,-0.098
UNITED STATES OF AMERICA,UNITED STATES OF AMERICA,national,2022-05-22,34,1086,nb,briere,3,1.0,0.762,False,,1.7148,1.4094,2.3329,-0.033
UNITED STATES OF AMERICA,UNITED STATES OF AMERICA,national,2022-05-22,34,1086,nb,briere,3,0.75,3.141,False,38.814,1.438,1.4084,0.379,0.1712
UNITED STATES OF AMERICA,UNITED STATES OF AMERICA,national,2022-05-22,34,1086,nb,briere,5,1.0,0.829,False,,1.6841,1.4094,2.2646,-0.0193
UNITED STATES OF AMERICA,UNITED STATES OF AMERICA,national,2022-05-22,34,1086,nb,briere,5,0.75,3.66,False,24.54,1.4501,1.4084,0.0365,0.162
UNITED STATES OF AMERICA,UNITED STATES OF AMERICA,national,2022-05-22,34,1086,nb,briere,7,1.0,0.766,False,,1.6764,1.4094,2.016,0.0479
UNITED STATES OF AMERICA,UNITED STATES OF AMERICA,national,2022-05-22,34,1086,nb,briere,7,0.75,3.806,False,-0.038,1.5359,1.4084,1.2235,-0.0904
UNITED STATES OF AMERICA,UNITED STATES OF AMERICA,national,2022-05-22,34,1086,nb,loglinear,3,1.0,1.98,False,,0.9849,1.4094,0.3152,0.0105
UNITED STATES OF AMERICA,UNITED STATES OF AMERICA,national,2022-05-22,34,1086,nb,loglinear,3,0.75,3.14,False,40.128,1.3435,1.4084,0.0293,0.1715
UNITED STATES OF AMERICA,UNITED STATES OF AMERICA,national,2022-05-22,34,1086,nb,loglinear,5,1.0,1.912,False,,1.0086,1.4094,0.2973,0.0364
UNITED STATES OF AMERICA,UNITED STATES OF AMERICA,national,2022-05-22,34,1086,nb,loglinear,5,0.75,3.66,False,24.48,1.437,1.4084,0.0056,0.1615
UNITED STATES OF AMERICA,UNITED STATES OF AMERICA,national,2022-05-22,34,1086,nb,loglinear,7,1.0,1.6,False,,1.0738,1.4094,0.2646,0.0995
UNITED STATES OF AMERICA,UNITED STATES OF AMERICA,national,2022-05-22,34,1086,nb,loglinear,7,0.75,3.822,False,1.286,1.2372,1.4084,0.092,-0.093
UNITED STATES OF AMERICA,UNITED STATES OF AMERICA,national,2022-05-22,34,1086,poisson,briere,3,1.0,-9.136,True,,1.5291,1.3808,1.3496,-0.0329
UNITED STATES OF AMERICA,UNITED STATES OF AMERICA,national,2022-05-22,34,1086,poisson,briere,3,0.75,-0.468,True,64.859,1.3819,1.4,0.0,0.0707
UNITED STATES OF AMERICA,UNITED STATES OF AMERICA,national,2022-05-22,34,1086,poisson,briere,5,1.0,-11.922,True,,1.5099,1.3808,1.4088,-0.0578
UNITED STATES OF AMERICA,UNITED STATES OF AMERICA,national,2022-05-22,34,1086,poisson,briere,5,0.75,1.984,False,36.277,1.3845,1.4,0.1181,-0.0896
UNITED STATES OF AMERICA,UNITED STATES OF AMERICA,national,2022-05-22,34,1086,poisson,briere,7,1.0,-7.949,True,,1.4862,1.3808,0.9859,0.0289
UNITED STATES OF AMERICA,UNITED STATES OF AMERICA,national,2022-05-22,34,1086,poisson,briere,7,0.75,3.944,False,0.012,1.3981,1.4,0.0288,-0.0121
UNITED STATES OF AMERICA,UNITED STATES OF AMERICA,national,2022-05-22,34,1086,poisson,loglinear,3,1.0,-1.685,True,,1.1499,1.3808,0.1536,-0.0057
UNITED STATES OF AMERICA,UNITED STATES OF AMERICA,national,2022-05-22,34,1086,poisson,loglinear,3,0.75,-0.589,True,65.598,1.4079,1.4,-0.0164,0.0693
UNITED STATES OF AMERICA,UNITED STATES OF AMERICA,national,2022-05-22,34,1086,poisson,loglinear,5,1.0,-2.334,True,,1.1324,1.3808,0.1644,-0.0192
UNITED STATES OF AMERICA,UNITED STATES OF AMERICA,national,2022-05-22,34,1086,poisson,loglinear,5,0.75,1.979,False,45.857,1.3907,1.4,-0.0103,-0.0908
UNITED STATES OF AMERICA,UNITED STATES OF AMERICA,national,2022-05-22,34,1086,poisson,loglinear,7,1.0,-4.906,True,,1.1803,1.3808,0.1402,0.051
UNITED STATES OF AMERICA,UNITED STATES OF AMERICA,national,2022-05-22,34,1086,poisson,loglinear,7,0.75,3.852,False,2.883,1.4244,1.4,-0.0187,-0.018
UNITED STATES OF AMERICA,UNITED STATES OF AMERICA,national,2024-05-19,32,2463,nb,briere,3,1.0,2.187,False,,1.1947,1.1738,0.6282,-0.0614
UNITED STATES OF AMERICA,UNITED STATES OF AMERICA,national,2024-05-19,32,2463,nb,briere,3,0.75,0.181,False,399.258,1.4338,1.1651,2.4399,-0.0121
UNITED STATES OF AMERICA,UNITED STATES OF AMERICA,national,2024-05-19,32,2463,nb,briere,5,1.0,2.437,False,,1.159,1.1738,0.2598,0.0408
UNITED STATES OF AMERICA,UNITED STATES OF AMERICA,national,2024-05-19,32,2463,nb,briere,5,0.75,-0.853,True,528.893,1.4492,1.1651,2.4843,0.0914
UNITED STATES OF AMERICA,UNITED STATES OF AMERICA,national,2024-05-19,32,2463,nb,briere,7,1.0,1.088,False,,1.1929,1.1738,0.0,0.0926
UNITED STATES OF AMERICA,UNITED STATES OF AMERICA,national,2024-05-19,32,2463,nb,briere,7,0.75,-1.964,True,326.274,1.4527,1.1651,1.8453,0.116
UNITED STATES OF AMERICA,UNITED STATES OF AMERICA,national,2024-05-19,32,2463,nb,loglinear,3,1.0,1.943,False,,1.0239,1.1738,0.1334,-0.0561
UNITED STATES OF AMERICA,UNITED STATES OF AMERICA,national,2024-05-19,32,2463,nb,loglinear,3,0.75,-0.34,True,9.657,1.0281,1.1651,0.1498,-0.0137
UNITED STATES OF AMERICA,UNITED STATES OF AMERICA,national,2024-05-19,32,2463,nb,loglinear,5,1.0,2.256,False,,1.0535,1.1738,0.0797,0.0331
UNITED STATES OF AMERICA,UNITED STATES OF AMERICA,national,2024-05-19,32,2463,nb,loglinear,5,0.75,-1.227,True,4.814,1.0306,1.1651,0.1503,0.0851
UNITED STATES OF AMERICA,UNITED STATES OF AMERICA,national,2024-05-19,32,2463,nb,loglinear,7,1.0,1.072,False,,1.168,1.1738,0.0173,0.0868
UNITED STATES OF AMERICA,UNITED STATES OF AMERICA,national,2024-05-19,32,2463,nb,loglinear,7,0.75,-2.157,True,19.46,1.1226,1.1651,0.114,0.1086
UNITED STATES OF AMERICA,UNITED STATES OF AMERICA,national,2024-05-19,32,2463,poisson,briere,3,1.0,-31.555,True,,1.2934,1.2044,0.5761,-0.1335
UNITED STATES OF AMERICA,UNITED STATES OF AMERICA,national,2024-05-19,32,2463,poisson,briere,3,0.75,-53.411,True,1185.645,1.4797,1.2486,2.2749,-0.1048
UNITED STATES OF AMERICA,UNITED STATES OF AMERICA,national,2024-05-19,32,2463,poisson,briere,5,1.0,0.917,False,,1.2106,1.2044,0.1681,-0.031
UNITED STATES OF AMERICA,UNITED STATES OF AMERICA,national,2024-05-19,32,2463,poisson,briere,5,0.75,-37.423,True,1528.747,1.4442,1.2486,2.0498,0.0356
UNITED STATES OF AMERICA,UNITED STATES OF AMERICA,national,2024-05-19,32,2463,poisson,briere,7,1.0,-9.785,True,,1.2015,1.2044,0.0,0.0488
UNITED STATES OF AMERICA,UNITED STATES OF AMERICA,national,2024-05-19,32,2463,poisson,briere,7,0.75,-71.502,True,1329.516,1.452,1.2486,1.7576,0.1061
UNITED STATES OF AMERICA,UNITED STATES OF AMERICA,national,2024-05-19,32,2463,poisson,loglinear,3,1.0,-39.677,True,,1.0587,1.2044,0.169,-0.1504
UNITED STATES OF AMERICA,UNITED STATES OF AMERICA,national,2024-05-19,32,2463,poisson,loglinear,3,0.75,-60.804,True,733.89,1.0829,1.2486,0.1383,-0.1027
UNITED STATES OF AMERICA,UNITED STATES OF AMERICA,national,2024-05-19,32,2463,poisson,loglinear,5,1.0,-0.995,True,,1.1326,1.2044,0.0548,-0.0357
UNITED STATES OF AMERICA,UNITED STATES OF AMERICA,national,2024-05-19,32,2463,poisson,loglinear,5,0.75,-45.077,True,71.677,1.0836,1.2486,0.1288,0.0344
UNITED STATES OF AMERICA,UNITED STATES OF AMERICA,national,2024-05-19,32,2463,poisson,loglinear,7,1.0,-11.114,True,,1.248,1.2044,-0.0309,0.0574
UNITED STATES OF AMERICA,UNITED STATES OF AMERICA,national,2024-05-19,32,2463,poisson,loglinear,7,0.75,-75.522,True,201.542,1.1356,1.2486,0.1092,0.1013
VENEZUELA,VENEZUELA,national,2016-05-15,39,11191,nb,briere,3,1.0,-5.585,True,,1.0735,0.9464,0.2248,0.0799
VENEZUELA,VENEZUELA,national,2016-05-15,39,11191,nb,briere,3,0.75,3.902,False,-12.942,1.045,0.9324,0.1977,0.0493
VENEZUELA,VENEZUELA,national,2016-05-15,39,11191,nb,briere,5,1.0,-6.577,True,,1.0146,0.9464,0.1143,0.0729
VENEZUELA,VENEZUELA,national,2016-05-15,39,11191,nb,briere,5,0.75,3.374,False,1573.064,0.9646,0.9324,0.3602,-0.2566
VENEZUELA,VENEZUELA,national,2016-05-15,39,11191,nb,briere,7,1.0,-7.122,True,,0.9559,0.9464,0.0,0.0642
VENEZUELA,VENEZUELA,national,2016-05-15,39,11191,nb,briere,7,0.75,3.057,False,100.892,1.0256,0.9324,0.0,0.2496
VENEZUELA,VENEZUELA,national,2016-05-15,39,11191,nb,loglinear,3,1.0,-5.817,True,,0.9537,0.9464,0.0502,0.0931
VENEZUELA,VENEZUELA,national,2016-05-15,39,11191,nb,loglinear,3,0.75,3.844,False,-16.51,0.9596,0.9324,0.015,0.0529
VENEZUELA,VENEZUELA,national,2016-05-15,39,11191,nb,loglinear,5,1.0,-6.653,True,,0.9553,0.9464,0.0211,0.0753
VENEZUELA,VENEZUELA,national,2016-05-15,39,11191,nb,loglinear,5,0.75,3.264,False,1070.324,0.8178,0.9324,0.0253,-0.2695
VENEZUELA,VENEZUELA,national,2016-05-15,39,11191,nb,loglinear,7,1.0,-7.126,True,,0.956,0.9464,0.0017,0.0663
VENEZUELA,VENEZUELA,national,2016-05-15,39,11191,nb,loglinear,7,0.75,3.052,False,92.711,1.0231,0.9324,0.003,0.2437
VENEZUELA,VENEZUELA,national,2016-05-15,39,11191,poisson,briere,3,1.0,-123.931,True,,1.007,0.9446,0.1003,0.0586
VENEZUELA,VENEZUELA,national,2016-05-15,39,11191,poisson,briere,3,0.75,-0.166,True,1701.152,1.0195,0.9339,0.2852,-0.0643
VENEZUELA,VENEZUELA,national,2016-05-15,39,11191,poisson,briere,5,1.0,-137.638,True,,0.9948,0.9446,0.0732,0.065
VENEZUELA,VENEZUELA,national,2016-05-15,39,11191,poisson,briere,5,0.75,-5.568,True,3428.648,1.0615,0.9339,0.4819,-0.1701
VENEZUELA,VENEZUELA,national,2016-05-15,39,11191,poisson,briere,7,1.0,-146.988,True,,0.9577,0.9446,0.0,0.0634
VENEZUELA,VENEZUELA,national,2016-05-15,39,11191,poisson,briere,7,0.75,-10.225,True,1377.923,1.0163,0.9339,0.0375,0.1786
VENEZUELA,VENEZUELA,national,2016-05-15,39,11191,poisson,loglinear,3,1.0,-125.96,True,,0.9554,0.9446,0.0286,0.0708
VENEZUELA,VENEZUELA,national,2016-05-15,39,11191,poisson,loglinear,3,0.75,-1.664,True,964.513,0.8961,0.9339,0.02,-0.0698
VENEZUELA,VENEZUELA,national,2016-05-15,39,11191,poisson,loglinear,5,1.0,-138.473,True,,0.9571,0.9446,0.0148,0.068
VENEZUELA,VENEZUELA,national,2016-05-15,39,11191,poisson,loglinear,5,0.75,-8.006,True,2149.125,0.8521,0.9339,0.0322,-0.1849
VENEZUELA,VENEZUELA,national,2016-05-15,39,11191,poisson,loglinear,7,1.0,-146.989,True,,0.9577,0.9446,0.0003,0.0637
VENEZUELA,VENEZUELA,national,2016-05-15,39,11191,poisson,loglinear,7,0.75,-10.491,True,1321.551,0.9967,0.9339,0.0055,0.1714
VENEZUELA,VENEZUELA,national,2018-04-22,52,19379,nb,briere,3,1.0,-10.202,True,,1.8842,1.1575,1.0168,0.0013
VENEZUELA,VENEZUELA,national,2018-04-22,52,19379,nb,briere,3,0.75,-13.64,True,46.369,2.213,1.1592,1.3111,0.0099
VENEZUELA,VENEZUELA,national,2018-04-22,52,19379,nb,briere,5,1.0,-10.21,True,,1.8809,1.1575,1.0125,-0.0018
VENEZUELA,VENEZUELA,national,2018-04-22,52,19379,nb,briere,5,0.75,-13.46,True,41.97,2.2162,1.1592,1.3106,0.0069
VENEZUELA,VENEZUELA,national,2018-04-22,52,19379,nb,briere,7,1.0,-10.224,True,,1.8716,1.1575,1.0045,-0.0027
VENEZUELA,VENEZUELA,national,2018-04-22,52,19379,nb,briere,7,0.75,-13.524,True,50.812,2.299,1.1592,1.3727,0.0111
VENEZUELA,VENEZUELA,national,2018-04-22,52,19379,nb,loglinear,3,1.0,-10.383,True,,1.0058,1.1575,0.1022,0.0022
VENEZUELA,VENEZUELA,national,2018-04-22,52,19379,nb,loglinear,3,0.75,-13.869,True,4.614,1.0148,1.1592,0.1319,0.013
VENEZUELA,VENEZUELA,national,2018-04-22,52,19379,nb,loglinear,5,1.0,-10.363,True,,1.0067,1.1575,0.102,-0.0011
VENEZUELA,VENEZUELA,national,2018-04-22,52,19379,nb,loglinear,5,0.75,-13.627,True,6.125,1.0165,1.1592,0.133,0.0104
VENEZUELA,VENEZUELA,national,2018-04-22,52,19379,nb,loglinear,7,1.0,-10.376,True,,1.0068,1.1575,0.1013,-0.0021
VENEZUELA,VENEZUELA,national,2018-04-22,52,19379,nb,loglinear,7,0.75,-13.72,True,5.211,1.0165,1.1592,0.1414,0.016
VENEZUELA,VENEZUELA,national,2018-04-22,52,19379,poisson,briere,3,1.0,-377.85,True,,2.0664,1.1893,1.1493,-0.0184
VENEZUELA,VENEZUELA,national,2018-04-22,52,19379,poisson,briere,3,0.75,-460.636,True,572.103,2.442,1.208,1.4562,-0.0088
VENEZUELA,VENEZUELA,national,2018-04-22,52,19379,poisson,briere,5,1.0,-426.125,True,,2.0011,1.1893,1.0934,-0.024
VENEZUELA,VENEZUELA,national,2018-04-22,52,19379,poisson,briere,5,0.75,-481.273,True,283.53,2.2889,1.208,1.3379,-0.0174
VENEZUELA,VENEZUELA,national,2018-04-22,52,19379,poisson,briere,7,1.0,-447.369,True,,1.8981,1.1893,1.0099,-0.0306
VENEZUELA,VENEZUELA,national,2018-04-22,52,19379,poisson,briere,7,0.75,-491.007,True,46.864,2.0665,1.208,1.1626,-0.0289
VENEZUELA,VENEZUELA,national,2018-04-22,52,19379,poisson,loglinear,3,1.0,-380.31,True,,1.0162,1.1893,0.1158,-0.0168
VENEZUELA,VENEZUELA,national,2018-04-22,52,19379,poisson,loglinear,3,0.75,-462.656,True,-61.945,1.0275,1.208,0.1457,-0.0056
VENEZUELA,VENEZUELA,national,2018-04-22,52,19379,poisson,loglinear,5,1.0,-426.788,True,,1.0187,1.1893,0.1105,-0.0226
VENEZUELA,VENEZUELA,national,2018-04-22,52,19379,poisson,loglinear,5,0.75,-477.815,True,91.694,1.0331,1.208,0.1352,-0.014
VENEZUELA,VENEZUELA,national,2018-04-22,52,19379,poisson,loglinear,7,1.0,-450.144,True,,1.0176,1.1893,0.1023,-0.0295
VENEZUELA,VENEZUELA,national,2018-04-22,52,19379,poisson,loglinear,7,0.75,-486.613,True,255.198,1.0353,1.208,0.1192,-0.0249
VENEZUELA,VENEZUELA,national,2020-05-10,55,6526,nb,briere,3,1.0,0.824,False,,1.0016,1.0133,0.0,-0.0241
VENEZUELA,VENEZUELA,national,2020-05-10,55,6526,nb,briere,3,0.75,-0.934,True,107.664,1.0469,1.0166,0.0,0.0729
VENEZUELA,VENEZUELA,national,2020-05-10,55,6526,nb,briere,5,1.0,-3.218,True,,0.9989,1.0133,0.0,-0.0342
VENEZUELA,VENEZUELA,national,2020-05-10,55,6526,nb,briere,5,0.75,3.54,False,57.28,1.0383,1.0166,0.0,0.042
VENEZUELA,VENEZUELA,national,2020-05-10,55,6526,nb,briere,7,1.0,-4.923,True,,0.9968,1.0133,0.0,-0.0388
VENEZUELA,VENEZUELA,national,2020-05-10,55,6526,nb,briere,7,0.75,2.882,False,419.524,0.925,1.0166,0.0,-0.1801
VENEZUELA,VENEZUELA,national,2020-05-10,55,6526,nb,loglinear,3,1.0,-15.107,True,,0.9915,1.0133,-0.1383,-0.1793
VENEZUELA,VENEZUELA,national,2020-05-10,55,6526,nb,loglinear,3,0.75,-10.817,True,-8.708,1.0021,1.0166,-0.1065,-0.0717
VENEZUELA,VENEZUELA,national,2020-05-10,55,6526,nb,loglinear,5,1.0,-19.492,True,,0.9863,1.0133,-0.0935,-0.1281
VENEZUELA,VENEZUELA,national,2020-05-10,55,6526,nb,loglinear,5,0.75,-12.898,True,110.793,0.9488,1.0166,-0.1012,-0.1627
VENEZUELA,VENEZUELA,national,2020-05-10,55,6526,nb,loglinear,7,1.0,-15.768,True,,0.9867,1.0133,-0.062,-0.0974
VENEZUELA,VENEZUELA,national,2020-05-10,55,6526,nb,loglinear,7,0.75,-12.218,True,1404.705,0.8673,1.0166,-0.0784,-0.3215
VENEZUELA,VENEZUELA,national,2020-05-10,55,6526,poisson,briere,3,1.0,-92.234,True,,1.0079,1.0391,0.0,-0.0314
VENEZUELA,VENEZUELA,national,2020-05-10,55,6526,poisson,briere,3,0.75,-72.674,True,3650.893,1.0446,1.0278,0.0,0.0464
VENEZUELA,VENEZUELA,national,2020-05-10,55,6526,poisson,briere,5,1.0,-231.776,True,,1.0048,1.0391,0.0,-0.0447
VENEZUELA,VENEZUELA,national,2020-05-10,55,6526,poisson,briere,5,0.75,2.165,False,851.058,1.0352,1.0278,0.0,0.0148
VENEZUELA,VENEZUELA,national,2020-05-10,55,6526,poisson,briere,7,1.0,-288.177,True,,1.0013,1.0391,0.0,-0.052
VENEZUELA,VENEZUELA,national,2020-05-10,55,6526,poisson,briere,7,0.75,-73.942,True,4320.851,0.8627,1.0278,0.0,-0.3341
VENEZUELA,VENEZUELA,national,2020-05-10,55,6526,poisson,loglinear,3,1.0,-486.419,True,,1.0354,1.0391,-0.1421,-0.1653
VENEZUELA,VENEZUELA,national,2020-05-10,55,6526,poisson,loglinear,3,0.75,-347.769,True,-769.696,1.009,1.0278,-0.1125,-0.0883
VENEZUELA,VENEZUELA,national,2020-05-10,55,6526,poisson,loglinear,5,1.0,-660.647,True,,0.9883,1.0391,-0.095,-0.1407
VENEZUELA,VENEZUELA,national,2020-05-10,55,6526,poisson,loglinear,5,0.75,-430.593,True,547.418,0.9463,1.0278,-0.1009,-0.1814
VENEZUELA,VENEZUELA,national,2020-05-10,55,6526,poisson,loglinear,7,1.0,-544.189,True,,0.9879,1.0391,-0.0581,-0.1087
VENEZUELA,VENEZUELA,national,2020-05-10,55,6526,poisson,loglinear,7,0.75,-427.422,True,5684.599,0.8217,1.0278,-0.0728,-0.4376
VENEZUELA,VENEZUELA,national,2022-04-24,57,14955,nb,briere,3,1.0,-20.451,True,,1.338,1.0961,0.528,0.0249
VENEZUELA,VENEZUELA,national,2022-04-24,57,14955,nb,briere,3,0.75,-10.136,True,32.076,1.3383,1.1125,0.5636,-0.0221
VENEZUELA,VENEZUELA,national,2022-04-24,57,14955,nb,briere,5,1.0,-19.644,True,,1.2934,1.0961,0.4613,0.0056
VENEZUELA,VENEZUELA,national,2022-04-24,57,14955,nb,briere,5,0.75,-14.449,True,770.96,1.2504,1.1125,0.5637,-0.2172
VENEZUELA,VENEZUELA,national,2022-04-24,57,14955,nb,briere,7,1.0,-19.715,True,,1.272,1.0961,0.4315,-0.0073
VENEZUELA,VENEZUELA,national,2022-04-24,57,14955,nb,briere,7,0.75,-20.496,True,1012.35,1.273,1.1125,0.6435,-0.2784
VENEZUELA,VENEZUELA,national,2022-04-24,57,14955,nb,loglinear,3,1.0,-20.661,True,,1.0236,1.0961,0.0775,0.0247
VENEZUELA,VENEZUELA,national,2022-04-24,57,14955,nb,loglinear,3,0.75,-10.256,True,-6.645,1.0154,1.1125,0.081,-0.0237
VENEZUELA,VENEZUELA,national,2022-04-24,57,14955,nb,loglinear,5,1.0,-19.889,True,,1.0237,1.0961,0.0682,0.0065
VENEZUELA,VENEZUELA,national,2022-04-24,57,14955,nb,loglinear,5,0.75,-14.854,True,516.359,0.9467,1.1125,0.0816,-0.2242
VENEZUELA,VENEZUELA,national,2022-04-24,57,14955,nb,loglinear,7,1.0,-19.907,True,,1.0221,1.0961,0.0637,-0.0063
VENEZUELA,VENEZUELA,national,2022-04-24,57,14955,nb,loglinear,7,0.75,-21.164,True,692.241,0.9253,1.1125,0.0937,-0.2902
VENEZUELA,VENEZUELA,national,2022-04-24,57,14955,poisson,briere,3,1.0,-849.733,True,,1.3877,1.1177,0.5929,0.0263
VENEZUELA,VENEZUELA,national,2022-04-24,57,14955,poisson,briere,3,0.75,-726.005,True,8654.807,1.2796,1.1476,0.6435,-0.3296
VENEZUELA,VENEZUELA,national,2022-04-24,57,14955,poisson,briere,5,1.0,-828.685,True,,1.3541,1.1177,0.5436,0.0124
VENEZUELA,VENEZUELA,national,2022-04-24,57,14955,poisson,briere,5,0.75,-846.921,True,9028.18,1.2603,1.1476,0.6896,-0.3804
VENEZUELA,VENEZUELA,national,2022-04-24,57,14955,poisson,briere,7,1.0,-824.783,True,,1.3429,1.1177,0.5275,0.0082
VENEZUELA,VENEZUELA,national,2022-04-24,57,14955,poisson,briere,7,0.75,-719.88,True,6451.623,1.3392,1.1476,0.7564,-0.2839
VENEZUELA,VENEZUELA,national,2022-04-24,57,14955,poisson,loglinear,3,1.0,-860.692,True,,1.0273,1.1177,0.0861,0.0246
VENEZUELA,VENEZUELA,national,2022-04-24,57,14955,poisson,loglinear,3,0.75,-726.616,True,6653.732,0.9347,1.1476,0.0911,-0.329
VENEZUELA,VENEZUELA,national,2022-04-24,57,14955,poisson,loglinear,5,1.0,-842.634,True,,1.0279,1.1177,0.0797,0.0123
VENEZUELA,VENEZUELA,national,2022-04-24,57,14955,poisson,loglinear,5,0.75,-866.419,True,7219.873,0.8963,1.1476,0.0987,-0.391
VENEZUELA,VENEZUELA,national,2022-04-24,57,14955,poisson,loglinear,7,1.0,-839.121,True,,1.0278,1.1177,0.0775,0.0084
VENEZUELA,VENEZUELA,national,2022-04-24,57,14955,poisson,loglinear,7,0.75,-749.587,True,4919.809,0.918,1.1476,0.1089,-0.3062
VIET NAM,VIET NAM,national,2017-04-09,42,135491,nb,briere,3,1.0,3.999,False,,1.2069,1.207,0.0,-0.0007
VIET NAM,VIET NAM,national,2017-04-09,42,135491,nb,briere,3,0.75,-3.755,True,190.216,1.2888,1.2319,0.0,0.0957
VIET NAM,VIET NAM,national,2017-04-09,42,135491,nb,briere,5,1.0,3.862,False,,1.2017,1.207,0.0,-0.0086
VIET NAM,VIET NAM,national,2017-04-09,42,135491,nb,briere,5,0.75,0.4,False,80.98,1.2973,1.2319,0.0,0.0676
VIET NAM,VIET NAM,national,2017-04-09,42,135491,nb,briere,7,1.0,3.409,False,,1.1828,1.207,0.0,-0.0236
VIET NAM,VIET NAM,national,2017-04-09,42,135491,nb,briere,7,0.75,1.99,False,67.963,1.317,1.2319,0.0,0.0643
VIET NAM,VIET NAM,national,2017-04-09,42,135491,nb,loglinear,3,1.0,-12.667,True,,1.3021,1.207,-0.1868,-0.0562
VIET NAM,VIET NAM,national,2017-04-09,42,135491,nb,loglinear,3,0.75,-16.93,True,4.68,1.2691,1.2319,-0.2315,-0.0708
VIET NAM,VIET NAM,national,2017-04-09,42,135491,nb,loglinear,5,1.0,-15.54,True,,1.2785,1.207,-0.2093,-0.08
VIET NAM,VIET NAM,national,2017-04-09,42,135491,nb,loglinear,5,0.75,3765.21,False,72776.579,1.6229,1.2319,0.9686,0.6773
VIET NAM,VIET NAM,national,2017-04-09,42,135491,nb,loglinear,7,1.0,-20.118,True,,1.2227,1.207,-0.2472,-0.1303
VIET NAM,VIET NAM,national,2017-04-09,42,135491,nb,loglinear,7,0.75,-18.989,True,-5.287,1.1863,1.2319,-0.2387,-0.1048
VIET NAM,VIET NAM,national,2017-04-09,42,135491,poisson,briere,3,1.0,-474.596,True,,1.2516,1.2519,0.0,-0.0344
VIET NAM,VIET NAM,national,2017-04-09,42,135491,poisson,briere,3,0.75,-133.055,True,1990.544,1.3047,1.299,0.0,0.0235
VIET NAM,VIET NAM,national,2017-04-09,42,135491,poisson,briere,5,1.0,-1085.849,True,,1.2267,1.2519,0.0,-0.0571
VIET NAM,VIET NAM,national,2017-04-09,42,135491,poisson,briere,5,0.75,-2.015,True,-422.948,1.2952,1.299,0.0,-0.0054
VIET NAM,VIET NAM,national,2017-04-09,42,135491,poisson,briere,7,1.0,-1526.766,True,,1.1811,1.2519,0.0,-0.0821
VIET NAM,VIET NAM,national,2017-04-09,42,135491,poisson,briere,7,0.75,-8.313,True,-850.911,1.2875,1.299,0.0,-0.0103
VIET NAM,VIET NAM,national,2017-04-09,42,135491,poisson,loglinear,3,1.0,-2976.949,True,,1.3074,1.2519,-0.1671,-0.0735
VIET NAM,VIET NAM,national,2017-04-09,42,135491,poisson,loglinear,3,0.75,-2060.72,True,-5695.112,1.2814,1.299,-0.1663,-0.0543
VIET NAM,VIET NAM,national,2017-04-09,42,135491,poisson,loglinear,5,1.0,-3906.441,True,,1.2682,1.2519,-0.1752,-0.0965
VIET NAM,VIET NAM,national,2017-04-09,42,135491,poisson,loglinear,5,0.75,-2513.617,True,-5726.85,1.2448,1.299,-0.1717,-0.0766
VIET NAM,VIET NAM,national,2017-04-09,42,135491,poisson,loglinear,7,1.0,-4602.363,True,,1.2041,1.2519,-0.1887,-0.1314
VIET NAM,VIET NAM,national,2017-04-09,42,135491,poisson,loglinear,7,0.75,-2460.524,True,-6082.944,1.1972,1.299,-0.1683,-0.0941
VIET NAM,VIET NAM,national,2018-04-29,48,134533,nb,briere,3,1.0,-9.306,True,,1.0856,1.154,0.0,0.0495
VIET NAM,VIET NAM,national,2018-04-29,48,134533,nb,briere,3,0.75,2.777,False,-34.961,1.1088,1.1263,0.0,0.0221
VIET NAM,VIET NAM,national,2018-04-29,48,134533,nb,briere,5,1.0,-10.97,True,,1.0823,1.154,0.0,0.0557
VIET NAM,VIET NAM,national,2018-04-29,48,134533,nb,briere,5,0.75,0.887,False,-40.063,1.1018,1.1263,0.0,0.0321
VIET NAM,VIET NAM,national,2018-04-29,48,134533,nb,briere,7,1.0,-10.365,True,,1.1109,1.154,0.0,0.0431
VIET NAM,VIET NAM,national,2018-04-29,48,134533,nb,briere,7,0.75,0.386,False,-27.339,1.107,1.1263,0.0,0.0277
VIET NAM,VIET NAM,national,2018-04-29,48,134533,nb,loglinear,3,1.0,-10.37,True,,1.0776,1.154,-0.0287,0.0382
VIET NAM,VIET NAM,national,2018-04-29,48,134533,nb,loglinear,3,0.75,-0.526,True,-28.981,1.0993,1.1263,-0.0986,-0.0041
VIET NAM,VIET NAM,national,2018-04-29,48,134533,nb,loglinear,5,1.0,-11.231,True,,1.0784,1.154,-0.0159,0.0486
VIET NAM,VIET NAM,national,2018-04-29,48,134533,nb,loglinear,5,0.75,-0.605,True,-36.416,1.0958,1.1263,-0.0785,0.0086
VIET NAM,VIET NAM,national,2018-04-29,48,134533,nb,loglinear,7,1.0,-10.644,True,,1.1034,1.154,-0.0165,0.0371
VIET NAM,VIET NAM,national,2018-04-29,48,134533,nb,loglinear,7,0.75,-0.964,True,-35.464,1.0963,1.1263,-0.0689,0.013
VIET NAM,VIET NAM,national,2018-04-29,48,134533,poisson,briere,3,1.0,-598.267,True,,1.0884,1.1746,0.0,0.0526
VIET NAM,VIET NAM,national,2018-04-29,48,134533,poisson,briere,3,0.75,-131.377,True,10225.38,1.373,1.1333,0.6348,0.0083
VIET NAM,VIET NAM,national,2018-04-29,48,134533,poisson,briere,5,1.0,-724.262,True,,1.1019,1.1746,0.0055,0.0481
VIET NAM,VIET NAM,national,2018-04-29,48,134533,poisson,briere,5,0.75,-143.057,True,10044.12,1.3926,1.1333,0.6905,0.0119
VIET NAM,VIET NAM,national,2018-04-29,48,134533,poisson,briere,7,1.0,-867.642,True,,1.151,1.1746,0.0782,0.0395
VIET NAM,VIET NAM,national,2018-04-29,48,134533,poisson,briere,7,0.75,-160.73,True,10789.495,1.3948,1.1333,0.6989,0.0132
VIET NAM,VIET NAM,national,2018-04-29,48,134533,poisson,loglinear,3,1.0,-631.196,True,,1.0839,1.1746,-0.0133,0.0481
VIET NAM,VIET NAM,national,2018-04-29,48,134533,poisson,loglinear,3,0.75,-83.719,True,4209.689,1.1439,1.1333,0.0465,0.0072
VIET NAM,VIET NAM,national,2018-04-29,48,134533,poisson,loglinear,5,1.0,-726.639,True,,1.0993,1.1746,-0.0038,0.0463
VIET NAM,VIET NAM,national,2018-04-29,48,134533,poisson,loglinear,5,0.75,-92.915,True,3731.274,1.1423,1.1333,0.0514,0.0105
VIET NAM,VIET NAM,national,2018-04-29,48,134533,poisson,loglinear,7,1.0,-860.455,True,,1.1258,1.1746,0.0029,0.0381
VIET NAM,VIET NAM,national,2018-04-29,48,134533,poisson,loglinear,7,0.75,-111.022,True,4131.399,1.1413,1.1333,0.0532,0.0123
YEMEN,YEMEN,national,2019-09-01,36,103578,nb,briere,3,1.0,-21.949,True,,1.0902,1.2791,0.1282,0.2009
YEMEN,YEMEN,national,2019-09-01,36,103578,nb,briere,3,0.75,-13.6,True,-45.099,1.0516,1.3442,0.0388,0.2077
YEMEN,YEMEN,national,2019-09-01,36,103578,nb,briere,5,1.0,-18.125,True,,1.3126,1.2791,0.4524,0.1473
YEMEN,YEMEN,national,2019-09-01,36,103578,nb,briere,5,0.75,-9.7,True,-39.173,1.3716,1.3442,0.6665,0.1515
YEMEN,YEMEN,national,2019-09-01,36,103578,nb,briere,7,1.0,-4.84,True,,1.4886,1.2791,0.4879,0.0363
YEMEN,YEMEN,national,2019-09-01,36,103578,nb,briere,7,0.75,3.411,False,-37.377,1.423,1.3442,0.2815,0.028
YEMEN,YEMEN,national,2019-09-01,36,103578,nb,loglinear,3,1.0,-21.978,True,,1.0508,1.2791,0.0251,0.2018
YEMEN,YEMEN,national,2019-09-01,36,103578,nb,loglinear,3,0.75,-13.598,True,-45.025,1.0383,1.3442,0.0071,0.2084
YEMEN,YEMEN,national,2019-09-01,36,103578,nb,loglinear,5,1.0,-18.057,True,,1.1513,1.2791,0.0849,0.1502
YEMEN,YEMEN,national,2019-09-01,36,103578,nb,loglinear,5,0.75,-9.475,True,-44.977,1.125,1.3442,0.1089,0.1526
YEMEN,YEMEN,national,2019-09-01,36,103578,nb,loglinear,7,1.0,-4.043,True,,1.2921,1.2791,0.0871,0.0366
YEMEN,YEMEN,national,2019-09-01,36,103578,nb,loglinear,7,0.75,3.708,False,-19.522,1.321,1.3442,0.0217,0.0211
YEMEN,YEMEN,national,2019-09-01,36,103578,poisson,briere,3,1.0,-10685.014,True,,1.2292,1.3123,0.2965,0.1788
YEMEN,YEMEN,national,2019-09-01,36,103578,poisson,briere,3,0.75,-6690.412,True,-7842.281,1.317,1.3961,0.5607,0.175
YEMEN,YEMEN,national,2019-09-01,36,103578,poisson,briere,5,1.0,-9397.064,True,,1.4345,1.3123,0.6135,0.1199
YEMEN,YEMEN,national,2019-09-01,36,103578,poisson,briere,5,0.75,-5806.16,True,1627.295,1.6548,1.3961,1.1452,0.116
YEMEN,YEMEN,national,2019-09-01,36,103578,poisson,briere,7,1.0,-5997.586,True,,1.7974,1.3123,0.7882,-0.0168
YEMEN,YEMEN,national,2019-09-01,36,103578,poisson,briere,7,0.75,-2316.578,True,3510.837,2.0492,1.3961,1.3088,-0.0084
YEMEN,YEMEN,national,2019-09-01,36,103578,poisson,loglinear,3,1.0,-10645.426,True,,1.1283,1.3123,0.055,0.1807
YEMEN,YEMEN,national,2019-09-01,36,103578,poisson,loglinear,3,0.75,-6596.041,True,-9300.477,1.0974,1.3961,0.107,0.1819
YEMEN,YEMEN,national,2019-09-01,36,103578,poisson,loglinear,5,1.0,-9412.428,True,,1.2039,1.3123,0.1183,0.1231
YEMEN,YEMEN,national,2019-09-01,36,103578,poisson,loglinear,5,0.75,-5800.988,True,-5623.451,1.1483,1.3961,0.2345,0.1247
YEMEN,YEMEN,national,2019-09-01,36,103578,poisson,loglinear,7,1.0,-5666.03,True,,1.4326,1.3123,0.1488,-0.0131
YEMEN,YEMEN,national,2019-09-01,36,103578,poisson,loglinear,7,0.75,-1790.103,True,-4754.621,1.3832,1.3961,0.2097,-0.0072
YEMEN,YEMEN,national,2021-09-19,34,10684,nb,briere,3,1.0,-4.981,True,,1.4931,1.2383,0.44,-0.0627
YEMEN,YEMEN,national,2021-09-19,34,10684,nb,briere,3,0.75,3.997,False,-1.32,1.3398,1.3399,0.0,-0.0028
YEMEN,YEMEN,national,2021-09-19,34,10684,nb,briere,5,1.0,-3.694,True,,1.4909,1.2383,0.4624,-0.025
YEMEN,YEMEN,national,2021-09-19,34,10684,nb,briere,5,0.75,3.624,False,-2.451,1.3454,1.3399,0.0,0.0458
YEMEN,YEMEN,national,2021-09-19,34,10684,nb,briere,7,1.0,-10.13,True,,1.7621,1.2383,0.8693,-0.2052
YEMEN,YEMEN,national,2021-09-19,34,10684,nb,briere,7,0.75,1.554,False,-48.708,1.5329,1.3399,0.3868,-0.1477
YEMEN,YEMEN,national,2021-09-19,34,10684,nb,loglinear,3,1.0,-4.478,True,,1.319,1.2383,0.0764,-0.0602
YEMEN,YEMEN,national,2021-09-19,34,10684,nb,loglinear,3,0.75,2.454,False,598.476,1.3553,1.3399,-0.0806,0.0478
YEMEN,YEMEN,national,2021-09-19,34,10684,nb,loglinear,5,1.0,-3.265,True,,1.31,1.2383,0.0804,-0.0211
YEMEN,YEMEN,national,2021-09-19,34,10684,nb,loglinear,5,0.75,-1.019,True,1914.453,1.3973,1.3399,-0.1698,0.2391
YEMEN,YEMEN,national,2021-09-19,34,10684,nb,loglinear,7,1.0,-9.211,True,,1.3821,1.2383,0.1517,-0.1916
YEMEN,YEMEN,national,2021-09-19,34,10684,nb,loglinear,7,0.75,1.903,False,-38.7,1.3515,1.3399,0.0394,-0.1223
YEMEN,YEMEN,national,2021-09-19,34,10684,poisson,briere,3,1.0,-939.914,True,,1.7889,1.2415,0.7838,-0.0848
YEMEN,YEMEN,national,2021-09-19,34,10684,poisson,briere,3,0.75,-81.384,True,-3115.967,1.7746,1.3915,0.7551,-0.083
YEMEN,YEMEN,national,2021-09-19,34,10684,poisson,briere,5,1.0,-807.742,True,,1.8501,1.2415,0.8745,-0.0465
YEMEN,YEMEN,national,2021-09-19,34,10684,poisson,briere,5,0.75,-54.521,True,7.415,1.4223,1.3915,0.0,0.0943
YEMEN,YEMEN,national,2021-09-19,34,10684,poisson,briere,7,1.0,-806.748,True,,1.8924,1.2415,0.9296,-0.0533
YEMEN,YEMEN,national,2021-09-19,34,10684,poisson,briere,7,0.75,-29.542,True,-972.738,1.4728,1.3915,0.1458,0.0472
YEMEN,YEMEN,national,2021-09-19,34,10684,poisson,loglinear,3,1.0,-915.54,True,,1.438,1.2415,0.1408,-0.0803
YEMEN,YEMEN,national,2021-09-19,34,10684,poisson,loglinear,3,0.75,-60.228,True,-3085.359,1.3876,1.3915,0.1143,-0.0722
YEMEN,YEMEN,national,2021-09-19,34,10684,poisson,loglinear,5,1.0,-788.954,True,,1.4535,1.2415,0.1559,-0.026
YEMEN,YEMEN,national,2021-09-19,34,10684,poisson,loglinear,5,0.75,-61.712,True,2048.075,1.4237,1.3915,-0.0469,0.1372
YEMEN,YEMEN,national,2021-09-19,34,10684,poisson,loglinear,7,1.0,-788.663,True,,1.4598,1.2415,0.1615,-0.0289
YEMEN,YEMEN,national,2021-09-19,34,10684,poisson,loglinear,7,0.75,-27.186,True,-523.904,1.4005,1.3915,0.0008,0.0701
YEMEN,YEMEN,national,2022-05-15,41,20690,nb,briere,3,1.0,-14.912,True,,1.027,1.149,0.0,0.1056
YEMEN,YEMEN,national,2022-05-15,41,20690,nb,briere,3,0.75,-17.96,True,51.893,1.0716,1.1794,0.0,0.1172
YEMEN,YEMEN,national,2022-05-15,41,20690,nb,briere,5,1.0,-4.756,True,,1.0939,1.149,0.0,0.0616
YEMEN,YEMEN,national,2022-05-15,41,20690,nb,briere,5,0.75,-12.267,True,129.934,1.1441,1.1794,0.0,0.0925
YEMEN,YEMEN,national,2022-05-15,41,20690,nb,briere,7,1.0,2.454,False,,1.1352,1.149,0.0,0.0239
YEMEN,YEMEN,national,2022-05-15,41,20690,nb,briere,7,0.75,-4.945,True,182.224,1.1945,1.1794,0.0,0.0742
YEMEN,YEMEN,national,2022-05-15,41,20690,nb,loglinear,3,1.0,-16.135,True,,1.1285,1.149,-0.0749,0.1105
YEMEN,YEMEN,national,2022-05-15,41,20690,nb,loglinear,3,0.75,-18.157,True,46.127,1.1086,1.1794,-0.0348,0.1161
YEMEN,YEMEN,national,2022-05-15,41,20690,nb,loglinear,5,1.0,-6.896,True,,1.2068,1.149,-0.0887,0.0734
YEMEN,YEMEN,national,2022-05-15,41,20690,nb,loglinear,5,0.75,-18.47,True,6.611,1.3308,1.1794,-0.202,0.1024
YEMEN,YEMEN,national,2022-05-15,41,20690,nb,loglinear,7,1.0,1.96,False,,1.1984,1.149,-0.0458,0.0292
YEMEN,YEMEN,national,2022-05-15,41,20690,nb,loglinear,7,0.75,-15.711,True,66.262,1.4215,1.1794,-0.2494,0.0905
YEMEN,YEMEN,national,2022-05-15,41,20690,poisson,briere,3,1.0,-878.847,True,,1.0606,1.1986,0.0,0.0978
YEMEN,YEMEN,national,2022-05-15,41,20690,poisson,briere,3,0.75,-752.636,True,565.943,1.1333,1.2679,0.1926,0.0888
YEMEN,YEMEN,national,2022-05-15,41,20690,poisson,briere,5,1.0,-314.398,True,,1.1394,1.1986,0.0,0.0485
YEMEN,YEMEN,national,2022-05-15,41,20690,poisson,briere,5,0.75,-610.631,True,1579.928,1.198,1.2679,0.0,0.0687
YEMEN,YEMEN,national,2022-05-15,41,20690,poisson,briere,7,1.0,-0.654,True,,1.1939,1.1986,0.0,0.0051
YEMEN,YEMEN,national,2022-05-15,41,20690,poisson,briere,7,0.75,-335.454,True,2491.653,1.2522,1.2679,0.0,0.0498
YEMEN,YEMEN,national,2022-05-15,41,20690,poisson,loglinear,3,1.0,-913.363,True,,1.1179,1.1986,-0.0453,0.1015
YEMEN,YEMEN,national,2022-05-15,41,20690,poisson,loglinear,3,0.75,-749.089,True,32.222,1.1072,1.2679,0.0217,0.092
YEMEN,YEMEN,national,2022-05-15,41,20690,poisson,loglinear,5,1.0,-386.088,True,,1.2148,1.1986,-0.0667,0.0611
YEMEN,YEMEN,national,2022-05-15,41,20690,poisson,loglinear,5,0.75,-758.068,True,-513.445,1.2939,1.2679,-0.1254,0.0829
YEMEN,YEMEN,national,2022-05-15,41,20690,poisson,loglinear,7,1.0,-1.492,True,,1.1842,1.1986,0.008,0.0037
YEMEN,YEMEN,national,2022-05-15,41,20690,poisson,loglinear,7,0.75,-636.029,True,442.652,1.4008,1.2679,-0.1911,0.0777
YEMEN,YEMEN,national,2023-02-26,30,14184,nb,briere,3,1.0,-0.454,True,,1.324,1.1641,1.445,-0.1157
YEMEN,YEMEN,national,2023-02-26,30,14184,nb,briere,3,0.75,-0.472,True,134.746,2.0202,1.2216,3.1376,0.0225
YEMEN,YEMEN,national,2023-02-26,30,14184,nb,briere,5,1.0,3.239,False,,1.2397,1.1641,0.7188,-0.0437
YEMEN,YEMEN,national,2023-02-26,30,14184,nb,briere,5,0.75,-1.501,True,217.84,2.3051,1.2216,3.4938,0.1579
YEMEN,YEMEN,national,2023-02-26,30,14184,nb,briere,7,1.0,2.812,False,,1.3896,1.1641,0.8445,0.0649
YEMEN,YEMEN,national,2023-02-26,30,14184,nb,briere,7,0.75,-14.519,True,,4.182,1.2216,0.0,2.8339
YEMEN,YEMEN,national,2023-02-26,30,14184,nb,loglinear,3,1.0,-1.442,True,,1.3245,1.1641,0.2219,-0.1152
YEMEN,YEMEN,national,2023-02-26,30,14184,nb,loglinear,3,0.75,-3.61,True,180.798,1.6583,1.2216,0.4066,0.1087
YEMEN,YEMEN,national,2023-02-26,30,14184,nb,loglinear,5,1.0,2.61,False,,1.2618,1.1641,0.1308,-0.0476
YEMEN,YEMEN,national,2023-02-26,30,14184,nb,loglinear,5,0.75,-5.776,True,8003.791,2.0483,1.2216,0.4964,0.4553
YEMEN,YEMEN,national,2023-02-26,30,14184,nb,loglinear,7,1.0,2.376,False,,1.3571,1.1641,0.1127,0.0602
YEMEN,YEMEN,national,2023-02-26,30,14184,nb,loglinear,7,0.75,-14.832,True,,4.7124,1.2216,-0.1352,3.271
YEMEN,YEMEN,national,2023-02-26,30,14184,poisson,briere,3,1.0,-266.663,True,,1.2581,1.2521,0.5955,-0.0972
YEMEN,YEMEN,national,2023-02-26,30,14184,poisson,briere,3,0.75,-615.411,True,7780.762,2.4954,1.3594,3.9133,0.1628
YEMEN,YEMEN,national,2023-02-26,30,14184,poisson,briere,5,1.0,-4.283,True,,1.3087,1.2521,0.3115,0.0091
YEMEN,YEMEN,national,2023-02-26,30,14184,poisson,briere,5,0.75,-745.383,True,8474.678,2.8255,1.3594,4.2312,0.3476
YEMEN,YEMEN,national,2023-02-26,30,14184,poisson,briere,7,1.0,-316.876,True,,1.5423,1.2521,0.828,0.1338
YEMEN,YEMEN,national,2023-02-26,30,14184,poisson,briere,7,0.75,-1434.2,True,,3.8744,1.3594,0.0,2.577
YEMEN,YEMEN,national,2023-02-26,30,14184,poisson,loglinear,3,1.0,-282.036,True,,1.2466,1.2521,0.0842,-0.0961
YEMEN,YEMEN,national,2023-02-26,30,14184,poisson,loglinear,3,0.75,-604.969,True,5065.508,1.677,1.3594,0.3415,0.166
YEMEN,YEMEN,national,2023-02-26,30,14184,poisson,loglinear,5,1.0,-13.183,True,,1.3013,1.2521,0.0481,0.0074
YEMEN,YEMEN,national,2023-02-26,30,14184,poisson,loglinear,5,0.75,-782.587,True,17526.343,2.0007,1.3594,0.4064,0.5254
YEMEN,YEMEN,national,2023-02-26,30,14184,poisson,loglinear,7,1.0,-310.931,True,,1.4644,1.2521,0.0775,0.1278
YEMEN,YEMEN,national,2023-02-26,30,14184,poisson,loglinear,7,0.75,-1506.723,True,,4.5714,1.3594,-0.2066,3.1827
YEMEN,YEMEN,national,2023-09-24,44,8275,nb,briere,3,1.0,-16.925,True,,0.9872,0.9618,0.1509,-0.0694
YEMEN,YEMEN,national,2023-09-24,44,8275,nb,briere,3,0.75,-6.669,True,-32.264,0.964,0.9411,0.0685,-0.0754
YEMEN,YEMEN,national,2023-09-24,44,8275,nb,briere,5,1.0,-15.857,True,,0.9753,0.9618,0.0808,-0.0767
YEMEN,YEMEN,national,2023-09-24,44,8275,nb,briere,5,0.75,-5.847,True,-31.904,0.9526,0.9411,0.0,-0.0816
YEMEN,YEMEN,national,2023-09-24,44,8275,nb,briere,7,1.0,-13.366,True,,0.9692,0.9618,0.0476,-0.0779
YEMEN,YEMEN,national,2023-09-24,44,8275,nb,briere,7,0.75,-3.083,True,-33.197,0.9554,0.9411,0.0,-0.0787
YEMEN,YEMEN,national,2023-09-24,44,8275,nb,loglinear,3,1.0,-17.274,True,,0.9608,0.9618,0.0244,-0.0694
YEMEN,YEMEN,national,2023-09-24,44,8275,nb,loglinear,3,0.75,-6.72,True,-29.381,0.9494,0.9411,0.0119,-0.0743
YEMEN,YEMEN,national,2023-09-24,44,8275,nb,loglinear,5,1.0,-16.181,True,,0.9619,0.9618,0.0152,-0.0742
YEMEN,YEMEN,national,2023-09-24,44,8275,nb,loglinear,5,0.75,-5.899,True,-31.095,0.95,0.9411,-0.0078,-0.0856
YEMEN,YEMEN,national,2023-09-24,44,8275,nb,loglinear,7,1.0,-13.634,True,,0.9624,0.9618,0.0122,-0.0719
YEMEN,YEMEN,national,2023-09-24,44,8275,nb,loglinear,7,0.75,-3.216,True,-32.322,0.9515,0.9411,-0.0144,-0.0887
YEMEN,YEMEN,national,2023-09-24,44,8275,poisson,briere,3,1.0,-385.555,True,,0.9945,0.9598,0.159,-0.0532
YEMEN,YEMEN,national,2023-09-24,44,8275,poisson,briere,3,0.75,-174.102,True,-486.598,0.9884,0.94,0.1348,-0.0557
YEMEN,YEMEN,national,2023-09-24,44,8275,poisson,briere,5,1.0,-379.922,True,,0.9797,0.9598,0.0795,-0.064
YEMEN,YEMEN,national,2023-09-24,44,8275,poisson,briere,5,0.75,-175.752,True,-448.169,0.9569,0.94,0.0,-0.0674
YEMEN,YEMEN,national,2023-09-24,44,8275,poisson,briere,7,1.0,-321.473,True,,0.9726,0.9598,0.0438,-0.0663
YEMEN,YEMEN,national,2023-09-24,44,8275,poisson,briere,7,0.75,-117.305,True,-453.594,0.958,0.94,0.0,-0.0637
YEMEN,YEMEN,national,2023-09-24,44,8275,poisson,loglinear,3,1.0,-389.117,True,,0.9665,0.9598,0.0255,-0.0528
YEMEN,YEMEN,national,2023-09-24,44,8275,poisson,loglinear,3,0.75,-175.697,True,-427.669,0.9581,0.94,0.0208,-0.0546
YEMEN,YEMEN,national,2023-09-24,44,8275,poisson,loglinear,5,1.0,-385.469,True,,0.9665,0.9598,0.0151,-0.0619
YEMEN,YEMEN,national,2023-09-24,44,8275,poisson,loglinear,5,0.75,-175.948,True,-443.365,0.9558,0.94,-0.0032,-0.0688
YEMEN,YEMEN,national,2023-09-24,44,8275,poisson,loglinear,7,1.0,-327.673,True,,0.9668,0.9598,0.0131,-0.0596
YEMEN,YEMEN,national,2023-09-24,44,8275,poisson,loglinear,7,0.75,-122.28,True,-435.111,0.9523,0.94,-0.0197,-0.0764
