country,unit,window_start,truth,observation,temp_form,rain_lag,train_frac,structure,delta_aic,climate_wins,climate_wins_margin4
ARGENTINA,ARGENTINA,2013-12-29,no_effect,nb,briere,3,1.0,hostvector,3.334,False,False
ARGENTINA,ARGENTINA,2013-12-29,no_effect,nb,briere,3,1.0,seir,3.886,False,False
ARGENTINA,ARGENTINA,2013-12-29,no_effect,nb,briere,3,0.75,hostvector,3.057,False,False
ARGENTINA,ARGENTINA,2013-12-29,no_effect,nb,briere,3,0.75,seir,3.763,False,False
ARGENTINA,ARGENTINA,2013-12-29,no_effect,nb,briere,5,1.0,hostvector,3.947,False,False
ARGENTINA,ARGENTINA,2013-12-29,no_effect,nb,briere,5,1.0,seir,3.697,False,False
ARGENTINA,ARGENTINA,2013-12-29,no_effect,nb,briere,5,0.75,hostvector,3.542,False,False
ARGENTINA,ARGENTINA,2013-12-29,no_effect,nb,briere,5,0.75,seir,3.438,False,False
ARGENTINA,ARGENTINA,2013-12-29,no_effect,nb,briere,7,1.0,hostvector,2.819,False,False
ARGENTINA,ARGENTINA,2013-12-29,no_effect,nb,briere,7,1.0,seir,2.36,False,False
ARGENTINA,ARGENTINA,2013-12-29,no_effect,nb,briere,7,0.75,hostvector,1.601,False,False
ARGENTINA,ARGENTINA,2013-12-29,no_effect,nb,briere,7,0.75,seir,1.19,False,False
ARGENTINA,ARGENTINA,2013-12-29,no_effect,nb,loglinear,3,1.0,hostvector,3.241,False,False
ARGENTINA,ARGENTINA,2013-12-29,no_effect,nb,loglinear,3,1.0,seir,3.875,False,False
ARGENTINA,ARGENTINA,2013-12-29,no_effect,nb,loglinear,3,0.75,hostvector,3.13,False,False
ARGENTINA,ARGENTINA,2013-12-29,no_effect,nb,loglinear,3,0.75,seir,3.779,False,False
ARGENTINA,ARGENTINA,2013-12-29,no_effect,nb,loglinear,5,1.0,hostvector,3.983,False,False
ARGENTINA,ARGENTINA,2013-12-29,no_effect,nb,loglinear,5,1.0,seir,3.782,False,False
ARGENTINA,ARGENTINA,2013-12-29,no_effect,nb,loglinear,5,0.75,hostvector,3.954,False,False
ARGENTINA,ARGENTINA,2013-12-29,no_effect,nb,loglinear,5,0.75,seir,3.843,False,False
ARGENTINA,ARGENTINA,2013-12-29,no_effect,nb,loglinear,7,1.0,hostvector,3.228,False,False
ARGENTINA,ARGENTINA,2013-12-29,no_effect,nb,loglinear,7,1.0,seir,2.778,False,False
ARGENTINA,ARGENTINA,2013-12-29,no_effect,nb,loglinear,7,0.75,hostvector,2.299,False,False
ARGENTINA,ARGENTINA,2013-12-29,no_effect,nb,loglinear,7,0.75,seir,2.539,False,False
ARGENTINA,ARGENTINA,2013-12-29,no_effect,poisson,briere,3,1.0,hostvector,-22.477,True,True
ARGENTINA,ARGENTINA,2013-12-29,no_effect,poisson,briere,3,1.0,seir,-2.72,True,False
ARGENTINA,ARGENTINA,2013-12-29,no_effect,poisson,briere,3,0.75,hostvector,-25.789,True,True
ARGENTINA,ARGENTINA,2013-12-29,no_effect,poisson,briere,3,0.75,seir,-5.076,True,True
ARGENTINA,ARGENTINA,2013-12-29,no_effect,poisson,briere,5,1.0,hostvector,1.909,False,False
ARGENTINA,ARGENTINA,2013-12-29,no_effect,poisson,briere,5,1.0,seir,-3.337,True,False
ARGENTINA,ARGENTINA,2013-12-29,no_effect,poisson,briere,5,0.75,hostvector,-3.68,True,False
ARGENTINA,ARGENTINA,2013-12-29,no_effect,poisson,briere,5,0.75,seir,-7.536,True,True
ARGENTINA,ARGENTINA,2013-12-29,no_effect,poisson,briere,7,1.0,hostvector,-37.915,True,True
ARGENTINA,ARGENTINA,2013-12-29,no_effect,poisson,briere,7,1.0,seir,-47.774,True,True
ARGENTINA,ARGENTINA,2013-12-29,no_effect,poisson,briere,7,0.75,hostvector,-49.024,True,True
ARGENTINA,ARGENTINA,2013-12-29,no_effect,poisson,briere,7,0.75,seir,-57.615,True,True
ARGENTINA,ARGENTINA,2013-12-29,no_effect,poisson,loglinear,3,1.0,hostvector,-26.416,True,True
ARGENTINA,ARGENTINA,2013-12-29,no_effect,poisson,loglinear,3,1.0,seir,-3.725,True,False
ARGENTINA,ARGENTINA,2013-12-29,no_effect,poisson,loglinear,3,0.75,hostvector,-27.119,True,True
ARGENTINA,ARGENTINA,2013-12-29,no_effect,poisson,loglinear,3,0.75,seir,-6.089,True,True
ARGENTINA,ARGENTINA,2013-12-29,no_effect,poisson,loglinear,5,1.0,hostvector,3.085,False,False
ARGENTINA,ARGENTINA,2013-12-29,no_effect,poisson,loglinear,5,1.0,seir,-0.325,True,False
ARGENTINA,ARGENTINA,2013-12-29,no_effect,poisson,loglinear,5,0.75,hostvector,-3.08,True,False
ARGENTINA,ARGENTINA,2013-12-29,no_effect,poisson,loglinear,5,0.75,seir,0.134,False,False
ARGENTINA,ARGENTINA,2013-12-29,no_effect,poisson,loglinear,7,1.0,hostvector,-17.797,True,True
ARGENTINA,ARGENTINA,2013-12-29,no_effect,poisson,loglinear,7,1.0,seir,-26.501,True,True
ARGENTINA,ARGENTINA,2013-12-29,no_effect,poisson,loglinear,7,0.75,hostvector,-25.058,True,True
ARGENTINA,ARGENTINA,2013-12-29,no_effect,poisson,loglinear,7,0.75,seir,-33.204,True,True
ARGENTINA,ARGENTINA,2013-12-29,climate,nb,briere,3,1.0,hostvector,-13.04,True,True
ARGENTINA,ARGENTINA,2013-12-29,climate,nb,briere,3,1.0,seir,-8.763,True,True
ARGENTINA,ARGENTINA,2013-12-29,climate,nb,briere,3,0.75,hostvector,-13.037,True,True
ARGENTINA,ARGENTINA,2013-12-29,climate,nb,briere,3,0.75,seir,-8.763,True,True
ARGENTINA,ARGENTINA,2013-12-29,climate,nb,briere,5,1.0,hostvector,-12.182,True,True
ARGENTINA,ARGENTINA,2013-12-29,climate,nb,briere,5,1.0,seir,-4.504,True,True
ARGENTINA,ARGENTINA,2013-12-29,climate,nb,briere,5,0.75,hostvector,-12.179,True,True
ARGENTINA,ARGENTINA,2013-12-29,climate,nb,briere,5,0.75,seir,-4.504,True,True
ARGENTINA,ARGENTINA,2013-12-29,climate,nb,briere,7,1.0,hostvector,-10.923,True,True
ARGENTINA,ARGENTINA,2013-12-29,climate,nb,briere,7,1.0,seir,-6.685,True,True
ARGENTINA,ARGENTINA,2013-12-29,climate,nb,briere,7,0.75,hostvector,-10.92,True,True
ARGENTINA,ARGENTINA,2013-12-29,climate,nb,briere,7,0.75,seir,-6.684,True,True
ARGENTINA,ARGENTINA,2013-12-29,climate,nb,loglinear,3,1.0,hostvector,-12.808,True,True
ARGENTINA,ARGENTINA,2013-12-29,climate,nb,loglinear,3,1.0,seir,-8.653,True,True
ARGENTINA,ARGENTINA,2013-12-29,climate,nb,loglinear,3,0.75,hostvector,-12.805,True,True
ARGENTINA,ARGENTINA,2013-12-29,climate,nb,loglinear,3,0.75,seir,-8.653,True,True
ARGENTINA,ARGENTINA,2013-12-29,climate,nb,loglinear,5,1.0,hostvector,1037.445,False,False
ARGENTINA,ARGENTINA,2013-12-29,climate,nb,loglinear,5,1.0,seir,-7.599,True,True
ARGENTINA,ARGENTINA,2013-12-29,climate,nb,loglinear,5,0.75,hostvector,-12.753,True,True
ARGENTINA,ARGENTINA,2013-12-29,climate,nb,loglinear,5,0.75,seir,-7.599,True,True
ARGENTINA,ARGENTINA,2013-12-29,climate,nb,loglinear,7,1.0,hostvector,-13.042,True,True
ARGENTINA,ARGENTINA,2013-12-29,climate,nb,loglinear,7,1.0,seir,-6.92,True,True
ARGENTINA,ARGENTINA,2013-12-29,climate,nb,loglinear,7,0.75,hostvector,-13.039,True,True
ARGENTINA,ARGENTINA,2013-12-29,climate,nb,loglinear,7,0.75,seir,-6.92,True,True
ARGENTINA,ARGENTINA,2013-12-29,climate,poisson,briere,3,1.0,hostvector,-23.539,True,True
ARGENTINA,ARGENTINA,2013-12-29,climate,poisson,briere,3,1.0,seir,-30.984,True,True
ARGENTINA,ARGENTINA,2013-12-29,climate,poisson,briere,3,0.75,hostvector,-23.529,True,True
ARGENTINA,ARGENTINA,2013-12-29,climate,poisson,briere,3,0.75,seir,-30.983,True,True
ARGENTINA,ARGENTINA,2013-12-29,climate,poisson,briere,5,1.0,hostvector,-26.998,True,True
ARGENTINA,ARGENTINA,2013-12-29,climate,poisson,briere,5,1.0,seir,-3.761,True,False
ARGENTINA,ARGENTINA,2013-12-29,climate,poisson,briere,5,0.75,hostvector,-26.987,True,True
ARGENTINA,ARGENTINA,2013-12-29,climate,poisson,briere,5,0.75,seir,-3.76,True,False
ARGENTINA,ARGENTINA,2013-12-29,climate,poisson,briere,7,1.0,hostvector,-1.886,True,False
ARGENTINA,ARGENTINA,2013-12-29,climate,poisson,briere,7,1.0,seir,3.837,False,False
ARGENTINA,ARGENTINA,2013-12-29,climate,poisson,briere,7,0.75,hostvector,-1.876,True,False
ARGENTINA,ARGENTINA,2013-12-29,climate,poisson,briere,7,0.75,seir,3.837,False,False
ARGENTINA,ARGENTINA,2013-12-29,climate,poisson,loglinear,3,1.0,hostvector,-18.088,True,True
ARGENTINA,ARGENTINA,2013-12-29,climate,poisson,loglinear,3,1.0,seir,-30.194,True,True
ARGENTINA,ARGENTINA,2013-12-29,climate,poisson,loglinear,3,0.75,hostvector,-18.078,True,True
ARGENTINA,ARGENTINA,2013-12-29,climate,poisson,loglinear,3,0.75,seir,-30.193,True,True
ARGENTINA,ARGENTINA,2013-12-29,climate,poisson,loglinear,5,1.0,hostvector,-27.321,True,True
ARGENTINA,ARGENTINA,2013-12-29,climate,poisson,loglinear,5,1.0,seir,-3.848,True,False
ARGENTINA,ARGENTINA,2013-12-29,climate,poisson,loglinear,5,0.75,hostvector,-27.313,True,True
ARGENTINA,ARGENTINA,2013-12-29,climate,poisson,loglinear,5,0.75,seir,-3.847,True,False
ARGENTINA,ARGENTINA,2013-12-29,climate,poisson,loglinear,7,1.0,hostvector,14.365,False,False
ARGENTINA,ARGENTINA,2013-12-29,climate,poisson,loglinear,7,1.0,seir,2.096,False,False
ARGENTINA,ARGENTINA,2013-12-29,climate,poisson,loglinear,7,0.75,hostvector,-89.717,True,True
ARGENTINA,ARGENTINA,2013-12-29,climate,poisson,loglinear,7,0.75,seir,2.089,False,False
ARGENTINA,ARGENTINA,2015-12-06,no_effect,nb,briere,3,1.0,hostvector,3.537,False,False
ARGENTINA,ARGENTINA,2015-12-06,no_effect,nb,briere,3,1.0,seir,3.297,False,False
ARGENTINA,ARGENTINA,2015-12-06,no_effect,nb,briere,3,0.75,hostvector,3.989,False,False
ARGENTINA,ARGENTINA,2015-12-06,no_effect,nb,briere,3,0.75,seir,3.709,False,False
ARGENTINA,ARGENTINA,2015-12-06,no_effect,nb,briere,5,1.0,hostvector,3.791,False,False
ARGENTINA,ARGENTINA,2015-12-06,no_effect,nb,briere,5,1.0,seir,3.898,False,False
ARGENTINA,ARGENTINA,2015-12-06,no_effect,nb,briere,5,0.75,hostvector,3.892,False,False
ARGENTINA,ARGENTINA,2015-12-06,no_effect,nb,briere,5,0.75,seir,3.691,False,False
ARGENTINA,ARGENTINA,2015-12-06,no_effect,nb,briere,7,1.0,hostvector,3.999,False,False
ARGENTINA,ARGENTINA,2015-12-06,no_effect,nb,briere,7,1.0,seir,3.893,False,False
ARGENTINA,ARGENTINA,2015-12-06,no_effect,nb,briere,7,0.75,hostvector,3.996,False,False
ARGENTINA,ARGENTINA,2015-12-06,no_effect,nb,briere,7,0.75,seir,3.999,False,False
ARGENTINA,ARGENTINA,2015-12-06,no_effect,nb,loglinear,3,1.0,hostvector,3.129,False,False
ARGENTINA,ARGENTINA,2015-12-06,no_effect,nb,loglinear,3,1.0,seir,3.28,False,False
ARGENTINA,ARGENTINA,2015-12-06,no_effect,nb,loglinear,3,0.75,hostvector,3.29,False,False
ARGENTINA,ARGENTINA,2015-12-06,no_effect,nb,loglinear,3,0.75,seir,3.168,False,False
ARGENTINA,ARGENTINA,2015-12-06,no_effect,nb,loglinear,5,1.0,hostvector,3.1,False,False
ARGENTINA,ARGENTINA,2015-12-06,no_effect,nb,loglinear,5,1.0,seir,3.824,False,False
ARGENTINA,ARGENTINA,2015-12-06,no_effect,nb,loglinear,5,0.75,hostvector,3.489,False,False
ARGENTINA,ARGENTINA,2015-12-06,no_effect,nb,loglinear,5,0.75,seir,3.62,False,False
ARGENTINA,ARGENTINA,2015-12-06,no_effect,nb,loglinear,7,1.0,hostvector,3.246,False,False
ARGENTINA,ARGENTINA,2015-12-06,no_effect,nb,loglinear,7,1.0,seir,3.826,False,False
ARGENTINA,ARGENTINA,2015-12-06,no_effect,nb,loglinear,7,0.75,hostvector,3.329,False,False
ARGENTINA,ARGENTINA,2015-12-06,no_effect,nb,loglinear,7,0.75,seir,3.817,False,False
ARGENTINA,ARGENTINA,2015-12-06,no_effect,poisson,briere,3,1.0,hostvector,-114.289,True,True
ARGENTINA,ARGENTINA,2015-12-06,no_effect,poisson,briere,3,1.0,seir,-12.653,True,True
ARGENTINA,ARGENTINA,2015-12-06,no_effect,poisson,briere,3,0.75,hostvector,-246.705,True,True
ARGENTINA,ARGENTINA,2015-12-06,no_effect,poisson,briere,3,0.75,seir,-182.127,True,True
ARGENTINA,ARGENTINA,2015-12-06,no_effect,poisson,briere,5,1.0,hostvector,-126.234,True,True
ARGENTINA,ARGENTINA,2015-12-06,no_effect,poisson,briere,5,1.0,seir,-12.076,True,True
ARGENTINA,ARGENTINA,2015-12-06,no_effect,poisson,briere,5,0.75,hostvector,-236.011,True,True
ARGENTINA,ARGENTINA,2015-12-06,no_effect,poisson,briere,5,0.75,seir,-140.057,True,True
ARGENTINA,ARGENTINA,2015-12-06,no_effect,poisson,briere,7,1.0,hostvector,-108.304,True,True
ARGENTINA,ARGENTINA,2015-12-06,no_effect,poisson,briere,7,1.0,seir,-11.211,True,True
ARGENTINA,ARGENTINA,2015-12-06,no_effect,poisson,briere,7,0.75,hostvector,-229.801,True,True
ARGENTINA,ARGENTINA,2015-12-06,no_effect,poisson,briere,7,0.75,seir,-141.832,True,True
ARGENTINA,ARGENTINA,2015-12-06,no_effect,poisson,loglinear,3,1.0,hostvector,-531.316,True,True
ARGENTINA,ARGENTINA,2015-12-06,no_effect,poisson,loglinear,3,1.0,seir,-206.859,True,True
ARGENTINA,ARGENTINA,2015-12-06,no_effect,poisson,loglinear,3,0.75,hostvector,-863.038,True,True
ARGENTINA,ARGENTINA,2015-12-06,no_effect,poisson,loglinear,3,0.75,seir,-634.402,True,True
ARGENTINA,ARGENTINA,2015-12-06,no_effect,poisson,loglinear,5,1.0,hostvector,-544.33,True,True
ARGENTINA,ARGENTINA,2015-12-06,no_effect,poisson,loglinear,5,1.0,seir,-257.307,True,True
ARGENTINA,ARGENTINA,2015-12-06,no_effect,poisson,loglinear,5,0.75,hostvector,-481.143,True,True
ARGENTINA,ARGENTINA,2015-12-06,no_effect,poisson,loglinear,5,0.75,seir,-311.32,True,True
ARGENTINA,ARGENTINA,2015-12-06,no_effect,poisson,loglinear,7,1.0,hostvector,-550.927,True,True
ARGENTINA,ARGENTINA,2015-12-06,no_effect,poisson,loglinear,7,1.0,seir,-219.647,True,True
ARGENTINA,ARGENTINA,2015-12-06,no_effect,poisson,loglinear,7,0.75,hostvector,-582.336,True,True
ARGENTINA,ARGENTINA,2015-12-06,no_effect,poisson,loglinear,7,0.75,seir,-360.793,True,True
ARGENTINA,ARGENTINA,2015-12-06,climate,nb,briere,3,1.0,hostvector,2.456,False,False
ARGENTINA,ARGENTINA,2015-12-06,climate,nb,briere,3,1.0,seir,-0.216,True,False
ARGENTINA,ARGENTINA,2015-12-06,climate,nb,briere,3,0.75,hostvector,2.485,False,False
ARGENTINA,ARGENTINA,2015-12-06,climate,nb,briere,3,0.75,seir,-0.222,True,False
ARGENTINA,ARGENTINA,2015-12-06,climate,nb,briere,5,1.0,hostvector,3.912,False,False
ARGENTINA,ARGENTINA,2015-12-06,climate,nb,briere,5,1.0,seir,3.978,False,False
ARGENTINA,ARGENTINA,2015-12-06,climate,nb,briere,5,0.75,hostvector,3.923,False,False
ARGENTINA,ARGENTINA,2015-12-06,climate,nb,briere,5,0.75,seir,3.977,False,False
ARGENTINA,ARGENTINA,2015-12-06,climate,nb,briere,7,1.0,hostvector,2.652,False,False
ARGENTINA,ARGENTINA,2015-12-06,climate,nb,briere,7,1.0,seir,1.869,False,False
ARGENTINA,ARGENTINA,2015-12-06,climate,nb,briere,7,0.75,hostvector,2.671,False,False
ARGENTINA,ARGENTINA,2015-12-06,climate,nb,briere,7,0.75,seir,1.869,False,False
ARGENTINA,ARGENTINA,2015-12-06,climate,nb,loglinear,3,1.0,hostvector,2.683,False,False
ARGENTINA,ARGENTINA,2015-12-06,climate,nb,loglinear,3,1.0,seir,-0.479,True,False
ARGENTINA,ARGENTINA,2015-12-06,climate,nb,loglinear,3,0.75,hostvector,2.662,False,False
ARGENTINA,ARGENTINA,2015-12-06,climate,nb,loglinear,3,0.75,seir,-0.592,True,False
ARGENTINA,ARGENTINA,2015-12-06,climate,nb,loglinear,5,1.0,hostvector,4.657,False,False
ARGENTINA,ARGENTINA,2015-12-06,climate,nb,loglinear,5,1.0,seir,-0.122,True,False
ARGENTINA,ARGENTINA,2015-12-06,climate,nb,loglinear,5,0.75,hostvector,2.853,False,False
ARGENTINA,ARGENTINA,2015-12-06,climate,nb,loglinear,5,0.75,seir,-0.441,True,False
ARGENTINA,ARGENTINA,2015-12-06,climate,nb,loglinear,7,1.0,hostvector,2.433,False,False
ARGENTINA,ARGENTINA,2015-12-06,climate,nb,loglinear,7,1.0,seir,-0.124,True,False
ARGENTINA,ARGENTINA,2015-12-06,climate,nb,loglinear,7,0.75,hostvector,2.392,False,False
ARGENTINA,ARGENTINA,2015-12-06,climate,nb,loglinear,7,0.75,seir,-0.351,True,False
ARGENTINA,ARGENTINA,2015-12-06,climate,poisson,briere,3,1.0,hostvector,-2035.634,True,True
ARGENTINA,ARGENTINA,2015-12-06,climate,poisson,briere,3,1.0,seir,-2390.509,True,True
ARGENTINA,ARGENTINA,2015-12-06,climate,poisson,briere,3,0.75,hostvector,-2035.572,True,True
ARGENTINA,ARGENTINA,2015-12-06,climate,poisson,briere,3,0.75,seir,-2390.505,True,True
ARGENTINA,ARGENTINA,2015-12-06,climate,poisson,briere,5,1.0,hostvector,-2195.141,True,True
ARGENTINA,ARGENTINA,2015-12-06,climate,poisson,briere,5,1.0,seir,-4269.978,True,True
ARGENTINA,ARGENTINA,2015-12-06,climate,poisson,briere,5,0.75,hostvector,-2195.029,True,True
ARGENTINA,ARGENTINA,2015-12-06,climate,poisson,briere,5,0.75,seir,-4269.967,True,True
ARGENTINA,ARGENTINA,2015-12-06,climate,poisson,briere,7,1.0,hostvector,-1124.374,True,True
ARGENTINA,ARGENTINA,2015-12-06,climate,poisson,briere,7,1.0,seir,-595.819,True,True
ARGENTINA,ARGENTINA,2015-12-06,climate,poisson,briere,7,0.75,hostvector,-1124.475,True,True
ARGENTINA,ARGENTINA,2015-12-06,climate,poisson,briere,7,0.75,seir,-595.854,True,True
ARGENTINA,ARGENTINA,2015-12-06,climate,poisson,loglinear,3,1.0,hostvector,-2011.123,True,True
ARGENTINA,ARGENTINA,2015-12-06,climate,poisson,loglinear,3,1.0,seir,-2338.391,True,True
ARGENTINA,ARGENTINA,2015-12-06,climate,poisson,loglinear,3,0.75,hostvector,-2012.805,True,True
ARGENTINA,ARGENTINA,2015-12-06,climate,poisson,loglinear,3,0.75,seir,-2339.24,True,True
ARGENTINA,ARGENTINA,2015-12-06,climate,poisson,loglinear,5,1.0,hostvector,-3194.346,True,True
ARGENTINA,ARGENTINA,2015-12-06,climate,poisson,loglinear,5,1.0,seir,-4351.069,True,True
ARGENTINA,ARGENTINA,2015-12-06,climate,poisson,loglinear,5,0.75,hostvector,-3196.02,True,True
ARGENTINA,ARGENTINA,2015-12-06,climate,poisson,loglinear,5,0.75,seir,-4351.059,True,True
ARGENTINA,ARGENTINA,2015-12-06,climate,poisson,loglinear,7,1.0,hostvector,-1310.452,True,True
ARGENTINA,ARGENTINA,2015-12-06,climate,poisson,loglinear,7,1.0,seir,-881.807,True,True
ARGENTINA,ARGENTINA,2015-12-06,climate,poisson,loglinear,7,0.75,hostvector,-1330.646,True,True
ARGENTINA,ARGENTINA,2015-12-06,climate,poisson,loglinear,7,0.75,seir,-919.252,True,True
ARGENTINA,ARGENTINA,2019-12-22,no_effect,nb,briere,3,1.0,hostvector,2.377,False,False
ARGENTINA,ARGENTINA,2019-12-22,no_effect,nb,briere,3,1.0,seir,1.121,False,False
ARGENTINA,ARGENTINA,2019-12-22,no_effect,nb,briere,3,0.75,hostvector,2.352,False,False
ARGENTINA,ARGENTINA,2019-12-22,no_effect,nb,briere,3,0.75,seir,1.904,False,False
ARGENTINA,ARGENTINA,2019-12-22,no_effect,nb,briere,5,1.0,hostvector,2.977,False,False
ARGENTINA,ARGENTINA,2019-12-22,no_effect,nb,briere,5,1.0,seir,1.594,False,False
ARGENTINA,ARGENTINA,2019-12-22,no_effect,nb,briere,5,0.75,hostvector,3.223,False,False
ARGENTINA,ARGENTINA,2019-12-22,no_effect,nb,briere,5,0.75,seir,2.388,False,False
ARGENTINA,ARGENTINA,2019-12-22,no_effect,nb,briere,7,1.0,hostvector,3.433,False,False
ARGENTINA,ARGENTINA,2019-12-22,no_effect,nb,briere,7,1.0,seir,3.966,False,False
ARGENTINA,ARGENTINA,2019-12-22,no_effect,nb,briere,7,0.75,hostvector,2.706,False,False
ARGENTINA,ARGENTINA,2019-12-22,no_effect,nb,briere,7,0.75,seir,3.381,False,False
ARGENTINA,ARGENTINA,2019-12-22,no_effect,nb,loglinear,3,1.0,hostvector,2.594,False,False
ARGENTINA,ARGENTINA,2019-12-22,no_effect,nb,loglinear,3,1.0,seir,0.595,False,False
ARGENTINA,ARGENTINA,2019-12-22,no_effect,nb,loglinear,3,0.75,hostvector,2.5,False,False
ARGENTINA,ARGENTINA,2019-12-22,no_effect,nb,loglinear,3,0.75,seir,1.074,False,False
ARGENTINA,ARGENTINA,2019-12-22,no_effect,nb,loglinear,5,1.0,hostvector,3.052,False,False
ARGENTINA,ARGENTINA,2019-12-22,no_effect,nb,loglinear,5,1.0,seir,1.271,False,False
ARGENTINA,ARGENTINA,2019-12-22,no_effect,nb,loglinear,5,0.75,hostvector,3.171,False,False
ARGENTINA,ARGENTINA,2019-12-22,no_effect,nb,loglinear,5,0.75,seir,1.924,False,False
ARGENTINA,ARGENTINA,2019-12-22,no_effect,nb,loglinear,7,1.0,hostvector,3.154,False,False
ARGENTINA,ARGENTINA,2019-12-22,no_effect,nb,loglinear,7,1.0,seir,3.781,False,False
ARGENTINA,ARGENTINA,2019-12-22,no_effect,nb,loglinear,7,0.75,hostvector,2.204,False,False
ARGENTINA,ARGENTINA,2019-12-22,no_effect,nb,loglinear,7,0.75,seir,2.306,False,False
ARGENTINA,ARGENTINA,2019-12-22,no_effect,poisson,briere,3,1.0,hostvector,-2121.061,True,True
ARGENTINA,ARGENTINA,2019-12-22,no_effect,poisson,briere,3,1.0,seir,-2188.6,True,True
ARGENTINA,ARGENTINA,2019-12-22,no_effect,poisson,briere,3,0.75,hostvector,-1905.021,True,True
ARGENTINA,ARGENTINA,2019-12-22,no_effect,poisson,briere,3,0.75,seir,-1841.625,True,True
ARGENTINA,ARGENTINA,2019-12-22,no_effect,poisson,briere,5,1.0,hostvector,-443.336,True,True
ARGENTINA,ARGENTINA,2019-12-22,no_effect,poisson,briere,5,1.0,seir,-317.745,True,True
ARGENTINA,ARGENTINA,2019-12-22,no_effect,poisson,briere,5,0.75,hostvector,-1019.904,True,True
ARGENTINA,ARGENTINA,2019-12-22,no_effect,poisson,briere,5,0.75,seir,-594.028,True,True
ARGENTINA,ARGENTINA,2019-12-22,no_effect,poisson,briere,7,1.0,hostvector,-519.172,True,True
ARGENTINA,ARGENTINA,2019-12-22,no_effect,poisson,briere,7,1.0,seir,-690.849,True,True
ARGENTINA,ARGENTINA,2019-12-22,no_effect,poisson,briere,7,0.75,hostvector,-941.099,True,True
ARGENTINA,ARGENTINA,2019-12-22,no_effect,poisson,briere,7,0.75,seir,-967.594,True,True
ARGENTINA,ARGENTINA,2019-12-22,no_effect,poisson,loglinear,3,1.0,hostvector,-2158.562,True,True
ARGENTINA,ARGENTINA,2019-12-22,no_effect,poisson,loglinear,3,1.0,seir,-2310.591,True,True
ARGENTINA,ARGENTINA,2019-12-22,no_effect,poisson,loglinear,3,0.75,hostvector,-1795.74,True,True
ARGENTINA,ARGENTINA,2019-12-22,no_effect,poisson,loglinear,3,0.75,seir,-1908.825,True,True
ARGENTINA,ARGENTINA,2019-12-22,no_effect,poisson,loglinear,5,1.0,hostvector,-1582.219,True,True
ARGENTINA,ARGENTINA,2019-12-22,no_effect,poisson,loglinear,5,1.0,seir,-945.319,True,True
ARGENTINA,ARGENTINA,2019-12-22,no_effect,poisson,loglinear,5,0.75,hostvector,-1346.366,True,True
ARGENTINA,ARGENTINA,2019-12-22,no_effect,poisson,loglinear,5,0.75,seir,-1077.629,True,True
ARGENTINA,ARGENTINA,2019-12-22,no_effect,poisson,loglinear,7,1.0,hostvector,-1065.282,True,True
ARGENTINA,ARGENTINA,2019-12-22,no_effect,poisson,loglinear,7,1.0,seir,-1113.606,True,True
ARGENTINA,ARGENTINA,2019-12-22,no_effect,poisson,loglinear,7,0.75,hostvector,-939.348,True,True
ARGENTINA,ARGENTINA,2019-12-22,no_effect,poisson,loglinear,7,0.75,seir,-1131.014,True,True
ARGENTINA,ARGENTINA,2019-12-22,climate,nb,briere,3,1.0,hostvector,-10.515,True,True
ARGENTINA,ARGENTINA,2019-12-22,climate,nb,briere,3,1.0,seir,-22.845,True,True
ARGENTINA,ARGENTINA,2019-12-22,climate,nb,briere,3,0.75,hostvector,-10.607,True,True
ARGENTINA,ARGENTINA,2019-12-22,climate,nb,briere,3,0.75,seir,-22.888,True,True
ARGENTINA,ARGENTINA,2019-12-22,climate,nb,briere,5,1.0,hostvector,-2.857,True,False
ARGENTINA,ARGENTINA,2019-12-22,climate,nb,briere,5,1.0,seir,-17.613,True,True
ARGENTINA,ARGENTINA,2019-12-22,climate,nb,briere,5,0.75,hostvector,-1.815,True,False
ARGENTINA,ARGENTINA,2019-12-22,climate,nb,briere,5,0.75,seir,-17.627,True,True
ARGENTINA,ARGENTINA,2019-12-22,climate,nb,briere,7,1.0,hostvector,4.003,False,False
ARGENTINA,ARGENTINA,2019-12-22,climate,nb,briere,7,1.0,seir,-13.23,True,True
ARGENTINA,ARGENTINA,2019-12-22,climate,nb,briere,7,0.75,hostvector,4.507,False,False
ARGENTINA,ARGENTINA,2019-12-22,climate,nb,briere,7,0.75,seir,-13.112,True,True
ARGENTINA,ARGENTINA,2019-12-22,climate,nb,loglinear,3,1.0,hostvector,-10.637,True,True
ARGENTINA,ARGENTINA,2019-12-22,climate,nb,loglinear,3,1.0,seir,-23.792,True,True
ARGENTINA,ARGENTINA,2019-12-22,climate,nb,loglinear,3,0.75,hostvector,-10.82,True,True
ARGENTINA,ARGENTINA,2019-12-22,climate,nb,loglinear,3,0.75,seir,-24.063,True,True
ARGENTINA,ARGENTINA,2019-12-22,climate,nb,loglinear,5,1.0,hostvector,-3.573,True,False
ARGENTINA,ARGENTINA,2019-12-22,climate,nb,loglinear,5,1.0,seir,-20.084,True,True
ARGENTINA,ARGENTINA,2019-12-22,climate,nb,loglinear,5,0.75,hostvector,-4.933,True,True
ARGENTINA,ARGENTINA,2019-12-22,climate,nb,loglinear,5,0.75,seir,-20.038,True,True
ARGENTINA,ARGENTINA,2019-12-22,climate,nb,loglinear,7,1.0,hostvector,3.488,False,False
ARGENTINA,ARGENTINA,2019-12-22,climate,nb,loglinear,7,1.0,seir,-15.181,True,True
ARGENTINA,ARGENTINA,2019-12-22,climate,nb,loglinear,7,0.75,hostvector,3.493,False,False
ARGENTINA,ARGENTINA,2019-12-22,climate,nb,loglinear,7,0.75,seir,-17.627,True,True
ARGENTINA,ARGENTINA,2019-12-22,climate,poisson,briere,3,1.0,hostvector,-18.904,True,True
ARGENTINA,ARGENTINA,2019-12-22,climate,poisson,briere,3,1.0,seir,-41.575,True,True
ARGENTINA,ARGENTINA,2019-12-22,climate,poisson,briere,3,0.75,hostvector,-18.905,True,True
ARGENTINA,ARGENTINA,2019-12-22,climate,poisson,briere,3,0.75,seir,-41.575,True,True
ARGENTINA,ARGENTINA,2019-12-22,climate,poisson,briere,5,1.0,hostvector,-834.803,True,True
ARGENTINA,ARGENTINA,2019-12-22,climate,poisson,briere,5,1.0,seir,-271.786,True,True
ARGENTINA,ARGENTINA,2019-12-22,climate,poisson,briere,5,0.75,hostvector,-834.807,True,True
ARGENTINA,ARGENTINA,2019-12-22,climate,poisson,briere,5,0.75,seir,-271.785,True,True
ARGENTINA,ARGENTINA,2019-12-22,climate,poisson,briere,7,1.0,hostvector,-3310.342,True,True
ARGENTINA,ARGENTINA,2019-12-22,climate,poisson,briere,7,1.0,seir,-3431.133,True,True
ARGENTINA,ARGENTINA,2019-12-22,climate,poisson,briere,7,0.75,hostvector,-3313.296,True,True
ARGENTINA,ARGENTINA,2019-12-22,climate,poisson,briere,7,0.75,seir,-3431.139,True,True
ARGENTINA,ARGENTINA,2019-12-22,climate,poisson,loglinear,3,1.0,hostvector,-5075.386,True,True
ARGENTINA,ARGENTINA,2019-12-22,climate,poisson,loglinear,3,1.0,seir,-4883.65,True,True
ARGENTINA,ARGENTINA,2019-12-22,climate,poisson,loglinear,3,0.75,hostvector,-5075.388,True,True
ARGENTINA,ARGENTINA,2019-12-22,climate,poisson,loglinear,3,0.75,seir,-4883.635,True,True
ARGENTINA,ARGENTINA,2019-12-22,climate,poisson,loglinear,5,1.0,hostvector,-4389.122,True,True
ARGENTINA,ARGENTINA,2019-12-22,climate,poisson,loglinear,5,1.0,seir,-4400.603,True,True
ARGENTINA,ARGENTINA,2019-12-22,climate,poisson,loglinear,5,0.75,hostvector,-4389.117,True,True
ARGENTINA,ARGENTINA,2019-12-22,climate,poisson,loglinear,5,0.75,seir,-4401.508,True,True
ARGENTINA,ARGENTINA,2019-12-22,climate,poisson,loglinear,7,1.0,hostvector,-4212.382,True,True
ARGENTINA,ARGENTINA,2019-12-22,climate,poisson,loglinear,7,1.0,seir,-4268.071,True,True
ARGENTINA,ARGENTINA,2019-12-22,climate,poisson,loglinear,7,0.75,hostvector,-4212.376,True,True
ARGENTINA,ARGENTINA,2019-12-22,climate,poisson,loglinear,7,0.75,seir,-4615.739,True,True
BARBADOS,BARBADOS,2020-08-23,no_effect,nb,briere,3,1.0,hostvector,3.207,False,False
BARBADOS,BARBADOS,2020-08-23,no_effect,nb,briere,3,1.0,seir,3.693,False,False
BARBADOS,BARBADOS,2020-08-23,no_effect,nb,briere,3,0.75,hostvector,2.738,False,False
BARBADOS,BARBADOS,2020-08-23,no_effect,nb,briere,3,0.75,seir,2.804,False,False
BARBADOS,BARBADOS,2020-08-23,no_effect,nb,briere,5,1.0,hostvector,3.661,False,False
BARBADOS,BARBADOS,2020-08-23,no_effect,nb,briere,5,1.0,seir,3.933,False,False
BARBADOS,BARBADOS,2020-08-23,no_effect,nb,briere,5,0.75,hostvector,3.375,False,False
BARBADOS,BARBADOS,2020-08-23,no_effect,nb,briere,5,0.75,seir,3.441,False,False
BARBADOS,BARBADOS,2020-08-23,no_effect,nb,briere,7,1.0,hostvector,3.933,False,False
BARBADOS,BARBADOS,2020-08-23,no_effect,nb,briere,7,1.0,seir,3.997,False,False
BARBADOS,BARBADOS,2020-08-23,no_effect,nb,briere,7,0.75,hostvector,3.889,False,False
BARBADOS,BARBADOS,2020-08-23,no_effect,nb,briere,7,0.75,seir,3.998,False,False
BARBADOS,BARBADOS,2020-08-23,no_effect,nb,loglinear,3,1.0,hostvector,3.204,False,False
BARBADOS,BARBADOS,2020-08-23,no_effect,nb,loglinear,3,1.0,seir,3.656,False,False
BARBADOS,BARBADOS,2020-08-23,no_effect,nb,loglinear,3,0.75,hostvector,2.871,False,False
BARBADOS,BARBADOS,2020-08-23,no_effect,nb,loglinear,3,0.75,seir,2.893,False,False
BARBADOS,BARBADOS,2020-08-23,no_effect,nb,loglinear,5,1.0,hostvector,3.631,False,False
BARBADOS,BARBADOS,2020-08-23,no_effect,nb,loglinear,5,1.0,seir,3.882,False,False
BARBADOS,BARBADOS,2020-08-23,no_effect,nb,loglinear,5,0.75,hostvector,3.382,False,False
BARBADOS,BARBADOS,2020-08-23,no_effect,nb,loglinear,5,0.75,seir,3.485,False,False
BARBADOS,BARBADOS,2020-08-23,no_effect,nb,loglinear,7,1.0,hostvector,3.44,False,False
BARBADOS,BARBADOS,2020-08-23,no_effect,nb,loglinear,7,1.0,seir,3.626,False,False
BARBADOS,BARBADOS,2020-08-23,no_effect,nb,loglinear,7,0.75,hostvector,3.495,False,False
BARBADOS,BARBADOS,2020-08-23,no_effect,nb,loglinear,7,0.75,seir,3.726,False,False
BARBADOS,BARBADOS,2020-08-23,no_effect,poisson,briere,3,1.0,hostvector,-3.605,True,False
BARBADOS,BARBADOS,2020-08-23,no_effect,poisson,briere,3,1.0,seir,-3.193,True,False
BARBADOS,BARBADOS,2020-08-23,no_effect,poisson,briere,3,0.75,hostvector,-5.401,True,True
BARBADOS,BARBADOS,2020-08-23,no_effect,poisson,briere,3,0.75,seir,-7.16,True,True
BARBADOS,BARBADOS,2020-08-23,no_effect,poisson,briere,5,1.0,hostvector,0.63,False,False
BARBADOS,BARBADOS,2020-08-23,no_effect,poisson,briere,5,1.0,seir,1.828,False,False
BARBADOS,BARBADOS,2020-08-23,no_effect,poisson,briere,5,0.75,hostvector,-2.879,True,False
BARBADOS,BARBADOS,2020-08-23,no_effect,poisson,briere,5,0.75,seir,-4.952,True,True
BARBADOS,BARBADOS,2020-08-23,no_effect,poisson,briere,7,1.0,hostvector,3.665,False,False
BARBADOS,BARBADOS,2020-08-23,no_effect,poisson,briere,7,1.0,seir,3.112,False,False
BARBADOS,BARBADOS,2020-08-23,no_effect,poisson,briere,7,0.75,hostvector,2.658,False,False
BARBADOS,BARBADOS,2020-08-23,no_effect,poisson,briere,7,0.75,seir,2.242,False,False
BARBADOS,BARBADOS,2020-08-23,no_effect,poisson,loglinear,3,1.0,hostvector,-1.11,True,False
BARBADOS,BARBADOS,2020-08-23,no_effect,poisson,loglinear,3,1.0,seir,-1.512,True,False
BARBADOS,BARBADOS,2020-08-23,no_effect,poisson,loglinear,3,0.75,hostvector,-1.939,True,False
BARBADOS,BARBADOS,2020-08-23,no_effect,poisson,loglinear,3,0.75,seir,-3.972,True,False
BARBADOS,BARBADOS,2020-08-23,no_effect,poisson,loglinear,5,1.0,hostvector,1.611,False,False
BARBADOS,BARBADOS,2020-08-23,no_effect,poisson,loglinear,5,1.0,seir,2.522,False,False
BARBADOS,BARBADOS,2020-08-23,no_effect,poisson,loglinear,5,0.75,hostvector,-0.619,True,False
BARBADOS,BARBADOS,2020-08-23,no_effect,poisson,loglinear,5,0.75,seir,-2.175,True,False
BARBADOS,BARBADOS,2020-08-23,no_effect,poisson,loglinear,7,1.0,hostvector,3.291,False,False
BARBADOS,BARBADOS,2020-08-23,no_effect,poisson,loglinear,7,1.0,seir,3.008,False,False
BARBADOS,BARBADOS,2020-08-23,no_effect,poisson,loglinear,7,0.75,hostvector,1.61,False,False
BARBADOS,BARBADOS,2020-08-23,no_effect,poisson,loglinear,7,0.75,seir,1.96,False,False
BARBADOS,BARBADOS,2020-08-23,climate,nb,briere,3,1.0,hostvector,-23.773,True,True
BARBADOS,BARBADOS,2020-08-23,climate,nb,briere,3,1.0,seir,-24.659,True,True
BARBADOS,BARBADOS,2020-08-23,climate,nb,briere,3,0.75,hostvector,-9.014,True,True
BARBADOS,BARBADOS,2020-08-23,climate,nb,briere,3,0.75,seir,-9.909,True,True
BARBADOS,BARBADOS,2020-08-23,climate,nb,briere,5,1.0,hostvector,-26.674,True,True
BARBADOS,BARBADOS,2020-08-23,climate,nb,briere,5,1.0,seir,-25.634,True,True
BARBADOS,BARBADOS,2020-08-23,climate,nb,briere,5,0.75,hostvector,-10.23,True,True
BARBADOS,BARBADOS,2020-08-23,climate,nb,briere,5,0.75,seir,-10.071,True,True
BARBADOS,BARBADOS,2020-08-23,climate,nb,briere,7,1.0,hostvector,-25.192,True,True
BARBADOS,BARBADOS,2020-08-23,climate,nb,briere,7,1.0,seir,-21.539,True,True
BARBADOS,BARBADOS,2020-08-23,climate,nb,briere,7,0.75,hostvector,-8.234,True,True
BARBADOS,BARBADOS,2020-08-23,climate,nb,briere,7,0.75,seir,-6.11,True,True
BARBADOS,BARBADOS,2020-08-23,climate,nb,loglinear,3,1.0,hostvector,-23.537,True,True
BARBADOS,BARBADOS,2020-08-23,climate,nb,loglinear,3,1.0,seir,-24.582,True,True
BARBADOS,BARBADOS,2020-08-23,climate,nb,loglinear,3,0.75,hostvector,-8.95,True,True
BARBADOS,BARBADOS,2020-08-23,climate,nb,loglinear,3,0.75,seir,-9.891,True,True
BARBADOS,BARBADOS,2020-08-23,climate,nb,loglinear,5,1.0,hostvector,-26.564,True,True
BARBADOS,BARBADOS,2020-08-23,climate,nb,loglinear,5,1.0,seir,-25.572,True,True
BARBADOS,BARBADOS,2020-08-23,climate,nb,loglinear,5,0.75,hostvector,-10.193,True,True
BARBADOS,BARBADOS,2020-08-23,climate,nb,loglinear,5,0.75,seir,-10.048,True,True
BARBADOS,BARBADOS,2020-08-23,climate,nb,loglinear,7,1.0,hostvector,-25.196,True,True
BARBADOS,BARBADOS,2020-08-23,climate,nb,loglinear,7,1.0,seir,-21.708,True,True
BARBADOS,BARBADOS,2020-08-23,climate,nb,loglinear,7,0.75,hostvector,-8.444,True,True
BARBADOS,BARBADOS,2020-08-23,climate,nb,loglinear,7,0.75,seir,-6.775,True,True
BARBADOS,BARBADOS,2020-08-23,climate,poisson,briere,3,1.0,hostvector,-156.062,True,True
BARBADOS,BARBADOS,2020-08-23,climate,poisson,briere,3,1.0,seir,-171.686,True,True
BARBADOS,BARBADOS,2020-08-23,climate,poisson,briere,3,0.75,hostvector,-121.311,True,True
BARBADOS,BARBADOS,2020-08-23,climate,poisson,briere,3,0.75,seir,-134.907,True,True
BARBADOS,BARBADOS,2020-08-23,climate,poisson,briere,5,1.0,hostvector,-130.898,True,True
BARBADOS,BARBADOS,2020-08-23,climate,poisson,briere,5,1.0,seir,-137.28,True,True
BARBADOS,BARBADOS,2020-08-23,climate,poisson,briere,5,0.75,hostvector,-94.457,True,True
BARBADOS,BARBADOS,2020-08-23,climate,poisson,briere,5,0.75,seir,-100.559,True,True
BARBADOS,BARBADOS,2020-08-23,climate,poisson,briere,7,1.0,hostvector,-83.65,True,True
BARBADOS,BARBADOS,2020-08-23,climate,poisson,briere,7,1.0,seir,-65.125,True,True
BARBADOS,BARBADOS,2020-08-23,climate,poisson,briere,7,0.75,hostvector,-48.338,True,True
BARBADOS,BARBADOS,2020-08-23,climate,poisson,briere,7,0.75,seir,-30.555,True,True
BARBADOS,BARBADOS,2020-08-23,climate,poisson,loglinear,3,1.0,hostvector,-157.129,True,True
BARBADOS,BARBADOS,2020-08-23,climate,poisson,loglinear,3,1.0,seir,-173.111,True,True
BARBADOS,BARBADOS,2020-08-23,climate,poisson,loglinear,3,0.75,hostvector,-122.248,True,True
BARBADOS,BARBADOS,2020-08-23,climate,poisson,loglinear,3,0.75,seir,-136.182,True,True
BARBADOS,BARBADOS,2020-08-23,climate,poisson,loglinear,5,1.0,hostvector,-130.088,True,True
BARBADOS,BARBADOS,2020-08-23,climate,poisson,loglinear,5,1.0,seir,-136.951,True,True
BARBADOS,BARBADOS,2020-08-23,climate,poisson,loglinear,5,0.75,hostvector,-93.833,True,True
BARBADOS,BARBADOS,2020-08-23,climate,poisson,loglinear,5,0.75,seir,-100.313,True,True
BARBADOS,BARBADOS,2020-08-23,climate,poisson,loglinear,7,1.0,hostvector,-94.704,True,True
BARBADOS,BARBADOS,2020-08-23,climate,poisson,loglinear,7,1.0,seir,-97.579,True,True
BARBADOS,BARBADOS,2020-08-23,climate,poisson,loglinear,7,0.75,hostvector,-66.259,True,True
BARBADOS,BARBADOS,2020-08-23,climate,poisson,loglinear,7,0.75,seir,-74.421,True,True
BELIZE,BELIZE,2014-04-13,no_effect,nb,briere,3,1.0,hostvector,1.655,False,False
BELIZE,BELIZE,2014-04-13,no_effect,nb,briere,3,1.0,seir,2.491,False,False
BELIZE,BELIZE,2014-04-13,no_effect,nb,briere,3,0.75,hostvector,3.928,False,False
BELIZE,BELIZE,2014-04-13,no_effect,nb,briere,3,0.75,seir,3.951,False,False
BELIZE,BELIZE,2014-04-13,no_effect,nb,briere,5,1.0,hostvector,2.57,False,False
BELIZE,BELIZE,2014-04-13,no_effect,nb,briere,5,1.0,seir,3.177,False,False
BELIZE,BELIZE,2014-04-13,no_effect,nb,briere,5,0.75,hostvector,2.979,False,False
BELIZE,BELIZE,2014-04-13,no_effect,nb,briere,5,0.75,seir,3.08,False,False
BELIZE,BELIZE,2014-04-13,no_effect,nb,briere,7,1.0,hostvector,3.642,False,False
BELIZE,BELIZE,2014-04-13,no_effect,nb,briere,7,1.0,seir,3.833,False,False
BELIZE,BELIZE,2014-04-13,no_effect,nb,briere,7,0.75,hostvector,2.454,False,False
BELIZE,BELIZE,2014-04-13,no_effect,nb,briere,7,0.75,seir,2.761,False,False
BELIZE,BELIZE,2014-04-13,no_effect,nb,loglinear,3,1.0,hostvector,1.642,False,False
BELIZE,BELIZE,2014-04-13,no_effect,nb,loglinear,3,1.0,seir,1.971,False,False
BELIZE,BELIZE,2014-04-13,no_effect,nb,loglinear,3,0.75,hostvector,3.823,False,False
BELIZE,BELIZE,2014-04-13,no_effect,nb,loglinear,3,0.75,seir,2.661,False,False
BELIZE,BELIZE,2014-04-13,no_effect,nb,loglinear,5,1.0,hostvector,2.533,False,False
BELIZE,BELIZE,2014-04-13,no_effect,nb,loglinear,5,1.0,seir,2.579,False,False
BELIZE,BELIZE,2014-04-13,no_effect,nb,loglinear,5,0.75,hostvector,1.655,False,False
BELIZE,BELIZE,2014-04-13,no_effect,nb,loglinear,5,0.75,seir,-0.797,True,False
BELIZE,BELIZE,2014-04-13,no_effect,nb,loglinear,7,1.0,hostvector,3.232,False,False
BELIZE,BELIZE,2014-04-13,no_effect,nb,loglinear,7,1.0,seir,2.708,False,False
BELIZE,BELIZE,2014-04-13,no_effect,nb,loglinear,7,0.75,hostvector,1.575,False,False
BELIZE,BELIZE,2014-04-13,no_effect,nb,loglinear,7,0.75,seir,0.2,False,False
BELIZE,BELIZE,2014-04-13,no_effect,poisson,briere,3,1.0,hostvector,-11.558,True,True
BELIZE,BELIZE,2014-04-13,no_effect,poisson,briere,3,1.0,seir,-5.867,True,True
BELIZE,BELIZE,2014-04-13,no_effect,poisson,briere,3,0.75,hostvector,1.175,False,False
BELIZE,BELIZE,2014-04-13,no_effect,poisson,briere,3,0.75,seir,1.934,False,False
BELIZE,BELIZE,2014-04-13,no_effect,poisson,briere,5,1.0,hostvector,-4.8,True,True
BELIZE,BELIZE,2014-04-13,no_effect,poisson,briere,5,1.0,seir,-0.11,True,False
BELIZE,BELIZE,2014-04-13,no_effect,poisson,briere,5,0.75,hostvector,-6.738,True,True
BELIZE,BELIZE,2014-04-13,no_effect,poisson,briere,5,0.75,seir,-5.231,True,True
BELIZE,BELIZE,2014-04-13,no_effect,poisson,briere,7,1.0,hostvector,3.71,False,False
BELIZE,BELIZE,2014-04-13,no_effect,poisson,briere,7,1.0,seir,3.934,False,False
BELIZE,BELIZE,2014-04-13,no_effect,poisson,briere,7,0.75,hostvector,-10.936,True,True
BELIZE,BELIZE,2014-04-13,no_effect,poisson,briere,7,0.75,seir,-7.48,True,True
BELIZE,BELIZE,2014-04-13,no_effect,poisson,loglinear,3,1.0,hostvector,-11.272,True,True
BELIZE,BELIZE,2014-04-13,no_effect,poisson,loglinear,3,1.0,seir,-5.776,True,True
BELIZE,BELIZE,2014-04-13,no_effect,poisson,loglinear,3,0.75,hostvector,1.396,False,False
BELIZE,BELIZE,2014-04-13,no_effect,poisson,loglinear,3,0.75,seir,0.052,False,False
BELIZE,BELIZE,2014-04-13,no_effect,poisson,loglinear,5,1.0,hostvector,-3.823,True,False
BELIZE,BELIZE,2014-04-13,no_effect,poisson,loglinear,5,1.0,seir,0.113,False,False
BELIZE,BELIZE,2014-04-13,no_effect,poisson,loglinear,5,0.75,hostvector,-13.761,True,True
BELIZE,BELIZE,2014-04-13,no_effect,poisson,loglinear,5,0.75,seir,-24.576,True,True
BELIZE,BELIZE,2014-04-13,no_effect,poisson,loglinear,7,1.0,hostvector,3.501,False,False
BELIZE,BELIZE,2014-04-13,no_effect,poisson,loglinear,7,1.0,seir,2.625,False,False
BELIZE,BELIZE,2014-04-13,no_effect,poisson,loglinear,7,0.75,hostvector,-15.072,True,True
BELIZE,BELIZE,2014-04-13,no_effect,poisson,loglinear,7,0.75,seir,-17.632,True,True
BELIZE,BELIZE,2014-04-13,climate,nb,briere,3,1.0,hostvector,-314.602,True,True
BELIZE,BELIZE,2014-04-13,climate,nb,briere,3,1.0,seir,-292.603,True,True
BELIZE,BELIZE,2014-04-13,climate,nb,briere,3,0.75,hostvector,-75.118,True,True
BELIZE,BELIZE,2014-04-13,climate,nb,briere,3,0.75,seir,-67.684,True,True
BELIZE,BELIZE,2014-04-13,climate,nb,briere,5,1.0,hostvector,-275.885,True,True
BELIZE,BELIZE,2014-04-13,climate,nb,briere,5,1.0,seir,-250.488,True,True
BELIZE,BELIZE,2014-04-13,climate,nb,briere,5,0.75,hostvector,-44.873,True,True
BELIZE,BELIZE,2014-04-13,climate,nb,briere,5,0.75,seir,-35.47,True,True
BELIZE,BELIZE,2014-04-13,climate,nb,briere,7,1.0,hostvector,-224.113,True,True
BELIZE,BELIZE,2014-04-13,climate,nb,briere,7,1.0,seir,-189.848,True,True
BELIZE,BELIZE,2014-04-13,climate,nb,briere,7,0.75,hostvector,-1.709,True,False
BELIZE,BELIZE,2014-04-13,climate,nb,briere,7,0.75,seir,-0.515,True,False
BELIZE,BELIZE,2014-04-13,climate,nb,loglinear,3,1.0,hostvector,-314.443,True,True
BELIZE,BELIZE,2014-04-13,climate,nb,loglinear,3,1.0,seir,-292.032,True,True
BELIZE,BELIZE,2014-04-13,climate,nb,loglinear,3,0.75,hostvector,-75.021,True,True
BELIZE,BELIZE,2014-04-13,climate,nb,loglinear,3,0.75,seir,-67.515,True,True
BELIZE,BELIZE,2014-04-13,climate,nb,loglinear,5,1.0,hostvector,-281.326,True,True
BELIZE,BELIZE,2014-04-13,climate,nb,loglinear,5,1.0,seir,-260.559,True,True
BELIZE,BELIZE,2014-04-13,climate,nb,loglinear,5,0.75,hostvector,-50.057,True,True
BELIZE,BELIZE,2014-04-13,climate,nb,loglinear,5,0.75,seir,-45.628,True,True
BELIZE,BELIZE,2014-04-13,climate,nb,loglinear,7,1.0,hostvector,-279.777,True,True
BELIZE,BELIZE,2014-04-13,climate,nb,loglinear,7,1.0,seir,-263.468,True,True
BELIZE,BELIZE,2014-04-13,climate,nb,loglinear,7,0.75,hostvector,-47.006,True,True
BELIZE,BELIZE,2014-04-13,climate,nb,loglinear,7,0.75,seir,-42.713,True,True
BELIZE,BELIZE,2014-04-13,climate,poisson,briere,3,1.0,hostvector,-2823.192,True,True
BELIZE,BELIZE,2014-04-13,climate,poisson,briere,3,1.0,seir,-2754.32,True,True
BELIZE,BELIZE,2014-04-13,climate,poisson,briere,3,0.75,hostvector,-1287.073,True,True
BELIZE,BELIZE,2014-04-13,climate,poisson,briere,3,0.75,seir,-1266.216,True,True
BELIZE,BELIZE,2014-04-13,climate,poisson,briere,5,1.0,hostvector,-2402.815,True,True
BELIZE,BELIZE,2014-04-13,climate,poisson,briere,5,1.0,seir,-2256.813,True,True
BELIZE,BELIZE,2014-04-13,climate,poisson,briere,5,0.75,hostvector,-902.901,True,True
BELIZE,BELIZE,2014-04-13,climate,poisson,briere,5,0.75,seir,-820.62,True,True
BELIZE,BELIZE,2014-04-13,climate,poisson,briere,7,1.0,hostvector,-1719.828,True,True
BELIZE,BELIZE,2014-04-13,climate,poisson,briere,7,1.0,seir,-1476.619,True,True
BELIZE,BELIZE,2014-04-13,climate,poisson,briere,7,0.75,hostvector,-218.216,True,True
BELIZE,BELIZE,2014-04-13,climate,poisson,briere,7,0.75,seir,-23.802,True,True
BELIZE,BELIZE,2014-04-13,climate,poisson,loglinear,3,1.0,hostvector,-2823.338,True,True
BELIZE,BELIZE,2014-04-13,climate,poisson,loglinear,3,1.0,seir,-2753.442,True,True
BELIZE,BELIZE,2014-04-13,climate,poisson,loglinear,3,0.75,hostvector,-1286.759,True,True
BELIZE,BELIZE,2014-04-13,climate,poisson,loglinear,3,0.75,seir,-1264.078,True,True
BELIZE,BELIZE,2014-04-13,climate,poisson,loglinear,5,1.0,hostvector,-2482.364,True,True
BELIZE,BELIZE,2014-04-13,climate,poisson,loglinear,5,1.0,seir,-2411.079,True,True
BELIZE,BELIZE,2014-04-13,climate,poisson,loglinear,5,0.75,hostvector,-983.155,True,True
BELIZE,BELIZE,2014-04-13,climate,poisson,loglinear,5,0.75,seir,-956.018,True,True
BELIZE,BELIZE,2014-04-13,climate,poisson,loglinear,7,1.0,hostvector,-2669.286,True,True
BELIZE,BELIZE,2014-04-13,climate,poisson,loglinear,7,1.0,seir,-2581.575,True,True
BELIZE,BELIZE,2014-04-13,climate,poisson,loglinear,7,0.75,hostvector,-1282.884,True,True
BELIZE,BELIZE,2014-04-13,climate,poisson,loglinear,7,0.75,seir,-1245.746,True,True
BELIZE,BELIZE,2019-04-28,no_effect,nb,briere,3,1.0,hostvector,3.236,False,False
BELIZE,BELIZE,2019-04-28,no_effect,nb,briere,3,1.0,seir,3.872,False,False
BELIZE,BELIZE,2019-04-28,no_effect,nb,briere,3,0.75,hostvector,3.985,False,False
BELIZE,BELIZE,2019-04-28,no_effect,nb,briere,3,0.75,seir,4.0,False,False
BELIZE,BELIZE,2019-04-28,no_effect,nb,briere,5,1.0,hostvector,3.271,False,False
BELIZE,BELIZE,2019-04-28,no_effect,nb,briere,5,1.0,seir,3.971,False,False
BELIZE,BELIZE,2019-04-28,no_effect,nb,briere,5,0.75,hostvector,3.133,False,False
BELIZE,BELIZE,2019-04-28,no_effect,nb,briere,5,0.75,seir,2.694,False,False
BELIZE,BELIZE,2019-04-28,no_effect,nb,briere,7,1.0,hostvector,2.635,False,False
BELIZE,BELIZE,2019-04-28,no_effect,nb,briere,7,1.0,seir,3.85,False,False
BELIZE,BELIZE,2019-04-28,no_effect,nb,briere,7,0.75,hostvector,3.673,False,False
BELIZE,BELIZE,2019-04-28,no_effect,nb,briere,7,0.75,seir,2.453,False,False
BELIZE,BELIZE,2019-04-28,no_effect,nb,loglinear,3,1.0,hostvector,3.187,False,False
BELIZE,BELIZE,2019-04-28,no_effect,nb,loglinear,3,1.0,seir,3.871,False,False
BELIZE,BELIZE,2019-04-28,no_effect,nb,loglinear,3,0.75,hostvector,3.966,False,False
BELIZE,BELIZE,2019-04-28,no_effect,nb,loglinear,3,0.75,seir,3.379,False,False
BELIZE,BELIZE,2019-04-28,no_effect,nb,loglinear,5,1.0,hostvector,3.238,False,False
BELIZE,BELIZE,2019-04-28,no_effect,nb,loglinear,5,1.0,seir,3.972,False,False
BELIZE,BELIZE,2019-04-28,no_effect,nb,loglinear,5,0.75,hostvector,2.885,False,False
BELIZE,BELIZE,2019-04-28,no_effect,nb,loglinear,5,0.75,seir,1.098,False,False
BELIZE,BELIZE,2019-04-28,no_effect,nb,loglinear,7,1.0,hostvector,2.657,False,False
BELIZE,BELIZE,2019-04-28,no_effect,nb,loglinear,7,1.0,seir,3.826,False,False
BELIZE,BELIZE,2019-04-28,no_effect,nb,loglinear,7,0.75,hostvector,3.647,False,False
BELIZE,BELIZE,2019-04-28,no_effect,nb,loglinear,7,0.75,seir,2.446,False,False
BELIZE,BELIZE,2019-04-28,no_effect,poisson,briere,3,1.0,hostvector,1.607,False,False
BELIZE,BELIZE,2019-04-28,no_effect,poisson,briere,3,1.0,seir,3.54,False,False
BELIZE,BELIZE,2019-04-28,no_effect,poisson,briere,3,0.75,hostvector,1.851,False,False
BELIZE,BELIZE,2019-04-28,no_effect,poisson,briere,3,0.75,seir,2.336,False,False
BELIZE,BELIZE,2019-04-28,no_effect,poisson,briere,5,1.0,hostvector,-1.184,True,False
BELIZE,BELIZE,2019-04-28,no_effect,poisson,briere,5,1.0,seir,-0.253,True,False
BELIZE,BELIZE,2019-04-28,no_effect,poisson,briere,5,0.75,hostvector,-12.885,True,True
BELIZE,BELIZE,2019-04-28,no_effect,poisson,briere,5,0.75,seir,-13.488,True,True
BELIZE,BELIZE,2019-04-28,no_effect,poisson,briere,7,1.0,hostvector,1.203,False,False
BELIZE,BELIZE,2019-04-28,no_effect,poisson,briere,7,1.0,seir,2.245,False,False
BELIZE,BELIZE,2019-04-28,no_effect,poisson,briere,7,0.75,hostvector,-8.379,True,True
BELIZE,BELIZE,2019-04-28,no_effect,poisson,briere,7,0.75,seir,-15.024,True,True
BELIZE,BELIZE,2019-04-28,no_effect,poisson,loglinear,3,1.0,hostvector,1.407,False,False
BELIZE,BELIZE,2019-04-28,no_effect,poisson,loglinear,3,1.0,seir,3.547,False,False
BELIZE,BELIZE,2019-04-28,no_effect,poisson,loglinear,3,0.75,hostvector,-6.119,True,True
BELIZE,BELIZE,2019-04-28,no_effect,poisson,loglinear,3,0.75,seir,-15.238,True,True
BELIZE,BELIZE,2019-04-28,no_effect,poisson,loglinear,5,1.0,hostvector,-1.196,True,False
BELIZE,BELIZE,2019-04-28,no_effect,poisson,loglinear,5,1.0,seir,-0.613,True,False
BELIZE,BELIZE,2019-04-28,no_effect,poisson,loglinear,5,0.75,hostvector,-28.293,True,True
BELIZE,BELIZE,2019-04-28,no_effect,poisson,loglinear,5,0.75,seir,-36.752,True,True
BELIZE,BELIZE,2019-04-28,no_effect,poisson,loglinear,7,1.0,hostvector,1.01,False,False
BELIZE,BELIZE,2019-04-28,no_effect,poisson,loglinear,7,1.0,seir,2.199,False,False
BELIZE,BELIZE,2019-04-28,no_effect,poisson,loglinear,7,0.75,hostvector,-8.398,True,True
BELIZE,BELIZE,2019-04-28,no_effect,poisson,loglinear,7,0.75,seir,-15.148,True,True
BELIZE,BELIZE,2019-04-28,climate,nb,briere,3,1.0,hostvector,-513.429,True,True
BELIZE,BELIZE,2019-04-28,climate,nb,briere,3,1.0,seir,-493.457,True,True
BELIZE,BELIZE,2019-04-28,climate,nb,briere,3,0.75,hostvector,-83.364,True,True
BELIZE,BELIZE,2019-04-28,climate,nb,briere,3,0.75,seir,-73.869,True,True
BELIZE,BELIZE,2019-04-28,climate,nb,briere,5,1.0,hostvector,-406.183,True,True
BELIZE,BELIZE,2019-04-28,climate,nb,briere,5,1.0,seir,-328.207,True,True
BELIZE,BELIZE,2019-04-28,climate,nb,briere,5,0.75,hostvector,-33.174,True,True
BELIZE,BELIZE,2019-04-28,climate,nb,briere,5,0.75,seir,-29.309,True,True
BELIZE,BELIZE,2019-04-28,climate,nb,briere,7,1.0,hostvector,-178.313,True,True
BELIZE,BELIZE,2019-04-28,climate,nb,briere,7,1.0,seir,-143.344,True,True
BELIZE,BELIZE,2019-04-28,climate,nb,briere,7,0.75,hostvector,-3.844,True,False
BELIZE,BELIZE,2019-04-28,climate,nb,briere,7,0.75,seir,-1.139,True,False
BELIZE,BELIZE,2019-04-28,climate,nb,loglinear,3,1.0,hostvector,-513.487,True,True
BELIZE,BELIZE,2019-04-28,climate,nb,loglinear,3,1.0,seir,-493.123,True,True
BELIZE,BELIZE,2019-04-28,climate,nb,loglinear,3,0.75,hostvector,-82.234,True,True
BELIZE,BELIZE,2019-04-28,climate,nb,loglinear,3,0.75,seir,-73.28,True,True
BELIZE,BELIZE,2019-04-28,climate,nb,loglinear,5,1.0,hostvector,-431.088,True,True
BELIZE,BELIZE,2019-04-28,climate,nb,loglinear,5,1.0,seir,-379.468,True,True
BELIZE,BELIZE,2019-04-28,climate,nb,loglinear,5,0.75,hostvector,-49.919,True,True
BELIZE,BELIZE,2019-04-28,climate,nb,loglinear,5,0.75,seir,-47.119,True,True
BELIZE,BELIZE,2019-04-28,climate,nb,loglinear,7,1.0,hostvector,-415.648,True,True
BELIZE,BELIZE,2019-04-28,climate,nb,loglinear,7,1.0,seir,-387.064,True,True
BELIZE,BELIZE,2019-04-28,climate,nb,loglinear,7,0.75,hostvector,-50.79,True,True
BELIZE,BELIZE,2019-04-28,climate,nb,loglinear,7,0.75,seir,-48.727,True,True
BELIZE,BELIZE,2019-04-28,climate,poisson,briere,3,1.0,hostvector,-8116.13,True,True
BELIZE,BELIZE,2019-04-28,climate,poisson,briere,3,1.0,seir,-7995.753,True,True
BELIZE,BELIZE,2019-04-28,climate,poisson,briere,3,0.75,hostvector,-2068.508,True,True
BELIZE,BELIZE,2019-04-28,climate,poisson,briere,3,0.75,seir,-1981.417,True,True
BELIZE,BELIZE,2019-04-28,climate,poisson,briere,5,1.0,hostvector,-6310.696,True,True
BELIZE,BELIZE,2019-04-28,climate,poisson,briere,5,1.0,seir,-5478.004,True,True
BELIZE,BELIZE,2019-04-28,climate,poisson,briere,5,0.75,hostvector,-597.873,True,True
BELIZE,BELIZE,2019-04-28,climate,poisson,briere,5,0.75,seir,-289.595,True,True
BELIZE,BELIZE,2019-04-28,climate,poisson,briere,7,1.0,hostvector,-2179.988,True,True
BELIZE,BELIZE,2019-04-28,climate,poisson,briere,7,1.0,seir,-0.128,True,False
BELIZE,BELIZE,2019-04-28,climate,poisson,briere,7,0.75,hostvector,-5.549,True,True
BELIZE,BELIZE,2019-04-28,climate,poisson,briere,7,0.75,seir,-5.464,True,True
BELIZE,BELIZE,2019-04-28,climate,poisson,loglinear,3,1.0,hostvector,-8091.14,True,True
BELIZE,BELIZE,2019-04-28,climate,poisson,loglinear,3,1.0,seir,-7970.649,True,True
BELIZE,BELIZE,2019-04-28,climate,poisson,loglinear,3,0.75,hostvector,-2029.191,True,True
BELIZE,BELIZE,2019-04-28,climate,poisson,loglinear,3,0.75,seir,-1913.822,True,True
BELIZE,BELIZE,2019-04-28,climate,poisson,loglinear,5,1.0,hostvector,-6968.33,True,True
BELIZE,BELIZE,2019-04-28,climate,poisson,loglinear,5,1.0,seir,-6838.67,True,True
BELIZE,BELIZE,2019-04-28,climate,poisson,loglinear,5,0.75,hostvector,-1117.436,True,True
BELIZE,BELIZE,2019-04-28,climate,poisson,loglinear,5,0.75,seir,-1081.983,True,True
BELIZE,BELIZE,2019-04-28,climate,poisson,loglinear,7,1.0,hostvector,-6843.962,True,True
BELIZE,BELIZE,2019-04-28,climate,poisson,loglinear,7,1.0,seir,-6752.29,True,True
BELIZE,BELIZE,2019-04-28,climate,poisson,loglinear,7,0.75,hostvector,-1213.896,True,True
BELIZE,BELIZE,2019-04-28,climate,poisson,loglinear,7,0.75,seir,-1255.609,True,True
BOLIVIA,COCHABAMBA,2014-11-02,no_effect,nb,briere,3,1.0,hostvector,-3.071,True,False
BOLIVIA,COCHABAMBA,2014-11-02,no_effect,nb,briere,3,1.0,seir,-3.526,True,False
BOLIVIA,COCHABAMBA,2014-11-02,no_effect,nb,briere,3,0.75,hostvector,-1.477,True,False
BOLIVIA,COCHABAMBA,2014-11-02,no_effect,nb,briere,3,0.75,seir,-1.443,True,False
BOLIVIA,COCHABAMBA,2014-11-02,no_effect,nb,briere,5,1.0,hostvector,-1.095,True,False
BOLIVIA,COCHABAMBA,2014-11-02,no_effect,nb,briere,5,1.0,seir,-1.771,True,False
BOLIVIA,COCHABAMBA,2014-11-02,no_effect,nb,briere,5,0.75,hostvector,0.91,False,False
BOLIVIA,COCHABAMBA,2014-11-02,no_effect,nb,briere,5,0.75,seir,0.825,False,False
BOLIVIA,COCHABAMBA,2014-11-02,no_effect,nb,briere,7,1.0,hostvector,0.413,False,False
BOLIVIA,COCHABAMBA,2014-11-02,no_effect,nb,briere,7,1.0,seir,-0.295,True,False
BOLIVIA,COCHABAMBA,2014-11-02,no_effect,nb,briere,7,0.75,hostvector,2.224,False,False
BOLIVIA,COCHABAMBA,2014-11-02,no_effect,nb,briere,7,0.75,seir,2.085,False,False
BOLIVIA,COCHABAMBA,2014-11-02,no_effect,nb,loglinear,3,1.0,hostvector,-0.383,True,False
BOLIVIA,COCHABAMBA,2014-11-02,no_effect,nb,loglinear,3,1.0,seir,-1.163,True,False
BOLIVIA,COCHABAMBA,2014-11-02,no_effect,nb,loglinear,3,0.75,hostvector,-2.206,True,False
BOLIVIA,COCHABAMBA,2014-11-02,no_effect,nb,loglinear,3,0.75,seir,-2.703,True,False
BOLIVIA,COCHABAMBA,2014-11-02,no_effect,nb,loglinear,5,1.0,hostvector,0.884,False,False
BOLIVIA,COCHABAMBA,2014-11-02,no_effect,nb,loglinear,5,1.0,seir,0.286,False,False
BOLIVIA,COCHABAMBA,2014-11-02,no_effect,nb,loglinear,5,0.75,hostvector,-1.543,True,False
BOLIVIA,COCHABAMBA,2014-11-02,no_effect,nb,loglinear,5,0.75,seir,-2.123,True,False
BOLIVIA,COCHABAMBA,2014-11-02,no_effect,nb,loglinear,7,1.0,hostvector,1.293,False,False
BOLIVIA,COCHABAMBA,2014-11-02,no_effect,nb,loglinear,7,1.0,seir,0.599,False,False
BOLIVIA,COCHABAMBA,2014-11-02,no_effect,nb,loglinear,7,0.75,hostvector,-1.278,True,False
BOLIVIA,COCHABAMBA,2014-11-02,no_effect,nb,loglinear,7,0.75,seir,-1.905,True,False
BOLIVIA,COCHABAMBA,2014-11-02,no_effect,poisson,briere,3,1.0,hostvector,-36.648,True,True
BOLIVIA,COCHABAMBA,2014-11-02,no_effect,poisson,briere,3,1.0,seir,-31.501,True,True
BOLIVIA,COCHABAMBA,2014-11-02,no_effect,poisson,briere,3,0.75,hostvector,-44.09,True,True
BOLIVIA,COCHABAMBA,2014-11-02,no_effect,poisson,briere,3,0.75,seir,-39.024,True,True
BOLIVIA,COCHABAMBA,2014-11-02,no_effect,poisson,briere,5,1.0,hostvector,-16.154,True,True
BOLIVIA,COCHABAMBA,2014-11-02,no_effect,poisson,briere,5,1.0,seir,-14.125,True,True
BOLIVIA,COCHABAMBA,2014-11-02,no_effect,poisson,briere,5,0.75,hostvector,-22.284,True,True
BOLIVIA,COCHABAMBA,2014-11-02,no_effect,poisson,briere,5,0.75,seir,-19.588,True,True
BOLIVIA,COCHABAMBA,2014-11-02,no_effect,poisson,briere,7,1.0,hostvector,-8.911,True,True
BOLIVIA,COCHABAMBA,2014-11-02,no_effect,poisson,briere,7,1.0,seir,-8.236,True,True
BOLIVIA,COCHABAMBA,2014-11-02,no_effect,poisson,briere,7,0.75,hostvector,-14.884,True,True
BOLIVIA,COCHABAMBA,2014-11-02,no_effect,poisson,briere,7,0.75,seir,-11.991,True,True
BOLIVIA,COCHABAMBA,2014-11-02,no_effect,poisson,loglinear,3,1.0,hostvector,-19.08,True,True
BOLIVIA,COCHABAMBA,2014-11-02,no_effect,poisson,loglinear,3,1.0,seir,-15.423,True,True
BOLIVIA,COCHABAMBA,2014-11-02,no_effect,poisson,loglinear,3,0.75,hostvector,-48.142,True,True
BOLIVIA,COCHABAMBA,2014-11-02,no_effect,poisson,loglinear,3,0.75,seir,-48.342,True,True
BOLIVIA,COCHABAMBA,2014-11-02,no_effect,poisson,loglinear,5,1.0,hostvector,-8.843,True,True
BOLIVIA,COCHABAMBA,2014-11-02,no_effect,poisson,loglinear,5,1.0,seir,-6.212,True,True
BOLIVIA,COCHABAMBA,2014-11-02,no_effect,poisson,loglinear,5,0.75,hostvector,-41.042,True,True
BOLIVIA,COCHABAMBA,2014-11-02,no_effect,poisson,loglinear,5,0.75,seir,-42.205,True,True
BOLIVIA,COCHABAMBA,2014-11-02,no_effect,poisson,loglinear,7,1.0,hostvector,-6.824,True,True
BOLIVIA,COCHABAMBA,2014-11-02,no_effect,poisson,loglinear,7,1.0,seir,-6.033,True,True
BOLIVIA,COCHABAMBA,2014-11-02,no_effect,poisson,loglinear,7,0.75,hostvector,-37.176,True,True
BOLIVIA,COCHABAMBA,2014-11-02,no_effect,poisson,loglinear,7,0.75,seir,-38.807,True,True
BOLIVIA,COCHABAMBA,2014-11-02,climate,nb,briere,3,1.0,hostvector,1.548,False,False
BOLIVIA,COCHABAMBA,2014-11-02,climate,nb,briere,3,1.0,seir,2.051,False,False
BOLIVIA,COCHABAMBA,2014-11-02,climate,nb,briere,3,0.75,hostvector,1.53,False,False
BOLIVIA,COCHABAMBA,2014-11-02,climate,nb,briere,3,0.75,seir,2.051,False,False
BOLIVIA,COCHABAMBA,2014-11-02,climate,nb,briere,5,1.0,hostvector,2.675,False,False
BOLIVIA,COCHABAMBA,2014-11-02,climate,nb,briere,5,1.0,seir,2.592,False,False
BOLIVIA,COCHABAMBA,2014-11-02,climate,nb,briere,5,0.75,hostvector,2.675,False,False
BOLIVIA,COCHABAMBA,2014-11-02,climate,nb,briere,5,0.75,seir,2.592,False,False
BOLIVIA,COCHABAMBA,2014-11-02,climate,nb,briere,7,1.0,hostvector,1.852,False,False
BOLIVIA,COCHABAMBA,2014-11-02,climate,nb,briere,7,1.0,seir,1.775,False,False
BOLIVIA,COCHABAMBA,2014-11-02,climate,nb,briere,7,0.75,hostvector,1.852,False,False
BOLIVIA,COCHABAMBA,2014-11-02,climate,nb,briere,7,0.75,seir,1.775,False,False
BOLIVIA,COCHABAMBA,2014-11-02,climate,nb,loglinear,3,1.0,hostvector,1.314,False,False
BOLIVIA,COCHABAMBA,2014-11-02,climate,nb,loglinear,3,1.0,seir,1.697,False,False
BOLIVIA,COCHABAMBA,2014-11-02,climate,nb,loglinear,3,0.75,hostvector,2.055,False,False
BOLIVIA,COCHABAMBA,2014-11-02,climate,nb,loglinear,3,0.75,seir,1.697,False,False
BOLIVIA,COCHABAMBA,2014-11-02,climate,nb,loglinear,5,1.0,hostvector,1.944,False,False
BOLIVIA,COCHABAMBA,2014-11-02,climate,nb,loglinear,5,1.0,seir,2.154,False,False
BOLIVIA,COCHABAMBA,2014-11-02,climate,nb,loglinear,5,0.75,hostvector,1.944,False,False
BOLIVIA,COCHABAMBA,2014-11-02,climate,nb,loglinear,5,0.75,seir,2.154,False,False
BOLIVIA,COCHABAMBA,2014-11-02,climate,nb,loglinear,7,1.0,hostvector,1.763,False,False
BOLIVIA,COCHABAMBA,2014-11-02,climate,nb,loglinear,7,1.0,seir,1.725,False,False
BOLIVIA,COCHABAMBA,2014-11-02,climate,nb,loglinear,7,0.75,hostvector,1.763,False,False
BOLIVIA,COCHABAMBA,2014-11-02,climate,nb,loglinear,7,0.75,seir,1.725,False,False
BOLIVIA,COCHABAMBA,2014-11-02,climate,poisson,briere,3,1.0,hostvector,-64.713,True,True
BOLIVIA,COCHABAMBA,2014-11-02,climate,poisson,briere,3,1.0,seir,-74.281,True,True
BOLIVIA,COCHABAMBA,2014-11-02,climate,poisson,briere,3,0.75,hostvector,-64.713,True,True
BOLIVIA,COCHABAMBA,2014-11-02,climate,poisson,briere,3,0.75,seir,-74.281,True,True
BOLIVIA,COCHABAMBA,2014-11-02,climate,poisson,briere,5,1.0,hostvector,-74.23,True,True
BOLIVIA,COCHABAMBA,2014-11-02,climate,poisson,briere,5,1.0,seir,-83.606,True,True
BOLIVIA,COCHABAMBA,2014-11-02,climate,poisson,briere,5,0.75,hostvector,-74.23,True,True
BOLIVIA,COCHABAMBA,2014-11-02,climate,poisson,briere,5,0.75,seir,-83.606,True,True
BOLIVIA,COCHABAMBA,2014-11-02,climate,poisson,briere,7,1.0,hostvector,-63.772,True,True
BOLIVIA,COCHABAMBA,2014-11-02,climate,poisson,briere,7,1.0,seir,-74.629,True,True
BOLIVIA,COCHABAMBA,2014-11-02,climate,poisson,briere,7,0.75,hostvector,-63.772,True,True
BOLIVIA,COCHABAMBA,2014-11-02,climate,poisson,briere,7,0.75,seir,-74.629,True,True
BOLIVIA,COCHABAMBA,2014-11-02,climate,poisson,loglinear,3,1.0,hostvector,-62.968,True,True
BOLIVIA,COCHABAMBA,2014-11-02,climate,poisson,loglinear,3,1.0,seir,-72.099,True,True
BOLIVIA,COCHABAMBA,2014-11-02,climate,poisson,loglinear,3,0.75,hostvector,-123.613,True,True
BOLIVIA,COCHABAMBA,2014-11-02,climate,poisson,loglinear,3,0.75,seir,-72.099,True,True
BOLIVIA,COCHABAMBA,2014-11-02,climate,poisson,loglinear,5,1.0,hostvector,-75.412,True,True
BOLIVIA,COCHABAMBA,2014-11-02,climate,poisson,loglinear,5,1.0,seir,-84.485,True,True
BOLIVIA,COCHABAMBA,2014-11-02,climate,poisson,loglinear,5,0.75,hostvector,-75.412,True,True
BOLIVIA,COCHABAMBA,2014-11-02,climate,poisson,loglinear,5,0.75,seir,-84.485,True,True
BOLIVIA,COCHABAMBA,2014-11-02,climate,poisson,loglinear,7,1.0,hostvector,-61.956,True,True
BOLIVIA,COCHABAMBA,2014-11-02,climate,poisson,loglinear,7,1.0,seir,-74.93,True,True
BOLIVIA,COCHABAMBA,2014-11-02,climate,poisson,loglinear,7,0.75,hostvector,-62.673,True,True
BOLIVIA,COCHABAMBA,2014-11-02,climate,poisson,loglinear,7,0.75,seir,-75.053,True,True
BOLIVIA,CHUQUISACA,2014-11-09,no_effect,nb,briere,3,1.0,hostvector,1.139,False,False
BOLIVIA,CHUQUISACA,2014-11-09,no_effect,nb,briere,3,1.0,seir,2.234,False,False
BOLIVIA,CHUQUISACA,2014-11-09,no_effect,nb,briere,3,0.75,hostvector,1.334,False,False
BOLIVIA,CHUQUISACA,2014-11-09,no_effect,nb,briere,3,0.75,seir,2.358,False,False
BOLIVIA,CHUQUISACA,2014-11-09,no_effect,nb,briere,5,1.0,hostvector,1.584,False,False
BOLIVIA,CHUQUISACA,2014-11-09,no_effect,nb,briere,5,1.0,seir,2.565,False,False
BOLIVIA,CHUQUISACA,2014-11-09,no_effect,nb,briere,5,0.75,hostvector,1.975,False,False
BOLIVIA,CHUQUISACA,2014-11-09,no_effect,nb,briere,5,0.75,seir,2.718,False,False
BOLIVIA,CHUQUISACA,2014-11-09,no_effect,nb,briere,7,1.0,hostvector,2.972,False,False
BOLIVIA,CHUQUISACA,2014-11-09,no_effect,nb,briere,7,1.0,seir,3.505,False,False
BOLIVIA,CHUQUISACA,2014-11-09,no_effect,nb,briere,7,0.75,hostvector,3.363,False,False
BOLIVIA,CHUQUISACA,2014-11-09,no_effect,nb,briere,7,0.75,seir,3.698,False,False
BOLIVIA,CHUQUISACA,2014-11-09,no_effect,nb,loglinear,3,1.0,hostvector,0.594,False,False
BOLIVIA,CHUQUISACA,2014-11-09,no_effect,nb,loglinear,3,1.0,seir,1.814,False,False
BOLIVIA,CHUQUISACA,2014-11-09,no_effect,nb,loglinear,3,0.75,hostvector,0.699,False,False
BOLIVIA,CHUQUISACA,2014-11-09,no_effect,nb,loglinear,3,0.75,seir,1.765,False,False
BOLIVIA,CHUQUISACA,2014-11-09,no_effect,nb,loglinear,5,1.0,hostvector,1.408,False,False
BOLIVIA,CHUQUISACA,2014-11-09,no_effect,nb,loglinear,5,1.0,seir,2.341,False,False
BOLIVIA,CHUQUISACA,2014-11-09,no_effect,nb,loglinear,5,0.75,hostvector,1.656,False,False
BOLIVIA,CHUQUISACA,2014-11-09,no_effect,nb,loglinear,5,0.75,seir,2.351,False,False
BOLIVIA,CHUQUISACA,2014-11-09,no_effect,nb,loglinear,7,1.0,hostvector,2.317,False,False
BOLIVIA,CHUQUISACA,2014-11-09,no_effect,nb,loglinear,7,1.0,seir,2.747,False,False
BOLIVIA,CHUQUISACA,2014-11-09,no_effect,nb,loglinear,7,0.75,hostvector,2.129,False,False
BOLIVIA,CHUQUISACA,2014-11-09,no_effect,nb,loglinear,7,0.75,seir,2.393,False,False
BOLIVIA,CHUQUISACA,2014-11-09,no_effect,poisson,briere,3,1.0,hostvector,-24.306,True,True
BOLIVIA,CHUQUISACA,2014-11-09,no_effect,poisson,briere,3,1.0,seir,-18.454,True,True
BOLIVIA,CHUQUISACA,2014-11-09,no_effect,poisson,briere,3,0.75,hostvector,-24.932,True,True
BOLIVIA,CHUQUISACA,2014-11-09,no_effect,poisson,briere,3,0.75,seir,-18.776,True,True
BOLIVIA,CHUQUISACA,2014-11-09,no_effect,poisson,briere,5,1.0,hostvector,-12.141,True,True
BOLIVIA,CHUQUISACA,2014-11-09,no_effect,poisson,briere,5,1.0,seir,-6.891,True,True
BOLIVIA,CHUQUISACA,2014-11-09,no_effect,poisson,briere,5,0.75,hostvector,-12.014,True,True
BOLIVIA,CHUQUISACA,2014-11-09,no_effect,poisson,briere,5,0.75,seir,-7.257,True,True
BOLIVIA,CHUQUISACA,2014-11-09,no_effect,poisson,briere,7,1.0,hostvector,1.408,False,False
BOLIVIA,CHUQUISACA,2014-11-09,no_effect,poisson,briere,7,1.0,seir,3.117,False,False
BOLIVIA,CHUQUISACA,2014-11-09,no_effect,poisson,briere,7,0.75,hostvector,1.883,False,False
BOLIVIA,CHUQUISACA,2014-11-09,no_effect,poisson,briere,7,0.75,seir,3.269,False,False
BOLIVIA,CHUQUISACA,2014-11-09,no_effect,poisson,loglinear,3,1.0,hostvector,-26.632,True,True
BOLIVIA,CHUQUISACA,2014-11-09,no_effect,poisson,loglinear,3,1.0,seir,-19.382,True,True
BOLIVIA,CHUQUISACA,2014-11-09,no_effect,poisson,loglinear,3,0.75,hostvector,-28.194,True,True
BOLIVIA,CHUQUISACA,2014-11-09,no_effect,poisson,loglinear,3,0.75,seir,-20.738,True,True
BOLIVIA,CHUQUISACA,2014-11-09,no_effect,poisson,loglinear,5,1.0,hostvector,-12.517,True,True
BOLIVIA,CHUQUISACA,2014-11-09,no_effect,poisson,loglinear,5,1.0,seir,-7.105,True,True
BOLIVIA,CHUQUISACA,2014-11-09,no_effect,poisson,loglinear,5,0.75,hostvector,-13.601,True,True
BOLIVIA,CHUQUISACA,2014-11-09,no_effect,poisson,loglinear,5,0.75,seir,-8.512,True,True
BOLIVIA,CHUQUISACA,2014-11-09,no_effect,poisson,loglinear,7,1.0,hostvector,-7.651,True,True
BOLIVIA,CHUQUISACA,2014-11-09,no_effect,poisson,loglinear,7,1.0,seir,-6.418,True,True
BOLIVIA,CHUQUISACA,2014-11-09,no_effect,poisson,loglinear,7,0.75,hostvector,-13.852,True,True
BOLIVIA,CHUQUISACA,2014-11-09,no_effect,poisson,loglinear,7,0.75,seir,-12.485,True,True
BOLIVIA,CHUQUISACA,2014-11-09,climate,nb,briere,3,1.0,hostvector,-10.82,True,True
BOLIVIA,CHUQUISACA,2014-11-09,climate,nb,briere,3,1.0,seir,-8.611,True,True
BOLIVIA,CHUQUISACA,2014-11-09,climate,nb,briere,3,0.75,hostvector,-10.805,True,True
BOLIVIA,CHUQUISACA,2014-11-09,climate,nb,briere,3,0.75,seir,-8.606,True,True
BOLIVIA,CHUQUISACA,2014-11-09,climate,nb,briere,5,1.0,hostvector,-7.616,True,True
BOLIVIA,CHUQUISACA,2014-11-09,climate,nb,briere,5,1.0,seir,-7.438,True,True
BOLIVIA,CHUQUISACA,2014-11-09,climate,nb,briere,5,0.75,hostvector,-7.602,True,True
BOLIVIA,CHUQUISACA,2014-11-09,climate,nb,briere,5,0.75,seir,-7.433,True,True
BOLIVIA,CHUQUISACA,2014-11-09,climate,nb,briere,7,1.0,hostvector,-10.19,True,True
BOLIVIA,CHUQUISACA,2014-11-09,climate,nb,briere,7,1.0,seir,-8.85,True,True
BOLIVIA,CHUQUISACA,2014-11-09,climate,nb,briere,7,0.75,hostvector,-10.175,True,True
BOLIVIA,CHUQUISACA,2014-11-09,climate,nb,briere,7,0.75,seir,-8.845,True,True
BOLIVIA,CHUQUISACA,2014-11-09,climate,nb,loglinear,3,1.0,hostvector,-10.711,True,True
BOLIVIA,CHUQUISACA,2014-11-09,climate,nb,loglinear,3,1.0,seir,-8.59,True,True
BOLIVIA,CHUQUISACA,2014-11-09,climate,nb,loglinear,3,0.75,hostvector,-10.696,True,True
BOLIVIA,CHUQUISACA,2014-11-09,climate,nb,loglinear,3,0.75,seir,-8.585,True,True
BOLIVIA,CHUQUISACA,2014-11-09,climate,nb,loglinear,5,1.0,hostvector,-5.258,True,True
BOLIVIA,CHUQUISACA,2014-11-09,climate,nb,loglinear,5,1.0,seir,-5.749,True,True
BOLIVIA,CHUQUISACA,2014-11-09,climate,nb,loglinear,5,0.75,hostvector,-7.394,True,True
BOLIVIA,CHUQUISACA,2014-11-09,climate,nb,loglinear,5,0.75,seir,-5.745,True,True
BOLIVIA,CHUQUISACA,2014-11-09,climate,nb,loglinear,7,1.0,hostvector,-9.429,True,True
BOLIVIA,CHUQUISACA,2014-11-09,climate,nb,loglinear,7,1.0,seir,-8.377,True,True
BOLIVIA,CHUQUISACA,2014-11-09,climate,nb,loglinear,7,0.75,hostvector,-9.415,True,True
BOLIVIA,CHUQUISACA,2014-11-09,climate,nb,loglinear,7,0.75,seir,-8.372,True,True
BOLIVIA,CHUQUISACA,2014-11-09,climate,poisson,briere,3,1.0,hostvector,-110.351,True,True
BOLIVIA,CHUQUISACA,2014-11-09,climate,poisson,briere,3,1.0,seir,-129.006,True,True
BOLIVIA,CHUQUISACA,2014-11-09,climate,poisson,briere,3,0.75,hostvector,-110.291,True,True
BOLIVIA,CHUQUISACA,2014-11-09,climate,poisson,briere,3,0.75,seir,-128.984,True,True
BOLIVIA,CHUQUISACA,2014-11-09,climate,poisson,briere,5,1.0,hostvector,-120.975,True,True
BOLIVIA,CHUQUISACA,2014-11-09,climate,poisson,briere,5,1.0,seir,-156.736,True,True
BOLIVIA,CHUQUISACA,2014-11-09,climate,poisson,briere,5,0.75,hostvector,-120.915,True,True
BOLIVIA,CHUQUISACA,2014-11-09,climate,poisson,briere,5,0.75,seir,-156.715,True,True
BOLIVIA,CHUQUISACA,2014-11-09,climate,poisson,briere,7,1.0,hostvector,-176.928,True,True
BOLIVIA,CHUQUISACA,2014-11-09,climate,poisson,briere,7,1.0,seir,-192.594,True,True
BOLIVIA,CHUQUISACA,2014-11-09,climate,poisson,briere,7,0.75,hostvector,-176.868,True,True
BOLIVIA,CHUQUISACA,2014-11-09,climate,poisson,briere,7,0.75,seir,-192.573,True,True
BOLIVIA,CHUQUISACA,2014-11-09,climate,poisson,loglinear,3,1.0,hostvector,-104.764,True,True
BOLIVIA,CHUQUISACA,2014-11-09,climate,poisson,loglinear,3,1.0,seir,-124.989,True,True
BOLIVIA,CHUQUISACA,2014-11-09,climate,poisson,loglinear,3,0.75,hostvector,-104.705,True,True
BOLIVIA,CHUQUISACA,2014-11-09,climate,poisson,loglinear,3,0.75,seir,-124.967,True,True
BOLIVIA,CHUQUISACA,2014-11-09,climate,poisson,loglinear,5,1.0,hostvector,-117.459,True,True
BOLIVIA,CHUQUISACA,2014-11-09,climate,poisson,loglinear,5,1.0,seir,-137.534,True,True
BOLIVIA,CHUQUISACA,2014-11-09,climate,poisson,loglinear,5,0.75,hostvector,-118.188,True,True
BOLIVIA,CHUQUISACA,2014-11-09,climate,poisson,loglinear,5,0.75,seir,-137.514,True,True
BOLIVIA,CHUQUISACA,2014-11-09,climate,poisson,loglinear,7,1.0,hostvector,-163.904,True,True
BOLIVIA,CHUQUISACA,2014-11-09,climate,poisson,loglinear,7,1.0,seir,-177.282,True,True
BOLIVIA,CHUQUISACA,2014-11-09,climate,poisson,loglinear,7,0.75,hostvector,-163.844,True,True
BOLIVIA,CHUQUISACA,2014-11-09,climate,poisson,loglinear,7,0.75,seir,-177.26,True,True
BOLIVIA,BOLIVIA,2015-01-11,no_effect,nb,briere,3,1.0,hostvector,-2.191,True,False
BOLIVIA,BOLIVIA,2015-01-11,no_effect,nb,briere,3,1.0,seir,1.269,False,False
BOLIVIA,BOLIVIA,2015-01-11,no_effect,nb,briere,3,0.75,hostvector,2.581,False,False
BOLIVIA,BOLIVIA,2015-01-11,no_effect,nb,briere,3,0.75,seir,3.424,False,False
BOLIVIA,BOLIVIA,2015-01-11,no_effect,nb,briere,5,1.0,hostvector,-5.732,True,True
BOLIVIA,BOLIVIA,2015-01-11,no_effect,nb,briere,5,1.0,seir,-1.447,True,False
BOLIVIA,BOLIVIA,2015-01-11,no_effect,nb,briere,5,0.75,hostvector,-0.023,True,False
BOLIVIA,BOLIVIA,2015-01-11,no_effect,nb,briere,5,0.75,seir,1.945,False,False
BOLIVIA,BOLIVIA,2015-01-11,no_effect,nb,briere,7,1.0,hostvector,-4.178,True,True
BOLIVIA,BOLIVIA,2015-01-11,no_effect,nb,briere,7,1.0,seir,-0.997,True,False
BOLIVIA,BOLIVIA,2015-01-11,no_effect,nb,briere,7,0.75,hostvector,1.802,False,False
BOLIVIA,BOLIVIA,2015-01-11,no_effect,nb,briere,7,0.75,seir,2.637,False,False
BOLIVIA,BOLIVIA,2015-01-11,no_effect,nb,loglinear,3,1.0,hostvector,-2.824,True,False
BOLIVIA,BOLIVIA,2015-01-11,no_effect,nb,loglinear,3,1.0,seir,0.705,False,False
BOLIVIA,BOLIVIA,2015-01-11,no_effect,nb,loglinear,3,0.75,hostvector,2.496,False,False
BOLIVIA,BOLIVIA,2015-01-11,no_effect,nb,loglinear,3,0.75,seir,3.734,False,False
BOLIVIA,BOLIVIA,2015-01-11,no_effect,nb,loglinear,5,1.0,hostvector,-5.826,True,True
BOLIVIA,BOLIVIA,2015-01-11,no_effect,nb,loglinear,5,1.0,seir,-2.082,True,False
BOLIVIA,BOLIVIA,2015-01-11,no_effect,nb,loglinear,5,0.75,hostvector,-0.057,True,False
BOLIVIA,BOLIVIA,2015-01-11,no_effect,nb,loglinear,5,0.75,seir,1.618,False,False
BOLIVIA,BOLIVIA,2015-01-11,no_effect,nb,loglinear,7,1.0,hostvector,-4.28,True,True
BOLIVIA,BOLIVIA,2015-01-11,no_effect,nb,loglinear,7,1.0,seir,-1.372,True,False
BOLIVIA,BOLIVIA,2015-01-11,no_effect,nb,loglinear,7,0.75,hostvector,1.735,False,False
BOLIVIA,BOLIVIA,2015-01-11,no_effect,nb,loglinear,7,0.75,seir,2.541,False,False
BOLIVIA,BOLIVIA,2015-01-11,no_effect,poisson,briere,3,1.0,hostvector,-131.36,True,True
BOLIVIA,BOLIVIA,2015-01-11,no_effect,poisson,briere,3,1.0,seir,-105.21,True,True
BOLIVIA,BOLIVIA,2015-01-11,no_effect,poisson,briere,3,0.75,hostvector,-27.833,True,True
BOLIVIA,BOLIVIA,2015-01-11,no_effect,poisson,briere,3,0.75,seir,-21.227,True,True
BOLIVIA,BOLIVIA,2015-01-11,no_effect,poisson,briere,5,1.0,hostvector,-387.106,True,True
BOLIVIA,BOLIVIA,2015-01-11,no_effect,poisson,briere,5,1.0,seir,-306.968,True,True
BOLIVIA,BOLIVIA,2015-01-11,no_effect,poisson,briere,5,0.75,hostvector,-271.434,True,True
BOLIVIA,BOLIVIA,2015-01-11,no_effect,poisson,briere,5,0.75,seir,-233.063,True,True
BOLIVIA,BOLIVIA,2015-01-11,no_effect,poisson,briere,7,1.0,hostvector,-334.636,True,True
BOLIVIA,BOLIVIA,2015-01-11,no_effect,poisson,briere,7,1.0,seir,-255.957,True,True
BOLIVIA,BOLIVIA,2015-01-11,no_effect,poisson,briere,7,0.75,hostvector,-226.574,True,True
BOLIVIA,BOLIVIA,2015-01-11,no_effect,poisson,briere,7,0.75,seir,-185.985,True,True
BOLIVIA,BOLIVIA,2015-01-11,no_effect,poisson,loglinear,3,1.0,hostvector,-317.861,True,True
BOLIVIA,BOLIVIA,2015-01-11,no_effect,poisson,loglinear,3,1.0,seir,-243.579,True,True
BOLIVIA,BOLIVIA,2015-01-11,no_effect,poisson,loglinear,3,0.75,hostvector,-198.181,True,True
BOLIVIA,BOLIVIA,2015-01-11,no_effect,poisson,loglinear,3,0.75,seir,-138.948,True,True
BOLIVIA,BOLIVIA,2015-01-11,no_effect,poisson,loglinear,5,1.0,hostvector,-417.682,True,True
BOLIVIA,BOLIVIA,2015-01-11,no_effect,poisson,loglinear,5,1.0,seir,-390.095,True,True
BOLIVIA,BOLIVIA,2015-01-11,no_effect,poisson,loglinear,5,0.75,hostvector,-313.619,True,True
BOLIVIA,BOLIVIA,2015-01-11,no_effect,poisson,loglinear,5,0.75,seir,-334.414,True,True
BOLIVIA,BOLIVIA,2015-01-11,no_effect,poisson,loglinear,7,1.0,hostvector,-364.995,True,True
BOLIVIA,BOLIVIA,2015-01-11,no_effect,poisson,loglinear,7,1.0,seir,-325.281,True,True
BOLIVIA,BOLIVIA,2015-01-11,no_effect,poisson,loglinear,7,0.75,hostvector,-269.239,True,True
BOLIVIA,BOLIVIA,2015-01-11,no_effect,poisson,loglinear,7,0.75,seir,-267.343,True,True
BOLIVIA,BOLIVIA,2015-01-11,climate,nb,briere,3,1.0,hostvector,-5.062,True,True
BOLIVIA,BOLIVIA,2015-01-11,climate,nb,briere,3,1.0,seir,-1.808,True,False
BOLIVIA,BOLIVIA,2015-01-11,climate,nb,briere,3,0.75,hostvector,-4.467,True,True
BOLIVIA,BOLIVIA,2015-01-11,climate,nb,briere,3,0.75,seir,-2.447,True,False
BOLIVIA,BOLIVIA,2015-01-11,climate,nb,briere,5,1.0,hostvector,0.908,False,False
BOLIVIA,BOLIVIA,2015-01-11,climate,nb,briere,5,1.0,seir,3.802,False,False
BOLIVIA,BOLIVIA,2015-01-11,climate,nb,briere,5,0.75,hostvector,1.641,False,False
BOLIVIA,BOLIVIA,2015-01-11,climate,nb,briere,5,0.75,seir,3.885,False,False
BOLIVIA,BOLIVIA,2015-01-11,climate,nb,briere,7,1.0,hostvector,0.307,False,False
BOLIVIA,BOLIVIA,2015-01-11,climate,nb,briere,7,1.0,seir,-3.403,True,False
BOLIVIA,BOLIVIA,2015-01-11,climate,nb,briere,7,0.75,hostvector,1.068,False,False
BOLIVIA,BOLIVIA,2015-01-11,climate,nb,briere,7,0.75,seir,-3.206,True,False
BOLIVIA,BOLIVIA,2015-01-11,climate,nb,loglinear,3,1.0,hostvector,-4.201,True,True
BOLIVIA,BOLIVIA,2015-01-11,climate,nb,loglinear,3,1.0,seir,-1.072,True,False
BOLIVIA,BOLIVIA,2015-01-11,climate,nb,loglinear,3,0.75,hostvector,-3.994,True,False
BOLIVIA,BOLIVIA,2015-01-11,climate,nb,loglinear,3,0.75,seir,-2.113,True,False
BOLIVIA,BOLIVIA,2015-01-11,climate,nb,loglinear,5,1.0,hostvector,1.121,False,False
BOLIVIA,BOLIVIA,2015-01-11,climate,nb,loglinear,5,1.0,seir,3.75,False,False
BOLIVIA,BOLIVIA,2015-01-11,climate,nb,loglinear,5,0.75,hostvector,1.709,False,False
BOLIVIA,BOLIVIA,2015-01-11,climate,nb,loglinear,5,0.75,seir,3.804,False,False
BOLIVIA,BOLIVIA,2015-01-11,climate,nb,loglinear,7,1.0,hostvector,0.61,False,False
BOLIVIA,BOLIVIA,2015-01-11,climate,nb,loglinear,7,1.0,seir,-3.137,True,False
BOLIVIA,BOLIVIA,2015-01-11,climate,nb,loglinear,7,0.75,hostvector,1.263,False,False
BOLIVIA,BOLIVIA,2015-01-11,climate,nb,loglinear,7,0.75,seir,-2.857,True,False
BOLIVIA,BOLIVIA,2015-01-11,climate,poisson,briere,3,1.0,hostvector,-1352.279,True,True
BOLIVIA,BOLIVIA,2015-01-11,climate,poisson,briere,3,1.0,seir,-1237.263,True,True
BOLIVIA,BOLIVIA,2015-01-11,climate,poisson,briere,3,0.75,hostvector,-1351.112,True,True
BOLIVIA,BOLIVIA,2015-01-11,climate,poisson,briere,3,0.75,seir,-1242.836,True,True
BOLIVIA,BOLIVIA,2015-01-11,climate,poisson,briere,5,1.0,hostvector,-1627.82,True,True
BOLIVIA,BOLIVIA,2015-01-11,climate,poisson,briere,5,1.0,seir,-1151.409,True,True
BOLIVIA,BOLIVIA,2015-01-11,climate,poisson,briere,5,0.75,hostvector,-1632.169,True,True
BOLIVIA,BOLIVIA,2015-01-11,climate,poisson,briere,5,0.75,seir,-1164.037,True,True
BOLIVIA,BOLIVIA,2015-01-11,climate,poisson,briere,7,1.0,hostvector,-1189.26,True,True
BOLIVIA,BOLIVIA,2015-01-11,climate,poisson,briere,7,1.0,seir,-1397.189,True,True
BOLIVIA,BOLIVIA,2015-01-11,climate,poisson,briere,7,0.75,hostvector,-1188.083,True,True
BOLIVIA,BOLIVIA,2015-01-11,climate,poisson,briere,7,0.75,seir,-1402.687,True,True
BOLIVIA,BOLIVIA,2015-01-11,climate,poisson,loglinear,3,1.0,hostvector,-1358.861,True,True
BOLIVIA,BOLIVIA,2015-01-11,climate,poisson,loglinear,3,1.0,seir,-1236.399,True,True
BOLIVIA,BOLIVIA,2015-01-11,climate,poisson,loglinear,3,0.75,hostvector,-1356.568,True,True
BOLIVIA,BOLIVIA,2015-01-11,climate,poisson,loglinear,3,0.75,seir,-1240.191,True,True
BOLIVIA,BOLIVIA,2015-01-11,climate,poisson,loglinear,5,1.0,hostvector,-1547.942,True,True
BOLIVIA,BOLIVIA,2015-01-11,climate,poisson,loglinear,5,1.0,seir,-1054.393,True,True
BOLIVIA,BOLIVIA,2015-01-11,climate,poisson,loglinear,5,0.75,hostvector,-1549.709,True,True
BOLIVIA,BOLIVIA,2015-01-11,climate,poisson,loglinear,5,0.75,seir,-1064.594,True,True
BOLIVIA,BOLIVIA,2015-01-11,climate,poisson,loglinear,7,1.0,hostvector,-1183.943,True,True
BOLIVIA,BOLIVIA,2015-01-11,climate,poisson,loglinear,7,1.0,seir,-1385.55,True,True
BOLIVIA,BOLIVIA,2015-01-11,climate,poisson,loglinear,7,0.75,hostvector,-1182.042,True,True
BOLIVIA,BOLIVIA,2015-01-11,climate,poisson,loglinear,7,0.75,seir,-1389.47,True,True
BOLIVIA,TARIJA,2015-01-25,no_effect,nb,briere,3,1.0,hostvector,2.442,False,False
BOLIVIA,TARIJA,2015-01-25,no_effect,nb,briere,3,1.0,seir,1.953,False,False
BOLIVIA,TARIJA,2015-01-25,no_effect,nb,briere,3,0.75,hostvector,2.711,False,False
BOLIVIA,TARIJA,2015-01-25,no_effect,nb,briere,3,0.75,seir,2.239,False,False
BOLIVIA,TARIJA,2015-01-25,no_effect,nb,briere,5,1.0,hostvector,2.841,False,False
BOLIVIA,TARIJA,2015-01-25,no_effect,nb,briere,5,1.0,seir,1.738,False,False
BOLIVIA,TARIJA,2015-01-25,no_effect,nb,briere,5,0.75,hostvector,2.945,False,False
BOLIVIA,TARIJA,2015-01-25,no_effect,nb,briere,5,0.75,seir,2.182,False,False
BOLIVIA,TARIJA,2015-01-25,no_effect,nb,briere,7,1.0,hostvector,2.769,False,False
BOLIVIA,TARIJA,2015-01-25,no_effect,nb,briere,7,1.0,seir,1.276,False,False
BOLIVIA,TARIJA,2015-01-25,no_effect,nb,briere,7,0.75,hostvector,2.85,False,False
BOLIVIA,TARIJA,2015-01-25,no_effect,nb,briere,7,0.75,seir,1.715,False,False
BOLIVIA,TARIJA,2015-01-25,no_effect,nb,loglinear,3,1.0,hostvector,2.228,False,False
BOLIVIA,TARIJA,2015-01-25,no_effect,nb,loglinear,3,1.0,seir,0.501,False,False
BOLIVIA,TARIJA,2015-01-25,no_effect,nb,loglinear,3,0.75,hostvector,3.57,False,False
BOLIVIA,TARIJA,2015-01-25,no_effect,nb,loglinear,3,0.75,seir,2.44,False,False
BOLIVIA,TARIJA,2015-01-25,no_effect,nb,loglinear,5,1.0,hostvector,1.903,False,False
BOLIVIA,TARIJA,2015-01-25,no_effect,nb,loglinear,5,1.0,seir,2.679,False,False
BOLIVIA,TARIJA,2015-01-25,no_effect,nb,loglinear,5,0.75,hostvector,3.531,False,False
BOLIVIA,TARIJA,2015-01-25,no_effect,nb,loglinear,5,0.75,seir,3.615,False,False
BOLIVIA,TARIJA,2015-01-25,no_effect,nb,loglinear,7,1.0,hostvector,3.546,False,False
BOLIVIA,TARIJA,2015-01-25,no_effect,nb,loglinear,7,1.0,seir,1.977,False,False
BOLIVIA,TARIJA,2015-01-25,no_effect,nb,loglinear,7,0.75,hostvector,3.273,False,False
BOLIVIA,TARIJA,2015-01-25,no_effect,nb,loglinear,7,0.75,seir,1.992,False,False
BOLIVIA,TARIJA,2015-01-25,no_effect,poisson,briere,3,1.0,hostvector,-7.556,True,True
BOLIVIA,TARIJA,2015-01-25,no_effect,poisson,briere,3,1.0,seir,-12.881,True,True
BOLIVIA,TARIJA,2015-01-25,no_effect,poisson,briere,3,0.75,hostvector,-5.425,True,True
BOLIVIA,TARIJA,2015-01-25,no_effect,poisson,briere,3,0.75,seir,-8.336,True,True
BOLIVIA,TARIJA,2015-01-25,no_effect,poisson,briere,5,1.0,hostvector,-8.12,True,True
BOLIVIA,TARIJA,2015-01-25,no_effect,poisson,briere,5,1.0,seir,-12.572,True,True
BOLIVIA,TARIJA,2015-01-25,no_effect,poisson,briere,5,0.75,hostvector,-5.888,True,True
BOLIVIA,TARIJA,2015-01-25,no_effect,poisson,briere,5,0.75,seir,-8.42,True,True
BOLIVIA,TARIJA,2015-01-25,no_effect,poisson,briere,7,1.0,hostvector,-11.339,True,True
BOLIVIA,TARIJA,2015-01-25,no_effect,poisson,briere,7,1.0,seir,-18.505,True,True
BOLIVIA,TARIJA,2015-01-25,no_effect,poisson,briere,7,0.75,hostvector,-10.336,True,True
BOLIVIA,TARIJA,2015-01-25,no_effect,poisson,briere,7,0.75,seir,-16.553,True,True
BOLIVIA,TARIJA,2015-01-25,no_effect,poisson,loglinear,3,1.0,hostvector,-11.609,True,True
BOLIVIA,TARIJA,2015-01-25,no_effect,poisson,loglinear,3,1.0,seir,-18.933,True,True
BOLIVIA,TARIJA,2015-01-25,no_effect,poisson,loglinear,3,0.75,hostvector,-5.363,True,True
BOLIVIA,TARIJA,2015-01-25,no_effect,poisson,loglinear,3,0.75,seir,-9.905,True,True
BOLIVIA,TARIJA,2015-01-25,no_effect,poisson,loglinear,5,1.0,hostvector,-5.762,True,True
BOLIVIA,TARIJA,2015-01-25,no_effect,poisson,loglinear,5,1.0,seir,-4.472,True,True
BOLIVIA,TARIJA,2015-01-25,no_effect,poisson,loglinear,5,0.75,hostvector,0.385,False,False
BOLIVIA,TARIJA,2015-01-25,no_effect,poisson,loglinear,5,0.75,seir,2.194,False,False
BOLIVIA,TARIJA,2015-01-25,no_effect,poisson,loglinear,7,1.0,hostvector,-1.557,True,False
BOLIVIA,TARIJA,2015-01-25,no_effect,poisson,loglinear,7,1.0,seir,-10.598,True,True
BOLIVIA,TARIJA,2015-01-25,no_effect,poisson,loglinear,7,0.75,hostvector,-6.017,True,True
BOLIVIA,TARIJA,2015-01-25,no_effect,poisson,loglinear,7,0.75,seir,-14.576,True,True
BOLIVIA,TARIJA,2015-01-25,climate,nb,briere,3,1.0,hostvector,-3.584,True,False
BOLIVIA,TARIJA,2015-01-25,climate,nb,briere,3,1.0,seir,-2.51,True,False
BOLIVIA,TARIJA,2015-01-25,climate,nb,briere,3,0.75,hostvector,-3.584,True,False
BOLIVIA,TARIJA,2015-01-25,climate,nb,briere,3,0.75,seir,-2.51,True,False
BOLIVIA,TARIJA,2015-01-25,climate,nb,briere,5,1.0,hostvector,-5.215,True,True
BOLIVIA,TARIJA,2015-01-25,climate,nb,briere,5,1.0,seir,-5.584,True,True
BOLIVIA,TARIJA,2015-01-25,climate,nb,briere,5,0.75,hostvector,-5.215,True,True
BOLIVIA,TARIJA,2015-01-25,climate,nb,briere,5,0.75,seir,-5.584,True,True
BOLIVIA,TARIJA,2015-01-25,climate,nb,briere,7,1.0,hostvector,-4.326,True,True
BOLIVIA,TARIJA,2015-01-25,climate,nb,briere,7,1.0,seir,-2.332,True,False
BOLIVIA,TARIJA,2015-01-25,climate,nb,briere,7,0.75,hostvector,-4.326,True,True
BOLIVIA,TARIJA,2015-01-25,climate,nb,briere,7,0.75,seir,-2.332,True,False
BOLIVIA,TARIJA,2015-01-25,climate,nb,loglinear,3,1.0,hostvector,-4.706,True,True
BOLIVIA,TARIJA,2015-01-25,climate,nb,loglinear,3,1.0,seir,-1.882,True,False
BOLIVIA,TARIJA,2015-01-25,climate,nb,loglinear,3,0.75,hostvector,-3.019,True,False
BOLIVIA,TARIJA,2015-01-25,climate,nb,loglinear,3,0.75,seir,-1.882,True,False
BOLIVIA,TARIJA,2015-01-25,climate,nb,loglinear,5,1.0,hostvector,-5.589,True,True
BOLIVIA,TARIJA,2015-01-25,climate,nb,loglinear,5,1.0,seir,-6.011,True,True
BOLIVIA,TARIJA,2015-01-25,climate,nb,loglinear,5,0.75,hostvector,-5.589,True,True
BOLIVIA,TARIJA,2015-01-25,climate,nb,loglinear,5,0.75,seir,-6.011,True,True
BOLIVIA,TARIJA,2015-01-25,climate,nb,loglinear,7,1.0,hostvector,-2.343,True,False
BOLIVIA,TARIJA,2015-01-25,climate,nb,loglinear,7,1.0,seir,-4.26,True,True
BOLIVIA,TARIJA,2015-01-25,climate,nb,loglinear,7,0.75,hostvector,-2.792,True,False
BOLIVIA,TARIJA,2015-01-25,climate,nb,loglinear,7,0.75,seir,-4.259,True,True
BOLIVIA,TARIJA,2015-01-25,climate,poisson,briere,3,1.0,hostvector,-292.66,True,True
BOLIVIA,TARIJA,2015-01-25,climate,poisson,briere,3,1.0,seir,-2005.565,True,True
BOLIVIA,TARIJA,2015-01-25,climate,poisson,briere,3,0.75,hostvector,-292.66,True,True
BOLIVIA,TARIJA,2015-01-25,climate,poisson,briere,3,0.75,seir,-2006.158,True,True
BOLIVIA,TARIJA,2015-01-25,climate,poisson,briere,5,1.0,hostvector,-279.192,True,True
BOLIVIA,TARIJA,2015-01-25,climate,poisson,briere,5,1.0,seir,-2109.47,True,True
BOLIVIA,TARIJA,2015-01-25,climate,poisson,briere,5,0.75,hostvector,-279.191,True,True
BOLIVIA,TARIJA,2015-01-25,climate,poisson,briere,5,0.75,seir,-2109.47,True,True
BOLIVIA,TARIJA,2015-01-25,climate,poisson,briere,7,1.0,hostvector,-300.59,True,True
BOLIVIA,TARIJA,2015-01-25,climate,poisson,briere,7,1.0,seir,-2047.907,True,True
BOLIVIA,TARIJA,2015-01-25,climate,poisson,briere,7,0.75,hostvector,-300.59,True,True
BOLIVIA,TARIJA,2015-01-25,climate,poisson,briere,7,0.75,seir,-2047.905,True,True
BOLIVIA,TARIJA,2015-01-25,climate,poisson,loglinear,3,1.0,hostvector,12847.696,False,False
BOLIVIA,TARIJA,2015-01-25,climate,poisson,loglinear,3,1.0,seir,-1990.083,True,True
BOLIVIA,TARIJA,2015-01-25,climate,poisson,loglinear,3,0.75,hostvector,12090.629,False,False
BOLIVIA,TARIJA,2015-01-25,climate,poisson,loglinear,3,0.75,seir,-2013.837,True,True
BOLIVIA,TARIJA,2015-01-25,climate,poisson,loglinear,5,1.0,hostvector,-233.122,True,True
BOLIVIA,TARIJA,2015-01-25,climate,poisson,loglinear,5,1.0,seir,-2004.947,True,True
BOLIVIA,TARIJA,2015-01-25,climate,poisson,loglinear,5,0.75,hostvector,-233.122,True,True
BOLIVIA,TARIJA,2015-01-25,climate,poisson,loglinear,5,0.75,seir,-2149.666,True,True
BOLIVIA,TARIJA,2015-01-25,climate,poisson,loglinear,7,1.0,hostvector,8768.113,False,False
BOLIVIA,TARIJA,2015-01-25,climate,poisson,loglinear,7,1.0,seir,-2082.712,True,True
BOLIVIA,TARIJA,2015-01-25,climate,poisson,loglinear,7,0.75,hostvector,-101.351,True,True
BOLIVIA,TARIJA,2015-01-25,climate,poisson,loglinear,7,0.75,seir,-2083.948,True,True
BOLIVIA,PANDO,2015-10-04,no_effect,nb,briere,3,1.0,hostvector,2.002,False,False
BOLIVIA,PANDO,2015-10-04,no_effect,nb,briere,3,1.0,seir,1.085,False,False
BOLIVIA,PANDO,2015-10-04,no_effect,nb,briere,3,0.75,hostvector,3.376,False,False
BOLIVIA,PANDO,2015-10-04,no_effect,nb,briere,3,0.75,seir,3.026,False,False
BOLIVIA,PANDO,2015-10-04,no_effect,nb,briere,5,1.0,hostvector,2.501,False,False
BOLIVIA,PANDO,2015-10-04,no_effect,nb,briere,5,1.0,seir,2.169,False,False
BOLIVIA,PANDO,2015-10-04,no_effect,nb,briere,5,0.75,hostvector,3.378,False,False
BOLIVIA,PANDO,2015-10-04,no_effect,nb,briere,5,0.75,seir,3.11,False,False
BOLIVIA,PANDO,2015-10-04,no_effect,nb,briere,7,1.0,hostvector,3.356,False,False
BOLIVIA,PANDO,2015-10-04,no_effect,nb,briere,7,1.0,seir,3.632,False,False
BOLIVIA,PANDO,2015-10-04,no_effect,nb,briere,7,0.75,hostvector,3.471,False,False
BOLIVIA,PANDO,2015-10-04,no_effect,nb,briere,7,0.75,seir,3.286,False,False
BOLIVIA,PANDO,2015-10-04,no_effect,nb,loglinear,3,1.0,hostvector,1.934,False,False
BOLIVIA,PANDO,2015-10-04,no_effect,nb,loglinear,3,1.0,seir,1.085,False,False
BOLIVIA,PANDO,2015-10-04,no_effect,nb,loglinear,3,0.75,hostvector,3.615,False,False
BOLIVIA,PANDO,2015-10-04,no_effect,nb,loglinear,3,0.75,seir,3.218,False,False
BOLIVIA,PANDO,2015-10-04,no_effect,nb,loglinear,5,1.0,hostvector,2.441,False,False
BOLIVIA,PANDO,2015-10-04,no_effect,nb,loglinear,5,1.0,seir,2.162,False,False
BOLIVIA,PANDO,2015-10-04,no_effect,nb,loglinear,5,0.75,hostvector,3.643,False,False
BOLIVIA,PANDO,2015-10-04,no_effect,nb,loglinear,5,0.75,seir,3.337,False,False
BOLIVIA,PANDO,2015-10-04,no_effect,nb,loglinear,7,1.0,hostvector,3.354,False,False
BOLIVIA,PANDO,2015-10-04,no_effect,nb,loglinear,7,1.0,seir,3.281,False,False
BOLIVIA,PANDO,2015-10-04,no_effect,nb,loglinear,7,0.75,hostvector,3.488,False,False
BOLIVIA,PANDO,2015-10-04,no_effect,nb,loglinear,7,0.75,seir,3.434,False,False
BOLIVIA,PANDO,2015-10-04,no_effect,poisson,briere,3,1.0,hostvector,-37.604,True,True
BOLIVIA,PANDO,2015-10-04,no_effect,poisson,briere,3,1.0,seir,-25.766,True,True
BOLIVIA,PANDO,2015-10-04,no_effect,poisson,briere,3,0.75,hostvector,-65.29,True,True
BOLIVIA,PANDO,2015-10-04,no_effect,poisson,briere,3,0.75,seir,-81.911,True,True
BOLIVIA,PANDO,2015-10-04,no_effect,poisson,briere,5,1.0,hostvector,-33.642,True,True
BOLIVIA,PANDO,2015-10-04,no_effect,poisson,briere,5,1.0,seir,-15.846,True,True
BOLIVIA,PANDO,2015-10-04,no_effect,poisson,briere,5,0.75,hostvector,-60.226,True,True
BOLIVIA,PANDO,2015-10-04,no_effect,poisson,briere,5,0.75,seir,-57.236,True,True
BOLIVIA,PANDO,2015-10-04,no_effect,poisson,briere,7,1.0,hostvector,-37.181,True,True
BOLIVIA,PANDO,2015-10-04,no_effect,poisson,briere,7,1.0,seir,-42.796,True,True
BOLIVIA,PANDO,2015-10-04,no_effect,poisson,briere,7,0.75,hostvector,-90.691,True,True
BOLIVIA,PANDO,2015-10-04,no_effect,poisson,briere,7,0.75,seir,-97.406,True,True
BOLIVIA,PANDO,2015-10-04,no_effect,poisson,loglinear,3,1.0,hostvector,-38.174,True,True
BOLIVIA,PANDO,2015-10-04,no_effect,poisson,loglinear,3,1.0,seir,-29.099,True,True
BOLIVIA,PANDO,2015-10-04,no_effect,poisson,loglinear,3,0.75,hostvector,-53.349,True,True
BOLIVIA,PANDO,2015-10-04,no_effect,poisson,loglinear,3,0.75,seir,-73.398,True,True
BOLIVIA,PANDO,2015-10-04,no_effect,poisson,loglinear,5,1.0,hostvector,-35.011,True,True
BOLIVIA,PANDO,2015-10-04,no_effect,poisson,loglinear,5,1.0,seir,-21.082,True,True
BOLIVIA,PANDO,2015-10-04,no_effect,poisson,loglinear,5,0.75,hostvector,-48.463,True,True
BOLIVIA,PANDO,2015-10-04,no_effect,poisson,loglinear,5,0.75,seir,-47.463,True,True
BOLIVIA,PANDO,2015-10-04,no_effect,poisson,loglinear,7,1.0,hostvector,-40.945,True,True
BOLIVIA,PANDO,2015-10-04,no_effect,poisson,loglinear,7,1.0,seir,-52.262,True,True
BOLIVIA,PANDO,2015-10-04,no_effect,poisson,loglinear,7,0.75,hostvector,-72.988,True,True
BOLIVIA,PANDO,2015-10-04,no_effect,poisson,loglinear,7,0.75,seir,-81.623,True,True
BOLIVIA,PANDO,2015-10-04,climate,nb,briere,3,1.0,hostvector,-54.588,True,True
BOLIVIA,PANDO,2015-10-04,climate,nb,briere,3,1.0,seir,-48.965,True,True
BOLIVIA,PANDO,2015-10-04,climate,nb,briere,3,0.75,hostvector,-2.034,True,False
BOLIVIA,PANDO,2015-10-04,climate,nb,briere,3,0.75,seir,0.153,False,False
BOLIVIA,PANDO,2015-10-04,climate,nb,briere,5,1.0,hostvector,-51.426,True,True
BOLIVIA,PANDO,2015-10-04,climate,nb,briere,5,1.0,seir,-41.112,True,True
BOLIVIA,PANDO,2015-10-04,climate,nb,briere,5,0.75,hostvector,1.147,False,False
BOLIVIA,PANDO,2015-10-04,climate,nb,briere,5,0.75,seir,3.127,False,False
BOLIVIA,PANDO,2015-10-04,climate,nb,briere,7,1.0,hostvector,-52.684,True,True
BOLIVIA,PANDO,2015-10-04,climate,nb,briere,7,1.0,seir,-39.137,True,True
BOLIVIA,PANDO,2015-10-04,climate,nb,briere,7,0.75,hostvector,-1.275,True,False
BOLIVIA,PANDO,2015-10-04,climate,nb,briere,7,0.75,seir,1.977,False,False
BOLIVIA,PANDO,2015-10-04,climate,nb,loglinear,3,1.0,hostvector,54674.493,False,False
BOLIVIA,PANDO,2015-10-04,climate,nb,loglinear,3,1.0,seir,-49.494,True,True
BOLIVIA,PANDO,2015-10-04,climate,nb,loglinear,3,0.75,hostvector,68528.69,False,False
BOLIVIA,PANDO,2015-10-04,climate,nb,loglinear,3,0.75,seir,-0.119,True,False
BOLIVIA,PANDO,2015-10-04,climate,nb,loglinear,5,1.0,hostvector,74674.844,False,False
BOLIVIA,PANDO,2015-10-04,climate,nb,loglinear,5,1.0,seir,-42.545,True,True
BOLIVIA,PANDO,2015-10-04,climate,nb,loglinear,5,0.75,hostvector,68079.586,False,False
BOLIVIA,PANDO,2015-10-04,climate,nb,loglinear,5,0.75,seir,-0.926,True,False
BOLIVIA,PANDO,2015-10-04,climate,nb,loglinear,7,1.0,hostvector,75320.141,False,False
BOLIVIA,PANDO,2015-10-04,climate,nb,loglinear,7,1.0,seir,-41.422,True,True
BOLIVIA,PANDO,2015-10-04,climate,nb,loglinear,7,0.75,hostvector,2.306,False,False
BOLIVIA,PANDO,2015-10-04,climate,nb,loglinear,7,0.75,seir,1.947,False,False
BOLIVIA,PANDO,2015-10-04,climate,poisson,briere,3,1.0,hostvector,-686.89,True,True
BOLIVIA,PANDO,2015-10-04,climate,poisson,briere,3,1.0,seir,-704.058,True,True
BOLIVIA,PANDO,2015-10-04,climate,poisson,briere,3,0.75,hostvector,-381.991,True,True
BOLIVIA,PANDO,2015-10-04,climate,poisson,briere,3,0.75,seir,-381.634,True,True
BOLIVIA,PANDO,2015-10-04,climate,poisson,briere,5,1.0,hostvector,-633.201,True,True
BOLIVIA,PANDO,2015-10-04,climate,poisson,briere,5,1.0,seir,-601.908,True,True
BOLIVIA,PANDO,2015-10-04,climate,poisson,briere,5,0.75,hostvector,-330.257,True,True
BOLIVIA,PANDO,2015-10-04,climate,poisson,briere,5,0.75,seir,-283.412,True,True
BOLIVIA,PANDO,2015-10-04,climate,poisson,briere,7,1.0,hostvector,-562.783,True,True
BOLIVIA,PANDO,2015-10-04,climate,poisson,briere,7,1.0,seir,-418.008,True,True
BOLIVIA,PANDO,2015-10-04,climate,poisson,briere,7,0.75,hostvector,-263.455,True,True
BOLIVIA,PANDO,2015-10-04,climate,poisson,briere,7,0.75,seir,-132.978,True,True
BOLIVIA,PANDO,2015-10-04,climate,poisson,loglinear,3,1.0,hostvector,95888.722,False,False
BOLIVIA,PANDO,2015-10-04,climate,poisson,loglinear,3,1.0,seir,-706.818,True,True
BOLIVIA,PANDO,2015-10-04,climate,poisson,loglinear,3,0.75,hostvector,97938.043,False,False
BOLIVIA,PANDO,2015-10-04,climate,poisson,loglinear,3,0.75,seir,-384.513,True,True
BOLIVIA,PANDO,2015-10-04,climate,poisson,loglinear,5,1.0,hostvector,95790.518,False,False
BOLIVIA,PANDO,2015-10-04,climate,poisson,loglinear,5,1.0,seir,-608.451,True,True
BOLIVIA,PANDO,2015-10-04,climate,poisson,loglinear,5,0.75,hostvector,98002.121,False,False
BOLIVIA,PANDO,2015-10-04,climate,poisson,loglinear,5,0.75,seir,-290.936,True,True
BOLIVIA,PANDO,2015-10-04,climate,poisson,loglinear,7,1.0,hostvector,84416.715,False,False
BOLIVIA,PANDO,2015-10-04,climate,poisson,loglinear,7,1.0,seir,-442.972,True,True
BOLIVIA,PANDO,2015-10-04,climate,poisson,loglinear,7,0.75,hostvector,95836.357,False,False
BOLIVIA,PANDO,2015-10-04,climate,poisson,loglinear,7,0.75,seir,-324.667,True,True
BOLIVIA,CHUQUISACA,2015-11-08,no_effect,nb,briere,3,1.0,hostvector,2.954,False,False
BOLIVIA,CHUQUISACA,2015-11-08,no_effect,nb,briere,3,1.0,seir,2.521,False,False
BOLIVIA,CHUQUISACA,2015-11-08,no_effect,nb,briere,3,0.75,hostvector,2.925,False,False
BOLIVIA,CHUQUISACA,2015-11-08,no_effect,nb,briere,3,0.75,seir,2.392,False,False
BOLIVIA,CHUQUISACA,2015-11-08,no_effect,nb,briere,5,1.0,hostvector,2.64,False,False
BOLIVIA,CHUQUISACA,2015-11-08,no_effect,nb,briere,5,1.0,seir,2.669,False,False
BOLIVIA,CHUQUISACA,2015-11-08,no_effect,nb,briere,5,0.75,hostvector,-0.808,True,False
BOLIVIA,CHUQUISACA,2015-11-08,no_effect,nb,briere,5,0.75,seir,-0.959,True,False
BOLIVIA,CHUQUISACA,2015-11-08,no_effect,nb,briere,7,1.0,hostvector,2.81,False,False
BOLIVIA,CHUQUISACA,2015-11-08,no_effect,nb,briere,7,1.0,seir,2.935,False,False
BOLIVIA,CHUQUISACA,2015-11-08,no_effect,nb,briere,7,0.75,hostvector,3.944,False,False
BOLIVIA,CHUQUISACA,2015-11-08,no_effect,nb,briere,7,0.75,seir,3.997,False,False
BOLIVIA,CHUQUISACA,2015-11-08,no_effect,nb,loglinear,3,1.0,hostvector,3.879,False,False
BOLIVIA,CHUQUISACA,2015-11-08,no_effect,nb,loglinear,3,1.0,seir,3.35,False,False
BOLIVIA,CHUQUISACA,2015-11-08,no_effect,nb,loglinear,3,0.75,hostvector,-2.829,True,False
BOLIVIA,CHUQUISACA,2015-11-08,no_effect,nb,loglinear,3,0.75,seir,-2.662,True,False
BOLIVIA,CHUQUISACA,2015-11-08,no_effect,nb,loglinear,5,1.0,hostvector,3.939,False,False
BOLIVIA,CHUQUISACA,2015-11-08,no_effect,nb,loglinear,5,1.0,seir,-2.114,True,False
BOLIVIA,CHUQUISACA,2015-11-08,no_effect,nb,loglinear,5,0.75,hostvector,-4.577,True,True
BOLIVIA,CHUQUISACA,2015-11-08,no_effect,nb,loglinear,5,0.75,seir,-3.938,True,False
BOLIVIA,CHUQUISACA,2015-11-08,no_effect,nb,loglinear,7,1.0,hostvector,-1.526,True,False
BOLIVIA,CHUQUISACA,2015-11-08,no_effect,nb,loglinear,7,1.0,seir,2.936,False,False
BOLIVIA,CHUQUISACA,2015-11-08,no_effect,nb,loglinear,7,0.75,hostvector,-1.368,True,False
BOLIVIA,CHUQUISACA,2015-11-08,no_effect,nb,loglinear,7,0.75,seir,-1.206,True,False
BOLIVIA,CHUQUISACA,2015-11-08,no_effect,poisson,briere,3,1.0,hostvector,0.056,False,False
BOLIVIA,CHUQUISACA,2015-11-08,no_effect,poisson,briere,3,1.0,seir,-2.272,True,False
BOLIVIA,CHUQUISACA,2015-11-08,no_effect,poisson,briere,3,0.75,hostvector,-0.497,True,False
BOLIVIA,CHUQUISACA,2015-11-08,no_effect,poisson,briere,3,0.75,seir,-2.856,True,False
BOLIVIA,CHUQUISACA,2015-11-08,no_effect,poisson,briere,5,1.0,hostvector,-8.685,True,True
BOLIVIA,CHUQUISACA,2015-11-08,no_effect,poisson,briere,5,1.0,seir,-9.652,True,True
BOLIVIA,CHUQUISACA,2015-11-08,no_effect,poisson,briere,5,0.75,hostvector,-43.257,True,True
BOLIVIA,CHUQUISACA,2015-11-08,no_effect,poisson,briere,5,0.75,seir,-41.751,True,True
BOLIVIA,CHUQUISACA,2015-11-08,no_effect,poisson,briere,7,1.0,hostvector,3.112,False,False
BOLIVIA,CHUQUISACA,2015-11-08,no_effect,poisson,briere,7,1.0,seir,1.929,False,False
BOLIVIA,CHUQUISACA,2015-11-08,no_effect,poisson,briere,7,0.75,hostvector,2.358,False,False
BOLIVIA,CHUQUISACA,2015-11-08,no_effect,poisson,briere,7,0.75,seir,3.976,False,False
BOLIVIA,CHUQUISACA,2015-11-08,no_effect,poisson,loglinear,3,1.0,hostvector,-65.183,True,True
BOLIVIA,CHUQUISACA,2015-11-08,no_effect,poisson,loglinear,3,1.0,seir,-0.559,True,False
BOLIVIA,CHUQUISACA,2015-11-08,no_effect,poisson,loglinear,3,0.75,hostvector,-40.183,True,True
BOLIVIA,CHUQUISACA,2015-11-08,no_effect,poisson,loglinear,3,0.75,seir,-42.389,True,True
BOLIVIA,CHUQUISACA,2015-11-08,no_effect,poisson,loglinear,5,1.0,hostvector,-73.677,True,True
BOLIVIA,CHUQUISACA,2015-11-08,no_effect,poisson,loglinear,5,1.0,seir,0.041,False,False
BOLIVIA,CHUQUISACA,2015-11-08,no_effect,poisson,loglinear,5,0.75,hostvector,-67.945,True,True
BOLIVIA,CHUQUISACA,2015-11-08,no_effect,poisson,loglinear,5,0.75,seir,-70.694,True,True
BOLIVIA,CHUQUISACA,2015-11-08,no_effect,poisson,loglinear,7,1.0,hostvector,-45.731,True,True
BOLIVIA,CHUQUISACA,2015-11-08,no_effect,poisson,loglinear,7,1.0,seir,-49.963,True,True
BOLIVIA,CHUQUISACA,2015-11-08,no_effect,poisson,loglinear,7,0.75,hostvector,-34.971,True,True
BOLIVIA,CHUQUISACA,2015-11-08,no_effect,poisson,loglinear,7,0.75,seir,-35.764,True,True
BOLIVIA,CHUQUISACA,2015-11-08,climate,nb,briere,3,1.0,hostvector,0.79,False,False
BOLIVIA,CHUQUISACA,2015-11-08,climate,nb,briere,3,1.0,seir,0.305,False,False
BOLIVIA,CHUQUISACA,2015-11-08,climate,nb,briere,3,0.75,hostvector,1.549,False,False
BOLIVIA,CHUQUISACA,2015-11-08,climate,nb,briere,3,0.75,seir,0.809,False,False
BOLIVIA,CHUQUISACA,2015-11-08,climate,nb,briere,5,1.0,hostvector,-0.369,True,False
BOLIVIA,CHUQUISACA,2015-11-08,climate,nb,briere,5,1.0,seir,0.705,False,False
BOLIVIA,CHUQUISACA,2015-11-08,climate,nb,briere,5,0.75,hostvector,0.316,False,False
BOLIVIA,CHUQUISACA,2015-11-08,climate,nb,briere,5,0.75,seir,1.133,False,False
BOLIVIA,CHUQUISACA,2015-11-08,climate,nb,briere,7,1.0,hostvector,2.586,False,False
BOLIVIA,CHUQUISACA,2015-11-08,climate,nb,briere,7,1.0,seir,3.221,False,False
BOLIVIA,CHUQUISACA,2015-11-08,climate,nb,briere,7,0.75,hostvector,3.275,False,False
BOLIVIA,CHUQUISACA,2015-11-08,climate,nb,briere,7,0.75,seir,3.535,False,False
BOLIVIA,CHUQUISACA,2015-11-08,climate,nb,loglinear,3,1.0,hostvector,0.402,False,False
BOLIVIA,CHUQUISACA,2015-11-08,climate,nb,loglinear,3,1.0,seir,-0.015,True,False
BOLIVIA,CHUQUISACA,2015-11-08,climate,nb,loglinear,3,0.75,hostvector,1.143,False,False
BOLIVIA,CHUQUISACA,2015-11-08,climate,nb,loglinear,3,0.75,seir,0.481,False,False
BOLIVIA,CHUQUISACA,2015-11-08,climate,nb,loglinear,5,1.0,hostvector,4495.74,False,False
BOLIVIA,CHUQUISACA,2015-11-08,climate,nb,loglinear,5,1.0,seir,-0.416,True,False
BOLIVIA,CHUQUISACA,2015-11-08,climate,nb,loglinear,5,0.75,hostvector,-0.389,True,False
BOLIVIA,CHUQUISACA,2015-11-08,climate,nb,loglinear,5,0.75,seir,0.014,False,False
BOLIVIA,CHUQUISACA,2015-11-08,climate,nb,loglinear,7,1.0,hostvector,557.244,False,False
BOLIVIA,CHUQUISACA,2015-11-08,climate,nb,loglinear,7,1.0,seir,3.339,False,False
BOLIVIA,CHUQUISACA,2015-11-08,climate,nb,loglinear,7,0.75,hostvector,3.017,False,False
BOLIVIA,CHUQUISACA,2015-11-08,climate,nb,loglinear,7,0.75,seir,3.524,False,False
BOLIVIA,CHUQUISACA,2015-11-08,climate,poisson,briere,3,1.0,hostvector,-22.74,True,True
BOLIVIA,CHUQUISACA,2015-11-08,climate,poisson,briere,3,1.0,seir,-19.986,True,True
BOLIVIA,CHUQUISACA,2015-11-08,climate,poisson,briere,3,0.75,hostvector,-22.28,True,True
BOLIVIA,CHUQUISACA,2015-11-08,climate,poisson,briere,3,0.75,seir,-19.755,True,True
BOLIVIA,CHUQUISACA,2015-11-08,climate,poisson,briere,5,1.0,hostvector,-89.595,True,True
BOLIVIA,CHUQUISACA,2015-11-08,climate,poisson,briere,5,1.0,seir,-92.027,True,True
BOLIVIA,CHUQUISACA,2015-11-08,climate,poisson,briere,5,0.75,hostvector,-89.22,True,True
BOLIVIA,CHUQUISACA,2015-11-08,climate,poisson,briere,5,0.75,seir,-91.89,True,True
BOLIVIA,CHUQUISACA,2015-11-08,climate,poisson,briere,7,1.0,hostvector,-22.096,True,True
BOLIVIA,CHUQUISACA,2015-11-08,climate,poisson,briere,7,1.0,seir,-7.68,True,True
BOLIVIA,CHUQUISACA,2015-11-08,climate,poisson,briere,7,0.75,hostvector,-21.636,True,True
BOLIVIA,CHUQUISACA,2015-11-08,climate,poisson,briere,7,0.75,seir,-7.446,True,True
BOLIVIA,CHUQUISACA,2015-11-08,climate,poisson,loglinear,3,1.0,hostvector,-24.405,True,True
BOLIVIA,CHUQUISACA,2015-11-08,climate,poisson,loglinear,3,1.0,seir,-23.726,True,True
BOLIVIA,CHUQUISACA,2015-11-08,climate,poisson,loglinear,3,0.75,hostvector,-23.959,True,True
BOLIVIA,CHUQUISACA,2015-11-08,climate,poisson,loglinear,3,0.75,seir,-23.499,True,True
BOLIVIA,CHUQUISACA,2015-11-08,climate,poisson,loglinear,5,1.0,hostvector,-88.052,True,True
BOLIVIA,CHUQUISACA,2015-11-08,climate,poisson,loglinear,5,1.0,seir,-91.895,True,True
BOLIVIA,CHUQUISACA,2015-11-08,climate,poisson,loglinear,5,0.75,hostvector,-87.689,True,True
BOLIVIA,CHUQUISACA,2015-11-08,climate,poisson,loglinear,5,0.75,seir,-91.773,True,True
BOLIVIA,CHUQUISACA,2015-11-08,climate,poisson,loglinear,7,1.0,hostvector,-23.821,True,True
BOLIVIA,CHUQUISACA,2015-11-08,climate,poisson,loglinear,7,1.0,seir,-12.42,True,True
BOLIVIA,CHUQUISACA,2015-11-08,climate,poisson,loglinear,7,0.75,hostvector,4865.722,False,False
BOLIVIA,CHUQUISACA,2015-11-08,climate,poisson,loglinear,7,0.75,seir,-12.189,True,True
BOLIVIA,PANDO,2016-08-28,no_effect,nb,briere,3,1.0,hostvector,2.891,False,False
BOLIVIA,PANDO,2016-08-28,no_effect,nb,briere,3,1.0,seir,3.614,False,False
BOLIVIA,PANDO,2016-08-28,no_effect,nb,briere,3,0.75,hostvector,3.471,False,False
BOLIVIA,PANDO,2016-08-28,no_effect,nb,briere,3,0.75,seir,3.689,False,False
BOLIVIA,PANDO,2016-08-28,no_effect,nb,briere,5,1.0,hostvector,2.42,False,False
BOLIVIA,PANDO,2016-08-28,no_effect,nb,briere,5,1.0,seir,3.122,False,False
BOLIVIA,PANDO,2016-08-28,no_effect,nb,briere,5,0.75,hostvector,2.445,False,False
BOLIVIA,PANDO,2016-08-28,no_effect,nb,briere,5,0.75,seir,3.038,False,False
BOLIVIA,PANDO,2016-08-28,no_effect,nb,briere,7,1.0,hostvector,2.059,False,False
BOLIVIA,PANDO,2016-08-28,no_effect,nb,briere,7,1.0,seir,2.636,False,False
BOLIVIA,PANDO,2016-08-28,no_effect,nb,briere,7,0.75,hostvector,2.343,False,False
BOLIVIA,PANDO,2016-08-28,no_effect,nb,briere,7,0.75,seir,2.987,False,False
BOLIVIA,PANDO,2016-08-28,no_effect,nb,loglinear,3,1.0,hostvector,2.889,False,False
BOLIVIA,PANDO,2016-08-28,no_effect,nb,loglinear,3,1.0,seir,3.693,False,False
BOLIVIA,PANDO,2016-08-28,no_effect,nb,loglinear,3,0.75,hostvector,3.471,False,False
BOLIVIA,PANDO,2016-08-28,no_effect,nb,loglinear,3,0.75,seir,3.766,False,False
BOLIVIA,PANDO,2016-08-28,no_effect,nb,loglinear,5,1.0,hostvector,2.429,False,False
BOLIVIA,PANDO,2016-08-28,no_effect,nb,loglinear,5,1.0,seir,3.237,False,False
BOLIVIA,PANDO,2016-08-28,no_effect,nb,loglinear,5,0.75,hostvector,2.403,False,False
BOLIVIA,PANDO,2016-08-28,no_effect,nb,loglinear,5,0.75,seir,2.947,False,False
BOLIVIA,PANDO,2016-08-28,no_effect,nb,loglinear,7,1.0,hostvector,2.108,False,False
BOLIVIA,PANDO,2016-08-28,no_effect,nb,loglinear,7,1.0,seir,2.804,False,False
BOLIVIA,PANDO,2016-08-28,no_effect,nb,loglinear,7,0.75,hostvector,2.272,False,False
BOLIVIA,PANDO,2016-08-28,no_effect,nb,loglinear,7,0.75,seir,2.885,False,False
BOLIVIA,PANDO,2016-08-28,no_effect,poisson,briere,3,1.0,hostvector,-1.257,True,False
BOLIVIA,PANDO,2016-08-28,no_effect,poisson,briere,3,1.0,seir,-4.704,True,True
BOLIVIA,PANDO,2016-08-28,no_effect,poisson,briere,3,0.75,hostvector,-3.286,True,False
BOLIVIA,PANDO,2016-08-28,no_effect,poisson,briere,3,0.75,seir,-4.459,True,True
BOLIVIA,PANDO,2016-08-28,no_effect,poisson,briere,5,1.0,hostvector,-5.042,True,True
BOLIVIA,PANDO,2016-08-28,no_effect,poisson,briere,5,1.0,seir,-5.636,True,True
BOLIVIA,PANDO,2016-08-28,no_effect,poisson,briere,5,0.75,hostvector,-6.808,True,True
BOLIVIA,PANDO,2016-08-28,no_effect,poisson,briere,5,0.75,seir,-4.432,True,True
BOLIVIA,PANDO,2016-08-28,no_effect,poisson,briere,7,1.0,hostvector,-7.727,True,True
BOLIVIA,PANDO,2016-08-28,no_effect,poisson,briere,7,1.0,seir,-5.375,True,True
BOLIVIA,PANDO,2016-08-28,no_effect,poisson,briere,7,0.75,hostvector,-6.82,True,True
BOLIVIA,PANDO,2016-08-28,no_effect,poisson,briere,7,0.75,seir,-2.65,True,False
BOLIVIA,PANDO,2016-08-28,no_effect,poisson,loglinear,3,1.0,hostvector,-1.067,True,False
BOLIVIA,PANDO,2016-08-28,no_effect,poisson,loglinear,3,1.0,seir,-2.979,True,False
BOLIVIA,PANDO,2016-08-28,no_effect,poisson,loglinear,3,0.75,hostvector,-2.373,True,False
BOLIVIA,PANDO,2016-08-28,no_effect,poisson,loglinear,3,0.75,seir,-6.291,True,True
BOLIVIA,PANDO,2016-08-28,no_effect,poisson,loglinear,5,1.0,hostvector,-5.358,True,True
BOLIVIA,PANDO,2016-08-28,no_effect,poisson,loglinear,5,1.0,seir,-5.959,True,True
BOLIVIA,PANDO,2016-08-28,no_effect,poisson,loglinear,5,0.75,hostvector,-8.483,True,True
BOLIVIA,PANDO,2016-08-28,no_effect,poisson,loglinear,5,0.75,seir,-6.753,True,True
BOLIVIA,PANDO,2016-08-28,no_effect,poisson,loglinear,7,1.0,hostvector,-8.377,True,True
BOLIVIA,PANDO,2016-08-28,no_effect,poisson,loglinear,7,1.0,seir,-6.61,True,True
BOLIVIA,PANDO,2016-08-28,no_effect,poisson,loglinear,7,0.75,hostvector,-8.91,True,True
BOLIVIA,PANDO,2016-08-28,no_effect,poisson,loglinear,7,0.75,seir,-4.686,True,True
BOLIVIA,PANDO,2016-08-28,climate,nb,briere,3,1.0,hostvector,-4.863,True,True
BOLIVIA,PANDO,2016-08-28,climate,nb,briere,3,1.0,seir,-3.094,True,False
BOLIVIA,PANDO,2016-08-28,climate,nb,briere,3,0.75,hostvector,3.551,False,False
BOLIVIA,PANDO,2016-08-28,climate,nb,briere,3,0.75,seir,3.945,False,False
BOLIVIA,PANDO,2016-08-28,climate,nb,briere,5,1.0,hostvector,-2.059,True,False
BOLIVIA,PANDO,2016-08-28,climate,nb,briere,5,1.0,seir,0.766,False,False
BOLIVIA,PANDO,2016-08-28,climate,nb,briere,5,0.75,hostvector,3.998,False,False
BOLIVIA,PANDO,2016-08-28,climate,nb,briere,5,0.75,seir,3.935,False,False
BOLIVIA,PANDO,2016-08-28,climate,nb,briere,7,1.0,hostvector,1.031,False,False
BOLIVIA,PANDO,2016-08-28,climate,nb,briere,7,1.0,seir,2.727,False,False
BOLIVIA,PANDO,2016-08-28,climate,nb,briere,7,0.75,hostvector,3.995,False,False
BOLIVIA,PANDO,2016-08-28,climate,nb,briere,7,0.75,seir,3.99,False,False
BOLIVIA,PANDO,2016-08-28,climate,nb,loglinear,3,1.0,hostvector,-5.029,True,True
BOLIVIA,PANDO,2016-08-28,climate,nb,loglinear,3,1.0,seir,-4.123,True,True
BOLIVIA,PANDO,2016-08-28,climate,nb,loglinear,3,0.75,hostvector,3.512,False,False
BOLIVIA,PANDO,2016-08-28,climate,nb,loglinear,3,0.75,seir,3.92,False,False
BOLIVIA,PANDO,2016-08-28,climate,nb,loglinear,5,1.0,hostvector,-4.337,True,True
BOLIVIA,PANDO,2016-08-28,climate,nb,loglinear,5,1.0,seir,-4.037,True,True
BOLIVIA,PANDO,2016-08-28,climate,nb,loglinear,5,0.75,hostvector,3.993,False,False
BOLIVIA,PANDO,2016-08-28,climate,nb,loglinear,5,0.75,seir,3.918,False,False
BOLIVIA,PANDO,2016-08-28,climate,nb,loglinear,7,1.0,hostvector,-4.64,True,True
BOLIVIA,PANDO,2016-08-28,climate,nb,loglinear,7,1.0,seir,-4.879,True,True
BOLIVIA,PANDO,2016-08-28,climate,nb,loglinear,7,0.75,hostvector,3.994,False,False
BOLIVIA,PANDO,2016-08-28,climate,nb,loglinear,7,0.75,seir,3.989,False,False
BOLIVIA,PANDO,2016-08-28,climate,poisson,briere,3,1.0,hostvector,-54.517,True,True
BOLIVIA,PANDO,2016-08-28,climate,poisson,briere,3,1.0,seir,-51.586,True,True
BOLIVIA,PANDO,2016-08-28,climate,poisson,briere,3,0.75,hostvector,-0.413,True,False
BOLIVIA,PANDO,2016-08-28,climate,poisson,briere,3,0.75,seir,1.357,False,False
BOLIVIA,PANDO,2016-08-28,climate,poisson,briere,5,1.0,hostvector,-49.37,True,True
BOLIVIA,PANDO,2016-08-28,climate,poisson,briere,5,1.0,seir,-36.481,True,True
BOLIVIA,PANDO,2016-08-28,climate,poisson,briere,5,0.75,hostvector,3.569,False,False
BOLIVIA,PANDO,2016-08-28,climate,poisson,briere,5,0.75,seir,3.364,False,False
BOLIVIA,PANDO,2016-08-28,climate,poisson,briere,7,1.0,hostvector,-5.401,True,True
BOLIVIA,PANDO,2016-08-28,climate,poisson,briere,7,1.0,seir,3.98,False,False
BOLIVIA,PANDO,2016-08-28,climate,poisson,briere,7,0.75,hostvector,3.954,False,False
BOLIVIA,PANDO,2016-08-28,climate,poisson,briere,7,0.75,seir,3.998,False,False
BOLIVIA,PANDO,2016-08-28,climate,poisson,loglinear,3,1.0,hostvector,-55.246,True,True
BOLIVIA,PANDO,2016-08-28,climate,poisson,loglinear,3,1.0,seir,-53.966,True,True
BOLIVIA,PANDO,2016-08-28,climate,poisson,loglinear,3,0.75,hostvector,-0.392,True,False
BOLIVIA,PANDO,2016-08-28,climate,poisson,loglinear,3,0.75,seir,1.213,False,False
BOLIVIA,PANDO,2016-08-28,climate,poisson,loglinear,5,1.0,hostvector,-56.438,True,True
BOLIVIA,PANDO,2016-08-28,climate,poisson,loglinear,5,1.0,seir,-52.646,True,True
BOLIVIA,PANDO,2016-08-28,climate,poisson,loglinear,5,0.75,hostvector,3.523,False,False
BOLIVIA,PANDO,2016-08-28,climate,poisson,loglinear,5,0.75,seir,3.349,False,False
BOLIVIA,PANDO,2016-08-28,climate,poisson,loglinear,7,1.0,hostvector,-49.109,True,True
BOLIVIA,PANDO,2016-08-28,climate,poisson,loglinear,7,1.0,seir,-54.681,True,True
BOLIVIA,PANDO,2016-08-28,climate,poisson,loglinear,7,0.75,hostvector,3.95,False,False
BOLIVIA,PANDO,2016-08-28,climate,poisson,loglinear,7,0.75,seir,3.996,False,False
BOLIVIA,CHUQUISACA,2016-11-20,no_effect,nb,briere,3,1.0,hostvector,3.991,False,False
BOLIVIA,CHUQUISACA,2016-11-20,no_effect,nb,briere,3,1.0,seir,3.92,False,False
BOLIVIA,CHUQUISACA,2016-11-20,no_effect,nb,briere,3,0.75,hostvector,0.829,False,False
BOLIVIA,CHUQUISACA,2016-11-20,no_effect,nb,briere,3,0.75,seir,1.282,False,False
BOLIVIA,CHUQUISACA,2016-11-20,no_effect,nb,briere,5,1.0,hostvector,3.89,False,False
BOLIVIA,CHUQUISACA,2016-11-20,no_effect,nb,briere,5,1.0,seir,3.554,False,False
BOLIVIA,CHUQUISACA,2016-11-20,no_effect,nb,briere,5,0.75,hostvector,0.813,False,False
BOLIVIA,CHUQUISACA,2016-11-20,no_effect,nb,briere,5,0.75,seir,1.322,False,False
BOLIVIA,CHUQUISACA,2016-11-20,no_effect,nb,briere,7,1.0,hostvector,2.996,False,False
BOLIVIA,CHUQUISACA,2016-11-20,no_effect,nb,briere,7,1.0,seir,2.686,False,False
BOLIVIA,CHUQUISACA,2016-11-20,no_effect,nb,briere,7,0.75,hostvector,2.959,False,False
BOLIVIA,CHUQUISACA,2016-11-20,no_effect,nb,briere,7,0.75,seir,3.366,False,False
BOLIVIA,CHUQUISACA,2016-11-20,no_effect,nb,loglinear,3,1.0,hostvector,3.812,False,False
BOLIVIA,CHUQUISACA,2016-11-20,no_effect,nb,loglinear,3,1.0,seir,3.257,False,False
BOLIVIA,CHUQUISACA,2016-11-20,no_effect,nb,loglinear,3,0.75,hostvector,0.617,False,False
BOLIVIA,CHUQUISACA,2016-11-20,no_effect,nb,loglinear,3,0.75,seir,1.254,False,False
BOLIVIA,CHUQUISACA,2016-11-20,no_effect,nb,loglinear,5,1.0,hostvector,3.245,False,False
BOLIVIA,CHUQUISACA,2016-11-20,no_effect,nb,loglinear,5,1.0,seir,2.657,False,False
BOLIVIA,CHUQUISACA,2016-11-20,no_effect,nb,loglinear,5,0.75,hostvector,0.672,False,False
BOLIVIA,CHUQUISACA,2016-11-20,no_effect,nb,loglinear,5,0.75,seir,1.278,False,False
BOLIVIA,CHUQUISACA,2016-11-20,no_effect,nb,loglinear,7,1.0,hostvector,1.67,False,False
BOLIVIA,CHUQUISACA,2016-11-20,no_effect,nb,loglinear,7,1.0,seir,1.939,False,False
BOLIVIA,CHUQUISACA,2016-11-20,no_effect,nb,loglinear,7,0.75,hostvector,2.436,False,False
BOLIVIA,CHUQUISACA,2016-11-20,no_effect,nb,loglinear,7,0.75,seir,2.413,False,False
BOLIVIA,CHUQUISACA,2016-11-20,no_effect,poisson,briere,3,1.0,hostvector,2.917,False,False
BOLIVIA,CHUQUISACA,2016-11-20,no_effect,poisson,briere,3,1.0,seir,3.778,False,False
BOLIVIA,CHUQUISACA,2016-11-20,no_effect,poisson,briere,3,0.75,hostvector,-7.906,True,True
BOLIVIA,CHUQUISACA,2016-11-20,no_effect,poisson,briere,3,0.75,seir,-6.953,True,True
BOLIVIA,CHUQUISACA,2016-11-20,no_effect,poisson,briere,5,1.0,hostvector,3.995,False,False
BOLIVIA,CHUQUISACA,2016-11-20,no_effect,poisson,briere,5,1.0,seir,3.778,False,False
BOLIVIA,CHUQUISACA,2016-11-20,no_effect,poisson,briere,5,0.75,hostvector,-6.446,True,True
BOLIVIA,CHUQUISACA,2016-11-20,no_effect,poisson,briere,5,0.75,seir,-4.599,True,True
BOLIVIA,CHUQUISACA,2016-11-20,no_effect,poisson,briere,7,1.0,hostvector,-0.3,True,False
BOLIVIA,CHUQUISACA,2016-11-20,no_effect,poisson,briere,7,1.0,seir,-0.913,True,False
BOLIVIA,CHUQUISACA,2016-11-20,no_effect,poisson,briere,7,0.75,hostvector,0.168,False,False
BOLIVIA,CHUQUISACA,2016-11-20,no_effect,poisson,briere,7,0.75,seir,0.222,False,False
BOLIVIA,CHUQUISACA,2016-11-20,no_effect,poisson,loglinear,3,1.0,hostvector,2.481,False,False
BOLIVIA,CHUQUISACA,2016-11-20,no_effect,poisson,loglinear,3,1.0,seir,2.449,False,False
BOLIVIA,CHUQUISACA,2016-11-20,no_effect,poisson,loglinear,3,0.75,hostvector,-9.024,True,True
BOLIVIA,CHUQUISACA,2016-11-20,no_effect,poisson,loglinear,3,0.75,seir,-7.629,True,True
BOLIVIA,CHUQUISACA,2016-11-20,no_effect,poisson,loglinear,5,1.0,hostvector,2.09,False,False
BOLIVIA,CHUQUISACA,2016-11-20,no_effect,poisson,loglinear,5,1.0,seir,1.414,False,False
BOLIVIA,CHUQUISACA,2016-11-20,no_effect,poisson,loglinear,5,0.75,hostvector,-6.722,True,True
BOLIVIA,CHUQUISACA,2016-11-20,no_effect,poisson,loglinear,5,0.75,seir,-4.675,True,True
BOLIVIA,CHUQUISACA,2016-11-20,no_effect,poisson,loglinear,7,1.0,hostvector,-2.678,True,False
BOLIVIA,CHUQUISACA,2016-11-20,no_effect,poisson,loglinear,7,1.0,seir,-1.458,True,False
BOLIVIA,CHUQUISACA,2016-11-20,no_effect,poisson,loglinear,7,0.75,hostvector,-1.287,True,False
BOLIVIA,CHUQUISACA,2016-11-20,no_effect,poisson,loglinear,7,0.75,seir,-1.52,True,False
BOLIVIA,CHUQUISACA,2016-11-20,climate,nb,briere,3,1.0,hostvector,1.14,False,False
BOLIVIA,CHUQUISACA,2016-11-20,climate,nb,briere,3,1.0,seir,-1.244,True,False
BOLIVIA,CHUQUISACA,2016-11-20,climate,nb,briere,3,0.75,hostvector,1.141,False,False
BOLIVIA,CHUQUISACA,2016-11-20,climate,nb,briere,3,0.75,seir,-1.244,True,False
BOLIVIA,CHUQUISACA,2016-11-20,climate,nb,briere,5,1.0,hostvector,1.062,False,False
BOLIVIA,CHUQUISACA,2016-11-20,climate,nb,briere,5,1.0,seir,-0.685,True,False
BOLIVIA,CHUQUISACA,2016-11-20,climate,nb,briere,5,0.75,hostvector,1.062,False,False
BOLIVIA,CHUQUISACA,2016-11-20,climate,nb,briere,5,0.75,seir,-0.685,True,False
BOLIVIA,CHUQUISACA,2016-11-20,climate,nb,briere,7,1.0,hostvector,0.227,False,False
BOLIVIA,CHUQUISACA,2016-11-20,climate,nb,briere,7,1.0,seir,-1.566,True,False
BOLIVIA,CHUQUISACA,2016-11-20,climate,nb,briere,7,0.75,hostvector,0.228,False,False
BOLIVIA,CHUQUISACA,2016-11-20,climate,nb,briere,7,0.75,seir,-1.566,True,False
BOLIVIA,CHUQUISACA,2016-11-20,climate,nb,loglinear,3,1.0,hostvector,1.407,False,False
BOLIVIA,CHUQUISACA,2016-11-20,climate,nb,loglinear,3,1.0,seir,-1.509,True,False
BOLIVIA,CHUQUISACA,2016-11-20,climate,nb,loglinear,3,0.75,hostvector,1.407,False,False
BOLIVIA,CHUQUISACA,2016-11-20,climate,nb,loglinear,3,0.75,seir,-1.509,True,False
BOLIVIA,CHUQUISACA,2016-11-20,climate,nb,loglinear,5,1.0,hostvector,1.985,False,False
BOLIVIA,CHUQUISACA,2016-11-20,climate,nb,loglinear,5,1.0,seir,-0.866,True,False
BOLIVIA,CHUQUISACA,2016-11-20,climate,nb,loglinear,5,0.75,hostvector,0.914,False,False
BOLIVIA,CHUQUISACA,2016-11-20,climate,nb,loglinear,5,0.75,seir,-0.866,True,False
BOLIVIA,CHUQUISACA,2016-11-20,climate,nb,loglinear,7,1.0,hostvector,0.227,False,False
BOLIVIA,CHUQUISACA,2016-11-20,climate,nb,loglinear,7,1.0,seir,-1.605,True,False
BOLIVIA,CHUQUISACA,2016-11-20,climate,nb,loglinear,7,0.75,hostvector,0.228,False,False
BOLIVIA,CHUQUISACA,2016-11-20,climate,nb,loglinear,7,0.75,seir,-1.605,True,False
BOLIVIA,CHUQUISACA,2016-11-20,climate,poisson,briere,3,1.0,hostvector,-3.649,True,False
BOLIVIA,CHUQUISACA,2016-11-20,climate,poisson,briere,3,1.0,seir,-9.43,True,True
BOLIVIA,CHUQUISACA,2016-11-20,climate,poisson,briere,3,0.75,hostvector,-3.649,True,False
BOLIVIA,CHUQUISACA,2016-11-20,climate,poisson,briere,3,0.75,seir,-9.43,True,True
BOLIVIA,CHUQUISACA,2016-11-20,climate,poisson,briere,5,1.0,hostvector,-0.351,True,False
BOLIVIA,CHUQUISACA,2016-11-20,climate,poisson,briere,5,1.0,seir,-6.779,True,True
BOLIVIA,CHUQUISACA,2016-11-20,climate,poisson,briere,5,0.75,hostvector,-0.351,True,False
BOLIVIA,CHUQUISACA,2016-11-20,climate,poisson,briere,5,0.75,seir,-6.779,True,True
BOLIVIA,CHUQUISACA,2016-11-20,climate,poisson,briere,7,1.0,hostvector,0.425,False,False
BOLIVIA,CHUQUISACA,2016-11-20,climate,poisson,briere,7,1.0,seir,-6.231,True,True
BOLIVIA,CHUQUISACA,2016-11-20,climate,poisson,briere,7,0.75,hostvector,0.426,False,False
BOLIVIA,CHUQUISACA,2016-11-20,climate,poisson,briere,7,0.75,seir,-6.231,True,True
BOLIVIA,CHUQUISACA,2016-11-20,climate,poisson,loglinear,3,1.0,hostvector,-5.039,True,True
BOLIVIA,CHUQUISACA,2016-11-20,climate,poisson,loglinear,3,1.0,seir,-10.772,True,True
BOLIVIA,CHUQUISACA,2016-11-20,climate,poisson,loglinear,3,0.75,hostvector,-5.038,True,True
BOLIVIA,CHUQUISACA,2016-11-20,climate,poisson,loglinear,3,0.75,seir,-10.772,True,True
BOLIVIA,CHUQUISACA,2016-11-20,climate,poisson,loglinear,5,1.0,hostvector,-1.916,True,False
BOLIVIA,CHUQUISACA,2016-11-20,climate,poisson,loglinear,5,1.0,seir,-8.054,True,True
BOLIVIA,CHUQUISACA,2016-11-20,climate,poisson,loglinear,5,0.75,hostvector,-1.915,True,False
BOLIVIA,CHUQUISACA,2016-11-20,climate,poisson,loglinear,5,0.75,seir,-8.054,True,True
BOLIVIA,CHUQUISACA,2016-11-20,climate,poisson,loglinear,7,1.0,hostvector,-2.503,True,False
BOLIVIA,CHUQUISACA,2016-11-20,climate,poisson,loglinear,7,1.0,seir,-7.268,True,True
BOLIVIA,CHUQUISACA,2016-11-20,climate,poisson,loglinear,7,0.75,hostvector,-2.502,True,False
BOLIVIA,CHUQUISACA,2016-11-20,climate,poisson,loglinear,7,0.75,seir,-7.268,True,True
BOLIVIA,COCHABAMBA,2017-11-05,no_effect,nb,briere,3,1.0,hostvector,3.886,False,False
BOLIVIA,COCHABAMBA,2017-11-05,no_effect,nb,briere,3,1.0,seir,3.503,False,False
BOLIVIA,COCHABAMBA,2017-11-05,no_effect,nb,briere,3,0.75,hostvector,3.906,False,False
BOLIVIA,COCHABAMBA,2017-11-05,no_effect,nb,briere,3,0.75,seir,3.613,False,False
BOLIVIA,COCHABAMBA,2017-11-05,no_effect,nb,briere,5,1.0,hostvector,3.76,False,False
BOLIVIA,COCHABAMBA,2017-11-05,no_effect,nb,briere,5,1.0,seir,3.366,False,False
BOLIVIA,COCHABAMBA,2017-11-05,no_effect,nb,briere,5,0.75,hostvector,3.704,False,False
BOLIVIA,COCHABAMBA,2017-11-05,no_effect,nb,briere,5,0.75,seir,3.404,False,False
BOLIVIA,COCHABAMBA,2017-11-05,no_effect,nb,briere,7,1.0,hostvector,3.961,False,False
BOLIVIA,COCHABAMBA,2017-11-05,no_effect,nb,briere,7,1.0,seir,3.997,False,False
BOLIVIA,COCHABAMBA,2017-11-05,no_effect,nb,briere,7,0.75,hostvector,3.747,False,False
BOLIVIA,COCHABAMBA,2017-11-05,no_effect,nb,briere,7,0.75,seir,3.453,False,False
BOLIVIA,COCHABAMBA,2017-11-05,no_effect,nb,loglinear,3,1.0,hostvector,3.659,False,False
BOLIVIA,COCHABAMBA,2017-11-05,no_effect,nb,loglinear,3,1.0,seir,3.078,False,False
BOLIVIA,COCHABAMBA,2017-11-05,no_effect,nb,loglinear,3,0.75,hostvector,3.678,False,False
BOLIVIA,COCHABAMBA,2017-11-05,no_effect,nb,loglinear,3,0.75,seir,3.01,False,False
BOLIVIA,COCHABAMBA,2017-11-05,no_effect,nb,loglinear,5,1.0,hostvector,3.525,False,False
BOLIVIA,COCHABAMBA,2017-11-05,no_effect,nb,loglinear,5,1.0,seir,2.869,False,False
BOLIVIA,COCHABAMBA,2017-11-05,no_effect,nb,loglinear,5,0.75,hostvector,3.612,False,False
BOLIVIA,COCHABAMBA,2017-11-05,no_effect,nb,loglinear,5,0.75,seir,2.953,False,False
BOLIVIA,COCHABAMBA,2017-11-05,no_effect,nb,loglinear,7,1.0,hostvector,3.802,False,False
BOLIVIA,COCHABAMBA,2017-11-05,no_effect,nb,loglinear,7,1.0,seir,3.476,False,False
BOLIVIA,COCHABAMBA,2017-11-05,no_effect,nb,loglinear,7,0.75,hostvector,3.377,False,False
BOLIVIA,COCHABAMBA,2017-11-05,no_effect,nb,loglinear,7,0.75,seir,2.54,False,False
BOLIVIA,COCHABAMBA,2017-11-05,no_effect,poisson,briere,3,1.0,hostvector,3.809,False,False
BOLIVIA,COCHABAMBA,2017-11-05,no_effect,poisson,briere,3,1.0,seir,3.152,False,False
BOLIVIA,COCHABAMBA,2017-11-05,no_effect,poisson,briere,3,0.75,hostvector,3.742,False,False
BOLIVIA,COCHABAMBA,2017-11-05,no_effect,poisson,briere,3,0.75,seir,3.193,False,False
BOLIVIA,COCHABAMBA,2017-11-05,no_effect,poisson,briere,5,1.0,hostvector,3.437,False,False
BOLIVIA,COCHABAMBA,2017-11-05,no_effect,poisson,briere,5,1.0,seir,2.511,False,False
BOLIVIA,COCHABAMBA,2017-11-05,no_effect,poisson,briere,5,0.75,hostvector,2.368,False,False
BOLIVIA,COCHABAMBA,2017-11-05,no_effect,poisson,briere,5,0.75,seir,1.92,False,False
BOLIVIA,COCHABAMBA,2017-11-05,no_effect,poisson,briere,7,1.0,hostvector,3.904,False,False
BOLIVIA,COCHABAMBA,2017-11-05,no_effect,poisson,briere,7,1.0,seir,3.977,False,False
BOLIVIA,COCHABAMBA,2017-11-05,no_effect,poisson,briere,7,0.75,hostvector,3.739,False,False
BOLIVIA,COCHABAMBA,2017-11-05,no_effect,poisson,briere,7,0.75,seir,3.221,False,False
BOLIVIA,COCHABAMBA,2017-11-05,no_effect,poisson,loglinear,3,1.0,hostvector,3.67,False,False
BOLIVIA,COCHABAMBA,2017-11-05,no_effect,poisson,loglinear,3,1.0,seir,2.537,False,False
BOLIVIA,COCHABAMBA,2017-11-05,no_effect,poisson,loglinear,3,0.75,hostvector,3.742,False,False
BOLIVIA,COCHABAMBA,2017-11-05,no_effect,poisson,loglinear,3,0.75,seir,2.932,False,False
BOLIVIA,COCHABAMBA,2017-11-05,no_effect,poisson,loglinear,5,1.0,hostvector,2.951,False,False
BOLIVIA,COCHABAMBA,2017-11-05,no_effect,poisson,loglinear,5,1.0,seir,1.522,False,False
BOLIVIA,COCHABAMBA,2017-11-05,no_effect,poisson,loglinear,5,0.75,hostvector,2.367,False,False
BOLIVIA,COCHABAMBA,2017-11-05,no_effect,poisson,loglinear,5,0.75,seir,1.689,False,False
BOLIVIA,COCHABAMBA,2017-11-05,no_effect,poisson,loglinear,7,1.0,hostvector,3.892,False,False
BOLIVIA,COCHABAMBA,2017-11-05,no_effect,poisson,loglinear,7,1.0,seir,3.684,False,False
BOLIVIA,COCHABAMBA,2017-11-05,no_effect,poisson,loglinear,7,0.75,hostvector,3.692,False,False
BOLIVIA,COCHABAMBA,2017-11-05,no_effect,poisson,loglinear,7,0.75,seir,2.655,False,False
BOLIVIA,COCHABAMBA,2017-11-05,climate,nb,briere,3,1.0,hostvector,2.408,False,False
BOLIVIA,COCHABAMBA,2017-11-05,climate,nb,briere,3,1.0,seir,1.611,False,False
BOLIVIA,COCHABAMBA,2017-11-05,climate,nb,briere,3,0.75,hostvector,2.408,False,False
BOLIVIA,COCHABAMBA,2017-11-05,climate,nb,briere,3,0.75,seir,1.611,False,False
BOLIVIA,COCHABAMBA,2017-11-05,climate,nb,briere,5,1.0,hostvector,2.351,False,False
BOLIVIA,COCHABAMBA,2017-11-05,climate,nb,briere,5,1.0,seir,1.582,False,False
BOLIVIA,COCHABAMBA,2017-11-05,climate,nb,briere,5,0.75,hostvector,2.351,False,False
BOLIVIA,COCHABAMBA,2017-11-05,climate,nb,briere,5,0.75,seir,1.582,False,False
BOLIVIA,COCHABAMBA,2017-11-05,climate,nb,briere,7,1.0,hostvector,1.991,False,False
BOLIVIA,COCHABAMBA,2017-11-05,climate,nb,briere,7,1.0,seir,1.597,False,False
BOLIVIA,COCHABAMBA,2017-11-05,climate,nb,briere,7,0.75,hostvector,1.991,False,False
BOLIVIA,COCHABAMBA,2017-11-05,climate,nb,briere,7,0.75,seir,1.598,False,False
BOLIVIA,COCHABAMBA,2017-11-05,climate,nb,loglinear,3,1.0,hostvector,2.283,False,False
BOLIVIA,COCHABAMBA,2017-11-05,climate,nb,loglinear,3,1.0,seir,418.398,False,False
BOLIVIA,COCHABAMBA,2017-11-05,climate,nb,loglinear,3,0.75,hostvector,2.283,False,False
BOLIVIA,COCHABAMBA,2017-11-05,climate,nb,loglinear,3,0.75,seir,1.487,False,False
BOLIVIA,COCHABAMBA,2017-11-05,climate,nb,loglinear,5,1.0,hostvector,2.307,False,False
BOLIVIA,COCHABAMBA,2017-11-05,climate,nb,loglinear,5,1.0,seir,2.198,False,False
BOLIVIA,COCHABAMBA,2017-11-05,climate,nb,loglinear,5,0.75,hostvector,2.252,False,False
BOLIVIA,COCHABAMBA,2017-11-05,climate,nb,loglinear,5,0.75,seir,1.486,False,False
BOLIVIA,COCHABAMBA,2017-11-05,climate,nb,loglinear,7,1.0,hostvector,2.042,False,False
BOLIVIA,COCHABAMBA,2017-11-05,climate,nb,loglinear,7,1.0,seir,1.562,False,False
BOLIVIA,COCHABAMBA,2017-11-05,climate,nb,loglinear,7,0.75,hostvector,2.042,False,False
BOLIVIA,COCHABAMBA,2017-11-05,climate,nb,loglinear,7,0.75,seir,1.604,False,False
BOLIVIA,COCHABAMBA,2017-11-05,climate,poisson,briere,3,1.0,hostvector,-208.645,True,True
BOLIVIA,COCHABAMBA,2017-11-05,climate,poisson,briere,3,1.0,seir,-128.591,True,True
BOLIVIA,COCHABAMBA,2017-11-05,climate,poisson,briere,3,0.75,hostvector,-208.645,True,True
BOLIVIA,COCHABAMBA,2017-11-05,climate,poisson,briere,3,0.75,seir,-125.382,True,True
BOLIVIA,COCHABAMBA,2017-11-05,climate,poisson,briere,5,1.0,hostvector,-212.67,True,True
BOLIVIA,COCHABAMBA,2017-11-05,climate,poisson,briere,5,1.0,seir,-131.849,True,True
BOLIVIA,COCHABAMBA,2017-11-05,climate,poisson,briere,5,0.75,hostvector,-212.67,True,True
BOLIVIA,COCHABAMBA,2017-11-05,climate,poisson,briere,5,0.75,seir,-134.162,True,True
BOLIVIA,COCHABAMBA,2017-11-05,climate,poisson,briere,7,1.0,hostvector,-208.387,True,True
BOLIVIA,COCHABAMBA,2017-11-05,climate,poisson,briere,7,1.0,seir,-127.671,True,True
BOLIVIA,COCHABAMBA,2017-11-05,climate,poisson,briere,7,0.75,hostvector,-208.387,True,True
BOLIVIA,COCHABAMBA,2017-11-05,climate,poisson,briere,7,0.75,seir,-130.165,True,True
BOLIVIA,COCHABAMBA,2017-11-05,climate,poisson,loglinear,3,1.0,hostvector,-216.67,True,True
BOLIVIA,COCHABAMBA,2017-11-05,climate,poisson,loglinear,3,1.0,seir,4474.893,False,False
BOLIVIA,COCHABAMBA,2017-11-05,climate,poisson,loglinear,3,0.75,hostvector,-216.67,True,True
BOLIVIA,COCHABAMBA,2017-11-05,climate,poisson,loglinear,3,0.75,seir,5375.213,False,False
BOLIVIA,COCHABAMBA,2017-11-05,climate,poisson,loglinear,5,1.0,hostvector,-218.282,True,True
BOLIVIA,COCHABAMBA,2017-11-05,climate,poisson,loglinear,5,1.0,seir,4459.655,False,False
BOLIVIA,COCHABAMBA,2017-11-05,climate,poisson,loglinear,5,0.75,hostvector,-149.57,True,True
BOLIVIA,COCHABAMBA,2017-11-05,climate,poisson,loglinear,5,0.75,seir,5373.518,False,False
BOLIVIA,COCHABAMBA,2017-11-05,climate,poisson,loglinear,7,1.0,hostvector,-215.067,True,True
BOLIVIA,COCHABAMBA,2017-11-05,climate,poisson,loglinear,7,1.0,seir,4460.408,False,False
BOLIVIA,COCHABAMBA,2017-11-05,climate,poisson,loglinear,7,0.75,hostvector,-215.067,True,True
BOLIVIA,COCHABAMBA,2017-11-05,climate,poisson,loglinear,7,0.75,seir,5385.625,False,False
BOLIVIA,BENI,2017-11-19,no_effect,nb,briere,3,1.0,hostvector,3.643,False,False
BOLIVIA,BENI,2017-11-19,no_effect,nb,briere,3,1.0,seir,2.561,False,False
BOLIVIA,BENI,2017-11-19,no_effect,nb,briere,3,0.75,hostvector,2.806,False,False
BOLIVIA,BENI,2017-11-19,no_effect,nb,briere,3,0.75,seir,2.086,False,False
BOLIVIA,BENI,2017-11-19,no_effect,nb,briere,5,1.0,hostvector,3.449,False,False
BOLIVIA,BENI,2017-11-19,no_effect,nb,briere,5,1.0,seir,2.533,False,False
BOLIVIA,BENI,2017-11-19,no_effect,nb,briere,5,0.75,hostvector,2.816,False,False
BOLIVIA,BENI,2017-11-19,no_effect,nb,briere,5,0.75,seir,2.061,False,False
BOLIVIA,BENI,2017-11-19,no_effect,nb,briere,7,1.0,hostvector,3.471,False,False
BOLIVIA,BENI,2017-11-19,no_effect,nb,briere,7,1.0,seir,2.815,False,False
BOLIVIA,BENI,2017-11-19,no_effect,nb,briere,7,0.75,hostvector,2.776,False,False
BOLIVIA,BENI,2017-11-19,no_effect,nb,briere,7,0.75,seir,2.249,False,False
BOLIVIA,BENI,2017-11-19,no_effect,nb,loglinear,3,1.0,hostvector,3.69,False,False
BOLIVIA,BENI,2017-11-19,no_effect,nb,loglinear,3,1.0,seir,2.595,False,False
BOLIVIA,BENI,2017-11-19,no_effect,nb,loglinear,3,0.75,hostvector,2.9,False,False
BOLIVIA,BENI,2017-11-19,no_effect,nb,loglinear,3,0.75,seir,2.192,False,False
BOLIVIA,BENI,2017-11-19,no_effect,nb,loglinear,5,1.0,hostvector,3.517,False,False
BOLIVIA,BENI,2017-11-19,no_effect,nb,loglinear,5,1.0,seir,2.563,False,False
BOLIVIA,BENI,2017-11-19,no_effect,nb,loglinear,5,0.75,hostvector,2.917,False,False
BOLIVIA,BENI,2017-11-19,no_effect,nb,loglinear,5,0.75,seir,2.17,False,False
BOLIVIA,BENI,2017-11-19,no_effect,nb,loglinear,7,1.0,hostvector,3.547,False,False
BOLIVIA,BENI,2017-11-19,no_effect,nb,loglinear,7,1.0,seir,2.842,False,False
BOLIVIA,BENI,2017-11-19,no_effect,nb,loglinear,7,0.75,hostvector,2.859,False,False
BOLIVIA,BENI,2017-11-19,no_effect,nb,loglinear,7,0.75,seir,2.331,False,False
BOLIVIA,BENI,2017-11-19,no_effect,poisson,briere,3,1.0,hostvector,0.153,False,False
BOLIVIA,BENI,2017-11-19,no_effect,poisson,briere,3,1.0,seir,3.47,False,False
BOLIVIA,BENI,2017-11-19,no_effect,poisson,briere,3,0.75,hostvector,-22.698,True,True
BOLIVIA,BENI,2017-11-19,no_effect,poisson,briere,3,0.75,seir,-20.583,True,True
BOLIVIA,BENI,2017-11-19,no_effect,poisson,briere,5,1.0,hostvector,2.438,False,False
BOLIVIA,BENI,2017-11-19,no_effect,poisson,briere,5,1.0,seir,2.558,False,False
BOLIVIA,BENI,2017-11-19,no_effect,poisson,briere,5,0.75,hostvector,-18.357,True,True
BOLIVIA,BENI,2017-11-19,no_effect,poisson,briere,5,0.75,seir,-20.087,True,True
BOLIVIA,BENI,2017-11-19,no_effect,poisson,briere,7,1.0,hostvector,-0.427,True,False
BOLIVIA,BENI,2017-11-19,no_effect,poisson,briere,7,1.0,seir,3.635,False,False
BOLIVIA,BENI,2017-11-19,no_effect,poisson,briere,7,0.75,hostvector,-28.935,True,True
BOLIVIA,BENI,2017-11-19,no_effect,poisson,briere,7,0.75,seir,-24.733,True,True
BOLIVIA,BENI,2017-11-19,no_effect,poisson,loglinear,3,1.0,hostvector,0.184,False,False
BOLIVIA,BENI,2017-11-19,no_effect,poisson,loglinear,3,1.0,seir,3.393,False,False
BOLIVIA,BENI,2017-11-19,no_effect,poisson,loglinear,3,0.75,hostvector,-20.275,True,True
BOLIVIA,BENI,2017-11-19,no_effect,poisson,loglinear,3,0.75,seir,-18.186,True,True
BOLIVIA,BENI,2017-11-19,no_effect,poisson,loglinear,5,1.0,hostvector,2.471,False,False
BOLIVIA,BENI,2017-11-19,no_effect,poisson,loglinear,5,1.0,seir,2.377,False,False
BOLIVIA,BENI,2017-11-19,no_effect,poisson,loglinear,5,0.75,hostvector,-15.587,True,True
BOLIVIA,BENI,2017-11-19,no_effect,poisson,loglinear,5,0.75,seir,-17.336,True,True
BOLIVIA,BENI,2017-11-19,no_effect,poisson,loglinear,7,1.0,hostvector,-0.464,True,False
BOLIVIA,BENI,2017-11-19,no_effect,poisson,loglinear,7,1.0,seir,3.608,False,False
BOLIVIA,BENI,2017-11-19,no_effect,poisson,loglinear,7,0.75,hostvector,-27.322,True,True
BOLIVIA,BENI,2017-11-19,no_effect,poisson,loglinear,7,0.75,seir,-23.051,True,True
BOLIVIA,BENI,2017-11-19,climate,nb,briere,3,1.0,hostvector,-6.379,True,True
BOLIVIA,BENI,2017-11-19,climate,nb,briere,3,1.0,seir,-3.201,True,False
BOLIVIA,BENI,2017-11-19,climate,nb,briere,3,0.75,hostvector,-2.187,True,False
BOLIVIA,BENI,2017-11-19,climate,nb,briere,3,0.75,seir,-0.132,True,False
BOLIVIA,BENI,2017-11-19,climate,nb,briere,5,1.0,hostvector,-4.734,True,True
BOLIVIA,BENI,2017-11-19,climate,nb,briere,5,1.0,seir,-2.36,True,False
BOLIVIA,BENI,2017-11-19,climate,nb,briere,5,0.75,hostvector,-1.148,True,False
BOLIVIA,BENI,2017-11-19,climate,nb,briere,5,0.75,seir,0.444,False,False
BOLIVIA,BENI,2017-11-19,climate,nb,briere,7,1.0,hostvector,-4.863,True,True
BOLIVIA,BENI,2017-11-19,climate,nb,briere,7,1.0,seir,-2.377,True,False
BOLIVIA,BENI,2017-11-19,climate,nb,briere,7,0.75,hostvector,-1.177,True,False
BOLIVIA,BENI,2017-11-19,climate,nb,briere,7,0.75,seir,0.528,False,False
BOLIVIA,BENI,2017-11-19,climate,nb,loglinear,3,1.0,hostvector,-6.445,True,True
BOLIVIA,BENI,2017-11-19,climate,nb,loglinear,3,1.0,seir,-3.285,True,False
BOLIVIA,BENI,2017-11-19,climate,nb,loglinear,3,0.75,hostvector,-2.254,True,False
BOLIVIA,BENI,2017-11-19,climate,nb,loglinear,3,0.75,seir,-0.203,True,False
BOLIVIA,BENI,2017-11-19,climate,nb,loglinear,5,1.0,hostvector,-4.721,True,True
BOLIVIA,BENI,2017-11-19,climate,nb,loglinear,5,1.0,seir,-2.377,True,False
BOLIVIA,BENI,2017-11-19,climate,nb,loglinear,5,0.75,hostvector,-1.152,True,False
BOLIVIA,BENI,2017-11-19,climate,nb,loglinear,5,0.75,seir,0.425,False,False
BOLIVIA,BENI,2017-11-19,climate,nb,loglinear,7,1.0,hostvector,-4.859,True,True
BOLIVIA,BENI,2017-11-19,climate,nb,loglinear,7,1.0,seir,-2.39,True,False
BOLIVIA,BENI,2017-11-19,climate,nb,loglinear,7,0.75,hostvector,-1.177,True,False
BOLIVIA,BENI,2017-11-19,climate,nb,loglinear,7,0.75,seir,0.514,False,False
BOLIVIA,BENI,2017-11-19,climate,poisson,briere,3,1.0,hostvector,-76.089,True,True
BOLIVIA,BENI,2017-11-19,climate,poisson,briere,3,1.0,seir,-71.164,True,True
BOLIVIA,BENI,2017-11-19,climate,poisson,briere,3,0.75,hostvector,-69.179,True,True
BOLIVIA,BENI,2017-11-19,climate,poisson,briere,3,0.75,seir,-65.192,True,True
BOLIVIA,BENI,2017-11-19,climate,poisson,briere,5,1.0,hostvector,-34.16,True,True
BOLIVIA,BENI,2017-11-19,climate,poisson,briere,5,1.0,seir,-36.483,True,True
BOLIVIA,BENI,2017-11-19,climate,poisson,briere,5,0.75,hostvector,-29.5,True,True
BOLIVIA,BENI,2017-11-19,climate,poisson,briere,5,0.75,seir,-31.965,True,True
BOLIVIA,BENI,2017-11-19,climate,poisson,briere,7,1.0,hostvector,-40.695,True,True
BOLIVIA,BENI,2017-11-19,climate,poisson,briere,7,1.0,seir,-41.22,True,True
BOLIVIA,BENI,2017-11-19,climate,poisson,briere,7,0.75,hostvector,-34.383,True,True
BOLIVIA,BENI,2017-11-19,climate,poisson,briere,7,0.75,seir,-35.546,True,True
BOLIVIA,BENI,2017-11-19,climate,poisson,loglinear,3,1.0,hostvector,-76.946,True,True
BOLIVIA,BENI,2017-11-19,climate,poisson,loglinear,3,1.0,seir,-71.989,True,True
BOLIVIA,BENI,2017-11-19,climate,poisson,loglinear,3,0.75,hostvector,-70.051,True,True
BOLIVIA,BENI,2017-11-19,climate,poisson,loglinear,3,0.75,seir,-66.006,True,True
BOLIVIA,BENI,2017-11-19,climate,poisson,loglinear,5,1.0,hostvector,-35.298,True,True
BOLIVIA,BENI,2017-11-19,climate,poisson,loglinear,5,1.0,seir,-37.213,True,True
BOLIVIA,BENI,2017-11-19,climate,poisson,loglinear,5,0.75,hostvector,-31.189,True,True
BOLIVIA,BENI,2017-11-19,climate,poisson,loglinear,5,0.75,seir,-33.013,True,True
BOLIVIA,BENI,2017-11-19,climate,poisson,loglinear,7,1.0,hostvector,-46.851,True,True
BOLIVIA,BENI,2017-11-19,climate,poisson,loglinear,7,1.0,seir,-45.49,True,True
BOLIVIA,BENI,2017-11-19,climate,poisson,loglinear,7,0.75,hostvector,-40.848,True,True
BOLIVIA,BENI,2017-11-19,climate,poisson,loglinear,7,0.75,seir,-40.025,True,True
BOLIVIA,SANTA CRUZ,2017-12-03,no_effect,nb,briere,3,1.0,hostvector,3.428,False,False
BOLIVIA,SANTA CRUZ,2017-12-03,no_effect,nb,briere,3,1.0,seir,3.792,False,False
BOLIVIA,SANTA CRUZ,2017-12-03,no_effect,nb,briere,3,0.75,hostvector,3.237,False,False
BOLIVIA,SANTA CRUZ,2017-12-03,no_effect,nb,briere,3,0.75,seir,2.958,False,False
BOLIVIA,SANTA CRUZ,2017-12-03,no_effect,nb,briere,5,1.0,hostvector,3.326,False,False
BOLIVIA,SANTA CRUZ,2017-12-03,no_effect,nb,briere,5,1.0,seir,3.688,False,False
BOLIVIA,SANTA CRUZ,2017-12-03,no_effect,nb,briere,5,0.75,hostvector,2.366,False,False
BOLIVIA,SANTA CRUZ,2017-12-03,no_effect,nb,briere,5,0.75,seir,1.931,False,False
BOLIVIA,SANTA CRUZ,2017-12-03,no_effect,nb,briere,7,1.0,hostvector,3.435,False,False
BOLIVIA,SANTA CRUZ,2017-12-03,no_effect,nb,briere,7,1.0,seir,3.913,False,False
BOLIVIA,SANTA CRUZ,2017-12-03,no_effect,nb,briere,7,0.75,hostvector,3.211,False,False
BOLIVIA,SANTA CRUZ,2017-12-03,no_effect,nb,briere,7,0.75,seir,3.048,False,False
BOLIVIA,SANTA CRUZ,2017-12-03,no_effect,nb,loglinear,3,1.0,hostvector,3.549,False,False
BOLIVIA,SANTA CRUZ,2017-12-03,no_effect,nb,loglinear,3,1.0,seir,3.677,False,False
BOLIVIA,SANTA CRUZ,2017-12-03,no_effect,nb,loglinear,3,0.75,hostvector,3.217,False,False
BOLIVIA,SANTA CRUZ,2017-12-03,no_effect,nb,loglinear,3,0.75,seir,2.862,False,False
BOLIVIA,SANTA CRUZ,2017-12-03,no_effect,nb,loglinear,5,1.0,hostvector,3.443,False,False
BOLIVIA,SANTA CRUZ,2017-12-03,no_effect,nb,loglinear,5,1.0,seir,3.688,False,False
BOLIVIA,SANTA CRUZ,2017-12-03,no_effect,nb,loglinear,5,0.75,hostvector,2.345,False,False
BOLIVIA,SANTA CRUZ,2017-12-03,no_effect,nb,loglinear,5,0.75,seir,1.902,False,False
BOLIVIA,SANTA CRUZ,2017-12-03,no_effect,nb,loglinear,7,1.0,hostvector,3.604,False,False
BOLIVIA,SANTA CRUZ,2017-12-03,no_effect,nb,loglinear,7,1.0,seir,3.96,False,False
BOLIVIA,SANTA CRUZ,2017-12-03,no_effect,nb,loglinear,7,0.75,hostvector,3.262,False,False
BOLIVIA,SANTA CRUZ,2017-12-03,no_effect,nb,loglinear,7,0.75,seir,3.089,False,False
BOLIVIA,SANTA CRUZ,2017-12-03,no_effect,poisson,briere,3,1.0,hostvector,-51.045,True,True
BOLIVIA,SANTA CRUZ,2017-12-03,no_effect,poisson,briere,3,1.0,seir,-47.579,True,True
BOLIVIA,SANTA CRUZ,2017-12-03,no_effect,poisson,briere,3,0.75,hostvector,-55.008,True,True
BOLIVIA,SANTA CRUZ,2017-12-03,no_effect,poisson,briere,3,0.75,seir,-64.043,True,True
BOLIVIA,SANTA CRUZ,2017-12-03,no_effect,poisson,briere,5,1.0,hostvector,-60.333,True,True
BOLIVIA,SANTA CRUZ,2017-12-03,no_effect,poisson,briere,5,1.0,seir,-49.778,True,True
BOLIVIA,SANTA CRUZ,2017-12-03,no_effect,poisson,briere,5,0.75,hostvector,-102.424,True,True
BOLIVIA,SANTA CRUZ,2017-12-03,no_effect,poisson,briere,5,0.75,seir,-95.866,True,True
BOLIVIA,SANTA CRUZ,2017-12-03,no_effect,poisson,briere,7,1.0,hostvector,-21.765,True,True
BOLIVIA,SANTA CRUZ,2017-12-03,no_effect,poisson,briere,7,1.0,seir,-11.622,True,True
BOLIVIA,SANTA CRUZ,2017-12-03,no_effect,poisson,briere,7,0.75,hostvector,-13.754,True,True
BOLIVIA,SANTA CRUZ,2017-12-03,no_effect,poisson,briere,7,0.75,seir,-10.51,True,True
BOLIVIA,SANTA CRUZ,2017-12-03,no_effect,poisson,loglinear,3,1.0,hostvector,-57.813,True,True
BOLIVIA,SANTA CRUZ,2017-12-03,no_effect,poisson,loglinear,3,1.0,seir,-64.754,True,True
BOLIVIA,SANTA CRUZ,2017-12-03,no_effect,poisson,loglinear,3,0.75,hostvector,-83.333,True,True
BOLIVIA,SANTA CRUZ,2017-12-03,no_effect,poisson,loglinear,3,0.75,seir,-87.207,True,True
BOLIVIA,SANTA CRUZ,2017-12-03,no_effect,poisson,loglinear,5,1.0,hostvector,-60.411,True,True
BOLIVIA,SANTA CRUZ,2017-12-03,no_effect,poisson,loglinear,5,1.0,seir,-50.169,True,True
BOLIVIA,SANTA CRUZ,2017-12-03,no_effect,poisson,loglinear,5,0.75,hostvector,-103.212,True,True
BOLIVIA,SANTA CRUZ,2017-12-03,no_effect,poisson,loglinear,5,0.75,seir,-96.817,True,True
BOLIVIA,SANTA CRUZ,2017-12-03,no_effect,poisson,loglinear,7,1.0,hostvector,-17.364,True,True
BOLIVIA,SANTA CRUZ,2017-12-03,no_effect,poisson,loglinear,7,1.0,seir,-8.273,True,True
BOLIVIA,SANTA CRUZ,2017-12-03,no_effect,poisson,loglinear,7,0.75,hostvector,-12.268,True,True
BOLIVIA,SANTA CRUZ,2017-12-03,no_effect,poisson,loglinear,7,0.75,seir,-8.113,True,True
BOLIVIA,SANTA CRUZ,2017-12-03,climate,nb,briere,3,1.0,hostvector,-15.944,True,True
BOLIVIA,SANTA CRUZ,2017-12-03,climate,nb,briere,3,1.0,seir,-11.223,True,True
BOLIVIA,SANTA CRUZ,2017-12-03,climate,nb,briere,3,0.75,hostvector,-15.642,True,True
BOLIVIA,SANTA CRUZ,2017-12-03,climate,nb,briere,3,0.75,seir,-11.098,True,True
BOLIVIA,SANTA CRUZ,2017-12-03,climate,nb,briere,5,1.0,hostvector,-14.329,True,True
BOLIVIA,SANTA CRUZ,2017-12-03,climate,nb,briere,5,1.0,seir,-7.855,True,True
BOLIVIA,SANTA CRUZ,2017-12-03,climate,nb,briere,5,0.75,hostvector,-14.047,True,True
BOLIVIA,SANTA CRUZ,2017-12-03,climate,nb,briere,5,0.75,seir,-7.715,True,True
BOLIVIA,SANTA CRUZ,2017-12-03,climate,nb,briere,7,1.0,hostvector,-12.863,True,True
BOLIVIA,SANTA CRUZ,2017-12-03,climate,nb,briere,7,1.0,seir,-5.398,True,True
BOLIVIA,SANTA CRUZ,2017-12-03,climate,nb,briere,7,0.75,hostvector,-12.554,True,True
BOLIVIA,SANTA CRUZ,2017-12-03,climate,nb,briere,7,0.75,seir,-5.249,True,True
BOLIVIA,SANTA CRUZ,2017-12-03,climate,nb,loglinear,3,1.0,hostvector,-15.947,True,True
BOLIVIA,SANTA CRUZ,2017-12-03,climate,nb,loglinear,3,1.0,seir,-11.35,True,True
BOLIVIA,SANTA CRUZ,2017-12-03,climate,nb,loglinear,3,0.75,hostvector,-15.66,True,True
BOLIVIA,SANTA CRUZ,2017-12-03,climate,nb,loglinear,3,0.75,seir,-11.289,True,True
BOLIVIA,SANTA CRUZ,2017-12-03,climate,nb,loglinear,5,1.0,hostvector,-14.501,True,True
BOLIVIA,SANTA CRUZ,2017-12-03,climate,nb,loglinear,5,1.0,seir,-8.392,True,True
BOLIVIA,SANTA CRUZ,2017-12-03,climate,nb,loglinear,5,0.75,hostvector,-14.292,True,True
BOLIVIA,SANTA CRUZ,2017-12-03,climate,nb,loglinear,5,0.75,seir,-8.384,True,True
BOLIVIA,SANTA CRUZ,2017-12-03,climate,nb,loglinear,7,1.0,hostvector,-12.996,True,True
BOLIVIA,SANTA CRUZ,2017-12-03,climate,nb,loglinear,7,1.0,seir,-5.436,True,True
BOLIVIA,SANTA CRUZ,2017-12-03,climate,nb,loglinear,7,0.75,hostvector,-12.705,True,True
BOLIVIA,SANTA CRUZ,2017-12-03,climate,nb,loglinear,7,0.75,seir,-5.288,True,True
BOLIVIA,SANTA CRUZ,2017-12-03,climate,poisson,briere,3,1.0,hostvector,-876.682,True,True
BOLIVIA,SANTA CRUZ,2017-12-03,climate,poisson,briere,3,1.0,seir,-1053.764,True,True
BOLIVIA,SANTA CRUZ,2017-12-03,climate,poisson,briere,3,0.75,hostvector,-876.162,True,True
BOLIVIA,SANTA CRUZ,2017-12-03,climate,poisson,briere,3,0.75,seir,-1053.488,True,True
BOLIVIA,SANTA CRUZ,2017-12-03,climate,poisson,briere,5,1.0,hostvector,-758.426,True,True
BOLIVIA,SANTA CRUZ,2017-12-03,climate,poisson,briere,5,1.0,seir,-994.701,True,True
BOLIVIA,SANTA CRUZ,2017-12-03,climate,poisson,briere,5,0.75,hostvector,-757.898,True,True
BOLIVIA,SANTA CRUZ,2017-12-03,climate,poisson,briere,5,0.75,seir,-994.424,True,True
BOLIVIA,SANTA CRUZ,2017-12-03,climate,poisson,briere,7,1.0,hostvector,-1409.661,True,True
BOLIVIA,SANTA CRUZ,2017-12-03,climate,poisson,briere,7,1.0,seir,-1783.788,True,True
BOLIVIA,SANTA CRUZ,2017-12-03,climate,poisson,briere,7,0.75,hostvector,-1409.139,True,True
BOLIVIA,SANTA CRUZ,2017-12-03,climate,poisson,briere,7,0.75,seir,-1783.512,True,True
BOLIVIA,SANTA CRUZ,2017-12-03,climate,poisson,loglinear,3,1.0,hostvector,-860.469,True,True
BOLIVIA,SANTA CRUZ,2017-12-03,climate,poisson,loglinear,3,1.0,seir,-1028.963,True,True
BOLIVIA,SANTA CRUZ,2017-12-03,climate,poisson,loglinear,3,0.75,hostvector,-859.951,True,True
BOLIVIA,SANTA CRUZ,2017-12-03,climate,poisson,loglinear,3,0.75,seir,-1028.687,True,True
BOLIVIA,SANTA CRUZ,2017-12-03,climate,poisson,loglinear,5,1.0,hostvector,-728.444,True,True
BOLIVIA,SANTA CRUZ,2017-12-03,climate,poisson,loglinear,5,1.0,seir,-956.507,True,True
BOLIVIA,SANTA CRUZ,2017-12-03,climate,poisson,loglinear,5,0.75,hostvector,-727.922,True,True
BOLIVIA,SANTA CRUZ,2017-12-03,climate,poisson,loglinear,5,0.75,seir,-956.23,True,True
BOLIVIA,SANTA CRUZ,2017-12-03,climate,poisson,loglinear,7,1.0,hostvector,-1768.044,True,True
BOLIVIA,SANTA CRUZ,2017-12-03,climate,poisson,loglinear,7,1.0,seir,-2057.149,True,True
BOLIVIA,SANTA CRUZ,2017-12-03,climate,poisson,loglinear,7,0.75,hostvector,-1768.568,True,True
BOLIVIA,SANTA CRUZ,2017-12-03,climate,poisson,loglinear,7,0.75,seir,-2061.967,True,True
BOLIVIA,BENI,2018-08-19,no_effect,nb,briere,3,1.0,hostvector,3.096,False,False
BOLIVIA,BENI,2018-08-19,no_effect,nb,briere,3,1.0,seir,2.208,False,False
BOLIVIA,BENI,2018-08-19,no_effect,nb,briere,3,0.75,hostvector,2.473,False,False
BOLIVIA,BENI,2018-08-19,no_effect,nb,briere,3,0.75,seir,0.968,False,False
BOLIVIA,BENI,2018-08-19,no_effect,nb,briere,5,1.0,hostvector,3.211,False,False
BOLIVIA,BENI,2018-08-19,no_effect,nb,briere,5,1.0,seir,2.56,False,False
BOLIVIA,BENI,2018-08-19,no_effect,nb,briere,5,0.75,hostvector,1.724,False,False
BOLIVIA,BENI,2018-08-19,no_effect,nb,briere,5,0.75,seir,0.194,False,False
BOLIVIA,BENI,2018-08-19,no_effect,nb,briere,7,1.0,hostvector,3.205,False,False
BOLIVIA,BENI,2018-08-19,no_effect,nb,briere,7,1.0,seir,2.843,False,False
BOLIVIA,BENI,2018-08-19,no_effect,nb,briere,7,0.75,hostvector,0.857,False,False
BOLIVIA,BENI,2018-08-19,no_effect,nb,briere,7,0.75,seir,-0.501,True,False
BOLIVIA,BENI,2018-08-19,no_effect,nb,loglinear,3,1.0,hostvector,3.134,False,False
BOLIVIA,BENI,2018-08-19,no_effect,nb,loglinear,3,1.0,seir,2.148,False,False
BOLIVIA,BENI,2018-08-19,no_effect,nb,loglinear,3,0.75,hostvector,3.077,False,False
BOLIVIA,BENI,2018-08-19,no_effect,nb,loglinear,3,0.75,seir,1.84,False,False
BOLIVIA,BENI,2018-08-19,no_effect,nb,loglinear,5,1.0,hostvector,3.127,False,False
BOLIVIA,BENI,2018-08-19,no_effect,nb,loglinear,5,1.0,seir,2.329,False,False
BOLIVIA,BENI,2018-08-19,no_effect,nb,loglinear,5,0.75,hostvector,2.38,False,False
BOLIVIA,BENI,2018-08-19,no_effect,nb,loglinear,5,0.75,seir,1.014,False,False
BOLIVIA,BENI,2018-08-19,no_effect,nb,loglinear,7,1.0,hostvector,2.982,False,False
BOLIVIA,BENI,2018-08-19,no_effect,nb,loglinear,7,1.0,seir,2.415,False,False
BOLIVIA,BENI,2018-08-19,no_effect,nb,loglinear,7,0.75,hostvector,1.402,False,False
BOLIVIA,BENI,2018-08-19,no_effect,nb,loglinear,7,0.75,seir,0.113,False,False
BOLIVIA,BENI,2018-08-19,no_effect,poisson,briere,3,1.0,hostvector,-22.233,True,True
BOLIVIA,BENI,2018-08-19,no_effect,poisson,briere,3,1.0,seir,-25.379,True,True
BOLIVIA,BENI,2018-08-19,no_effect,poisson,briere,3,0.75,hostvector,-80.065,True,True
BOLIVIA,BENI,2018-08-19,no_effect,poisson,briere,3,0.75,seir,-101.932,True,True
BOLIVIA,BENI,2018-08-19,no_effect,poisson,briere,5,1.0,hostvector,-20.631,True,True
BOLIVIA,BENI,2018-08-19,no_effect,poisson,briere,5,1.0,seir,-20.762,True,True
BOLIVIA,BENI,2018-08-19,no_effect,poisson,briere,5,0.75,hostvector,-98.302,True,True
BOLIVIA,BENI,2018-08-19,no_effect,poisson,briere,5,0.75,seir,-118.752,True,True
BOLIVIA,BENI,2018-08-19,no_effect,poisson,briere,7,1.0,hostvector,-26.608,True,True
BOLIVIA,BENI,2018-08-19,no_effect,poisson,briere,7,1.0,seir,-23.095,True,True
BOLIVIA,BENI,2018-08-19,no_effect,poisson,briere,7,0.75,hostvector,-116.173,True,True
BOLIVIA,BENI,2018-08-19,no_effect,poisson,briere,7,0.75,seir,-131.64,True,True
BOLIVIA,BENI,2018-08-19,no_effect,poisson,loglinear,3,1.0,hostvector,-26.154,True,True
BOLIVIA,BENI,2018-08-19,no_effect,poisson,loglinear,3,1.0,seir,-31.006,True,True
BOLIVIA,BENI,2018-08-19,no_effect,poisson,loglinear,3,0.75,hostvector,-57.542,True,True
BOLIVIA,BENI,2018-08-19,no_effect,poisson,loglinear,3,0.75,seir,-77.721,True,True
BOLIVIA,BENI,2018-08-19,no_effect,poisson,loglinear,5,1.0,hostvector,-28.008,True,True
BOLIVIA,BENI,2018-08-19,no_effect,poisson,loglinear,5,1.0,seir,-30.298,True,True
BOLIVIA,BENI,2018-08-19,no_effect,poisson,loglinear,5,0.75,hostvector,-79.471,True,True
BOLIVIA,BENI,2018-08-19,no_effect,poisson,loglinear,5,0.75,seir,-99.659,True,True
BOLIVIA,BENI,2018-08-19,no_effect,poisson,loglinear,7,1.0,hostvector,-36.317,True,True
BOLIVIA,BENI,2018-08-19,no_effect,poisson,loglinear,7,1.0,seir,-35.119,True,True
BOLIVIA,BENI,2018-08-19,no_effect,poisson,loglinear,7,0.75,hostvector,-103.162,True,True
BOLIVIA,BENI,2018-08-19,no_effect,poisson,loglinear,7,0.75,seir,-119.085,True,True
BOLIVIA,BENI,2018-08-19,climate,nb,briere,3,1.0,hostvector,-125.163,True,True
BOLIVIA,BENI,2018-08-19,climate,nb,briere,3,1.0,seir,-118.187,True,True
BOLIVIA,BENI,2018-08-19,climate,nb,briere,3,0.75,hostvector,-71.177,True,True
BOLIVIA,BENI,2018-08-19,climate,nb,briere,3,0.75,seir,-68.461,True,True
BOLIVIA,BENI,2018-08-19,climate,nb,briere,5,1.0,hostvector,-114.616,True,True
BOLIVIA,BENI,2018-08-19,climate,nb,briere,5,1.0,seir,-108.322,True,True
BOLIVIA,BENI,2018-08-19,climate,nb,briere,5,0.75,hostvector,-64.985,True,True
BOLIVIA,BENI,2018-08-19,climate,nb,briere,5,0.75,seir,-61.151,True,True
BOLIVIA,BENI,2018-08-19,climate,nb,briere,7,1.0,hostvector,-93.848,True,True
BOLIVIA,BENI,2018-08-19,climate,nb,briere,7,1.0,seir,-88.54,True,True
BOLIVIA,BENI,2018-08-19,climate,nb,briere,7,0.75,hostvector,-46.275,True,True
BOLIVIA,BENI,2018-08-19,climate,nb,briere,7,0.75,seir,-43.397,True,True
BOLIVIA,BENI,2018-08-19,climate,nb,loglinear,3,1.0,hostvector,-123.263,True,True
BOLIVIA,BENI,2018-08-19,climate,nb,loglinear,3,1.0,seir,-117.559,True,True
BOLIVIA,BENI,2018-08-19,climate,nb,loglinear,3,0.75,hostvector,-71.025,True,True
BOLIVIA,BENI,2018-08-19,climate,nb,loglinear,3,0.75,seir,-68.444,True,True
BOLIVIA,BENI,2018-08-19,climate,nb,loglinear,5,1.0,hostvector,-113.519,True,True
BOLIVIA,BENI,2018-08-19,climate,nb,loglinear,5,1.0,seir,-107.628,True,True
BOLIVIA,BENI,2018-08-19,climate,nb,loglinear,5,0.75,hostvector,-65.831,True,True
BOLIVIA,BENI,2018-08-19,climate,nb,loglinear,5,0.75,seir,-61.847,True,True
BOLIVIA,BENI,2018-08-19,climate,nb,loglinear,7,1.0,hostvector,-94.484,True,True
BOLIVIA,BENI,2018-08-19,climate,nb,loglinear,7,1.0,seir,-89.27,True,True
BOLIVIA,BENI,2018-08-19,climate,nb,loglinear,7,0.75,hostvector,-56.106,True,True
BOLIVIA,BENI,2018-08-19,climate,nb,loglinear,7,0.75,seir,-53.205,True,True
BOLIVIA,BENI,2018-08-19,climate,poisson,briere,3,1.0,hostvector,-567.882,True,True
BOLIVIA,BENI,2018-08-19,climate,poisson,briere,3,1.0,seir,-548.893,True,True
BOLIVIA,BENI,2018-08-19,climate,poisson,briere,3,0.75,hostvector,-560.741,True,True
BOLIVIA,BENI,2018-08-19,climate,poisson,briere,3,0.75,seir,-579.893,True,True
BOLIVIA,BENI,2018-08-19,climate,poisson,briere,5,1.0,hostvector,-464.869,True,True
BOLIVIA,BENI,2018-08-19,climate,poisson,briere,5,1.0,seir,-410.093,True,True
BOLIVIA,BENI,2018-08-19,climate,poisson,briere,5,0.75,hostvector,-441.577,True,True
BOLIVIA,BENI,2018-08-19,climate,poisson,briere,5,0.75,seir,-394.153,True,True
BOLIVIA,BENI,2018-08-19,climate,poisson,briere,7,1.0,hostvector,-112.704,True,True
BOLIVIA,BENI,2018-08-19,climate,poisson,briere,7,1.0,seir,-76.362,True,True
BOLIVIA,BENI,2018-08-19,climate,poisson,briere,7,0.75,hostvector,-109.126,True,True
BOLIVIA,BENI,2018-08-19,climate,poisson,briere,7,0.75,seir,-79.003,True,True
BOLIVIA,BENI,2018-08-19,climate,poisson,loglinear,3,1.0,hostvector,-564.967,True,True
BOLIVIA,BENI,2018-08-19,climate,poisson,loglinear,3,1.0,seir,-552.326,True,True
BOLIVIA,BENI,2018-08-19,climate,poisson,loglinear,3,0.75,hostvector,-551.65,True,True
BOLIVIA,BENI,2018-08-19,climate,poisson,loglinear,3,0.75,seir,-577.705,True,True
BOLIVIA,BENI,2018-08-19,climate,poisson,loglinear,5,1.0,hostvector,-465.546,True,True
BOLIVIA,BENI,2018-08-19,climate,poisson,loglinear,5,1.0,seir,-421.65,True,True
BOLIVIA,BENI,2018-08-19,climate,poisson,loglinear,5,0.75,hostvector,-457.222,True,True
BOLIVIA,BENI,2018-08-19,climate,poisson,loglinear,5,0.75,seir,-433.251,True,True
BOLIVIA,BENI,2018-08-19,climate,poisson,loglinear,7,1.0,hostvector,-179.029,True,True
BOLIVIA,BENI,2018-08-19,climate,poisson,loglinear,7,1.0,seir,-170.478,True,True
BOLIVIA,BENI,2018-08-19,climate,poisson,loglinear,7,0.75,hostvector,-281.599,True,True
BOLIVIA,BENI,2018-08-19,climate,poisson,loglinear,7,0.75,seir,-314.099,True,True
BOLIVIA,PANDO,2018-12-02,no_effect,nb,briere,3,1.0,hostvector,3.214,False,False
BOLIVIA,PANDO,2018-12-02,no_effect,nb,briere,3,1.0,seir,6.466,False,False
BOLIVIA,PANDO,2018-12-02,no_effect,nb,briere,3,0.75,hostvector,1.566,False,False
BOLIVIA,PANDO,2018-12-02,no_effect,nb,briere,3,0.75,seir,0.049,False,False
BOLIVIA,PANDO,2018-12-02,no_effect,nb,briere,5,1.0,hostvector,2.855,False,False
BOLIVIA,PANDO,2018-12-02,no_effect,nb,briere,5,1.0,seir,3.582,False,False
BOLIVIA,PANDO,2018-12-02,no_effect,nb,briere,5,0.75,hostvector,1.66,False,False
BOLIVIA,PANDO,2018-12-02,no_effect,nb,briere,5,0.75,seir,-0.007,True,False
BOLIVIA,PANDO,2018-12-02,no_effect,nb,briere,7,1.0,hostvector,2.29,False,False
BOLIVIA,PANDO,2018-12-02,no_effect,nb,briere,7,1.0,seir,3.186,False,False
BOLIVIA,PANDO,2018-12-02,no_effect,nb,briere,7,0.75,hostvector,2.93,False,False
BOLIVIA,PANDO,2018-12-02,no_effect,nb,briere,7,0.75,seir,1.832,False,False
BOLIVIA,PANDO,2018-12-02,no_effect,nb,loglinear,3,1.0,hostvector,-2.293,True,False
BOLIVIA,PANDO,2018-12-02,no_effect,nb,loglinear,3,1.0,seir,-2.611,True,False
BOLIVIA,PANDO,2018-12-02,no_effect,nb,loglinear,3,0.75,hostvector,-0.152,True,False
BOLIVIA,PANDO,2018-12-02,no_effect,nb,loglinear,3,0.75,seir,-1.688,True,False
BOLIVIA,PANDO,2018-12-02,no_effect,nb,loglinear,5,1.0,hostvector,-1.43,True,False
BOLIVIA,PANDO,2018-12-02,no_effect,nb,loglinear,5,1.0,seir,-1.801,True,False
BOLIVIA,PANDO,2018-12-02,no_effect,nb,loglinear,5,0.75,hostvector,0.225,False,False
BOLIVIA,PANDO,2018-12-02,no_effect,nb,loglinear,5,0.75,seir,-1.396,True,False
BOLIVIA,PANDO,2018-12-02,no_effect,nb,loglinear,7,1.0,hostvector,2.29,False,False
BOLIVIA,PANDO,2018-12-02,no_effect,nb,loglinear,7,1.0,seir,-0.377,True,False
BOLIVIA,PANDO,2018-12-02,no_effect,nb,loglinear,7,0.75,hostvector,0.982,False,False
BOLIVIA,PANDO,2018-12-02,no_effect,nb,loglinear,7,0.75,seir,-0.26,True,False
BOLIVIA,PANDO,2018-12-02,no_effect,poisson,briere,3,1.0,hostvector,0.797,False,False
BOLIVIA,PANDO,2018-12-02,no_effect,poisson,briere,3,1.0,seir,3.352,False,False
BOLIVIA,PANDO,2018-12-02,no_effect,poisson,briere,3,0.75,hostvector,-38.175,True,True
BOLIVIA,PANDO,2018-12-02,no_effect,poisson,briere,3,0.75,seir,-52.89,True,True
BOLIVIA,PANDO,2018-12-02,no_effect,poisson,briere,5,1.0,hostvector,-1.677,True,False
BOLIVIA,PANDO,2018-12-02,no_effect,poisson,briere,5,1.0,seir,2.095,False,False
BOLIVIA,PANDO,2018-12-02,no_effect,poisson,briere,5,0.75,hostvector,-36.35,True,True
BOLIVIA,PANDO,2018-12-02,no_effect,poisson,briere,5,0.75,seir,-51.248,True,True
BOLIVIA,PANDO,2018-12-02,no_effect,poisson,briere,7,1.0,hostvector,-8.275,True,True
BOLIVIA,PANDO,2018-12-02,no_effect,poisson,briere,7,1.0,seir,-2.182,True,False
BOLIVIA,PANDO,2018-12-02,no_effect,poisson,briere,7,0.75,hostvector,-12.958,True,True
BOLIVIA,PANDO,2018-12-02,no_effect,poisson,briere,7,0.75,seir,-23.843,True,True
BOLIVIA,PANDO,2018-12-02,no_effect,poisson,loglinear,3,1.0,hostvector,-85.057,True,True
BOLIVIA,PANDO,2018-12-02,no_effect,poisson,loglinear,3,1.0,seir,-91.916,True,True
BOLIVIA,PANDO,2018-12-02,no_effect,poisson,loglinear,3,0.75,hostvector,-64.62,True,True
BOLIVIA,PANDO,2018-12-02,no_effect,poisson,loglinear,3,0.75,seir,-82.46,True,True
BOLIVIA,PANDO,2018-12-02,no_effect,poisson,loglinear,5,1.0,hostvector,-76.12,True,True
BOLIVIA,PANDO,2018-12-02,no_effect,poisson,loglinear,5,1.0,seir,-83.978,True,True
BOLIVIA,PANDO,2018-12-02,no_effect,poisson,loglinear,5,0.75,hostvector,-61.37,True,True
BOLIVIA,PANDO,2018-12-02,no_effect,poisson,loglinear,5,0.75,seir,-78.686,True,True
BOLIVIA,PANDO,2018-12-02,no_effect,poisson,loglinear,7,1.0,hostvector,-59.774,True,True
BOLIVIA,PANDO,2018-12-02,no_effect,poisson,loglinear,7,1.0,seir,-64.299,True,True
BOLIVIA,PANDO,2018-12-02,no_effect,poisson,loglinear,7,0.75,hostvector,-49.166,True,True
BOLIVIA,PANDO,2018-12-02,no_effect,poisson,loglinear,7,0.75,seir,-64.861,True,True
BOLIVIA,PANDO,2018-12-02,climate,nb,briere,3,1.0,hostvector,-27.539,True,True
BOLIVIA,PANDO,2018-12-02,climate,nb,briere,3,1.0,seir,-20.854,True,True
BOLIVIA,PANDO,2018-12-02,climate,nb,briere,3,0.75,hostvector,-11.768,True,True
BOLIVIA,PANDO,2018-12-02,climate,nb,briere,3,0.75,seir,-9.134,True,True
BOLIVIA,PANDO,2018-12-02,climate,nb,briere,5,1.0,hostvector,-27.242,True,True
BOLIVIA,PANDO,2018-12-02,climate,nb,briere,5,1.0,seir,-19.673,True,True
BOLIVIA,PANDO,2018-12-02,climate,nb,briere,5,0.75,hostvector,-11.532,True,True
BOLIVIA,PANDO,2018-12-02,climate,nb,briere,5,0.75,seir,-7.758,True,True
BOLIVIA,PANDO,2018-12-02,climate,nb,briere,7,1.0,hostvector,-25.826,True,True
BOLIVIA,PANDO,2018-12-02,climate,nb,briere,7,1.0,seir,-18.494,True,True
BOLIVIA,PANDO,2018-12-02,climate,nb,briere,7,0.75,hostvector,-9.816,True,True
BOLIVIA,PANDO,2018-12-02,climate,nb,briere,7,0.75,seir,-6.185,True,True
BOLIVIA,PANDO,2018-12-02,climate,nb,loglinear,3,1.0,hostvector,-27.565,True,True
BOLIVIA,PANDO,2018-12-02,climate,nb,loglinear,3,1.0,seir,-20.857,True,True
BOLIVIA,PANDO,2018-12-02,climate,nb,loglinear,3,0.75,hostvector,-11.824,True,True
BOLIVIA,PANDO,2018-12-02,climate,nb,loglinear,3,0.75,seir,-9.169,True,True
BOLIVIA,PANDO,2018-12-02,climate,nb,loglinear,5,1.0,hostvector,-27.409,True,True
BOLIVIA,PANDO,2018-12-02,climate,nb,loglinear,5,1.0,seir,-19.724,True,True
BOLIVIA,PANDO,2018-12-02,climate,nb,loglinear,5,0.75,hostvector,-11.685,True,True
BOLIVIA,PANDO,2018-12-02,climate,nb,loglinear,5,0.75,seir,-7.921,True,True
BOLIVIA,PANDO,2018-12-02,climate,nb,loglinear,7,1.0,hostvector,-26.144,True,True
BOLIVIA,PANDO,2018-12-02,climate,nb,loglinear,7,1.0,seir,-18.57,True,True
BOLIVIA,PANDO,2018-12-02,climate,nb,loglinear,7,0.75,hostvector,-10.073,True,True
BOLIVIA,PANDO,2018-12-02,climate,nb,loglinear,7,0.75,seir,-6.357,True,True
BOLIVIA,PANDO,2018-12-02,climate,poisson,briere,3,1.0,hostvector,-248.17,True,True
BOLIVIA,PANDO,2018-12-02,climate,poisson,briere,3,1.0,seir,-223.174,True,True
BOLIVIA,PANDO,2018-12-02,climate,poisson,briere,3,0.75,hostvector,-204.29,True,True
BOLIVIA,PANDO,2018-12-02,climate,poisson,briere,3,0.75,seir,-188.854,True,True
BOLIVIA,PANDO,2018-12-02,climate,poisson,briere,5,1.0,hostvector,-169.204,True,True
BOLIVIA,PANDO,2018-12-02,climate,poisson,briere,5,1.0,seir,-148.814,True,True
BOLIVIA,PANDO,2018-12-02,climate,poisson,briere,5,0.75,hostvector,-125.624,True,True
BOLIVIA,PANDO,2018-12-02,climate,poisson,briere,5,0.75,seir,-112.715,True,True
BOLIVIA,PANDO,2018-12-02,climate,poisson,briere,7,1.0,hostvector,-192.353,True,True
BOLIVIA,PANDO,2018-12-02,climate,poisson,briere,7,1.0,seir,-170.333,True,True
BOLIVIA,PANDO,2018-12-02,climate,poisson,briere,7,0.75,hostvector,-148.005,True,True
BOLIVIA,PANDO,2018-12-02,climate,poisson,briere,7,0.75,seir,-133.992,True,True
BOLIVIA,PANDO,2018-12-02,climate,poisson,loglinear,3,1.0,hostvector,-248.179,True,True
BOLIVIA,PANDO,2018-12-02,climate,poisson,loglinear,3,1.0,seir,-223.175,True,True
BOLIVIA,PANDO,2018-12-02,climate,poisson,loglinear,3,0.75,hostvector,-204.303,True,True
BOLIVIA,PANDO,2018-12-02,climate,poisson,loglinear,3,0.75,seir,-188.859,True,True
BOLIVIA,PANDO,2018-12-02,climate,poisson,loglinear,5,1.0,hostvector,-182.973,True,True
BOLIVIA,PANDO,2018-12-02,climate,poisson,loglinear,5,1.0,seir,-158.983,True,True
BOLIVIA,PANDO,2018-12-02,climate,poisson,loglinear,5,0.75,hostvector,-139.229,True,True
BOLIVIA,PANDO,2018-12-02,climate,poisson,loglinear,5,0.75,seir,-123.14,True,True
BOLIVIA,PANDO,2018-12-02,climate,poisson,loglinear,7,1.0,hostvector,-199.747,True,True
BOLIVIA,PANDO,2018-12-02,climate,poisson,loglinear,7,1.0,seir,-176.77,True,True
BOLIVIA,PANDO,2018-12-02,climate,poisson,loglinear,7,0.75,hostvector,-155.408,True,True
BOLIVIA,PANDO,2018-12-02,climate,poisson,loglinear,7,0.75,seir,-140.654,True,True
BOLIVIA,LA PAZ,2019-09-08,no_effect,nb,briere,3,1.0,hostvector,2.701,False,False
BOLIVIA,LA PAZ,2019-09-08,no_effect,nb,briere,3,1.0,seir,3.388,False,False
BOLIVIA,LA PAZ,2019-09-08,no_effect,nb,briere,3,0.75,hostvector,1.872,False,False
BOLIVIA,LA PAZ,2019-09-08,no_effect,nb,briere,3,0.75,seir,2.934,False,False
BOLIVIA,LA PAZ,2019-09-08,no_effect,nb,briere,5,1.0,hostvector,2.569,False,False
BOLIVIA,LA PAZ,2019-09-08,no_effect,nb,briere,5,1.0,seir,3.288,False,False
BOLIVIA,LA PAZ,2019-09-08,no_effect,nb,briere,5,0.75,hostvector,-0.156,True,False
BOLIVIA,LA PAZ,2019-09-08,no_effect,nb,briere,5,0.75,seir,2.385,False,False
BOLIVIA,LA PAZ,2019-09-08,no_effect,nb,briere,7,1.0,hostvector,2.025,False,False
BOLIVIA,LA PAZ,2019-09-08,no_effect,nb,briere,7,1.0,seir,2.818,False,False
BOLIVIA,LA PAZ,2019-09-08,no_effect,nb,briere,7,0.75,hostvector,-1.351,True,False
BOLIVIA,LA PAZ,2019-09-08,no_effect,nb,briere,7,0.75,seir,0.599,False,False
BOLIVIA,LA PAZ,2019-09-08,no_effect,nb,loglinear,3,1.0,hostvector,0.243,False,False
BOLIVIA,LA PAZ,2019-09-08,no_effect,nb,loglinear,3,1.0,seir,1.614,False,False
BOLIVIA,LA PAZ,2019-09-08,no_effect,nb,loglinear,3,0.75,hostvector,-1.924,True,False
BOLIVIA,LA PAZ,2019-09-08,no_effect,nb,loglinear,3,0.75,seir,0.029,False,False
BOLIVIA,LA PAZ,2019-09-08,no_effect,nb,loglinear,5,1.0,hostvector,0.792,False,False
BOLIVIA,LA PAZ,2019-09-08,no_effect,nb,loglinear,5,1.0,seir,2.161,False,False
BOLIVIA,LA PAZ,2019-09-08,no_effect,nb,loglinear,5,0.75,hostvector,-2.786,True,False
BOLIVIA,LA PAZ,2019-09-08,no_effect,nb,loglinear,5,0.75,seir,-0.562,True,False
BOLIVIA,LA PAZ,2019-09-08,no_effect,nb,loglinear,7,1.0,hostvector,1.217,False,False
BOLIVIA,LA PAZ,2019-09-08,no_effect,nb,loglinear,7,1.0,seir,2.477,False,False
BOLIVIA,LA PAZ,2019-09-08,no_effect,nb,loglinear,7,0.75,hostvector,-3.027,True,False
BOLIVIA,LA PAZ,2019-09-08,no_effect,nb,loglinear,7,0.75,seir,-0.822,True,False
BOLIVIA,LA PAZ,2019-09-08,no_effect,poisson,briere,3,1.0,hostvector,2.902,False,False
BOLIVIA,LA PAZ,2019-09-08,no_effect,poisson,briere,3,1.0,seir,3.849,False,False
BOLIVIA,LA PAZ,2019-09-08,no_effect,poisson,briere,3,0.75,hostvector,-9.49,True,True
BOLIVIA,LA PAZ,2019-09-08,no_effect,poisson,briere,3,0.75,seir,-4.512,True,True
BOLIVIA,LA PAZ,2019-09-08,no_effect,poisson,briere,5,1.0,hostvector,2.788,False,False
BOLIVIA,LA PAZ,2019-09-08,no_effect,poisson,briere,5,1.0,seir,3.754,False,False
BOLIVIA,LA PAZ,2019-09-08,no_effect,poisson,briere,5,0.75,hostvector,-21.143,True,True
BOLIVIA,LA PAZ,2019-09-08,no_effect,poisson,briere,5,0.75,seir,-10.177,True,True
BOLIVIA,LA PAZ,2019-09-08,no_effect,poisson,briere,7,1.0,hostvector,0.071,False,False
BOLIVIA,LA PAZ,2019-09-08,no_effect,poisson,briere,7,1.0,seir,1.988,False,False
BOLIVIA,LA PAZ,2019-09-08,no_effect,poisson,briere,7,0.75,hostvector,-33.024,True,True
BOLIVIA,LA PAZ,2019-09-08,no_effect,poisson,briere,7,0.75,seir,-23.26,True,True
BOLIVIA,LA PAZ,2019-09-08,no_effect,poisson,loglinear,3,1.0,hostvector,-10.359,True,True
BOLIVIA,LA PAZ,2019-09-08,no_effect,poisson,loglinear,3,1.0,seir,-6.798,True,True
BOLIVIA,LA PAZ,2019-09-08,no_effect,poisson,loglinear,3,0.75,hostvector,-37.544,True,True
BOLIVIA,LA PAZ,2019-09-08,no_effect,poisson,loglinear,3,0.75,seir,-28.992,True,True
BOLIVIA,LA PAZ,2019-09-08,no_effect,poisson,loglinear,5,1.0,hostvector,-7.372,True,True
BOLIVIA,LA PAZ,2019-09-08,no_effect,poisson,loglinear,5,1.0,seir,-3.195,True,False
BOLIVIA,LA PAZ,2019-09-08,no_effect,poisson,loglinear,5,0.75,hostvector,-43.96,True,True
BOLIVIA,LA PAZ,2019-09-08,no_effect,poisson,loglinear,5,0.75,seir,-34.449,True,True
BOLIVIA,LA PAZ,2019-09-08,no_effect,poisson,loglinear,7,1.0,hostvector,-2.883,True,False
BOLIVIA,LA PAZ,2019-09-08,no_effect,poisson,loglinear,7,1.0,seir,0.707,False,False
BOLIVIA,LA PAZ,2019-09-08,no_effect,poisson,loglinear,7,0.75,hostvector,-45.768,True,True
BOLIVIA,LA PAZ,2019-09-08,no_effect,poisson,loglinear,7,0.75,seir,-35.399,True,True
BOLIVIA,LA PAZ,2019-09-08,climate,nb,briere,3,1.0,hostvector,-179.694,True,True
BOLIVIA,LA PAZ,2019-09-08,climate,nb,briere,3,1.0,seir,-172.369,True,True
BOLIVIA,LA PAZ,2019-09-08,climate,nb,briere,3,0.75,hostvector,-32.022,True,True
BOLIVIA,LA PAZ,2019-09-08,climate,nb,briere,3,0.75,seir,-16.749,True,True
BOLIVIA,LA PAZ,2019-09-08,climate,nb,briere,5,1.0,hostvector,-179.453,True,True
BOLIVIA,LA PAZ,2019-09-08,climate,nb,briere,5,1.0,seir,207.84,False,False
BOLIVIA,LA PAZ,2019-09-08,climate,nb,briere,5,0.75,hostvector,-37.592,True,True
BOLIVIA,LA PAZ,2019-09-08,climate,nb,briere,5,0.75,seir,-11.83,True,True
BOLIVIA,LA PAZ,2019-09-08,climate,nb,briere,7,1.0,hostvector,-162.334,True,True
BOLIVIA,LA PAZ,2019-09-08,climate,nb,briere,7,1.0,seir,173.078,False,False
BOLIVIA,LA PAZ,2019-09-08,climate,nb,briere,7,0.75,hostvector,-28.119,True,True
BOLIVIA,LA PAZ,2019-09-08,climate,nb,briere,7,0.75,seir,-21.662,True,True
BOLIVIA,LA PAZ,2019-09-08,climate,nb,loglinear,3,1.0,hostvector,-183.736,True,True
BOLIVIA,LA PAZ,2019-09-08,climate,nb,loglinear,3,1.0,seir,-173.89,True,True
BOLIVIA,LA PAZ,2019-09-08,climate,nb,loglinear,3,0.75,hostvector,20488.219,False,False
BOLIVIA,LA PAZ,2019-09-08,climate,nb,loglinear,3,0.75,seir,-35.483,True,True
BOLIVIA,LA PAZ,2019-09-08,climate,nb,loglinear,5,1.0,hostvector,-181.919,True,True
BOLIVIA,LA PAZ,2019-09-08,climate,nb,loglinear,5,1.0,seir,-165.894,True,True
BOLIVIA,LA PAZ,2019-09-08,climate,nb,loglinear,5,0.75,hostvector,-39.294,True,True
BOLIVIA,LA PAZ,2019-09-08,climate,nb,loglinear,5,0.75,seir,-34.448,True,True
BOLIVIA,LA PAZ,2019-09-08,climate,nb,loglinear,7,1.0,hostvector,-160.905,True,True
BOLIVIA,LA PAZ,2019-09-08,climate,nb,loglinear,7,1.0,seir,-151.651,True,True
BOLIVIA,LA PAZ,2019-09-08,climate,nb,loglinear,7,0.75,hostvector,-32.169,True,True
BOLIVIA,LA PAZ,2019-09-08,climate,nb,loglinear,7,0.75,seir,-28.694,True,True
BOLIVIA,LA PAZ,2019-09-08,climate,poisson,briere,3,1.0,hostvector,-963.346,True,True
BOLIVIA,LA PAZ,2019-09-08,climate,poisson,briere,3,1.0,seir,-1019.734,True,True
BOLIVIA,LA PAZ,2019-09-08,climate,poisson,briere,3,0.75,hostvector,-358.686,True,True
BOLIVIA,LA PAZ,2019-09-08,climate,poisson,briere,3,0.75,seir,4.292,False,False
BOLIVIA,LA PAZ,2019-09-08,climate,poisson,briere,5,1.0,hostvector,-1099.934,True,True
BOLIVIA,LA PAZ,2019-09-08,climate,poisson,briere,5,1.0,seir,-1072.065,True,True
BOLIVIA,LA PAZ,2019-09-08,climate,poisson,briere,5,0.75,hostvector,-478.682,True,True
BOLIVIA,LA PAZ,2019-09-08,climate,poisson,briere,5,0.75,seir,-467.797,True,True
BOLIVIA,LA PAZ,2019-09-08,climate,poisson,briere,7,1.0,hostvector,-824.543,True,True
BOLIVIA,LA PAZ,2019-09-08,climate,poisson,briere,7,1.0,seir,-710.474,True,True
BOLIVIA,LA PAZ,2019-09-08,climate,poisson,briere,7,0.75,hostvector,-371.181,True,True
BOLIVIA,LA PAZ,2019-09-08,climate,poisson,briere,7,0.75,seir,-12.438,True,True
BOLIVIA,LA PAZ,2019-09-08,climate,poisson,loglinear,3,1.0,hostvector,-1011.461,True,True
BOLIVIA,LA PAZ,2019-09-08,climate,poisson,loglinear,3,1.0,seir,-1041.383,True,True
BOLIVIA,LA PAZ,2019-09-08,climate,poisson,loglinear,3,0.75,hostvector,-416.345,True,True
BOLIVIA,LA PAZ,2019-09-08,climate,poisson,loglinear,3,0.75,seir,-411.728,True,True
BOLIVIA,LA PAZ,2019-09-08,climate,poisson,loglinear,5,1.0,hostvector,-1102.555,True,True
BOLIVIA,LA PAZ,2019-09-08,climate,poisson,loglinear,5,1.0,seir,-1072.426,True,True
BOLIVIA,LA PAZ,2019-09-08,climate,poisson,loglinear,5,0.75,hostvector,-478.814,True,True
BOLIVIA,LA PAZ,2019-09-08,climate,poisson,loglinear,5,0.75,seir,-470.47,True,True
BOLIVIA,LA PAZ,2019-09-08,climate,poisson,loglinear,7,1.0,hostvector,-608.273,True,True
BOLIVIA,LA PAZ,2019-09-08,climate,poisson,loglinear,7,1.0,seir,-654.481,True,True
BOLIVIA,LA PAZ,2019-09-08,climate,poisson,loglinear,7,0.75,hostvector,-236.648,True,True
BOLIVIA,LA PAZ,2019-09-08,climate,poisson,loglinear,7,0.75,seir,-239.943,True,True
BOLIVIA,BOLIVIA,2019-11-10,no_effect,nb,briere,3,1.0,hostvector,3.727,False,False
BOLIVIA,BOLIVIA,2019-11-10,no_effect,nb,briere,3,1.0,seir,2.696,False,False
BOLIVIA,BOLIVIA,2019-11-10,no_effect,nb,briere,3,0.75,hostvector,3.338,False,False
BOLIVIA,BOLIVIA,2019-11-10,no_effect,nb,briere,3,0.75,seir,1.356,False,False
BOLIVIA,BOLIVIA,2019-11-10,no_effect,nb,briere,5,1.0,hostvector,2.62,False,False
BOLIVIA,BOLIVIA,2019-11-10,no_effect,nb,briere,5,1.0,seir,0.697,False,False
BOLIVIA,BOLIVIA,2019-11-10,no_effect,nb,briere,5,0.75,hostvector,1.664,False,False
BOLIVIA,BOLIVIA,2019-11-10,no_effect,nb,briere,5,0.75,seir,-0.937,True,False
BOLIVIA,BOLIVIA,2019-11-10,no_effect,nb,briere,7,1.0,hostvector,3.631,False,False
BOLIVIA,BOLIVIA,2019-11-10,no_effect,nb,briere,7,1.0,seir,3.415,False,False
BOLIVIA,BOLIVIA,2019-11-10,no_effect,nb,briere,7,0.75,hostvector,2.61,False,False
BOLIVIA,BOLIVIA,2019-11-10,no_effect,nb,briere,7,0.75,seir,1.059,False,False
BOLIVIA,BOLIVIA,2019-11-10,no_effect,nb,loglinear,3,1.0,hostvector,3.556,False,False
BOLIVIA,BOLIVIA,2019-11-10,no_effect,nb,loglinear,3,1.0,seir,2.545,False,False
BOLIVIA,BOLIVIA,2019-11-10,no_effect,nb,loglinear,3,0.75,hostvector,3.174,False,False
BOLIVIA,BOLIVIA,2019-11-10,no_effect,nb,loglinear,3,0.75,seir,1.188,False,False
BOLIVIA,BOLIVIA,2019-11-10,no_effect,nb,loglinear,5,1.0,hostvector,2.14,False,False
BOLIVIA,BOLIVIA,2019-11-10,no_effect,nb,loglinear,5,1.0,seir,0.14,False,False
BOLIVIA,BOLIVIA,2019-11-10,no_effect,nb,loglinear,5,0.75,hostvector,3.187,False,False
BOLIVIA,BOLIVIA,2019-11-10,no_effect,nb,loglinear,5,0.75,seir,-1.171,True,False
BOLIVIA,BOLIVIA,2019-11-10,no_effect,nb,loglinear,7,1.0,hostvector,3.28,False,False
BOLIVIA,BOLIVIA,2019-11-10,no_effect,nb,loglinear,7,1.0,seir,3.089,False,False
BOLIVIA,BOLIVIA,2019-11-10,no_effect,nb,loglinear,7,0.75,hostvector,2.225,False,False
BOLIVIA,BOLIVIA,2019-11-10,no_effect,nb,loglinear,7,0.75,seir,0.429,False,False
BOLIVIA,BOLIVIA,2019-11-10,no_effect,poisson,briere,3,1.0,hostvector,-512.189,True,True
BOLIVIA,BOLIVIA,2019-11-10,no_effect,poisson,briere,3,1.0,seir,-255.003,True,True
BOLIVIA,BOLIVIA,2019-11-10,no_effect,poisson,briere,3,0.75,hostvector,-585.862,True,True
BOLIVIA,BOLIVIA,2019-11-10,no_effect,poisson,briere,3,0.75,seir,-423.897,True,True
BOLIVIA,BOLIVIA,2019-11-10,no_effect,poisson,briere,5,1.0,hostvector,-1178.179,True,True
BOLIVIA,BOLIVIA,2019-11-10,no_effect,poisson,briere,5,1.0,seir,-1154.789,True,True
BOLIVIA,BOLIVIA,2019-11-10,no_effect,poisson,briere,5,0.75,hostvector,-1247.407,True,True
BOLIVIA,BOLIVIA,2019-11-10,no_effect,poisson,briere,5,0.75,seir,-1338.388,True,True
BOLIVIA,BOLIVIA,2019-11-10,no_effect,poisson,briere,7,1.0,hostvector,-604.962,True,True
BOLIVIA,BOLIVIA,2019-11-10,no_effect,poisson,briere,7,1.0,seir,-379.677,True,True
BOLIVIA,BOLIVIA,2019-11-10,no_effect,poisson,briere,7,0.75,hostvector,-832.922,True,True
BOLIVIA,BOLIVIA,2019-11-10,no_effect,poisson,briere,7,0.75,seir,-752.546,True,True
BOLIVIA,BOLIVIA,2019-11-10,no_effect,poisson,loglinear,3,1.0,hostvector,-745.068,True,True
BOLIVIA,BOLIVIA,2019-11-10,no_effect,poisson,loglinear,3,1.0,seir,-433.221,True,True
BOLIVIA,BOLIVIA,2019-11-10,no_effect,poisson,loglinear,3,0.75,hostvector,-752.069,True,True
BOLIVIA,BOLIVIA,2019-11-10,no_effect,poisson,loglinear,3,0.75,seir,-575.041,True,True
BOLIVIA,BOLIVIA,2019-11-10,no_effect,poisson,loglinear,5,1.0,hostvector,-431.839,True,True
BOLIVIA,BOLIVIA,2019-11-10,no_effect,poisson,loglinear,5,1.0,seir,-1378.444,True,True
BOLIVIA,BOLIVIA,2019-11-10,no_effect,poisson,loglinear,5,0.75,hostvector,-1367.441,True,True
BOLIVIA,BOLIVIA,2019-11-10,no_effect,poisson,loglinear,5,0.75,seir,-1458.814,True,True
BOLIVIA,BOLIVIA,2019-11-10,no_effect,poisson,loglinear,7,1.0,hostvector,-969.45,True,True
BOLIVIA,BOLIVIA,2019-11-10,no_effect,poisson,loglinear,7,1.0,seir,-667.745,True,True
BOLIVIA,BOLIVIA,2019-11-10,no_effect,poisson,loglinear,7,0.75,hostvector,-1085.161,True,True
BOLIVIA,BOLIVIA,2019-11-10,no_effect,poisson,loglinear,7,0.75,seir,-994.196,True,True
BOLIVIA,BOLIVIA,2019-11-10,climate,nb,briere,3,1.0,hostvector,-34.667,True,True
BOLIVIA,BOLIVIA,2019-11-10,climate,nb,briere,3,1.0,seir,-15.382,True,True
BOLIVIA,BOLIVIA,2019-11-10,climate,nb,briere,3,0.75,hostvector,-6.631,True,True
BOLIVIA,BOLIVIA,2019-11-10,climate,nb,briere,3,0.75,seir,0.077,False,False
BOLIVIA,BOLIVIA,2019-11-10,climate,nb,briere,5,1.0,hostvector,-23.744,True,True
BOLIVIA,BOLIVIA,2019-11-10,climate,nb,briere,5,1.0,seir,-13.148,True,True
BOLIVIA,BOLIVIA,2019-11-10,climate,nb,briere,5,0.75,hostvector,1.964,False,False
BOLIVIA,BOLIVIA,2019-11-10,climate,nb,briere,5,0.75,seir,1.845,False,False
BOLIVIA,BOLIVIA,2019-11-10,climate,nb,briere,7,1.0,hostvector,-31.442,True,True
BOLIVIA,BOLIVIA,2019-11-10,climate,nb,briere,7,1.0,seir,-19.235,True,True
BOLIVIA,BOLIVIA,2019-11-10,climate,nb,briere,7,0.75,hostvector,-4.992,True,True
BOLIVIA,BOLIVIA,2019-11-10,climate,nb,briere,7,0.75,seir,-7.162,True,True
BOLIVIA,BOLIVIA,2019-11-10,climate,nb,loglinear,3,1.0,hostvector,-34.885,True,True
BOLIVIA,BOLIVIA,2019-11-10,climate,nb,loglinear,3,1.0,seir,-15.689,True,True
BOLIVIA,BOLIVIA,2019-11-10,climate,nb,loglinear,3,0.75,hostvector,-6.8,True,True
BOLIVIA,BOLIVIA,2019-11-10,climate,nb,loglinear,3,0.75,seir,-0.109,True,False
BOLIVIA,BOLIVIA,2019-11-10,climate,nb,loglinear,5,1.0,hostvector,-21.825,True,True
BOLIVIA,BOLIVIA,2019-11-10,climate,nb,loglinear,5,1.0,seir,-13.312,True,True
BOLIVIA,BOLIVIA,2019-11-10,climate,nb,loglinear,5,0.75,hostvector,2.179,False,False
BOLIVIA,BOLIVIA,2019-11-10,climate,nb,loglinear,5,0.75,seir,1.789,False,False
BOLIVIA,BOLIVIA,2019-11-10,climate,nb,loglinear,7,1.0,hostvector,-31.267,True,True
BOLIVIA,BOLIVIA,2019-11-10,climate,nb,loglinear,7,1.0,seir,-21.193,True,True
BOLIVIA,BOLIVIA,2019-11-10,climate,nb,loglinear,7,0.75,hostvector,-4.062,True,True
BOLIVIA,BOLIVIA,2019-11-10,climate,nb,loglinear,7,0.75,seir,-6.686,True,True
BOLIVIA,BOLIVIA,2019-11-10,climate,poisson,briere,3,1.0,hostvector,-12824.49,True,True
BOLIVIA,BOLIVIA,2019-11-10,climate,poisson,briere,3,1.0,seir,-11669.394,True,True
BOLIVIA,BOLIVIA,2019-11-10,climate,poisson,briere,3,0.75,hostvector,-12884.335,True,True
BOLIVIA,BOLIVIA,2019-11-10,climate,poisson,briere,3,0.75,seir,-11890.558,True,True
BOLIVIA,BOLIVIA,2019-11-10,climate,poisson,briere,5,1.0,hostvector,-11805.158,True,True
BOLIVIA,BOLIVIA,2019-11-10,climate,poisson,briere,5,1.0,seir,-11808.443,True,True
BOLIVIA,BOLIVIA,2019-11-10,climate,poisson,briere,5,0.75,hostvector,-11892.793,True,True
BOLIVIA,BOLIVIA,2019-11-10,climate,poisson,briere,5,0.75,seir,-12079.874,True,True
BOLIVIA,BOLIVIA,2019-11-10,climate,poisson,briere,7,1.0,hostvector,-16415.631,True,True
BOLIVIA,BOLIVIA,2019-11-10,climate,poisson,briere,7,1.0,seir,-17106.388,True,True
BOLIVIA,BOLIVIA,2019-11-10,climate,poisson,briere,7,0.75,hostvector,-16550.833,True,True
BOLIVIA,BOLIVIA,2019-11-10,climate,poisson,briere,7,0.75,seir,-17361.036,True,True
BOLIVIA,BOLIVIA,2019-11-10,climate,poisson,loglinear,3,1.0,hostvector,-13062.95,True,True
BOLIVIA,BOLIVIA,2019-11-10,climate,poisson,loglinear,3,1.0,seir,-12185.968,True,True
BOLIVIA,BOLIVIA,2019-11-10,climate,poisson,loglinear,3,0.75,hostvector,-13121.409,True,True
BOLIVIA,BOLIVIA,2019-11-10,climate,poisson,loglinear,3,0.75,seir,-12406.042,True,True
BOLIVIA,BOLIVIA,2019-11-10,climate,poisson,loglinear,5,1.0,hostvector,-11813.226,True,True
BOLIVIA,BOLIVIA,2019-11-10,climate,poisson,loglinear,5,1.0,seir,-12184.297,True,True
BOLIVIA,BOLIVIA,2019-11-10,climate,poisson,loglinear,5,0.75,hostvector,-11898.781,True,True
BOLIVIA,BOLIVIA,2019-11-10,climate,poisson,loglinear,5,0.75,seir,-12446.991,True,True
BOLIVIA,BOLIVIA,2019-11-10,climate,poisson,loglinear,7,1.0,hostvector,-16203.635,True,True
BOLIVIA,BOLIVIA,2019-11-10,climate,poisson,loglinear,7,1.0,seir,-17185.333,True,True
BOLIVIA,BOLIVIA,2019-11-10,climate,poisson,loglinear,7,0.75,hostvector,-16364.964,True,True
BOLIVIA,BOLIVIA,2019-11-10,climate,poisson,loglinear,7,0.75,seir,-17456.741,True,True
BOLIVIA,TARIJA,2019-12-01,no_effect,nb,briere,3,1.0,hostvector,3.947,False,False
BOLIVIA,TARIJA,2019-12-01,no_effect,nb,briere,3,1.0,seir,3.991,False,False
BOLIVIA,TARIJA,2019-12-01,no_effect,nb,briere,3,0.75,hostvector,3.849,False,False
BOLIVIA,TARIJA,2019-12-01,no_effect,nb,briere,3,0.75,seir,3.76,False,False
BOLIVIA,TARIJA,2019-12-01,no_effect,nb,briere,5,1.0,hostvector,3.759,False,False
BOLIVIA,TARIJA,2019-12-01,no_effect,nb,briere,5,1.0,seir,3.955,False,False
BOLIVIA,TARIJA,2019-12-01,no_effect,nb,briere,5,0.75,hostvector,3.722,False,False
BOLIVIA,TARIJA,2019-12-01,no_effect,nb,briere,5,0.75,seir,3.685,False,False
BOLIVIA,TARIJA,2019-12-01,no_effect,nb,briere,7,1.0,hostvector,3.467,False,False
BOLIVIA,TARIJA,2019-12-01,no_effect,nb,briere,7,1.0,seir,3.876,False,False
BOLIVIA,TARIJA,2019-12-01,no_effect,nb,briere,7,0.75,hostvector,3.853,False,False
BOLIVIA,TARIJA,2019-12-01,no_effect,nb,briere,7,0.75,seir,3.775,False,False
BOLIVIA,TARIJA,2019-12-01,no_effect,nb,loglinear,3,1.0,hostvector,1.236,False,False
BOLIVIA,TARIJA,2019-12-01,no_effect,nb,loglinear,3,1.0,seir,2.644,False,False
BOLIVIA,TARIJA,2019-12-01,no_effect,nb,loglinear,3,0.75,hostvector,3.21,False,False
BOLIVIA,TARIJA,2019-12-01,no_effect,nb,loglinear,3,0.75,seir,3.221,False,False
BOLIVIA,TARIJA,2019-12-01,no_effect,nb,loglinear,5,1.0,hostvector,1.502,False,False
BOLIVIA,TARIJA,2019-12-01,no_effect,nb,loglinear,5,1.0,seir,2.568,False,False
BOLIVIA,TARIJA,2019-12-01,no_effect,nb,loglinear,5,0.75,hostvector,3.369,False,False
BOLIVIA,TARIJA,2019-12-01,no_effect,nb,loglinear,5,0.75,seir,3.259,False,False
BOLIVIA,TARIJA,2019-12-01,no_effect,nb,loglinear,7,1.0,hostvector,1.505,False,False
BOLIVIA,TARIJA,2019-12-01,no_effect,nb,loglinear,7,1.0,seir,2.531,False,False
BOLIVIA,TARIJA,2019-12-01,no_effect,nb,loglinear,7,0.75,hostvector,3.3,False,False
BOLIVIA,TARIJA,2019-12-01,no_effect,nb,loglinear,7,0.75,seir,3.259,False,False
BOLIVIA,TARIJA,2019-12-01,no_effect,poisson,briere,3,1.0,hostvector,-36.514,True,True
BOLIVIA,TARIJA,2019-12-01,no_effect,poisson,briere,3,1.0,seir,-19.096,True,True
BOLIVIA,TARIJA,2019-12-01,no_effect,poisson,briere,3,0.75,hostvector,-28.483,True,True
BOLIVIA,TARIJA,2019-12-01,no_effect,poisson,briere,3,0.75,seir,-11.856,True,True
BOLIVIA,TARIJA,2019-12-01,no_effect,poisson,briere,5,1.0,hostvector,-3.783,True,False
BOLIVIA,TARIJA,2019-12-01,no_effect,poisson,briere,5,1.0,seir,-0.878,True,False
BOLIVIA,TARIJA,2019-12-01,no_effect,poisson,briere,5,0.75,hostvector,-25.493,True,True
BOLIVIA,TARIJA,2019-12-01,no_effect,poisson,briere,5,0.75,seir,-21.387,True,True
BOLIVIA,TARIJA,2019-12-01,no_effect,poisson,briere,7,1.0,hostvector,-13.054,True,True
BOLIVIA,TARIJA,2019-12-01,no_effect,poisson,briere,7,1.0,seir,-13.538,True,True
BOLIVIA,TARIJA,2019-12-01,no_effect,poisson,briere,7,0.75,hostvector,-1.109,True,False
BOLIVIA,TARIJA,2019-12-01,no_effect,poisson,briere,7,0.75,seir,-7.66,True,True
BOLIVIA,TARIJA,2019-12-01,no_effect,poisson,loglinear,3,1.0,hostvector,-40.226,True,True
BOLIVIA,TARIJA,2019-12-01,no_effect,poisson,loglinear,3,1.0,seir,-20.983,True,True
BOLIVIA,TARIJA,2019-12-01,no_effect,poisson,loglinear,3,0.75,hostvector,-29.542,True,True
BOLIVIA,TARIJA,2019-12-01,no_effect,poisson,loglinear,3,0.75,seir,-16.82,True,True
BOLIVIA,TARIJA,2019-12-01,no_effect,poisson,loglinear,5,1.0,hostvector,-16.135,True,True
BOLIVIA,TARIJA,2019-12-01,no_effect,poisson,loglinear,5,1.0,seir,-1.416,True,False
BOLIVIA,TARIJA,2019-12-01,no_effect,poisson,loglinear,5,0.75,hostvector,-41.93,True,True
BOLIVIA,TARIJA,2019-12-01,no_effect,poisson,loglinear,5,0.75,seir,-38.943,True,True
BOLIVIA,TARIJA,2019-12-01,no_effect,poisson,loglinear,7,1.0,hostvector,-16.11,True,True
BOLIVIA,TARIJA,2019-12-01,no_effect,poisson,loglinear,7,1.0,seir,-17.544,True,True
BOLIVIA,TARIJA,2019-12-01,no_effect,poisson,loglinear,7,0.75,hostvector,-2.62,True,False
BOLIVIA,TARIJA,2019-12-01,no_effect,poisson,loglinear,7,0.75,seir,-10.775,True,True
BOLIVIA,TARIJA,2019-12-01,climate,nb,briere,3,1.0,hostvector,3.977,False,False
BOLIVIA,TARIJA,2019-12-01,climate,nb,briere,3,1.0,seir,3.763,False,False
BOLIVIA,TARIJA,2019-12-01,climate,nb,briere,3,0.75,hostvector,3.977,False,False
BOLIVIA,TARIJA,2019-12-01,climate,nb,briere,3,0.75,seir,3.763,False,False
BOLIVIA,TARIJA,2019-12-01,climate,nb,briere,5,1.0,hostvector,3.316,False,False
BOLIVIA,TARIJA,2019-12-01,climate,nb,briere,5,1.0,seir,3.725,False,False
BOLIVIA,TARIJA,2019-12-01,climate,nb,briere,5,0.75,hostvector,3.316,False,False
BOLIVIA,TARIJA,2019-12-01,climate,nb,briere,5,0.75,seir,3.725,False,False
BOLIVIA,TARIJA,2019-12-01,climate,nb,briere,7,1.0,hostvector,3.782,False,False
BOLIVIA,TARIJA,2019-12-01,climate,nb,briere,7,1.0,seir,3.953,False,False
BOLIVIA,TARIJA,2019-12-01,climate,nb,briere,7,0.75,hostvector,3.782,False,False
BOLIVIA,TARIJA,2019-12-01,climate,nb,briere,7,0.75,seir,3.953,False,False
BOLIVIA,TARIJA,2019-12-01,climate,nb,loglinear,3,1.0,hostvector,3.599,False,False
BOLIVIA,TARIJA,2019-12-01,climate,nb,loglinear,3,1.0,seir,3.413,False,False
BOLIVIA,TARIJA,2019-12-01,climate,nb,loglinear,3,0.75,hostvector,3.599,False,False
BOLIVIA,TARIJA,2019-12-01,climate,nb,loglinear,3,0.75,seir,3.413,False,False
BOLIVIA,TARIJA,2019-12-01,climate,nb,loglinear,5,1.0,hostvector,3.172,False,False
BOLIVIA,TARIJA,2019-12-01,climate,nb,loglinear,5,1.0,seir,3.742,False,False
BOLIVIA,TARIJA,2019-12-01,climate,nb,loglinear,5,0.75,hostvector,3.172,False,False
BOLIVIA,TARIJA,2019-12-01,climate,nb,loglinear,5,0.75,seir,3.742,False,False
BOLIVIA,TARIJA,2019-12-01,climate,nb,loglinear,7,1.0,hostvector,3.507,False,False
BOLIVIA,TARIJA,2019-12-01,climate,nb,loglinear,7,1.0,seir,3.798,False,False
BOLIVIA,TARIJA,2019-12-01,climate,nb,loglinear,7,0.75,hostvector,3.507,False,False
BOLIVIA,TARIJA,2019-12-01,climate,nb,loglinear,7,0.75,seir,3.798,False,False
BOLIVIA,TARIJA,2019-12-01,climate,poisson,briere,3,1.0,hostvector,-171.365,True,True
BOLIVIA,TARIJA,2019-12-01,climate,poisson,briere,3,1.0,seir,-291.455,True,True
BOLIVIA,TARIJA,2019-12-01,climate,poisson,briere,3,0.75,hostvector,-171.365,True,True
BOLIVIA,TARIJA,2019-12-01,climate,poisson,briere,3,0.75,seir,-291.455,True,True
BOLIVIA,TARIJA,2019-12-01,climate,poisson,briere,5,1.0,hostvector,-151.166,True,True
BOLIVIA,TARIJA,2019-12-01,climate,poisson,briere,5,1.0,seir,-176.142,True,True
BOLIVIA,TARIJA,2019-12-01,climate,poisson,briere,5,0.75,hostvector,-151.166,True,True
BOLIVIA,TARIJA,2019-12-01,climate,poisson,briere,5,0.75,seir,-176.142,True,True
BOLIVIA,TARIJA,2019-12-01,climate,poisson,briere,7,1.0,hostvector,-160.68,True,True
BOLIVIA,TARIJA,2019-12-01,climate,poisson,briere,7,1.0,seir,-269.373,True,True
BOLIVIA,TARIJA,2019-12-01,climate,poisson,briere,7,0.75,hostvector,-160.68,True,True
BOLIVIA,TARIJA,2019-12-01,climate,poisson,briere,7,0.75,seir,-269.373,True,True
BOLIVIA,TARIJA,2019-12-01,climate,poisson,loglinear,3,1.0,hostvector,-169.946,True,True
BOLIVIA,TARIJA,2019-12-01,climate,poisson,loglinear,3,1.0,seir,-289.753,True,True
BOLIVIA,TARIJA,2019-12-01,climate,poisson,loglinear,3,0.75,hostvector,-169.946,True,True
BOLIVIA,TARIJA,2019-12-01,climate,poisson,loglinear,3,0.75,seir,-289.753,True,True
BOLIVIA,TARIJA,2019-12-01,climate,poisson,loglinear,5,1.0,hostvector,-144.924,True,True
BOLIVIA,TARIJA,2019-12-01,climate,poisson,loglinear,5,1.0,seir,-168.051,True,True
BOLIVIA,TARIJA,2019-12-01,climate,poisson,loglinear,5,0.75,hostvector,-144.924,True,True
BOLIVIA,TARIJA,2019-12-01,climate,poisson,loglinear,5,0.75,seir,-168.051,True,True
BOLIVIA,TARIJA,2019-12-01,climate,poisson,loglinear,7,1.0,hostvector,-158.882,True,True
BOLIVIA,TARIJA,2019-12-01,climate,poisson,loglinear,7,1.0,seir,-266.926,True,True
BOLIVIA,TARIJA,2019-12-01,climate,poisson,loglinear,7,0.75,hostvector,-158.882,True,True
BOLIVIA,TARIJA,2019-12-01,climate,poisson,loglinear,7,0.75,seir,-266.926,True,True
BOLIVIA,SANTA CRUZ,2020-08-16,no_effect,nb,briere,3,1.0,hostvector,3.629,False,False
BOLIVIA,SANTA CRUZ,2020-08-16,no_effect,nb,briere,3,1.0,seir,3.162,False,False
BOLIVIA,SANTA CRUZ,2020-08-16,no_effect,nb,briere,3,0.75,hostvector,3.625,False,False
BOLIVIA,SANTA CRUZ,2020-08-16,no_effect,nb,briere,3,0.75,seir,2.74,False,False
BOLIVIA,SANTA CRUZ,2020-08-16,no_effect,nb,briere,5,1.0,hostvector,3.195,False,False
BOLIVIA,SANTA CRUZ,2020-08-16,no_effect,nb,briere,5,1.0,seir,2.889,False,False
BOLIVIA,SANTA CRUZ,2020-08-16,no_effect,nb,briere,5,0.75,hostvector,2.525,False,False
BOLIVIA,SANTA CRUZ,2020-08-16,no_effect,nb,briere,5,0.75,seir,2.036,False,False
BOLIVIA,SANTA CRUZ,2020-08-16,no_effect,nb,briere,7,1.0,hostvector,3.456,False,False
BOLIVIA,SANTA CRUZ,2020-08-16,no_effect,nb,briere,7,1.0,seir,3.034,False,False
BOLIVIA,SANTA CRUZ,2020-08-16,no_effect,nb,briere,7,0.75,hostvector,2.455,False,False
BOLIVIA,SANTA CRUZ,2020-08-16,no_effect,nb,briere,7,0.75,seir,1.955,False,False
BOLIVIA,SANTA CRUZ,2020-08-16,no_effect,nb,loglinear,3,1.0,hostvector,3.612,False,False
BOLIVIA,SANTA CRUZ,2020-08-16,no_effect,nb,loglinear,3,1.0,seir,3.077,False,False
BOLIVIA,SANTA CRUZ,2020-08-16,no_effect,nb,loglinear,3,0.75,hostvector,3.621,False,False
BOLIVIA,SANTA CRUZ,2020-08-16,no_effect,nb,loglinear,3,0.75,seir,2.749,False,False
BOLIVIA,SANTA CRUZ,2020-08-16,no_effect,nb,loglinear,5,1.0,hostvector,3.196,False,False
BOLIVIA,SANTA CRUZ,2020-08-16,no_effect,nb,loglinear,5,1.0,seir,2.689,False,False
BOLIVIA,SANTA CRUZ,2020-08-16,no_effect,nb,loglinear,5,0.75,hostvector,2.512,False,False
BOLIVIA,SANTA CRUZ,2020-08-16,no_effect,nb,loglinear,5,0.75,seir,1.863,False,False
BOLIVIA,SANTA CRUZ,2020-08-16,no_effect,nb,loglinear,7,1.0,hostvector,3.465,False,False
BOLIVIA,SANTA CRUZ,2020-08-16,no_effect,nb,loglinear,7,1.0,seir,2.844,False,False
BOLIVIA,SANTA CRUZ,2020-08-16,no_effect,nb,loglinear,7,0.75,hostvector,2.322,False,False
BOLIVIA,SANTA CRUZ,2020-08-16,no_effect,nb,loglinear,7,0.75,seir,1.53,False,False
BOLIVIA,SANTA CRUZ,2020-08-16,no_effect,poisson,briere,3,1.0,hostvector,-3.645,True,False
BOLIVIA,SANTA CRUZ,2020-08-16,no_effect,poisson,briere,3,1.0,seir,-7.243,True,True
BOLIVIA,SANTA CRUZ,2020-08-16,no_effect,poisson,briere,3,0.75,hostvector,-3.271,True,False
BOLIVIA,SANTA CRUZ,2020-08-16,no_effect,poisson,briere,3,0.75,seir,-9.242,True,True
BOLIVIA,SANTA CRUZ,2020-08-16,no_effect,poisson,briere,5,1.0,hostvector,-6.423,True,True
BOLIVIA,SANTA CRUZ,2020-08-16,no_effect,poisson,briere,5,1.0,seir,-8.182,True,True
BOLIVIA,SANTA CRUZ,2020-08-16,no_effect,poisson,briere,5,0.75,hostvector,-9.306,True,True
BOLIVIA,SANTA CRUZ,2020-08-16,no_effect,poisson,briere,5,0.75,seir,-12.365,True,True
BOLIVIA,SANTA CRUZ,2020-08-16,no_effect,poisson,briere,7,1.0,hostvector,-4.141,True,True
BOLIVIA,SANTA CRUZ,2020-08-16,no_effect,poisson,briere,7,1.0,seir,-5.274,True,True
BOLIVIA,SANTA CRUZ,2020-08-16,no_effect,poisson,briere,7,0.75,hostvector,-12.036,True,True
BOLIVIA,SANTA CRUZ,2020-08-16,no_effect,poisson,briere,7,0.75,seir,-14.108,True,True
BOLIVIA,SANTA CRUZ,2020-08-16,no_effect,poisson,loglinear,3,1.0,hostvector,-4.165,True,True
BOLIVIA,SANTA CRUZ,2020-08-16,no_effect,poisson,loglinear,3,1.0,seir,-8.696,True,True
BOLIVIA,SANTA CRUZ,2020-08-16,no_effect,poisson,loglinear,3,0.75,hostvector,-3.955,True,False
BOLIVIA,SANTA CRUZ,2020-08-16,no_effect,poisson,loglinear,3,0.75,seir,-9.753,True,True
BOLIVIA,SANTA CRUZ,2020-08-16,no_effect,poisson,loglinear,5,1.0,hostvector,-9.424,True,True
BOLIVIA,SANTA CRUZ,2020-08-16,no_effect,poisson,loglinear,5,1.0,seir,-12.455,True,True
BOLIVIA,SANTA CRUZ,2020-08-16,no_effect,poisson,loglinear,5,0.75,hostvector,-12.927,True,True
BOLIVIA,SANTA CRUZ,2020-08-16,no_effect,poisson,loglinear,5,0.75,seir,-17.073,True,True
BOLIVIA,SANTA CRUZ,2020-08-16,no_effect,poisson,loglinear,7,1.0,hostvector,-9.869,True,True
BOLIVIA,SANTA CRUZ,2020-08-16,no_effect,poisson,loglinear,7,1.0,seir,-10.984,True,True
BOLIVIA,SANTA CRUZ,2020-08-16,no_effect,poisson,loglinear,7,0.75,hostvector,-19.57,True,True
BOLIVIA,SANTA CRUZ,2020-08-16,no_effect,poisson,loglinear,7,0.75,seir,-22.439,True,True
BOLIVIA,SANTA CRUZ,2020-08-16,climate,nb,briere,3,1.0,hostvector,-70.348,True,True
BOLIVIA,SANTA CRUZ,2020-08-16,climate,nb,briere,3,1.0,seir,-69.303,True,True
BOLIVIA,SANTA CRUZ,2020-08-16,climate,nb,briere,3,0.75,hostvector,-29.969,True,True
BOLIVIA,SANTA CRUZ,2020-08-16,climate,nb,briere,3,0.75,seir,-32.164,True,True
BOLIVIA,SANTA CRUZ,2020-08-16,climate,nb,briere,5,1.0,hostvector,-50.811,True,True
BOLIVIA,SANTA CRUZ,2020-08-16,climate,nb,briere,5,1.0,seir,-46.256,True,True
BOLIVIA,SANTA CRUZ,2020-08-16,climate,nb,briere,5,0.75,hostvector,-12.972,True,True
BOLIVIA,SANTA CRUZ,2020-08-16,climate,nb,briere,5,0.75,seir,-13.295,True,True
BOLIVIA,SANTA CRUZ,2020-08-16,climate,nb,briere,7,1.0,hostvector,-3.703,True,False
BOLIVIA,SANTA CRUZ,2020-08-16,climate,nb,briere,7,1.0,seir,0.731,False,False
BOLIVIA,SANTA CRUZ,2020-08-16,climate,nb,briere,7,0.75,hostvector,-0.321,True,False
BOLIVIA,SANTA CRUZ,2020-08-16,climate,nb,briere,7,0.75,seir,-1.587,True,False
BOLIVIA,SANTA CRUZ,2020-08-16,climate,nb,loglinear,3,1.0,hostvector,-70.987,True,True
BOLIVIA,SANTA CRUZ,2020-08-16,climate,nb,loglinear,3,1.0,seir,-70.036,True,True
BOLIVIA,SANTA CRUZ,2020-08-16,climate,nb,loglinear,3,0.75,hostvector,-30.285,True,True
BOLIVIA,SANTA CRUZ,2020-08-16,climate,nb,loglinear,3,0.75,seir,-31.707,True,True
BOLIVIA,SANTA CRUZ,2020-08-16,climate,nb,loglinear,5,1.0,hostvector,-60.69,True,True
BOLIVIA,SANTA CRUZ,2020-08-16,climate,nb,loglinear,5,1.0,seir,-61.077,True,True
BOLIVIA,SANTA CRUZ,2020-08-16,climate,nb,loglinear,5,0.75,hostvector,-21.074,True,True
BOLIVIA,SANTA CRUZ,2020-08-16,climate,nb,loglinear,5,0.75,seir,-23.595,True,True
BOLIVIA,SANTA CRUZ,2020-08-16,climate,nb,loglinear,7,1.0,hostvector,-54.054,True,True
BOLIVIA,SANTA CRUZ,2020-08-16,climate,nb,loglinear,7,1.0,seir,-53.817,True,True
BOLIVIA,SANTA CRUZ,2020-08-16,climate,nb,loglinear,7,0.75,hostvector,-15.917,True,True
BOLIVIA,SANTA CRUZ,2020-08-16,climate,nb,loglinear,7,0.75,seir,-19.765,True,True
BOLIVIA,SANTA CRUZ,2020-08-16,climate,poisson,briere,3,1.0,hostvector,-749.931,True,True
BOLIVIA,SANTA CRUZ,2020-08-16,climate,poisson,briere,3,1.0,seir,-726.527,True,True
BOLIVIA,SANTA CRUZ,2020-08-16,climate,poisson,briere,3,0.75,hostvector,-459.716,True,True
BOLIVIA,SANTA CRUZ,2020-08-16,climate,poisson,briere,3,0.75,seir,-462.677,True,True
BOLIVIA,SANTA CRUZ,2020-08-16,climate,poisson,briere,5,1.0,hostvector,-554.789,True,True
BOLIVIA,SANTA CRUZ,2020-08-16,climate,poisson,briere,5,1.0,seir,-510.864,True,True
BOLIVIA,SANTA CRUZ,2020-08-16,climate,poisson,briere,5,0.75,hostvector,-310.701,True,True
BOLIVIA,SANTA CRUZ,2020-08-16,climate,poisson,briere,5,0.75,seir,-257.482,True,True
BOLIVIA,SANTA CRUZ,2020-08-16,climate,poisson,briere,7,1.0,hostvector,-213.115,True,True
BOLIVIA,SANTA CRUZ,2020-08-16,climate,poisson,briere,7,1.0,seir,-144.342,True,True
BOLIVIA,SANTA CRUZ,2020-08-16,climate,poisson,briere,7,0.75,hostvector,2.788,False,False
BOLIVIA,SANTA CRUZ,2020-08-16,climate,poisson,briere,7,0.75,seir,2.697,False,False
BOLIVIA,SANTA CRUZ,2020-08-16,climate,poisson,loglinear,3,1.0,hostvector,-759.773,True,True
BOLIVIA,SANTA CRUZ,2020-08-16,climate,poisson,loglinear,3,1.0,seir,-733.086,True,True
BOLIVIA,SANTA CRUZ,2020-08-16,climate,poisson,loglinear,3,0.75,hostvector,-463.495,True,True
BOLIVIA,SANTA CRUZ,2020-08-16,climate,poisson,loglinear,3,0.75,seir,-463.989,True,True
BOLIVIA,SANTA CRUZ,2020-08-16,climate,poisson,loglinear,5,1.0,hostvector,-613.669,True,True
BOLIVIA,SANTA CRUZ,2020-08-16,climate,poisson,loglinear,5,1.0,seir,-605.036,True,True
BOLIVIA,SANTA CRUZ,2020-08-16,climate,poisson,loglinear,5,0.75,hostvector,-367.925,True,True
BOLIVIA,SANTA CRUZ,2020-08-16,climate,poisson,loglinear,5,0.75,seir,-345.353,True,True
BOLIVIA,SANTA CRUZ,2020-08-16,climate,poisson,loglinear,7,1.0,hostvector,-471.869,True,True
BOLIVIA,SANTA CRUZ,2020-08-16,climate,poisson,loglinear,7,1.0,seir,-476.793,True,True
BOLIVIA,SANTA CRUZ,2020-08-16,climate,poisson,loglinear,7,0.75,hostvector,-224.208,True,True
BOLIVIA,SANTA CRUZ,2020-08-16,climate,poisson,loglinear,7,0.75,seir,-182.994,True,True
BOLIVIA,BENI,2020-09-20,no_effect,nb,briere,3,1.0,hostvector,3.057,False,False
BOLIVIA,BENI,2020-09-20,no_effect,nb,briere,3,1.0,seir,1.507,False,False
BOLIVIA,BENI,2020-09-20,no_effect,nb,briere,3,0.75,hostvector,3.086,False,False
BOLIVIA,BENI,2020-09-20,no_effect,nb,briere,3,0.75,seir,2.144,False,False
BOLIVIA,BENI,2020-09-20,no_effect,nb,briere,5,1.0,hostvector,3.064,False,False
BOLIVIA,BENI,2020-09-20,no_effect,nb,briere,5,1.0,seir,1.558,False,False
BOLIVIA,BENI,2020-09-20,no_effect,nb,briere,5,0.75,hostvector,3.219,False,False
BOLIVIA,BENI,2020-09-20,no_effect,nb,briere,5,0.75,seir,2.591,False,False
BOLIVIA,BENI,2020-09-20,no_effect,nb,briere,7,1.0,hostvector,3.101,False,False
BOLIVIA,BENI,2020-09-20,no_effect,nb,briere,7,1.0,seir,1.633,False,False
BOLIVIA,BENI,2020-09-20,no_effect,nb,briere,7,0.75,hostvector,2.825,False,False
BOLIVIA,BENI,2020-09-20,no_effect,nb,briere,7,0.75,seir,2.072,False,False
BOLIVIA,BENI,2020-09-20,no_effect,nb,loglinear,3,1.0,hostvector,3.068,False,False
BOLIVIA,BENI,2020-09-20,no_effect,nb,loglinear,3,1.0,seir,1.496,False,False
BOLIVIA,BENI,2020-09-20,no_effect,nb,loglinear,3,0.75,hostvector,2.834,False,False
BOLIVIA,BENI,2020-09-20,no_effect,nb,loglinear,3,0.75,seir,2.142,False,False
BOLIVIA,BENI,2020-09-20,no_effect,nb,loglinear,5,1.0,hostvector,3.099,False,False
BOLIVIA,BENI,2020-09-20,no_effect,nb,loglinear,5,1.0,seir,1.514,False,False
BOLIVIA,BENI,2020-09-20,no_effect,nb,loglinear,5,0.75,hostvector,3.211,False,False
BOLIVIA,BENI,2020-09-20,no_effect,nb,loglinear,5,0.75,seir,2.429,False,False
BOLIVIA,BENI,2020-09-20,no_effect,nb,loglinear,7,1.0,hostvector,3.148,False,False
BOLIVIA,BENI,2020-09-20,no_effect,nb,loglinear,7,1.0,seir,1.554,False,False
BOLIVIA,BENI,2020-09-20,no_effect,nb,loglinear,7,0.75,hostvector,2.787,False,False
BOLIVIA,BENI,2020-09-20,no_effect,nb,loglinear,7,0.75,seir,1.803,False,False
BOLIVIA,BENI,2020-09-20,no_effect,poisson,briere,3,1.0,hostvector,-0.759,True,False
BOLIVIA,BENI,2020-09-20,no_effect,poisson,briere,3,1.0,seir,-4.521,True,True
BOLIVIA,BENI,2020-09-20,no_effect,poisson,briere,3,0.75,hostvector,0.938,False,False
BOLIVIA,BENI,2020-09-20,no_effect,poisson,briere,3,0.75,seir,-1.292,True,False
BOLIVIA,BENI,2020-09-20,no_effect,poisson,briere,5,1.0,hostvector,-0.69,True,False
BOLIVIA,BENI,2020-09-20,no_effect,poisson,briere,5,1.0,seir,-4.011,True,True
BOLIVIA,BENI,2020-09-20,no_effect,poisson,briere,5,0.75,hostvector,1.118,False,False
BOLIVIA,BENI,2020-09-20,no_effect,poisson,briere,5,0.75,seir,-0.408,True,False
BOLIVIA,BENI,2020-09-20,no_effect,poisson,briere,7,1.0,hostvector,-0.912,True,False
BOLIVIA,BENI,2020-09-20,no_effect,poisson,briere,7,1.0,seir,-4.284,True,True
BOLIVIA,BENI,2020-09-20,no_effect,poisson,briere,7,0.75,hostvector,-0.827,True,False
BOLIVIA,BENI,2020-09-20,no_effect,poisson,briere,7,0.75,seir,-2.221,True,False
BOLIVIA,BENI,2020-09-20,no_effect,poisson,loglinear,3,1.0,hostvector,-1.432,True,False
BOLIVIA,BENI,2020-09-20,no_effect,poisson,loglinear,3,1.0,seir,-4.562,True,True
BOLIVIA,BENI,2020-09-20,no_effect,poisson,loglinear,3,0.75,hostvector,-1.219,True,False
BOLIVIA,BENI,2020-09-20,no_effect,poisson,loglinear,3,0.75,seir,-2.071,True,False
BOLIVIA,BENI,2020-09-20,no_effect,poisson,loglinear,5,1.0,hostvector,-0.737,True,False
BOLIVIA,BENI,2020-09-20,no_effect,poisson,loglinear,5,1.0,seir,-4.032,True,True
BOLIVIA,BENI,2020-09-20,no_effect,poisson,loglinear,5,0.75,hostvector,0.77,False,False
BOLIVIA,BENI,2020-09-20,no_effect,poisson,loglinear,5,0.75,seir,-0.433,True,False
BOLIVIA,BENI,2020-09-20,no_effect,poisson,loglinear,7,1.0,hostvector,-0.84,True,False
BOLIVIA,BENI,2020-09-20,no_effect,poisson,loglinear,7,1.0,seir,-4.239,True,True
BOLIVIA,BENI,2020-09-20,no_effect,poisson,loglinear,7,0.75,hostvector,-0.862,True,False
BOLIVIA,BENI,2020-09-20,no_effect,poisson,loglinear,7,0.75,seir,-2.623,True,False
BOLIVIA,BENI,2020-09-20,climate,nb,briere,3,1.0,hostvector,-332.305,True,True
BOLIVIA,BENI,2020-09-20,climate,nb,briere,3,1.0,seir,-311.744,True,True
BOLIVIA,BENI,2020-09-20,climate,nb,briere,3,0.75,hostvector,-269.094,True,True
BOLIVIA,BENI,2020-09-20,climate,nb,briere,3,0.75,seir,-256.458,True,True
BOLIVIA,BENI,2020-09-20,climate,nb,briere,5,1.0,hostvector,-308.986,True,True
BOLIVIA,BENI,2020-09-20,climate,nb,briere,5,1.0,seir,-283.359,True,True
BOLIVIA,BENI,2020-09-20,climate,nb,briere,5,0.75,hostvector,-245.602,True,True
BOLIVIA,BENI,2020-09-20,climate,nb,briere,5,0.75,seir,-227.724,True,True
BOLIVIA,BENI,2020-09-20,climate,nb,briere,7,1.0,hostvector,-255.078,True,True
BOLIVIA,BENI,2020-09-20,climate,nb,briere,7,1.0,seir,-225.796,True,True
BOLIVIA,BENI,2020-09-20,climate,nb,briere,7,0.75,hostvector,-192.103,True,True
BOLIVIA,BENI,2020-09-20,climate,nb,briere,7,0.75,seir,-172.485,True,True
BOLIVIA,BENI,2020-09-20,climate,nb,loglinear,3,1.0,hostvector,-333.932,True,True
BOLIVIA,BENI,2020-09-20,climate,nb,loglinear,3,1.0,seir,-314.765,True,True
BOLIVIA,BENI,2020-09-20,climate,nb,loglinear,3,0.75,hostvector,-270.751,True,True
BOLIVIA,BENI,2020-09-20,climate,nb,loglinear,3,0.75,seir,-259.319,True,True
BOLIVIA,BENI,2020-09-20,climate,nb,loglinear,5,1.0,hostvector,-310.023,True,True
BOLIVIA,BENI,2020-09-20,climate,nb,loglinear,5,1.0,seir,-286.217,True,True
BOLIVIA,BENI,2020-09-20,climate,nb,loglinear,5,0.75,hostvector,-246.81,True,True
BOLIVIA,BENI,2020-09-20,climate,nb,loglinear,5,0.75,seir,-230.243,True,True
BOLIVIA,BENI,2020-09-20,climate,nb,loglinear,7,1.0,hostvector,-279.45,True,True
BOLIVIA,BENI,2020-09-20,climate,nb,loglinear,7,1.0,seir,-255.576,True,True
BOLIVIA,BENI,2020-09-20,climate,nb,loglinear,7,0.75,hostvector,-216.262,True,True
BOLIVIA,BENI,2020-09-20,climate,nb,loglinear,7,0.75,seir,-199.79,True,True
BOLIVIA,BENI,2020-09-20,climate,poisson,briere,3,1.0,hostvector,-1459.491,True,True
BOLIVIA,BENI,2020-09-20,climate,poisson,briere,3,1.0,seir,-1478.375,True,True
BOLIVIA,BENI,2020-09-20,climate,poisson,briere,3,0.75,hostvector,-1430.875,True,True
BOLIVIA,BENI,2020-09-20,climate,poisson,briere,3,0.75,seir,-1455.787,True,True
BOLIVIA,BENI,2020-09-20,climate,poisson,briere,5,1.0,hostvector,-1316.265,True,True
BOLIVIA,BENI,2020-09-20,climate,poisson,briere,5,1.0,seir,-1303.242,True,True
BOLIVIA,BENI,2020-09-20,climate,poisson,briere,5,0.75,hostvector,-1288.568,True,True
BOLIVIA,BENI,2020-09-20,climate,poisson,briere,5,0.75,seir,-1284.62,True,True
BOLIVIA,BENI,2020-09-20,climate,poisson,briere,7,1.0,hostvector,-990.487,True,True
BOLIVIA,BENI,2020-09-20,climate,poisson,briere,7,1.0,seir,-1017.723,True,True
BOLIVIA,BENI,2020-09-20,climate,poisson,briere,7,0.75,hostvector,-971.506,True,True
BOLIVIA,BENI,2020-09-20,climate,poisson,briere,7,0.75,seir,-1016.842,True,True
BOLIVIA,BENI,2020-09-20,climate,poisson,loglinear,3,1.0,hostvector,-1459.23,True,True
BOLIVIA,BENI,2020-09-20,climate,poisson,loglinear,3,1.0,seir,-1485.487,True,True
BOLIVIA,BENI,2020-09-20,climate,poisson,loglinear,3,0.75,hostvector,-1430.316,True,True
BOLIVIA,BENI,2020-09-20,climate,poisson,loglinear,3,0.75,seir,-1461.831,True,True
BOLIVIA,BENI,2020-09-20,climate,poisson,loglinear,5,1.0,hostvector,-1349.347,True,True
BOLIVIA,BENI,2020-09-20,climate,poisson,loglinear,5,1.0,seir,-1345.462,True,True
BOLIVIA,BENI,2020-09-20,climate,poisson,loglinear,5,0.75,hostvector,-1320.433,True,True
BOLIVIA,BENI,2020-09-20,climate,poisson,loglinear,5,0.75,seir,-1322.149,True,True
BOLIVIA,BENI,2020-09-20,climate,poisson,loglinear,7,1.0,hostvector,-1170.281,True,True
BOLIVIA,BENI,2020-09-20,climate,poisson,loglinear,7,1.0,seir,-1184.376,True,True
BOLIVIA,BENI,2020-09-20,climate,poisson,loglinear,7,0.75,hostvector,-1145.239,True,True
BOLIVIA,BENI,2020-09-20,climate,poisson,loglinear,7,0.75,seir,-1168.669,True,True
BOLIVIA,BOLIVIA,2021-09-05,no_effect,nb,briere,3,1.0,hostvector,3.569,False,False
BOLIVIA,BOLIVIA,2021-09-05,no_effect,nb,briere,3,1.0,seir,2.689,False,False
BOLIVIA,BOLIVIA,2021-09-05,no_effect,nb,briere,3,0.75,hostvector,2.797,False,False
BOLIVIA,BOLIVIA,2021-09-05,no_effect,nb,briere,3,0.75,seir,3.808,False,False
BOLIVIA,BOLIVIA,2021-09-05,no_effect,nb,briere,5,1.0,hostvector,3.683,False,False
BOLIVIA,BOLIVIA,2021-09-05,no_effect,nb,briere,5,1.0,seir,1.905,False,False
BOLIVIA,BOLIVIA,2021-09-05,no_effect,nb,briere,5,0.75,hostvector,3.346,False,False
BOLIVIA,BOLIVIA,2021-09-05,no_effect,nb,briere,5,0.75,seir,3.983,False,False
BOLIVIA,BOLIVIA,2021-09-05,no_effect,nb,briere,7,1.0,hostvector,3.578,False,False
BOLIVIA,BOLIVIA,2021-09-05,no_effect,nb,briere,7,1.0,seir,1.445,False,False
BOLIVIA,BOLIVIA,2021-09-05,no_effect,nb,briere,7,0.75,hostvector,3.495,False,False
BOLIVIA,BOLIVIA,2021-09-05,no_effect,nb,briere,7,0.75,seir,3.998,False,False
BOLIVIA,BOLIVIA,2021-09-05,no_effect,nb,loglinear,3,1.0,hostvector,3.811,False,False
BOLIVIA,BOLIVIA,2021-09-05,no_effect,nb,loglinear,3,1.0,seir,2.9,False,False
BOLIVIA,BOLIVIA,2021-09-05,no_effect,nb,loglinear,3,0.75,hostvector,-0.579,True,False
BOLIVIA,BOLIVIA,2021-09-05,no_effect,nb,loglinear,3,0.75,seir,3.465,False,False
BOLIVIA,BOLIVIA,2021-09-05,no_effect,nb,loglinear,5,1.0,hostvector,3.983,False,False
BOLIVIA,BOLIVIA,2021-09-05,no_effect,nb,loglinear,5,1.0,seir,2.272,False,False
BOLIVIA,BOLIVIA,2021-09-05,no_effect,nb,loglinear,5,0.75,hostvector,-0.884,True,False
BOLIVIA,BOLIVIA,2021-09-05,no_effect,nb,loglinear,5,0.75,seir,3.674,False,False
BOLIVIA,BOLIVIA,2021-09-05,no_effect,nb,loglinear,7,1.0,hostvector,3.846,False,False
BOLIVIA,BOLIVIA,2021-09-05,no_effect,nb,loglinear,7,1.0,seir,1.838,False,False
BOLIVIA,BOLIVIA,2021-09-05,no_effect,nb,loglinear,7,0.75,hostvector,-1.513,True,False
BOLIVIA,BOLIVIA,2021-09-05,no_effect,nb,loglinear,7,0.75,seir,6.511,False,False
BOLIVIA,BOLIVIA,2021-09-05,no_effect,poisson,briere,3,1.0,hostvector,-11.067,True,True
BOLIVIA,BOLIVIA,2021-09-05,no_effect,poisson,briere,3,1.0,seir,-16.799,True,True
BOLIVIA,BOLIVIA,2021-09-05,no_effect,poisson,briere,3,0.75,hostvector,-3.341,True,False
BOLIVIA,BOLIVIA,2021-09-05,no_effect,poisson,briere,3,0.75,seir,1.362,False,False
BOLIVIA,BOLIVIA,2021-09-05,no_effect,poisson,briere,5,1.0,hostvector,-26.201,True,True
BOLIVIA,BOLIVIA,2021-09-05,no_effect,poisson,briere,5,1.0,seir,-41.845,True,True
BOLIVIA,BOLIVIA,2021-09-05,no_effect,poisson,briere,5,0.75,hostvector,3.996,False,False
BOLIVIA,BOLIVIA,2021-09-05,no_effect,poisson,briere,5,0.75,seir,3.284,False,False
BOLIVIA,BOLIVIA,2021-09-05,no_effect,poisson,briere,7,1.0,hostvector,-35.407,True,True
BOLIVIA,BOLIVIA,2021-09-05,no_effect,poisson,briere,7,1.0,seir,-51.013,True,True
BOLIVIA,BOLIVIA,2021-09-05,no_effect,poisson,briere,7,0.75,hostvector,3.918,False,False
BOLIVIA,BOLIVIA,2021-09-05,no_effect,poisson,briere,7,0.75,seir,3.08,False,False
BOLIVIA,BOLIVIA,2021-09-05,no_effect,poisson,loglinear,3,1.0,hostvector,-10.465,True,True
BOLIVIA,BOLIVIA,2021-09-05,no_effect,poisson,loglinear,3,1.0,seir,-19.126,True,True
BOLIVIA,BOLIVIA,2021-09-05,no_effect,poisson,loglinear,3,0.75,hostvector,-14.021,True,True
BOLIVIA,BOLIVIA,2021-09-05,no_effect,poisson,loglinear,3,0.75,seir,-2.317,True,False
BOLIVIA,BOLIVIA,2021-09-05,no_effect,poisson,loglinear,5,1.0,hostvector,-22.2,True,True
BOLIVIA,BOLIVIA,2021-09-05,no_effect,poisson,loglinear,5,1.0,seir,-40.121,True,True
BOLIVIA,BOLIVIA,2021-09-05,no_effect,poisson,loglinear,5,0.75,hostvector,-2.608,True,False
BOLIVIA,BOLIVIA,2021-09-05,no_effect,poisson,loglinear,5,0.75,seir,2.588,False,False
BOLIVIA,BOLIVIA,2021-09-05,no_effect,poisson,loglinear,7,1.0,hostvector,-30.395,True,True
BOLIVIA,BOLIVIA,2021-09-05,no_effect,poisson,loglinear,7,1.0,seir,-48.403,True,True
BOLIVIA,BOLIVIA,2021-09-05,no_effect,poisson,loglinear,7,0.75,hostvector,-4.288,True,True
BOLIVIA,BOLIVIA,2021-09-05,no_effect,poisson,loglinear,7,0.75,seir,2.625,False,False
BOLIVIA,BOLIVIA,2021-09-05,climate,nb,briere,3,1.0,hostvector,-444.951,True,True
BOLIVIA,BOLIVIA,2021-09-05,climate,nb,briere,3,1.0,seir,-402.362,True,True
BOLIVIA,BOLIVIA,2021-09-05,climate,nb,briere,3,0.75,hostvector,-439.937,True,True
BOLIVIA,BOLIVIA,2021-09-05,climate,nb,briere,3,0.75,seir,-399.314,True,True
BOLIVIA,BOLIVIA,2021-09-05,climate,nb,briere,5,1.0,hostvector,-359.103,True,True
BOLIVIA,BOLIVIA,2021-09-05,climate,nb,briere,5,1.0,seir,-295.111,True,True
BOLIVIA,BOLIVIA,2021-09-05,climate,nb,briere,5,0.75,hostvector,-354.091,True,True
BOLIVIA,BOLIVIA,2021-09-05,climate,nb,briere,5,0.75,seir,-292.064,True,True
BOLIVIA,BOLIVIA,2021-09-05,climate,nb,briere,7,1.0,hostvector,-265.439,True,True
BOLIVIA,BOLIVIA,2021-09-05,climate,nb,briere,7,1.0,seir,-176.895,True,True
BOLIVIA,BOLIVIA,2021-09-05,climate,nb,briere,7,0.75,hostvector,-260.416,True,True
BOLIVIA,BOLIVIA,2021-09-05,climate,nb,briere,7,0.75,seir,-173.844,True,True
BOLIVIA,BOLIVIA,2021-09-05,climate,nb,loglinear,3,1.0,hostvector,-445.261,True,True
BOLIVIA,BOLIVIA,2021-09-05,climate,nb,loglinear,3,1.0,seir,-404.451,True,True
BOLIVIA,BOLIVIA,2021-09-05,climate,nb,loglinear,3,0.75,hostvector,-440.255,True,True
BOLIVIA,BOLIVIA,2021-09-05,climate,nb,loglinear,3,0.75,seir,-401.404,True,True
BOLIVIA,BOLIVIA,2021-09-05,climate,nb,loglinear,5,1.0,hostvector,-360.104,True,True
BOLIVIA,BOLIVIA,2021-09-05,climate,nb,loglinear,5,1.0,seir,-298.396,True,True
BOLIVIA,BOLIVIA,2021-09-05,climate,nb,loglinear,5,0.75,hostvector,-355.101,True,True
BOLIVIA,BOLIVIA,2021-09-05,climate,nb,loglinear,5,0.75,seir,-295.355,True,True
BOLIVIA,BOLIVIA,2021-09-05,climate,nb,loglinear,7,1.0,hostvector,-274.871,True,True
BOLIVIA,BOLIVIA,2021-09-05,climate,nb,loglinear,7,1.0,seir,-188.812,True,True
BOLIVIA,BOLIVIA,2021-09-05,climate,nb,loglinear,7,0.75,hostvector,105.444,False,False
BOLIVIA,BOLIVIA,2021-09-05,climate,nb,loglinear,7,0.75,seir,-185.766,True,True
BOLIVIA,BOLIVIA,2021-09-05,climate,poisson,briere,3,1.0,hostvector,-14290.377,True,True
BOLIVIA,BOLIVIA,2021-09-05,climate,poisson,briere,3,1.0,seir,-14770.118,True,True
BOLIVIA,BOLIVIA,2021-09-05,climate,poisson,briere,3,0.75,hostvector,-14289.225,True,True
BOLIVIA,BOLIVIA,2021-09-05,climate,poisson,briere,3,0.75,seir,-14769.385,True,True
BOLIVIA,BOLIVIA,2021-09-05,climate,poisson,briere,5,1.0,hostvector,-7399.998,True,True
BOLIVIA,BOLIVIA,2021-09-05,climate,poisson,briere,5,1.0,seir,-7533.174,True,True
BOLIVIA,BOLIVIA,2021-09-05,climate,poisson,briere,5,0.75,hostvector,-7398.754,True,True
BOLIVIA,BOLIVIA,2021-09-05,climate,poisson,briere,5,0.75,seir,-7532.438,True,True
BOLIVIA,BOLIVIA,2021-09-05,climate,poisson,briere,7,1.0,hostvector,-5466.235,True,True
BOLIVIA,BOLIVIA,2021-09-05,climate,poisson,briere,7,1.0,seir,-5943.569,True,True
BOLIVIA,BOLIVIA,2021-09-05,climate,poisson,briere,7,0.75,hostvector,-5453.13,True,True
BOLIVIA,BOLIVIA,2021-09-05,climate,poisson,briere,7,0.75,seir,-5943.001,True,True
BOLIVIA,BOLIVIA,2021-09-05,climate,poisson,loglinear,3,1.0,hostvector,-14290.382,True,True
BOLIVIA,BOLIVIA,2021-09-05,climate,poisson,loglinear,3,1.0,seir,-14770.95,True,True
BOLIVIA,BOLIVIA,2021-09-05,climate,poisson,loglinear,3,0.75,hostvector,-14289.231,True,True
BOLIVIA,BOLIVIA,2021-09-05,climate,poisson,loglinear,3,0.75,seir,-14770.217,True,True
BOLIVIA,BOLIVIA,2021-09-05,climate,poisson,loglinear,5,1.0,hostvector,-7519.428,True,True
BOLIVIA,BOLIVIA,2021-09-05,climate,poisson,loglinear,5,1.0,seir,-7752.714,True,True
BOLIVIA,BOLIVIA,2021-09-05,climate,poisson,loglinear,5,0.75,hostvector,-7518.185,True,True
BOLIVIA,BOLIVIA,2021-09-05,climate,poisson,loglinear,5,0.75,seir,-7751.979,True,True
BOLIVIA,BOLIVIA,2021-09-05,climate,poisson,loglinear,7,1.0,hostvector,-5459.111,True,True
BOLIVIA,BOLIVIA,2021-09-05,climate,poisson,loglinear,7,1.0,seir,-5876.84,True,True
BOLIVIA,BOLIVIA,2021-09-05,climate,poisson,loglinear,7,0.75,hostvector,-5075.917,True,True
BOLIVIA,BOLIVIA,2021-09-05,climate,poisson,loglinear,7,0.75,seir,-5876.449,True,True
BOLIVIA,BENI,2021-12-05,no_effect,nb,briere,3,1.0,hostvector,2.376,False,False
BOLIVIA,BENI,2021-12-05,no_effect,nb,briere,3,1.0,seir,1.094,False,False
BOLIVIA,BENI,2021-12-05,no_effect,nb,briere,3,0.75,hostvector,3.017,False,False
BOLIVIA,BENI,2021-12-05,no_effect,nb,briere,3,0.75,seir,2.895,False,False
BOLIVIA,BENI,2021-12-05,no_effect,nb,briere,5,1.0,hostvector,0.666,False,False
BOLIVIA,BENI,2021-12-05,no_effect,nb,briere,5,1.0,seir,-2.105,True,False
BOLIVIA,BENI,2021-12-05,no_effect,nb,briere,5,0.75,hostvector,2.995,False,False
BOLIVIA,BENI,2021-12-05,no_effect,nb,briere,5,0.75,seir,2.139,False,False
BOLIVIA,BENI,2021-12-05,no_effect,nb,briere,7,1.0,hostvector,2.478,False,False
BOLIVIA,BENI,2021-12-05,no_effect,nb,briere,7,1.0,seir,-0.242,True,False
BOLIVIA,BENI,2021-12-05,no_effect,nb,briere,7,0.75,hostvector,3.084,False,False
BOLIVIA,BENI,2021-12-05,no_effect,nb,briere,7,0.75,seir,3.503,False,False
BOLIVIA,BENI,2021-12-05,no_effect,nb,loglinear,3,1.0,hostvector,1.994,False,False
BOLIVIA,BENI,2021-12-05,no_effect,nb,loglinear,3,1.0,seir,0.443,False,False
BOLIVIA,BENI,2021-12-05,no_effect,nb,loglinear,3,0.75,hostvector,3.044,False,False
BOLIVIA,BENI,2021-12-05,no_effect,nb,loglinear,3,0.75,seir,2.918,False,False
BOLIVIA,BENI,2021-12-05,no_effect,nb,loglinear,5,1.0,hostvector,0.324,False,False
BOLIVIA,BENI,2021-12-05,no_effect,nb,loglinear,5,1.0,seir,-2.569,True,False
BOLIVIA,BENI,2021-12-05,no_effect,nb,loglinear,5,0.75,hostvector,3.074,False,False
BOLIVIA,BENI,2021-12-05,no_effect,nb,loglinear,5,0.75,seir,2.224,False,False
BOLIVIA,BENI,2021-12-05,no_effect,nb,loglinear,7,1.0,hostvector,2.25,False,False
BOLIVIA,BENI,2021-12-05,no_effect,nb,loglinear,7,1.0,seir,-0.526,True,False
BOLIVIA,BENI,2021-12-05,no_effect,nb,loglinear,7,0.75,hostvector,3.088,False,False
BOLIVIA,BENI,2021-12-05,no_effect,nb,loglinear,7,0.75,seir,3.554,False,False
BOLIVIA,BENI,2021-12-05,no_effect,poisson,briere,3,1.0,hostvector,-10.497,True,True
BOLIVIA,BENI,2021-12-05,no_effect,poisson,briere,3,1.0,seir,-19.451,True,True
BOLIVIA,BENI,2021-12-05,no_effect,poisson,briere,3,0.75,hostvector,-7.211,True,True
BOLIVIA,BENI,2021-12-05,no_effect,poisson,briere,3,0.75,seir,-10.068,True,True
BOLIVIA,BENI,2021-12-05,no_effect,poisson,briere,5,1.0,hostvector,-32.084,True,True
BOLIVIA,BENI,2021-12-05,no_effect,poisson,briere,5,1.0,seir,-44.286,True,True
BOLIVIA,BENI,2021-12-05,no_effect,poisson,briere,5,0.75,hostvector,-19.08,True,True
BOLIVIA,BENI,2021-12-05,no_effect,poisson,briere,5,0.75,seir,-22.7,True,True
BOLIVIA,BENI,2021-12-05,no_effect,poisson,briere,7,1.0,hostvector,-3.042,True,False
BOLIVIA,BENI,2021-12-05,no_effect,poisson,briere,7,1.0,seir,-10.593,True,True
BOLIVIA,BENI,2021-12-05,no_effect,poisson,briere,7,0.75,hostvector,-3.624,True,False
BOLIVIA,BENI,2021-12-05,no_effect,poisson,briere,7,0.75,seir,-5.519,True,True
BOLIVIA,BENI,2021-12-05,no_effect,poisson,loglinear,3,1.0,hostvector,-12.908,True,True
BOLIVIA,BENI,2021-12-05,no_effect,poisson,loglinear,3,1.0,seir,-22.661,True,True
BOLIVIA,BENI,2021-12-05,no_effect,poisson,loglinear,3,0.75,hostvector,-7.138,True,True
BOLIVIA,BENI,2021-12-05,no_effect,poisson,loglinear,3,0.75,seir,-10.072,True,True
BOLIVIA,BENI,2021-12-05,no_effect,poisson,loglinear,5,1.0,hostvector,-35.158,True,True
BOLIVIA,BENI,2021-12-05,no_effect,poisson,loglinear,5,1.0,seir,-47.966,True,True
BOLIVIA,BENI,2021-12-05,no_effect,poisson,loglinear,5,0.75,hostvector,-18.858,True,True
BOLIVIA,BENI,2021-12-05,no_effect,poisson,loglinear,5,0.75,seir,-22.569,True,True
BOLIVIA,BENI,2021-12-05,no_effect,poisson,loglinear,7,1.0,hostvector,-5.841,True,True
BOLIVIA,BENI,2021-12-05,no_effect,poisson,loglinear,7,1.0,seir,-14.575,True,True
BOLIVIA,BENI,2021-12-05,no_effect,poisson,loglinear,7,0.75,hostvector,-3.485,True,False
BOLIVIA,BENI,2021-12-05,no_effect,poisson,loglinear,7,0.75,seir,-5.277,True,True
BOLIVIA,BENI,2021-12-05,climate,nb,briere,3,1.0,hostvector,-23.467,True,True
BOLIVIA,BENI,2021-12-05,climate,nb,briere,3,1.0,seir,-23.811,True,True
BOLIVIA,BENI,2021-12-05,climate,nb,briere,3,0.75,hostvector,-25.977,True,True
BOLIVIA,BENI,2021-12-05,climate,nb,briere,3,0.75,seir,-27.77,True,True
BOLIVIA,BENI,2021-12-05,climate,nb,briere,5,1.0,hostvector,-2.373,True,False
BOLIVIA,BENI,2021-12-05,climate,nb,briere,5,1.0,seir,3.99,False,False
BOLIVIA,BENI,2021-12-05,climate,nb,briere,5,0.75,hostvector,-2.409,True,False
BOLIVIA,BENI,2021-12-05,climate,nb,briere,5,0.75,seir,3.997,False,False
BOLIVIA,BENI,2021-12-05,climate,nb,briere,7,1.0,hostvector,-2.551,True,False
BOLIVIA,BENI,2021-12-05,climate,nb,briere,7,1.0,seir,-8.984,True,True
BOLIVIA,BENI,2021-12-05,climate,nb,briere,7,0.75,hostvector,-3.393,True,False
BOLIVIA,BENI,2021-12-05,climate,nb,briere,7,0.75,seir,-10.053,True,True
BOLIVIA,BENI,2021-12-05,climate,nb,loglinear,3,1.0,hostvector,-25.311,True,True
BOLIVIA,BENI,2021-12-05,climate,nb,loglinear,3,1.0,seir,-30.096,True,True
BOLIVIA,BENI,2021-12-05,climate,nb,loglinear,3,0.75,hostvector,-26.391,True,True
BOLIVIA,BENI,2021-12-05,climate,nb,loglinear,3,0.75,seir,-31.434,True,True
BOLIVIA,BENI,2021-12-05,climate,nb,loglinear,5,1.0,hostvector,-2.433,True,False
BOLIVIA,BENI,2021-12-05,climate,nb,loglinear,5,1.0,seir,3.123,False,False
BOLIVIA,BENI,2021-12-05,climate,nb,loglinear,5,0.75,hostvector,-2.626,True,False
BOLIVIA,BENI,2021-12-05,climate,nb,loglinear,5,0.75,seir,2.653,False,False
BOLIVIA,BENI,2021-12-05,climate,nb,loglinear,7,1.0,hostvector,-2.56,True,False
BOLIVIA,BENI,2021-12-05,climate,nb,loglinear,7,1.0,seir,-9.839,True,True
BOLIVIA,BENI,2021-12-05,climate,nb,loglinear,7,0.75,hostvector,-3.411,True,False
BOLIVIA,BENI,2021-12-05,climate,nb,loglinear,7,0.75,seir,-14.445,True,True
BOLIVIA,BENI,2021-12-05,climate,poisson,briere,3,1.0,hostvector,-337.315,True,True
BOLIVIA,BENI,2021-12-05,climate,poisson,briere,3,1.0,seir,-379.055,True,True
BOLIVIA,BENI,2021-12-05,climate,poisson,briere,3,0.75,hostvector,-335.708,True,True
BOLIVIA,BENI,2021-12-05,climate,poisson,briere,3,0.75,seir,-376.01,True,True
BOLIVIA,BENI,2021-12-05,climate,poisson,briere,5,1.0,hostvector,-102.623,True,True
BOLIVIA,BENI,2021-12-05,climate,poisson,briere,5,1.0,seir,0.003,False,False
BOLIVIA,BENI,2021-12-05,climate,poisson,briere,5,0.75,hostvector,-104.284,True,True
BOLIVIA,BENI,2021-12-05,climate,poisson,briere,5,0.75,seir,-0.558,True,False
BOLIVIA,BENI,2021-12-05,climate,poisson,briere,7,1.0,hostvector,-29.277,True,True
BOLIVIA,BENI,2021-12-05,climate,poisson,briere,7,1.0,seir,-57.303,True,True
BOLIVIA,BENI,2021-12-05,climate,poisson,briere,7,0.75,hostvector,-27.171,True,True
BOLIVIA,BENI,2021-12-05,climate,poisson,briere,7,0.75,seir,-51.881,True,True
BOLIVIA,BENI,2021-12-05,climate,poisson,loglinear,3,1.0,hostvector,-333.252,True,True
BOLIVIA,BENI,2021-12-05,climate,poisson,loglinear,3,1.0,seir,-381.018,True,True
BOLIVIA,BENI,2021-12-05,climate,poisson,loglinear,3,0.75,hostvector,-329.845,True,True
BOLIVIA,BENI,2021-12-05,climate,poisson,loglinear,3,0.75,seir,-376.65,True,True
BOLIVIA,BENI,2021-12-05,climate,poisson,loglinear,5,1.0,hostvector,-110.851,True,True
BOLIVIA,BENI,2021-12-05,climate,poisson,loglinear,5,1.0,seir,-0.324,True,False
BOLIVIA,BENI,2021-12-05,climate,poisson,loglinear,5,0.75,hostvector,-112.264,True,True
BOLIVIA,BENI,2021-12-05,climate,poisson,loglinear,5,0.75,seir,-0.607,True,False
BOLIVIA,BENI,2021-12-05,climate,poisson,loglinear,7,1.0,hostvector,-30.309,True,True
BOLIVIA,BENI,2021-12-05,climate,poisson,loglinear,7,1.0,seir,-97.191,True,True
BOLIVIA,BENI,2021-12-05,climate,poisson,loglinear,7,0.75,hostvector,-28.216,True,True
BOLIVIA,BENI,2021-12-05,climate,poisson,loglinear,7,0.75,seir,-91.625,True,True
BOLIVIA,BOLIVIA,2022-11-06,no_effect,nb,briere,3,1.0,hostvector,-7.342,True,True
BOLIVIA,BOLIVIA,2022-11-06,no_effect,nb,briere,3,1.0,seir,-13.241,True,True
BOLIVIA,BOLIVIA,2022-11-06,no_effect,nb,briere,3,0.75,hostvector,-7.554,True,True
BOLIVIA,BOLIVIA,2022-11-06,no_effect,nb,briere,3,0.75,seir,-13.407,True,True
BOLIVIA,BOLIVIA,2022-11-06,no_effect,nb,briere,5,1.0,hostvector,-6.834,True,True
BOLIVIA,BOLIVIA,2022-11-06,no_effect,nb,briere,5,1.0,seir,-11.73,True,True
BOLIVIA,BOLIVIA,2022-11-06,no_effect,nb,briere,5,0.75,hostvector,-7.663,True,True
BOLIVIA,BOLIVIA,2022-11-06,no_effect,nb,briere,5,0.75,seir,-13.271,True,True
BOLIVIA,BOLIVIA,2022-11-06,no_effect,nb,briere,7,1.0,hostvector,-5.791,True,True
BOLIVIA,BOLIVIA,2022-11-06,no_effect,nb,briere,7,1.0,seir,-7.65,True,True
BOLIVIA,BOLIVIA,2022-11-06,no_effect,nb,briere,7,0.75,hostvector,-8.364,True,True
BOLIVIA,BOLIVIA,2022-11-06,no_effect,nb,briere,7,0.75,seir,-13.211,True,True
BOLIVIA,BOLIVIA,2022-11-06,no_effect,nb,loglinear,3,1.0,hostvector,-8.54,True,True
BOLIVIA,BOLIVIA,2022-11-06,no_effect,nb,loglinear,3,1.0,seir,-15.461,True,True
BOLIVIA,BOLIVIA,2022-11-06,no_effect,nb,loglinear,3,0.75,hostvector,-4.525,True,True
BOLIVIA,BOLIVIA,2022-11-06,no_effect,nb,loglinear,3,0.75,seir,-13.177,True,True
BOLIVIA,BOLIVIA,2022-11-06,no_effect,nb,loglinear,5,1.0,hostvector,-8.531,True,True
BOLIVIA,BOLIVIA,2022-11-06,no_effect,nb,loglinear,5,1.0,seir,-15.269,True,True
BOLIVIA,BOLIVIA,2022-11-06,no_effect,nb,loglinear,5,0.75,hostvector,-7.185,True,True
BOLIVIA,BOLIVIA,2022-11-06,no_effect,nb,loglinear,5,0.75,seir,-13.219,True,True
BOLIVIA,BOLIVIA,2022-11-06,no_effect,nb,loglinear,7,1.0,hostvector,-8.612,True,True
BOLIVIA,BOLIVIA,2022-11-06,no_effect,nb,loglinear,7,1.0,seir,-15.049,True,True
BOLIVIA,BOLIVIA,2022-11-06,no_effect,nb,loglinear,7,0.75,hostvector,-7.897,True,True
BOLIVIA,BOLIVIA,2022-11-06,no_effect,nb,loglinear,7,0.75,seir,-13.668,True,True
BOLIVIA,BOLIVIA,2022-11-06,no_effect,poisson,briere,3,1.0,hostvector,-1615.77,True,True
BOLIVIA,BOLIVIA,2022-11-06,no_effect,poisson,briere,3,1.0,seir,-1500.602,True,True
BOLIVIA,BOLIVIA,2022-11-06,no_effect,poisson,briere,3,0.75,hostvector,-2093.612,True,True
BOLIVIA,BOLIVIA,2022-11-06,no_effect,poisson,briere,3,0.75,seir,-1986.891,True,True
BOLIVIA,BOLIVIA,2022-11-06,no_effect,poisson,briere,5,1.0,hostvector,-1814.231,True,True
BOLIVIA,BOLIVIA,2022-11-06,no_effect,poisson,briere,5,1.0,seir,-1819.211,True,True
BOLIVIA,BOLIVIA,2022-11-06,no_effect,poisson,briere,5,0.75,hostvector,-2110.546,True,True
BOLIVIA,BOLIVIA,2022-11-06,no_effect,poisson,briere,5,0.75,seir,-2115.689,True,True
BOLIVIA,BOLIVIA,2022-11-06,no_effect,poisson,briere,7,1.0,hostvector,-2022.151,True,True
BOLIVIA,BOLIVIA,2022-11-06,no_effect,poisson,briere,7,1.0,seir,-1783.334,True,True
BOLIVIA,BOLIVIA,2022-11-06,no_effect,poisson,briere,7,0.75,hostvector,-2318.512,True,True
BOLIVIA,BOLIVIA,2022-11-06,no_effect,poisson,briere,7,0.75,seir,-2175.695,True,True
BOLIVIA,BOLIVIA,2022-11-06,no_effect,poisson,loglinear,3,1.0,hostvector,-1817.829,True,True
BOLIVIA,BOLIVIA,2022-11-06,no_effect,poisson,loglinear,3,1.0,seir,-1750.204,True,True
BOLIVIA,BOLIVIA,2022-11-06,no_effect,poisson,loglinear,3,0.75,hostvector,-1987.737,True,True
BOLIVIA,BOLIVIA,2022-11-06,no_effect,poisson,loglinear,3,0.75,seir,-1964.405,True,True
BOLIVIA,BOLIVIA,2022-11-06,no_effect,poisson,loglinear,5,1.0,hostvector,-1908.412,True,True
BOLIVIA,BOLIVIA,2022-11-06,no_effect,poisson,loglinear,5,1.0,seir,-1984.814,True,True
BOLIVIA,BOLIVIA,2022-11-06,no_effect,poisson,loglinear,5,0.75,hostvector,-1911.269,True,True
BOLIVIA,BOLIVIA,2022-11-06,no_effect,poisson,loglinear,5,0.75,seir,-1999.97,True,True
BOLIVIA,BOLIVIA,2022-11-06,no_effect,poisson,loglinear,7,1.0,hostvector,-2105.726,True,True
BOLIVIA,BOLIVIA,2022-11-06,no_effect,poisson,loglinear,7,1.0,seir,-2111.129,True,True
BOLIVIA,BOLIVIA,2022-11-06,no_effect,poisson,loglinear,7,0.75,hostvector,-2101.04,True,True
BOLIVIA,BOLIVIA,2022-11-06,no_effect,poisson,loglinear,7,0.75,seir,-2158.016,True,True
BOLIVIA,BOLIVIA,2022-11-06,climate,nb,briere,3,1.0,hostvector,-322.88,True,True
BOLIVIA,BOLIVIA,2022-11-06,climate,nb,briere,3,1.0,seir,-276.649,True,True
BOLIVIA,BOLIVIA,2022-11-06,climate,nb,briere,3,0.75,hostvector,-104.322,True,True
BOLIVIA,BOLIVIA,2022-11-06,climate,nb,briere,3,0.75,seir,-95.463,True,True
BOLIVIA,BOLIVIA,2022-11-06,climate,nb,briere,5,1.0,hostvector,-291.71,True,True
BOLIVIA,BOLIVIA,2022-11-06,climate,nb,briere,5,1.0,seir,-253.497,True,True
BOLIVIA,BOLIVIA,2022-11-06,climate,nb,briere,5,0.75,hostvector,-82.093,True,True
BOLIVIA,BOLIVIA,2022-11-06,climate,nb,briere,5,0.75,seir,-72.631,True,True
BOLIVIA,BOLIVIA,2022-11-06,climate,nb,briere,7,1.0,hostvector,-265.099,True,True
BOLIVIA,BOLIVIA,2022-11-06,climate,nb,briere,7,1.0,seir,-226.704,True,True
BOLIVIA,BOLIVIA,2022-11-06,climate,nb,briere,7,0.75,hostvector,-58.402,True,True
BOLIVIA,BOLIVIA,2022-11-06,climate,nb,briere,7,0.75,seir,-50.041,True,True
BOLIVIA,BOLIVIA,2022-11-06,climate,nb,loglinear,3,1.0,hostvector,-321.032,True,True
BOLIVIA,BOLIVIA,2022-11-06,climate,nb,loglinear,3,1.0,seir,-277.433,True,True
BOLIVIA,BOLIVIA,2022-11-06,climate,nb,loglinear,3,0.75,hostvector,-103.468,True,True
BOLIVIA,BOLIVIA,2022-11-06,climate,nb,loglinear,3,0.75,seir,-94.938,True,True
BOLIVIA,BOLIVIA,2022-11-06,climate,nb,loglinear,5,1.0,hostvector,-289.812,True,True
BOLIVIA,BOLIVIA,2022-11-06,climate,nb,loglinear,5,1.0,seir,-252.554,True,True
BOLIVIA,BOLIVIA,2022-11-06,climate,nb,loglinear,5,0.75,hostvector,-82.975,True,True
BOLIVIA,BOLIVIA,2022-11-06,climate,nb,loglinear,5,0.75,seir,-72.638,True,True
BOLIVIA,BOLIVIA,2022-11-06,climate,nb,loglinear,7,1.0,hostvector,-273.547,True,True
BOLIVIA,BOLIVIA,2022-11-06,climate,nb,loglinear,7,1.0,seir,-232.051,True,True
BOLIVIA,BOLIVIA,2022-11-06,climate,nb,loglinear,7,0.75,hostvector,-75.481,True,True
BOLIVIA,BOLIVIA,2022-11-06,climate,nb,loglinear,7,0.75,seir,-62.037,True,True
BOLIVIA,BOLIVIA,2022-11-06,climate,poisson,briere,3,1.0,hostvector,-21242.008,True,True
BOLIVIA,BOLIVIA,2022-11-06,climate,poisson,briere,3,1.0,seir,-21930.267,True,True
BOLIVIA,BOLIVIA,2022-11-06,climate,poisson,briere,3,0.75,hostvector,-18741.668,True,True
BOLIVIA,BOLIVIA,2022-11-06,climate,poisson,briere,3,0.75,seir,-19500.743,True,True
BOLIVIA,BOLIVIA,2022-11-06,climate,poisson,briere,5,1.0,hostvector,-14028.584,True,True
BOLIVIA,BOLIVIA,2022-11-06,climate,poisson,briere,5,1.0,seir,-13737.085,True,True
BOLIVIA,BOLIVIA,2022-11-06,climate,poisson,briere,5,0.75,hostvector,-11607.222,True,True
BOLIVIA,BOLIVIA,2022-11-06,climate,poisson,briere,5,0.75,seir,-11345.811,True,True
BOLIVIA,BOLIVIA,2022-11-06,climate,poisson,briere,7,1.0,hostvector,-13968.556,True,True
BOLIVIA,BOLIVIA,2022-11-06,climate,poisson,briere,7,1.0,seir,-13705.359,True,True
BOLIVIA,BOLIVIA,2022-11-06,climate,poisson,briere,7,0.75,hostvector,-11567.901,True,True
BOLIVIA,BOLIVIA,2022-11-06,climate,poisson,briere,7,0.75,seir,-11376.934,True,True
BOLIVIA,BOLIVIA,2022-11-06,climate,poisson,loglinear,3,1.0,hostvector,-21229.807,True,True
BOLIVIA,BOLIVIA,2022-11-06,climate,poisson,loglinear,3,1.0,seir,-21965.184,True,True
BOLIVIA,BOLIVIA,2022-11-06,climate,poisson,loglinear,3,0.75,hostvector,4121881.87,False,False
BOLIVIA,BOLIVIA,2022-11-06,climate,poisson,loglinear,3,0.75,seir,-19533.375,True,True
BOLIVIA,BOLIVIA,2022-11-06,climate,poisson,loglinear,5,1.0,hostvector,-13856.132,True,True
BOLIVIA,BOLIVIA,2022-11-06,climate,poisson,loglinear,5,1.0,seir,-13439.358,True,True
BOLIVIA,BOLIVIA,2022-11-06,climate,poisson,loglinear,5,0.75,hostvector,-11457.312,True,True
BOLIVIA,BOLIVIA,2022-11-06,climate,poisson,loglinear,5,0.75,seir,-11076.753,True,True
BOLIVIA,BOLIVIA,2022-11-06,climate,poisson,loglinear,7,1.0,hostvector,-13737.205,True,True
BOLIVIA,BOLIVIA,2022-11-06,climate,poisson,loglinear,7,1.0,seir,-13180.21,True,True
BOLIVIA,BOLIVIA,2022-11-06,climate,poisson,loglinear,7,0.75,hostvector,1578896.001,False,False
BOLIVIA,BOLIVIA,2022-11-06,climate,poisson,loglinear,7,0.75,seir,-10934.534,True,True
BRAZIL,BRAZIL,2013-12-29,no_effect,nb,briere,3,1.0,hostvector,-0.057,True,False
BRAZIL,BRAZIL,2013-12-29,no_effect,nb,briere,3,1.0,seir,-23.079,True,True
BRAZIL,BRAZIL,2013-12-29,no_effect,nb,briere,3,0.75,hostvector,3.886,False,False
BRAZIL,BRAZIL,2013-12-29,no_effect,nb,briere,3,0.75,seir,3.923,False,False
BRAZIL,BRAZIL,2013-12-29,no_effect,nb,briere,5,1.0,hostvector,-1.485,True,False
BRAZIL,BRAZIL,2013-12-29,no_effect,nb,briere,5,1.0,seir,-22.34,True,True
BRAZIL,BRAZIL,2013-12-29,no_effect,nb,briere,5,0.75,hostvector,4.001,False,False
BRAZIL,BRAZIL,2013-12-29,no_effect,nb,briere,5,0.75,seir,3.999,False,False
BRAZIL,BRAZIL,2013-12-29,no_effect,nb,briere,7,1.0,hostvector,-6.964,True,True
BRAZIL,BRAZIL,2013-12-29,no_effect,nb,briere,7,1.0,seir,-25.577,True,True
BRAZIL,BRAZIL,2013-12-29,no_effect,nb,briere,7,0.75,hostvector,0.852,False,False
BRAZIL,BRAZIL,2013-12-29,no_effect,nb,briere,7,0.75,seir,1.423,False,False
BRAZIL,BRAZIL,2013-12-29,no_effect,nb,loglinear,3,1.0,hostvector,-0.219,True,False
BRAZIL,BRAZIL,2013-12-29,no_effect,nb,loglinear,3,1.0,seir,-25.779,True,True
BRAZIL,BRAZIL,2013-12-29,no_effect,nb,loglinear,3,0.75,hostvector,3.117,False,False
BRAZIL,BRAZIL,2013-12-29,no_effect,nb,loglinear,3,0.75,seir,0.614,False,False
BRAZIL,BRAZIL,2013-12-29,no_effect,nb,loglinear,5,1.0,hostvector,-1.651,True,False
BRAZIL,BRAZIL,2013-12-29,no_effect,nb,loglinear,5,1.0,seir,-27.094,True,True
BRAZIL,BRAZIL,2013-12-29,no_effect,nb,loglinear,5,0.75,hostvector,3.092,False,False
BRAZIL,BRAZIL,2013-12-29,no_effect,nb,loglinear,5,0.75,seir,0.924,False,False
BRAZIL,BRAZIL,2013-12-29,no_effect,nb,loglinear,7,1.0,hostvector,-8.12,True,True
BRAZIL,BRAZIL,2013-12-29,no_effect,nb,loglinear,7,1.0,seir,-27.662,True,True
BRAZIL,BRAZIL,2013-12-29,no_effect,nb,loglinear,7,0.75,hostvector,0.824,False,False
BRAZIL,BRAZIL,2013-12-29,no_effect,nb,loglinear,7,0.75,seir,-0.196,True,False
BRAZIL,BRAZIL,2013-12-29,no_effect,poisson,briere,3,1.0,hostvector,-10648.492,True,True
BRAZIL,BRAZIL,2013-12-29,no_effect,poisson,briere,3,1.0,seir,-33716.992,True,True
BRAZIL,BRAZIL,2013-12-29,no_effect,poisson,briere,3,0.75,hostvector,-66.166,True,True
BRAZIL,BRAZIL,2013-12-29,no_effect,poisson,briere,3,0.75,seir,-42.88,True,True
BRAZIL,BRAZIL,2013-12-29,no_effect,poisson,briere,5,1.0,hostvector,-3177.564,True,True
BRAZIL,BRAZIL,2013-12-29,no_effect,poisson,briere,5,1.0,seir,-14413.269,True,True
BRAZIL,BRAZIL,2013-12-29,no_effect,poisson,briere,5,0.75,hostvector,-9726.988,True,True
BRAZIL,BRAZIL,2013-12-29,no_effect,poisson,briere,5,0.75,seir,-11822.851,True,True
BRAZIL,BRAZIL,2013-12-29,no_effect,poisson,briere,7,1.0,hostvector,-14963.876,True,True
BRAZIL,BRAZIL,2013-12-29,no_effect,poisson,briere,7,1.0,seir,-26805.828,True,True
BRAZIL,BRAZIL,2013-12-29,no_effect,poisson,briere,7,0.75,hostvector,-832.576,True,True
BRAZIL,BRAZIL,2013-12-29,no_effect,poisson,briere,7,0.75,seir,-1001.71,True,True
BRAZIL,BRAZIL,2013-12-29,no_effect,poisson,loglinear,3,1.0,hostvector,-11011.143,True,True
BRAZIL,BRAZIL,2013-12-29,no_effect,poisson,loglinear,3,1.0,seir,-41128.315,True,True
BRAZIL,BRAZIL,2013-12-29,no_effect,poisson,loglinear,3,0.75,hostvector,-3247.337,True,True
BRAZIL,BRAZIL,2013-12-29,no_effect,poisson,loglinear,3,0.75,seir,-7293.854,True,True
BRAZIL,BRAZIL,2013-12-29,no_effect,poisson,loglinear,5,1.0,hostvector,-3876.831,True,True
BRAZIL,BRAZIL,2013-12-29,no_effect,poisson,loglinear,5,1.0,seir,-31294.289,True,True
BRAZIL,BRAZIL,2013-12-29,no_effect,poisson,loglinear,5,0.75,hostvector,-10075.71,True,True
BRAZIL,BRAZIL,2013-12-29,no_effect,poisson,loglinear,5,0.75,seir,-15121.994,True,True
BRAZIL,BRAZIL,2013-12-29,no_effect,poisson,loglinear,7,1.0,hostvector,-16446.185,True,True
BRAZIL,BRAZIL,2013-12-29,no_effect,poisson,loglinear,7,1.0,seir,-39744.721,True,True
BRAZIL,BRAZIL,2013-12-29,no_effect,poisson,loglinear,7,0.75,hostvector,-1844.104,True,True
BRAZIL,BRAZIL,2013-12-29,no_effect,poisson,loglinear,7,0.75,seir,-7198.55,True,True
BRAZIL,BRAZIL,2013-12-29,climate,nb,briere,3,1.0,hostvector,-20.219,True,True
BRAZIL,BRAZIL,2013-12-29,climate,nb,briere,3,1.0,seir,-9.088,True,True
BRAZIL,BRAZIL,2013-12-29,climate,nb,briere,3,0.75,hostvector,-19.119,True,True
BRAZIL,BRAZIL,2013-12-29,climate,nb,briere,3,0.75,seir,-8.739,True,True
BRAZIL,BRAZIL,2013-12-29,climate,nb,briere,5,1.0,hostvector,-14.176,True,True
BRAZIL,BRAZIL,2013-12-29,climate,nb,briere,5,1.0,seir,-4.328,True,True
BRAZIL,BRAZIL,2013-12-29,climate,nb,briere,5,0.75,hostvector,-13.187,True,True
BRAZIL,BRAZIL,2013-12-29,climate,nb,briere,5,0.75,seir,-4.138,True,True
BRAZIL,BRAZIL,2013-12-29,climate,nb,briere,7,1.0,hostvector,-15.271,True,True
BRAZIL,BRAZIL,2013-12-29,climate,nb,briere,7,1.0,seir,-3.372,True,False
BRAZIL,BRAZIL,2013-12-29,climate,nb,briere,7,0.75,hostvector,-14.269,True,True
BRAZIL,BRAZIL,2013-12-29,climate,nb,briere,7,0.75,seir,-3.075,True,False
BRAZIL,BRAZIL,2013-12-29,climate,nb,loglinear,3,1.0,hostvector,-18.858,True,True
BRAZIL,BRAZIL,2013-12-29,climate,nb,loglinear,3,1.0,seir,-8.787,True,True
BRAZIL,BRAZIL,2013-12-29,climate,nb,loglinear,3,0.75,hostvector,-17.802,True,True
BRAZIL,BRAZIL,2013-12-29,climate,nb,loglinear,3,0.75,seir,-8.445,True,True
BRAZIL,BRAZIL,2013-12-29,climate,nb,loglinear,5,1.0,hostvector,-11.862,True,True
BRAZIL,BRAZIL,2013-12-29,climate,nb,loglinear,5,1.0,seir,-3.538,True,False
BRAZIL,BRAZIL,2013-12-29,climate,nb,loglinear,5,0.75,hostvector,-10.922,True,True
BRAZIL,BRAZIL,2013-12-29,climate,nb,loglinear,5,0.75,seir,-3.439,True,False
BRAZIL,BRAZIL,2013-12-29,climate,nb,loglinear,7,1.0,hostvector,421940.238,False,False
BRAZIL,BRAZIL,2013-12-29,climate,nb,loglinear,7,1.0,seir,-3.129,True,False
BRAZIL,BRAZIL,2013-12-29,climate,nb,loglinear,7,0.75,hostvector,25953.651,False,False
BRAZIL,BRAZIL,2013-12-29,climate,nb,loglinear,7,0.75,seir,-2.861,True,False
BRAZIL,BRAZIL,2013-12-29,climate,poisson,briere,3,1.0,hostvector,-37598.086,True,True
BRAZIL,BRAZIL,2013-12-29,climate,poisson,briere,3,1.0,seir,-41398.201,True,True
BRAZIL,BRAZIL,2013-12-29,climate,poisson,briere,3,0.75,hostvector,-37596.578,True,True
BRAZIL,BRAZIL,2013-12-29,climate,poisson,briere,3,0.75,seir,-41397.988,True,True
BRAZIL,BRAZIL,2013-12-29,climate,poisson,briere,5,1.0,hostvector,-35109.968,True,True
BRAZIL,BRAZIL,2013-12-29,climate,poisson,briere,5,1.0,seir,-53724.149,True,True
BRAZIL,BRAZIL,2013-12-29,climate,poisson,briere,5,0.75,hostvector,-35110.535,True,True
BRAZIL,BRAZIL,2013-12-29,climate,poisson,briere,5,0.75,seir,-53723.998,True,True
BRAZIL,BRAZIL,2013-12-29,climate,poisson,briere,7,1.0,hostvector,-33117.131,True,True
BRAZIL,BRAZIL,2013-12-29,climate,poisson,briere,7,1.0,seir,-40691.031,True,True
BRAZIL,BRAZIL,2013-12-29,climate,poisson,briere,7,0.75,hostvector,-33115.608,True,True
BRAZIL,BRAZIL,2013-12-29,climate,poisson,briere,7,0.75,seir,-40690.818,True,True
BRAZIL,BRAZIL,2013-12-29,climate,poisson,loglinear,3,1.0,hostvector,-38428.11,True,True
BRAZIL,BRAZIL,2013-12-29,climate,poisson,loglinear,3,1.0,seir,-42597.626,True,True
BRAZIL,BRAZIL,2013-12-29,climate,poisson,loglinear,3,0.75,hostvector,-38426.756,True,True
BRAZIL,BRAZIL,2013-12-29,climate,poisson,loglinear,3,0.75,seir,-42597.414,True,True
BRAZIL,BRAZIL,2013-12-29,climate,poisson,loglinear,5,1.0,hostvector,-35114.11,True,True
BRAZIL,BRAZIL,2013-12-29,climate,poisson,loglinear,5,1.0,seir,-59159.951,True,True
BRAZIL,BRAZIL,2013-12-29,climate,poisson,loglinear,5,0.75,hostvector,-35113.572,True,True
BRAZIL,BRAZIL,2013-12-29,climate,poisson,loglinear,5,0.75,seir,-59172.253,True,True
BRAZIL,BRAZIL,2013-12-29,climate,poisson,loglinear,7,1.0,hostvector,9418787.153,False,False
BRAZIL,BRAZIL,2013-12-29,climate,poisson,loglinear,7,1.0,seir,-42169.928,True,True
BRAZIL,BRAZIL,2013-12-29,climate,poisson,loglinear,7,0.75,hostvector,-34140.841,True,True
BRAZIL,BRAZIL,2013-12-29,climate,poisson,loglinear,7,0.75,seir,-42169.719,True,True
BRAZIL,BRAZIL,2015-11-08,no_effect,nb,briere,3,1.0,hostvector,0.916,False,False
BRAZIL,BRAZIL,2015-11-08,no_effect,nb,briere,3,1.0,seir,2.269,False,False
BRAZIL,BRAZIL,2015-11-08,no_effect,nb,briere,3,0.75,hostvector,1.382,False,False
BRAZIL,BRAZIL,2015-11-08,no_effect,nb,briere,3,0.75,seir,0.519,False,False
BRAZIL,BRAZIL,2015-11-08,no_effect,nb,briere,5,1.0,hostvector,-1.643,True,False
BRAZIL,BRAZIL,2015-11-08,no_effect,nb,briere,5,1.0,seir,-0.135,True,False
BRAZIL,BRAZIL,2015-11-08,no_effect,nb,briere,5,0.75,hostvector,3.295,False,False
BRAZIL,BRAZIL,2015-11-08,no_effect,nb,briere,5,0.75,seir,2.847,False,False
BRAZIL,BRAZIL,2015-11-08,no_effect,nb,briere,7,1.0,hostvector,-0.319,True,False
BRAZIL,BRAZIL,2015-11-08,no_effect,nb,briere,7,1.0,seir,1.141,False,False
BRAZIL,BRAZIL,2015-11-08,no_effect,nb,briere,7,0.75,hostvector,3.493,False,False
BRAZIL,BRAZIL,2015-11-08,no_effect,nb,briere,7,0.75,seir,3.583,False,False
BRAZIL,BRAZIL,2015-11-08,no_effect,nb,loglinear,3,1.0,hostvector,1.817,False,False
BRAZIL,BRAZIL,2015-11-08,no_effect,nb,loglinear,3,1.0,seir,1.019,False,False
BRAZIL,BRAZIL,2015-11-08,no_effect,nb,loglinear,3,0.75,hostvector,1.254,False,False
BRAZIL,BRAZIL,2015-11-08,no_effect,nb,loglinear,3,0.75,seir,0.043,False,False
BRAZIL,BRAZIL,2015-11-08,no_effect,nb,loglinear,5,1.0,hostvector,-2.35,True,False
BRAZIL,BRAZIL,2015-11-08,no_effect,nb,loglinear,5,1.0,seir,-1.704,True,False
BRAZIL,BRAZIL,2015-11-08,no_effect,nb,loglinear,5,0.75,hostvector,1.593,False,False
BRAZIL,BRAZIL,2015-11-08,no_effect,nb,loglinear,5,0.75,seir,0.153,False,False
BRAZIL,BRAZIL,2015-11-08,no_effect,nb,loglinear,7,1.0,hostvector,-0.146,True,False
BRAZIL,BRAZIL,2015-11-08,no_effect,nb,loglinear,7,1.0,seir,1.147,False,False
BRAZIL,BRAZIL,2015-11-08,no_effect,nb,loglinear,7,0.75,hostvector,1.621,False,False
BRAZIL,BRAZIL,2015-11-08,no_effect,nb,loglinear,7,0.75,seir,0.176,False,False
BRAZIL,BRAZIL,2015-11-08,no_effect,poisson,briere,3,1.0,hostvector,-33636.385,True,True
BRAZIL,BRAZIL,2015-11-08,no_effect,poisson,briere,3,1.0,seir,-193974.955,True,True
BRAZIL,BRAZIL,2015-11-08,no_effect,poisson,briere,3,0.75,hostvector,-180748.593,True,True
BRAZIL,BRAZIL,2015-11-08,no_effect,poisson,briere,3,0.75,seir,-213058.831,True,True
BRAZIL,BRAZIL,2015-11-08,no_effect,poisson,briere,5,1.0,hostvector,-99055.667,True,True
BRAZIL,BRAZIL,2015-11-08,no_effect,poisson,briere,5,1.0,seir,-73729.206,True,True
BRAZIL,BRAZIL,2015-11-08,no_effect,poisson,briere,5,0.75,hostvector,-6731.904,True,True
BRAZIL,BRAZIL,2015-11-08,no_effect,poisson,briere,5,0.75,seir,-18857.552,True,True
BRAZIL,BRAZIL,2015-11-08,no_effect,poisson,briere,7,1.0,hostvector,-142636.925,True,True
BRAZIL,BRAZIL,2015-11-08,no_effect,poisson,briere,7,1.0,seir,-114980.951,True,True
BRAZIL,BRAZIL,2015-11-08,no_effect,poisson,briere,7,0.75,hostvector,-109408.537,True,True
BRAZIL,BRAZIL,2015-11-08,no_effect,poisson,briere,7,0.75,seir,-115698.18,True,True
BRAZIL,BRAZIL,2015-11-08,no_effect,poisson,loglinear,3,1.0,hostvector,-15994.369,True,True
BRAZIL,BRAZIL,2015-11-08,no_effect,poisson,loglinear,3,1.0,seir,-5178.612,True,True
BRAZIL,BRAZIL,2015-11-08,no_effect,poisson,loglinear,3,0.75,hostvector,-189214.45,True,True
BRAZIL,BRAZIL,2015-11-08,no_effect,poisson,loglinear,3,0.75,seir,-232572.765,True,True
BRAZIL,BRAZIL,2015-11-08,no_effect,poisson,loglinear,5,1.0,hostvector,-169026.884,True,True
BRAZIL,BRAZIL,2015-11-08,no_effect,poisson,loglinear,5,1.0,seir,-256767.909,True,True
BRAZIL,BRAZIL,2015-11-08,no_effect,poisson,loglinear,5,0.75,hostvector,-184632.849,True,True
BRAZIL,BRAZIL,2015-11-08,no_effect,poisson,loglinear,5,0.75,seir,-228392.389,True,True
BRAZIL,BRAZIL,2015-11-08,no_effect,poisson,loglinear,7,1.0,hostvector,-142215.312,True,True
BRAZIL,BRAZIL,2015-11-08,no_effect,poisson,loglinear,7,1.0,seir,-254049.448,True,True
BRAZIL,BRAZIL,2015-11-08,no_effect,poisson,loglinear,7,0.75,hostvector,-180517.209,True,True
BRAZIL,BRAZIL,2015-11-08,no_effect,poisson,loglinear,7,0.75,seir,-225478.291,True,True
BRAZIL,BRAZIL,2015-11-08,climate,nb,briere,3,1.0,hostvector,-1.182,True,False
BRAZIL,BRAZIL,2015-11-08,climate,nb,briere,3,1.0,seir,0.514,False,False
BRAZIL,BRAZIL,2015-11-08,climate,nb,briere,3,0.75,hostvector,3.897,False,False
BRAZIL,BRAZIL,2015-11-08,climate,nb,briere,3,0.75,seir,2.558,False,False
BRAZIL,BRAZIL,2015-11-08,climate,nb,briere,5,1.0,hostvector,-5.953,True,True
BRAZIL,BRAZIL,2015-11-08,climate,nb,briere,5,1.0,seir,-4.378,True,True
BRAZIL,BRAZIL,2015-11-08,climate,nb,briere,5,0.75,hostvector,0.821,False,False
BRAZIL,BRAZIL,2015-11-08,climate,nb,briere,5,0.75,seir,0.747,False,False
BRAZIL,BRAZIL,2015-11-08,climate,nb,briere,7,1.0,hostvector,-1.391,True,False
BRAZIL,BRAZIL,2015-11-08,climate,nb,briere,7,1.0,seir,0.068,False,False
BRAZIL,BRAZIL,2015-11-08,climate,nb,briere,7,0.75,hostvector,3.785,False,False
BRAZIL,BRAZIL,2015-11-08,climate,nb,briere,7,0.75,seir,3.873,False,False
BRAZIL,BRAZIL,2015-11-08,climate,nb,loglinear,3,1.0,hostvector,-1.003,True,False
BRAZIL,BRAZIL,2015-11-08,climate,nb,loglinear,3,1.0,seir,0.348,False,False
BRAZIL,BRAZIL,2015-11-08,climate,nb,loglinear,3,0.75,hostvector,3.935,False,False
BRAZIL,BRAZIL,2015-11-08,climate,nb,loglinear,3,0.75,seir,3.014,False,False
BRAZIL,BRAZIL,2015-11-08,climate,nb,loglinear,5,1.0,hostvector,-5.299,True,True
BRAZIL,BRAZIL,2015-11-08,climate,nb,loglinear,5,1.0,seir,-4.094,True,True
BRAZIL,BRAZIL,2015-11-08,climate,nb,loglinear,5,0.75,hostvector,0.947,False,False
BRAZIL,BRAZIL,2015-11-08,climate,nb,loglinear,5,0.75,seir,0.907,False,False
BRAZIL,BRAZIL,2015-11-08,climate,nb,loglinear,7,1.0,hostvector,-0.806,True,False
BRAZIL,BRAZIL,2015-11-08,climate,nb,loglinear,7,1.0,seir,0.439,False,False
BRAZIL,BRAZIL,2015-11-08,climate,nb,loglinear,7,0.75,hostvector,3.857,False,False
BRAZIL,BRAZIL,2015-11-08,climate,nb,loglinear,7,0.75,seir,3.928,False,False
BRAZIL,BRAZIL,2015-11-08,climate,poisson,briere,3,1.0,hostvector,-24556.613,True,True
BRAZIL,BRAZIL,2015-11-08,climate,poisson,briere,3,1.0,seir,-25087.757,True,True
BRAZIL,BRAZIL,2015-11-08,climate,poisson,briere,3,0.75,hostvector,-24540.873,True,True
BRAZIL,BRAZIL,2015-11-08,climate,poisson,briere,3,0.75,seir,-25081.354,True,True
BRAZIL,BRAZIL,2015-11-08,climate,poisson,briere,5,1.0,hostvector,-39624.396,True,True
BRAZIL,BRAZIL,2015-11-08,climate,poisson,briere,5,1.0,seir,-28922.909,True,True
BRAZIL,BRAZIL,2015-11-08,climate,poisson,briere,5,0.75,hostvector,-39625.07,True,True
BRAZIL,BRAZIL,2015-11-08,climate,poisson,briere,5,0.75,seir,-28920.432,True,True
BRAZIL,BRAZIL,2015-11-08,climate,poisson,briere,7,1.0,hostvector,-24823.893,True,True
BRAZIL,BRAZIL,2015-11-08,climate,poisson,briere,7,1.0,seir,-25797.977,True,True
BRAZIL,BRAZIL,2015-11-08,climate,poisson,briere,7,0.75,hostvector,-24804.899,True,True
BRAZIL,BRAZIL,2015-11-08,climate,poisson,briere,7,0.75,seir,-25790.635,True,True
BRAZIL,BRAZIL,2015-11-08,climate,poisson,loglinear,3,1.0,hostvector,-23104.318,True,True
BRAZIL,BRAZIL,2015-11-08,climate,poisson,loglinear,3,1.0,seir,-23732.851,True,True
BRAZIL,BRAZIL,2015-11-08,climate,poisson,loglinear,3,0.75,hostvector,-23093.641,True,True
BRAZIL,BRAZIL,2015-11-08,climate,poisson,loglinear,3,0.75,seir,-23727.802,True,True
BRAZIL,BRAZIL,2015-11-08,climate,poisson,loglinear,5,1.0,hostvector,-44015.893,True,True
BRAZIL,BRAZIL,2015-11-08,climate,poisson,loglinear,5,1.0,seir,-28858.797,True,True
BRAZIL,BRAZIL,2015-11-08,climate,poisson,loglinear,5,0.75,hostvector,-44130.201,True,True
BRAZIL,BRAZIL,2015-11-08,climate,poisson,loglinear,5,0.75,seir,-28858.368,True,True
BRAZIL,BRAZIL,2015-11-08,climate,poisson,loglinear,7,1.0,hostvector,-22959.006,True,True
BRAZIL,BRAZIL,2015-11-08,climate,poisson,loglinear,7,1.0,seir,-24304.565,True,True
BRAZIL,BRAZIL,2015-11-08,climate,poisson,loglinear,7,0.75,hostvector,-22940.455,True,True
BRAZIL,BRAZIL,2015-11-08,climate,poisson,loglinear,7,0.75,seir,-24297.281,True,True
BRAZIL,BRAZIL,2018-12-02,no_effect,nb,briere,3,1.0,hostvector,3.884,False,False
BRAZIL,BRAZIL,2018-12-02,no_effect,nb,briere,3,1.0,seir,3.966,False,False
BRAZIL,BRAZIL,2018-12-02,no_effect,nb,briere,3,0.75,hostvector,3.867,False,False
BRAZIL,BRAZIL,2018-12-02,no_effect,nb,briere,3,0.75,seir,3.38,False,False
BRAZIL,BRAZIL,2018-12-02,no_effect,nb,briere,5,1.0,hostvector,2.784,False,False
BRAZIL,BRAZIL,2018-12-02,no_effect,nb,briere,5,1.0,seir,3.711,False,False
BRAZIL,BRAZIL,2018-12-02,no_effect,nb,briere,5,0.75,hostvector,3.817,False,False
BRAZIL,BRAZIL,2018-12-02,no_effect,nb,briere,5,0.75,seir,3.909,False,False
BRAZIL,BRAZIL,2018-12-02,no_effect,nb,briere,7,1.0,hostvector,2.183,False,False
BRAZIL,BRAZIL,2018-12-02,no_effect,nb,briere,7,1.0,seir,3.13,False,False
BRAZIL,BRAZIL,2018-12-02,no_effect,nb,briere,7,0.75,hostvector,3.152,False,False
BRAZIL,BRAZIL,2018-12-02,no_effect,nb,briere,7,0.75,seir,2.749,False,False
BRAZIL,BRAZIL,2018-12-02,no_effect,nb,loglinear,3,1.0,hostvector,2.992,False,False
BRAZIL,BRAZIL,2018-12-02,no_effect,nb,loglinear,3,1.0,seir,2.801,False,False
BRAZIL,BRAZIL,2018-12-02,no_effect,nb,loglinear,3,0.75,hostvector,3.343,False,False
BRAZIL,BRAZIL,2018-12-02,no_effect,nb,loglinear,3,0.75,seir,2.071,False,False
BRAZIL,BRAZIL,2018-12-02,no_effect,nb,loglinear,5,1.0,hostvector,2.518,False,False
BRAZIL,BRAZIL,2018-12-02,no_effect,nb,loglinear,5,1.0,seir,2.364,False,False
BRAZIL,BRAZIL,2018-12-02,no_effect,nb,loglinear,5,0.75,hostvector,3.209,False,False
BRAZIL,BRAZIL,2018-12-02,no_effect,nb,loglinear,5,0.75,seir,2.204,False,False
BRAZIL,BRAZIL,2018-12-02,no_effect,nb,loglinear,7,1.0,hostvector,2.106,False,False
BRAZIL,BRAZIL,2018-12-02,no_effect,nb,loglinear,7,1.0,seir,2.13,False,False
BRAZIL,BRAZIL,2018-12-02,no_effect,nb,loglinear,7,0.75,hostvector,2.961,False,False
BRAZIL,BRAZIL,2018-12-02,no_effect,nb,loglinear,7,0.75,seir,1.98,False,False
BRAZIL,BRAZIL,2018-12-02,no_effect,poisson,briere,3,1.0,hostvector,-14088.085,True,True
BRAZIL,BRAZIL,2018-12-02,no_effect,poisson,briere,3,1.0,seir,-7011.03,True,True
BRAZIL,BRAZIL,2018-12-02,no_effect,poisson,briere,3,0.75,hostvector,-2972.966,True,True
BRAZIL,BRAZIL,2018-12-02,no_effect,poisson,briere,3,0.75,seir,-15857.887,True,True
BRAZIL,BRAZIL,2018-12-02,no_effect,poisson,briere,5,1.0,hostvector,-59458.89,True,True
BRAZIL,BRAZIL,2018-12-02,no_effect,poisson,briere,5,1.0,seir,-26208.588,True,True
BRAZIL,BRAZIL,2018-12-02,no_effect,poisson,briere,5,0.75,hostvector,-25932.394,True,True
BRAZIL,BRAZIL,2018-12-02,no_effect,poisson,briere,5,0.75,seir,-10135.12,True,True
BRAZIL,BRAZIL,2018-12-02,no_effect,poisson,briere,7,1.0,hostvector,-89148.869,True,True
BRAZIL,BRAZIL,2018-12-02,no_effect,poisson,briere,7,1.0,seir,-49588.715,True,True
BRAZIL,BRAZIL,2018-12-02,no_effect,poisson,briere,7,0.75,hostvector,-58883.947,True,True
BRAZIL,BRAZIL,2018-12-02,no_effect,poisson,briere,7,0.75,seir,-45493.645,True,True
BRAZIL,BRAZIL,2018-12-02,no_effect,poisson,loglinear,3,1.0,hostvector,-23762.468,True,True
BRAZIL,BRAZIL,2018-12-02,no_effect,poisson,loglinear,3,1.0,seir,-28888.163,True,True
BRAZIL,BRAZIL,2018-12-02,no_effect,poisson,loglinear,3,0.75,hostvector,-10021.621,True,True
BRAZIL,BRAZIL,2018-12-02,no_effect,poisson,loglinear,3,0.75,seir,-31802.414,True,True
BRAZIL,BRAZIL,2018-12-02,no_effect,poisson,loglinear,5,1.0,hostvector,-104221.044,True,True
BRAZIL,BRAZIL,2018-12-02,no_effect,poisson,loglinear,5,1.0,seir,-102267.627,True,True
BRAZIL,BRAZIL,2018-12-02,no_effect,poisson,loglinear,5,0.75,hostvector,-84733.591,True,True
BRAZIL,BRAZIL,2018-12-02,no_effect,poisson,loglinear,5,0.75,seir,-93538.002,True,True
BRAZIL,BRAZIL,2018-12-02,no_effect,poisson,loglinear,7,1.0,hostvector,-95766.912,True,True
BRAZIL,BRAZIL,2018-12-02,no_effect,poisson,loglinear,7,1.0,seir,-82351.625,True,True
BRAZIL,BRAZIL,2018-12-02,no_effect,poisson,loglinear,7,0.75,hostvector,-68693.223,True,True
BRAZIL,BRAZIL,2018-12-02,no_effect,poisson,loglinear,7,0.75,seir,-76218.182,True,True
BRAZIL,BRAZIL,2018-12-02,climate,nb,briere,3,1.0,hostvector,-3.022,True,False
BRAZIL,BRAZIL,2018-12-02,climate,nb,briere,3,1.0,seir,-1.119,True,False
BRAZIL,BRAZIL,2018-12-02,climate,nb,briere,3,0.75,hostvector,1.657,False,False
BRAZIL,BRAZIL,2018-12-02,climate,nb,briere,3,0.75,seir,2.443,False,False
BRAZIL,BRAZIL,2018-12-02,climate,nb,briere,5,1.0,hostvector,-1.889,True,False
BRAZIL,BRAZIL,2018-12-02,climate,nb,briere,5,1.0,seir,-0.625,True,False
BRAZIL,BRAZIL,2018-12-02,climate,nb,briere,5,0.75,hostvector,2.58,False,False
BRAZIL,BRAZIL,2018-12-02,climate,nb,briere,5,0.75,seir,2.706,False,False
BRAZIL,BRAZIL,2018-12-02,climate,nb,briere,7,1.0,hostvector,-2.228,True,False
BRAZIL,BRAZIL,2018-12-02,climate,nb,briere,7,1.0,seir,-0.608,True,False
BRAZIL,BRAZIL,2018-12-02,climate,nb,briere,7,0.75,hostvector,2.244,False,False
BRAZIL,BRAZIL,2018-12-02,climate,nb,briere,7,0.75,seir,2.633,False,False
BRAZIL,BRAZIL,2018-12-02,climate,nb,loglinear,3,1.0,hostvector,-2.328,True,False
BRAZIL,BRAZIL,2018-12-02,climate,nb,loglinear,3,1.0,seir,-1.151,True,False
BRAZIL,BRAZIL,2018-12-02,climate,nb,loglinear,3,0.75,hostvector,1.653,False,False
BRAZIL,BRAZIL,2018-12-02,climate,nb,loglinear,3,0.75,seir,2.415,False,False
BRAZIL,BRAZIL,2018-12-02,climate,nb,loglinear,5,1.0,hostvector,-1.809,True,False
BRAZIL,BRAZIL,2018-12-02,climate,nb,loglinear,5,1.0,seir,-0.146,True,False
BRAZIL,BRAZIL,2018-12-02,climate,nb,loglinear,5,0.75,hostvector,2.806,False,False
BRAZIL,BRAZIL,2018-12-02,climate,nb,loglinear,5,0.75,seir,2.956,False,False
BRAZIL,BRAZIL,2018-12-02,climate,nb,loglinear,7,1.0,hostvector,-2.468,True,False
BRAZIL,BRAZIL,2018-12-02,climate,nb,loglinear,7,1.0,seir,0.036,False,False
BRAZIL,BRAZIL,2018-12-02,climate,nb,loglinear,7,0.75,hostvector,2.742,False,False
BRAZIL,BRAZIL,2018-12-02,climate,nb,loglinear,7,0.75,seir,2.89,False,False
BRAZIL,BRAZIL,2018-12-02,climate,poisson,briere,3,1.0,hostvector,-194933.31,True,True
BRAZIL,BRAZIL,2018-12-02,climate,poisson,briere,3,1.0,seir,-197675.276,True,True
BRAZIL,BRAZIL,2018-12-02,climate,poisson,briere,3,0.75,hostvector,-194396.581,True,True
BRAZIL,BRAZIL,2018-12-02,climate,poisson,briere,3,0.75,seir,-197323.767,True,True
BRAZIL,BRAZIL,2018-12-02,climate,poisson,briere,5,1.0,hostvector,-39964.681,True,True
BRAZIL,BRAZIL,2018-12-02,climate,poisson,briere,5,1.0,seir,-26627.606,True,True
BRAZIL,BRAZIL,2018-12-02,climate,poisson,briere,5,0.75,hostvector,-39437.6,True,True
BRAZIL,BRAZIL,2018-12-02,climate,poisson,briere,5,0.75,seir,-26279.253,True,True
BRAZIL,BRAZIL,2018-12-02,climate,poisson,briere,7,1.0,hostvector,-53564.901,True,True
BRAZIL,BRAZIL,2018-12-02,climate,poisson,briere,7,1.0,seir,-42789.344,True,True
BRAZIL,BRAZIL,2018-12-02,climate,poisson,briere,7,0.75,hostvector,-53033.884,True,True
BRAZIL,BRAZIL,2018-12-02,climate,poisson,briere,7,0.75,seir,-42440.515,True,True
BRAZIL,BRAZIL,2018-12-02,climate,poisson,loglinear,3,1.0,hostvector,-103984.537,True,True
BRAZIL,BRAZIL,2018-12-02,climate,poisson,loglinear,3,1.0,seir,-199987.841,True,True
BRAZIL,BRAZIL,2018-12-02,climate,poisson,loglinear,3,0.75,hostvector,-197062.272,True,True
BRAZIL,BRAZIL,2018-12-02,climate,poisson,loglinear,3,0.75,seir,-199636.389,True,True
BRAZIL,BRAZIL,2018-12-02,climate,poisson,loglinear,5,1.0,hostvector,-41087.136,True,True
BRAZIL,BRAZIL,2018-12-02,climate,poisson,loglinear,5,1.0,seir,-27214.857,True,True
BRAZIL,BRAZIL,2018-12-02,climate,poisson,loglinear,5,0.75,hostvector,-40580.731,True,True
BRAZIL,BRAZIL,2018-12-02,climate,poisson,loglinear,5,0.75,seir,-26875.063,True,True
BRAZIL,BRAZIL,2018-12-02,climate,poisson,loglinear,7,1.0,hostvector,-52564.937,True,True
BRAZIL,BRAZIL,2018-12-02,climate,poisson,loglinear,7,1.0,seir,-41230.921,True,True
BRAZIL,BRAZIL,2018-12-02,climate,poisson,loglinear,7,0.75,hostvector,-52046.977,True,True
BRAZIL,BRAZIL,2018-12-02,climate,poisson,loglinear,7,0.75,seir,-40888.001,True,True
BRAZIL,BRAZIL,2020-11-15,no_effect,nb,briere,3,1.0,hostvector,3.972,False,False
BRAZIL,BRAZIL,2020-11-15,no_effect,nb,briere,3,1.0,seir,0.461,False,False
BRAZIL,BRAZIL,2020-11-15,no_effect,nb,briere,3,0.75,hostvector,3.885,False,False
BRAZIL,BRAZIL,2020-11-15,no_effect,nb,briere,3,0.75,seir,2.174,False,False
BRAZIL,BRAZIL,2020-11-15,no_effect,nb,briere,5,1.0,hostvector,3.554,False,False
BRAZIL,BRAZIL,2020-11-15,no_effect,nb,briere,5,1.0,seir,2.679,False,False
BRAZIL,BRAZIL,2020-11-15,no_effect,nb,briere,5,0.75,hostvector,3.281,False,False
BRAZIL,BRAZIL,2020-11-15,no_effect,nb,briere,5,0.75,seir,3.928,False,False
BRAZIL,BRAZIL,2020-11-15,no_effect,nb,briere,7,1.0,hostvector,2.842,False,False
BRAZIL,BRAZIL,2020-11-15,no_effect,nb,briere,7,1.0,seir,3.833,False,False
BRAZIL,BRAZIL,2020-11-15,no_effect,nb,briere,7,0.75,hostvector,0.337,False,False
BRAZIL,BRAZIL,2020-11-15,no_effect,nb,briere,7,0.75,seir,0.408,False,False
BRAZIL,BRAZIL,2020-11-15,no_effect,nb,loglinear,3,1.0,hostvector,2.767,False,False
BRAZIL,BRAZIL,2020-11-15,no_effect,nb,loglinear,3,1.0,seir,-1.769,True,False
BRAZIL,BRAZIL,2020-11-15,no_effect,nb,loglinear,3,0.75,hostvector,1.523,False,False
BRAZIL,BRAZIL,2020-11-15,no_effect,nb,loglinear,3,0.75,seir,-1.583,True,False
BRAZIL,BRAZIL,2020-11-15,no_effect,nb,loglinear,5,1.0,hostvector,1.301,False,False
BRAZIL,BRAZIL,2020-11-15,no_effect,nb,loglinear,5,1.0,seir,-2.403,True,False
BRAZIL,BRAZIL,2020-11-15,no_effect,nb,loglinear,5,0.75,hostvector,0.351,False,False
BRAZIL,BRAZIL,2020-11-15,no_effect,nb,loglinear,5,0.75,seir,-2.636,True,False
BRAZIL,BRAZIL,2020-11-15,no_effect,nb,loglinear,7,1.0,hostvector,1.105,False,False
BRAZIL,BRAZIL,2020-11-15,no_effect,nb,loglinear,7,1.0,seir,-2.446,True,False
BRAZIL,BRAZIL,2020-11-15,no_effect,nb,loglinear,7,0.75,hostvector,-0.6,True,False
BRAZIL,BRAZIL,2020-11-15,no_effect,nb,loglinear,7,0.75,seir,-3.25,True,False
BRAZIL,BRAZIL,2020-11-15,no_effect,poisson,briere,3,1.0,hostvector,-14993.788,True,True
BRAZIL,BRAZIL,2020-11-15,no_effect,poisson,briere,3,1.0,seir,-30259.582,True,True
BRAZIL,BRAZIL,2020-11-15,no_effect,poisson,briere,3,0.75,hostvector,-46923.638,True,True
BRAZIL,BRAZIL,2020-11-15,no_effect,poisson,briere,3,0.75,seir,-25902.516,True,True
BRAZIL,BRAZIL,2020-11-15,no_effect,poisson,briere,5,1.0,hostvector,-4950.514,True,True
BRAZIL,BRAZIL,2020-11-15,no_effect,poisson,briere,5,1.0,seir,-4542.274,True,True
BRAZIL,BRAZIL,2020-11-15,no_effect,poisson,briere,5,0.75,hostvector,-3272.921,True,True
BRAZIL,BRAZIL,2020-11-15,no_effect,poisson,briere,5,0.75,seir,-498.616,True,True
BRAZIL,BRAZIL,2020-11-15,no_effect,poisson,briere,7,1.0,hostvector,-17754.891,True,True
BRAZIL,BRAZIL,2020-11-15,no_effect,poisson,briere,7,1.0,seir,-106.295,True,True
BRAZIL,BRAZIL,2020-11-15,no_effect,poisson,briere,7,0.75,hostvector,-35564.026,True,True
BRAZIL,BRAZIL,2020-11-15,no_effect,poisson,briere,7,0.75,seir,-24229.24,True,True
BRAZIL,BRAZIL,2020-11-15,no_effect,poisson,loglinear,3,1.0,hostvector,-17372.012,True,True
BRAZIL,BRAZIL,2020-11-15,no_effect,poisson,loglinear,3,1.0,seir,-40196.259,True,True
BRAZIL,BRAZIL,2020-11-15,no_effect,poisson,loglinear,3,0.75,hostvector,-53933.671,True,True
BRAZIL,BRAZIL,2020-11-15,no_effect,poisson,loglinear,3,0.75,seir,-77450.208,True,True
BRAZIL,BRAZIL,2020-11-15,no_effect,poisson,loglinear,5,1.0,hostvector,-25890.662,True,True
BRAZIL,BRAZIL,2020-11-15,no_effect,poisson,loglinear,5,1.0,seir,-47657.253,True,True
BRAZIL,BRAZIL,2020-11-15,no_effect,poisson,loglinear,5,0.75,hostvector,-39621.451,True,True
BRAZIL,BRAZIL,2020-11-15,no_effect,poisson,loglinear,5,0.75,seir,-63476.898,True,True
BRAZIL,BRAZIL,2020-11-15,no_effect,poisson,loglinear,7,1.0,hostvector,-39230.914,True,True
BRAZIL,BRAZIL,2020-11-15,no_effect,poisson,loglinear,7,1.0,seir,-53700.806,True,True
BRAZIL,BRAZIL,2020-11-15,no_effect,poisson,loglinear,7,0.75,hostvector,-53481.063,True,True
BRAZIL,BRAZIL,2020-11-15,no_effect,poisson,loglinear,7,0.75,seir,-71209.888,True,True
BRAZIL,BRAZIL,2020-11-15,climate,nb,briere,3,1.0,hostvector,-7.62,True,True
BRAZIL,BRAZIL,2020-11-15,climate,nb,briere,3,1.0,seir,-1.125,True,False
BRAZIL,BRAZIL,2020-11-15,climate,nb,briere,3,0.75,hostvector,-7.115,True,True
BRAZIL,BRAZIL,2020-11-15,climate,nb,briere,3,0.75,seir,-1.523,True,False
BRAZIL,BRAZIL,2020-11-15,climate,nb,briere,5,1.0,hostvector,-6.072,True,True
BRAZIL,BRAZIL,2020-11-15,climate,nb,briere,5,1.0,seir,-2.368,True,False
BRAZIL,BRAZIL,2020-11-15,climate,nb,briere,5,0.75,hostvector,-5.429,True,True
BRAZIL,BRAZIL,2020-11-15,climate,nb,briere,5,0.75,seir,-1.958,True,False
BRAZIL,BRAZIL,2020-11-15,climate,nb,briere,7,1.0,hostvector,-8.009,True,True
BRAZIL,BRAZIL,2020-11-15,climate,nb,briere,7,1.0,seir,-2.702,True,False
BRAZIL,BRAZIL,2020-11-15,climate,nb,briere,7,0.75,hostvector,-7.252,True,True
BRAZIL,BRAZIL,2020-11-15,climate,nb,briere,7,0.75,seir,-2.872,True,False
BRAZIL,BRAZIL,2020-11-15,climate,nb,loglinear,3,1.0,hostvector,-8.249,True,True
BRAZIL,BRAZIL,2020-11-15,climate,nb,loglinear,3,1.0,seir,-0.589,True,False
BRAZIL,BRAZIL,2020-11-15,climate,nb,loglinear,3,0.75,hostvector,-7.448,True,True
BRAZIL,BRAZIL,2020-11-15,climate,nb,loglinear,3,0.75,seir,-1.757,True,False
BRAZIL,BRAZIL,2020-11-15,climate,nb,loglinear,5,1.0,hostvector,-8.078,True,True
BRAZIL,BRAZIL,2020-11-15,climate,nb,loglinear,5,1.0,seir,-3.434,True,False
BRAZIL,BRAZIL,2020-11-15,climate,nb,loglinear,5,0.75,hostvector,-7.326,True,True
BRAZIL,BRAZIL,2020-11-15,climate,nb,loglinear,5,0.75,seir,-3.063,True,False
BRAZIL,BRAZIL,2020-11-15,climate,nb,loglinear,7,1.0,hostvector,-8.986,True,True
BRAZIL,BRAZIL,2020-11-15,climate,nb,loglinear,7,1.0,seir,-4.024,True,True
BRAZIL,BRAZIL,2020-11-15,climate,nb,loglinear,7,0.75,hostvector,-8.241,True,True
BRAZIL,BRAZIL,2020-11-15,climate,nb,loglinear,7,0.75,seir,-3.67,True,False
BRAZIL,BRAZIL,2020-11-15,climate,poisson,briere,3,1.0,hostvector,-136103.217,True,True
BRAZIL,BRAZIL,2020-11-15,climate,poisson,briere,3,1.0,seir,-125629.58,True,True
BRAZIL,BRAZIL,2020-11-15,climate,poisson,briere,3,0.75,hostvector,-136048.957,True,True
BRAZIL,BRAZIL,2020-11-15,climate,poisson,briere,3,0.75,seir,-125599.169,True,True
BRAZIL,BRAZIL,2020-11-15,climate,poisson,briere,5,1.0,hostvector,-123837.287,True,True
BRAZIL,BRAZIL,2020-11-15,climate,poisson,briere,5,1.0,seir,-123012.68,True,True
BRAZIL,BRAZIL,2020-11-15,climate,poisson,briere,5,0.75,hostvector,-123783.02,True,True
BRAZIL,BRAZIL,2020-11-15,climate,poisson,briere,5,0.75,seir,-122982.264,True,True
BRAZIL,BRAZIL,2020-11-15,climate,poisson,briere,7,1.0,hostvector,-129850.186,True,True
BRAZIL,BRAZIL,2020-11-15,climate,poisson,briere,7,1.0,seir,-123822.96,True,True
BRAZIL,BRAZIL,2020-11-15,climate,poisson,briere,7,0.75,hostvector,-129795.914,True,True
BRAZIL,BRAZIL,2020-11-15,climate,poisson,briere,7,0.75,seir,-123792.549,True,True
BRAZIL,BRAZIL,2020-11-15,climate,poisson,loglinear,3,1.0,hostvector,-136002.894,True,True
BRAZIL,BRAZIL,2020-11-15,climate,poisson,loglinear,3,1.0,seir,-124687.562,True,True
BRAZIL,BRAZIL,2020-11-15,climate,poisson,loglinear,3,0.75,hostvector,-135948.638,True,True
BRAZIL,BRAZIL,2020-11-15,climate,poisson,loglinear,3,0.75,seir,-124657.151,True,True
BRAZIL,BRAZIL,2020-11-15,climate,poisson,loglinear,5,1.0,hostvector,-122936.55,True,True
BRAZIL,BRAZIL,2020-11-15,climate,poisson,loglinear,5,1.0,seir,-121880.379,True,True
BRAZIL,BRAZIL,2020-11-15,climate,poisson,loglinear,5,0.75,hostvector,-122882.291,True,True
BRAZIL,BRAZIL,2020-11-15,climate,poisson,loglinear,5,0.75,seir,-121849.969,True,True
BRAZIL,BRAZIL,2020-11-15,climate,poisson,loglinear,7,1.0,hostvector,-129282.114,True,True
BRAZIL,BRAZIL,2020-11-15,climate,poisson,loglinear,7,1.0,seir,-122984.613,True,True
BRAZIL,BRAZIL,2020-11-15,climate,poisson,loglinear,7,0.75,hostvector,-129227.855,True,True
BRAZIL,BRAZIL,2020-11-15,climate,poisson,loglinear,7,0.75,seir,-122954.201,True,True
BRAZIL,BRAZIL,2022-11-27,no_effect,nb,briere,3,1.0,hostvector,1.788,False,False
BRAZIL,BRAZIL,2022-11-27,no_effect,nb,briere,3,1.0,seir,3.016,False,False
BRAZIL,BRAZIL,2022-11-27,no_effect,nb,briere,3,0.75,hostvector,3.812,False,False
BRAZIL,BRAZIL,2022-11-27,no_effect,nb,briere,3,0.75,seir,3.823,False,False
BRAZIL,BRAZIL,2022-11-27,no_effect,nb,briere,5,1.0,hostvector,3.165,False,False
BRAZIL,BRAZIL,2022-11-27,no_effect,nb,briere,5,1.0,seir,3.318,False,False
BRAZIL,BRAZIL,2022-11-27,no_effect,nb,briere,5,0.75,hostvector,3.194,False,False
BRAZIL,BRAZIL,2022-11-27,no_effect,nb,briere,5,0.75,seir,3.129,False,False
BRAZIL,BRAZIL,2022-11-27,no_effect,nb,briere,7,1.0,hostvector,3.142,False,False
BRAZIL,BRAZIL,2022-11-27,no_effect,nb,briere,7,1.0,seir,3.232,False,False
BRAZIL,BRAZIL,2022-11-27,no_effect,nb,briere,7,0.75,hostvector,3.557,False,False
BRAZIL,BRAZIL,2022-11-27,no_effect,nb,briere,7,0.75,seir,3.435,False,False
BRAZIL,BRAZIL,2022-11-27,no_effect,nb,loglinear,3,1.0,hostvector,0.544,False,False
BRAZIL,BRAZIL,2022-11-27,no_effect,nb,loglinear,3,1.0,seir,0.976,False,False
BRAZIL,BRAZIL,2022-11-27,no_effect,nb,loglinear,3,0.75,hostvector,3.398,False,False
BRAZIL,BRAZIL,2022-11-27,no_effect,nb,loglinear,3,0.75,seir,3.044,False,False
BRAZIL,BRAZIL,2022-11-27,no_effect,nb,loglinear,5,1.0,hostvector,0.758,False,False
BRAZIL,BRAZIL,2022-11-27,no_effect,nb,loglinear,5,1.0,seir,0.771,False,False
BRAZIL,BRAZIL,2022-11-27,no_effect,nb,loglinear,5,0.75,hostvector,2.944,False,False
BRAZIL,BRAZIL,2022-11-27,no_effect,nb,loglinear,5,0.75,seir,2.644,False,False
BRAZIL,BRAZIL,2022-11-27,no_effect,nb,loglinear,7,1.0,hostvector,0.757,False,False
BRAZIL,BRAZIL,2022-11-27,no_effect,nb,loglinear,7,1.0,seir,0.764,False,False
BRAZIL,BRAZIL,2022-11-27,no_effect,nb,loglinear,7,0.75,hostvector,3.075,False,False
BRAZIL,BRAZIL,2022-11-27,no_effect,nb,loglinear,7,0.75,seir,2.737,False,False
BRAZIL,BRAZIL,2022-11-27,no_effect,poisson,briere,3,1.0,hostvector,-12239.929,True,True
BRAZIL,BRAZIL,2022-11-27,no_effect,poisson,briere,3,1.0,seir,-8980.464,True,True
BRAZIL,BRAZIL,2022-11-27,no_effect,poisson,briere,3,0.75,hostvector,-3222.191,True,True
BRAZIL,BRAZIL,2022-11-27,no_effect,poisson,briere,3,0.75,seir,-1581.136,True,True
BRAZIL,BRAZIL,2022-11-27,no_effect,poisson,briere,5,1.0,hostvector,-9237.653,True,True
BRAZIL,BRAZIL,2022-11-27,no_effect,poisson,briere,5,1.0,seir,-9877.277,True,True
BRAZIL,BRAZIL,2022-11-27,no_effect,poisson,briere,5,0.75,hostvector,-1941.533,True,True
BRAZIL,BRAZIL,2022-11-27,no_effect,poisson,briere,5,0.75,seir,-973.375,True,True
BRAZIL,BRAZIL,2022-11-27,no_effect,poisson,briere,7,1.0,hostvector,-15328.233,True,True
BRAZIL,BRAZIL,2022-11-27,no_effect,poisson,briere,7,1.0,seir,-13953.023,True,True
BRAZIL,BRAZIL,2022-11-27,no_effect,poisson,briere,7,0.75,hostvector,-2495.456,True,True
BRAZIL,BRAZIL,2022-11-27,no_effect,poisson,briere,7,0.75,seir,-1907.566,True,True
BRAZIL,BRAZIL,2022-11-27,no_effect,poisson,loglinear,3,1.0,hostvector,-15636.199,True,True
BRAZIL,BRAZIL,2022-11-27,no_effect,poisson,loglinear,3,1.0,seir,-17326.887,True,True
BRAZIL,BRAZIL,2022-11-27,no_effect,poisson,loglinear,3,0.75,hostvector,-5776.914,True,True
BRAZIL,BRAZIL,2022-11-27,no_effect,poisson,loglinear,3,0.75,seir,-4895.654,True,True
BRAZIL,BRAZIL,2022-11-27,no_effect,poisson,loglinear,5,1.0,hostvector,-23310.653,True,True
BRAZIL,BRAZIL,2022-11-27,no_effect,poisson,loglinear,5,1.0,seir,-18549.803,True,True
BRAZIL,BRAZIL,2022-11-27,no_effect,poisson,loglinear,5,0.75,hostvector,-5430.096,True,True
BRAZIL,BRAZIL,2022-11-27,no_effect,poisson,loglinear,5,0.75,seir,-2573.888,True,True
BRAZIL,BRAZIL,2022-11-27,no_effect,poisson,loglinear,7,1.0,hostvector,-22344.781,True,True
BRAZIL,BRAZIL,2022-11-27,no_effect,poisson,loglinear,7,1.0,seir,-21026.183,True,True
BRAZIL,BRAZIL,2022-11-27,no_effect,poisson,loglinear,7,0.75,hostvector,-6198.151,True,True
BRAZIL,BRAZIL,2022-11-27,no_effect,poisson,loglinear,7,0.75,seir,-5692.295,True,True
BRAZIL,BRAZIL,2022-11-27,climate,nb,briere,3,1.0,hostvector,-0.366,True,False
BRAZIL,BRAZIL,2022-11-27,climate,nb,briere,3,1.0,seir,2.04,False,False
BRAZIL,BRAZIL,2022-11-27,climate,nb,briere,3,0.75,hostvector,0.7,False,False
BRAZIL,BRAZIL,2022-11-27,climate,nb,briere,3,0.75,seir,2.461,False,False
BRAZIL,BRAZIL,2022-11-27,climate,nb,briere,5,1.0,hostvector,-1.134,True,False
BRAZIL,BRAZIL,2022-11-27,climate,nb,briere,5,1.0,seir,1.0,False,False
BRAZIL,BRAZIL,2022-11-27,climate,nb,briere,5,0.75,hostvector,-0.101,True,False
BRAZIL,BRAZIL,2022-11-27,climate,nb,briere,5,0.75,seir,1.439,False,False
BRAZIL,BRAZIL,2022-11-27,climate,nb,briere,7,1.0,hostvector,-0.649,True,False
BRAZIL,BRAZIL,2022-11-27,climate,nb,briere,7,1.0,seir,1.134,False,False
BRAZIL,BRAZIL,2022-11-27,climate,nb,briere,7,0.75,hostvector,0.375,False,False
BRAZIL,BRAZIL,2022-11-27,climate,nb,briere,7,0.75,seir,1.548,False,False
BRAZIL,BRAZIL,2022-11-27,climate,nb,loglinear,3,1.0,hostvector,-0.757,True,False
BRAZIL,BRAZIL,2022-11-27,climate,nb,loglinear,3,1.0,seir,1.838,False,False
BRAZIL,BRAZIL,2022-11-27,climate,nb,loglinear,3,0.75,hostvector,0.279,False,False
BRAZIL,BRAZIL,2022-11-27,climate,nb,loglinear,3,0.75,seir,2.263,False,False
BRAZIL,BRAZIL,2022-11-27,climate,nb,loglinear,5,1.0,hostvector,-1.093,True,False
BRAZIL,BRAZIL,2022-11-27,climate,nb,loglinear,5,1.0,seir,0.755,False,False
BRAZIL,BRAZIL,2022-11-27,climate,nb,loglinear,5,0.75,hostvector,-0.108,True,False
BRAZIL,BRAZIL,2022-11-27,climate,nb,loglinear,5,0.75,seir,1.192,False,False
BRAZIL,BRAZIL,2022-11-27,climate,nb,loglinear,7,1.0,hostvector,-0.684,True,False
BRAZIL,BRAZIL,2022-11-27,climate,nb,loglinear,7,1.0,seir,1.076,False,False
BRAZIL,BRAZIL,2022-11-27,climate,nb,loglinear,7,0.75,hostvector,0.316,False,False
BRAZIL,BRAZIL,2022-11-27,climate,nb,loglinear,7,0.75,seir,1.473,False,False
BRAZIL,BRAZIL,2022-11-27,climate,poisson,briere,3,1.0,hostvector,-207001.732,True,True
BRAZIL,BRAZIL,2022-11-27,climate,poisson,briere,3,1.0,seir,-182343.9,True,True
BRAZIL,BRAZIL,2022-11-27,climate,poisson,briere,3,0.75,hostvector,-206999.694,True,True
BRAZIL,BRAZIL,2022-11-27,climate,poisson,briere,3,0.75,seir,-182343.459,True,True
BRAZIL,BRAZIL,2022-11-27,climate,poisson,briere,5,1.0,hostvector,-180494.683,True,True
BRAZIL,BRAZIL,2022-11-27,climate,poisson,briere,5,1.0,seir,-62321.591,True,True
BRAZIL,BRAZIL,2022-11-27,climate,poisson,briere,5,0.75,hostvector,-180492.645,True,True
BRAZIL,BRAZIL,2022-11-27,climate,poisson,briere,5,0.75,seir,-62321.152,True,True
BRAZIL,BRAZIL,2022-11-27,climate,poisson,briere,7,1.0,hostvector,-175526.992,True,True
BRAZIL,BRAZIL,2022-11-27,climate,poisson,briere,7,1.0,seir,-179651.585,True,True
BRAZIL,BRAZIL,2022-11-27,climate,poisson,briere,7,0.75,hostvector,-175524.952,True,True
BRAZIL,BRAZIL,2022-11-27,climate,poisson,briere,7,0.75,seir,-179651.145,True,True
BRAZIL,BRAZIL,2022-11-27,climate,poisson,loglinear,3,1.0,hostvector,-210412.766,True,True
BRAZIL,BRAZIL,2022-11-27,climate,poisson,loglinear,3,1.0,seir,-209890.526,True,True
BRAZIL,BRAZIL,2022-11-27,climate,poisson,loglinear,3,0.75,hostvector,-210410.728,True,True
BRAZIL,BRAZIL,2022-11-27,climate,poisson,loglinear,3,0.75,seir,-209890.086,True,True
BRAZIL,BRAZIL,2022-11-27,climate,poisson,loglinear,5,1.0,hostvector,-182404.533,True,True
BRAZIL,BRAZIL,2022-11-27,climate,poisson,loglinear,5,1.0,seir,-199520.624,True,True
BRAZIL,BRAZIL,2022-11-27,climate,poisson,loglinear,5,0.75,hostvector,-182402.494,True,True
BRAZIL,BRAZIL,2022-11-27,climate,poisson,loglinear,5,0.75,seir,-199520.182,True,True
BRAZIL,BRAZIL,2022-11-27,climate,poisson,loglinear,7,1.0,hostvector,-175204.657,True,True
BRAZIL,BRAZIL,2022-11-27,climate,poisson,loglinear,7,1.0,seir,-198824.216,True,True
BRAZIL,BRAZIL,2022-11-27,climate,poisson,loglinear,7,0.75,hostvector,-175202.618,True,True
BRAZIL,BRAZIL,2022-11-27,climate,poisson,loglinear,7,0.75,seir,-198823.776,True,True
CAMBODIA,CAMBODIA,2011-03-27,no_effect,nb,briere,3,1.0,hostvector,2.605,False,False
CAMBODIA,CAMBODIA,2011-03-27,no_effect,nb,briere,3,1.0,seir,2.787,False,False
CAMBODIA,CAMBODIA,2011-03-27,no_effect,nb,briere,3,0.75,hostvector,3.619,False,False
CAMBODIA,CAMBODIA,2011-03-27,no_effect,nb,briere,3,0.75,seir,3.014,False,False
CAMBODIA,CAMBODIA,2011-03-27,no_effect,nb,briere,5,1.0,hostvector,2.401,False,False
CAMBODIA,CAMBODIA,2011-03-27,no_effect,nb,briere,5,1.0,seir,2.959,False,False
CAMBODIA,CAMBODIA,2011-03-27,no_effect,nb,briere,5,0.75,hostvector,3.327,False,False
CAMBODIA,CAMBODIA,2011-03-27,no_effect,nb,briere,5,0.75,seir,3.046,False,False
CAMBODIA,CAMBODIA,2011-03-27,no_effect,nb,briere,7,1.0,hostvector,3.767,False,False
CAMBODIA,CAMBODIA,2011-03-27,no_effect,nb,briere,7,1.0,seir,3.846,False,False
CAMBODIA,CAMBODIA,2011-03-27,no_effect,nb,briere,7,0.75,hostvector,3.206,False,False
CAMBODIA,CAMBODIA,2011-03-27,no_effect,nb,briere,7,0.75,seir,2.391,False,False
CAMBODIA,CAMBODIA,2011-03-27,no_effect,nb,loglinear,3,1.0,hostvector,2.599,False,False
CAMBODIA,CAMBODIA,2011-03-27,no_effect,nb,loglinear,3,1.0,seir,2.636,False,False
CAMBODIA,CAMBODIA,2011-03-27,no_effect,nb,loglinear,3,0.75,hostvector,3.902,False,False
CAMBODIA,CAMBODIA,2011-03-27,no_effect,nb,loglinear,3,0.75,seir,2.795,False,False
CAMBODIA,CAMBODIA,2011-03-27,no_effect,nb,loglinear,5,1.0,hostvector,2.37,False,False
CAMBODIA,CAMBODIA,2011-03-27,no_effect,nb,loglinear,5,1.0,seir,2.775,False,False
CAMBODIA,CAMBODIA,2011-03-27,no_effect,nb,loglinear,5,0.75,hostvector,3.258,False,False
CAMBODIA,CAMBODIA,2011-03-27,no_effect,nb,loglinear,5,0.75,seir,2.781,False,False
CAMBODIA,CAMBODIA,2011-03-27,no_effect,nb,loglinear,7,1.0,hostvector,3.765,False,False
CAMBODIA,CAMBODIA,2011-03-27,no_effect,nb,loglinear,7,1.0,seir,3.833,False,False
CAMBODIA,CAMBODIA,2011-03-27,no_effect,nb,loglinear,7,0.75,hostvector,2.914,False,False
CAMBODIA,CAMBODIA,2011-03-27,no_effect,nb,loglinear,7,0.75,seir,2.389,False,False
CAMBODIA,CAMBODIA,2011-03-27,no_effect,poisson,briere,3,1.0,hostvector,-49.021,True,True
CAMBODIA,CAMBODIA,2011-03-27,no_effect,poisson,briere,3,1.0,seir,-56.225,True,True
CAMBODIA,CAMBODIA,2011-03-27,no_effect,poisson,briere,3,0.75,hostvector,-2.486,True,False
CAMBODIA,CAMBODIA,2011-03-27,no_effect,poisson,briere,3,0.75,seir,-19.396,True,True
CAMBODIA,CAMBODIA,2011-03-27,no_effect,poisson,briere,5,1.0,hostvector,-96.678,True,True
CAMBODIA,CAMBODIA,2011-03-27,no_effect,poisson,briere,5,1.0,seir,-97.982,True,True
CAMBODIA,CAMBODIA,2011-03-27,no_effect,poisson,briere,5,0.75,hostvector,-50.872,True,True
CAMBODIA,CAMBODIA,2011-03-27,no_effect,poisson,briere,5,0.75,seir,-59.108,True,True
CAMBODIA,CAMBODIA,2011-03-27,no_effect,poisson,briere,7,1.0,hostvector,-22.09,True,True
CAMBODIA,CAMBODIA,2011-03-27,no_effect,poisson,briere,7,1.0,seir,-0.903,True,False
CAMBODIA,CAMBODIA,2011-03-27,no_effect,poisson,briere,7,0.75,hostvector,-30.996,True,True
CAMBODIA,CAMBODIA,2011-03-27,no_effect,poisson,briere,7,0.75,seir,-31.568,True,True
CAMBODIA,CAMBODIA,2011-03-27,no_effect,poisson,loglinear,3,1.0,hostvector,-52.568,True,True
CAMBODIA,CAMBODIA,2011-03-27,no_effect,poisson,loglinear,3,1.0,seir,-63.417,True,True
CAMBODIA,CAMBODIA,2011-03-27,no_effect,poisson,loglinear,3,0.75,hostvector,-2.841,True,False
CAMBODIA,CAMBODIA,2011-03-27,no_effect,poisson,loglinear,3,0.75,seir,-23.569,True,True
CAMBODIA,CAMBODIA,2011-03-27,no_effect,poisson,loglinear,5,1.0,hostvector,-101.516,True,True
CAMBODIA,CAMBODIA,2011-03-27,no_effect,poisson,loglinear,5,1.0,seir,-104.337,True,True
CAMBODIA,CAMBODIA,2011-03-27,no_effect,poisson,loglinear,5,0.75,hostvector,-52.955,True,True
CAMBODIA,CAMBODIA,2011-03-27,no_effect,poisson,loglinear,5,0.75,seir,-60.631,True,True
CAMBODIA,CAMBODIA,2011-03-27,no_effect,poisson,loglinear,7,1.0,hostvector,-22.1,True,True
CAMBODIA,CAMBODIA,2011-03-27,no_effect,poisson,loglinear,7,1.0,seir,-0.905,True,False
CAMBODIA,CAMBODIA,2011-03-27,no_effect,poisson,loglinear,7,0.75,hostvector,-37.003,True,True
CAMBODIA,CAMBODIA,2011-03-27,no_effect,poisson,loglinear,7,0.75,seir,-31.728,True,True
CAMBODIA,CAMBODIA,2011-03-27,climate,nb,briere,3,1.0,hostvector,-50.231,True,True
CAMBODIA,CAMBODIA,2011-03-27,climate,nb,briere,3,1.0,seir,-47.296,True,True
CAMBODIA,CAMBODIA,2011-03-27,climate,nb,briere,3,0.75,hostvector,-4.534,True,True
CAMBODIA,CAMBODIA,2011-03-27,climate,nb,briere,3,0.75,seir,-3.628,True,False
CAMBODIA,CAMBODIA,2011-03-27,climate,nb,briere,5,1.0,hostvector,-48.641,True,True
CAMBODIA,CAMBODIA,2011-03-27,climate,nb,briere,5,1.0,seir,-45.907,True,True
CAMBODIA,CAMBODIA,2011-03-27,climate,nb,briere,5,0.75,hostvector,-3.705,True,False
CAMBODIA,CAMBODIA,2011-03-27,climate,nb,briere,5,0.75,seir,-1.999,True,False
CAMBODIA,CAMBODIA,2011-03-27,climate,nb,briere,7,1.0,hostvector,-47.288,True,True
CAMBODIA,CAMBODIA,2011-03-27,climate,nb,briere,7,1.0,seir,-44.214,True,True
CAMBODIA,CAMBODIA,2011-03-27,climate,nb,briere,7,0.75,hostvector,-1.007,True,False
CAMBODIA,CAMBODIA,2011-03-27,climate,nb,briere,7,0.75,seir,0.358,False,False
CAMBODIA,CAMBODIA,2011-03-27,climate,nb,loglinear,3,1.0,hostvector,-50.568,True,True
CAMBODIA,CAMBODIA,2011-03-27,climate,nb,loglinear,3,1.0,seir,-47.909,True,True
CAMBODIA,CAMBODIA,2011-03-27,climate,nb,loglinear,3,0.75,hostvector,-4.832,True,True
CAMBODIA,CAMBODIA,2011-03-27,climate,nb,loglinear,3,0.75,seir,-4.248,True,True
CAMBODIA,CAMBODIA,2011-03-27,climate,nb,loglinear,5,1.0,hostvector,-49.013,True,True
CAMBODIA,CAMBODIA,2011-03-27,climate,nb,loglinear,5,1.0,seir,-46.638,True,True
CAMBODIA,CAMBODIA,2011-03-27,climate,nb,loglinear,5,0.75,hostvector,-4.232,True,True
CAMBODIA,CAMBODIA,2011-03-27,climate,nb,loglinear,5,0.75,seir,-3.051,True,False
CAMBODIA,CAMBODIA,2011-03-27,climate,nb,loglinear,7,1.0,hostvector,-47.57,True,True
CAMBODIA,CAMBODIA,2011-03-27,climate,nb,loglinear,7,1.0,seir,-44.85,True,True
CAMBODIA,CAMBODIA,2011-03-27,climate,nb,loglinear,7,0.75,hostvector,-1.042,True,False
CAMBODIA,CAMBODIA,2011-03-27,climate,nb,loglinear,7,0.75,seir,0.358,False,False
CAMBODIA,CAMBODIA,2011-03-27,climate,poisson,briere,3,1.0,hostvector,-3625.558,True,True
CAMBODIA,CAMBODIA,2011-03-27,climate,poisson,briere,3,1.0,seir,-3452.977,True,True
CAMBODIA,CAMBODIA,2011-03-27,climate,poisson,briere,3,0.75,hostvector,-1719.105,True,True
CAMBODIA,CAMBODIA,2011-03-27,climate,poisson,briere,3,0.75,seir,-1712.891,True,True
CAMBODIA,CAMBODIA,2011-03-27,climate,poisson,briere,5,1.0,hostvector,-2164.145,True,True
CAMBODIA,CAMBODIA,2011-03-27,climate,poisson,briere,5,1.0,seir,-2188.916,True,True
CAMBODIA,CAMBODIA,2011-03-27,climate,poisson,briere,5,0.75,hostvector,-1184.258,True,True
CAMBODIA,CAMBODIA,2011-03-27,climate,poisson,briere,5,0.75,seir,-1147.812,True,True
CAMBODIA,CAMBODIA,2011-03-27,climate,poisson,briere,7,1.0,hostvector,-2241.476,True,True
CAMBODIA,CAMBODIA,2011-03-27,climate,poisson,briere,7,1.0,seir,-2335.981,True,True
CAMBODIA,CAMBODIA,2011-03-27,climate,poisson,briere,7,0.75,hostvector,-882.717,True,True
CAMBODIA,CAMBODIA,2011-03-27,climate,poisson,briere,7,0.75,seir,-795.434,True,True
CAMBODIA,CAMBODIA,2011-03-27,climate,poisson,loglinear,3,1.0,hostvector,-3611.248,True,True
CAMBODIA,CAMBODIA,2011-03-27,climate,poisson,loglinear,3,1.0,seir,-3441.585,True,True
CAMBODIA,CAMBODIA,2011-03-27,climate,poisson,loglinear,3,0.75,hostvector,-1721.827,True,True
CAMBODIA,CAMBODIA,2011-03-27,climate,poisson,loglinear,3,0.75,seir,-1715.468,True,True
CAMBODIA,CAMBODIA,2011-03-27,climate,poisson,loglinear,5,1.0,hostvector,-2158.833,True,True
CAMBODIA,CAMBODIA,2011-03-27,climate,poisson,loglinear,5,1.0,seir,-2181.88,True,True
CAMBODIA,CAMBODIA,2011-03-27,climate,poisson,loglinear,5,0.75,hostvector,-1191.823,True,True
CAMBODIA,CAMBODIA,2011-03-27,climate,poisson,loglinear,5,0.75,seir,-1147.898,True,True
CAMBODIA,CAMBODIA,2011-03-27,climate,poisson,loglinear,7,1.0,hostvector,578445.644,False,False
CAMBODIA,CAMBODIA,2011-03-27,climate,poisson,loglinear,7,1.0,seir,-2468.093,True,True
CAMBODIA,CAMBODIA,2011-03-27,climate,poisson,loglinear,7,0.75,hostvector,-1050.481,True,True
CAMBODIA,CAMBODIA,2011-03-27,climate,poisson,loglinear,7,0.75,seir,-976.481,True,True
CAMBODIA,CAMBODIA,2013-03-17,no_effect,nb,briere,3,1.0,hostvector,2.971,False,False
CAMBODIA,CAMBODIA,2013-03-17,no_effect,nb,briere,3,1.0,seir,1.435,False,False
CAMBODIA,CAMBODIA,2013-03-17,no_effect,nb,briere,3,0.75,hostvector,3.577,False,False
CAMBODIA,CAMBODIA,2013-03-17,no_effect,nb,briere,3,0.75,seir,2.504,False,False
CAMBODIA,CAMBODIA,2013-03-17,no_effect,nb,briere,5,1.0,hostvector,2.672,False,False
CAMBODIA,CAMBODIA,2013-03-17,no_effect,nb,briere,5,1.0,seir,1.31,False,False
CAMBODIA,CAMBODIA,2013-03-17,no_effect,nb,briere,5,0.75,hostvector,3.417,False,False
CAMBODIA,CAMBODIA,2013-03-17,no_effect,nb,briere,5,0.75,seir,2.349,False,False
CAMBODIA,CAMBODIA,2013-03-17,no_effect,nb,briere,7,1.0,hostvector,2.93,False,False
CAMBODIA,CAMBODIA,2013-03-17,no_effect,nb,briere,7,1.0,seir,1.549,False,False
CAMBODIA,CAMBODIA,2013-03-17,no_effect,nb,briere,7,0.75,hostvector,3.53,False,False
CAMBODIA,CAMBODIA,2013-03-17,no_effect,nb,briere,7,0.75,seir,2.623,False,False
CAMBODIA,CAMBODIA,2013-03-17,no_effect,nb,loglinear,3,1.0,hostvector,2.97,False,False
CAMBODIA,CAMBODIA,2013-03-17,no_effect,nb,loglinear,3,1.0,seir,1.162,False,False
CAMBODIA,CAMBODIA,2013-03-17,no_effect,nb,loglinear,3,0.75,hostvector,3.609,False,False
CAMBODIA,CAMBODIA,2013-03-17,no_effect,nb,loglinear,3,0.75,seir,1.855,False,False
CAMBODIA,CAMBODIA,2013-03-17,no_effect,nb,loglinear,5,1.0,hostvector,2.669,False,False
CAMBODIA,CAMBODIA,2013-03-17,no_effect,nb,loglinear,5,1.0,seir,1.075,False,False
CAMBODIA,CAMBODIA,2013-03-17,no_effect,nb,loglinear,5,0.75,hostvector,3.486,False,False
CAMBODIA,CAMBODIA,2013-03-17,no_effect,nb,loglinear,5,0.75,seir,1.897,False,False
CAMBODIA,CAMBODIA,2013-03-17,no_effect,nb,loglinear,7,1.0,hostvector,2.918,False,False
CAMBODIA,CAMBODIA,2013-03-17,no_effect,nb,loglinear,7,1.0,seir,1.173,False,False
CAMBODIA,CAMBODIA,2013-03-17,no_effect,nb,loglinear,7,0.75,hostvector,3.547,False,False
CAMBODIA,CAMBODIA,2013-03-17,no_effect,nb,loglinear,7,0.75,seir,2.096,False,False
CAMBODIA,CAMBODIA,2013-03-17,no_effect,poisson,briere,3,1.0,hostvector,-54.601,True,True
CAMBODIA,CAMBODIA,2013-03-17,no_effect,poisson,briere,3,1.0,seir,-95.306,True,True
CAMBODIA,CAMBODIA,2013-03-17,no_effect,poisson,briere,3,0.75,hostvector,-37.481,True,True
CAMBODIA,CAMBODIA,2013-03-17,no_effect,poisson,briere,3,0.75,seir,-73.517,True,True
CAMBODIA,CAMBODIA,2013-03-17,no_effect,poisson,briere,5,1.0,hostvector,-52.259,True,True
CAMBODIA,CAMBODIA,2013-03-17,no_effect,poisson,briere,5,1.0,seir,-91.895,True,True
CAMBODIA,CAMBODIA,2013-03-17,no_effect,poisson,briere,5,0.75,hostvector,-53.647,True,True
CAMBODIA,CAMBODIA,2013-03-17,no_effect,poisson,briere,5,0.75,seir,-82.367,True,True
CAMBODIA,CAMBODIA,2013-03-17,no_effect,poisson,briere,7,1.0,hostvector,-55.501,True,True
CAMBODIA,CAMBODIA,2013-03-17,no_effect,poisson,briere,7,1.0,seir,-91.684,True,True
CAMBODIA,CAMBODIA,2013-03-17,no_effect,poisson,briere,7,0.75,hostvector,-34.63,True,True
CAMBODIA,CAMBODIA,2013-03-17,no_effect,poisson,briere,7,0.75,seir,-59.549,True,True
CAMBODIA,CAMBODIA,2013-03-17,no_effect,poisson,loglinear,3,1.0,hostvector,-49.778,True,True
CAMBODIA,CAMBODIA,2013-03-17,no_effect,poisson,loglinear,3,1.0,seir,-95.425,True,True
CAMBODIA,CAMBODIA,2013-03-17,no_effect,poisson,loglinear,3,0.75,hostvector,-28.535,True,True
CAMBODIA,CAMBODIA,2013-03-17,no_effect,poisson,loglinear,3,0.75,seir,-66.791,True,True
CAMBODIA,CAMBODIA,2013-03-17,no_effect,poisson,loglinear,5,1.0,hostvector,-47.885,True,True
CAMBODIA,CAMBODIA,2013-03-17,no_effect,poisson,loglinear,5,1.0,seir,-91.291,True,True
CAMBODIA,CAMBODIA,2013-03-17,no_effect,poisson,loglinear,5,0.75,hostvector,-41.552,True,True
CAMBODIA,CAMBODIA,2013-03-17,no_effect,poisson,loglinear,5,0.75,seir,-73.12,True,True
CAMBODIA,CAMBODIA,2013-03-17,no_effect,poisson,loglinear,7,1.0,hostvector,-53.796,True,True
CAMBODIA,CAMBODIA,2013-03-17,no_effect,poisson,loglinear,7,1.0,seir,-92.962,True,True
CAMBODIA,CAMBODIA,2013-03-17,no_effect,poisson,loglinear,7,0.75,hostvector,-30.285,True,True
CAMBODIA,CAMBODIA,2013-03-17,no_effect,poisson,loglinear,7,0.75,seir,-59.635,True,True
CAMBODIA,CAMBODIA,2013-03-17,climate,nb,briere,3,1.0,hostvector,-44.862,True,True
CAMBODIA,CAMBODIA,2013-03-17,climate,nb,briere,3,1.0,seir,-38.459,True,True
CAMBODIA,CAMBODIA,2013-03-17,climate,nb,briere,3,0.75,hostvector,-33.437,True,True
CAMBODIA,CAMBODIA,2013-03-17,climate,nb,briere,3,0.75,seir,-29.211,True,True
CAMBODIA,CAMBODIA,2013-03-17,climate,nb,briere,5,1.0,hostvector,-17.362,True,True
CAMBODIA,CAMBODIA,2013-03-17,climate,nb,briere,5,1.0,seir,-12.216,True,True
CAMBODIA,CAMBODIA,2013-03-17,climate,nb,briere,5,0.75,hostvector,-19.838,True,True
CAMBODIA,CAMBODIA,2013-03-17,climate,nb,briere,5,0.75,seir,-15.752,True,True
CAMBODIA,CAMBODIA,2013-03-17,climate,nb,briere,7,1.0,hostvector,-0.756,True,False
CAMBODIA,CAMBODIA,2013-03-17,climate,nb,briere,7,1.0,seir,0.954,False,False
CAMBODIA,CAMBODIA,2013-03-17,climate,nb,briere,7,0.75,hostvector,0.483,False,False
CAMBODIA,CAMBODIA,2013-03-17,climate,nb,briere,7,0.75,seir,2.286,False,False
CAMBODIA,CAMBODIA,2013-03-17,climate,nb,loglinear,3,1.0,hostvector,-44.71,True,True
CAMBODIA,CAMBODIA,2013-03-17,climate,nb,loglinear,3,1.0,seir,-38.945,True,True
CAMBODIA,CAMBODIA,2013-03-17,climate,nb,loglinear,3,0.75,hostvector,-33.336,True,True
CAMBODIA,CAMBODIA,2013-03-17,climate,nb,loglinear,3,0.75,seir,-29.721,True,True
CAMBODIA,CAMBODIA,2013-03-17,climate,nb,loglinear,5,1.0,hostvector,-19.483,True,True
CAMBODIA,CAMBODIA,2013-03-17,climate,nb,loglinear,5,1.0,seir,-14.241,True,True
CAMBODIA,CAMBODIA,2013-03-17,climate,nb,loglinear,5,0.75,hostvector,-24.698,True,True
CAMBODIA,CAMBODIA,2013-03-17,climate,nb,loglinear,5,0.75,seir,-18.864,True,True
CAMBODIA,CAMBODIA,2013-03-17,climate,nb,loglinear,7,1.0,hostvector,-34.949,True,True
CAMBODIA,CAMBODIA,2013-03-17,climate,nb,loglinear,7,1.0,seir,-28.358,True,True
CAMBODIA,CAMBODIA,2013-03-17,climate,nb,loglinear,7,0.75,hostvector,-29.584,True,True
CAMBODIA,CAMBODIA,2013-03-17,climate,nb,loglinear,7,0.75,seir,-22.899,True,True
CAMBODIA,CAMBODIA,2013-03-17,climate,poisson,briere,3,1.0,hostvector,-1375.755,True,True
CAMBODIA,CAMBODIA,2013-03-17,climate,poisson,briere,3,1.0,seir,-1269.216,True,True
CAMBODIA,CAMBODIA,2013-03-17,climate,poisson,briere,3,0.75,hostvector,-986.48,True,True
CAMBODIA,CAMBODIA,2013-03-17,climate,poisson,briere,3,0.75,seir,-985.986,True,True
CAMBODIA,CAMBODIA,2013-03-17,climate,poisson,briere,5,1.0,hostvector,-126.89,True,True
CAMBODIA,CAMBODIA,2013-03-17,climate,poisson,briere,5,1.0,seir,-55.906,True,True
CAMBODIA,CAMBODIA,2013-03-17,climate,poisson,briere,5,0.75,hostvector,-339.96,True,True
CAMBODIA,CAMBODIA,2013-03-17,climate,poisson,briere,5,0.75,seir,-283.762,True,True
CAMBODIA,CAMBODIA,2013-03-17,climate,poisson,briere,7,1.0,hostvector,-122.742,True,True
CAMBODIA,CAMBODIA,2013-03-17,climate,poisson,briere,7,1.0,seir,-150.741,True,True
CAMBODIA,CAMBODIA,2013-03-17,climate,poisson,briere,7,0.75,hostvector,-32.145,True,True
CAMBODIA,CAMBODIA,2013-03-17,climate,poisson,briere,7,0.75,seir,-39.757,True,True
CAMBODIA,CAMBODIA,2013-03-17,climate,poisson,loglinear,3,1.0,hostvector,-1381.86,True,True
CAMBODIA,CAMBODIA,2013-03-17,climate,poisson,loglinear,3,1.0,seir,-1277.461,True,True
CAMBODIA,CAMBODIA,2013-03-17,climate,poisson,loglinear,3,0.75,hostvector,-982.553,True,True
CAMBODIA,CAMBODIA,2013-03-17,climate,poisson,loglinear,3,0.75,seir,-981.818,True,True
CAMBODIA,CAMBODIA,2013-03-17,climate,poisson,loglinear,5,1.0,hostvector,-115.421,True,True
CAMBODIA,CAMBODIA,2013-03-17,climate,poisson,loglinear,5,1.0,seir,-52.936,True,True
CAMBODIA,CAMBODIA,2013-03-17,climate,poisson,loglinear,5,0.75,hostvector,-421.43,True,True
CAMBODIA,CAMBODIA,2013-03-17,climate,poisson,loglinear,5,0.75,seir,-382.862,True,True
CAMBODIA,CAMBODIA,2013-03-17,climate,poisson,loglinear,7,1.0,hostvector,-913.66,True,True
CAMBODIA,CAMBODIA,2013-03-17,climate,poisson,loglinear,7,1.0,seir,-935.101,True,True
CAMBODIA,CAMBODIA,2013-03-17,climate,poisson,loglinear,7,0.75,hostvector,-1015.381,True,True
CAMBODIA,CAMBODIA,2013-03-17,climate,poisson,loglinear,7,0.75,seir,-949.186,True,True
COLOMBIA,SUCRE,2002-02-24,no_effect,nb,briere,3,1.0,hostvector,1.957,False,False
COLOMBIA,SUCRE,2002-02-24,no_effect,nb,briere,3,1.0,seir,2.051,False,False
COLOMBIA,SUCRE,2002-02-24,no_effect,nb,briere,3,0.75,hostvector,1.88,False,False
COLOMBIA,SUCRE,2002-02-24,no_effect,nb,briere,3,0.75,seir,1.925,False,False
COLOMBIA,SUCRE,2002-02-24,no_effect,nb,briere,5,1.0,hostvector,1.907,False,False
COLOMBIA,SUCRE,2002-02-24,no_effect,nb,briere,5,1.0,seir,1.931,False,False
COLOMBIA,SUCRE,2002-02-24,no_effect,nb,briere,5,0.75,hostvector,1.814,False,False
COLOMBIA,SUCRE,2002-02-24,no_effect,nb,briere,5,0.75,seir,1.77,False,False
COLOMBIA,SUCRE,2002-02-24,no_effect,nb,briere,7,1.0,hostvector,1.594,False,False
COLOMBIA,SUCRE,2002-02-24,no_effect,nb,briere,7,1.0,seir,1.542,False,False
COLOMBIA,SUCRE,2002-02-24,no_effect,nb,briere,7,0.75,hostvector,1.774,False,False
COLOMBIA,SUCRE,2002-02-24,no_effect,nb,briere,7,0.75,seir,1.675,False,False
COLOMBIA,SUCRE,2002-02-24,no_effect,nb,loglinear,3,1.0,hostvector,2.003,False,False
COLOMBIA,SUCRE,2002-02-24,no_effect,nb,loglinear,3,1.0,seir,2.138,False,False
COLOMBIA,SUCRE,2002-02-24,no_effect,nb,loglinear,3,0.75,hostvector,1.924,False,False
COLOMBIA,SUCRE,2002-02-24,no_effect,nb,loglinear,3,0.75,seir,2.048,False,False
COLOMBIA,SUCRE,2002-02-24,no_effect,nb,loglinear,5,1.0,hostvector,1.911,False,False
COLOMBIA,SUCRE,2002-02-24,no_effect,nb,loglinear,5,1.0,seir,1.974,False,False
COLOMBIA,SUCRE,2002-02-24,no_effect,nb,loglinear,5,0.75,hostvector,1.774,False,False
COLOMBIA,SUCRE,2002-02-24,no_effect,nb,loglinear,5,0.75,seir,1.772,False,False
COLOMBIA,SUCRE,2002-02-24,no_effect,nb,loglinear,7,1.0,hostvector,1.547,False,False
COLOMBIA,SUCRE,2002-02-24,no_effect,nb,loglinear,7,1.0,seir,1.527,False,False
COLOMBIA,SUCRE,2002-02-24,no_effect,nb,loglinear,7,0.75,hostvector,1.708,False,False
COLOMBIA,SUCRE,2002-02-24,no_effect,nb,loglinear,7,0.75,seir,1.642,False,False
COLOMBIA,SUCRE,2002-02-24,no_effect,poisson,briere,3,1.0,hostvector,-14.412,True,True
COLOMBIA,SUCRE,2002-02-24,no_effect,poisson,briere,3,1.0,seir,-15.326,True,True
COLOMBIA,SUCRE,2002-02-24,no_effect,poisson,briere,3,0.75,hostvector,-14.116,True,True
COLOMBIA,SUCRE,2002-02-24,no_effect,poisson,briere,3,0.75,seir,-15.111,True,True
COLOMBIA,SUCRE,2002-02-24,no_effect,poisson,briere,5,1.0,hostvector,-13.766,True,True
COLOMBIA,SUCRE,2002-02-24,no_effect,poisson,briere,5,1.0,seir,-15.77,True,True
COLOMBIA,SUCRE,2002-02-24,no_effect,poisson,briere,5,0.75,hostvector,-12.743,True,True
COLOMBIA,SUCRE,2002-02-24,no_effect,poisson,briere,5,0.75,seir,-14.346,True,True
COLOMBIA,SUCRE,2002-02-24,no_effect,poisson,briere,7,1.0,hostvector,-15.353,True,True
COLOMBIA,SUCRE,2002-02-24,no_effect,poisson,briere,7,1.0,seir,-18.257,True,True
COLOMBIA,SUCRE,2002-02-24,no_effect,poisson,briere,7,0.75,hostvector,-13.102,True,True
COLOMBIA,SUCRE,2002-02-24,no_effect,poisson,briere,7,0.75,seir,-15.74,True,True
COLOMBIA,SUCRE,2002-02-24,no_effect,poisson,loglinear,3,1.0,hostvector,-14.405,True,True
COLOMBIA,SUCRE,2002-02-24,no_effect,poisson,loglinear,3,1.0,seir,-14.666,True,True
COLOMBIA,SUCRE,2002-02-24,no_effect,poisson,loglinear,3,0.75,hostvector,-14.531,True,True
COLOMBIA,SUCRE,2002-02-24,no_effect,poisson,loglinear,3,0.75,seir,-14.711,True,True
COLOMBIA,SUCRE,2002-02-24,no_effect,poisson,loglinear,5,1.0,hostvector,-13.974,True,True
COLOMBIA,SUCRE,2002-02-24,no_effect,poisson,loglinear,5,1.0,seir,-15.421,True,True
COLOMBIA,SUCRE,2002-02-24,no_effect,poisson,loglinear,5,0.75,hostvector,4.023,False,False
COLOMBIA,SUCRE,2002-02-24,no_effect,poisson,loglinear,5,0.75,seir,-14.282,True,True
COLOMBIA,SUCRE,2002-02-24,no_effect,poisson,loglinear,7,1.0,hostvector,-15.818,True,True
COLOMBIA,SUCRE,2002-02-24,no_effect,poisson,loglinear,7,1.0,seir,-18.343,True,True
COLOMBIA,SUCRE,2002-02-24,no_effect,poisson,loglinear,7,0.75,hostvector,-13.709,True,True
COLOMBIA,SUCRE,2002-02-24,no_effect,poisson,loglinear,7,0.75,seir,-16.111,True,True
COLOMBIA,SUCRE,2002-02-24,climate,nb,briere,3,1.0,hostvector,-11.615,True,True
COLOMBIA,SUCRE,2002-02-24,climate,nb,briere,3,1.0,seir,-8.7,True,True
COLOMBIA,SUCRE,2002-02-24,climate,nb,briere,3,0.75,hostvector,-8.942,True,True
COLOMBIA,SUCRE,2002-02-24,climate,nb,briere,3,0.75,seir,-6.607,True,True
COLOMBIA,SUCRE,2002-02-24,climate,nb,briere,5,1.0,hostvector,-12.016,True,True
COLOMBIA,SUCRE,2002-02-24,climate,nb,briere,5,1.0,seir,-9.267,True,True
COLOMBIA,SUCRE,2002-02-24,climate,nb,briere,5,0.75,hostvector,-12.004,True,True
COLOMBIA,SUCRE,2002-02-24,climate,nb,briere,5,0.75,seir,-9.311,True,True
COLOMBIA,SUCRE,2002-02-24,climate,nb,briere,7,1.0,hostvector,-13.251,True,True
COLOMBIA,SUCRE,2002-02-24,climate,nb,briere,7,1.0,seir,-10.729,True,True
COLOMBIA,SUCRE,2002-02-24,climate,nb,briere,7,0.75,hostvector,-12.418,True,True
COLOMBIA,SUCRE,2002-02-24,climate,nb,briere,7,0.75,seir,-9.228,True,True
COLOMBIA,SUCRE,2002-02-24,climate,nb,loglinear,3,1.0,hostvector,-11.623,True,True
COLOMBIA,SUCRE,2002-02-24,climate,nb,loglinear,3,1.0,seir,-8.632,True,True
COLOMBIA,SUCRE,2002-02-24,climate,nb,loglinear,3,0.75,hostvector,-10.582,True,True
COLOMBIA,SUCRE,2002-02-24,climate,nb,loglinear,3,0.75,seir,-7.499,True,True
COLOMBIA,SUCRE,2002-02-24,climate,nb,loglinear,5,1.0,hostvector,-12.051,True,True
COLOMBIA,SUCRE,2002-02-24,climate,nb,loglinear,5,1.0,seir,-9.259,True,True
COLOMBIA,SUCRE,2002-02-24,climate,nb,loglinear,5,0.75,hostvector,-14.22,True,True
COLOMBIA,SUCRE,2002-02-24,climate,nb,loglinear,5,0.75,seir,-10.451,True,True
COLOMBIA,SUCRE,2002-02-24,climate,nb,loglinear,7,1.0,hostvector,-13.444,True,True
COLOMBIA,SUCRE,2002-02-24,climate,nb,loglinear,7,1.0,seir,-11.002,True,True
COLOMBIA,SUCRE,2002-02-24,climate,nb,loglinear,7,0.75,hostvector,-14.718,True,True
COLOMBIA,SUCRE,2002-02-24,climate,nb,loglinear,7,0.75,seir,-11.847,True,True
COLOMBIA,SUCRE,2002-02-24,climate,poisson,briere,3,1.0,hostvector,-53.474,True,True
COLOMBIA,SUCRE,2002-02-24,climate,poisson,briere,3,1.0,seir,-48.707,True,True
COLOMBIA,SUCRE,2002-02-24,climate,poisson,briere,3,0.75,hostvector,-38.458,True,True
COLOMBIA,SUCRE,2002-02-24,climate,poisson,briere,3,0.75,seir,-34.925,True,True
COLOMBIA,SUCRE,2002-02-24,climate,poisson,briere,5,1.0,hostvector,-44.783,True,True
COLOMBIA,SUCRE,2002-02-24,climate,poisson,briere,5,1.0,seir,-41.716,True,True
COLOMBIA,SUCRE,2002-02-24,climate,poisson,briere,5,0.75,hostvector,-51.37,True,True
COLOMBIA,SUCRE,2002-02-24,climate,poisson,briere,5,0.75,seir,-46.442,True,True
COLOMBIA,SUCRE,2002-02-24,climate,poisson,briere,7,1.0,hostvector,-61.134,True,True
COLOMBIA,SUCRE,2002-02-24,climate,poisson,briere,7,1.0,seir,-56.488,True,True
COLOMBIA,SUCRE,2002-02-24,climate,poisson,briere,7,0.75,hostvector,-61.54,True,True
COLOMBIA,SUCRE,2002-02-24,climate,poisson,briere,7,0.75,seir,-54.309,True,True
COLOMBIA,SUCRE,2002-02-24,climate,poisson,loglinear,3,1.0,hostvector,-52.405,True,True
COLOMBIA,SUCRE,2002-02-24,climate,poisson,loglinear,3,1.0,seir,-47.58,True,True
COLOMBIA,SUCRE,2002-02-24,climate,poisson,loglinear,3,0.75,hostvector,-43.48,True,True
COLOMBIA,SUCRE,2002-02-24,climate,poisson,loglinear,3,0.75,seir,-37.845,True,True
COLOMBIA,SUCRE,2002-02-24,climate,poisson,loglinear,5,1.0,hostvector,-43.641,True,True
COLOMBIA,SUCRE,2002-02-24,climate,poisson,loglinear,5,1.0,seir,-40.7,True,True
COLOMBIA,SUCRE,2002-02-24,climate,poisson,loglinear,5,0.75,hostvector,-56.614,True,True
COLOMBIA,SUCRE,2002-02-24,climate,poisson,loglinear,5,0.75,seir,-49.285,True,True
COLOMBIA,SUCRE,2002-02-24,climate,poisson,loglinear,7,1.0,hostvector,-60.528,True,True
COLOMBIA,SUCRE,2002-02-24,climate,poisson,loglinear,7,1.0,seir,-56.172,True,True
COLOMBIA,SUCRE,2002-02-24,climate,poisson,loglinear,7,0.75,hostvector,-66.541,True,True
COLOMBIA,SUCRE,2002-02-24,climate,poisson,loglinear,7,0.75,seir,-59.551,True,True
COLOMBIA,TOLIMA,2002-04-07,no_effect,nb,briere,3,1.0,hostvector,3.75,False,False
COLOMBIA,TOLIMA,2002-04-07,no_effect,nb,briere,3,1.0,seir,3.9,False,False
COLOMBIA,TOLIMA,2002-04-07,no_effect,nb,briere,3,0.75,hostvector,3.656,False,False
COLOMBIA,TOLIMA,2002-04-07,no_effect,nb,briere,3,0.75,seir,3.806,False,False
COLOMBIA,TOLIMA,2002-04-07,no_effect,nb,briere,5,1.0,hostvector,3.955,False,False
COLOMBIA,TOLIMA,2002-04-07,no_effect,nb,briere,5,1.0,seir,3.993,False,False
COLOMBIA,TOLIMA,2002-04-07,no_effect,nb,briere,5,0.75,hostvector,3.973,False,False
COLOMBIA,TOLIMA,2002-04-07,no_effect,nb,briere,5,0.75,seir,3.934,False,False
COLOMBIA,TOLIMA,2002-04-07,no_effect,nb,briere,7,1.0,hostvector,3.959,False,False
COLOMBIA,TOLIMA,2002-04-07,no_effect,nb,briere,7,1.0,seir,3.969,False,False
COLOMBIA,TOLIMA,2002-04-07,no_effect,nb,briere,7,0.75,hostvector,3.975,False,False
COLOMBIA,TOLIMA,2002-04-07,no_effect,nb,briere,7,0.75,seir,3.939,False,False
COLOMBIA,TOLIMA,2002-04-07,no_effect,nb,loglinear,3,1.0,hostvector,3.691,False,False
COLOMBIA,TOLIMA,2002-04-07,no_effect,nb,loglinear,3,1.0,seir,3.844,False,False
COLOMBIA,TOLIMA,2002-04-07,no_effect,nb,loglinear,3,0.75,hostvector,3.314,False,False
COLOMBIA,TOLIMA,2002-04-07,no_effect,nb,loglinear,3,0.75,seir,3.766,False,False
COLOMBIA,TOLIMA,2002-04-07,no_effect,nb,loglinear,5,1.0,hostvector,3.96,False,False
COLOMBIA,TOLIMA,2002-04-07,no_effect,nb,loglinear,5,1.0,seir,3.994,False,False
COLOMBIA,TOLIMA,2002-04-07,no_effect,nb,loglinear,5,0.75,hostvector,3.974,False,False
COLOMBIA,TOLIMA,2002-04-07,no_effect,nb,loglinear,5,0.75,seir,3.94,False,False
COLOMBIA,TOLIMA,2002-04-07,no_effect,nb,loglinear,7,1.0,hostvector,3.966,False,False
COLOMBIA,TOLIMA,2002-04-07,no_effect,nb,loglinear,7,1.0,seir,3.968,False,False
COLOMBIA,TOLIMA,2002-04-07,no_effect,nb,loglinear,7,0.75,hostvector,3.982,False,False
COLOMBIA,TOLIMA,2002-04-07,no_effect,nb,loglinear,7,0.75,seir,3.945,False,False
COLOMBIA,TOLIMA,2002-04-07,no_effect,poisson,briere,3,1.0,hostvector,-4.825,True,True
COLOMBIA,TOLIMA,2002-04-07,no_effect,poisson,briere,3,1.0,seir,-1.819,True,False
COLOMBIA,TOLIMA,2002-04-07,no_effect,poisson,briere,3,0.75,hostvector,-6.568,True,True
COLOMBIA,TOLIMA,2002-04-07,no_effect,poisson,briere,3,0.75,seir,-3.965,True,False
COLOMBIA,TOLIMA,2002-04-07,no_effect,poisson,briere,5,1.0,hostvector,1.72,False,False
COLOMBIA,TOLIMA,2002-04-07,no_effect,poisson,briere,5,1.0,seir,2.773,False,False
COLOMBIA,TOLIMA,2002-04-07,no_effect,poisson,briere,5,0.75,hostvector,2.462,False,False
COLOMBIA,TOLIMA,2002-04-07,no_effect,poisson,briere,5,0.75,seir,2.832,False,False
COLOMBIA,TOLIMA,2002-04-07,no_effect,poisson,briere,7,1.0,hostvector,2.405,False,False
COLOMBIA,TOLIMA,2002-04-07,no_effect,poisson,briere,7,1.0,seir,2.652,False,False
COLOMBIA,TOLIMA,2002-04-07,no_effect,poisson,briere,7,0.75,hostvector,3.765,False,False
COLOMBIA,TOLIMA,2002-04-07,no_effect,poisson,briere,7,0.75,seir,3.056,False,False
COLOMBIA,TOLIMA,2002-04-07,no_effect,poisson,loglinear,3,1.0,hostvector,-6.908,True,True
COLOMBIA,TOLIMA,2002-04-07,no_effect,poisson,loglinear,3,1.0,seir,-3.673,True,False
COLOMBIA,TOLIMA,2002-04-07,no_effect,poisson,loglinear,3,0.75,hostvector,-19.639,True,True
COLOMBIA,TOLIMA,2002-04-07,no_effect,poisson,loglinear,3,0.75,seir,-8.998,True,True
COLOMBIA,TOLIMA,2002-04-07,no_effect,poisson,loglinear,5,1.0,hostvector,1.783,False,False
COLOMBIA,TOLIMA,2002-04-07,no_effect,poisson,loglinear,5,1.0,seir,2.799,False,False
COLOMBIA,TOLIMA,2002-04-07,no_effect,poisson,loglinear,5,0.75,hostvector,2.279,False,False
COLOMBIA,TOLIMA,2002-04-07,no_effect,poisson,loglinear,5,0.75,seir,2.887,False,False
COLOMBIA,TOLIMA,2002-04-07,no_effect,poisson,loglinear,7,1.0,hostvector,2.586,False,False
COLOMBIA,TOLIMA,2002-04-07,no_effect,poisson,loglinear,7,1.0,seir,2.727,False,False
COLOMBIA,TOLIMA,2002-04-07,no_effect,poisson,loglinear,7,0.75,hostvector,3.862,False,False
COLOMBIA,TOLIMA,2002-04-07,no_effect,poisson,loglinear,7,0.75,seir,3.145,False,False
COLOMBIA,TOLIMA,2002-04-07,climate,nb,briere,3,1.0,hostvector,-172.187,True,True
COLOMBIA,TOLIMA,2002-04-07,climate,nb,briere,3,1.0,seir,-172.577,True,True
COLOMBIA,TOLIMA,2002-04-07,climate,nb,briere,3,0.75,hostvector,-164.372,True,True
COLOMBIA,TOLIMA,2002-04-07,climate,nb,briere,3,0.75,seir,-166.328,True,True
COLOMBIA,TOLIMA,2002-04-07,climate,nb,briere,5,1.0,hostvector,-99.645,True,True
COLOMBIA,TOLIMA,2002-04-07,climate,nb,briere,5,1.0,seir,-86.874,True,True
COLOMBIA,TOLIMA,2002-04-07,climate,nb,briere,5,0.75,hostvector,-94.771,True,True
COLOMBIA,TOLIMA,2002-04-07,climate,nb,briere,5,0.75,seir,-84.796,True,True
COLOMBIA,TOLIMA,2002-04-07,climate,nb,briere,7,1.0,hostvector,-3.288,True,False
COLOMBIA,TOLIMA,2002-04-07,climate,nb,briere,7,1.0,seir,-0.176,True,False
COLOMBIA,TOLIMA,2002-04-07,climate,nb,briere,7,0.75,hostvector,-3.596,True,False
COLOMBIA,TOLIMA,2002-04-07,climate,nb,briere,7,0.75,seir,-0.698,True,False
COLOMBIA,TOLIMA,2002-04-07,climate,nb,loglinear,3,1.0,hostvector,-171.668,True,True
COLOMBIA,TOLIMA,2002-04-07,climate,nb,loglinear,3,1.0,seir,-171.672,True,True
COLOMBIA,TOLIMA,2002-04-07,climate,nb,loglinear,3,0.75,hostvector,-164.057,True,True
COLOMBIA,TOLIMA,2002-04-07,climate,nb,loglinear,3,0.75,seir,-165.669,True,True
COLOMBIA,TOLIMA,2002-04-07,climate,nb,loglinear,5,1.0,hostvector,-99.022,True,True
COLOMBIA,TOLIMA,2002-04-07,climate,nb,loglinear,5,1.0,seir,-86.229,True,True
COLOMBIA,TOLIMA,2002-04-07,climate,nb,loglinear,5,0.75,hostvector,-94.375,True,True
COLOMBIA,TOLIMA,2002-04-07,climate,nb,loglinear,5,0.75,seir,-84.361,True,True
COLOMBIA,TOLIMA,2002-04-07,climate,nb,loglinear,7,1.0,hostvector,-7.815,True,True
COLOMBIA,TOLIMA,2002-04-07,climate,nb,loglinear,7,1.0,seir,-6.569,True,True
COLOMBIA,TOLIMA,2002-04-07,climate,nb,loglinear,7,0.75,hostvector,-24.025,True,True
COLOMBIA,TOLIMA,2002-04-07,climate,nb,loglinear,7,0.75,seir,-22.777,True,True
COLOMBIA,TOLIMA,2002-04-07,climate,poisson,briere,3,1.0,hostvector,-8082.5,True,True
COLOMBIA,TOLIMA,2002-04-07,climate,poisson,briere,3,1.0,seir,-8047.261,True,True
COLOMBIA,TOLIMA,2002-04-07,climate,poisson,briere,3,0.75,hostvector,-7773.064,True,True
COLOMBIA,TOLIMA,2002-04-07,climate,poisson,briere,3,0.75,seir,-7795.087,True,True
COLOMBIA,TOLIMA,2002-04-07,climate,poisson,briere,5,1.0,hostvector,-4511.581,True,True
COLOMBIA,TOLIMA,2002-04-07,climate,poisson,briere,5,1.0,seir,-3945.987,True,True
COLOMBIA,TOLIMA,2002-04-07,climate,poisson,briere,5,0.75,hostvector,-4206.091,True,True
COLOMBIA,TOLIMA,2002-04-07,climate,poisson,briere,5,0.75,seir,-3739.625,True,True
COLOMBIA,TOLIMA,2002-04-07,climate,poisson,briere,7,1.0,hostvector,-370.784,True,True
COLOMBIA,TOLIMA,2002-04-07,climate,poisson,briere,7,1.0,seir,-241.678,True,True
COLOMBIA,TOLIMA,2002-04-07,climate,poisson,briere,7,0.75,hostvector,-294.826,True,True
COLOMBIA,TOLIMA,2002-04-07,climate,poisson,briere,7,0.75,seir,-186.354,True,True
COLOMBIA,TOLIMA,2002-04-07,climate,poisson,loglinear,3,1.0,hostvector,-8052.129,True,True
COLOMBIA,TOLIMA,2002-04-07,climate,poisson,loglinear,3,1.0,seir,-8004.525,True,True
COLOMBIA,TOLIMA,2002-04-07,climate,poisson,loglinear,3,0.75,hostvector,-7749.145,True,True
COLOMBIA,TOLIMA,2002-04-07,climate,poisson,loglinear,3,0.75,seir,-7762.133,True,True
COLOMBIA,TOLIMA,2002-04-07,climate,poisson,loglinear,5,1.0,hostvector,-4470.068,True,True
COLOMBIA,TOLIMA,2002-04-07,climate,poisson,loglinear,5,1.0,seir,-3917.847,True,True
COLOMBIA,TOLIMA,2002-04-07,climate,poisson,loglinear,5,0.75,hostvector,-4184.197,True,True
COLOMBIA,TOLIMA,2002-04-07,climate,poisson,loglinear,5,0.75,seir,-3725.307,True,True
COLOMBIA,TOLIMA,2002-04-07,climate,poisson,loglinear,7,1.0,hostvector,-1198.09,True,True
COLOMBIA,TOLIMA,2002-04-07,climate,poisson,loglinear,7,1.0,seir,-1239.457,True,True
COLOMBIA,TOLIMA,2002-04-07,climate,poisson,loglinear,7,0.75,hostvector,-1663.745,True,True
COLOMBIA,TOLIMA,2002-04-07,climate,poisson,loglinear,7,0.75,seir,-1666.852,True,True
COLOMBIA,CAQUETA,2002-05-19,no_effect,nb,briere,3,1.0,hostvector,0.906,False,False
COLOMBIA,CAQUETA,2002-05-19,no_effect,nb,briere,3,1.0,seir,1.249,False,False
COLOMBIA,CAQUETA,2002-05-19,no_effect,nb,briere,3,0.75,hostvector,3.892,False,False
COLOMBIA,CAQUETA,2002-05-19,no_effect,nb,briere,3,0.75,seir,3.925,False,False
COLOMBIA,CAQUETA,2002-05-19,no_effect,nb,briere,5,1.0,hostvector,0.328,False,False
COLOMBIA,CAQUETA,2002-05-19,no_effect,nb,briere,5,1.0,seir,0.568,False,False
COLOMBIA,CAQUETA,2002-05-19,no_effect,nb,briere,5,0.75,hostvector,3.958,False,False
COLOMBIA,CAQUETA,2002-05-19,no_effect,nb,briere,5,0.75,seir,3.898,False,False
COLOMBIA,CAQUETA,2002-05-19,no_effect,nb,briere,7,1.0,hostvector,-0.047,True,False
COLOMBIA,CAQUETA,2002-05-19,no_effect,nb,briere,7,1.0,seir,0.195,False,False
COLOMBIA,CAQUETA,2002-05-19,no_effect,nb,briere,7,0.75,hostvector,3.797,False,False
COLOMBIA,CAQUETA,2002-05-19,no_effect,nb,briere,7,0.75,seir,3.56,False,False
COLOMBIA,CAQUETA,2002-05-19,no_effect,nb,loglinear,3,1.0,hostvector,-0.465,True,False
COLOMBIA,CAQUETA,2002-05-19,no_effect,nb,loglinear,3,1.0,seir,0.087,False,False
COLOMBIA,CAQUETA,2002-05-19,no_effect,nb,loglinear,3,0.75,hostvector,3.773,False,False
COLOMBIA,CAQUETA,2002-05-19,no_effect,nb,loglinear,3,0.75,seir,3.838,False,False
COLOMBIA,CAQUETA,2002-05-19,no_effect,nb,loglinear,5,1.0,hostvector,-0.071,True,False
COLOMBIA,CAQUETA,2002-05-19,no_effect,nb,loglinear,5,1.0,seir,0.176,False,False
COLOMBIA,CAQUETA,2002-05-19,no_effect,nb,loglinear,5,0.75,hostvector,3.958,False,False
COLOMBIA,CAQUETA,2002-05-19,no_effect,nb,loglinear,5,0.75,seir,3.869,False,False
COLOMBIA,CAQUETA,2002-05-19,no_effect,nb,loglinear,7,1.0,hostvector,-0.085,True,False
COLOMBIA,CAQUETA,2002-05-19,no_effect,nb,loglinear,7,1.0,seir,0.169,False,False
COLOMBIA,CAQUETA,2002-05-19,no_effect,nb,loglinear,7,0.75,hostvector,3.796,False,False
COLOMBIA,CAQUETA,2002-05-19,no_effect,nb,loglinear,7,0.75,seir,3.558,False,False
COLOMBIA,CAQUETA,2002-05-19,no_effect,poisson,briere,3,1.0,hostvector,-34.856,True,True
COLOMBIA,CAQUETA,2002-05-19,no_effect,poisson,briere,3,1.0,seir,-29.548,True,True
COLOMBIA,CAQUETA,2002-05-19,no_effect,poisson,briere,3,0.75,hostvector,0.858,False,False
COLOMBIA,CAQUETA,2002-05-19,no_effect,poisson,briere,3,0.75,seir,2.593,False,False
COLOMBIA,CAQUETA,2002-05-19,no_effect,poisson,briere,5,1.0,hostvector,-38.443,True,True
COLOMBIA,CAQUETA,2002-05-19,no_effect,poisson,briere,5,1.0,seir,-34.893,True,True
COLOMBIA,CAQUETA,2002-05-19,no_effect,poisson,briere,5,0.75,hostvector,2.205,False,False
COLOMBIA,CAQUETA,2002-05-19,no_effect,poisson,briere,5,0.75,seir,3.102,False,False
COLOMBIA,CAQUETA,2002-05-19,no_effect,poisson,briere,7,1.0,hostvector,-38.6,True,True
COLOMBIA,CAQUETA,2002-05-19,no_effect,poisson,briere,7,1.0,seir,-36.648,True,True
COLOMBIA,CAQUETA,2002-05-19,no_effect,poisson,briere,7,0.75,hostvector,1.041,False,False
COLOMBIA,CAQUETA,2002-05-19,no_effect,poisson,briere,7,0.75,seir,-0.441,True,False
COLOMBIA,CAQUETA,2002-05-19,no_effect,poisson,loglinear,3,1.0,hostvector,-46.909,True,True
COLOMBIA,CAQUETA,2002-05-19,no_effect,poisson,loglinear,3,1.0,seir,-42.229,True,True
COLOMBIA,CAQUETA,2002-05-19,no_effect,poisson,loglinear,3,0.75,hostvector,0.223,False,False
COLOMBIA,CAQUETA,2002-05-19,no_effect,poisson,loglinear,3,0.75,seir,1.824,False,False
COLOMBIA,CAQUETA,2002-05-19,no_effect,poisson,loglinear,5,1.0,hostvector,-41.89,True,True
COLOMBIA,CAQUETA,2002-05-19,no_effect,poisson,loglinear,5,1.0,seir,-39.183,True,True
COLOMBIA,CAQUETA,2002-05-19,no_effect,poisson,loglinear,5,0.75,hostvector,1.964,False,False
COLOMBIA,CAQUETA,2002-05-19,no_effect,poisson,loglinear,5,0.75,seir,3.101,False,False
COLOMBIA,CAQUETA,2002-05-19,no_effect,poisson,loglinear,7,1.0,hostvector,-38.909,True,True
COLOMBIA,CAQUETA,2002-05-19,no_effect,poisson,loglinear,7,1.0,seir,-37.088,True,True
COLOMBIA,CAQUETA,2002-05-19,no_effect,poisson,loglinear,7,0.75,hostvector,0.978,False,False
COLOMBIA,CAQUETA,2002-05-19,no_effect,poisson,loglinear,7,0.75,seir,-0.448,True,False
COLOMBIA,CAQUETA,2002-05-19,climate,nb,briere,3,1.0,hostvector,-12.973,True,True
COLOMBIA,CAQUETA,2002-05-19,climate,nb,briere,3,1.0,seir,-13.559,True,True
COLOMBIA,CAQUETA,2002-05-19,climate,nb,briere,3,0.75,hostvector,0.576,False,False
COLOMBIA,CAQUETA,2002-05-19,climate,nb,briere,3,0.75,seir,1.078,False,False
COLOMBIA,CAQUETA,2002-05-19,climate,nb,briere,5,1.0,hostvector,-7.148,True,True
COLOMBIA,CAQUETA,2002-05-19,climate,nb,briere,5,1.0,seir,-6.223,True,True
COLOMBIA,CAQUETA,2002-05-19,climate,nb,briere,5,0.75,hostvector,1.966,False,False
COLOMBIA,CAQUETA,2002-05-19,climate,nb,briere,5,0.75,seir,2.207,False,False
COLOMBIA,CAQUETA,2002-05-19,climate,nb,briere,7,1.0,hostvector,3.786,False,False
COLOMBIA,CAQUETA,2002-05-19,climate,nb,briere,7,1.0,seir,3.53,False,False
COLOMBIA,CAQUETA,2002-05-19,climate,nb,briere,7,0.75,hostvector,3.591,False,False
COLOMBIA,CAQUETA,2002-05-19,climate,nb,briere,7,0.75,seir,3.898,False,False
COLOMBIA,CAQUETA,2002-05-19,climate,nb,loglinear,3,1.0,hostvector,-12.83,True,True
COLOMBIA,CAQUETA,2002-05-19,climate,nb,loglinear,3,1.0,seir,-13.485,True,True
COLOMBIA,CAQUETA,2002-05-19,climate,nb,loglinear,3,0.75,hostvector,1.025,False,False
COLOMBIA,CAQUETA,2002-05-19,climate,nb,loglinear,3,0.75,seir,1.099,False,False
COLOMBIA,CAQUETA,2002-05-19,climate,nb,loglinear,5,1.0,hostvector,-6.985,True,True
COLOMBIA,CAQUETA,2002-05-19,climate,nb,loglinear,5,1.0,seir,-6.148,True,True
COLOMBIA,CAQUETA,2002-05-19,climate,nb,loglinear,5,0.75,hostvector,1.972,False,False
COLOMBIA,CAQUETA,2002-05-19,climate,nb,loglinear,5,0.75,seir,1.405,False,False
COLOMBIA,CAQUETA,2002-05-19,climate,nb,loglinear,7,1.0,hostvector,3.802,False,False
COLOMBIA,CAQUETA,2002-05-19,climate,nb,loglinear,7,1.0,seir,2.851,False,False
COLOMBIA,CAQUETA,2002-05-19,climate,nb,loglinear,7,0.75,hostvector,2.666,False,False
COLOMBIA,CAQUETA,2002-05-19,climate,nb,loglinear,7,0.75,seir,1.269,False,False
COLOMBIA,CAQUETA,2002-05-19,climate,poisson,briere,3,1.0,hostvector,-111.394,True,True
COLOMBIA,CAQUETA,2002-05-19,climate,poisson,briere,3,1.0,seir,-118.661,True,True
COLOMBIA,CAQUETA,2002-05-19,climate,poisson,briere,3,0.75,hostvector,-95.664,True,True
COLOMBIA,CAQUETA,2002-05-19,climate,poisson,briere,3,0.75,seir,-78.861,True,True
COLOMBIA,CAQUETA,2002-05-19,climate,poisson,briere,5,1.0,hostvector,-94.353,True,True
COLOMBIA,CAQUETA,2002-05-19,climate,poisson,briere,5,1.0,seir,-80.81,True,True
COLOMBIA,CAQUETA,2002-05-19,climate,poisson,briere,5,0.75,hostvector,-56.999,True,True
COLOMBIA,CAQUETA,2002-05-19,climate,poisson,briere,5,0.75,seir,-38.633,True,True
COLOMBIA,CAQUETA,2002-05-19,climate,poisson,briere,7,1.0,hostvector,-4.725,True,True
COLOMBIA,CAQUETA,2002-05-19,climate,poisson,briere,7,1.0,seir,-3.771,True,False
COLOMBIA,CAQUETA,2002-05-19,climate,poisson,briere,7,0.75,hostvector,-6.144,True,True
COLOMBIA,CAQUETA,2002-05-19,climate,poisson,briere,7,0.75,seir,-0.676,True,False
COLOMBIA,CAQUETA,2002-05-19,climate,poisson,loglinear,3,1.0,hostvector,70.77,False,False
COLOMBIA,CAQUETA,2002-05-19,climate,poisson,loglinear,3,1.0,seir,-117.823,True,True
COLOMBIA,CAQUETA,2002-05-19,climate,poisson,loglinear,3,0.75,hostvector,-52.714,True,True
COLOMBIA,CAQUETA,2002-05-19,climate,poisson,loglinear,3,0.75,seir,-71.24,True,True
COLOMBIA,CAQUETA,2002-05-19,climate,poisson,loglinear,5,1.0,hostvector,-93.862,True,True
COLOMBIA,CAQUETA,2002-05-19,climate,poisson,loglinear,5,1.0,seir,-81.009,True,True
COLOMBIA,CAQUETA,2002-05-19,climate,poisson,loglinear,5,0.75,hostvector,-58.828,True,True
COLOMBIA,CAQUETA,2002-05-19,climate,poisson,loglinear,5,0.75,seir,-38.985,True,True
COLOMBIA,CAQUETA,2002-05-19,climate,poisson,loglinear,7,1.0,hostvector,-11.189,True,True
COLOMBIA,CAQUETA,2002-05-19,climate,poisson,loglinear,7,1.0,seir,-27.17,True,True
COLOMBIA,CAQUETA,2002-05-19,climate,poisson,loglinear,7,0.75,hostvector,-3.329,True,False
COLOMBIA,CAQUETA,2002-05-19,climate,poisson,loglinear,7,0.75,seir,-14.742,True,True
COLOMBIA,ARAUCA,2002-11-10,no_effect,nb,briere,3,1.0,hostvector,2.668,False,False
COLOMBIA,ARAUCA,2002-11-10,no_effect,nb,briere,3,1.0,seir,1.949,False,False
COLOMBIA,ARAUCA,2002-11-10,no_effect,nb,briere,3,0.75,hostvector,2.596,False,False
COLOMBIA,ARAUCA,2002-11-10,no_effect,nb,briere,3,0.75,seir,1.53,False,False
COLOMBIA,ARAUCA,2002-11-10,no_effect,nb,briere,5,1.0,hostvector,1.38,False,False
COLOMBIA,ARAUCA,2002-11-10,no_effect,nb,briere,5,1.0,seir,0.947,False,False
COLOMBIA,ARAUCA,2002-11-10,no_effect,nb,briere,5,0.75,hostvector,0.243,False,False
COLOMBIA,ARAUCA,2002-11-10,no_effect,nb,briere,5,0.75,seir,-0.659,True,False
COLOMBIA,ARAUCA,2002-11-10,no_effect,nb,briere,7,1.0,hostvector,3.209,False,False
COLOMBIA,ARAUCA,2002-11-10,no_effect,nb,briere,7,1.0,seir,2.968,False,False
COLOMBIA,ARAUCA,2002-11-10,no_effect,nb,briere,7,0.75,hostvector,-0.043,True,False
COLOMBIA,ARAUCA,2002-11-10,no_effect,nb,briere,7,0.75,seir,-0.835,True,False
COLOMBIA,ARAUCA,2002-11-10,no_effect,nb,loglinear,3,1.0,hostvector,2.605,False,False
COLOMBIA,ARAUCA,2002-11-10,no_effect,nb,loglinear,3,1.0,seir,1.686,False,False
COLOMBIA,ARAUCA,2002-11-10,no_effect,nb,loglinear,3,0.75,hostvector,2.569,False,False
COLOMBIA,ARAUCA,2002-11-10,no_effect,nb,loglinear,3,0.75,seir,1.399,False,False
COLOMBIA,ARAUCA,2002-11-10,no_effect,nb,loglinear,5,1.0,hostvector,1.38,False,False
COLOMBIA,ARAUCA,2002-11-10,no_effect,nb,loglinear,5,1.0,seir,0.851,False,False
COLOMBIA,ARAUCA,2002-11-10,no_effect,nb,loglinear,5,0.75,hostvector,0.217,False,False
COLOMBIA,ARAUCA,2002-11-10,no_effect,nb,loglinear,5,0.75,seir,-0.66,True,False
COLOMBIA,ARAUCA,2002-11-10,no_effect,nb,loglinear,7,1.0,hostvector,2.619,False,False
COLOMBIA,ARAUCA,2002-11-10,no_effect,nb,loglinear,7,1.0,seir,1.818,False,False
COLOMBIA,ARAUCA,2002-11-10,no_effect,nb,loglinear,7,0.75,hostvector,-0.044,True,False
COLOMBIA,ARAUCA,2002-11-10,no_effect,nb,loglinear,7,0.75,seir,-0.91,True,False
COLOMBIA,ARAUCA,2002-11-10,no_effect,poisson,briere,3,1.0,hostvector,-3.978,True,False
COLOMBIA,ARAUCA,2002-11-10,no_effect,poisson,briere,3,1.0,seir,-8.029,True,True
COLOMBIA,ARAUCA,2002-11-10,no_effect,poisson,briere,3,0.75,hostvector,-3.086,True,False
COLOMBIA,ARAUCA,2002-11-10,no_effect,poisson,briere,3,0.75,seir,-8.531,True,True
COLOMBIA,ARAUCA,2002-11-10,no_effect,poisson,briere,5,1.0,hostvector,-13.711,True,True
COLOMBIA,ARAUCA,2002-11-10,no_effect,poisson,briere,5,1.0,seir,-14.605,True,True
COLOMBIA,ARAUCA,2002-11-10,no_effect,poisson,briere,5,0.75,hostvector,-24.557,True,True
COLOMBIA,ARAUCA,2002-11-10,no_effect,poisson,briere,5,0.75,seir,-28.365,True,True
COLOMBIA,ARAUCA,2002-11-10,no_effect,poisson,briere,7,1.0,hostvector,-1.426,True,False
COLOMBIA,ARAUCA,2002-11-10,no_effect,poisson,briere,7,1.0,seir,-2.194,True,False
COLOMBIA,ARAUCA,2002-11-10,no_effect,poisson,briere,7,0.75,hostvector,-28.027,True,True
COLOMBIA,ARAUCA,2002-11-10,no_effect,poisson,briere,7,0.75,seir,-31.315,True,True
COLOMBIA,ARAUCA,2002-11-10,no_effect,poisson,loglinear,3,1.0,hostvector,-4.049,True,True
COLOMBIA,ARAUCA,2002-11-10,no_effect,poisson,loglinear,3,1.0,seir,-8.041,True,True
COLOMBIA,ARAUCA,2002-11-10,no_effect,poisson,loglinear,3,0.75,hostvector,-3.144,True,False
COLOMBIA,ARAUCA,2002-11-10,no_effect,poisson,loglinear,3,0.75,seir,-8.537,True,True
COLOMBIA,ARAUCA,2002-11-10,no_effect,poisson,loglinear,5,1.0,hostvector,-13.785,True,True
COLOMBIA,ARAUCA,2002-11-10,no_effect,poisson,loglinear,5,1.0,seir,-14.629,True,True
COLOMBIA,ARAUCA,2002-11-10,no_effect,poisson,loglinear,5,0.75,hostvector,-24.985,True,True
COLOMBIA,ARAUCA,2002-11-10,no_effect,poisson,loglinear,5,0.75,seir,-28.657,True,True
COLOMBIA,ARAUCA,2002-11-10,no_effect,poisson,loglinear,7,1.0,hostvector,-3.415,True,False
COLOMBIA,ARAUCA,2002-11-10,no_effect,poisson,loglinear,7,1.0,seir,-5.903,True,True
COLOMBIA,ARAUCA,2002-11-10,no_effect,poisson,loglinear,7,0.75,hostvector,-28.277,True,True
COLOMBIA,ARAUCA,2002-11-10,no_effect,poisson,loglinear,7,0.75,seir,-31.422,True,True
COLOMBIA,ARAUCA,2002-11-10,climate,nb,briere,3,1.0,hostvector,-55.296,True,True
COLOMBIA,ARAUCA,2002-11-10,climate,nb,briere,3,1.0,seir,-53.767,True,True
COLOMBIA,ARAUCA,2002-11-10,climate,nb,briere,3,0.75,hostvector,-50.292,True,True
COLOMBIA,ARAUCA,2002-11-10,climate,nb,briere,3,0.75,seir,-49.224,True,True
COLOMBIA,ARAUCA,2002-11-10,climate,nb,briere,5,1.0,hostvector,-45.412,True,True
COLOMBIA,ARAUCA,2002-11-10,climate,nb,briere,5,1.0,seir,-42.471,True,True
COLOMBIA,ARAUCA,2002-11-10,climate,nb,briere,5,0.75,hostvector,-48.894,True,True
COLOMBIA,ARAUCA,2002-11-10,climate,nb,briere,5,0.75,seir,-48.062,True,True
COLOMBIA,ARAUCA,2002-11-10,climate,nb,briere,7,1.0,hostvector,-18.738,True,True
COLOMBIA,ARAUCA,2002-11-10,climate,nb,briere,7,1.0,seir,-13.724,True,True
COLOMBIA,ARAUCA,2002-11-10,climate,nb,briere,7,0.75,hostvector,-41.151,True,True
COLOMBIA,ARAUCA,2002-11-10,climate,nb,briere,7,0.75,seir,-40.324,True,True
COLOMBIA,ARAUCA,2002-11-10,climate,nb,loglinear,3,1.0,hostvector,-55.618,True,True
COLOMBIA,ARAUCA,2002-11-10,climate,nb,loglinear,3,1.0,seir,-54.541,True,True
COLOMBIA,ARAUCA,2002-11-10,climate,nb,loglinear,3,0.75,hostvector,-52.355,True,True
COLOMBIA,ARAUCA,2002-11-10,climate,nb,loglinear,3,0.75,seir,-52.224,True,True
COLOMBIA,ARAUCA,2002-11-10,climate,nb,loglinear,5,1.0,hostvector,-50.879,True,True
COLOMBIA,ARAUCA,2002-11-10,climate,nb,loglinear,5,1.0,seir,-49.8,True,True
COLOMBIA,ARAUCA,2002-11-10,climate,nb,loglinear,5,0.75,hostvector,-53.66,True,True
COLOMBIA,ARAUCA,2002-11-10,climate,nb,loglinear,5,0.75,seir,-53.53,True,True
COLOMBIA,ARAUCA,2002-11-10,climate,nb,loglinear,7,1.0,hostvector,-48.503,True,True
COLOMBIA,ARAUCA,2002-11-10,climate,nb,loglinear,7,1.0,seir,-48.413,True,True
COLOMBIA,ARAUCA,2002-11-10,climate,nb,loglinear,7,0.75,hostvector,-53.988,True,True
COLOMBIA,ARAUCA,2002-11-10,climate,nb,loglinear,7,0.75,seir,-53.94,True,True
COLOMBIA,ARAUCA,2002-11-10,climate,poisson,briere,3,1.0,hostvector,-410.656,True,True
COLOMBIA,ARAUCA,2002-11-10,climate,poisson,briere,3,1.0,seir,-395.459,True,True
COLOMBIA,ARAUCA,2002-11-10,climate,poisson,briere,3,0.75,hostvector,-354.839,True,True
COLOMBIA,ARAUCA,2002-11-10,climate,poisson,briere,3,0.75,seir,-354.984,True,True
COLOMBIA,ARAUCA,2002-11-10,climate,poisson,briere,5,1.0,hostvector,-318.098,True,True
COLOMBIA,ARAUCA,2002-11-10,climate,poisson,briere,5,1.0,seir,-284.705,True,True
COLOMBIA,ARAUCA,2002-11-10,climate,poisson,briere,5,0.75,hostvector,-404.298,True,True
COLOMBIA,ARAUCA,2002-11-10,climate,poisson,briere,5,0.75,seir,-401.111,True,True
COLOMBIA,ARAUCA,2002-11-10,climate,poisson,briere,7,1.0,hostvector,-112.116,True,True
COLOMBIA,ARAUCA,2002-11-10,climate,poisson,briere,7,1.0,seir,-79.852,True,True
COLOMBIA,ARAUCA,2002-11-10,climate,poisson,briere,7,0.75,hostvector,-381.582,True,True
COLOMBIA,ARAUCA,2002-11-10,climate,poisson,briere,7,0.75,seir,-379.203,True,True
COLOMBIA,ARAUCA,2002-11-10,climate,poisson,loglinear,3,1.0,hostvector,-405.034,True,True
COLOMBIA,ARAUCA,2002-11-10,climate,poisson,loglinear,3,1.0,seir,-387.498,True,True
COLOMBIA,ARAUCA,2002-11-10,climate,poisson,loglinear,3,0.75,hostvector,-370.943,True,True
COLOMBIA,ARAUCA,2002-11-10,climate,poisson,loglinear,3,0.75,seir,-370.901,True,True
COLOMBIA,ARAUCA,2002-11-10,climate,poisson,loglinear,5,1.0,hostvector,-320.929,True,True
COLOMBIA,ARAUCA,2002-11-10,climate,poisson,loglinear,5,1.0,seir,-295.824,True,True
COLOMBIA,ARAUCA,2002-11-10,climate,poisson,loglinear,5,0.75,hostvector,-410.319,True,True
COLOMBIA,ARAUCA,2002-11-10,climate,poisson,loglinear,5,0.75,seir,-408.127,True,True
COLOMBIA,ARAUCA,2002-11-10,climate,poisson,loglinear,7,1.0,hostvector,-300.826,True,True
COLOMBIA,ARAUCA,2002-11-10,climate,poisson,loglinear,7,1.0,seir,-304.826,True,True
COLOMBIA,ARAUCA,2002-11-10,climate,poisson,loglinear,7,0.75,hostvector,-416.183,True,True
COLOMBIA,ARAUCA,2002-11-10,climate,poisson,loglinear,7,0.75,seir,-414.716,True,True
COLOMBIA,COLOMBIA,2018-11-04,no_effect,nb,briere,3,1.0,hostvector,0.794,False,False
COLOMBIA,COLOMBIA,2018-11-04,no_effect,nb,briere,3,1.0,seir,-6.554,True,True
COLOMBIA,COLOMBIA,2018-11-04,no_effect,nb,briere,3,0.75,hostvector,1.625,False,False
COLOMBIA,COLOMBIA,2018-11-04,no_effect,nb,briere,3,0.75,seir,3.275,False,False
COLOMBIA,COLOMBIA,2018-11-04,no_effect,nb,briere,5,1.0,hostvector,-2.326,True,False
COLOMBIA,COLOMBIA,2018-11-04,no_effect,nb,briere,5,1.0,seir,-34.834,True,True
COLOMBIA,COLOMBIA,2018-11-04,no_effect,nb,briere,5,0.75,hostvector,-0.942,True,False
COLOMBIA,COLOMBIA,2018-11-04,no_effect,nb,briere,5,0.75,seir,-1.149,True,False
COLOMBIA,COLOMBIA,2018-11-04,no_effect,nb,briere,7,1.0,hostvector,-3.474,True,False
COLOMBIA,COLOMBIA,2018-11-04,no_effect,nb,briere,7,1.0,seir,-60.478,True,True
COLOMBIA,COLOMBIA,2018-11-04,no_effect,nb,briere,7,0.75,hostvector,-1.042,True,False
COLOMBIA,COLOMBIA,2018-11-04,no_effect,nb,briere,7,0.75,seir,-12.828,True,True
COLOMBIA,COLOMBIA,2018-11-04,no_effect,nb,loglinear,3,1.0,hostvector,0.871,False,False
COLOMBIA,COLOMBIA,2018-11-04,no_effect,nb,loglinear,3,1.0,seir,-22.726,True,True
COLOMBIA,COLOMBIA,2018-11-04,no_effect,nb,loglinear,3,0.75,hostvector,1.724,False,False
COLOMBIA,COLOMBIA,2018-11-04,no_effect,nb,loglinear,3,0.75,seir,1.747,False,False
COLOMBIA,COLOMBIA,2018-11-04,no_effect,nb,loglinear,5,1.0,hostvector,4.012,False,False
COLOMBIA,COLOMBIA,2018-11-04,no_effect,nb,loglinear,5,1.0,seir,-35.592,True,True
COLOMBIA,COLOMBIA,2018-11-04,no_effect,nb,loglinear,5,0.75,hostvector,-0.72,True,False
COLOMBIA,COLOMBIA,2018-11-04,no_effect,nb,loglinear,5,0.75,seir,-0.982,True,False
COLOMBIA,COLOMBIA,2018-11-04,no_effect,nb,loglinear,7,1.0,hostvector,-3.396,True,False
COLOMBIA,COLOMBIA,2018-11-04,no_effect,nb,loglinear,7,1.0,seir,-60.205,True,True
COLOMBIA,COLOMBIA,2018-11-04,no_effect,nb,loglinear,7,0.75,hostvector,3.639,False,False
COLOMBIA,COLOMBIA,2018-11-04,no_effect,nb,loglinear,7,0.75,seir,-11.738,True,True
COLOMBIA,COLOMBIA,2018-11-04,no_effect,poisson,briere,3,1.0,hostvector,-5403.919,True,True
COLOMBIA,COLOMBIA,2018-11-04,no_effect,poisson,briere,3,1.0,seir,-11755.867,True,True
COLOMBIA,COLOMBIA,2018-11-04,no_effect,poisson,briere,3,0.75,hostvector,-4951.12,True,True
COLOMBIA,COLOMBIA,2018-11-04,no_effect,poisson,briere,3,0.75,seir,-819.466,True,True
COLOMBIA,COLOMBIA,2018-11-04,no_effect,poisson,briere,5,1.0,hostvector,-6454.154,True,True
COLOMBIA,COLOMBIA,2018-11-04,no_effect,poisson,briere,5,1.0,seir,-14282.232,True,True
COLOMBIA,COLOMBIA,2018-11-04,no_effect,poisson,briere,5,0.75,hostvector,-5907.33,True,True
COLOMBIA,COLOMBIA,2018-11-04,no_effect,poisson,briere,5,0.75,seir,-2046.89,True,True
COLOMBIA,COLOMBIA,2018-11-04,no_effect,poisson,briere,7,1.0,hostvector,-5243.793,True,True
COLOMBIA,COLOMBIA,2018-11-04,no_effect,poisson,briere,7,1.0,seir,-2629.418,True,True
COLOMBIA,COLOMBIA,2018-11-04,no_effect,poisson,briere,7,0.75,hostvector,-4366.756,True,True
COLOMBIA,COLOMBIA,2018-11-04,no_effect,poisson,briere,7,0.75,seir,-3486.31,True,True
COLOMBIA,COLOMBIA,2018-11-04,no_effect,poisson,loglinear,3,1.0,hostvector,-5249.162,True,True
COLOMBIA,COLOMBIA,2018-11-04,no_effect,poisson,loglinear,3,1.0,seir,-11789.59,True,True
COLOMBIA,COLOMBIA,2018-11-04,no_effect,poisson,loglinear,3,0.75,hostvector,-4809.299,True,True
COLOMBIA,COLOMBIA,2018-11-04,no_effect,poisson,loglinear,3,0.75,seir,-744.555,True,True
COLOMBIA,COLOMBIA,2018-11-04,no_effect,poisson,loglinear,5,1.0,hostvector,-6138.417,True,True
COLOMBIA,COLOMBIA,2018-11-04,no_effect,poisson,loglinear,5,1.0,seir,-14220.408,True,True
COLOMBIA,COLOMBIA,2018-11-04,no_effect,poisson,loglinear,5,0.75,hostvector,-5639.547,True,True
COLOMBIA,COLOMBIA,2018-11-04,no_effect,poisson,loglinear,5,0.75,seir,-1831.946,True,True
COLOMBIA,COLOMBIA,2018-11-04,no_effect,poisson,loglinear,7,1.0,hostvector,-4853.27,True,True
COLOMBIA,COLOMBIA,2018-11-04,no_effect,poisson,loglinear,7,1.0,seir,-18350.074,True,True
COLOMBIA,COLOMBIA,2018-11-04,no_effect,poisson,loglinear,7,0.75,hostvector,-4028.043,True,True
COLOMBIA,COLOMBIA,2018-11-04,no_effect,poisson,loglinear,7,0.75,seir,-2969.045,True,True
COLOMBIA,COLOMBIA,2018-11-04,climate,nb,briere,3,1.0,hostvector,-152.748,True,True
COLOMBIA,COLOMBIA,2018-11-04,climate,nb,briere,3,1.0,seir,-136.765,True,True
COLOMBIA,COLOMBIA,2018-11-04,climate,nb,briere,3,0.75,hostvector,-136.435,True,True
COLOMBIA,COLOMBIA,2018-11-04,climate,nb,briere,3,0.75,seir,-132.121,True,True
COLOMBIA,COLOMBIA,2018-11-04,climate,nb,briere,5,1.0,hostvector,-107.258,True,True
COLOMBIA,COLOMBIA,2018-11-04,climate,nb,briere,5,1.0,seir,-96.706,True,True
COLOMBIA,COLOMBIA,2018-11-04,climate,nb,briere,5,0.75,hostvector,-96.549,True,True
COLOMBIA,COLOMBIA,2018-11-04,climate,nb,briere,5,0.75,seir,-90.118,True,True
COLOMBIA,COLOMBIA,2018-11-04,climate,nb,briere,7,1.0,hostvector,-29.432,True,True
COLOMBIA,COLOMBIA,2018-11-04,climate,nb,briere,7,1.0,seir,-19.878,True,True
COLOMBIA,COLOMBIA,2018-11-04,climate,nb,briere,7,0.75,hostvector,-7.754,True,True
COLOMBIA,COLOMBIA,2018-11-04,climate,nb,briere,7,0.75,seir,-24.906,True,True
COLOMBIA,COLOMBIA,2018-11-04,climate,nb,loglinear,3,1.0,hostvector,-147.687,True,True
COLOMBIA,COLOMBIA,2018-11-04,climate,nb,loglinear,3,1.0,seir,-137.58,True,True
COLOMBIA,COLOMBIA,2018-11-04,climate,nb,loglinear,3,0.75,hostvector,-136.304,True,True
COLOMBIA,COLOMBIA,2018-11-04,climate,nb,loglinear,3,0.75,seir,-131.878,True,True
COLOMBIA,COLOMBIA,2018-11-04,climate,nb,loglinear,5,1.0,hostvector,-106.977,True,True
COLOMBIA,COLOMBIA,2018-11-04,climate,nb,loglinear,5,1.0,seir,-96.457,True,True
COLOMBIA,COLOMBIA,2018-11-04,climate,nb,loglinear,5,0.75,hostvector,-95.492,True,True
COLOMBIA,COLOMBIA,2018-11-04,climate,nb,loglinear,5,0.75,seir,-87.885,True,True
COLOMBIA,COLOMBIA,2018-11-04,climate,nb,loglinear,7,1.0,hostvector,-29.413,True,True
COLOMBIA,COLOMBIA,2018-11-04,climate,nb,loglinear,7,1.0,seir,-19.982,True,True
COLOMBIA,COLOMBIA,2018-11-04,climate,nb,loglinear,7,0.75,hostvector,-7.302,True,True
COLOMBIA,COLOMBIA,2018-11-04,climate,nb,loglinear,7,0.75,seir,-19.599,True,True
COLOMBIA,COLOMBIA,2018-11-04,climate,poisson,briere,3,1.0,hostvector,-54734.054,True,True
COLOMBIA,COLOMBIA,2018-11-04,climate,poisson,briere,3,1.0,seir,-52748.14,True,True
COLOMBIA,COLOMBIA,2018-11-04,climate,poisson,briere,3,0.75,hostvector,-49864.919,True,True
COLOMBIA,COLOMBIA,2018-11-04,climate,poisson,briere,3,0.75,seir,-48321.091,True,True
COLOMBIA,COLOMBIA,2018-11-04,climate,poisson,briere,5,1.0,hostvector,-37676.599,True,True
COLOMBIA,COLOMBIA,2018-11-04,climate,poisson,briere,5,1.0,seir,-36148.559,True,True
COLOMBIA,COLOMBIA,2018-11-04,climate,poisson,briere,5,0.75,hostvector,-33207.013,True,True
COLOMBIA,COLOMBIA,2018-11-04,climate,poisson,briere,5,0.75,seir,-30609.563,True,True
COLOMBIA,COLOMBIA,2018-11-04,climate,poisson,briere,7,1.0,hostvector,-10320.243,True,True
COLOMBIA,COLOMBIA,2018-11-04,climate,poisson,briere,7,1.0,seir,-9192.882,True,True
COLOMBIA,COLOMBIA,2018-11-04,climate,poisson,briere,7,0.75,hostvector,-10043.788,True,True
COLOMBIA,COLOMBIA,2018-11-04,climate,poisson,briere,7,0.75,seir,-8119.313,True,True
COLOMBIA,COLOMBIA,2018-11-04,climate,poisson,loglinear,3,1.0,hostvector,-54798.233,True,True
COLOMBIA,COLOMBIA,2018-11-04,climate,poisson,loglinear,3,1.0,seir,-52883.716,True,True
COLOMBIA,COLOMBIA,2018-11-04,climate,poisson,loglinear,3,0.75,hostvector,-49802.047,True,True
COLOMBIA,COLOMBIA,2018-11-04,climate,poisson,loglinear,3,0.75,seir,3320947.973,False,False
COLOMBIA,COLOMBIA,2018-11-04,climate,poisson,loglinear,5,1.0,hostvector,4052929.134,False,False
COLOMBIA,COLOMBIA,2018-11-04,climate,poisson,loglinear,5,1.0,seir,-35975.772,True,True
COLOMBIA,COLOMBIA,2018-11-04,climate,poisson,loglinear,5,0.75,hostvector,1455838.895,False,False
COLOMBIA,COLOMBIA,2018-11-04,climate,poisson,loglinear,5,0.75,seir,3370466.879,False,False
COLOMBIA,COLOMBIA,2018-11-04,climate,poisson,loglinear,7,1.0,hostvector,-10475.745,True,True
COLOMBIA,COLOMBIA,2018-11-04,climate,poisson,loglinear,7,1.0,seir,-9288.668,True,True
COLOMBIA,COLOMBIA,2018-11-04,climate,poisson,loglinear,7,0.75,hostvector,1247403.844,False,False
COLOMBIA,COLOMBIA,2018-11-04,climate,poisson,loglinear,7,0.75,seir,3331409.714,False,False
COSTA RICA,COSTA RICA,2017-03-05,no_effect,nb,briere,3,1.0,hostvector,3.854,False,False
COSTA RICA,COSTA RICA,2017-03-05,no_effect,nb,briere,3,1.0,seir,3.463,False,False
COSTA RICA,COSTA RICA,2017-03-05,no_effect,nb,briere,3,0.75,hostvector,3.654,False,False
COSTA RICA,COSTA RICA,2017-03-05,no_effect,nb,briere,3,0.75,seir,2.695,False,False
COSTA RICA,COSTA RICA,2017-03-05,no_effect,nb,briere,5,1.0,hostvector,3.315,False,False
COSTA RICA,COSTA RICA,2017-03-05,no_effect,nb,briere,5,1.0,seir,3.444,False,False
COSTA RICA,COSTA RICA,2017-03-05,no_effect,nb,briere,5,0.75,hostvector,3.144,False,False
COSTA RICA,COSTA RICA,2017-03-05,no_effect,nb,briere,5,0.75,seir,2.211,False,False
COSTA RICA,COSTA RICA,2017-03-05,no_effect,nb,briere,7,1.0,hostvector,1.965,False,False
COSTA RICA,COSTA RICA,2017-03-05,no_effect,nb,briere,7,1.0,seir,2.443,False,False
COSTA RICA,COSTA RICA,2017-03-05,no_effect,nb,briere,7,0.75,hostvector,2.216,False,False
COSTA RICA,COSTA RICA,2017-03-05,no_effect,nb,briere,7,0.75,seir,1.385,False,False
COSTA RICA,COSTA RICA,2017-03-05,no_effect,nb,loglinear,3,1.0,hostvector,3.973,False,False
COSTA RICA,COSTA RICA,2017-03-05,no_effect,nb,loglinear,3,1.0,seir,3.535,False,False
COSTA RICA,COSTA RICA,2017-03-05,no_effect,nb,loglinear,3,0.75,hostvector,3.745,False,False
COSTA RICA,COSTA RICA,2017-03-05,no_effect,nb,loglinear,3,0.75,seir,2.838,False,False
COSTA RICA,COSTA RICA,2017-03-05,no_effect,nb,loglinear,5,1.0,hostvector,3.326,False,False
COSTA RICA,COSTA RICA,2017-03-05,no_effect,nb,loglinear,5,1.0,seir,3.388,False,False
COSTA RICA,COSTA RICA,2017-03-05,no_effect,nb,loglinear,5,0.75,hostvector,3.199,False,False
COSTA RICA,COSTA RICA,2017-03-05,no_effect,nb,loglinear,5,0.75,seir,2.28,False,False
COSTA RICA,COSTA RICA,2017-03-05,no_effect,nb,loglinear,7,1.0,hostvector,1.929,False,False
COSTA RICA,COSTA RICA,2017-03-05,no_effect,nb,loglinear,7,1.0,seir,2.276,False,False
COSTA RICA,COSTA RICA,2017-03-05,no_effect,nb,loglinear,7,0.75,hostvector,2.218,False,False
COSTA RICA,COSTA RICA,2017-03-05,no_effect,nb,loglinear,7,0.75,seir,1.373,False,False
COSTA RICA,COSTA RICA,2017-03-05,no_effect,poisson,briere,3,1.0,hostvector,-0.575,True,False
COSTA RICA,COSTA RICA,2017-03-05,no_effect,poisson,briere,3,1.0,seir,-4.915,True,True
COSTA RICA,COSTA RICA,2017-03-05,no_effect,poisson,briere,3,0.75,hostvector,1.466,False,False
COSTA RICA,COSTA RICA,2017-03-05,no_effect,poisson,briere,3,0.75,seir,-6.603,True,True
COSTA RICA,COSTA RICA,2017-03-05,no_effect,poisson,briere,5,1.0,hostvector,-16.129,True,True
COSTA RICA,COSTA RICA,2017-03-05,no_effect,poisson,briere,5,1.0,seir,-17.568,True,True
COSTA RICA,COSTA RICA,2017-03-05,no_effect,poisson,briere,5,0.75,hostvector,-8.336,True,True
COSTA RICA,COSTA RICA,2017-03-05,no_effect,poisson,briere,5,0.75,seir,-15.882,True,True
COSTA RICA,COSTA RICA,2017-03-05,no_effect,poisson,briere,7,1.0,hostvector,-47.362,True,True
COSTA RICA,COSTA RICA,2017-03-05,no_effect,poisson,briere,7,1.0,seir,-43.99,True,True
COSTA RICA,COSTA RICA,2017-03-05,no_effect,poisson,briere,7,0.75,hostvector,-28.163,True,True
COSTA RICA,COSTA RICA,2017-03-05,no_effect,poisson,briere,7,0.75,seir,-32.784,True,True
COSTA RICA,COSTA RICA,2017-03-05,no_effect,poisson,loglinear,3,1.0,hostvector,1.639,False,False
COSTA RICA,COSTA RICA,2017-03-05,no_effect,poisson,loglinear,3,1.0,seir,-2.393,True,False
COSTA RICA,COSTA RICA,2017-03-05,no_effect,poisson,loglinear,3,0.75,hostvector,2.699,False,False
COSTA RICA,COSTA RICA,2017-03-05,no_effect,poisson,loglinear,3,0.75,seir,-4.387,True,True
COSTA RICA,COSTA RICA,2017-03-05,no_effect,poisson,loglinear,5,1.0,hostvector,-14.563,True,True
COSTA RICA,COSTA RICA,2017-03-05,no_effect,poisson,loglinear,5,1.0,seir,-16.51,True,True
COSTA RICA,COSTA RICA,2017-03-05,no_effect,poisson,loglinear,5,0.75,hostvector,-7.382,True,True
COSTA RICA,COSTA RICA,2017-03-05,no_effect,poisson,loglinear,5,0.75,seir,-14.635,True,True
COSTA RICA,COSTA RICA,2017-03-05,no_effect,poisson,loglinear,7,1.0,hostvector,-47.126,True,True
COSTA RICA,COSTA RICA,2017-03-05,no_effect,poisson,loglinear,7,1.0,seir,-44.565,True,True
COSTA RICA,COSTA RICA,2017-03-05,no_effect,poisson,loglinear,7,0.75,hostvector,-28.061,True,True
COSTA RICA,COSTA RICA,2017-03-05,no_effect,poisson,loglinear,7,0.75,seir,-32.804,True,True
COSTA RICA,COSTA RICA,2017-03-05,climate,nb,briere,3,1.0,hostvector,-113.35,True,True
COSTA RICA,COSTA RICA,2017-03-05,climate,nb,briere,3,1.0,seir,-107.772,True,True
COSTA RICA,COSTA RICA,2017-03-05,climate,nb,briere,3,0.75,hostvector,-33.568,True,True
COSTA RICA,COSTA RICA,2017-03-05,climate,nb,briere,3,0.75,seir,-28.662,True,True
COSTA RICA,COSTA RICA,2017-03-05,climate,nb,briere,5,1.0,hostvector,-73.308,True,True
COSTA RICA,COSTA RICA,2017-03-05,climate,nb,briere,5,1.0,seir,-66.333,True,True
COSTA RICA,COSTA RICA,2017-03-05,climate,nb,briere,5,0.75,hostvector,-20.815,True,True
COSTA RICA,COSTA RICA,2017-03-05,climate,nb,briere,5,0.75,seir,-15.67,True,True
COSTA RICA,COSTA RICA,2017-03-05,climate,nb,briere,7,1.0,hostvector,-23.497,True,True
COSTA RICA,COSTA RICA,2017-03-05,climate,nb,briere,7,1.0,seir,-17.17,True,True
COSTA RICA,COSTA RICA,2017-03-05,climate,nb,briere,7,0.75,hostvector,-5.704,True,True
COSTA RICA,COSTA RICA,2017-03-05,climate,nb,briere,7,0.75,seir,-3.172,True,False
COSTA RICA,COSTA RICA,2017-03-05,climate,nb,loglinear,3,1.0,hostvector,-112.723,True,True
COSTA RICA,COSTA RICA,2017-03-05,climate,nb,loglinear,3,1.0,seir,-107.58,True,True
COSTA RICA,COSTA RICA,2017-03-05,climate,nb,loglinear,3,0.75,hostvector,-33.706,True,True
COSTA RICA,COSTA RICA,2017-03-05,climate,nb,loglinear,3,0.75,seir,-28.984,True,True
COSTA RICA,COSTA RICA,2017-03-05,climate,nb,loglinear,5,1.0,hostvector,-72.386,True,True
COSTA RICA,COSTA RICA,2017-03-05,climate,nb,loglinear,5,1.0,seir,-64.513,True,True
COSTA RICA,COSTA RICA,2017-03-05,climate,nb,loglinear,5,0.75,hostvector,-21.812,True,True
COSTA RICA,COSTA RICA,2017-03-05,climate,nb,loglinear,5,0.75,seir,-16.06,True,True
COSTA RICA,COSTA RICA,2017-03-05,climate,nb,loglinear,7,1.0,hostvector,-24.536,True,True
COSTA RICA,COSTA RICA,2017-03-05,climate,nb,loglinear,7,1.0,seir,-16.265,True,True
COSTA RICA,COSTA RICA,2017-03-05,climate,nb,loglinear,7,0.75,hostvector,-13.413,True,True
COSTA RICA,COSTA RICA,2017-03-05,climate,nb,loglinear,7,0.75,seir,-9.092,True,True
COSTA RICA,COSTA RICA,2017-03-05,climate,poisson,briere,3,1.0,hostvector,-1137.157,True,True
COSTA RICA,COSTA RICA,2017-03-05,climate,poisson,briere,3,1.0,seir,-1129.933,True,True
COSTA RICA,COSTA RICA,2017-03-05,climate,poisson,briere,3,0.75,hostvector,-253.129,True,True
COSTA RICA,COSTA RICA,2017-03-05,climate,poisson,briere,3,0.75,seir,-231.884,True,True
COSTA RICA,COSTA RICA,2017-03-05,climate,poisson,briere,5,1.0,hostvector,-703.27,True,True
COSTA RICA,COSTA RICA,2017-03-05,climate,poisson,briere,5,1.0,seir,-636.71,True,True
COSTA RICA,COSTA RICA,2017-03-05,climate,poisson,briere,5,0.75,hostvector,-125.03,True,True
COSTA RICA,COSTA RICA,2017-03-05,climate,poisson,briere,5,0.75,seir,-99.877,True,True
COSTA RICA,COSTA RICA,2017-03-05,climate,poisson,briere,7,1.0,hostvector,-152.517,True,True
COSTA RICA,COSTA RICA,2017-03-05,climate,poisson,briere,7,1.0,seir,-144.755,True,True
COSTA RICA,COSTA RICA,2017-03-05,climate,poisson,briere,7,0.75,hostvector,-15.234,True,True
COSTA RICA,COSTA RICA,2017-03-05,climate,poisson,briere,7,0.75,seir,-7.588,True,True
COSTA RICA,COSTA RICA,2017-03-05,climate,poisson,loglinear,3,1.0,hostvector,-1129.927,True,True
COSTA RICA,COSTA RICA,2017-03-05,climate,poisson,loglinear,3,1.0,seir,-1125.406,True,True
COSTA RICA,COSTA RICA,2017-03-05,climate,poisson,loglinear,3,0.75,hostvector,-253.702,True,True
COSTA RICA,COSTA RICA,2017-03-05,climate,poisson,loglinear,3,0.75,seir,-233.923,True,True
COSTA RICA,COSTA RICA,2017-03-05,climate,poisson,loglinear,5,1.0,hostvector,-703.454,True,True
COSTA RICA,COSTA RICA,2017-03-05,climate,poisson,loglinear,5,1.0,seir,-616.451,True,True
COSTA RICA,COSTA RICA,2017-03-05,climate,poisson,loglinear,5,0.75,hostvector,-129.22,True,True
COSTA RICA,COSTA RICA,2017-03-05,climate,poisson,loglinear,5,0.75,seir,-103.995,True,True
COSTA RICA,COSTA RICA,2017-03-05,climate,poisson,loglinear,7,1.0,hostvector,-90.06,True,True
COSTA RICA,COSTA RICA,2017-03-05,climate,poisson,loglinear,7,1.0,seir,-82.654,True,True
COSTA RICA,COSTA RICA,2017-03-05,climate,poisson,loglinear,7,0.75,hostvector,-51.178,True,True
COSTA RICA,COSTA RICA,2017-03-05,climate,poisson,loglinear,7,0.75,seir,-51.031,True,True
COSTA RICA,COSTA RICA,2023-05-14,no_effect,nb,briere,3,1.0,hostvector,4.0,False,False
COSTA RICA,COSTA RICA,2023-05-14,no_effect,nb,briere,3,1.0,seir,3.498,False,False
COSTA RICA,COSTA RICA,2023-05-14,no_effect,nb,briere,3,0.75,hostvector,3.224,False,False
COSTA RICA,COSTA RICA,2023-05-14,no_effect,nb,briere,3,0.75,seir,2.537,False,False
COSTA RICA,COSTA RICA,2023-05-14,no_effect,nb,briere,5,1.0,hostvector,3.796,False,False
COSTA RICA,COSTA RICA,2023-05-14,no_effect,nb,briere,5,1.0,seir,3.755,False,False
COSTA RICA,COSTA RICA,2023-05-14,no_effect,nb,briere,5,0.75,hostvector,3.539,False,False
COSTA RICA,COSTA RICA,2023-05-14,no_effect,nb,briere,5,0.75,seir,3.34,False,False
COSTA RICA,COSTA RICA,2023-05-14,no_effect,nb,briere,7,1.0,hostvector,3.309,False,False
COSTA RICA,COSTA RICA,2023-05-14,no_effect,nb,briere,7,1.0,seir,3.819,False,False
COSTA RICA,COSTA RICA,2023-05-14,no_effect,nb,briere,7,0.75,hostvector,3.066,False,False
COSTA RICA,COSTA RICA,2023-05-14,no_effect,nb,briere,7,0.75,seir,3.795,False,False
COSTA RICA,COSTA RICA,2023-05-14,no_effect,nb,loglinear,3,1.0,hostvector,3.984,False,False
COSTA RICA,COSTA RICA,2023-05-14,no_effect,nb,loglinear,3,1.0,seir,3.389,False,False
COSTA RICA,COSTA RICA,2023-05-14,no_effect,nb,loglinear,3,0.75,hostvector,3.229,False,False
COSTA RICA,COSTA RICA,2023-05-14,no_effect,nb,loglinear,3,0.75,seir,2.518,False,False
COSTA RICA,COSTA RICA,2023-05-14,no_effect,nb,loglinear,5,1.0,hostvector,3.905,False,False
COSTA RICA,COSTA RICA,2023-05-14,no_effect,nb,loglinear,5,1.0,seir,3.755,False,False
COSTA RICA,COSTA RICA,2023-05-14,no_effect,nb,loglinear,5,0.75,hostvector,3.56,False,False
COSTA RICA,COSTA RICA,2023-05-14,no_effect,nb,loglinear,5,0.75,seir,3.372,False,False
COSTA RICA,COSTA RICA,2023-05-14,no_effect,nb,loglinear,7,1.0,hostvector,3.723,False,False
COSTA RICA,COSTA RICA,2023-05-14,no_effect,nb,loglinear,7,1.0,seir,3.826,False,False
COSTA RICA,COSTA RICA,2023-05-14,no_effect,nb,loglinear,7,0.75,hostvector,3.069,False,False
COSTA RICA,COSTA RICA,2023-05-14,no_effect,nb,loglinear,7,0.75,seir,3.827,False,False
COSTA RICA,COSTA RICA,2023-05-14,no_effect,poisson,briere,3,1.0,hostvector,-0.731,True,False
COSTA RICA,COSTA RICA,2023-05-14,no_effect,poisson,briere,3,1.0,seir,-9.439,True,True
COSTA RICA,COSTA RICA,2023-05-14,no_effect,poisson,briere,3,0.75,hostvector,-57.621,True,True
COSTA RICA,COSTA RICA,2023-05-14,no_effect,poisson,briere,3,0.75,seir,-61.351,True,True
COSTA RICA,COSTA RICA,2023-05-14,no_effect,poisson,briere,5,1.0,hostvector,-3.563,True,False
COSTA RICA,COSTA RICA,2023-05-14,no_effect,poisson,briere,5,1.0,seir,-7.222,True,True
COSTA RICA,COSTA RICA,2023-05-14,no_effect,poisson,briere,5,0.75,hostvector,-28.199,True,True
COSTA RICA,COSTA RICA,2023-05-14,no_effect,poisson,briere,5,0.75,seir,-29.86,True,True
COSTA RICA,COSTA RICA,2023-05-14,no_effect,poisson,briere,7,1.0,hostvector,-36.15,True,True
COSTA RICA,COSTA RICA,2023-05-14,no_effect,poisson,briere,7,1.0,seir,-29.364,True,True
COSTA RICA,COSTA RICA,2023-05-14,no_effect,poisson,briere,7,0.75,hostvector,-55.589,True,True
COSTA RICA,COSTA RICA,2023-05-14,no_effect,poisson,briere,7,0.75,seir,-46.73,True,True
COSTA RICA,COSTA RICA,2023-05-14,no_effect,poisson,loglinear,3,1.0,hostvector,-2.831,True,False
COSTA RICA,COSTA RICA,2023-05-14,no_effect,poisson,loglinear,3,1.0,seir,-10.127,True,True
COSTA RICA,COSTA RICA,2023-05-14,no_effect,poisson,loglinear,3,0.75,hostvector,-57.989,True,True
COSTA RICA,COSTA RICA,2023-05-14,no_effect,poisson,loglinear,3,0.75,seir,-61.561,True,True
COSTA RICA,COSTA RICA,2023-05-14,no_effect,poisson,loglinear,5,1.0,hostvector,-3.78,True,False
COSTA RICA,COSTA RICA,2023-05-14,no_effect,poisson,loglinear,5,1.0,seir,-7.076,True,True
COSTA RICA,COSTA RICA,2023-05-14,no_effect,poisson,loglinear,5,0.75,hostvector,-29.51,True,True
COSTA RICA,COSTA RICA,2023-05-14,no_effect,poisson,loglinear,5,0.75,seir,-30.447,True,True
COSTA RICA,COSTA RICA,2023-05-14,no_effect,poisson,loglinear,7,1.0,hostvector,-37.498,True,True
COSTA RICA,COSTA RICA,2023-05-14,no_effect,poisson,loglinear,7,1.0,seir,-30.036,True,True
COSTA RICA,COSTA RICA,2023-05-14,no_effect,poisson,loglinear,7,0.75,hostvector,-55.6,True,True
COSTA RICA,COSTA RICA,2023-05-14,no_effect,poisson,loglinear,7,0.75,seir,-46.684,True,True
COSTA RICA,COSTA RICA,2023-05-14,climate,nb,briere,3,1.0,hostvector,-291.852,True,True
COSTA RICA,COSTA RICA,2023-05-14,climate,nb,briere,3,1.0,seir,-250.234,True,True
COSTA RICA,COSTA RICA,2023-05-14,climate,nb,briere,3,0.75,hostvector,-47.255,True,True
COSTA RICA,COSTA RICA,2023-05-14,climate,nb,briere,3,0.75,seir,-39.825,True,True
COSTA RICA,COSTA RICA,2023-05-14,climate,nb,briere,5,1.0,hostvector,-249.59,True,True
COSTA RICA,COSTA RICA,2023-05-14,climate,nb,briere,5,1.0,seir,-181.945,True,True
COSTA RICA,COSTA RICA,2023-05-14,climate,nb,briere,5,0.75,hostvector,-12.562,True,True
COSTA RICA,COSTA RICA,2023-05-14,climate,nb,briere,5,0.75,seir,-0.89,True,False
COSTA RICA,COSTA RICA,2023-05-14,climate,nb,briere,7,1.0,hostvector,-105.237,True,True
COSTA RICA,COSTA RICA,2023-05-14,climate,nb,briere,7,1.0,seir,-61.287,True,True
COSTA RICA,COSTA RICA,2023-05-14,climate,nb,briere,7,0.75,hostvector,2.245,False,False
COSTA RICA,COSTA RICA,2023-05-14,climate,nb,briere,7,0.75,seir,-3.429,True,False
COSTA RICA,COSTA RICA,2023-05-14,climate,nb,loglinear,3,1.0,hostvector,-291.843,True,True
COSTA RICA,COSTA RICA,2023-05-14,climate,nb,loglinear,3,1.0,seir,-250.867,True,True
COSTA RICA,COSTA RICA,2023-05-14,climate,nb,loglinear,3,0.75,hostvector,-47.284,True,True
COSTA RICA,COSTA RICA,2023-05-14,climate,nb,loglinear,3,0.75,seir,-40.678,True,True
COSTA RICA,COSTA RICA,2023-05-14,climate,nb,loglinear,5,1.0,hostvector,-283.009,True,True
COSTA RICA,COSTA RICA,2023-05-14,climate,nb,loglinear,5,1.0,seir,-233.131,True,True
COSTA RICA,COSTA RICA,2023-05-14,climate,nb,loglinear,5,0.75,hostvector,-34.638,True,True
COSTA RICA,COSTA RICA,2023-05-14,climate,nb,loglinear,5,0.75,seir,-27.667,True,True
COSTA RICA,COSTA RICA,2023-05-14,climate,nb,loglinear,7,1.0,hostvector,-238.426,True,True
COSTA RICA,COSTA RICA,2023-05-14,climate,nb,loglinear,7,1.0,seir,-201.604,True,True
COSTA RICA,COSTA RICA,2023-05-14,climate,nb,loglinear,7,0.75,hostvector,-3.681,True,False
COSTA RICA,COSTA RICA,2023-05-14,climate,nb,loglinear,7,0.75,seir,-9.413,True,True
COSTA RICA,COSTA RICA,2023-05-14,climate,poisson,briere,3,1.0,hostvector,-6230.321,True,True
COSTA RICA,COSTA RICA,2023-05-14,climate,poisson,briere,3,1.0,seir,-5894.907,True,True
COSTA RICA,COSTA RICA,2023-05-14,climate,poisson,briere,3,0.75,hostvector,-3422.715,True,True
COSTA RICA,COSTA RICA,2023-05-14,climate,poisson,briere,3,0.75,seir,-3320.718,True,True
COSTA RICA,COSTA RICA,2023-05-14,climate,poisson,briere,5,1.0,hostvector,-4163.449,True,True
COSTA RICA,COSTA RICA,2023-05-14,climate,poisson,briere,5,1.0,seir,-2827.162,True,True
COSTA RICA,COSTA RICA,2023-05-14,climate,poisson,briere,5,0.75,hostvector,-1382.048,True,True
COSTA RICA,COSTA RICA,2023-05-14,climate,poisson,briere,5,0.75,seir,-611.271,True,True
COSTA RICA,COSTA RICA,2023-05-14,climate,poisson,briere,7,1.0,hostvector,-243.146,True,True
COSTA RICA,COSTA RICA,2023-05-14,climate,poisson,briere,7,1.0,seir,-25.517,True,True
COSTA RICA,COSTA RICA,2023-05-14,climate,poisson,briere,7,0.75,hostvector,-386.671,True,True
COSTA RICA,COSTA RICA,2023-05-14,climate,poisson,briere,7,0.75,seir,-610.43,True,True
COSTA RICA,COSTA RICA,2023-05-14,climate,poisson,loglinear,3,1.0,hostvector,-6231.925,True,True
COSTA RICA,COSTA RICA,2023-05-14,climate,poisson,loglinear,3,1.0,seir,-5896.277,True,True
COSTA RICA,COSTA RICA,2023-05-14,climate,poisson,loglinear,3,0.75,hostvector,-3425.027,True,True
COSTA RICA,COSTA RICA,2023-05-14,climate,poisson,loglinear,3,0.75,seir,-3322.698,True,True
COSTA RICA,COSTA RICA,2023-05-14,climate,poisson,loglinear,5,1.0,hostvector,-5725.775,True,True
COSTA RICA,COSTA RICA,2023-05-14,climate,poisson,loglinear,5,1.0,seir,-5126.07,True,True
COSTA RICA,COSTA RICA,2023-05-14,climate,poisson,loglinear,5,0.75,hostvector,-2958.679,True,True
COSTA RICA,COSTA RICA,2023-05-14,climate,poisson,loglinear,5,0.75,seir,-2639.575,True,True
COSTA RICA,COSTA RICA,2023-05-14,climate,poisson,loglinear,7,1.0,hostvector,-3022.531,True,True
COSTA RICA,COSTA RICA,2023-05-14,climate,poisson,loglinear,7,1.0,seir,-2844.606,True,True
COSTA RICA,COSTA RICA,2023-05-14,climate,poisson,loglinear,7,0.75,hostvector,-546.465,True,True
COSTA RICA,COSTA RICA,2023-05-14,climate,poisson,loglinear,7,0.75,seir,-763.528,True,True
DOMINICAN REPUBLIC,DISTRITO NACIONAL,2009-06-07,no_effect,nb,briere,3,1.0,hostvector,3.931,False,False
DOMINICAN REPUBLIC,DISTRITO NACIONAL,2009-06-07,no_effect,nb,briere,3,1.0,seir,3.86,False,False
DOMINICAN REPUBLIC,DISTRITO NACIONAL,2009-06-07,no_effect,nb,briere,3,0.75,hostvector,3.998,False,False
DOMINICAN REPUBLIC,DISTRITO NACIONAL,2009-06-07,no_effect,nb,briere,3,0.75,seir,3.819,False,False
DOMINICAN REPUBLIC,DISTRITO NACIONAL,2009-06-07,no_effect,nb,briere,5,1.0,hostvector,3.732,False,False
DOMINICAN REPUBLIC,DISTRITO NACIONAL,2009-06-07,no_effect,nb,briere,5,1.0,seir,3.936,False,False
DOMINICAN REPUBLIC,DISTRITO NACIONAL,2009-06-07,no_effect,nb,briere,5,0.75,hostvector,3.682,False,False
DOMINICAN REPUBLIC,DISTRITO NACIONAL,2009-06-07,no_effect,nb,briere,5,0.75,seir,3.869,False,False
DOMINICAN REPUBLIC,DISTRITO NACIONAL,2009-06-07,no_effect,nb,briere,7,1.0,hostvector,3.892,False,False
DOMINICAN REPUBLIC,DISTRITO NACIONAL,2009-06-07,no_effect,nb,briere,7,1.0,seir,3.932,False,False
DOMINICAN REPUBLIC,DISTRITO NACIONAL,2009-06-07,no_effect,nb,briere,7,0.75,hostvector,3.901,False,False
DOMINICAN REPUBLIC,DISTRITO NACIONAL,2009-06-07,no_effect,nb,briere,7,0.75,seir,3.886,False,False
DOMINICAN REPUBLIC,DISTRITO NACIONAL,2009-06-07,no_effect,nb,loglinear,3,1.0,hostvector,3.946,False,False
DOMINICAN REPUBLIC,DISTRITO NACIONAL,2009-06-07,no_effect,nb,loglinear,3,1.0,seir,3.874,False,False
DOMINICAN REPUBLIC,DISTRITO NACIONAL,2009-06-07,no_effect,nb,loglinear,3,0.75,hostvector,3.981,False,False
DOMINICAN REPUBLIC,DISTRITO NACIONAL,2009-06-07,no_effect,nb,loglinear,3,0.75,seir,3.311,False,False
DOMINICAN REPUBLIC,DISTRITO NACIONAL,2009-06-07,no_effect,nb,loglinear,5,1.0,hostvector,3.732,False,False
DOMINICAN REPUBLIC,DISTRITO NACIONAL,2009-06-07,no_effect,nb,loglinear,5,1.0,seir,3.821,False,False
DOMINICAN REPUBLIC,DISTRITO NACIONAL,2009-06-07,no_effect,nb,loglinear,5,0.75,hostvector,2.53,False,False
DOMINICAN REPUBLIC,DISTRITO NACIONAL,2009-06-07,no_effect,nb,loglinear,5,0.75,seir,2.043,False,False
DOMINICAN REPUBLIC,DISTRITO NACIONAL,2009-06-07,no_effect,nb,loglinear,7,1.0,hostvector,3.899,False,False
DOMINICAN REPUBLIC,DISTRITO NACIONAL,2009-06-07,no_effect,nb,loglinear,7,1.0,seir,3.827,False,False
DOMINICAN REPUBLIC,DISTRITO NACIONAL,2009-06-07,no_effect,nb,loglinear,7,0.75,hostvector,3.701,False,False
DOMINICAN REPUBLIC,DISTRITO NACIONAL,2009-06-07,no_effect,nb,loglinear,7,0.75,seir,2.812,False,False
DOMINICAN REPUBLIC,DISTRITO NACIONAL,2009-06-07,no_effect,poisson,briere,3,1.0,hostvector,3.747,False,False
DOMINICAN REPUBLIC,DISTRITO NACIONAL,2009-06-07,no_effect,poisson,briere,3,1.0,seir,3.988,False,False
DOMINICAN REPUBLIC,DISTRITO NACIONAL,2009-06-07,no_effect,poisson,briere,3,0.75,hostvector,3.895,False,False
DOMINICAN REPUBLIC,DISTRITO NACIONAL,2009-06-07,no_effect,poisson,briere,3,0.75,seir,3.996,False,False
DOMINICAN REPUBLIC,DISTRITO NACIONAL,2009-06-07,no_effect,poisson,briere,5,1.0,hostvector,2.132,False,False
DOMINICAN REPUBLIC,DISTRITO NACIONAL,2009-06-07,no_effect,poisson,briere,5,1.0,seir,3.051,False,False
DOMINICAN REPUBLIC,DISTRITO NACIONAL,2009-06-07,no_effect,poisson,briere,5,0.75,hostvector,1.929,False,False
DOMINICAN REPUBLIC,DISTRITO NACIONAL,2009-06-07,no_effect,poisson,briere,5,0.75,seir,2.793,False,False
DOMINICAN REPUBLIC,DISTRITO NACIONAL,2009-06-07,no_effect,poisson,briere,7,1.0,hostvector,3.751,False,False
DOMINICAN REPUBLIC,DISTRITO NACIONAL,2009-06-07,no_effect,poisson,briere,7,1.0,seir,3.965,False,False
DOMINICAN REPUBLIC,DISTRITO NACIONAL,2009-06-07,no_effect,poisson,briere,7,0.75,hostvector,3.887,False,False
DOMINICAN REPUBLIC,DISTRITO NACIONAL,2009-06-07,no_effect,poisson,briere,7,0.75,seir,3.971,False,False
DOMINICAN REPUBLIC,DISTRITO NACIONAL,2009-06-07,no_effect,poisson,loglinear,3,1.0,hostvector,3.769,False,False
DOMINICAN REPUBLIC,DISTRITO NACIONAL,2009-06-07,no_effect,poisson,loglinear,3,1.0,seir,3.962,False,False
DOMINICAN REPUBLIC,DISTRITO NACIONAL,2009-06-07,no_effect,poisson,loglinear,3,0.75,hostvector,2.881,False,False
DOMINICAN REPUBLIC,DISTRITO NACIONAL,2009-06-07,no_effect,poisson,loglinear,3,0.75,seir,2.532,False,False
DOMINICAN REPUBLIC,DISTRITO NACIONAL,2009-06-07,no_effect,poisson,loglinear,5,1.0,hostvector,2.095,False,False
DOMINICAN REPUBLIC,DISTRITO NACIONAL,2009-06-07,no_effect,poisson,loglinear,5,1.0,seir,2.817,False,False
DOMINICAN REPUBLIC,DISTRITO NACIONAL,2009-06-07,no_effect,poisson,loglinear,5,0.75,hostvector,-0.664,True,False
DOMINICAN REPUBLIC,DISTRITO NACIONAL,2009-06-07,no_effect,poisson,loglinear,5,0.75,seir,0.59,False,False
DOMINICAN REPUBLIC,DISTRITO NACIONAL,2009-06-07,no_effect,poisson,loglinear,7,1.0,hostvector,3.789,False,False
DOMINICAN REPUBLIC,DISTRITO NACIONAL,2009-06-07,no_effect,poisson,loglinear,7,1.0,seir,3.949,False,False
DOMINICAN REPUBLIC,DISTRITO NACIONAL,2009-06-07,no_effect,poisson,loglinear,7,0.75,hostvector,3.097,False,False
DOMINICAN REPUBLIC,DISTRITO NACIONAL,2009-06-07,no_effect,poisson,loglinear,7,0.75,seir,2.583,False,False
DOMINICAN REPUBLIC,DISTRITO NACIONAL,2009-06-07,climate,nb,briere,3,1.0,hostvector,-16.012,True,True
DOMINICAN REPUBLIC,DISTRITO NACIONAL,2009-06-07,climate,nb,briere,3,1.0,seir,-19.05,True,True
DOMINICAN REPUBLIC,DISTRITO NACIONAL,2009-06-07,climate,nb,briere,3,0.75,hostvector,-13.129,True,True
DOMINICAN REPUBLIC,DISTRITO NACIONAL,2009-06-07,climate,nb,briere,3,0.75,seir,-17.255,True,True
DOMINICAN REPUBLIC,DISTRITO NACIONAL,2009-06-07,climate,nb,briere,5,1.0,hostvector,-10.18,True,True
DOMINICAN REPUBLIC,DISTRITO NACIONAL,2009-06-07,climate,nb,briere,5,1.0,seir,-3.549,True,False
DOMINICAN REPUBLIC,DISTRITO NACIONAL,2009-06-07,climate,nb,briere,5,0.75,hostvector,-6.381,True,True
DOMINICAN REPUBLIC,DISTRITO NACIONAL,2009-06-07,climate,nb,briere,5,0.75,seir,-2.361,True,False
DOMINICAN REPUBLIC,DISTRITO NACIONAL,2009-06-07,climate,nb,briere,7,1.0,hostvector,-3.49,True,False
DOMINICAN REPUBLIC,DISTRITO NACIONAL,2009-06-07,climate,nb,briere,7,1.0,seir,-2.611,True,False
DOMINICAN REPUBLIC,DISTRITO NACIONAL,2009-06-07,climate,nb,briere,7,0.75,hostvector,-1.419,True,False
DOMINICAN REPUBLIC,DISTRITO NACIONAL,2009-06-07,climate,nb,briere,7,0.75,seir,-2.271,True,False
DOMINICAN REPUBLIC,DISTRITO NACIONAL,2009-06-07,climate,nb,loglinear,3,1.0,hostvector,-15.933,True,True
DOMINICAN REPUBLIC,DISTRITO NACIONAL,2009-06-07,climate,nb,loglinear,3,1.0,seir,-19.01,True,True
DOMINICAN REPUBLIC,DISTRITO NACIONAL,2009-06-07,climate,nb,loglinear,3,0.75,hostvector,-13.187,True,True
DOMINICAN REPUBLIC,DISTRITO NACIONAL,2009-06-07,climate,nb,loglinear,3,0.75,seir,-17.838,True,True
DOMINICAN REPUBLIC,DISTRITO NACIONAL,2009-06-07,climate,nb,loglinear,5,1.0,hostvector,-9.87,True,True
DOMINICAN REPUBLIC,DISTRITO NACIONAL,2009-06-07,climate,nb,loglinear,5,1.0,seir,-3.447,True,False
DOMINICAN REPUBLIC,DISTRITO NACIONAL,2009-06-07,climate,nb,loglinear,5,0.75,hostvector,-5.988,True,True
DOMINICAN REPUBLIC,DISTRITO NACIONAL,2009-06-07,climate,nb,loglinear,5,0.75,seir,-3.522,True,False
DOMINICAN REPUBLIC,DISTRITO NACIONAL,2009-06-07,climate,nb,loglinear,7,1.0,hostvector,1.127,False,False
DOMINICAN REPUBLIC,DISTRITO NACIONAL,2009-06-07,climate,nb,loglinear,7,1.0,seir,-2.718,True,False
DOMINICAN REPUBLIC,DISTRITO NACIONAL,2009-06-07,climate,nb,loglinear,7,0.75,hostvector,-3.195,True,False
DOMINICAN REPUBLIC,DISTRITO NACIONAL,2009-06-07,climate,nb,loglinear,7,0.75,seir,-9.925,True,True
DOMINICAN REPUBLIC,DISTRITO NACIONAL,2009-06-07,climate,poisson,briere,3,1.0,hostvector,-109.357,True,True
DOMINICAN REPUBLIC,DISTRITO NACIONAL,2009-06-07,climate,poisson,briere,3,1.0,seir,-131.329,True,True
DOMINICAN REPUBLIC,DISTRITO NACIONAL,2009-06-07,climate,poisson,briere,3,0.75,hostvector,-103.758,True,True
DOMINICAN REPUBLIC,DISTRITO NACIONAL,2009-06-07,climate,poisson,briere,3,0.75,seir,-128.624,True,True
DOMINICAN REPUBLIC,DISTRITO NACIONAL,2009-06-07,climate,poisson,briere,5,1.0,hostvector,-69.792,True,True
DOMINICAN REPUBLIC,DISTRITO NACIONAL,2009-06-07,climate,poisson,briere,5,1.0,seir,-28.31,True,True
DOMINICAN REPUBLIC,DISTRITO NACIONAL,2009-06-07,climate,poisson,briere,5,0.75,hostvector,-64.476,True,True
DOMINICAN REPUBLIC,DISTRITO NACIONAL,2009-06-07,climate,poisson,briere,5,0.75,seir,-30.284,True,True
DOMINICAN REPUBLIC,DISTRITO NACIONAL,2009-06-07,climate,poisson,briere,7,1.0,hostvector,-62.288,True,True
DOMINICAN REPUBLIC,DISTRITO NACIONAL,2009-06-07,climate,poisson,briere,7,1.0,seir,-58.941,True,True
DOMINICAN REPUBLIC,DISTRITO NACIONAL,2009-06-07,climate,poisson,briere,7,0.75,hostvector,-61.188,True,True
DOMINICAN REPUBLIC,DISTRITO NACIONAL,2009-06-07,climate,poisson,briere,7,0.75,seir,-56.311,True,True
DOMINICAN REPUBLIC,DISTRITO NACIONAL,2009-06-07,climate,poisson,loglinear,3,1.0,hostvector,-109.288,True,True
DOMINICAN REPUBLIC,DISTRITO NACIONAL,2009-06-07,climate,poisson,loglinear,3,1.0,seir,-131.309,True,True
DOMINICAN REPUBLIC,DISTRITO NACIONAL,2009-06-07,climate,poisson,loglinear,3,0.75,hostvector,-103.764,True,True
DOMINICAN REPUBLIC,DISTRITO NACIONAL,2009-06-07,climate,poisson,loglinear,3,0.75,seir,-129.196,True,True
DOMINICAN REPUBLIC,DISTRITO NACIONAL,2009-06-07,climate,poisson,loglinear,5,1.0,hostvector,-65.473,True,True
DOMINICAN REPUBLIC,DISTRITO NACIONAL,2009-06-07,climate,poisson,loglinear,5,1.0,seir,-28.257,True,True
DOMINICAN REPUBLIC,DISTRITO NACIONAL,2009-06-07,climate,poisson,loglinear,5,0.75,hostvector,-59.649,True,True
DOMINICAN REPUBLIC,DISTRITO NACIONAL,2009-06-07,climate,poisson,loglinear,5,0.75,seir,-45.217,True,True
DOMINICAN REPUBLIC,DISTRITO NACIONAL,2009-06-07,climate,poisson,loglinear,7,1.0,hostvector,-50.835,True,True
DOMINICAN REPUBLIC,DISTRITO NACIONAL,2009-06-07,climate,poisson,loglinear,7,1.0,seir,-75.117,True,True
DOMINICAN REPUBLIC,DISTRITO NACIONAL,2009-06-07,climate,poisson,loglinear,7,0.75,hostvector,-71.474,True,True
DOMINICAN REPUBLIC,DISTRITO NACIONAL,2009-06-07,climate,poisson,loglinear,7,0.75,seir,-112.292,True,True
DOMINICAN REPUBLIC,DOMINICAN REPUBLIC,2018-08-19,no_effect,nb,briere,3,1.0,hostvector,2.683,False,False
DOMINICAN REPUBLIC,DOMINICAN REPUBLIC,2018-08-19,no_effect,nb,briere,3,1.0,seir,1.162,False,False
DOMINICAN REPUBLIC,DOMINICAN REPUBLIC,2018-08-19,no_effect,nb,briere,3,0.75,hostvector,3.833,False,False
DOMINICAN REPUBLIC,DOMINICAN REPUBLIC,2018-08-19,no_effect,nb,briere,3,0.75,seir,3.82,False,False
DOMINICAN REPUBLIC,DOMINICAN REPUBLIC,2018-08-19,no_effect,nb,briere,5,1.0,hostvector,2.544,False,False
DOMINICAN REPUBLIC,DOMINICAN REPUBLIC,2018-08-19,no_effect,nb,briere,5,1.0,seir,0.312,False,False
DOMINICAN REPUBLIC,DOMINICAN REPUBLIC,2018-08-19,no_effect,nb,briere,5,0.75,hostvector,3.586,False,False
DOMINICAN REPUBLIC,DOMINICAN REPUBLIC,2018-08-19,no_effect,nb,briere,5,0.75,seir,2.282,False,False
DOMINICAN REPUBLIC,DOMINICAN REPUBLIC,2018-08-19,no_effect,nb,briere,7,1.0,hostvector,1.845,False,False
DOMINICAN REPUBLIC,DOMINICAN REPUBLIC,2018-08-19,no_effect,nb,briere,7,1.0,seir,-0.49,True,False
DOMINICAN REPUBLIC,DOMINICAN REPUBLIC,2018-08-19,no_effect,nb,briere,7,0.75,hostvector,2.495,False,False
DOMINICAN REPUBLIC,DOMINICAN REPUBLIC,2018-08-19,no_effect,nb,briere,7,0.75,seir,1.247,False,False
DOMINICAN REPUBLIC,DOMINICAN REPUBLIC,2018-08-19,no_effect,nb,loglinear,3,1.0,hostvector,2.674,False,False
DOMINICAN REPUBLIC,DOMINICAN REPUBLIC,2018-08-19,no_effect,nb,loglinear,3,1.0,seir,1.083,False,False
DOMINICAN REPUBLIC,DOMINICAN REPUBLIC,2018-08-19,no_effect,nb,loglinear,3,0.75,hostvector,3.121,False,False
DOMINICAN REPUBLIC,DOMINICAN REPUBLIC,2018-08-19,no_effect,nb,loglinear,3,0.75,seir,3.621,False,False
DOMINICAN REPUBLIC,DOMINICAN REPUBLIC,2018-08-19,no_effect,nb,loglinear,5,1.0,hostvector,2.553,False,False
DOMINICAN REPUBLIC,DOMINICAN REPUBLIC,2018-08-19,no_effect,nb,loglinear,5,1.0,seir,0.335,False,False
DOMINICAN REPUBLIC,DOMINICAN REPUBLIC,2018-08-19,no_effect,nb,loglinear,5,0.75,hostvector,2.83,False,False
DOMINICAN REPUBLIC,DOMINICAN REPUBLIC,2018-08-19,no_effect,nb,loglinear,5,0.75,seir,1.344,False,False
DOMINICAN REPUBLIC,DOMINICAN REPUBLIC,2018-08-19,no_effect,nb,loglinear,7,1.0,hostvector,1.881,False,False
DOMINICAN REPUBLIC,DOMINICAN REPUBLIC,2018-08-19,no_effect,nb,loglinear,7,1.0,seir,-0.463,True,False
DOMINICAN REPUBLIC,DOMINICAN REPUBLIC,2018-08-19,no_effect,nb,loglinear,7,0.75,hostvector,0.776,False,False
DOMINICAN REPUBLIC,DOMINICAN REPUBLIC,2018-08-19,no_effect,nb,loglinear,7,0.75,seir,-0.15,True,False
DOMINICAN REPUBLIC,DOMINICAN REPUBLIC,2018-08-19,no_effect,poisson,briere,3,1.0,hostvector,-9.339,True,True
DOMINICAN REPUBLIC,DOMINICAN REPUBLIC,2018-08-19,no_effect,poisson,briere,3,1.0,seir,-16.93,True,True
DOMINICAN REPUBLIC,DOMINICAN REPUBLIC,2018-08-19,no_effect,poisson,briere,3,0.75,hostvector,3.909,False,False
DOMINICAN REPUBLIC,DOMINICAN REPUBLIC,2018-08-19,no_effect,poisson,briere,3,0.75,seir,1.297,False,False
DOMINICAN REPUBLIC,DOMINICAN REPUBLIC,2018-08-19,no_effect,poisson,briere,5,1.0,hostvector,-12.709,True,True
DOMINICAN REPUBLIC,DOMINICAN REPUBLIC,2018-08-19,no_effect,poisson,briere,5,1.0,seir,-22.569,True,True
DOMINICAN REPUBLIC,DOMINICAN REPUBLIC,2018-08-19,no_effect,poisson,briere,5,0.75,hostvector,-6.323,True,True
DOMINICAN REPUBLIC,DOMINICAN REPUBLIC,2018-08-19,no_effect,poisson,briere,5,0.75,seir,-13.022,True,True
DOMINICAN REPUBLIC,DOMINICAN REPUBLIC,2018-08-19,no_effect,poisson,briere,7,1.0,hostvector,-17.079,True,True
DOMINICAN REPUBLIC,DOMINICAN REPUBLIC,2018-08-19,no_effect,poisson,briere,7,1.0,seir,-26.67,True,True
DOMINICAN REPUBLIC,DOMINICAN REPUBLIC,2018-08-19,no_effect,poisson,briere,7,0.75,hostvector,-12.983,True,True
DOMINICAN REPUBLIC,DOMINICAN REPUBLIC,2018-08-19,no_effect,poisson,briere,7,0.75,seir,-18.126,True,True
DOMINICAN REPUBLIC,DOMINICAN REPUBLIC,2018-08-19,no_effect,poisson,loglinear,3,1.0,hostvector,-9.807,True,True
DOMINICAN REPUBLIC,DOMINICAN REPUBLIC,2018-08-19,no_effect,poisson,loglinear,3,1.0,seir,-17.591,True,True
DOMINICAN REPUBLIC,DOMINICAN REPUBLIC,2018-08-19,no_effect,poisson,loglinear,3,0.75,hostvector,1.006,False,False
DOMINICAN REPUBLIC,DOMINICAN REPUBLIC,2018-08-19,no_effect,poisson,loglinear,3,0.75,seir,0.055,False,False
DOMINICAN REPUBLIC,DOMINICAN REPUBLIC,2018-08-19,no_effect,poisson,loglinear,5,1.0,hostvector,-12.559,True,True
DOMINICAN REPUBLIC,DOMINICAN REPUBLIC,2018-08-19,no_effect,poisson,loglinear,5,1.0,seir,-22.661,True,True
DOMINICAN REPUBLIC,DOMINICAN REPUBLIC,2018-08-19,no_effect,poisson,loglinear,5,0.75,hostvector,-10.197,True,True
DOMINICAN REPUBLIC,DOMINICAN REPUBLIC,2018-08-19,no_effect,poisson,loglinear,5,0.75,seir,-19.124,True,True
DOMINICAN REPUBLIC,DOMINICAN REPUBLIC,2018-08-19,no_effect,poisson,loglinear,7,1.0,hostvector,-17.096,True,True
DOMINICAN REPUBLIC,DOMINICAN REPUBLIC,2018-08-19,no_effect,poisson,loglinear,7,1.0,seir,-26.705,True,True
DOMINICAN REPUBLIC,DOMINICAN REPUBLIC,2018-08-19,no_effect,poisson,loglinear,7,0.75,hostvector,-24.627,True,True
DOMINICAN REPUBLIC,DOMINICAN REPUBLIC,2018-08-19,no_effect,poisson,loglinear,7,0.75,seir,-30.254,True,True
DOMINICAN REPUBLIC,DOMINICAN REPUBLIC,2018-08-19,climate,nb,briere,3,1.0,hostvector,-37.823,True,True
DOMINICAN REPUBLIC,DOMINICAN REPUBLIC,2018-08-19,climate,nb,briere,3,1.0,seir,-36.52,True,True
DOMINICAN REPUBLIC,DOMINICAN REPUBLIC,2018-08-19,climate,nb,briere,3,0.75,hostvector,-10.947,True,True
DOMINICAN REPUBLIC,DOMINICAN REPUBLIC,2018-08-19,climate,nb,briere,3,0.75,seir,-7.851,True,True
DOMINICAN REPUBLIC,DOMINICAN REPUBLIC,2018-08-19,climate,nb,briere,5,1.0,hostvector,-26.749,True,True
DOMINICAN REPUBLIC,DOMINICAN REPUBLIC,2018-08-19,climate,nb,briere,5,1.0,seir,-25.56,True,True
DOMINICAN REPUBLIC,DOMINICAN REPUBLIC,2018-08-19,climate,nb,briere,5,0.75,hostvector,-3.532,True,False
DOMINICAN REPUBLIC,DOMINICAN REPUBLIC,2018-08-19,climate,nb,briere,5,0.75,seir,-0.614,True,False
DOMINICAN REPUBLIC,DOMINICAN REPUBLIC,2018-08-19,climate,nb,briere,7,1.0,hostvector,-18.603,True,True
DOMINICAN REPUBLIC,DOMINICAN REPUBLIC,2018-08-19,climate,nb,briere,7,1.0,seir,-20.05,True,True
DOMINICAN REPUBLIC,DOMINICAN REPUBLIC,2018-08-19,climate,nb,briere,7,0.75,hostvector,2.206,False,False
DOMINICAN REPUBLIC,DOMINICAN REPUBLIC,2018-08-19,climate,nb,briere,7,0.75,seir,3.374,False,False
DOMINICAN REPUBLIC,DOMINICAN REPUBLIC,2018-08-19,climate,nb,loglinear,3,1.0,hostvector,-37.938,True,True
DOMINICAN REPUBLIC,DOMINICAN REPUBLIC,2018-08-19,climate,nb,loglinear,3,1.0,seir,-36.872,True,True
DOMINICAN REPUBLIC,DOMINICAN REPUBLIC,2018-08-19,climate,nb,loglinear,3,0.75,hostvector,-10.983,True,True
DOMINICAN REPUBLIC,DOMINICAN REPUBLIC,2018-08-19,climate,nb,loglinear,3,0.75,seir,-8.031,True,True
DOMINICAN REPUBLIC,DOMINICAN REPUBLIC,2018-08-19,climate,nb,loglinear,5,1.0,hostvector,-26.582,True,True
DOMINICAN REPUBLIC,DOMINICAN REPUBLIC,2018-08-19,climate,nb,loglinear,5,1.0,seir,-25.467,True,True
DOMINICAN REPUBLIC,DOMINICAN REPUBLIC,2018-08-19,climate,nb,loglinear,5,0.75,hostvector,-3.443,True,False
DOMINICAN REPUBLIC,DOMINICAN REPUBLIC,2018-08-19,climate,nb,loglinear,5,0.75,seir,-0.578,True,False
DOMINICAN REPUBLIC,DOMINICAN REPUBLIC,2018-08-19,climate,nb,loglinear,7,1.0,hostvector,-17.455,True,True
DOMINICAN REPUBLIC,DOMINICAN REPUBLIC,2018-08-19,climate,nb,loglinear,7,1.0,seir,-18.918,True,True
DOMINICAN REPUBLIC,DOMINICAN REPUBLIC,2018-08-19,climate,nb,loglinear,7,0.75,hostvector,2.483,False,False
DOMINICAN REPUBLIC,DOMINICAN REPUBLIC,2018-08-19,climate,nb,loglinear,7,0.75,seir,3.512,False,False
DOMINICAN REPUBLIC,DOMINICAN REPUBLIC,2018-08-19,climate,poisson,briere,3,1.0,hostvector,-1330.947,True,True
DOMINICAN REPUBLIC,DOMINICAN REPUBLIC,2018-08-19,climate,poisson,briere,3,1.0,seir,-1334.669,True,True
DOMINICAN REPUBLIC,DOMINICAN REPUBLIC,2018-08-19,climate,poisson,briere,3,0.75,hostvector,-478.942,True,True
DOMINICAN REPUBLIC,DOMINICAN REPUBLIC,2018-08-19,climate,poisson,briere,3,0.75,seir,-428.142,True,True
DOMINICAN REPUBLIC,DOMINICAN REPUBLIC,2018-08-19,climate,poisson,briere,5,1.0,hostvector,-957.963,True,True
DOMINICAN REPUBLIC,DOMINICAN REPUBLIC,2018-08-19,climate,poisson,briere,5,1.0,seir,-973.23,True,True
DOMINICAN REPUBLIC,DOMINICAN REPUBLIC,2018-08-19,climate,poisson,briere,5,0.75,hostvector,-197.159,True,True
DOMINICAN REPUBLIC,DOMINICAN REPUBLIC,2018-08-19,climate,poisson,briere,5,0.75,seir,-161.815,True,True
DOMINICAN REPUBLIC,DOMINICAN REPUBLIC,2018-08-19,climate,poisson,briere,7,1.0,hostvector,-971.237,True,True
DOMINICAN REPUBLIC,DOMINICAN REPUBLIC,2018-08-19,climate,poisson,briere,7,1.0,seir,-1028.664,True,True
DOMINICAN REPUBLIC,DOMINICAN REPUBLIC,2018-08-19,climate,poisson,briere,7,0.75,hostvector,-204.413,True,True
DOMINICAN REPUBLIC,DOMINICAN REPUBLIC,2018-08-19,climate,poisson,briere,7,0.75,seir,-192.325,True,True
DOMINICAN REPUBLIC,DOMINICAN REPUBLIC,2018-08-19,climate,poisson,loglinear,3,1.0,hostvector,-1329.207,True,True
DOMINICAN REPUBLIC,DOMINICAN REPUBLIC,2018-08-19,climate,poisson,loglinear,3,1.0,seir,-1336.404,True,True
DOMINICAN REPUBLIC,DOMINICAN REPUBLIC,2018-08-19,climate,poisson,loglinear,3,0.75,hostvector,-477.865,True,True
DOMINICAN REPUBLIC,DOMINICAN REPUBLIC,2018-08-19,climate,poisson,loglinear,3,0.75,seir,-429.81,True,True
DOMINICAN REPUBLIC,DOMINICAN REPUBLIC,2018-08-19,climate,poisson,loglinear,5,1.0,hostvector,-951.055,True,True
DOMINICAN REPUBLIC,DOMINICAN REPUBLIC,2018-08-19,climate,poisson,loglinear,5,1.0,seir,-970.025,True,True
DOMINICAN REPUBLIC,DOMINICAN REPUBLIC,2018-08-19,climate,poisson,loglinear,5,0.75,hostvector,-183.739,True,True
DOMINICAN REPUBLIC,DOMINICAN REPUBLIC,2018-08-19,climate,poisson,loglinear,5,0.75,seir,-153.732,True,True
DOMINICAN REPUBLIC,DOMINICAN REPUBLIC,2018-08-19,climate,poisson,loglinear,7,1.0,hostvector,-951.41,True,True
DOMINICAN REPUBLIC,DOMINICAN REPUBLIC,2018-08-19,climate,poisson,loglinear,7,1.0,seir,-1010.464,True,True
DOMINICAN REPUBLIC,DOMINICAN REPUBLIC,2018-08-19,climate,poisson,loglinear,7,0.75,hostvector,-173.724,True,True
DOMINICAN REPUBLIC,DOMINICAN REPUBLIC,2018-08-19,climate,poisson,loglinear,7,0.75,seir,-166.187,True,True
DOMINICAN REPUBLIC,DOMINICAN REPUBLIC,2021-05-30,no_effect,nb,briere,3,1.0,hostvector,2.964,False,False
DOMINICAN REPUBLIC,DOMINICAN REPUBLIC,2021-05-30,no_effect,nb,briere,3,1.0,seir,3.783,False,False
DOMINICAN REPUBLIC,DOMINICAN REPUBLIC,2021-05-30,no_effect,nb,briere,3,0.75,hostvector,2.044,False,False
DOMINICAN REPUBLIC,DOMINICAN REPUBLIC,2021-05-30,no_effect,nb,briere,3,0.75,seir,2.843,False,False
DOMINICAN REPUBLIC,DOMINICAN REPUBLIC,2021-05-30,no_effect,nb,briere,5,1.0,hostvector,2.78,False,False
DOMINICAN REPUBLIC,DOMINICAN REPUBLIC,2021-05-30,no_effect,nb,briere,5,1.0,seir,3.795,False,False
DOMINICAN REPUBLIC,DOMINICAN REPUBLIC,2021-05-30,no_effect,nb,briere,5,0.75,hostvector,0.314,False,False
DOMINICAN REPUBLIC,DOMINICAN REPUBLIC,2021-05-30,no_effect,nb,briere,5,0.75,seir,1.597,False,False
DOMINICAN REPUBLIC,DOMINICAN REPUBLIC,2021-05-30,no_effect,nb,briere,7,1.0,hostvector,2.966,False,False
DOMINICAN REPUBLIC,DOMINICAN REPUBLIC,2021-05-30,no_effect,nb,briere,7,1.0,seir,3.634,False,False
DOMINICAN REPUBLIC,DOMINICAN REPUBLIC,2021-05-30,no_effect,nb,briere,7,0.75,hostvector,2.631,False,False
DOMINICAN REPUBLIC,DOMINICAN REPUBLIC,2021-05-30,no_effect,nb,briere,7,0.75,seir,3.465,False,False
DOMINICAN REPUBLIC,DOMINICAN REPUBLIC,2021-05-30,no_effect,nb,loglinear,3,1.0,hostvector,2.886,False,False
DOMINICAN REPUBLIC,DOMINICAN REPUBLIC,2021-05-30,no_effect,nb,loglinear,3,1.0,seir,3.774,False,False
DOMINICAN REPUBLIC,DOMINICAN REPUBLIC,2021-05-30,no_effect,nb,loglinear,3,0.75,hostvector,2.041,False,False
DOMINICAN REPUBLIC,DOMINICAN REPUBLIC,2021-05-30,no_effect,nb,loglinear,3,0.75,seir,1.518,False,False
DOMINICAN REPUBLIC,DOMINICAN REPUBLIC,2021-05-30,no_effect,nb,loglinear,5,1.0,hostvector,2.671,False,False
DOMINICAN REPUBLIC,DOMINICAN REPUBLIC,2021-05-30,no_effect,nb,loglinear,5,1.0,seir,3.772,False,False
DOMINICAN REPUBLIC,DOMINICAN REPUBLIC,2021-05-30,no_effect,nb,loglinear,5,0.75,hostvector,0.103,False,False
DOMINICAN REPUBLIC,DOMINICAN REPUBLIC,2021-05-30,no_effect,nb,loglinear,5,0.75,seir,-0.501,True,False
DOMINICAN REPUBLIC,DOMINICAN REPUBLIC,2021-05-30,no_effect,nb,loglinear,7,1.0,hostvector,2.908,False,False
DOMINICAN REPUBLIC,DOMINICAN REPUBLIC,2021-05-30,no_effect,nb,loglinear,7,1.0,seir,3.654,False,False
DOMINICAN REPUBLIC,DOMINICAN REPUBLIC,2021-05-30,no_effect,nb,loglinear,7,0.75,hostvector,2.636,False,False
DOMINICAN REPUBLIC,DOMINICAN REPUBLIC,2021-05-30,no_effect,nb,loglinear,7,0.75,seir,3.415,False,False
DOMINICAN REPUBLIC,DOMINICAN REPUBLIC,2021-05-30,no_effect,poisson,briere,3,1.0,hostvector,-30.367,True,True
DOMINICAN REPUBLIC,DOMINICAN REPUBLIC,2021-05-30,no_effect,poisson,briere,3,1.0,seir,-16.411,True,True
DOMINICAN REPUBLIC,DOMINICAN REPUBLIC,2021-05-30,no_effect,poisson,briere,3,0.75,hostvector,-46.47,True,True
DOMINICAN REPUBLIC,DOMINICAN REPUBLIC,2021-05-30,no_effect,poisson,briere,3,0.75,seir,-38.813,True,True
DOMINICAN REPUBLIC,DOMINICAN REPUBLIC,2021-05-30,no_effect,poisson,briere,5,1.0,hostvector,-39.758,True,True
DOMINICAN REPUBLIC,DOMINICAN REPUBLIC,2021-05-30,no_effect,poisson,briere,5,1.0,seir,-21.335,True,True
DOMINICAN REPUBLIC,DOMINICAN REPUBLIC,2021-05-30,no_effect,poisson,briere,5,0.75,hostvector,-94.077,True,True
DOMINICAN REPUBLIC,DOMINICAN REPUBLIC,2021-05-30,no_effect,poisson,briere,5,0.75,seir,-79.773,True,True
DOMINICAN REPUBLIC,DOMINICAN REPUBLIC,2021-05-30,no_effect,poisson,briere,7,1.0,hostvector,-28.703,True,True
DOMINICAN REPUBLIC,DOMINICAN REPUBLIC,2021-05-30,no_effect,poisson,briere,7,1.0,seir,-16.579,True,True
DOMINICAN REPUBLIC,DOMINICAN REPUBLIC,2021-05-30,no_effect,poisson,briere,7,0.75,hostvector,-41.916,True,True
DOMINICAN REPUBLIC,DOMINICAN REPUBLIC,2021-05-30,no_effect,poisson,briere,7,0.75,seir,-25.905,True,True
DOMINICAN REPUBLIC,DOMINICAN REPUBLIC,2021-05-30,no_effect,poisson,loglinear,3,1.0,hostvector,-32.149,True,True
DOMINICAN REPUBLIC,DOMINICAN REPUBLIC,2021-05-30,no_effect,poisson,loglinear,3,1.0,seir,-17.591,True,True
DOMINICAN REPUBLIC,DOMINICAN REPUBLIC,2021-05-30,no_effect,poisson,loglinear,3,0.75,hostvector,-46.126,True,True
DOMINICAN REPUBLIC,DOMINICAN REPUBLIC,2021-05-30,no_effect,poisson,loglinear,3,0.75,seir,-41.946,True,True
DOMINICAN REPUBLIC,DOMINICAN REPUBLIC,2021-05-30,no_effect,poisson,loglinear,5,1.0,hostvector,-42.667,True,True
DOMINICAN REPUBLIC,DOMINICAN REPUBLIC,2021-05-30,no_effect,poisson,loglinear,5,1.0,seir,-23.16,True,True
DOMINICAN REPUBLIC,DOMINICAN REPUBLIC,2021-05-30,no_effect,poisson,loglinear,5,0.75,hostvector,-95.352,True,True
DOMINICAN REPUBLIC,DOMINICAN REPUBLIC,2021-05-30,no_effect,poisson,loglinear,5,0.75,seir,-94.66,True,True
DOMINICAN REPUBLIC,DOMINICAN REPUBLIC,2021-05-30,no_effect,poisson,loglinear,7,1.0,hostvector,-29.929,True,True
DOMINICAN REPUBLIC,DOMINICAN REPUBLIC,2021-05-30,no_effect,poisson,loglinear,7,1.0,seir,-17.025,True,True
DOMINICAN REPUBLIC,DOMINICAN REPUBLIC,2021-05-30,no_effect,poisson,loglinear,7,0.75,hostvector,-41.918,True,True
DOMINICAN REPUBLIC,DOMINICAN REPUBLIC,2021-05-30,no_effect,poisson,loglinear,7,0.75,seir,-25.126,True,True
DOMINICAN REPUBLIC,DOMINICAN REPUBLIC,2021-05-30,climate,nb,briere,3,1.0,hostvector,-157.508,True,True
DOMINICAN REPUBLIC,DOMINICAN REPUBLIC,2021-05-30,climate,nb,briere,3,1.0,seir,-139.351,True,True
DOMINICAN REPUBLIC,DOMINICAN REPUBLIC,2021-05-30,climate,nb,briere,3,0.75,hostvector,-95.716,True,True
DOMINICAN REPUBLIC,DOMINICAN REPUBLIC,2021-05-30,climate,nb,briere,3,0.75,seir,-87.359,True,True
DOMINICAN REPUBLIC,DOMINICAN REPUBLIC,2021-05-30,climate,nb,briere,5,1.0,hostvector,-129.674,True,True
DOMINICAN REPUBLIC,DOMINICAN REPUBLIC,2021-05-30,climate,nb,briere,5,1.0,seir,-111.341,True,True
DOMINICAN REPUBLIC,DOMINICAN REPUBLIC,2021-05-30,climate,nb,briere,5,0.75,hostvector,-69.033,True,True
DOMINICAN REPUBLIC,DOMINICAN REPUBLIC,2021-05-30,climate,nb,briere,5,0.75,seir,-60.977,True,True
DOMINICAN REPUBLIC,DOMINICAN REPUBLIC,2021-05-30,climate,nb,briere,7,1.0,hostvector,-106.136,True,True
DOMINICAN REPUBLIC,DOMINICAN REPUBLIC,2021-05-30,climate,nb,briere,7,1.0,seir,-92.157,True,True
DOMINICAN REPUBLIC,DOMINICAN REPUBLIC,2021-05-30,climate,nb,briere,7,0.75,hostvector,-45.892,True,True
DOMINICAN REPUBLIC,DOMINICAN REPUBLIC,2021-05-30,climate,nb,briere,7,0.75,seir,-40.804,True,True
DOMINICAN REPUBLIC,DOMINICAN REPUBLIC,2021-05-30,climate,nb,loglinear,3,1.0,hostvector,-155.617,True,True
DOMINICAN REPUBLIC,DOMINICAN REPUBLIC,2021-05-30,climate,nb,loglinear,3,1.0,seir,-139.474,True,True
DOMINICAN REPUBLIC,DOMINICAN REPUBLIC,2021-05-30,climate,nb,loglinear,3,0.75,hostvector,-95.57,True,True
DOMINICAN REPUBLIC,DOMINICAN REPUBLIC,2021-05-30,climate,nb,loglinear,3,0.75,seir,-87.381,True,True
DOMINICAN REPUBLIC,DOMINICAN REPUBLIC,2021-05-30,climate,nb,loglinear,5,1.0,hostvector,-129.595,True,True
DOMINICAN REPUBLIC,DOMINICAN REPUBLIC,2021-05-30,climate,nb,loglinear,5,1.0,seir,-111.674,True,True
DOMINICAN REPUBLIC,DOMINICAN REPUBLIC,2021-05-30,climate,nb,loglinear,5,0.75,hostvector,-68.972,True,True
DOMINICAN REPUBLIC,DOMINICAN REPUBLIC,2021-05-30,climate,nb,loglinear,5,0.75,seir,-61.108,True,True
DOMINICAN REPUBLIC,DOMINICAN REPUBLIC,2021-05-30,climate,nb,loglinear,7,1.0,hostvector,-106.373,True,True
DOMINICAN REPUBLIC,DOMINICAN REPUBLIC,2021-05-30,climate,nb,loglinear,7,1.0,seir,-90.122,True,True
DOMINICAN REPUBLIC,DOMINICAN REPUBLIC,2021-05-30,climate,nb,loglinear,7,0.75,hostvector,-45.942,True,True
DOMINICAN REPUBLIC,DOMINICAN REPUBLIC,2021-05-30,climate,nb,loglinear,7,0.75,seir,-40.2,True,True
DOMINICAN REPUBLIC,DOMINICAN REPUBLIC,2021-05-30,climate,poisson,briere,3,1.0,hostvector,-1596.239,True,True
DOMINICAN REPUBLIC,DOMINICAN REPUBLIC,2021-05-30,climate,poisson,briere,3,1.0,seir,-1524.969,True,True
DOMINICAN REPUBLIC,DOMINICAN REPUBLIC,2021-05-30,climate,poisson,briere,3,0.75,hostvector,-1563.523,True,True
DOMINICAN REPUBLIC,DOMINICAN REPUBLIC,2021-05-30,climate,poisson,briere,3,0.75,seir,-1499.431,True,True
DOMINICAN REPUBLIC,DOMINICAN REPUBLIC,2021-05-30,climate,poisson,briere,5,1.0,hostvector,-473.21,True,True
DOMINICAN REPUBLIC,DOMINICAN REPUBLIC,2021-05-30,climate,poisson,briere,5,1.0,seir,-392.49,True,True
DOMINICAN REPUBLIC,DOMINICAN REPUBLIC,2021-05-30,climate,poisson,briere,5,0.75,hostvector,-438.437,True,True
DOMINICAN REPUBLIC,DOMINICAN REPUBLIC,2021-05-30,climate,poisson,briere,5,0.75,seir,-364.28,True,True
DOMINICAN REPUBLIC,DOMINICAN REPUBLIC,2021-05-30,climate,poisson,briere,7,1.0,hostvector,-70.762,True,True
DOMINICAN REPUBLIC,DOMINICAN REPUBLIC,2021-05-30,climate,poisson,briere,7,1.0,seir,-55.068,True,True
DOMINICAN REPUBLIC,DOMINICAN REPUBLIC,2021-05-30,climate,poisson,briere,7,0.75,hostvector,-139.445,True,True
DOMINICAN REPUBLIC,DOMINICAN REPUBLIC,2021-05-30,climate,poisson,briere,7,0.75,seir,-184.968,True,True
DOMINICAN REPUBLIC,DOMINICAN REPUBLIC,2021-05-30,climate,poisson,loglinear,3,1.0,hostvector,-1600.426,True,True
DOMINICAN REPUBLIC,DOMINICAN REPUBLIC,2021-05-30,climate,poisson,loglinear,3,1.0,seir,-1529.466,True,True
DOMINICAN REPUBLIC,DOMINICAN REPUBLIC,2021-05-30,climate,poisson,loglinear,3,0.75,hostvector,-1568.327,True,True
DOMINICAN REPUBLIC,DOMINICAN REPUBLIC,2021-05-30,climate,poisson,loglinear,3,0.75,seir,-1503.867,True,True
DOMINICAN REPUBLIC,DOMINICAN REPUBLIC,2021-05-30,climate,poisson,loglinear,5,1.0,hostvector,-470.859,True,True
DOMINICAN REPUBLIC,DOMINICAN REPUBLIC,2021-05-30,climate,poisson,loglinear,5,1.0,seir,-393.08,True,True
DOMINICAN REPUBLIC,DOMINICAN REPUBLIC,2021-05-30,climate,poisson,loglinear,5,0.75,hostvector,-437.698,True,True
DOMINICAN REPUBLIC,DOMINICAN REPUBLIC,2021-05-30,climate,poisson,loglinear,5,0.75,seir,-364.898,True,True
DOMINICAN REPUBLIC,DOMINICAN REPUBLIC,2021-05-30,climate,poisson,loglinear,7,1.0,hostvector,-119.431,True,True
DOMINICAN REPUBLIC,DOMINICAN REPUBLIC,2021-05-30,climate,poisson,loglinear,7,1.0,seir,-169.905,True,True
DOMINICAN REPUBLIC,DOMINICAN REPUBLIC,2021-05-30,climate,poisson,loglinear,7,0.75,hostvector,-87.792,True,True
DOMINICAN REPUBLIC,DOMINICAN REPUBLIC,2021-05-30,climate,poisson,loglinear,7,0.75,seir,-141.398,True,True
ECUADOR,ECUADOR,2015-01-18,no_effect,nb,briere,3,1.0,hostvector,2.439,False,False
ECUADOR,ECUADOR,2015-01-18,no_effect,nb,briere,3,1.0,seir,0.199,False,False
ECUADOR,ECUADOR,2015-01-18,no_effect,nb,briere,3,0.75,hostvector,1.132,False,False
ECUADOR,ECUADOR,2015-01-18,no_effect,nb,briere,3,0.75,seir,-1.058,True,False
ECUADOR,ECUADOR,2015-01-18,no_effect,nb,briere,5,1.0,hostvector,3.022,False,False
ECUADOR,ECUADOR,2015-01-18,no_effect,nb,briere,5,1.0,seir,1.135,False,False
ECUADOR,ECUADOR,2015-01-18,no_effect,nb,briere,5,0.75,hostvector,2.246,False,False
ECUADOR,ECUADOR,2015-01-18,no_effect,nb,briere,5,0.75,seir,0.449,False,False
ECUADOR,ECUADOR,2015-01-18,no_effect,nb,briere,7,1.0,hostvector,3.722,False,False
ECUADOR,ECUADOR,2015-01-18,no_effect,nb,briere,7,1.0,seir,2.547,False,False
ECUADOR,ECUADOR,2015-01-18,no_effect,nb,briere,7,0.75,hostvector,3.717,False,False
ECUADOR,ECUADOR,2015-01-18,no_effect,nb,briere,7,0.75,seir,3.039,False,False
ECUADOR,ECUADOR,2015-01-18,no_effect,nb,loglinear,3,1.0,hostvector,1.778,False,False
ECUADOR,ECUADOR,2015-01-18,no_effect,nb,loglinear,3,1.0,seir,-0.519,True,False
ECUADOR,ECUADOR,2015-01-18,no_effect,nb,loglinear,3,0.75,hostvector,-0.347,True,False
ECUADOR,ECUADOR,2015-01-18,no_effect,nb,loglinear,3,0.75,seir,-2.708,True,False
ECUADOR,ECUADOR,2015-01-18,no_effect,nb,loglinear,5,1.0,hostvector,2.659,False,False
ECUADOR,ECUADOR,2015-01-18,no_effect,nb,loglinear,5,1.0,seir,0.922,False,False
ECUADOR,ECUADOR,2015-01-18,no_effect,nb,loglinear,5,0.75,hostvector,1.24,False,False
ECUADOR,ECUADOR,2015-01-18,no_effect,nb,loglinear,5,0.75,seir,-0.569,True,False
ECUADOR,ECUADOR,2015-01-18,no_effect,nb,loglinear,7,1.0,hostvector,3.585,False,False
ECUADOR,ECUADOR,2015-01-18,no_effect,nb,loglinear,7,1.0,seir,2.552,False,False
ECUADOR,ECUADOR,2015-01-18,no_effect,nb,loglinear,7,0.75,hostvector,3.638,False,False
ECUADOR,ECUADOR,2015-01-18,no_effect,nb,loglinear,7,0.75,seir,3.047,False,False
ECUADOR,ECUADOR,2015-01-18,no_effect,poisson,briere,3,1.0,hostvector,-134.983,True,True
ECUADOR,ECUADOR,2015-01-18,no_effect,poisson,briere,3,1.0,seir,-156.409,True,True
ECUADOR,ECUADOR,2015-01-18,no_effect,poisson,briere,3,0.75,hostvector,-398.975,True,True
ECUADOR,ECUADOR,2015-01-18,no_effect,poisson,briere,3,0.75,seir,-431.103,True,True
ECUADOR,ECUADOR,2015-01-18,no_effect,poisson,briere,5,1.0,hostvector,-12.244,True,True
ECUADOR,ECUADOR,2015-01-18,no_effect,poisson,briere,5,1.0,seir,-30.025,True,True
ECUADOR,ECUADOR,2015-01-18,no_effect,poisson,briere,5,0.75,hostvector,-128.352,True,True
ECUADOR,ECUADOR,2015-01-18,no_effect,poisson,briere,5,0.75,seir,-148.363,True,True
ECUADOR,ECUADOR,2015-01-18,no_effect,poisson,briere,7,1.0,hostvector,-4.453,True,True
ECUADOR,ECUADOR,2015-01-18,no_effect,poisson,briere,7,1.0,seir,3.29,False,False
ECUADOR,ECUADOR,2015-01-18,no_effect,poisson,briere,7,0.75,hostvector,-0.33,True,False
ECUADOR,ECUADOR,2015-01-18,no_effect,poisson,briere,7,0.75,seir,-1.524,True,False
ECUADOR,ECUADOR,2015-01-18,no_effect,poisson,loglinear,3,1.0,hostvector,-309.582,True,True
ECUADOR,ECUADOR,2015-01-18,no_effect,poisson,loglinear,3,1.0,seir,-362.732,True,True
ECUADOR,ECUADOR,2015-01-18,no_effect,poisson,loglinear,3,0.75,hostvector,-594.888,True,True
ECUADOR,ECUADOR,2015-01-18,no_effect,poisson,loglinear,3,0.75,seir,-627.001,True,True
ECUADOR,ECUADOR,2015-01-18,no_effect,poisson,loglinear,5,1.0,hostvector,-114.911,True,True
ECUADOR,ECUADOR,2015-01-18,no_effect,poisson,loglinear,5,1.0,seir,-110.675,True,True
ECUADOR,ECUADOR,2015-01-18,no_effect,poisson,loglinear,5,0.75,hostvector,-224.156,True,True
ECUADOR,ECUADOR,2015-01-18,no_effect,poisson,loglinear,5,0.75,seir,-214.171,True,True
ECUADOR,ECUADOR,2015-01-18,no_effect,poisson,loglinear,7,1.0,hostvector,-59.298,True,True
ECUADOR,ECUADOR,2015-01-18,no_effect,poisson,loglinear,7,1.0,seir,-16.719,True,True
ECUADOR,ECUADOR,2015-01-18,no_effect,poisson,loglinear,7,0.75,hostvector,-42.372,True,True
ECUADOR,ECUADOR,2015-01-18,no_effect,poisson,loglinear,7,0.75,seir,-5.454,True,True
ECUADOR,ECUADOR,2015-01-18,climate,nb,briere,3,1.0,hostvector,-109.93,True,True
ECUADOR,ECUADOR,2015-01-18,climate,nb,briere,3,1.0,seir,-93.531,True,True
ECUADOR,ECUADOR,2015-01-18,climate,nb,briere,3,0.75,hostvector,-48.65,True,True
ECUADOR,ECUADOR,2015-01-18,climate,nb,briere,3,0.75,seir,-44.694,True,True
ECUADOR,ECUADOR,2015-01-18,climate,nb,briere,5,1.0,hostvector,-108.18,True,True
ECUADOR,ECUADOR,2015-01-18,climate,nb,briere,5,1.0,seir,-88.745,True,True
ECUADOR,ECUADOR,2015-01-18,climate,nb,briere,5,0.75,hostvector,-45.619,True,True
ECUADOR,ECUADOR,2015-01-18,climate,nb,briere,5,0.75,seir,-40.515,True,True
ECUADOR,ECUADOR,2015-01-18,climate,nb,briere,7,1.0,hostvector,-100.303,True,True
ECUADOR,ECUADOR,2015-01-18,climate,nb,briere,7,1.0,seir,-82.07,True,True
ECUADOR,ECUADOR,2015-01-18,climate,nb,briere,7,0.75,hostvector,-37.921,True,True
ECUADOR,ECUADOR,2015-01-18,climate,nb,briere,7,0.75,seir,-35.864,True,True
ECUADOR,ECUADOR,2015-01-18,climate,nb,loglinear,3,1.0,hostvector,-109.91,True,True
ECUADOR,ECUADOR,2015-01-18,climate,nb,loglinear,3,1.0,seir,-93.477,True,True
ECUADOR,ECUADOR,2015-01-18,climate,nb,loglinear,3,0.75,hostvector,-48.598,True,True
ECUADOR,ECUADOR,2015-01-18,climate,nb,loglinear,3,0.75,seir,-44.586,True,True
ECUADOR,ECUADOR,2015-01-18,climate,nb,loglinear,5,1.0,hostvector,-108.402,True,True
ECUADOR,ECUADOR,2015-01-18,climate,nb,loglinear,5,1.0,seir,-88.954,True,True
ECUADOR,ECUADOR,2015-01-18,climate,nb,loglinear,5,0.75,hostvector,-45.722,True,True
ECUADOR,ECUADOR,2015-01-18,climate,nb,loglinear,5,0.75,seir,-40.676,True,True
ECUADOR,ECUADOR,2015-01-18,climate,nb,loglinear,7,1.0,hostvector,-100.496,True,True
ECUADOR,ECUADOR,2015-01-18,climate,nb,loglinear,7,1.0,seir,-82.37,True,True
ECUADOR,ECUADOR,2015-01-18,climate,nb,loglinear,7,0.75,hostvector,-38.04,True,True
ECUADOR,ECUADOR,2015-01-18,climate,nb,loglinear,7,0.75,seir,-36.342,True,True
ECUADOR,ECUADOR,2015-01-18,climate,poisson,briere,3,1.0,hostvector,-2856.254,True,True
ECUADOR,ECUADOR,2015-01-18,climate,poisson,briere,3,1.0,seir,-3217.112,True,True
ECUADOR,ECUADOR,2015-01-18,climate,poisson,briere,3,0.75,hostvector,-2801.67,True,True
ECUADOR,ECUADOR,2015-01-18,climate,poisson,briere,3,0.75,seir,-3187.478,True,True
ECUADOR,ECUADOR,2015-01-18,climate,poisson,briere,5,1.0,hostvector,-3190.182,True,True
ECUADOR,ECUADOR,2015-01-18,climate,poisson,briere,5,1.0,seir,-3547.703,True,True
ECUADOR,ECUADOR,2015-01-18,climate,poisson,briere,5,0.75,hostvector,-3137.845,True,True
ECUADOR,ECUADOR,2015-01-18,climate,poisson,briere,5,0.75,seir,-3519.653,True,True
ECUADOR,ECUADOR,2015-01-18,climate,poisson,briere,7,1.0,hostvector,-2657.435,True,True
ECUADOR,ECUADOR,2015-01-18,climate,poisson,briere,7,1.0,seir,-3294.028,True,True
ECUADOR,ECUADOR,2015-01-18,climate,poisson,briere,7,0.75,hostvector,-2656.912,True,True
ECUADOR,ECUADOR,2015-01-18,climate,poisson,briere,7,0.75,seir,-3274.135,True,True
ECUADOR,ECUADOR,2015-01-18,climate,poisson,loglinear,3,1.0,hostvector,-2769.293,True,True
ECUADOR,ECUADOR,2015-01-18,climate,poisson,loglinear,3,1.0,seir,-3151.24,True,True
ECUADOR,ECUADOR,2015-01-18,climate,poisson,loglinear,3,0.75,hostvector,-2711.108,True,True
ECUADOR,ECUADOR,2015-01-18,climate,poisson,loglinear,3,0.75,seir,-3120.348,True,True
ECUADOR,ECUADOR,2015-01-18,climate,poisson,loglinear,5,1.0,hostvector,-3205.709,True,True
ECUADOR,ECUADOR,2015-01-18,climate,poisson,loglinear,5,1.0,seir,-3576.702,True,True
ECUADOR,ECUADOR,2015-01-18,climate,poisson,loglinear,5,0.75,hostvector,-3152.019,True,True
ECUADOR,ECUADOR,2015-01-18,climate,poisson,loglinear,5,0.75,seir,-3544.467,True,True
ECUADOR,ECUADOR,2015-01-18,climate,poisson,loglinear,7,1.0,hostvector,-2642.759,True,True
ECUADOR,ECUADOR,2015-01-18,climate,poisson,loglinear,7,1.0,seir,-3350.405,True,True
ECUADOR,ECUADOR,2015-01-18,climate,poisson,loglinear,7,0.75,hostvector,-2655.404,True,True
ECUADOR,ECUADOR,2015-01-18,climate,poisson,loglinear,7,0.75,seir,-3327.471,True,True
ECUADOR,ECUADOR,2018-11-11,no_effect,nb,briere,3,1.0,hostvector,3.905,False,False
ECUADOR,ECUADOR,2018-11-11,no_effect,nb,briere,3,1.0,seir,3.699,False,False
ECUADOR,ECUADOR,2018-11-11,no_effect,nb,briere,3,0.75,hostvector,3.939,False,False
ECUADOR,ECUADOR,2018-11-11,no_effect,nb,briere,3,0.75,seir,3.368,False,False
ECUADOR,ECUADOR,2018-11-11,no_effect,nb,briere,5,1.0,hostvector,3.894,False,False
ECUADOR,ECUADOR,2018-11-11,no_effect,nb,briere,5,1.0,seir,3.796,False,False
ECUADOR,ECUADOR,2018-11-11,no_effect,nb,briere,5,0.75,hostvector,3.839,False,False
ECUADOR,ECUADOR,2018-11-11,no_effect,nb,briere,5,0.75,seir,3.37,False,False
ECUADOR,ECUADOR,2018-11-11,no_effect,nb,briere,7,1.0,hostvector,3.953,False,False
ECUADOR,ECUADOR,2018-11-11,no_effect,nb,briere,7,1.0,seir,3.757,False,False
ECUADOR,ECUADOR,2018-11-11,no_effect,nb,briere,7,0.75,hostvector,3.937,False,False
ECUADOR,ECUADOR,2018-11-11,no_effect,nb,briere,7,0.75,seir,3.405,False,False
ECUADOR,ECUADOR,2018-11-11,no_effect,nb,loglinear,3,1.0,hostvector,3.902,False,False
ECUADOR,ECUADOR,2018-11-11,no_effect,nb,loglinear,3,1.0,seir,3.688,False,False
ECUADOR,ECUADOR,2018-11-11,no_effect,nb,loglinear,3,0.75,hostvector,3.927,False,False
ECUADOR,ECUADOR,2018-11-11,no_effect,nb,loglinear,3,0.75,seir,3.367,False,False
ECUADOR,ECUADOR,2018-11-11,no_effect,nb,loglinear,5,1.0,hostvector,3.892,False,False
ECUADOR,ECUADOR,2018-11-11,no_effect,nb,loglinear,5,1.0,seir,3.796,False,False
ECUADOR,ECUADOR,2018-11-11,no_effect,nb,loglinear,5,0.75,hostvector,3.819,False,False
ECUADOR,ECUADOR,2018-11-11,no_effect,nb,loglinear,5,0.75,seir,3.347,False,False
ECUADOR,ECUADOR,2018-11-11,no_effect,nb,loglinear,7,1.0,hostvector,3.953,False,False
ECUADOR,ECUADOR,2018-11-11,no_effect,nb,loglinear,7,1.0,seir,3.757,False,False
ECUADOR,ECUADOR,2018-11-11,no_effect,nb,loglinear,7,0.75,hostvector,3.929,False,False
ECUADOR,ECUADOR,2018-11-11,no_effect,nb,loglinear,7,0.75,seir,3.388,False,False
ECUADOR,ECUADOR,2018-11-11,no_effect,poisson,briere,3,1.0,hostvector,-0.635,True,False
ECUADOR,ECUADOR,2018-11-11,no_effect,poisson,briere,3,1.0,seir,2.363,False,False
ECUADOR,ECUADOR,2018-11-11,no_effect,poisson,briere,3,0.75,hostvector,2.366,False,False
ECUADOR,ECUADOR,2018-11-11,no_effect,poisson,briere,3,0.75,seir,1.244,False,False
ECUADOR,ECUADOR,2018-11-11,no_effect,poisson,briere,5,1.0,hostvector,-1.041,True,False
ECUADOR,ECUADOR,2018-11-11,no_effect,poisson,briere,5,1.0,seir,1.937,False,False
ECUADOR,ECUADOR,2018-11-11,no_effect,poisson,briere,5,0.75,hostvector,1.195,False,False
ECUADOR,ECUADOR,2018-11-11,no_effect,poisson,briere,5,0.75,seir,-0.188,True,False
ECUADOR,ECUADOR,2018-11-11,no_effect,poisson,briere,7,1.0,hostvector,0.36,False,False
ECUADOR,ECUADOR,2018-11-11,no_effect,poisson,briere,7,1.0,seir,2.392,False,False
ECUADOR,ECUADOR,2018-11-11,no_effect,poisson,briere,7,0.75,hostvector,2.688,False,False
ECUADOR,ECUADOR,2018-11-11,no_effect,poisson,briere,7,0.75,seir,0.989,False,False
ECUADOR,ECUADOR,2018-11-11,no_effect,poisson,loglinear,3,1.0,hostvector,-0.775,True,False
ECUADOR,ECUADOR,2018-11-11,no_effect,poisson,loglinear,3,1.0,seir,2.296,False,False
ECUADOR,ECUADOR,2018-11-11,no_effect,poisson,loglinear,3,0.75,hostvector,2.016,False,False
ECUADOR,ECUADOR,2018-11-11,no_effect,poisson,loglinear,3,0.75,seir,0.937,False,False
ECUADOR,ECUADOR,2018-11-11,no_effect,poisson,loglinear,5,1.0,hostvector,-1.156,True,False
ECUADOR,ECUADOR,2018-11-11,no_effect,poisson,loglinear,5,1.0,seir,1.873,False,False
ECUADOR,ECUADOR,2018-11-11,no_effect,poisson,loglinear,5,0.75,hostvector,0.801,False,False
ECUADOR,ECUADOR,2018-11-11,no_effect,poisson,loglinear,5,0.75,seir,-0.675,True,False
ECUADOR,ECUADOR,2018-11-11,no_effect,poisson,loglinear,7,1.0,hostvector,0.273,False,False
ECUADOR,ECUADOR,2018-11-11,no_effect,poisson,loglinear,7,1.0,seir,2.335,False,False
ECUADOR,ECUADOR,2018-11-11,no_effect,poisson,loglinear,7,0.75,hostvector,2.493,False,False
ECUADOR,ECUADOR,2018-11-11,no_effect,poisson,loglinear,7,0.75,seir,0.711,False,False
ECUADOR,ECUADOR,2018-11-11,climate,nb,briere,3,1.0,hostvector,-316.433,True,True
ECUADOR,ECUADOR,2018-11-11,climate,nb,briere,3,1.0,seir,-286.595,True,True
ECUADOR,ECUADOR,2018-11-11,climate,nb,briere,3,0.75,hostvector,-275.482,True,True
ECUADOR,ECUADOR,2018-11-11,climate,nb,briere,3,0.75,seir,-259.231,True,True
ECUADOR,ECUADOR,2018-11-11,climate,nb,briere,5,1.0,hostvector,-301.082,True,True
ECUADOR,ECUADOR,2018-11-11,climate,nb,briere,5,1.0,seir,-263.125,True,True
ECUADOR,ECUADOR,2018-11-11,climate,nb,briere,5,0.75,hostvector,-263.326,True,True
ECUADOR,ECUADOR,2018-11-11,climate,nb,briere,5,0.75,seir,-242.216,True,True
ECUADOR,ECUADOR,2018-11-11,climate,nb,briere,7,1.0,hostvector,-264.098,True,True
ECUADOR,ECUADOR,2018-11-11,climate,nb,briere,7,1.0,seir,-224.691,True,True
ECUADOR,ECUADOR,2018-11-11,climate,nb,briere,7,0.75,hostvector,-230.448,True,True
ECUADOR,ECUADOR,2018-11-11,climate,nb,briere,7,0.75,seir,-209.081,True,True
ECUADOR,ECUADOR,2018-11-11,climate,nb,loglinear,3,1.0,hostvector,-317.124,True,True
ECUADOR,ECUADOR,2018-11-11,climate,nb,loglinear,3,1.0,seir,-293.892,True,True
ECUADOR,ECUADOR,2018-11-11,climate,nb,loglinear,3,0.75,hostvector,-275.568,True,True
ECUADOR,ECUADOR,2018-11-11,climate,nb,loglinear,3,0.75,seir,-261.03,True,True
ECUADOR,ECUADOR,2018-11-11,climate,nb,loglinear,5,1.0,hostvector,-317.252,True,True
ECUADOR,ECUADOR,2018-11-11,climate,nb,loglinear,5,1.0,seir,-293.377,True,True
ECUADOR,ECUADOR,2018-11-11,climate,nb,loglinear,5,0.75,hostvector,-275.003,True,True
ECUADOR,ECUADOR,2018-11-11,climate,nb,loglinear,5,0.75,seir,-259.987,True,True
ECUADOR,ECUADOR,2018-11-11,climate,nb,loglinear,7,1.0,hostvector,-313.309,True,True
ECUADOR,ECUADOR,2018-11-11,climate,nb,loglinear,7,1.0,seir,-290.7,True,True
ECUADOR,ECUADOR,2018-11-11,climate,nb,loglinear,7,0.75,hostvector,-270.977,True,True
ECUADOR,ECUADOR,2018-11-11,climate,nb,loglinear,7,0.75,seir,-257.407,True,True
ECUADOR,ECUADOR,2018-11-11,climate,poisson,briere,3,1.0,hostvector,-1399.074,True,True
ECUADOR,ECUADOR,2018-11-11,climate,poisson,briere,3,1.0,seir,-1321.135,True,True
ECUADOR,ECUADOR,2018-11-11,climate,poisson,briere,3,0.75,hostvector,-1409.161,True,True
ECUADOR,ECUADOR,2018-11-11,climate,poisson,briere,3,0.75,seir,-1356.145,True,True
ECUADOR,ECUADOR,2018-11-11,climate,poisson,briere,5,1.0,hostvector,-894.364,True,True
ECUADOR,ECUADOR,2018-11-11,climate,poisson,briere,5,1.0,seir,-745.983,True,True
ECUADOR,ECUADOR,2018-11-11,climate,poisson,briere,5,0.75,hostvector,-906.008,True,True
ECUADOR,ECUADOR,2018-11-11,climate,poisson,briere,5,0.75,seir,-780.972,True,True
ECUADOR,ECUADOR,2018-11-11,climate,poisson,briere,7,1.0,hostvector,-411.303,True,True
ECUADOR,ECUADOR,2018-11-11,climate,poisson,briere,7,1.0,seir,-333.12,True,True
ECUADOR,ECUADOR,2018-11-11,climate,poisson,briere,7,0.75,hostvector,-428.868,True,True
ECUADOR,ECUADOR,2018-11-11,climate,poisson,briere,7,0.75,seir,-372.19,True,True
ECUADOR,ECUADOR,2018-11-11,climate,poisson,loglinear,3,1.0,hostvector,-1391.938,True,True
ECUADOR,ECUADOR,2018-11-11,climate,poisson,loglinear,3,1.0,seir,-1323.786,True,True
ECUADOR,ECUADOR,2018-11-11,climate,poisson,loglinear,3,0.75,hostvector,-1401.157,True,True
ECUADOR,ECUADOR,2018-11-11,climate,poisson,loglinear,3,0.75,seir,-1358.66,True,True
ECUADOR,ECUADOR,2018-11-11,climate,poisson,loglinear,5,1.0,hostvector,-1082.262,True,True
ECUADOR,ECUADOR,2018-11-11,climate,poisson,loglinear,5,1.0,seir,-964.619,True,True
ECUADOR,ECUADOR,2018-11-11,climate,poisson,loglinear,5,0.75,hostvector,-1084.246,True,True
ECUADOR,ECUADOR,2018-11-11,climate,poisson,loglinear,5,0.75,seir,-978.523,True,True
ECUADOR,ECUADOR,2018-11-11,climate,poisson,loglinear,7,1.0,hostvector,-879.597,True,True
ECUADOR,ECUADOR,2018-11-11,climate,poisson,loglinear,7,1.0,seir,-794.921,True,True
ECUADOR,ECUADOR,2018-11-11,climate,poisson,loglinear,7,0.75,hostvector,-882.336,True,True
ECUADOR,ECUADOR,2018-11-11,climate,poisson,loglinear,7,0.75,seir,-804.717,True,True
ECUADOR,ORELLANA,2019-12-29,no_effect,nb,briere,3,1.0,hostvector,-5.934,True,True
ECUADOR,ORELLANA,2019-12-29,no_effect,nb,briere,3,1.0,seir,-8.285,True,True
ECUADOR,ORELLANA,2019-12-29,no_effect,nb,briere,3,0.75,hostvector,-5.315,True,True
ECUADOR,ORELLANA,2019-12-29,no_effect,nb,briere,3,0.75,seir,-7.379,True,True
ECUADOR,ORELLANA,2019-12-29,no_effect,nb,briere,5,1.0,hostvector,-3.086,True,False
ECUADOR,ORELLANA,2019-12-29,no_effect,nb,briere,5,1.0,seir,-4.383,True,True
ECUADOR,ORELLANA,2019-12-29,no_effect,nb,briere,5,0.75,hostvector,-5.658,True,True
ECUADOR,ORELLANA,2019-12-29,no_effect,nb,briere,5,0.75,seir,-7.268,True,True
ECUADOR,ORELLANA,2019-12-29,no_effect,nb,briere,7,1.0,hostvector,0.781,False,False
ECUADOR,ORELLANA,2019-12-29,no_effect,nb,briere,7,1.0,seir,-0.198,True,False
ECUADOR,ORELLANA,2019-12-29,no_effect,nb,briere,7,0.75,hostvector,-2.81,True,False
ECUADOR,ORELLANA,2019-12-29,no_effect,nb,briere,7,0.75,seir,-4.145,True,True
ECUADOR,ORELLANA,2019-12-29,no_effect,nb,loglinear,3,1.0,hostvector,-6.258,True,True
ECUADOR,ORELLANA,2019-12-29,no_effect,nb,loglinear,3,1.0,seir,-8.551,True,True
ECUADOR,ORELLANA,2019-12-29,no_effect,nb,loglinear,3,0.75,hostvector,-5.583,True,True
ECUADOR,ORELLANA,2019-12-29,no_effect,nb,loglinear,3,0.75,seir,-7.609,True,True
ECUADOR,ORELLANA,2019-12-29,no_effect,nb,loglinear,5,1.0,hostvector,-3.195,True,False
ECUADOR,ORELLANA,2019-12-29,no_effect,nb,loglinear,5,1.0,seir,-4.47,True,True
ECUADOR,ORELLANA,2019-12-29,no_effect,nb,loglinear,5,0.75,hostvector,-5.957,True,True
ECUADOR,ORELLANA,2019-12-29,no_effect,nb,loglinear,5,0.75,seir,-7.552,True,True
ECUADOR,ORELLANA,2019-12-29,no_effect,nb,loglinear,7,1.0,hostvector,0.767,False,False
ECUADOR,ORELLANA,2019-12-29,no_effect,nb,loglinear,7,1.0,seir,-0.201,True,False
ECUADOR,ORELLANA,2019-12-29,no_effect,nb,loglinear,7,0.75,hostvector,-2.985,True,False
ECUADOR,ORELLANA,2019-12-29,no_effect,nb,loglinear,7,0.75,seir,-4.3,True,True
ECUADOR,ORELLANA,2019-12-29,no_effect,poisson,briere,3,1.0,hostvector,-36.453,True,True
ECUADOR,ORELLANA,2019-12-29,no_effect,poisson,briere,3,1.0,seir,-42.243,True,True
ECUADOR,ORELLANA,2019-12-29,no_effect,poisson,briere,3,0.75,hostvector,-34.516,True,True
ECUADOR,ORELLANA,2019-12-29,no_effect,poisson,briere,3,0.75,seir,-40.061,True,True
ECUADOR,ORELLANA,2019-12-29,no_effect,poisson,briere,5,1.0,hostvector,-25.985,True,True
ECUADOR,ORELLANA,2019-12-29,no_effect,poisson,briere,5,1.0,seir,-27.482,True,True
ECUADOR,ORELLANA,2019-12-29,no_effect,poisson,briere,5,0.75,hostvector,-34.671,True,True
ECUADOR,ORELLANA,2019-12-29,no_effect,poisson,briere,5,0.75,seir,-37.734,True,True
ECUADOR,ORELLANA,2019-12-29,no_effect,poisson,briere,7,1.0,hostvector,-8.662,True,True
ECUADOR,ORELLANA,2019-12-29,no_effect,poisson,briere,7,1.0,seir,-10.418,True,True
ECUADOR,ORELLANA,2019-12-29,no_effect,poisson,briere,7,0.75,hostvector,-19.348,True,True
ECUADOR,ORELLANA,2019-12-29,no_effect,poisson,briere,7,0.75,seir,-21.955,True,True
ECUADOR,ORELLANA,2019-12-29,no_effect,poisson,loglinear,3,1.0,hostvector,-37.053,True,True
ECUADOR,ORELLANA,2019-12-29,no_effect,poisson,loglinear,3,1.0,seir,-42.647,True,True
ECUADOR,ORELLANA,2019-12-29,no_effect,poisson,loglinear,3,0.75,hostvector,-35.068,True,True
ECUADOR,ORELLANA,2019-12-29,no_effect,poisson,loglinear,3,0.75,seir,-40.496,True,True
ECUADOR,ORELLANA,2019-12-29,no_effect,poisson,loglinear,5,1.0,hostvector,-26.303,True,True
ECUADOR,ORELLANA,2019-12-29,no_effect,poisson,loglinear,5,1.0,seir,-27.715,True,True
ECUADOR,ORELLANA,2019-12-29,no_effect,poisson,loglinear,5,0.75,hostvector,-35.621,True,True
ECUADOR,ORELLANA,2019-12-29,no_effect,poisson,loglinear,5,0.75,seir,-38.667,True,True
ECUADOR,ORELLANA,2019-12-29,no_effect,poisson,loglinear,7,1.0,hostvector,-8.662,True,True
ECUADOR,ORELLANA,2019-12-29,no_effect,poisson,loglinear,7,1.0,seir,-10.541,True,True
ECUADOR,ORELLANA,2019-12-29,no_effect,poisson,loglinear,7,0.75,hostvector,-20.095,True,True
ECUADOR,ORELLANA,2019-12-29,no_effect,poisson,loglinear,7,0.75,seir,-22.643,True,True
ECUADOR,ORELLANA,2019-12-29,climate,nb,briere,3,1.0,hostvector,-4.645,True,True
ECUADOR,ORELLANA,2019-12-29,climate,nb,briere,3,1.0,seir,-7.591,True,True
ECUADOR,ORELLANA,2019-12-29,climate,nb,briere,3,0.75,hostvector,-0.615,True,False
ECUADOR,ORELLANA,2019-12-29,climate,nb,briere,3,0.75,seir,-4.058,True,True
ECUADOR,ORELLANA,2019-12-29,climate,nb,briere,5,1.0,hostvector,-2.147,True,False
ECUADOR,ORELLANA,2019-12-29,climate,nb,briere,5,1.0,seir,-3.508,True,False
ECUADOR,ORELLANA,2019-12-29,climate,nb,briere,5,0.75,hostvector,-0.392,True,False
ECUADOR,ORELLANA,2019-12-29,climate,nb,briere,5,0.75,seir,-3.191,True,False
ECUADOR,ORELLANA,2019-12-29,climate,nb,briere,7,1.0,hostvector,3.032,False,False
ECUADOR,ORELLANA,2019-12-29,climate,nb,briere,7,1.0,seir,2.339,False,False
ECUADOR,ORELLANA,2019-12-29,climate,nb,briere,7,0.75,hostvector,3.725,False,False
ECUADOR,ORELLANA,2019-12-29,climate,nb,briere,7,0.75,seir,2.798,False,False
ECUADOR,ORELLANA,2019-12-29,climate,nb,loglinear,3,1.0,hostvector,-4.637,True,True
ECUADOR,ORELLANA,2019-12-29,climate,nb,loglinear,3,1.0,seir,-7.534,True,True
ECUADOR,ORELLANA,2019-12-29,climate,nb,loglinear,3,0.75,hostvector,-0.638,True,False
ECUADOR,ORELLANA,2019-12-29,climate,nb,loglinear,3,0.75,seir,-4.042,True,True
ECUADOR,ORELLANA,2019-12-29,climate,nb,loglinear,5,1.0,hostvector,-2.826,True,False
ECUADOR,ORELLANA,2019-12-29,climate,nb,loglinear,5,1.0,seir,-4.399,True,True
ECUADOR,ORELLANA,2019-12-29,climate,nb,loglinear,5,0.75,hostvector,-0.962,True,False
ECUADOR,ORELLANA,2019-12-29,climate,nb,loglinear,5,0.75,seir,-3.506,True,False
ECUADOR,ORELLANA,2019-12-29,climate,nb,loglinear,7,1.0,hostvector,-1.421,True,False
ECUADOR,ORELLANA,2019-12-29,climate,nb,loglinear,7,1.0,seir,-2.607,True,False
ECUADOR,ORELLANA,2019-12-29,climate,nb,loglinear,7,0.75,hostvector,0.651,False,False
ECUADOR,ORELLANA,2019-12-29,climate,nb,loglinear,7,0.75,seir,-0.884,True,False
ECUADOR,ORELLANA,2019-12-29,climate,poisson,briere,3,1.0,hostvector,-17.604,True,True
ECUADOR,ORELLANA,2019-12-29,climate,poisson,briere,3,1.0,seir,-32.775,True,True
ECUADOR,ORELLANA,2019-12-29,climate,poisson,briere,3,0.75,hostvector,-7.865,True,True
ECUADOR,ORELLANA,2019-12-29,climate,poisson,briere,3,0.75,seir,-23.846,True,True
ECUADOR,ORELLANA,2019-12-29,climate,poisson,briere,5,1.0,hostvector,-9.534,True,True
ECUADOR,ORELLANA,2019-12-29,climate,poisson,briere,5,1.0,seir,-19.122,True,True
ECUADOR,ORELLANA,2019-12-29,climate,poisson,briere,5,0.75,hostvector,-3.399,True,False
ECUADOR,ORELLANA,2019-12-29,climate,poisson,briere,5,0.75,seir,-14.827,True,True
ECUADOR,ORELLANA,2019-12-29,climate,poisson,briere,7,1.0,hostvector,2.966,False,False
ECUADOR,ORELLANA,2019-12-29,climate,poisson,briere,7,1.0,seir,-1.091,True,False
ECUADOR,ORELLANA,2019-12-29,climate,poisson,briere,7,0.75,hostvector,3.628,False,False
ECUADOR,ORELLANA,2019-12-29,climate,poisson,briere,7,0.75,seir,1.036,False,False
ECUADOR,ORELLANA,2019-12-29,climate,poisson,loglinear,3,1.0,hostvector,-17.605,True,True
ECUADOR,ORELLANA,2019-12-29,climate,poisson,loglinear,3,1.0,seir,-32.66,True,True
ECUADOR,ORELLANA,2019-12-29,climate,poisson,loglinear,3,0.75,hostvector,-7.895,True,True
ECUADOR,ORELLANA,2019-12-29,climate,poisson,loglinear,3,0.75,seir,-23.777,True,True
ECUADOR,ORELLANA,2019-12-29,climate,poisson,loglinear,5,1.0,hostvector,-12.032,True,True
ECUADOR,ORELLANA,2019-12-29,climate,poisson,loglinear,5,1.0,seir,-20.626,True,True
ECUADOR,ORELLANA,2019-12-29,climate,poisson,loglinear,5,0.75,hostvector,-6.142,True,True
ECUADOR,ORELLANA,2019-12-29,climate,poisson,loglinear,5,0.75,seir,-16.926,True,True
ECUADOR,ORELLANA,2019-12-29,climate,poisson,loglinear,7,1.0,hostvector,-8.781,True,True
ECUADOR,ORELLANA,2019-12-29,climate,poisson,loglinear,7,1.0,seir,-16.56,True,True
ECUADOR,ORELLANA,2019-12-29,climate,poisson,loglinear,7,0.75,hostvector,-2.48,True,False
ECUADOR,ORELLANA,2019-12-29,climate,poisson,loglinear,7,0.75,seir,-12.647,True,True
EL SALVADOR,EL SALVADOR,2014-03-16,no_effect,nb,briere,3,1.0,hostvector,3.873,False,False
EL SALVADOR,EL SALVADOR,2014-03-16,no_effect,nb,briere,3,1.0,seir,3.458,False,False
EL SALVADOR,EL SALVADOR,2014-03-16,no_effect,nb,briere,3,0.75,hostvector,2.446,False,False
EL SALVADOR,EL SALVADOR,2014-03-16,no_effect,nb,briere,3,0.75,seir,1.464,False,False
EL SALVADOR,EL SALVADOR,2014-03-16,no_effect,nb,briere,5,1.0,hostvector,3.624,False,False
EL SALVADOR,EL SALVADOR,2014-03-16,no_effect,nb,briere,5,1.0,seir,3.287,False,False
EL SALVADOR,EL SALVADOR,2014-03-16,no_effect,nb,briere,5,0.75,hostvector,2.733,False,False
EL SALVADOR,EL SALVADOR,2014-03-16,no_effect,nb,briere,5,0.75,seir,1.86,False,False
EL SALVADOR,EL SALVADOR,2014-03-16,no_effect,nb,briere,7,1.0,hostvector,3.861,False,False
EL SALVADOR,EL SALVADOR,2014-03-16,no_effect,nb,briere,7,1.0,seir,3.785,False,False
EL SALVADOR,EL SALVADOR,2014-03-16,no_effect,nb,briere,7,0.75,hostvector,3.762,False,False
EL SALVADOR,EL SALVADOR,2014-03-16,no_effect,nb,briere,7,0.75,seir,3.624,False,False
EL SALVADOR,EL SALVADOR,2014-03-16,no_effect,nb,loglinear,3,1.0,hostvector,2.42,False,False
EL SALVADOR,EL SALVADOR,2014-03-16,no_effect,nb,loglinear,3,1.0,seir,2.135,False,False
EL SALVADOR,EL SALVADOR,2014-03-16,no_effect,nb,loglinear,3,0.75,hostvector,2.256,False,False
EL SALVADOR,EL SALVADOR,2014-03-16,no_effect,nb,loglinear,3,0.75,seir,1.371,False,False
EL SALVADOR,EL SALVADOR,2014-03-16,no_effect,nb,loglinear,5,1.0,hostvector,1.966,False,False
EL SALVADOR,EL SALVADOR,2014-03-16,no_effect,nb,loglinear,5,1.0,seir,2.152,False,False
EL SALVADOR,EL SALVADOR,2014-03-16,no_effect,nb,loglinear,5,0.75,hostvector,2.742,False,False
EL SALVADOR,EL SALVADOR,2014-03-16,no_effect,nb,loglinear,5,0.75,seir,1.844,False,False
EL SALVADOR,EL SALVADOR,2014-03-16,no_effect,nb,loglinear,7,1.0,hostvector,-0.735,True,False
EL SALVADOR,EL SALVADOR,2014-03-16,no_effect,nb,loglinear,7,1.0,seir,1.893,False,False
EL SALVADOR,EL SALVADOR,2014-03-16,no_effect,nb,loglinear,7,0.75,hostvector,1.938,False,False
EL SALVADOR,EL SALVADOR,2014-03-16,no_effect,nb,loglinear,7,0.75,seir,3.427,False,False
EL SALVADOR,EL SALVADOR,2014-03-16,no_effect,poisson,briere,3,1.0,hostvector,-432.213,True,True
EL SALVADOR,EL SALVADOR,2014-03-16,no_effect,poisson,briere,3,1.0,seir,-480.357,True,True
EL SALVADOR,EL SALVADOR,2014-03-16,no_effect,poisson,briere,3,0.75,hostvector,-668.621,True,True
EL SALVADOR,EL SALVADOR,2014-03-16,no_effect,poisson,briere,3,0.75,seir,-761.744,True,True
EL SALVADOR,EL SALVADOR,2014-03-16,no_effect,poisson,briere,5,1.0,hostvector,-393.576,True,True
EL SALVADOR,EL SALVADOR,2014-03-16,no_effect,poisson,briere,5,1.0,seir,-386.186,True,True
EL SALVADOR,EL SALVADOR,2014-03-16,no_effect,poisson,briere,5,0.75,hostvector,-534.142,True,True
EL SALVADOR,EL SALVADOR,2014-03-16,no_effect,poisson,briere,5,0.75,seir,-600.453,True,True
EL SALVADOR,EL SALVADOR,2014-03-16,no_effect,poisson,briere,7,1.0,hostvector,-97.998,True,True
EL SALVADOR,EL SALVADOR,2014-03-16,no_effect,poisson,briere,7,1.0,seir,-75.004,True,True
EL SALVADOR,EL SALVADOR,2014-03-16,no_effect,poisson,briere,7,0.75,hostvector,-101.134,True,True
EL SALVADOR,EL SALVADOR,2014-03-16,no_effect,poisson,briere,7,0.75,seir,-83.387,True,True
EL SALVADOR,EL SALVADOR,2014-03-16,no_effect,poisson,loglinear,3,1.0,hostvector,-637.254,True,True
EL SALVADOR,EL SALVADOR,2014-03-16,no_effect,poisson,loglinear,3,1.0,seir,-719.22,True,True
EL SALVADOR,EL SALVADOR,2014-03-16,no_effect,poisson,loglinear,3,0.75,hostvector,-733.882,True,True
EL SALVADOR,EL SALVADOR,2014-03-16,no_effect,poisson,loglinear,3,0.75,seir,-810.74,True,True
EL SALVADOR,EL SALVADOR,2014-03-16,no_effect,poisson,loglinear,5,1.0,hostvector,-471.892,True,True
EL SALVADOR,EL SALVADOR,2014-03-16,no_effect,poisson,loglinear,5,1.0,seir,-495.784,True,True
EL SALVADOR,EL SALVADOR,2014-03-16,no_effect,poisson,loglinear,5,0.75,hostvector,-537.273,True,True
EL SALVADOR,EL SALVADOR,2014-03-16,no_effect,poisson,loglinear,5,0.75,seir,-607.378,True,True
EL SALVADOR,EL SALVADOR,2014-03-16,no_effect,poisson,loglinear,7,1.0,hostvector,-719.314,True,True
EL SALVADOR,EL SALVADOR,2014-03-16,no_effect,poisson,loglinear,7,1.0,seir,-463.149,True,True
EL SALVADOR,EL SALVADOR,2014-03-16,no_effect,poisson,loglinear,7,0.75,hostvector,-463.184,True,True
EL SALVADOR,EL SALVADOR,2014-03-16,no_effect,poisson,loglinear,7,0.75,seir,-301.075,True,True
EL SALVADOR,EL SALVADOR,2014-03-16,climate,nb,briere,3,1.0,hostvector,-93.645,True,True
EL SALVADOR,EL SALVADOR,2014-03-16,climate,nb,briere,3,1.0,seir,-84.439,True,True
EL SALVADOR,EL SALVADOR,2014-03-16,climate,nb,briere,3,0.75,hostvector,-61.95,True,True
EL SALVADOR,EL SALVADOR,2014-03-16,climate,nb,briere,3,0.75,seir,-55.648,True,True
EL SALVADOR,EL SALVADOR,2014-03-16,climate,nb,briere,5,1.0,hostvector,-78.181,True,True
EL SALVADOR,EL SALVADOR,2014-03-16,climate,nb,briere,5,1.0,seir,-69.756,True,True
EL SALVADOR,EL SALVADOR,2014-03-16,climate,nb,briere,5,0.75,hostvector,-48.155,True,True
EL SALVADOR,EL SALVADOR,2014-03-16,climate,nb,briere,5,0.75,seir,-41.762,True,True
EL SALVADOR,EL SALVADOR,2014-03-16,climate,nb,briere,7,1.0,hostvector,-50.371,True,True
EL SALVADOR,EL SALVADOR,2014-03-16,climate,nb,briere,7,1.0,seir,-40.393,True,True
EL SALVADOR,EL SALVADOR,2014-03-16,climate,nb,briere,7,0.75,hostvector,-22.046,True,True
EL SALVADOR,EL SALVADOR,2014-03-16,climate,nb,briere,7,0.75,seir,-18.496,True,True
EL SALVADOR,EL SALVADOR,2014-03-16,climate,nb,loglinear,3,1.0,hostvector,-93.464,True,True
EL SALVADOR,EL SALVADOR,2014-03-16,climate,nb,loglinear,3,1.0,seir,-84.406,True,True
EL SALVADOR,EL SALVADOR,2014-03-16,climate,nb,loglinear,3,0.75,hostvector,-61.844,True,True
EL SALVADOR,EL SALVADOR,2014-03-16,climate,nb,loglinear,3,0.75,seir,-55.66,True,True
EL SALVADOR,EL SALVADOR,2014-03-16,climate,nb,loglinear,5,1.0,hostvector,-78.135,True,True
EL SALVADOR,EL SALVADOR,2014-03-16,climate,nb,loglinear,5,1.0,seir,-69.762,True,True
EL SALVADOR,EL SALVADOR,2014-03-16,climate,nb,loglinear,5,0.75,hostvector,-48.244,True,True
EL SALVADOR,EL SALVADOR,2014-03-16,climate,nb,loglinear,5,0.75,seir,-42.126,True,True
EL SALVADOR,EL SALVADOR,2014-03-16,climate,nb,loglinear,7,1.0,hostvector,-50.446,True,True
EL SALVADOR,EL SALVADOR,2014-03-16,climate,nb,loglinear,7,1.0,seir,-41.961,True,True
EL SALVADOR,EL SALVADOR,2014-03-16,climate,nb,loglinear,7,0.75,hostvector,-22.369,True,True
EL SALVADOR,EL SALVADOR,2014-03-16,climate,nb,loglinear,7,0.75,seir,-18.782,True,True
EL SALVADOR,EL SALVADOR,2014-03-16,climate,poisson,briere,3,1.0,hostvector,-15868.035,True,True
EL SALVADOR,EL SALVADOR,2014-03-16,climate,poisson,briere,3,1.0,seir,-15458.491,True,True
EL SALVADOR,EL SALVADOR,2014-03-16,climate,poisson,briere,3,0.75,hostvector,-7379.572,True,True
EL SALVADOR,EL SALVADOR,2014-03-16,climate,poisson,briere,3,0.75,seir,-7389.942,True,True
EL SALVADOR,EL SALVADOR,2014-03-16,climate,poisson,briere,5,1.0,hostvector,-13185.785,True,True
EL SALVADOR,EL SALVADOR,2014-03-16,climate,poisson,briere,5,1.0,seir,-12714.838,True,True
EL SALVADOR,EL SALVADOR,2014-03-16,climate,poisson,briere,5,0.75,hostvector,-5454.648,True,True
EL SALVADOR,EL SALVADOR,2014-03-16,climate,poisson,briere,5,0.75,seir,-5366.312,True,True
EL SALVADOR,EL SALVADOR,2014-03-16,climate,poisson,briere,7,1.0,hostvector,-7308.889,True,True
EL SALVADOR,EL SALVADOR,2014-03-16,climate,poisson,briere,7,1.0,seir,-5281.322,True,True
EL SALVADOR,EL SALVADOR,2014-03-16,climate,poisson,briere,7,0.75,hostvector,-1954.915,True,True
EL SALVADOR,EL SALVADOR,2014-03-16,climate,poisson,briere,7,0.75,seir,-1905.611,True,True
EL SALVADOR,EL SALVADOR,2014-03-16,climate,poisson,loglinear,3,1.0,hostvector,-15948.817,True,True
EL SALVADOR,EL SALVADOR,2014-03-16,climate,poisson,loglinear,3,1.0,seir,-15525.061,True,True
EL SALVADOR,EL SALVADOR,2014-03-16,climate,poisson,loglinear,3,0.75,hostvector,-7435.199,True,True
EL SALVADOR,EL SALVADOR,2014-03-16,climate,poisson,loglinear,3,0.75,seir,-7438.545,True,True
EL SALVADOR,EL SALVADOR,2014-03-16,climate,poisson,loglinear,5,1.0,hostvector,-13187.746,True,True
EL SALVADOR,EL SALVADOR,2014-03-16,climate,poisson,loglinear,5,1.0,seir,-12760.058,True,True
EL SALVADOR,EL SALVADOR,2014-03-16,climate,poisson,loglinear,5,0.75,hostvector,-5469.47,True,True
EL SALVADOR,EL SALVADOR,2014-03-16,climate,poisson,loglinear,5,0.75,seir,-5368.936,True,True
EL SALVADOR,EL SALVADOR,2014-03-16,climate,poisson,loglinear,7,1.0,hostvector,-9439.065,True,True
EL SALVADOR,EL SALVADOR,2014-03-16,climate,poisson,loglinear,7,1.0,seir,-8920.912,True,True
EL SALVADOR,EL SALVADOR,2014-03-16,climate,poisson,loglinear,7,0.75,hostvector,-2255.67,True,True
EL SALVADOR,EL SALVADOR,2014-03-16,climate,poisson,loglinear,7,0.75,seir,-2360.5,True,True
EL SALVADOR,EL SALVADOR,2021-12-12,no_effect,nb,briere,3,1.0,hostvector,2.042,False,False
EL SALVADOR,EL SALVADOR,2021-12-12,no_effect,nb,briere,3,1.0,seir,1.889,False,False
EL SALVADOR,EL SALVADOR,2021-12-12,no_effect,nb,briere,3,0.75,hostvector,2.1,False,False
EL SALVADOR,EL SALVADOR,2021-12-12,no_effect,nb,briere,3,0.75,seir,2.934,False,False
EL SALVADOR,EL SALVADOR,2021-12-12,no_effect,nb,briere,5,1.0,hostvector,1.61,False,False
EL SALVADOR,EL SALVADOR,2021-12-12,no_effect,nb,briere,5,1.0,seir,2.062,False,False
EL SALVADOR,EL SALVADOR,2021-12-12,no_effect,nb,briere,5,0.75,hostvector,1.959,False,False
EL SALVADOR,EL SALVADOR,2021-12-12,no_effect,nb,briere,5,0.75,seir,3.084,False,False
EL SALVADOR,EL SALVADOR,2021-12-12,no_effect,nb,briere,7,1.0,hostvector,2.42,False,False
EL SALVADOR,EL SALVADOR,2021-12-12,no_effect,nb,briere,7,1.0,seir,3.468,False,False
EL SALVADOR,EL SALVADOR,2021-12-12,no_effect,nb,briere,7,0.75,hostvector,2.645,False,False
EL SALVADOR,EL SALVADOR,2021-12-12,no_effect,nb,briere,7,0.75,seir,3.619,False,False
EL SALVADOR,EL SALVADOR,2021-12-12,no_effect,nb,loglinear,3,1.0,hostvector,2.04,False,False
EL SALVADOR,EL SALVADOR,2021-12-12,no_effect,nb,loglinear,3,1.0,seir,1.889,False,False
EL SALVADOR,EL SALVADOR,2021-12-12,no_effect,nb,loglinear,3,0.75,hostvector,2.072,False,False
EL SALVADOR,EL SALVADOR,2021-12-12,no_effect,nb,loglinear,3,0.75,seir,2.794,False,False
EL SALVADOR,EL SALVADOR,2021-12-12,no_effect,nb,loglinear,5,1.0,hostvector,1.609,False,False
EL SALVADOR,EL SALVADOR,2021-12-12,no_effect,nb,loglinear,5,1.0,seir,1.96,False,False
EL SALVADOR,EL SALVADOR,2021-12-12,no_effect,nb,loglinear,5,0.75,hostvector,1.959,False,False
EL SALVADOR,EL SALVADOR,2021-12-12,no_effect,nb,loglinear,5,0.75,seir,3.557,False,False
EL SALVADOR,EL SALVADOR,2021-12-12,no_effect,nb,loglinear,7,1.0,hostvector,2.386,False,False
EL SALVADOR,EL SALVADOR,2021-12-12,no_effect,nb,loglinear,7,1.0,seir,3.021,False,False
EL SALVADOR,EL SALVADOR,2021-12-12,no_effect,nb,loglinear,7,0.75,hostvector,2.644,False,False
EL SALVADOR,EL SALVADOR,2021-12-12,no_effect,nb,loglinear,7,0.75,seir,3.619,False,False
EL SALVADOR,EL SALVADOR,2021-12-12,no_effect,poisson,briere,3,1.0,hostvector,-142.667,True,True
EL SALVADOR,EL SALVADOR,2021-12-12,no_effect,poisson,briere,3,1.0,seir,-115.215,True,True
EL SALVADOR,EL SALVADOR,2021-12-12,no_effect,poisson,briere,3,0.75,hostvector,-202.899,True,True
EL SALVADOR,EL SALVADOR,2021-12-12,no_effect,poisson,briere,3,0.75,seir,-165.135,True,True
EL SALVADOR,EL SALVADOR,2021-12-12,no_effect,poisson,briere,5,1.0,hostvector,-193.371,True,True
EL SALVADOR,EL SALVADOR,2021-12-12,no_effect,poisson,briere,5,1.0,seir,-145.48,True,True
EL SALVADOR,EL SALVADOR,2021-12-12,no_effect,poisson,briere,5,0.75,hostvector,-201.338,True,True
EL SALVADOR,EL SALVADOR,2021-12-12,no_effect,poisson,briere,5,0.75,seir,-139.64,True,True
EL SALVADOR,EL SALVADOR,2021-12-12,no_effect,poisson,briere,7,1.0,hostvector,-114.37,True,True
EL SALVADOR,EL SALVADOR,2021-12-12,no_effect,poisson,briere,7,1.0,seir,-62.142,True,True
EL SALVADOR,EL SALVADOR,2021-12-12,no_effect,poisson,briere,7,0.75,hostvector,-131.927,True,True
EL SALVADOR,EL SALVADOR,2021-12-12,no_effect,poisson,briere,7,0.75,seir,-82.126,True,True
EL SALVADOR,EL SALVADOR,2021-12-12,no_effect,poisson,loglinear,3,1.0,hostvector,-140.111,True,True
EL SALVADOR,EL SALVADOR,2021-12-12,no_effect,poisson,loglinear,3,1.0,seir,-131.335,True,True
EL SALVADOR,EL SALVADOR,2021-12-12,no_effect,poisson,loglinear,3,0.75,hostvector,-202.154,True,True
EL SALVADOR,EL SALVADOR,2021-12-12,no_effect,poisson,loglinear,3,0.75,seir,-165.183,True,True
EL SALVADOR,EL SALVADOR,2021-12-12,no_effect,poisson,loglinear,5,1.0,hostvector,-191.852,True,True
EL SALVADOR,EL SALVADOR,2021-12-12,no_effect,poisson,loglinear,5,1.0,seir,-145.004,True,True
EL SALVADOR,EL SALVADOR,2021-12-12,no_effect,poisson,loglinear,5,0.75,hostvector,-200.369,True,True
EL SALVADOR,EL SALVADOR,2021-12-12,no_effect,poisson,loglinear,5,0.75,seir,-139.219,True,True
EL SALVADOR,EL SALVADOR,2021-12-12,no_effect,poisson,loglinear,7,1.0,hostvector,-113.849,True,True
EL SALVADOR,EL SALVADOR,2021-12-12,no_effect,poisson,loglinear,7,1.0,seir,-62.06,True,True
EL SALVADOR,EL SALVADOR,2021-12-12,no_effect,poisson,loglinear,7,0.75,hostvector,-130.16,True,True
EL SALVADOR,EL SALVADOR,2021-12-12,no_effect,poisson,loglinear,7,0.75,seir,-81.123,True,True
EL SALVADOR,EL SALVADOR,2021-12-12,climate,nb,briere,3,1.0,hostvector,-498.572,True,True
EL SALVADOR,EL SALVADOR,2021-12-12,climate,nb,briere,3,1.0,seir,-477.94,True,True
EL SALVADOR,EL SALVADOR,2021-12-12,climate,nb,briere,3,0.75,hostvector,-401.132,True,True
EL SALVADOR,EL SALVADOR,2021-12-12,climate,nb,briere,3,0.75,seir,-385.015,True,True
EL SALVADOR,EL SALVADOR,2021-12-12,climate,nb,briere,5,1.0,hostvector,-458.425,True,True
EL SALVADOR,EL SALVADOR,2021-12-12,climate,nb,briere,5,1.0,seir,-441.461,True,True
EL SALVADOR,EL SALVADOR,2021-12-12,climate,nb,briere,5,0.75,hostvector,-361.595,True,True
EL SALVADOR,EL SALVADOR,2021-12-12,climate,nb,briere,5,0.75,seir,-348.714,True,True
EL SALVADOR,EL SALVADOR,2021-12-12,climate,nb,briere,7,1.0,hostvector,-431.299,True,True
EL SALVADOR,EL SALVADOR,2021-12-12,climate,nb,briere,7,1.0,seir,-415.524,True,True
EL SALVADOR,EL SALVADOR,2021-12-12,climate,nb,briere,7,0.75,hostvector,-333.091,True,True
EL SALVADOR,EL SALVADOR,2021-12-12,climate,nb,briere,7,0.75,seir,-320.721,True,True
EL SALVADOR,EL SALVADOR,2021-12-12,climate,nb,loglinear,3,1.0,hostvector,-498.645,True,True
EL SALVADOR,EL SALVADOR,2021-12-12,climate,nb,loglinear,3,1.0,seir,-478.061,True,True
EL SALVADOR,EL SALVADOR,2021-12-12,climate,nb,loglinear,3,0.75,hostvector,-401.156,True,True
EL SALVADOR,EL SALVADOR,2021-12-12,climate,nb,loglinear,3,0.75,seir,-385.038,True,True
EL SALVADOR,EL SALVADOR,2021-12-12,climate,nb,loglinear,5,1.0,hostvector,-458.173,True,True
EL SALVADOR,EL SALVADOR,2021-12-12,climate,nb,loglinear,5,1.0,seir,-441.314,True,True
EL SALVADOR,EL SALVADOR,2021-12-12,climate,nb,loglinear,5,0.75,hostvector,-360.287,True,True
EL SALVADOR,EL SALVADOR,2021-12-12,climate,nb,loglinear,5,0.75,seir,-348.546,True,True
EL SALVADOR,EL SALVADOR,2021-12-12,climate,nb,loglinear,7,1.0,hostvector,-430.481,True,True
EL SALVADOR,EL SALVADOR,2021-12-12,climate,nb,loglinear,7,1.0,seir,-414.843,True,True
EL SALVADOR,EL SALVADOR,2021-12-12,climate,nb,loglinear,7,0.75,hostvector,-332.394,True,True
EL SALVADOR,EL SALVADOR,2021-12-12,climate,nb,loglinear,7,0.75,seir,-320.094,True,True
EL SALVADOR,EL SALVADOR,2021-12-12,climate,poisson,briere,3,1.0,hostvector,-4974.356,True,True
EL SALVADOR,EL SALVADOR,2021-12-12,climate,poisson,briere,3,1.0,seir,-4901.741,True,True
EL SALVADOR,EL SALVADOR,2021-12-12,climate,poisson,briere,3,0.75,hostvector,-3737.252,True,True
EL SALVADOR,EL SALVADOR,2021-12-12,climate,poisson,briere,3,0.75,seir,-3729.511,True,True
EL SALVADOR,EL SALVADOR,2021-12-12,climate,poisson,briere,5,1.0,hostvector,-4133.924,True,True
EL SALVADOR,EL SALVADOR,2021-12-12,climate,poisson,briere,5,1.0,seir,-4165.197,True,True
EL SALVADOR,EL SALVADOR,2021-12-12,climate,poisson,briere,5,0.75,hostvector,-3197.779,True,True
EL SALVADOR,EL SALVADOR,2021-12-12,climate,poisson,briere,5,0.75,seir,-3216.281,True,True
EL SALVADOR,EL SALVADOR,2021-12-12,climate,poisson,briere,7,1.0,hostvector,-3929.588,True,True
EL SALVADOR,EL SALVADOR,2021-12-12,climate,poisson,briere,7,1.0,seir,-4043.43,True,True
EL SALVADOR,EL SALVADOR,2021-12-12,climate,poisson,briere,7,0.75,hostvector,-2566.438,True,True
EL SALVADOR,EL SALVADOR,2021-12-12,climate,poisson,briere,7,0.75,seir,-2626.545,True,True
EL SALVADOR,EL SALVADOR,2021-12-12,climate,poisson,loglinear,3,1.0,hostvector,-4973.52,True,True
EL SALVADOR,EL SALVADOR,2021-12-12,climate,poisson,loglinear,3,1.0,seir,-4901.919,True,True
EL SALVADOR,EL SALVADOR,2021-12-12,climate,poisson,loglinear,3,0.75,hostvector,-3737.249,True,True
EL SALVADOR,EL SALVADOR,2021-12-12,climate,poisson,loglinear,3,0.75,seir,-3729.586,True,True
EL SALVADOR,EL SALVADOR,2021-12-12,climate,poisson,loglinear,5,1.0,hostvector,-4128.362,True,True
EL SALVADOR,EL SALVADOR,2021-12-12,climate,poisson,loglinear,5,1.0,seir,-4159.284,True,True
EL SALVADOR,EL SALVADOR,2021-12-12,climate,poisson,loglinear,5,0.75,hostvector,-3245.95,True,True
EL SALVADOR,EL SALVADOR,2021-12-12,climate,poisson,loglinear,5,0.75,seir,-3251.896,True,True
EL SALVADOR,EL SALVADOR,2021-12-12,climate,poisson,loglinear,7,1.0,hostvector,-3920.538,True,True
EL SALVADOR,EL SALVADOR,2021-12-12,climate,poisson,loglinear,7,1.0,seir,-4033.483,True,True
EL SALVADOR,EL SALVADOR,2021-12-12,climate,poisson,loglinear,7,0.75,hostvector,-2567.962,True,True
EL SALVADOR,EL SALVADOR,2021-12-12,climate,poisson,loglinear,7,0.75,seir,-2626.354,True,True
FRENCH GUIANA,FRENCH GUIANA,2020-01-05,no_effect,nb,briere,3,1.0,hostvector,3.627,False,False
FRENCH GUIANA,FRENCH GUIANA,2020-01-05,no_effect,nb,briere,3,1.0,seir,3.893,False,False
FRENCH GUIANA,FRENCH GUIANA,2020-01-05,no_effect,nb,briere,3,0.75,hostvector,3.211,False,False
FRENCH GUIANA,FRENCH GUIANA,2020-01-05,no_effect,nb,briere,3,0.75,seir,3.808,False,False
FRENCH GUIANA,FRENCH GUIANA,2020-01-05,no_effect,nb,briere,5,1.0,hostvector,3.191,False,False
FRENCH GUIANA,FRENCH GUIANA,2020-01-05,no_effect,nb,briere,5,1.0,seir,3.78,False,False
FRENCH GUIANA,FRENCH GUIANA,2020-01-05,no_effect,nb,briere,5,0.75,hostvector,2.892,False,False
FRENCH GUIANA,FRENCH GUIANA,2020-01-05,no_effect,nb,briere,5,0.75,seir,3.818,False,False
FRENCH GUIANA,FRENCH GUIANA,2020-01-05,no_effect,nb,briere,7,1.0,hostvector,2.996,False,False
FRENCH GUIANA,FRENCH GUIANA,2020-01-05,no_effect,nb,briere,7,1.0,seir,3.569,False,False
FRENCH GUIANA,FRENCH GUIANA,2020-01-05,no_effect,nb,briere,7,0.75,hostvector,3.204,False,False
FRENCH GUIANA,FRENCH GUIANA,2020-01-05,no_effect,nb,briere,7,0.75,seir,3.815,False,False
FRENCH GUIANA,FRENCH GUIANA,2020-01-05,no_effect,nb,loglinear,3,1.0,hostvector,3.701,False,False
FRENCH GUIANA,FRENCH GUIANA,2020-01-05,no_effect,nb,loglinear,3,1.0,seir,3.906,False,False
FRENCH GUIANA,FRENCH GUIANA,2020-01-05,no_effect,nb,loglinear,3,0.75,hostvector,3.203,False,False
FRENCH GUIANA,FRENCH GUIANA,2020-01-05,no_effect,nb,loglinear,3,0.75,seir,3.803,False,False
FRENCH GUIANA,FRENCH GUIANA,2020-01-05,no_effect,nb,loglinear,5,1.0,hostvector,3.337,False,False
FRENCH GUIANA,FRENCH GUIANA,2020-01-05,no_effect,nb,loglinear,5,1.0,seir,3.829,False,False
FRENCH GUIANA,FRENCH GUIANA,2020-01-05,no_effect,nb,loglinear,5,0.75,hostvector,3.837,False,False
FRENCH GUIANA,FRENCH GUIANA,2020-01-05,no_effect,nb,loglinear,5,0.75,seir,3.81,False,False
FRENCH GUIANA,FRENCH GUIANA,2020-01-05,no_effect,nb,loglinear,7,1.0,hostvector,3.136,False,False
FRENCH GUIANA,FRENCH GUIANA,2020-01-05,no_effect,nb,loglinear,7,1.0,seir,3.633,False,False
FRENCH GUIANA,FRENCH GUIANA,2020-01-05,no_effect,nb,loglinear,7,0.75,hostvector,3.209,False,False
FRENCH GUIANA,FRENCH GUIANA,2020-01-05,no_effect,nb,loglinear,7,0.75,seir,3.808,False,False
FRENCH GUIANA,FRENCH GUIANA,2020-01-05,no_effect,poisson,briere,3,1.0,hostvector,-25.281,True,True
FRENCH GUIANA,FRENCH GUIANA,2020-01-05,no_effect,poisson,briere,3,1.0,seir,-10.907,True,True
FRENCH GUIANA,FRENCH GUIANA,2020-01-05,no_effect,poisson,briere,3,0.75,hostvector,-59.265,True,True
FRENCH GUIANA,FRENCH GUIANA,2020-01-05,no_effect,poisson,briere,3,0.75,seir,-23.836,True,True
FRENCH GUIANA,FRENCH GUIANA,2020-01-05,no_effect,poisson,briere,5,1.0,hostvector,-30.492,True,True
FRENCH GUIANA,FRENCH GUIANA,2020-01-05,no_effect,poisson,briere,5,1.0,seir,-15.373,True,True
FRENCH GUIANA,FRENCH GUIANA,2020-01-05,no_effect,poisson,briere,5,0.75,hostvector,-74.494,True,True
FRENCH GUIANA,FRENCH GUIANA,2020-01-05,no_effect,poisson,briere,5,0.75,seir,-32.038,True,True
FRENCH GUIANA,FRENCH GUIANA,2020-01-05,no_effect,poisson,briere,7,1.0,hostvector,-24.419,True,True
FRENCH GUIANA,FRENCH GUIANA,2020-01-05,no_effect,poisson,briere,7,1.0,seir,-16.296,True,True
FRENCH GUIANA,FRENCH GUIANA,2020-01-05,no_effect,poisson,briere,7,0.75,hostvector,-31.588,True,True
FRENCH GUIANA,FRENCH GUIANA,2020-01-05,no_effect,poisson,briere,7,0.75,seir,-17.384,True,True
FRENCH GUIANA,FRENCH GUIANA,2020-01-05,no_effect,poisson,loglinear,3,1.0,hostvector,-21.492,True,True
FRENCH GUIANA,FRENCH GUIANA,2020-01-05,no_effect,poisson,loglinear,3,1.0,seir,-8.961,True,True
FRENCH GUIANA,FRENCH GUIANA,2020-01-05,no_effect,poisson,loglinear,3,0.75,hostvector,-59.696,True,True
FRENCH GUIANA,FRENCH GUIANA,2020-01-05,no_effect,poisson,loglinear,3,0.75,seir,-24.248,True,True
FRENCH GUIANA,FRENCH GUIANA,2020-01-05,no_effect,poisson,loglinear,5,1.0,hostvector,-24.607,True,True
FRENCH GUIANA,FRENCH GUIANA,2020-01-05,no_effect,poisson,loglinear,5,1.0,seir,-12.126,True,True
FRENCH GUIANA,FRENCH GUIANA,2020-01-05,no_effect,poisson,loglinear,5,0.75,hostvector,-73.091,True,True
FRENCH GUIANA,FRENCH GUIANA,2020-01-05,no_effect,poisson,loglinear,5,0.75,seir,-32.08,True,True
FRENCH GUIANA,FRENCH GUIANA,2020-01-05,no_effect,poisson,loglinear,7,1.0,hostvector,-20.327,True,True
FRENCH GUIANA,FRENCH GUIANA,2020-01-05,no_effect,poisson,loglinear,7,1.0,seir,-13.496,True,True
FRENCH GUIANA,FRENCH GUIANA,2020-01-05,no_effect,poisson,loglinear,7,0.75,hostvector,-31.091,True,True
FRENCH GUIANA,FRENCH GUIANA,2020-01-05,no_effect,poisson,loglinear,7,0.75,seir,-17.318,True,True
FRENCH GUIANA,FRENCH GUIANA,2020-01-05,climate,nb,briere,3,1.0,hostvector,-430.474,True,True
FRENCH GUIANA,FRENCH GUIANA,2020-01-05,climate,nb,briere,3,1.0,seir,-401.809,True,True
FRENCH GUIANA,FRENCH GUIANA,2020-01-05,climate,nb,briere,3,0.75,hostvector,-279.101,True,True
FRENCH GUIANA,FRENCH GUIANA,2020-01-05,climate,nb,briere,3,0.75,seir,-271.821,True,True
FRENCH GUIANA,FRENCH GUIANA,2020-01-05,climate,nb,briere,5,1.0,hostvector,-403.219,True,True
FRENCH GUIANA,FRENCH GUIANA,2020-01-05,climate,nb,briere,5,1.0,seir,-372.829,True,True
FRENCH GUIANA,FRENCH GUIANA,2020-01-05,climate,nb,briere,5,0.75,hostvector,-255.683,True,True
FRENCH GUIANA,FRENCH GUIANA,2020-01-05,climate,nb,briere,5,0.75,seir,-246.726,True,True
FRENCH GUIANA,FRENCH GUIANA,2020-01-05,climate,nb,briere,7,1.0,hostvector,-284.156,True,True
FRENCH GUIANA,FRENCH GUIANA,2020-01-05,climate,nb,briere,7,1.0,seir,-237.096,True,True
FRENCH GUIANA,FRENCH GUIANA,2020-01-05,climate,nb,briere,7,0.75,hostvector,-145.993,True,True
FRENCH GUIANA,FRENCH GUIANA,2020-01-05,climate,nb,briere,7,0.75,seir,-126.898,True,True
FRENCH GUIANA,FRENCH GUIANA,2020-01-05,climate,nb,loglinear,3,1.0,hostvector,-430.717,True,True
FRENCH GUIANA,FRENCH GUIANA,2020-01-05,climate,nb,loglinear,3,1.0,seir,-401.893,True,True
FRENCH GUIANA,FRENCH GUIANA,2020-01-05,climate,nb,loglinear,3,0.75,hostvector,-279.95,True,True
FRENCH GUIANA,FRENCH GUIANA,2020-01-05,climate,nb,loglinear,3,0.75,seir,-272.011,True,True
FRENCH GUIANA,FRENCH GUIANA,2020-01-05,climate,nb,loglinear,5,1.0,hostvector,-402.647,True,True
FRENCH GUIANA,FRENCH GUIANA,2020-01-05,climate,nb,loglinear,5,1.0,seir,-372.568,True,True
FRENCH GUIANA,FRENCH GUIANA,2020-01-05,climate,nb,loglinear,5,0.75,hostvector,-255.187,True,True
FRENCH GUIANA,FRENCH GUIANA,2020-01-05,climate,nb,loglinear,5,0.75,seir,-246.239,True,True
FRENCH GUIANA,FRENCH GUIANA,2020-01-05,climate,nb,loglinear,7,1.0,hostvector,-284.148,True,True
FRENCH GUIANA,FRENCH GUIANA,2020-01-05,climate,nb,loglinear,7,1.0,seir,-237.135,True,True
FRENCH GUIANA,FRENCH GUIANA,2020-01-05,climate,nb,loglinear,7,0.75,hostvector,-145.856,True,True
FRENCH GUIANA,FRENCH GUIANA,2020-01-05,climate,nb,loglinear,7,0.75,seir,-126.589,True,True
FRENCH GUIANA,FRENCH GUIANA,2020-01-05,climate,poisson,briere,3,1.0,hostvector,-10452.785,True,True
FRENCH GUIANA,FRENCH GUIANA,2020-01-05,climate,poisson,briere,3,1.0,seir,-10708.064,True,True
FRENCH GUIANA,FRENCH GUIANA,2020-01-05,climate,poisson,briere,3,0.75,hostvector,-10159.687,True,True
FRENCH GUIANA,FRENCH GUIANA,2020-01-05,climate,poisson,briere,3,0.75,seir,-10465.747,True,True
FRENCH GUIANA,FRENCH GUIANA,2020-01-05,climate,poisson,briere,5,1.0,hostvector,-10551.561,True,True
FRENCH GUIANA,FRENCH GUIANA,2020-01-05,climate,poisson,briere,5,1.0,seir,-10468.457,True,True
FRENCH GUIANA,FRENCH GUIANA,2020-01-05,climate,poisson,briere,5,0.75,hostvector,-10285.404,True,True
FRENCH GUIANA,FRENCH GUIANA,2020-01-05,climate,poisson,briere,5,0.75,seir,-10256.685,True,True
FRENCH GUIANA,FRENCH GUIANA,2020-01-05,climate,poisson,briere,7,1.0,hostvector,-8191.133,True,True
FRENCH GUIANA,FRENCH GUIANA,2020-01-05,climate,poisson,briere,7,1.0,seir,-7461.813,True,True
FRENCH GUIANA,FRENCH GUIANA,2020-01-05,climate,poisson,briere,7,0.75,hostvector,-8074.199,True,True
FRENCH GUIANA,FRENCH GUIANA,2020-01-05,climate,poisson,briere,7,0.75,seir,-7520.027,True,True
FRENCH GUIANA,FRENCH GUIANA,2020-01-05,climate,poisson,loglinear,3,1.0,hostvector,-10837.283,True,True
FRENCH GUIANA,FRENCH GUIANA,2020-01-05,climate,poisson,loglinear,3,1.0,seir,-10806.691,True,True
FRENCH GUIANA,FRENCH GUIANA,2020-01-05,climate,poisson,loglinear,3,0.75,hostvector,-10596.791,True,True
FRENCH GUIANA,FRENCH GUIANA,2020-01-05,climate,poisson,loglinear,3,0.75,seir,-10640.178,True,True
FRENCH GUIANA,FRENCH GUIANA,2020-01-05,climate,poisson,loglinear,5,1.0,hostvector,-10550.102,True,True
FRENCH GUIANA,FRENCH GUIANA,2020-01-05,climate,poisson,loglinear,5,1.0,seir,-10465.553,True,True
FRENCH GUIANA,FRENCH GUIANA,2020-01-05,climate,poisson,loglinear,5,0.75,hostvector,-10283.556,True,True
FRENCH GUIANA,FRENCH GUIANA,2020-01-05,climate,poisson,loglinear,5,0.75,seir,-10251.197,True,True
FRENCH GUIANA,FRENCH GUIANA,2020-01-05,climate,poisson,loglinear,7,1.0,hostvector,-8649.179,True,True
FRENCH GUIANA,FRENCH GUIANA,2020-01-05,climate,poisson,loglinear,7,1.0,seir,-7921.006,True,True
FRENCH GUIANA,FRENCH GUIANA,2020-01-05,climate,poisson,loglinear,7,0.75,hostvector,-8564.533,True,True
FRENCH GUIANA,FRENCH GUIANA,2020-01-05,climate,poisson,loglinear,7,0.75,seir,-8028.896,True,True
GUADELOUPE,GUADELOUPE,2019-11-03,no_effect,nb,briere,3,1.0,hostvector,-0.968,True,False
GUADELOUPE,GUADELOUPE,2019-11-03,no_effect,nb,briere,3,1.0,seir,-0.161,True,False
GUADELOUPE,GUADELOUPE,2019-11-03,no_effect,nb,briere,3,0.75,hostvector,-0.908,True,False
GUADELOUPE,GUADELOUPE,2019-11-03,no_effect,nb,briere,3,0.75,seir,-0.83,True,False
GUADELOUPE,GUADELOUPE,2019-11-03,no_effect,nb,briere,5,1.0,hostvector,3.835,False,False
GUADELOUPE,GUADELOUPE,2019-11-03,no_effect,nb,briere,5,1.0,seir,3.543,False,False
GUADELOUPE,GUADELOUPE,2019-11-03,no_effect,nb,briere,5,0.75,hostvector,3.39,False,False
GUADELOUPE,GUADELOUPE,2019-11-03,no_effect,nb,briere,5,0.75,seir,2.624,False,False
GUADELOUPE,GUADELOUPE,2019-11-03,no_effect,nb,briere,7,1.0,hostvector,3.88,False,False
GUADELOUPE,GUADELOUPE,2019-11-03,no_effect,nb,briere,7,1.0,seir,3.306,False,False
GUADELOUPE,GUADELOUPE,2019-11-03,no_effect,nb,briere,7,0.75,hostvector,3.748,False,False
GUADELOUPE,GUADELOUPE,2019-11-03,no_effect,nb,briere,7,0.75,seir,2.994,False,False
GUADELOUPE,GUADELOUPE,2019-11-03,no_effect,nb,loglinear,3,1.0,hostvector,-0.971,True,False
GUADELOUPE,GUADELOUPE,2019-11-03,no_effect,nb,loglinear,3,1.0,seir,-0.143,True,False
GUADELOUPE,GUADELOUPE,2019-11-03,no_effect,nb,loglinear,3,0.75,hostvector,-0.913,True,False
GUADELOUPE,GUADELOUPE,2019-11-03,no_effect,nb,loglinear,3,0.75,seir,-0.838,True,False
GUADELOUPE,GUADELOUPE,2019-11-03,no_effect,nb,loglinear,5,1.0,hostvector,3.839,False,False
GUADELOUPE,GUADELOUPE,2019-11-03,no_effect,nb,loglinear,5,1.0,seir,3.559,False,False
GUADELOUPE,GUADELOUPE,2019-11-03,no_effect,nb,loglinear,5,0.75,hostvector,3.375,False,False
GUADELOUPE,GUADELOUPE,2019-11-03,no_effect,nb,loglinear,5,0.75,seir,2.604,False,False
GUADELOUPE,GUADELOUPE,2019-11-03,no_effect,nb,loglinear,7,1.0,hostvector,3.892,False,False
GUADELOUPE,GUADELOUPE,2019-11-03,no_effect,nb,loglinear,7,1.0,seir,3.332,False,False
GUADELOUPE,GUADELOUPE,2019-11-03,no_effect,nb,loglinear,7,0.75,hostvector,3.738,False,False
GUADELOUPE,GUADELOUPE,2019-11-03,no_effect,nb,loglinear,7,0.75,seir,2.979,False,False
GUADELOUPE,GUADELOUPE,2019-11-03,no_effect,poisson,briere,3,1.0,hostvector,-716.142,True,True
GUADELOUPE,GUADELOUPE,2019-11-03,no_effect,poisson,briere,3,1.0,seir,-705.408,True,True
GUADELOUPE,GUADELOUPE,2019-11-03,no_effect,poisson,briere,3,0.75,hostvector,-717.644,True,True
GUADELOUPE,GUADELOUPE,2019-11-03,no_effect,poisson,briere,3,0.75,seir,-751.896,True,True
GUADELOUPE,GUADELOUPE,2019-11-03,no_effect,poisson,briere,5,1.0,hostvector,-75.613,True,True
GUADELOUPE,GUADELOUPE,2019-11-03,no_effect,poisson,briere,5,1.0,seir,-122.097,True,True
GUADELOUPE,GUADELOUPE,2019-11-03,no_effect,poisson,briere,5,0.75,hostvector,-164.332,True,True
GUADELOUPE,GUADELOUPE,2019-11-03,no_effect,poisson,briere,5,0.75,seir,-219.273,True,True
GUADELOUPE,GUADELOUPE,2019-11-03,no_effect,poisson,briere,7,1.0,hostvector,-94.314,True,True
GUADELOUPE,GUADELOUPE,2019-11-03,no_effect,poisson,briere,7,1.0,seir,-149.862,True,True
GUADELOUPE,GUADELOUPE,2019-11-03,no_effect,poisson,briere,7,0.75,hostvector,-114.873,True,True
GUADELOUPE,GUADELOUPE,2019-11-03,no_effect,poisson,briere,7,0.75,seir,-160.663,True,True
GUADELOUPE,GUADELOUPE,2019-11-03,no_effect,poisson,loglinear,3,1.0,hostvector,-716.506,True,True
GUADELOUPE,GUADELOUPE,2019-11-03,no_effect,poisson,loglinear,3,1.0,seir,-703.408,True,True
GUADELOUPE,GUADELOUPE,2019-11-03,no_effect,poisson,loglinear,3,0.75,hostvector,-717.956,True,True
GUADELOUPE,GUADELOUPE,2019-11-03,no_effect,poisson,loglinear,3,0.75,seir,-752.395,True,True
GUADELOUPE,GUADELOUPE,2019-11-03,no_effect,poisson,loglinear,5,1.0,hostvector,-73.63,True,True
GUADELOUPE,GUADELOUPE,2019-11-03,no_effect,poisson,loglinear,5,1.0,seir,-120.056,True,True
GUADELOUPE,GUADELOUPE,2019-11-03,no_effect,poisson,loglinear,5,0.75,hostvector,-166.504,True,True
GUADELOUPE,GUADELOUPE,2019-11-03,no_effect,poisson,loglinear,5,0.75,seir,-222.204,True,True
GUADELOUPE,GUADELOUPE,2019-11-03,no_effect,poisson,loglinear,7,1.0,hostvector,-92.045,True,True
GUADELOUPE,GUADELOUPE,2019-11-03,no_effect,poisson,loglinear,7,1.0,seir,-147.613,True,True
GUADELOUPE,GUADELOUPE,2019-11-03,no_effect,poisson,loglinear,7,0.75,hostvector,-116.742,True,True
GUADELOUPE,GUADELOUPE,2019-11-03,no_effect,poisson,loglinear,7,0.75,seir,-163.205,True,True
GUADELOUPE,GUADELOUPE,2019-11-03,climate,nb,briere,3,1.0,hostvector,3.805,False,False
GUADELOUPE,GUADELOUPE,2019-11-03,climate,nb,briere,3,1.0,seir,3.278,False,False
GUADELOUPE,GUADELOUPE,2019-11-03,climate,nb,briere,3,0.75,hostvector,2.446,False,False
GUADELOUPE,GUADELOUPE,2019-11-03,climate,nb,briere,3,0.75,seir,2.027,False,False
GUADELOUPE,GUADELOUPE,2019-11-03,climate,nb,briere,5,1.0,hostvector,3.926,False,False
GUADELOUPE,GUADELOUPE,2019-11-03,climate,nb,briere,5,1.0,seir,3.576,False,False
GUADELOUPE,GUADELOUPE,2019-11-03,climate,nb,briere,5,0.75,hostvector,3.663,False,False
GUADELOUPE,GUADELOUPE,2019-11-03,climate,nb,briere,5,0.75,seir,3.642,False,False
GUADELOUPE,GUADELOUPE,2019-11-03,climate,nb,briere,7,1.0,hostvector,3.737,False,False
GUADELOUPE,GUADELOUPE,2019-11-03,climate,nb,briere,7,1.0,seir,3.445,False,False
GUADELOUPE,GUADELOUPE,2019-11-03,climate,nb,briere,7,0.75,hostvector,3.227,False,False
GUADELOUPE,GUADELOUPE,2019-11-03,climate,nb,briere,7,0.75,seir,3.388,False,False
GUADELOUPE,GUADELOUPE,2019-11-03,climate,nb,loglinear,3,1.0,hostvector,3.814,False,False
GUADELOUPE,GUADELOUPE,2019-11-03,climate,nb,loglinear,3,1.0,seir,3.321,False,False
GUADELOUPE,GUADELOUPE,2019-11-03,climate,nb,loglinear,3,0.75,hostvector,1.064,False,False
GUADELOUPE,GUADELOUPE,2019-11-03,climate,nb,loglinear,3,0.75,seir,1.389,False,False
GUADELOUPE,GUADELOUPE,2019-11-03,climate,nb,loglinear,5,1.0,hostvector,3.936,False,False
GUADELOUPE,GUADELOUPE,2019-11-03,climate,nb,loglinear,5,1.0,seir,3.608,False,False
GUADELOUPE,GUADELOUPE,2019-11-03,climate,nb,loglinear,5,0.75,hostvector,2.642,False,False
GUADELOUPE,GUADELOUPE,2019-11-03,climate,nb,loglinear,5,0.75,seir,3.19,False,False
GUADELOUPE,GUADELOUPE,2019-11-03,climate,nb,loglinear,7,1.0,hostvector,3.755,False,False
GUADELOUPE,GUADELOUPE,2019-11-03,climate,nb,loglinear,7,1.0,seir,3.483,False,False
GUADELOUPE,GUADELOUPE,2019-11-03,climate,nb,loglinear,7,0.75,hostvector,2.385,False,False
GUADELOUPE,GUADELOUPE,2019-11-03,climate,nb,loglinear,7,0.75,seir,3.006,False,False
GUADELOUPE,GUADELOUPE,2019-11-03,climate,poisson,briere,3,1.0,hostvector,-298.188,True,True
GUADELOUPE,GUADELOUPE,2019-11-03,climate,poisson,briere,3,1.0,seir,-619.465,True,True
GUADELOUPE,GUADELOUPE,2019-11-03,climate,poisson,briere,3,0.75,hostvector,-282.984,True,True
GUADELOUPE,GUADELOUPE,2019-11-03,climate,poisson,briere,3,0.75,seir,-732.777,True,True
GUADELOUPE,GUADELOUPE,2019-11-03,climate,poisson,briere,5,1.0,hostvector,-5.703,True,True
GUADELOUPE,GUADELOUPE,2019-11-03,climate,poisson,briere,5,1.0,seir,-10.726,True,True
GUADELOUPE,GUADELOUPE,2019-11-03,climate,poisson,briere,5,0.75,hostvector,-3.836,True,False
GUADELOUPE,GUADELOUPE,2019-11-03,climate,poisson,briere,5,0.75,seir,-49.895,True,True
GUADELOUPE,GUADELOUPE,2019-11-03,climate,poisson,briere,7,1.0,hostvector,-1892.411,True,True
GUADELOUPE,GUADELOUPE,2019-11-03,climate,poisson,briere,7,1.0,seir,-1323.902,True,True
GUADELOUPE,GUADELOUPE,2019-11-03,climate,poisson,briere,7,0.75,hostvector,-2364.236,True,True
GUADELOUPE,GUADELOUPE,2019-11-03,climate,poisson,briere,7,0.75,seir,-1939.53,True,True
GUADELOUPE,GUADELOUPE,2019-11-03,climate,poisson,loglinear,3,1.0,hostvector,-747.166,True,True
GUADELOUPE,GUADELOUPE,2019-11-03,climate,poisson,loglinear,3,1.0,seir,-661.54,True,True
GUADELOUPE,GUADELOUPE,2019-11-03,climate,poisson,loglinear,3,0.75,hostvector,-1928.797,True,True
GUADELOUPE,GUADELOUPE,2019-11-03,climate,poisson,loglinear,3,0.75,seir,-1575.193,True,True
GUADELOUPE,GUADELOUPE,2019-11-03,climate,poisson,loglinear,5,1.0,hostvector,-673.306,True,True
GUADELOUPE,GUADELOUPE,2019-11-03,climate,poisson,loglinear,5,1.0,seir,-223.889,True,True
GUADELOUPE,GUADELOUPE,2019-11-03,climate,poisson,loglinear,5,0.75,hostvector,-2244.227,True,True
GUADELOUPE,GUADELOUPE,2019-11-03,climate,poisson,loglinear,5,0.75,seir,-1576.026,True,True
GUADELOUPE,GUADELOUPE,2019-11-03,climate,poisson,loglinear,7,1.0,hostvector,-2069.546,True,True
GUADELOUPE,GUADELOUPE,2019-11-03,climate,poisson,loglinear,7,1.0,seir,-1321.678,True,True
GUADELOUPE,GUADELOUPE,2019-11-03,climate,poisson,loglinear,7,0.75,hostvector,-4076.191,True,True
GUADELOUPE,GUADELOUPE,2019-11-03,climate,poisson,loglinear,7,0.75,seir,-2969.162,True,True
GUATEMALA,GUATEMALA,2014-06-29,no_effect,nb,briere,3,1.0,hostvector,-5.993,True,True
GUATEMALA,GUATEMALA,2014-06-29,no_effect,nb,briere,3,1.0,seir,-5.611,True,True
GUATEMALA,GUATEMALA,2014-06-29,no_effect,nb,briere,3,0.75,hostvector,1.771,False,False
GUATEMALA,GUATEMALA,2014-06-29,no_effect,nb,briere,3,0.75,seir,1.665,False,False
GUATEMALA,GUATEMALA,2014-06-29,no_effect,nb,briere,5,1.0,hostvector,-6.796,True,True
GUATEMALA,GUATEMALA,2014-06-29,no_effect,nb,briere,5,1.0,seir,-7.174,True,True
GUATEMALA,GUATEMALA,2014-06-29,no_effect,nb,briere,5,0.75,hostvector,0.389,False,False
GUATEMALA,GUATEMALA,2014-06-29,no_effect,nb,briere,5,0.75,seir,-0.622,True,False
GUATEMALA,GUATEMALA,2014-06-29,no_effect,nb,briere,7,1.0,hostvector,-2.865,True,False
GUATEMALA,GUATEMALA,2014-06-29,no_effect,nb,briere,7,1.0,seir,-3.234,True,False
GUATEMALA,GUATEMALA,2014-06-29,no_effect,nb,briere,7,0.75,hostvector,1.836,False,False
GUATEMALA,GUATEMALA,2014-06-29,no_effect,nb,briere,7,0.75,seir,0.972,False,False
GUATEMALA,GUATEMALA,2014-06-29,no_effect,nb,loglinear,3,1.0,hostvector,-6.999,True,True
GUATEMALA,GUATEMALA,2014-06-29,no_effect,nb,loglinear,3,1.0,seir,-6.051,True,True
GUATEMALA,GUATEMALA,2014-06-29,no_effect,nb,loglinear,3,0.75,hostvector,-0.553,True,False
GUATEMALA,GUATEMALA,2014-06-29,no_effect,nb,loglinear,3,0.75,seir,0.43,False,False
GUATEMALA,GUATEMALA,2014-06-29,no_effect,nb,loglinear,5,1.0,hostvector,-8.071,True,True
GUATEMALA,GUATEMALA,2014-06-29,no_effect,nb,loglinear,5,1.0,seir,-7.517,True,True
GUATEMALA,GUATEMALA,2014-06-29,no_effect,nb,loglinear,5,0.75,hostvector,-1.673,True,False
GUATEMALA,GUATEMALA,2014-06-29,no_effect,nb,loglinear,5,0.75,seir,-1.685,True,False
GUATEMALA,GUATEMALA,2014-06-29,no_effect,nb,loglinear,7,1.0,hostvector,-7.218,True,True
GUATEMALA,GUATEMALA,2014-06-29,no_effect,nb,loglinear,7,1.0,seir,-5.631,True,True
GUATEMALA,GUATEMALA,2014-06-29,no_effect,nb,loglinear,7,0.75,hostvector,-1.961,True,False
GUATEMALA,GUATEMALA,2014-06-29,no_effect,nb,loglinear,7,0.75,seir,-1.22,True,False
GUATEMALA,GUATEMALA,2014-06-29,no_effect,poisson,briere,3,1.0,hostvector,-1867.829,True,True
GUATEMALA,GUATEMALA,2014-06-29,no_effect,poisson,briere,3,1.0,seir,-1860.886,True,True
GUATEMALA,GUATEMALA,2014-06-29,no_effect,poisson,briere,3,0.75,hostvector,-425.837,True,True
GUATEMALA,GUATEMALA,2014-06-29,no_effect,poisson,briere,3,0.75,seir,-460.513,True,True
GUATEMALA,GUATEMALA,2014-06-29,no_effect,poisson,briere,5,1.0,hostvector,-2265.845,True,True
GUATEMALA,GUATEMALA,2014-06-29,no_effect,poisson,briere,5,1.0,seir,-2328.872,True,True
GUATEMALA,GUATEMALA,2014-06-29,no_effect,poisson,briere,5,0.75,hostvector,-974.2,True,True
GUATEMALA,GUATEMALA,2014-06-29,no_effect,poisson,briere,5,0.75,seir,-1116.447,True,True
GUATEMALA,GUATEMALA,2014-06-29,no_effect,poisson,briere,7,1.0,hostvector,-1227.595,True,True
GUATEMALA,GUATEMALA,2014-06-29,no_effect,poisson,briere,7,1.0,seir,-1249.155,True,True
GUATEMALA,GUATEMALA,2014-06-29,no_effect,poisson,briere,7,0.75,hostvector,-607.261,True,True
GUATEMALA,GUATEMALA,2014-06-29,no_effect,poisson,briere,7,0.75,seir,-693.0,True,True
GUATEMALA,GUATEMALA,2014-06-29,no_effect,poisson,loglinear,3,1.0,hostvector,-2274.342,True,True
GUATEMALA,GUATEMALA,2014-06-29,no_effect,poisson,loglinear,3,1.0,seir,-2098.17,True,True
GUATEMALA,GUATEMALA,2014-06-29,no_effect,poisson,loglinear,3,0.75,hostvector,-1166.985,True,True
GUATEMALA,GUATEMALA,2014-06-29,no_effect,poisson,loglinear,3,0.75,seir,-941.55,True,True
GUATEMALA,GUATEMALA,2014-06-29,no_effect,poisson,loglinear,5,1.0,hostvector,-2499.754,True,True
GUATEMALA,GUATEMALA,2014-06-29,no_effect,poisson,loglinear,5,1.0,seir,-2419.474,True,True
GUATEMALA,GUATEMALA,2014-06-29,no_effect,poisson,loglinear,5,0.75,hostvector,-1375.823,True,True
GUATEMALA,GUATEMALA,2014-06-29,no_effect,poisson,loglinear,5,0.75,seir,-1405.639,True,True
GUATEMALA,GUATEMALA,2014-06-29,no_effect,poisson,loglinear,7,1.0,hostvector,-2336.35,True,True
GUATEMALA,GUATEMALA,2014-06-29,no_effect,poisson,loglinear,7,1.0,seir,-2013.687,True,True
GUATEMALA,GUATEMALA,2014-06-29,no_effect,poisson,loglinear,7,0.75,hostvector,-1565.374,True,True
GUATEMALA,GUATEMALA,2014-06-29,no_effect,poisson,loglinear,7,0.75,seir,-1397.343,True,True
GUATEMALA,GUATEMALA,2014-06-29,climate,nb,briere,3,1.0,hostvector,-20.207,True,True
GUATEMALA,GUATEMALA,2014-06-29,climate,nb,briere,3,1.0,seir,-17.503,True,True
GUATEMALA,GUATEMALA,2014-06-29,climate,nb,briere,3,0.75,hostvector,-3.42,True,False
GUATEMALA,GUATEMALA,2014-06-29,climate,nb,briere,3,0.75,seir,-3.975,True,False
GUATEMALA,GUATEMALA,2014-06-29,climate,nb,briere,5,1.0,hostvector,-18.198,True,True
GUATEMALA,GUATEMALA,2014-06-29,climate,nb,briere,5,1.0,seir,-16.397,True,True
GUATEMALA,GUATEMALA,2014-06-29,climate,nb,briere,5,0.75,hostvector,-3.337,True,False
GUATEMALA,GUATEMALA,2014-06-29,climate,nb,briere,5,0.75,seir,-3.328,True,False
GUATEMALA,GUATEMALA,2014-06-29,climate,nb,briere,7,1.0,hostvector,-10.27,True,True
GUATEMALA,GUATEMALA,2014-06-29,climate,nb,briere,7,1.0,seir,-6.821,True,True
GUATEMALA,GUATEMALA,2014-06-29,climate,nb,briere,7,0.75,hostvector,0.066,False,False
GUATEMALA,GUATEMALA,2014-06-29,climate,nb,briere,7,0.75,seir,1.554,False,False
GUATEMALA,GUATEMALA,2014-06-29,climate,nb,loglinear,3,1.0,hostvector,-21.282,True,True
GUATEMALA,GUATEMALA,2014-06-29,climate,nb,loglinear,3,1.0,seir,-18.423,True,True
GUATEMALA,GUATEMALA,2014-06-29,climate,nb,loglinear,3,0.75,hostvector,-3.713,True,False
GUATEMALA,GUATEMALA,2014-06-29,climate,nb,loglinear,3,0.75,seir,-4.013,True,True
GUATEMALA,GUATEMALA,2014-06-29,climate,nb,loglinear,5,1.0,hostvector,-17.531,True,True
GUATEMALA,GUATEMALA,2014-06-29,climate,nb,loglinear,5,1.0,seir,-16.164,True,True
GUATEMALA,GUATEMALA,2014-06-29,climate,nb,loglinear,5,0.75,hostvector,-3.307,True,False
GUATEMALA,GUATEMALA,2014-06-29,climate,nb,loglinear,5,0.75,seir,-3.497,True,False
GUATEMALA,GUATEMALA,2014-06-29,climate,nb,loglinear,7,1.0,hostvector,-10.158,True,True
GUATEMALA,GUATEMALA,2014-06-29,climate,nb,loglinear,7,1.0,seir,-7.051,True,True
GUATEMALA,GUATEMALA,2014-06-29,climate,nb,loglinear,7,0.75,hostvector,-0.329,True,False
GUATEMALA,GUATEMALA,2014-06-29,climate,nb,loglinear,7,0.75,seir,1.112,False,False
GUATEMALA,GUATEMALA,2014-06-29,climate,poisson,briere,3,1.0,hostvector,-4592.044,True,True
GUATEMALA,GUATEMALA,2014-06-29,climate,poisson,briere,3,1.0,seir,-5697.488,True,True
GUATEMALA,GUATEMALA,2014-06-29,climate,poisson,briere,3,0.75,hostvector,-4417.194,True,True
GUATEMALA,GUATEMALA,2014-06-29,climate,poisson,briere,3,0.75,seir,-5588.422,True,True
GUATEMALA,GUATEMALA,2014-06-29,climate,poisson,briere,5,1.0,hostvector,-4588.367,True,True
GUATEMALA,GUATEMALA,2014-06-29,climate,poisson,briere,5,1.0,seir,-4797.452,True,True
GUATEMALA,GUATEMALA,2014-06-29,climate,poisson,briere,5,0.75,hostvector,-4447.121,True,True
GUATEMALA,GUATEMALA,2014-06-29,climate,poisson,briere,5,0.75,seir,-4709.508,True,True
GUATEMALA,GUATEMALA,2014-06-29,climate,poisson,briere,7,1.0,hostvector,-707.596,True,True
GUATEMALA,GUATEMALA,2014-06-29,climate,poisson,briere,7,1.0,seir,-381.146,True,True
GUATEMALA,GUATEMALA,2014-06-29,climate,poisson,briere,7,0.75,hostvector,-566.136,True,True
GUATEMALA,GUATEMALA,2014-06-29,climate,poisson,briere,7,0.75,seir,-277.407,True,True
GUATEMALA,GUATEMALA,2014-06-29,climate,poisson,loglinear,3,1.0,hostvector,33469.758,False,False
GUATEMALA,GUATEMALA,2014-06-29,climate,poisson,loglinear,3,1.0,seir,-5697.117,True,True
GUATEMALA,GUATEMALA,2014-06-29,climate,poisson,loglinear,3,0.75,hostvector,-4470.75,True,True
GUATEMALA,GUATEMALA,2014-06-29,climate,poisson,loglinear,3,0.75,seir,-5587.747,True,True
GUATEMALA,GUATEMALA,2014-06-29,climate,poisson,loglinear,5,1.0,hostvector,-4460.822,True,True
GUATEMALA,GUATEMALA,2014-06-29,climate,poisson,loglinear,5,1.0,seir,-4669.8,True,True
GUATEMALA,GUATEMALA,2014-06-29,climate,poisson,loglinear,5,0.75,hostvector,-4335.571,True,True
GUATEMALA,GUATEMALA,2014-06-29,climate,poisson,loglinear,5,0.75,seir,-6483.299,True,True
GUATEMALA,GUATEMALA,2014-06-29,climate,poisson,loglinear,7,1.0,hostvector,-841.646,True,True
GUATEMALA,GUATEMALA,2014-06-29,climate,poisson,loglinear,7,1.0,seir,-595.128,True,True
GUATEMALA,GUATEMALA,2014-06-29,climate,poisson,loglinear,7,0.75,hostvector,-696.136,True,True
GUATEMALA,GUATEMALA,2014-06-29,climate,poisson,loglinear,7,0.75,seir,-487.895,True,True
GUATEMALA,GUATEMALA,2019-04-28,no_effect,nb,briere,3,1.0,hostvector,3.012,False,False
GUATEMALA,GUATEMALA,2019-04-28,no_effect,nb,briere,3,1.0,seir,2.24,False,False
GUATEMALA,GUATEMALA,2019-04-28,no_effect,nb,briere,3,0.75,hostvector,-1.181,True,False
GUATEMALA,GUATEMALA,2019-04-28,no_effect,nb,briere,3,0.75,seir,-3.101,True,False
GUATEMALA,GUATEMALA,2019-04-28,no_effect,nb,briere,5,1.0,hostvector,3.175,False,False
GUATEMALA,GUATEMALA,2019-04-28,no_effect,nb,briere,5,1.0,seir,3.89,False,False
GUATEMALA,GUATEMALA,2019-04-28,no_effect,nb,briere,5,0.75,hostvector,0.662,False,False
GUATEMALA,GUATEMALA,2019-04-28,no_effect,nb,briere,5,0.75,seir,-0.162,True,False
GUATEMALA,GUATEMALA,2019-04-28,no_effect,nb,briere,7,1.0,hostvector,2.969,False,False
GUATEMALA,GUATEMALA,2019-04-28,no_effect,nb,briere,7,1.0,seir,3.97,False,False
GUATEMALA,GUATEMALA,2019-04-28,no_effect,nb,briere,7,0.75,hostvector,0.662,False,False
GUATEMALA,GUATEMALA,2019-04-28,no_effect,nb,briere,7,0.75,seir,0.624,False,False
GUATEMALA,GUATEMALA,2019-04-28,no_effect,nb,loglinear,3,1.0,hostvector,2.834,False,False
GUATEMALA,GUATEMALA,2019-04-28,no_effect,nb,loglinear,3,1.0,seir,2.095,False,False
GUATEMALA,GUATEMALA,2019-04-28,no_effect,nb,loglinear,3,0.75,hostvector,-1.148,True,False
GUATEMALA,GUATEMALA,2019-04-28,no_effect,nb,loglinear,3,0.75,seir,-3.215,True,False
GUATEMALA,GUATEMALA,2019-04-28,no_effect,nb,loglinear,5,1.0,hostvector,3.175,False,False
GUATEMALA,GUATEMALA,2019-04-28,no_effect,nb,loglinear,5,1.0,seir,3.865,False,False
GUATEMALA,GUATEMALA,2019-04-28,no_effect,nb,loglinear,5,0.75,hostvector,1.003,False,False
GUATEMALA,GUATEMALA,2019-04-28,no_effect,nb,loglinear,5,0.75,seir,-0.162,True,False
GUATEMALA,GUATEMALA,2019-04-28,no_effect,nb,loglinear,7,1.0,hostvector,2.969,False,False
GUATEMALA,GUATEMALA,2019-04-28,no_effect,nb,loglinear,7,1.0,seir,3.97,False,False
GUATEMALA,GUATEMALA,2019-04-28,no_effect,nb,loglinear,7,0.75,hostvector,0.945,False,False
GUATEMALA,GUATEMALA,2019-04-28,no_effect,nb,loglinear,7,0.75,seir,0.697,False,False
GUATEMALA,GUATEMALA,2019-04-28,no_effect,poisson,briere,3,1.0,hostvector,-115.394,True,True
GUATEMALA,GUATEMALA,2019-04-28,no_effect,poisson,briere,3,1.0,seir,-120.021,True,True
GUATEMALA,GUATEMALA,2019-04-28,no_effect,poisson,briere,3,0.75,hostvector,-359.471,True,True
GUATEMALA,GUATEMALA,2019-04-28,no_effect,poisson,briere,3,0.75,seir,-161.019,True,True
GUATEMALA,GUATEMALA,2019-04-28,no_effect,poisson,briere,5,1.0,hostvector,-24.252,True,True
GUATEMALA,GUATEMALA,2019-04-28,no_effect,poisson,briere,5,1.0,seir,1.999,False,False
GUATEMALA,GUATEMALA,2019-04-28,no_effect,poisson,briere,5,0.75,hostvector,-230.611,True,True
GUATEMALA,GUATEMALA,2019-04-28,no_effect,poisson,briere,5,0.75,seir,-254.525,True,True
GUATEMALA,GUATEMALA,2019-04-28,no_effect,poisson,briere,7,1.0,hostvector,-28.799,True,True
GUATEMALA,GUATEMALA,2019-04-28,no_effect,poisson,briere,7,1.0,seir,1.248,False,False
GUATEMALA,GUATEMALA,2019-04-28,no_effect,poisson,briere,7,0.75,hostvector,-231.176,True,True
GUATEMALA,GUATEMALA,2019-04-28,no_effect,poisson,briere,7,0.75,seir,-254.899,True,True
GUATEMALA,GUATEMALA,2019-04-28,no_effect,poisson,loglinear,3,1.0,hostvector,-122.514,True,True
GUATEMALA,GUATEMALA,2019-04-28,no_effect,poisson,loglinear,3,1.0,seir,-126.142,True,True
GUATEMALA,GUATEMALA,2019-04-28,no_effect,poisson,loglinear,3,0.75,hostvector,-360.5,True,True
GUATEMALA,GUATEMALA,2019-04-28,no_effect,poisson,loglinear,3,0.75,seir,-377.623,True,True
GUATEMALA,GUATEMALA,2019-04-28,no_effect,poisson,loglinear,5,1.0,hostvector,-25.122,True,True
GUATEMALA,GUATEMALA,2019-04-28,no_effect,poisson,loglinear,5,1.0,seir,0.589,False,False
GUATEMALA,GUATEMALA,2019-04-28,no_effect,poisson,loglinear,5,0.75,hostvector,-212.74,True,True
GUATEMALA,GUATEMALA,2019-04-28,no_effect,poisson,loglinear,5,0.75,seir,-245.744,True,True
GUATEMALA,GUATEMALA,2019-04-28,no_effect,poisson,loglinear,7,1.0,hostvector,-30.186,True,True
GUATEMALA,GUATEMALA,2019-04-28,no_effect,poisson,loglinear,7,1.0,seir,0.284,False,False
GUATEMALA,GUATEMALA,2019-04-28,no_effect,poisson,loglinear,7,0.75,hostvector,-208.301,True,True
GUATEMALA,GUATEMALA,2019-04-28,no_effect,poisson,loglinear,7,0.75,seir,-240.678,True,True
GUATEMALA,GUATEMALA,2019-04-28,climate,nb,briere,3,1.0,hostvector,-101.764,True,True
GUATEMALA,GUATEMALA,2019-04-28,climate,nb,briere,3,1.0,seir,-73.129,True,True
GUATEMALA,GUATEMALA,2019-04-28,climate,nb,briere,3,0.75,hostvector,-4.406,True,True
GUATEMALA,GUATEMALA,2019-04-28,climate,nb,briere,3,0.75,seir,1.566,False,False
GUATEMALA,GUATEMALA,2019-04-28,climate,nb,briere,5,1.0,hostvector,-97.841,True,True
GUATEMALA,GUATEMALA,2019-04-28,climate,nb,briere,5,1.0,seir,-70.809,True,True
GUATEMALA,GUATEMALA,2019-04-28,climate,nb,briere,5,0.75,hostvector,-2.315,True,False
GUATEMALA,GUATEMALA,2019-04-28,climate,nb,briere,5,0.75,seir,2.918,False,False
GUATEMALA,GUATEMALA,2019-04-28,climate,nb,briere,7,1.0,hostvector,-95.583,True,True
GUATEMALA,GUATEMALA,2019-04-28,climate,nb,briere,7,1.0,seir,-70.621,True,True
GUATEMALA,GUATEMALA,2019-04-28,climate,nb,briere,7,0.75,hostvector,-0.842,True,False
GUATEMALA,GUATEMALA,2019-04-28,climate,nb,briere,7,0.75,seir,3.117,False,False
GUATEMALA,GUATEMALA,2019-04-28,climate,nb,loglinear,3,1.0,hostvector,-100.798,True,True
GUATEMALA,GUATEMALA,2019-04-28,climate,nb,loglinear,3,1.0,seir,-73.19,True,True
GUATEMALA,GUATEMALA,2019-04-28,climate,nb,loglinear,3,0.75,hostvector,-4.558,True,True
GUATEMALA,GUATEMALA,2019-04-28,climate,nb,loglinear,3,0.75,seir,1.321,False,False
GUATEMALA,GUATEMALA,2019-04-28,climate,nb,loglinear,5,1.0,hostvector,-97.07,True,True
GUATEMALA,GUATEMALA,2019-04-28,climate,nb,loglinear,5,1.0,seir,-70.762,True,True
GUATEMALA,GUATEMALA,2019-04-28,climate,nb,loglinear,5,0.75,hostvector,-2.871,True,False
GUATEMALA,GUATEMALA,2019-04-28,climate,nb,loglinear,5,0.75,seir,2.568,False,False
GUATEMALA,GUATEMALA,2019-04-28,climate,nb,loglinear,7,1.0,hostvector,-94.668,True,True
GUATEMALA,GUATEMALA,2019-04-28,climate,nb,loglinear,7,1.0,seir,-70.205,True,True
GUATEMALA,GUATEMALA,2019-04-28,climate,nb,loglinear,7,0.75,hostvector,-1.425,True,False
GUATEMALA,GUATEMALA,2019-04-28,climate,nb,loglinear,7,0.75,seir,2.83,False,False
GUATEMALA,GUATEMALA,2019-04-28,climate,poisson,briere,3,1.0,hostvector,-1285.933,True,True
GUATEMALA,GUATEMALA,2019-04-28,climate,poisson,briere,3,1.0,seir,-1007.057,True,True
GUATEMALA,GUATEMALA,2019-04-28,climate,poisson,briere,3,0.75,hostvector,-753.295,True,True
GUATEMALA,GUATEMALA,2019-04-28,climate,poisson,briere,3,0.75,seir,-571.276,True,True
GUATEMALA,GUATEMALA,2019-04-28,climate,poisson,briere,5,1.0,hostvector,-687.265,True,True
GUATEMALA,GUATEMALA,2019-04-28,climate,poisson,briere,5,1.0,seir,-374.329,True,True
GUATEMALA,GUATEMALA,2019-04-28,climate,poisson,briere,5,0.75,hostvector,-153.405,True,True
GUATEMALA,GUATEMALA,2019-04-28,climate,poisson,briere,5,0.75,seir,-43.071,True,True
GUATEMALA,GUATEMALA,2019-04-28,climate,poisson,briere,7,1.0,hostvector,-599.524,True,True
GUATEMALA,GUATEMALA,2019-04-28,climate,poisson,briere,7,1.0,seir,-328.479,True,True
GUATEMALA,GUATEMALA,2019-04-28,climate,poisson,briere,7,0.75,hostvector,-102.412,True,True
GUATEMALA,GUATEMALA,2019-04-28,climate,poisson,briere,7,0.75,seir,-21.992,True,True
GUATEMALA,GUATEMALA,2019-04-28,climate,poisson,loglinear,3,1.0,hostvector,-1299.575,True,True
GUATEMALA,GUATEMALA,2019-04-28,climate,poisson,loglinear,3,1.0,seir,-1018.537,True,True
GUATEMALA,GUATEMALA,2019-04-28,climate,poisson,loglinear,3,0.75,hostvector,-741.686,True,True
GUATEMALA,GUATEMALA,2019-04-28,climate,poisson,loglinear,3,0.75,seir,-580.318,True,True
GUATEMALA,GUATEMALA,2019-04-28,climate,poisson,loglinear,5,1.0,hostvector,-708.207,True,True
GUATEMALA,GUATEMALA,2019-04-28,climate,poisson,loglinear,5,1.0,seir,-382.167,True,True
GUATEMALA,GUATEMALA,2019-04-28,climate,poisson,loglinear,5,0.75,hostvector,-185.938,True,True
GUATEMALA,GUATEMALA,2019-04-28,climate,poisson,loglinear,5,0.75,seir,-43.592,True,True
GUATEMALA,GUATEMALA,2019-04-28,climate,poisson,loglinear,7,1.0,hostvector,-607.329,True,True
GUATEMALA,GUATEMALA,2019-04-28,climate,poisson,loglinear,7,1.0,seir,-326.721,True,True
GUATEMALA,GUATEMALA,2019-04-28,climate,poisson,loglinear,7,0.75,hostvector,-126.417,True,True
GUATEMALA,GUATEMALA,2019-04-28,climate,poisson,loglinear,7,0.75,seir,-21.992,True,True
GUYANA,GUYANA,2023-11-12,no_effect,nb,briere,3,1.0,hostvector,3.93,False,False
GUYANA,GUYANA,2023-11-12,no_effect,nb,briere,3,1.0,seir,3.593,False,False
GUYANA,GUYANA,2023-11-12,no_effect,nb,briere,3,0.75,hostvector,3.737,False,False
GUYANA,GUYANA,2023-11-12,no_effect,nb,briere,3,0.75,seir,3.332,False,False
GUYANA,GUYANA,2023-11-12,no_effect,nb,briere,5,1.0,hostvector,3.093,False,False
GUYANA,GUYANA,2023-11-12,no_effect,nb,briere,5,1.0,seir,2.301,False,False
GUYANA,GUYANA,2023-11-12,no_effect,nb,briere,5,0.75,hostvector,2.79,False,False
GUYANA,GUYANA,2023-11-12,no_effect,nb,briere,5,0.75,seir,2.257,False,False
GUYANA,GUYANA,2023-11-12,no_effect,nb,briere,7,1.0,hostvector,2.446,False,False
GUYANA,GUYANA,2023-11-12,no_effect,nb,briere,7,1.0,seir,1.791,False,False
GUYANA,GUYANA,2023-11-12,no_effect,nb,briere,7,0.75,hostvector,-0.428,True,False
GUYANA,GUYANA,2023-11-12,no_effect,nb,briere,7,0.75,seir,-0.361,True,False
GUYANA,GUYANA,2023-11-12,no_effect,nb,loglinear,3,1.0,hostvector,3.822,False,False
GUYANA,GUYANA,2023-11-12,no_effect,nb,loglinear,3,1.0,seir,3.587,False,False
GUYANA,GUYANA,2023-11-12,no_effect,nb,loglinear,3,0.75,hostvector,3.035,False,False
GUYANA,GUYANA,2023-11-12,no_effect,nb,loglinear,3,0.75,seir,2.973,False,False
GUYANA,GUYANA,2023-11-12,no_effect,nb,loglinear,5,1.0,hostvector,3.086,False,False
GUYANA,GUYANA,2023-11-12,no_effect,nb,loglinear,5,1.0,seir,2.292,False,False
GUYANA,GUYANA,2023-11-12,no_effect,nb,loglinear,5,0.75,hostvector,2.783,False,False
GUYANA,GUYANA,2023-11-12,no_effect,nb,loglinear,5,0.75,seir,2.246,False,False
GUYANA,GUYANA,2023-11-12,no_effect,nb,loglinear,7,1.0,hostvector,2.38,False,False
GUYANA,GUYANA,2023-11-12,no_effect,nb,loglinear,7,1.0,seir,1.658,False,False
GUYANA,GUYANA,2023-11-12,no_effect,nb,loglinear,7,0.75,hostvector,-0.464,True,False
GUYANA,GUYANA,2023-11-12,no_effect,nb,loglinear,7,0.75,seir,-0.38,True,False
GUYANA,GUYANA,2023-11-12,no_effect,poisson,briere,3,1.0,hostvector,-61.963,True,True
GUYANA,GUYANA,2023-11-12,no_effect,poisson,briere,3,1.0,seir,-147.862,True,True
GUYANA,GUYANA,2023-11-12,no_effect,poisson,briere,3,0.75,hostvector,-119.381,True,True
GUYANA,GUYANA,2023-11-12,no_effect,poisson,briere,3,0.75,seir,-183.692,True,True
GUYANA,GUYANA,2023-11-12,no_effect,poisson,briere,5,1.0,hostvector,-327.245,True,True
GUYANA,GUYANA,2023-11-12,no_effect,poisson,briere,5,1.0,seir,-415.818,True,True
GUYANA,GUYANA,2023-11-12,no_effect,poisson,briere,5,0.75,hostvector,-387.935,True,True
GUYANA,GUYANA,2023-11-12,no_effect,poisson,briere,5,0.75,seir,-442.661,True,True
GUYANA,GUYANA,2023-11-12,no_effect,poisson,briere,7,1.0,hostvector,-411.984,True,True
GUYANA,GUYANA,2023-11-12,no_effect,poisson,briere,7,1.0,seir,-472.984,True,True
GUYANA,GUYANA,2023-11-12,no_effect,poisson,briere,7,0.75,hostvector,-780.569,True,True
GUYANA,GUYANA,2023-11-12,no_effect,poisson,briere,7,0.75,seir,-791.144,True,True
GUYANA,GUYANA,2023-11-12,no_effect,poisson,loglinear,3,1.0,hostvector,-63.499,True,True
GUYANA,GUYANA,2023-11-12,no_effect,poisson,loglinear,3,1.0,seir,-153.891,True,True
GUYANA,GUYANA,2023-11-12,no_effect,poisson,loglinear,3,0.75,hostvector,-122.88,True,True
GUYANA,GUYANA,2023-11-12,no_effect,poisson,loglinear,3,0.75,seir,-187.995,True,True
GUYANA,GUYANA,2023-11-12,no_effect,poisson,loglinear,5,1.0,hostvector,-331.435,True,True
GUYANA,GUYANA,2023-11-12,no_effect,poisson,loglinear,5,1.0,seir,-418.138,True,True
GUYANA,GUYANA,2023-11-12,no_effect,poisson,loglinear,5,0.75,hostvector,-395.548,True,True
GUYANA,GUYANA,2023-11-12,no_effect,poisson,loglinear,5,0.75,seir,-448.482,True,True
GUYANA,GUYANA,2023-11-12,no_effect,poisson,loglinear,7,1.0,hostvector,-414.23,True,True
GUYANA,GUYANA,2023-11-12,no_effect,poisson,loglinear,7,1.0,seir,-489.068,True,True
GUYANA,GUYANA,2023-11-12,no_effect,poisson,loglinear,7,0.75,hostvector,-784.959,True,True
GUYANA,GUYANA,2023-11-12,no_effect,poisson,loglinear,7,0.75,seir,-793.912,True,True
GUYANA,GUYANA,2023-11-12,climate,nb,briere,3,1.0,hostvector,-428.384,True,True
GUYANA,GUYANA,2023-11-12,climate,nb,briere,3,1.0,seir,-424.347,True,True
GUYANA,GUYANA,2023-11-12,climate,nb,briere,3,0.75,hostvector,-118.91,True,True
GUYANA,GUYANA,2023-11-12,climate,nb,briere,3,0.75,seir,-114.448,True,True
GUYANA,GUYANA,2023-11-12,climate,nb,briere,5,1.0,hostvector,-389.766,True,True
GUYANA,GUYANA,2023-11-12,climate,nb,briere,5,1.0,seir,-384.694,True,True
GUYANA,GUYANA,2023-11-12,climate,nb,briere,5,0.75,hostvector,-105.871,True,True
GUYANA,GUYANA,2023-11-12,climate,nb,briere,5,0.75,seir,-99.557,True,True
GUYANA,GUYANA,2023-11-12,climate,nb,briere,7,1.0,hostvector,-325.457,True,True
GUYANA,GUYANA,2023-11-12,climate,nb,briere,7,1.0,seir,-318.505,True,True
GUYANA,GUYANA,2023-11-12,climate,nb,briere,7,0.75,hostvector,-55.033,True,True
GUYANA,GUYANA,2023-11-12,climate,nb,briere,7,0.75,seir,-45.161,True,True
GUYANA,GUYANA,2023-11-12,climate,nb,loglinear,3,1.0,hostvector,-428.396,True,True
GUYANA,GUYANA,2023-11-12,climate,nb,loglinear,3,1.0,seir,-424.345,True,True
GUYANA,GUYANA,2023-11-12,climate,nb,loglinear,3,0.75,hostvector,-118.934,True,True
GUYANA,GUYANA,2023-11-12,climate,nb,loglinear,3,0.75,seir,-114.477,True,True
GUYANA,GUYANA,2023-11-12,climate,nb,loglinear,5,1.0,hostvector,-390.254,True,True
GUYANA,GUYANA,2023-11-12,climate,nb,loglinear,5,1.0,seir,-384.917,True,True
GUYANA,GUYANA,2023-11-12,climate,nb,loglinear,5,0.75,hostvector,-105.895,True,True
GUYANA,GUYANA,2023-11-12,climate,nb,loglinear,5,0.75,seir,-99.481,True,True
GUYANA,GUYANA,2023-11-12,climate,nb,loglinear,7,1.0,hostvector,-326.651,True,True
GUYANA,GUYANA,2023-11-12,climate,nb,loglinear,7,1.0,seir,-318.912,True,True
GUYANA,GUYANA,2023-11-12,climate,nb,loglinear,7,0.75,hostvector,-54.992,True,True
GUYANA,GUYANA,2023-11-12,climate,nb,loglinear,7,0.75,seir,-44.975,True,True
GUYANA,GUYANA,2023-11-12,climate,poisson,briere,3,1.0,hostvector,-16506.537,True,True
GUYANA,GUYANA,2023-11-12,climate,poisson,briere,3,1.0,seir,-17062.824,True,True
GUYANA,GUYANA,2023-11-12,climate,poisson,briere,3,0.75,hostvector,-1874.213,True,True
GUYANA,GUYANA,2023-11-12,climate,poisson,briere,3,0.75,seir,-1834.529,True,True
GUYANA,GUYANA,2023-11-12,climate,poisson,briere,5,1.0,hostvector,-14389.748,True,True
GUYANA,GUYANA,2023-11-12,climate,poisson,briere,5,1.0,seir,-15035.517,True,True
GUYANA,GUYANA,2023-11-12,climate,poisson,briere,5,0.75,hostvector,-1732.242,True,True
GUYANA,GUYANA,2023-11-12,climate,poisson,briere,5,0.75,seir,-1656.577,True,True
GUYANA,GUYANA,2023-11-12,climate,poisson,briere,7,1.0,hostvector,-13329.405,True,True
GUYANA,GUYANA,2023-11-12,climate,poisson,briere,7,1.0,seir,-13822.026,True,True
GUYANA,GUYANA,2023-11-12,climate,poisson,briere,7,0.75,hostvector,-1203.16,True,True
GUYANA,GUYANA,2023-11-12,climate,poisson,briere,7,0.75,seir,-1004.04,True,True
GUYANA,GUYANA,2023-11-12,climate,poisson,loglinear,3,1.0,hostvector,-16510.114,True,True
GUYANA,GUYANA,2023-11-12,climate,poisson,loglinear,3,1.0,seir,-17065.627,True,True
GUYANA,GUYANA,2023-11-12,climate,poisson,loglinear,3,0.75,hostvector,-1874.602,True,True
GUYANA,GUYANA,2023-11-12,climate,poisson,loglinear,3,0.75,seir,-1835.001,True,True
GUYANA,GUYANA,2023-11-12,climate,poisson,loglinear,5,1.0,hostvector,-14570.257,True,True
GUYANA,GUYANA,2023-11-12,climate,poisson,loglinear,5,1.0,seir,-15187.031,True,True
GUYANA,GUYANA,2023-11-12,climate,poisson,loglinear,5,0.75,hostvector,-1732.394,True,True
GUYANA,GUYANA,2023-11-12,climate,poisson,loglinear,5,0.75,seir,-1656.017,True,True
GUYANA,GUYANA,2023-11-12,climate,poisson,loglinear,7,1.0,hostvector,-14819.534,True,True
GUYANA,GUYANA,2023-11-12,climate,poisson,loglinear,7,1.0,seir,-15275.737,True,True
GUYANA,GUYANA,2023-11-12,climate,poisson,loglinear,7,0.75,hostvector,-1199.581,True,True
GUYANA,GUYANA,2023-11-12,climate,poisson,loglinear,7,0.75,seir,-995.858,True,True
HONDURAS,HONDURAS,2018-09-02,no_effect,nb,briere,3,1.0,hostvector,-1.596,True,False
HONDURAS,HONDURAS,2018-09-02,no_effect,nb,briere,3,1.0,seir,-6.554,True,True
HONDURAS,HONDURAS,2018-09-02,no_effect,nb,briere,3,0.75,hostvector,2.231,False,False
HONDURAS,HONDURAS,2018-09-02,no_effect,nb,briere,3,0.75,seir,-0.562,True,False
HONDURAS,HONDURAS,2018-09-02,no_effect,nb,briere,5,1.0,hostvector,-1.281,True,False
HONDURAS,HONDURAS,2018-09-02,no_effect,nb,briere,5,1.0,seir,-6.982,True,True
HONDURAS,HONDURAS,2018-09-02,no_effect,nb,briere,5,0.75,hostvector,2.067,False,False
HONDURAS,HONDURAS,2018-09-02,no_effect,nb,briere,5,0.75,seir,-1.639,True,False
HONDURAS,HONDURAS,2018-09-02,no_effect,nb,briere,7,1.0,hostvector,-1.375,True,False
HONDURAS,HONDURAS,2018-09-02,no_effect,nb,briere,7,1.0,seir,-7.069,True,True
HONDURAS,HONDURAS,2018-09-02,no_effect,nb,briere,7,0.75,hostvector,2.189,False,False
HONDURAS,HONDURAS,2018-09-02,no_effect,nb,briere,7,0.75,seir,-1.087,True,False
HONDURAS,HONDURAS,2018-09-02,no_effect,nb,loglinear,3,1.0,hostvector,3.825,False,False
HONDURAS,HONDURAS,2018-09-02,no_effect,nb,loglinear,3,1.0,seir,-6.635,True,True
HONDURAS,HONDURAS,2018-09-02,no_effect,nb,loglinear,3,0.75,hostvector,2.08,False,False
HONDURAS,HONDURAS,2018-09-02,no_effect,nb,loglinear,3,0.75,seir,-0.725,True,False
HONDURAS,HONDURAS,2018-09-02,no_effect,nb,loglinear,5,1.0,hostvector,3.097,False,False
HONDURAS,HONDURAS,2018-09-02,no_effect,nb,loglinear,5,1.0,seir,-7.351,True,True
HONDURAS,HONDURAS,2018-09-02,no_effect,nb,loglinear,5,0.75,hostvector,1.935,False,False
HONDURAS,HONDURAS,2018-09-02,no_effect,nb,loglinear,5,0.75,seir,-1.752,True,False
HONDURAS,HONDURAS,2018-09-02,no_effect,nb,loglinear,7,1.0,hostvector,2.848,False,False
HONDURAS,HONDURAS,2018-09-02,no_effect,nb,loglinear,7,1.0,seir,-7.379,True,True
HONDURAS,HONDURAS,2018-09-02,no_effect,nb,loglinear,7,0.75,hostvector,2.069,False,False
HONDURAS,HONDURAS,2018-09-02,no_effect,nb,loglinear,7,0.75,seir,-1.209,True,False
HONDURAS,HONDURAS,2018-09-02,no_effect,poisson,briere,3,1.0,hostvector,-153.236,True,True
HONDURAS,HONDURAS,2018-09-02,no_effect,poisson,briere,3,1.0,seir,-187.335,True,True
HONDURAS,HONDURAS,2018-09-02,no_effect,poisson,briere,3,0.75,hostvector,-60.187,True,True
HONDURAS,HONDURAS,2018-09-02,no_effect,poisson,briere,3,0.75,seir,-94.907,True,True
HONDURAS,HONDURAS,2018-09-02,no_effect,poisson,briere,5,1.0,hostvector,-146.671,True,True
HONDURAS,HONDURAS,2018-09-02,no_effect,poisson,briere,5,1.0,seir,-196.958,True,True
HONDURAS,HONDURAS,2018-09-02,no_effect,poisson,briere,5,0.75,hostvector,-79.89,True,True
HONDURAS,HONDURAS,2018-09-02,no_effect,poisson,briere,5,0.75,seir,-119.984,True,True
HONDURAS,HONDURAS,2018-09-02,no_effect,poisson,briere,7,1.0,hostvector,-149.37,True,True
HONDURAS,HONDURAS,2018-09-02,no_effect,poisson,briere,7,1.0,seir,-199.511,True,True
HONDURAS,HONDURAS,2018-09-02,no_effect,poisson,briere,7,0.75,hostvector,-66.107,True,True
HONDURAS,HONDURAS,2018-09-02,no_effect,poisson,briere,7,0.75,seir,-99.961,True,True
HONDURAS,HONDURAS,2018-09-02,no_effect,poisson,loglinear,3,1.0,hostvector,3.885,False,False
HONDURAS,HONDURAS,2018-09-02,no_effect,poisson,loglinear,3,1.0,seir,-187.662,True,True
HONDURAS,HONDURAS,2018-09-02,no_effect,poisson,loglinear,3,0.75,hostvector,-65.22,True,True
HONDURAS,HONDURAS,2018-09-02,no_effect,poisson,loglinear,3,0.75,seir,-99.955,True,True
HONDURAS,HONDURAS,2018-09-02,no_effect,poisson,loglinear,5,1.0,hostvector,-33.674,True,True
HONDURAS,HONDURAS,2018-09-02,no_effect,poisson,loglinear,5,1.0,seir,-203.292,True,True
HONDURAS,HONDURAS,2018-09-02,no_effect,poisson,loglinear,5,0.75,hostvector,-84.911,True,True
HONDURAS,HONDURAS,2018-09-02,no_effect,poisson,loglinear,5,0.75,seir,-124.042,True,True
HONDURAS,HONDURAS,2018-09-02,no_effect,poisson,loglinear,7,1.0,hostvector,-156.727,True,True
HONDURAS,HONDURAS,2018-09-02,no_effect,poisson,loglinear,7,1.0,seir,-205.469,True,True
HONDURAS,HONDURAS,2018-09-02,no_effect,poisson,loglinear,7,0.75,hostvector,-70.56,True,True
HONDURAS,HONDURAS,2018-09-02,no_effect,poisson,loglinear,7,0.75,seir,-104.021,True,True
HONDURAS,HONDURAS,2018-09-02,climate,nb,briere,3,1.0,hostvector,-135.505,True,True
HONDURAS,HONDURAS,2018-09-02,climate,nb,briere,3,1.0,seir,-141.885,True,True
HONDURAS,HONDURAS,2018-09-02,climate,nb,briere,3,0.75,hostvector,-55.833,True,True
HONDURAS,HONDURAS,2018-09-02,climate,nb,briere,3,0.75,seir,-52.451,True,True
HONDURAS,HONDURAS,2018-09-02,climate,nb,briere,5,1.0,hostvector,-113.402,True,True
HONDURAS,HONDURAS,2018-09-02,climate,nb,briere,5,1.0,seir,-116.488,True,True
HONDURAS,HONDURAS,2018-09-02,climate,nb,briere,5,0.75,hostvector,-34.316,True,True
HONDURAS,HONDURAS,2018-09-02,climate,nb,briere,5,0.75,seir,-26.096,True,True
HONDURAS,HONDURAS,2018-09-02,climate,nb,briere,7,1.0,hostvector,-62.655,True,True
HONDURAS,HONDURAS,2018-09-02,climate,nb,briere,7,1.0,seir,-86.937,True,True
HONDURAS,HONDURAS,2018-09-02,climate,nb,briere,7,0.75,hostvector,-4.322,True,True
HONDURAS,HONDURAS,2018-09-02,climate,nb,briere,7,0.75,seir,-1.936,True,False
HONDURAS,HONDURAS,2018-09-02,climate,nb,loglinear,3,1.0,hostvector,-135.576,True,True
HONDURAS,HONDURAS,2018-09-02,climate,nb,loglinear,3,1.0,seir,-141.711,True,True
HONDURAS,HONDURAS,2018-09-02,climate,nb,loglinear,3,0.75,hostvector,7365.957,False,False
HONDURAS,HONDURAS,2018-09-02,climate,nb,loglinear,3,0.75,seir,-52.164,True,True
HONDURAS,HONDURAS,2018-09-02,climate,nb,loglinear,5,1.0,hostvector,-114.53,True,True
HONDURAS,HONDURAS,2018-09-02,climate,nb,loglinear,5,1.0,seir,-116.985,True,True
HONDURAS,HONDURAS,2018-09-02,climate,nb,loglinear,5,0.75,hostvector,-34.492,True,True
HONDURAS,HONDURAS,2018-09-02,climate,nb,loglinear,5,0.75,seir,-26.063,True,True
HONDURAS,HONDURAS,2018-09-02,climate,nb,loglinear,7,1.0,hostvector,-66.719,True,True
HONDURAS,HONDURAS,2018-09-02,climate,nb,loglinear,7,1.0,seir,-89.057,True,True
HONDURAS,HONDURAS,2018-09-02,climate,nb,loglinear,7,0.75,hostvector,-4.042,True,True
HONDURAS,HONDURAS,2018-09-02,climate,nb,loglinear,7,0.75,seir,-1.529,True,False
HONDURAS,HONDURAS,2018-09-02,climate,poisson,briere,3,1.0,hostvector,-8425.972,True,True
HONDURAS,HONDURAS,2018-09-02,climate,poisson,briere,3,1.0,seir,-8668.138,True,True
HONDURAS,HONDURAS,2018-09-02,climate,poisson,briere,3,0.75,hostvector,-3352.31,True,True
HONDURAS,HONDURAS,2018-09-02,climate,poisson,briere,3,0.75,seir,-3410.234,True,True
HONDURAS,HONDURAS,2018-09-02,climate,poisson,briere,5,1.0,hostvector,-7157.638,True,True
HONDURAS,HONDURAS,2018-09-02,climate,poisson,briere,5,1.0,seir,-7198.336,True,True
HONDURAS,HONDURAS,2018-09-02,climate,poisson,briere,5,0.75,hostvector,-2207.85,True,True
HONDURAS,HONDURAS,2018-09-02,climate,poisson,briere,5,0.75,seir,-1917.524,True,True
HONDURAS,HONDURAS,2018-09-02,climate,poisson,briere,7,1.0,hostvector,-4633.633,True,True
HONDURAS,HONDURAS,2018-09-02,climate,poisson,briere,7,1.0,seir,-6545.966,True,True
HONDURAS,HONDURAS,2018-09-02,climate,poisson,briere,7,0.75,hostvector,-1644.935,True,True
HONDURAS,HONDURAS,2018-09-02,climate,poisson,briere,7,0.75,seir,-1656.426,True,True
HONDURAS,HONDURAS,2018-09-02,climate,poisson,loglinear,3,1.0,hostvector,-8386.303,True,True
HONDURAS,HONDURAS,2018-09-02,climate,poisson,loglinear,3,1.0,seir,-8625.447,True,True
HONDURAS,HONDURAS,2018-09-02,climate,poisson,loglinear,3,0.75,hostvector,-3315.369,True,True
HONDURAS,HONDURAS,2018-09-02,climate,poisson,loglinear,3,0.75,seir,-3376.279,True,True
HONDURAS,HONDURAS,2018-09-02,climate,poisson,loglinear,5,1.0,hostvector,-7194.005,True,True
HONDURAS,HONDURAS,2018-09-02,climate,poisson,loglinear,5,1.0,seir,-7162.708,True,True
HONDURAS,HONDURAS,2018-09-02,climate,poisson,loglinear,5,0.75,hostvector,-2208.71,True,True
HONDURAS,HONDURAS,2018-09-02,climate,poisson,loglinear,5,0.75,seir,-1904.061,True,True
HONDURAS,HONDURAS,2018-09-02,climate,poisson,loglinear,7,1.0,hostvector,-4707.178,True,True
HONDURAS,HONDURAS,2018-09-02,climate,poisson,loglinear,7,1.0,seir,-6552.764,True,True
HONDURAS,HONDURAS,2018-09-02,climate,poisson,loglinear,7,0.75,hostvector,-1602.444,True,True
HONDURAS,HONDURAS,2018-09-02,climate,poisson,loglinear,7,0.75,seir,-1601.602,True,True
HONDURAS,HONDURAS,2021-04-25,no_effect,nb,briere,3,1.0,hostvector,-2.282,True,False
HONDURAS,HONDURAS,2021-04-25,no_effect,nb,briere,3,1.0,seir,-5.543,True,True
HONDURAS,HONDURAS,2021-04-25,no_effect,nb,briere,3,0.75,hostvector,3.775,False,False
HONDURAS,HONDURAS,2021-04-25,no_effect,nb,briere,3,0.75,seir,2.871,False,False
HONDURAS,HONDURAS,2021-04-25,no_effect,nb,briere,5,1.0,hostvector,-3.98,True,False
HONDURAS,HONDURAS,2021-04-25,no_effect,nb,briere,5,1.0,seir,-4.709,True,True
HONDURAS,HONDURAS,2021-04-25,no_effect,nb,briere,5,0.75,hostvector,2.441,False,False
HONDURAS,HONDURAS,2021-04-25,no_effect,nb,briere,5,0.75,seir,3.203,False,False
HONDURAS,HONDURAS,2021-04-25,no_effect,nb,briere,7,1.0,hostvector,-0.118,True,False
HONDURAS,HONDURAS,2021-04-25,no_effect,nb,briere,7,1.0,seir,2.172,False,False
HONDURAS,HONDURAS,2021-04-25,no_effect,nb,briere,7,0.75,hostvector,3.706,False,False
HONDURAS,HONDURAS,2021-04-25,no_effect,nb,briere,7,0.75,seir,2.656,False,False
HONDURAS,HONDURAS,2021-04-25,no_effect,nb,loglinear,3,1.0,hostvector,-2.267,True,False
HONDURAS,HONDURAS,2021-04-25,no_effect,nb,loglinear,3,1.0,seir,-5.63,True,True
HONDURAS,HONDURAS,2021-04-25,no_effect,nb,loglinear,3,0.75,hostvector,3.826,False,False
HONDURAS,HONDURAS,2021-04-25,no_effect,nb,loglinear,3,0.75,seir,2.782,False,False
HONDURAS,HONDURAS,2021-04-25,no_effect,nb,loglinear,5,1.0,hostvector,-3.984,True,False
HONDURAS,HONDURAS,2021-04-25,no_effect,nb,loglinear,5,1.0,seir,-4.976,True,True
HONDURAS,HONDURAS,2021-04-25,no_effect,nb,loglinear,5,0.75,hostvector,2.508,False,False
HONDURAS,HONDURAS,2021-04-25,no_effect,nb,loglinear,5,0.75,seir,2.881,False,False
HONDURAS,HONDURAS,2021-04-25,no_effect,nb,loglinear,7,1.0,hostvector,-0.48,True,False
HONDURAS,HONDURAS,2021-04-25,no_effect,nb,loglinear,7,1.0,seir,-0.593,True,False
HONDURAS,HONDURAS,2021-04-25,no_effect,nb,loglinear,7,0.75,hostvector,3.725,False,False
HONDURAS,HONDURAS,2021-04-25,no_effect,nb,loglinear,7,0.75,seir,2.53,False,False
HONDURAS,HONDURAS,2021-04-25,no_effect,poisson,briere,3,1.0,hostvector,-384.186,True,True
HONDURAS,HONDURAS,2021-04-25,no_effect,poisson,briere,3,1.0,seir,-449.493,True,True
HONDURAS,HONDURAS,2021-04-25,no_effect,poisson,briere,3,0.75,hostvector,-39.241,True,True
HONDURAS,HONDURAS,2021-04-25,no_effect,poisson,briere,3,0.75,seir,-57.227,True,True
HONDURAS,HONDURAS,2021-04-25,no_effect,poisson,briere,5,1.0,hostvector,-470.769,True,True
HONDURAS,HONDURAS,2021-04-25,no_effect,poisson,briere,5,1.0,seir,-488.157,True,True
HONDURAS,HONDURAS,2021-04-25,no_effect,poisson,briere,5,0.75,hostvector,-110.155,True,True
HONDURAS,HONDURAS,2021-04-25,no_effect,poisson,briere,5,0.75,seir,-88.019,True,True
HONDURAS,HONDURAS,2021-04-25,no_effect,poisson,briere,7,1.0,hostvector,-224.172,True,True
HONDURAS,HONDURAS,2021-04-25,no_effect,poisson,briere,7,1.0,seir,-193.816,True,True
HONDURAS,HONDURAS,2021-04-25,no_effect,poisson,briere,7,0.75,hostvector,-37.77,True,True
HONDURAS,HONDURAS,2021-04-25,no_effect,poisson,briere,7,0.75,seir,-66.35,True,True
HONDURAS,HONDURAS,2021-04-25,no_effect,poisson,loglinear,3,1.0,hostvector,-385.423,True,True
HONDURAS,HONDURAS,2021-04-25,no_effect,poisson,loglinear,3,1.0,seir,-452.914,True,True
HONDURAS,HONDURAS,2021-04-25,no_effect,poisson,loglinear,3,0.75,hostvector,-35.333,True,True
HONDURAS,HONDURAS,2021-04-25,no_effect,poisson,loglinear,3,0.75,seir,-58.293,True,True
HONDURAS,HONDURAS,2021-04-25,no_effect,poisson,loglinear,5,1.0,hostvector,-471.733,True,True
HONDURAS,HONDURAS,2021-04-25,no_effect,poisson,loglinear,5,1.0,seir,-490.938,True,True
HONDURAS,HONDURAS,2021-04-25,no_effect,poisson,loglinear,5,0.75,hostvector,-107.43,True,True
HONDURAS,HONDURAS,2021-04-25,no_effect,poisson,loglinear,5,0.75,seir,-92.689,True,True
HONDURAS,HONDURAS,2021-04-25,no_effect,poisson,loglinear,7,1.0,hostvector,-236.165,True,True
HONDURAS,HONDURAS,2021-04-25,no_effect,poisson,loglinear,7,1.0,seir,-212.452,True,True
HONDURAS,HONDURAS,2021-04-25,no_effect,poisson,loglinear,7,0.75,hostvector,-34.055,True,True
HONDURAS,HONDURAS,2021-04-25,no_effect,poisson,loglinear,7,0.75,seir,-64.639,True,True
HONDURAS,HONDURAS,2021-04-25,climate,nb,briere,3,1.0,hostvector,-139.588,True,True
HONDURAS,HONDURAS,2021-04-25,climate,nb,briere,3,1.0,seir,-127.597,True,True
HONDURAS,HONDURAS,2021-04-25,climate,nb,briere,3,0.75,hostvector,-34.105,True,True
HONDURAS,HONDURAS,2021-04-25,climate,nb,briere,3,0.75,seir,-33.5,True,True
HONDURAS,HONDURAS,2021-04-25,climate,nb,briere,5,1.0,hostvector,-115.86,True,True
HONDURAS,HONDURAS,2021-04-25,climate,nb,briere,5,1.0,seir,-105.282,True,True
HONDURAS,HONDURAS,2021-04-25,climate,nb,briere,5,0.75,hostvector,-10.406,True,True
HONDURAS,HONDURAS,2021-04-25,climate,nb,briere,5,0.75,seir,-12.257,True,True
HONDURAS,HONDURAS,2021-04-25,climate,nb,briere,7,1.0,hostvector,-22.5,True,True
HONDURAS,HONDURAS,2021-04-25,climate,nb,briere,7,1.0,seir,-18.155,True,True
HONDURAS,HONDURAS,2021-04-25,climate,nb,briere,7,0.75,hostvector,0.439,False,False
HONDURAS,HONDURAS,2021-04-25,climate,nb,briere,7,0.75,seir,-0.31,True,False
HONDURAS,HONDURAS,2021-04-25,climate,nb,loglinear,3,1.0,hostvector,-140.361,True,True
HONDURAS,HONDURAS,2021-04-25,climate,nb,loglinear,3,1.0,seir,-128.174,True,True
HONDURAS,HONDURAS,2021-04-25,climate,nb,loglinear,3,0.75,hostvector,-35.1,True,True
HONDURAS,HONDURAS,2021-04-25,climate,nb,loglinear,3,0.75,seir,-35.021,True,True
HONDURAS,HONDURAS,2021-04-25,climate,nb,loglinear,5,1.0,hostvector,-115.855,True,True
HONDURAS,HONDURAS,2021-04-25,climate,nb,loglinear,5,1.0,seir,-104.47,True,True
HONDURAS,HONDURAS,2021-04-25,climate,nb,loglinear,5,0.75,hostvector,-10.391,True,True
HONDURAS,HONDURAS,2021-04-25,climate,nb,loglinear,5,0.75,seir,-11.167,True,True
HONDURAS,HONDURAS,2021-04-25,climate,nb,loglinear,7,1.0,hostvector,1118188.168,False,False
HONDURAS,HONDURAS,2021-04-25,climate,nb,loglinear,7,1.0,seir,-69.648,True,True
HONDURAS,HONDURAS,2021-04-25,climate,nb,loglinear,7,0.75,hostvector,1.146,False,False
HONDURAS,HONDURAS,2021-04-25,climate,nb,loglinear,7,0.75,seir,0.635,False,False
HONDURAS,HONDURAS,2021-04-25,climate,poisson,briere,3,1.0,hostvector,-7634.843,True,True
HONDURAS,HONDURAS,2021-04-25,climate,poisson,briere,3,1.0,seir,-7268.053,True,True
HONDURAS,HONDURAS,2021-04-25,climate,poisson,briere,3,0.75,hostvector,-3764.401,True,True
HONDURAS,HONDURAS,2021-04-25,climate,poisson,briere,3,0.75,seir,-3677.507,True,True
HONDURAS,HONDURAS,2021-04-25,climate,poisson,briere,5,1.0,hostvector,-5159.985,True,True
HONDURAS,HONDURAS,2021-04-25,climate,poisson,briere,5,1.0,seir,-4684.529,True,True
HONDURAS,HONDURAS,2021-04-25,climate,poisson,briere,5,0.75,hostvector,-1788.452,True,True
HONDURAS,HONDURAS,2021-04-25,climate,poisson,briere,5,0.75,seir,-1720.879,True,True
HONDURAS,HONDURAS,2021-04-25,climate,poisson,briere,7,1.0,hostvector,-1977.942,True,True
HONDURAS,HONDURAS,2021-04-25,climate,poisson,briere,7,1.0,seir,-2192.963,True,True
HONDURAS,HONDURAS,2021-04-25,climate,poisson,briere,7,0.75,hostvector,-885.48,True,True
HONDURAS,HONDURAS,2021-04-25,climate,poisson,briere,7,0.75,seir,-843.205,True,True
HONDURAS,HONDURAS,2021-04-25,climate,poisson,loglinear,3,1.0,hostvector,-7683.005,True,True
HONDURAS,HONDURAS,2021-04-25,climate,poisson,loglinear,3,1.0,seir,-7300.161,True,True
HONDURAS,HONDURAS,2021-04-25,climate,poisson,loglinear,3,0.75,hostvector,-3845.01,True,True
HONDURAS,HONDURAS,2021-04-25,climate,poisson,loglinear,3,0.75,seir,-3771.636,True,True
HONDURAS,HONDURAS,2021-04-25,climate,poisson,loglinear,5,1.0,hostvector,-5203.468,True,True
HONDURAS,HONDURAS,2021-04-25,climate,poisson,loglinear,5,1.0,seir,-4490.855,True,True
HONDURAS,HONDURAS,2021-04-25,climate,poisson,loglinear,5,0.75,hostvector,-1622.088,True,True
HONDURAS,HONDURAS,2021-04-25,climate,poisson,loglinear,5,0.75,seir,-1508.345,True,True
HONDURAS,HONDURAS,2021-04-25,climate,poisson,loglinear,7,1.0,hostvector,1367519.891,False,False
HONDURAS,HONDURAS,2021-04-25,climate,poisson,loglinear,7,1.0,seir,-1693.234,True,True
HONDURAS,HONDURAS,2021-04-25,climate,poisson,loglinear,7,0.75,hostvector,-735.78,True,True
HONDURAS,HONDURAS,2021-04-25,climate,poisson,loglinear,7,0.75,seir,-692.557,True,True
JAMAICA,JAMAICA,2019-06-09,no_effect,nb,briere,3,1.0,hostvector,3.35,False,False
JAMAICA,JAMAICA,2019-06-09,no_effect,nb,briere,3,1.0,seir,3.592,False,False
JAMAICA,JAMAICA,2019-06-09,no_effect,nb,briere,3,0.75,hostvector,1.791,False,False
JAMAICA,JAMAICA,2019-06-09,no_effect,nb,briere,3,0.75,seir,1.995,False,False
JAMAICA,JAMAICA,2019-06-09,no_effect,nb,briere,5,1.0,hostvector,3.974,False,False
JAMAICA,JAMAICA,2019-06-09,no_effect,nb,briere,5,1.0,seir,3.838,False,False
JAMAICA,JAMAICA,2019-06-09,no_effect,nb,briere,5,0.75,hostvector,1.757,False,False
JAMAICA,JAMAICA,2019-06-09,no_effect,nb,briere,5,0.75,seir,1.776,False,False
JAMAICA,JAMAICA,2019-06-09,no_effect,nb,briere,7,1.0,hostvector,2.803,False,False
JAMAICA,JAMAICA,2019-06-09,no_effect,nb,briere,7,1.0,seir,2.881,False,False
JAMAICA,JAMAICA,2019-06-09,no_effect,nb,briere,7,0.75,hostvector,2.629,False,False
JAMAICA,JAMAICA,2019-06-09,no_effect,nb,briere,7,0.75,seir,2.979,False,False
JAMAICA,JAMAICA,2019-06-09,no_effect,nb,loglinear,3,1.0,hostvector,3.068,False,False
JAMAICA,JAMAICA,2019-06-09,no_effect,nb,loglinear,3,1.0,seir,3.078,False,False
JAMAICA,JAMAICA,2019-06-09,no_effect,nb,loglinear,3,0.75,hostvector,1.793,False,False
JAMAICA,JAMAICA,2019-06-09,no_effect,nb,loglinear,3,0.75,seir,1.968,False,False
JAMAICA,JAMAICA,2019-06-09,no_effect,nb,loglinear,5,1.0,hostvector,3.902,False,False
JAMAICA,JAMAICA,2019-06-09,no_effect,nb,loglinear,5,1.0,seir,3.57,False,False
JAMAICA,JAMAICA,2019-06-09,no_effect,nb,loglinear,5,0.75,hostvector,-0.345,True,False
JAMAICA,JAMAICA,2019-06-09,no_effect,nb,loglinear,5,0.75,seir,1.038,False,False
JAMAICA,JAMAICA,2019-06-09,no_effect,nb,loglinear,7,1.0,hostvector,2.739,False,False
JAMAICA,JAMAICA,2019-06-09,no_effect,nb,loglinear,7,1.0,seir,2.854,False,False
JAMAICA,JAMAICA,2019-06-09,no_effect,nb,loglinear,7,0.75,hostvector,2.816,False,False
JAMAICA,JAMAICA,2019-06-09,no_effect,nb,loglinear,7,0.75,seir,3.072,False,False
JAMAICA,JAMAICA,2019-06-09,no_effect,poisson,briere,3,1.0,hostvector,-184.011,True,True
JAMAICA,JAMAICA,2019-06-09,no_effect,poisson,briere,3,1.0,seir,-131.999,True,True
JAMAICA,JAMAICA,2019-06-09,no_effect,poisson,briere,3,0.75,hostvector,-338.93,True,True
JAMAICA,JAMAICA,2019-06-09,no_effect,poisson,briere,3,0.75,seir,-281.932,True,True
JAMAICA,JAMAICA,2019-06-09,no_effect,poisson,briere,5,1.0,hostvector,-24.232,True,True
JAMAICA,JAMAICA,2019-06-09,no_effect,poisson,briere,5,1.0,seir,-84.568,True,True
JAMAICA,JAMAICA,2019-06-09,no_effect,poisson,briere,5,0.75,hostvector,-83.527,True,True
JAMAICA,JAMAICA,2019-06-09,no_effect,poisson,briere,5,0.75,seir,-62.418,True,True
JAMAICA,JAMAICA,2019-06-09,no_effect,poisson,briere,7,1.0,hostvector,-343.644,True,True
JAMAICA,JAMAICA,2019-06-09,no_effect,poisson,briere,7,1.0,seir,-348.175,True,True
JAMAICA,JAMAICA,2019-06-09,no_effect,poisson,briere,7,0.75,hostvector,-104.899,True,True
JAMAICA,JAMAICA,2019-06-09,no_effect,poisson,briere,7,0.75,seir,-112.711,True,True
JAMAICA,JAMAICA,2019-06-09,no_effect,poisson,loglinear,3,1.0,hostvector,-396.748,True,True
JAMAICA,JAMAICA,2019-06-09,no_effect,poisson,loglinear,3,1.0,seir,-237.09,True,True
JAMAICA,JAMAICA,2019-06-09,no_effect,poisson,loglinear,3,0.75,hostvector,-321.7,True,True
JAMAICA,JAMAICA,2019-06-09,no_effect,poisson,loglinear,3,0.75,seir,-528.029,True,True
JAMAICA,JAMAICA,2019-06-09,no_effect,poisson,loglinear,5,1.0,hostvector,-27.761,True,True
JAMAICA,JAMAICA,2019-06-09,no_effect,poisson,loglinear,5,1.0,seir,-96.673,True,True
JAMAICA,JAMAICA,2019-06-09,no_effect,poisson,loglinear,5,0.75,hostvector,-670.652,True,True
JAMAICA,JAMAICA,2019-06-09,no_effect,poisson,loglinear,5,0.75,seir,-144.947,True,True
JAMAICA,JAMAICA,2019-06-09,no_effect,poisson,loglinear,7,1.0,hostvector,-334.859,True,True
JAMAICA,JAMAICA,2019-06-09,no_effect,poisson,loglinear,7,1.0,seir,-338.071,True,True
JAMAICA,JAMAICA,2019-06-09,no_effect,poisson,loglinear,7,0.75,hostvector,-86.946,True,True
JAMAICA,JAMAICA,2019-06-09,no_effect,poisson,loglinear,7,0.75,seir,-96.193,True,True
JAMAICA,JAMAICA,2019-06-09,climate,nb,briere,3,1.0,hostvector,-7.453,True,True
JAMAICA,JAMAICA,2019-06-09,climate,nb,briere,3,1.0,seir,-8.042,True,True
JAMAICA,JAMAICA,2019-06-09,climate,nb,briere,3,0.75,hostvector,3.98,False,False
JAMAICA,JAMAICA,2019-06-09,climate,nb,briere,3,0.75,seir,3.997,False,False
JAMAICA,JAMAICA,2019-06-09,climate,nb,briere,5,1.0,hostvector,-10.725,True,True
JAMAICA,JAMAICA,2019-06-09,climate,nb,briere,5,1.0,seir,-9.885,True,True
JAMAICA,JAMAICA,2019-06-09,climate,nb,briere,5,0.75,hostvector,4.0,False,False
JAMAICA,JAMAICA,2019-06-09,climate,nb,briere,5,0.75,seir,3.994,False,False
JAMAICA,JAMAICA,2019-06-09,climate,nb,briere,7,1.0,hostvector,-2.994,True,False
JAMAICA,JAMAICA,2019-06-09,climate,nb,briere,7,1.0,seir,3.877,False,False
JAMAICA,JAMAICA,2019-06-09,climate,nb,briere,7,0.75,hostvector,3.672,False,False
JAMAICA,JAMAICA,2019-06-09,climate,nb,briere,7,0.75,seir,3.733,False,False
JAMAICA,JAMAICA,2019-06-09,climate,nb,loglinear,3,1.0,hostvector,-12.18,True,True
JAMAICA,JAMAICA,2019-06-09,climate,nb,loglinear,3,1.0,seir,-12.296,True,True
JAMAICA,JAMAICA,2019-06-09,climate,nb,loglinear,3,0.75,hostvector,2.811,False,False
JAMAICA,JAMAICA,2019-06-09,climate,nb,loglinear,3,0.75,seir,2.543,False,False
JAMAICA,JAMAICA,2019-06-09,climate,nb,loglinear,5,1.0,hostvector,-12.27,True,True
JAMAICA,JAMAICA,2019-06-09,climate,nb,loglinear,5,1.0,seir,-11.74,True,True
JAMAICA,JAMAICA,2019-06-09,climate,nb,loglinear,5,0.75,hostvector,3.075,False,False
JAMAICA,JAMAICA,2019-06-09,climate,nb,loglinear,5,0.75,seir,2.707,False,False
JAMAICA,JAMAICA,2019-06-09,climate,nb,loglinear,7,1.0,hostvector,-12.335,True,True
JAMAICA,JAMAICA,2019-06-09,climate,nb,loglinear,7,1.0,seir,-12.042,True,True
JAMAICA,JAMAICA,2019-06-09,climate,nb,loglinear,7,0.75,hostvector,3.641,False,False
JAMAICA,JAMAICA,2019-06-09,climate,nb,loglinear,7,0.75,seir,3.608,False,False
JAMAICA,JAMAICA,2019-06-09,climate,poisson,briere,3,1.0,hostvector,-2436.695,True,True
JAMAICA,JAMAICA,2019-06-09,climate,poisson,briere,3,1.0,seir,-2599.588,True,True
JAMAICA,JAMAICA,2019-06-09,climate,poisson,briere,3,0.75,hostvector,-0.741,True,False
JAMAICA,JAMAICA,2019-06-09,climate,poisson,briere,3,0.75,seir,3.458,False,False
JAMAICA,JAMAICA,2019-06-09,climate,poisson,briere,5,1.0,hostvector,-3862.746,True,True
JAMAICA,JAMAICA,2019-06-09,climate,poisson,briere,5,1.0,seir,-3792.742,True,True
JAMAICA,JAMAICA,2019-06-09,climate,poisson,briere,5,0.75,hostvector,3.515,False,False
JAMAICA,JAMAICA,2019-06-09,climate,poisson,briere,5,0.75,seir,3.77,False,False
JAMAICA,JAMAICA,2019-06-09,climate,poisson,briere,7,1.0,hostvector,-2829.543,True,True
JAMAICA,JAMAICA,2019-06-09,climate,poisson,briere,7,1.0,seir,-2606.68,True,True
JAMAICA,JAMAICA,2019-06-09,climate,poisson,briere,7,0.75,hostvector,-10.323,True,True
JAMAICA,JAMAICA,2019-06-09,climate,poisson,briere,7,0.75,seir,-12.485,True,True
JAMAICA,JAMAICA,2019-06-09,climate,poisson,loglinear,3,1.0,hostvector,-3392.94,True,True
JAMAICA,JAMAICA,2019-06-09,climate,poisson,loglinear,3,1.0,seir,-3509.204,True,True
JAMAICA,JAMAICA,2019-06-09,climate,poisson,loglinear,3,0.75,hostvector,-59.812,True,True
JAMAICA,JAMAICA,2019-06-09,climate,poisson,loglinear,3,0.75,seir,-63.003,True,True
JAMAICA,JAMAICA,2019-06-09,climate,poisson,loglinear,5,1.0,hostvector,-3871.089,True,True
JAMAICA,JAMAICA,2019-06-09,climate,poisson,loglinear,5,1.0,seir,-3801.312,True,True
JAMAICA,JAMAICA,2019-06-09,climate,poisson,loglinear,5,0.75,hostvector,-25.585,True,True
JAMAICA,JAMAICA,2019-06-09,climate,poisson,loglinear,5,0.75,seir,-31.384,True,True
JAMAICA,JAMAICA,2019-06-09,climate,poisson,loglinear,7,1.0,hostvector,-3479.926,True,True
JAMAICA,JAMAICA,2019-06-09,climate,poisson,loglinear,7,1.0,seir,-3570.152,True,True
JAMAICA,JAMAICA,2019-06-09,climate,poisson,loglinear,7,0.75,hostvector,-11.015,True,True
JAMAICA,JAMAICA,2019-06-09,climate,poisson,loglinear,7,0.75,seir,-13.534,True,True
LAO PEOPLE'S DEMOCRATIC REPUBLIC,LAO PEOPLE'S DEMOCRATIC REPUBLIC,2018-03-25,no_effect,nb,briere,3,1.0,hostvector,3.65,False,False
LAO PEOPLE'S DEMOCRATIC REPUBLIC,LAO PEOPLE'S DEMOCRATIC REPUBLIC,2018-03-25,no_effect,nb,briere,3,1.0,seir,3.583,False,False
LAO PEOPLE'S DEMOCRATIC REPUBLIC,LAO PEOPLE'S DEMOCRATIC REPUBLIC,2018-03-25,no_effect,nb,briere,3,0.75,hostvector,3.948,False,False
LAO PEOPLE'S DEMOCRATIC REPUBLIC,LAO PEOPLE'S DEMOCRATIC REPUBLIC,2018-03-25,no_effect,nb,briere,3,0.75,seir,3.88,False,False
LAO PEOPLE'S DEMOCRATIC REPUBLIC,LAO PEOPLE'S DEMOCRATIC REPUBLIC,2018-03-25,no_effect,nb,briere,5,1.0,hostvector,3.65,False,False
LAO PEOPLE'S DEMOCRATIC REPUBLIC,LAO PEOPLE'S DEMOCRATIC REPUBLIC,2018-03-25,no_effect,nb,briere,5,1.0,seir,3.621,False,False
LAO PEOPLE'S DEMOCRATIC REPUBLIC,LAO PEOPLE'S DEMOCRATIC REPUBLIC,2018-03-25,no_effect,nb,briere,5,0.75,hostvector,3.899,False,False
LAO PEOPLE'S DEMOCRATIC REPUBLIC,LAO PEOPLE'S DEMOCRATIC REPUBLIC,2018-03-25,no_effect,nb,briere,5,0.75,seir,3.913,False,False
LAO PEOPLE'S DEMOCRATIC REPUBLIC,LAO PEOPLE'S DEMOCRATIC REPUBLIC,2018-03-25,no_effect,nb,briere,7,1.0,hostvector,3.633,False,False
LAO PEOPLE'S DEMOCRATIC REPUBLIC,LAO PEOPLE'S DEMOCRATIC REPUBLIC,2018-03-25,no_effect,nb,briere,7,1.0,seir,3.542,False,False
LAO PEOPLE'S DEMOCRATIC REPUBLIC,LAO PEOPLE'S DEMOCRATIC REPUBLIC,2018-03-25,no_effect,nb,briere,7,0.75,hostvector,3.963,False,False
LAO PEOPLE'S DEMOCRATIC REPUBLIC,LAO PEOPLE'S DEMOCRATIC REPUBLIC,2018-03-25,no_effect,nb,briere,7,0.75,seir,3.91,False,False
LAO PEOPLE'S DEMOCRATIC REPUBLIC,LAO PEOPLE'S DEMOCRATIC REPUBLIC,2018-03-25,no_effect,nb,loglinear,3,1.0,hostvector,3.742,False,False
LAO PEOPLE'S DEMOCRATIC REPUBLIC,LAO PEOPLE'S DEMOCRATIC REPUBLIC,2018-03-25,no_effect,nb,loglinear,3,1.0,seir,3.695,False,False
LAO PEOPLE'S DEMOCRATIC REPUBLIC,LAO PEOPLE'S DEMOCRATIC REPUBLIC,2018-03-25,no_effect,nb,loglinear,3,0.75,hostvector,3.965,False,False
LAO PEOPLE'S DEMOCRATIC REPUBLIC,LAO PEOPLE'S DEMOCRATIC REPUBLIC,2018-03-25,no_effect,nb,loglinear,3,0.75,seir,3.897,False,False
LAO PEOPLE'S DEMOCRATIC REPUBLIC,LAO PEOPLE'S DEMOCRATIC REPUBLIC,2018-03-25,no_effect,nb,loglinear,5,1.0,hostvector,3.737,False,False
LAO PEOPLE'S DEMOCRATIC REPUBLIC,LAO PEOPLE'S DEMOCRATIC REPUBLIC,2018-03-25,no_effect,nb,loglinear,5,1.0,seir,3.731,False,False
LAO PEOPLE'S DEMOCRATIC REPUBLIC,LAO PEOPLE'S DEMOCRATIC REPUBLIC,2018-03-25,no_effect,nb,loglinear,5,0.75,hostvector,3.917,False,False
LAO PEOPLE'S DEMOCRATIC REPUBLIC,LAO PEOPLE'S DEMOCRATIC REPUBLIC,2018-03-25,no_effect,nb,loglinear,5,0.75,seir,3.933,False,False
LAO PEOPLE'S DEMOCRATIC REPUBLIC,LAO PEOPLE'S DEMOCRATIC REPUBLIC,2018-03-25,no_effect,nb,loglinear,7,1.0,hostvector,3.76,False,False
LAO PEOPLE'S DEMOCRATIC REPUBLIC,LAO PEOPLE'S DEMOCRATIC REPUBLIC,2018-03-25,no_effect,nb,loglinear,7,1.0,seir,3.696,False,False
LAO PEOPLE'S DEMOCRATIC REPUBLIC,LAO PEOPLE'S DEMOCRATIC REPUBLIC,2018-03-25,no_effect,nb,loglinear,7,0.75,hostvector,3.981,False,False
LAO PEOPLE'S DEMOCRATIC REPUBLIC,LAO PEOPLE'S DEMOCRATIC REPUBLIC,2018-03-25,no_effect,nb,loglinear,7,0.75,seir,3.929,False,False
LAO PEOPLE'S DEMOCRATIC REPUBLIC,LAO PEOPLE'S DEMOCRATIC REPUBLIC,2018-03-25,no_effect,poisson,briere,3,1.0,hostvector,-3.974,True,False
LAO PEOPLE'S DEMOCRATIC REPUBLIC,LAO PEOPLE'S DEMOCRATIC REPUBLIC,2018-03-25,no_effect,poisson,briere,3,1.0,seir,1.035,False,False
LAO PEOPLE'S DEMOCRATIC REPUBLIC,LAO PEOPLE'S DEMOCRATIC REPUBLIC,2018-03-25,no_effect,poisson,briere,3,0.75,hostvector,-6.401,True,True
LAO PEOPLE'S DEMOCRATIC REPUBLIC,LAO PEOPLE'S DEMOCRATIC REPUBLIC,2018-03-25,no_effect,poisson,briere,3,0.75,seir,-0.818,True,False
LAO PEOPLE'S DEMOCRATIC REPUBLIC,LAO PEOPLE'S DEMOCRATIC REPUBLIC,2018-03-25,no_effect,poisson,briere,5,1.0,hostvector,-5.71,True,True
LAO PEOPLE'S DEMOCRATIC REPUBLIC,LAO PEOPLE'S DEMOCRATIC REPUBLIC,2018-03-25,no_effect,poisson,briere,5,1.0,seir,0.511,False,False
LAO PEOPLE'S DEMOCRATIC REPUBLIC,LAO PEOPLE'S DEMOCRATIC REPUBLIC,2018-03-25,no_effect,poisson,briere,5,0.75,hostvector,-14.536,True,True
LAO PEOPLE'S DEMOCRATIC REPUBLIC,LAO PEOPLE'S DEMOCRATIC REPUBLIC,2018-03-25,no_effect,poisson,briere,5,0.75,seir,-5.531,True,True
LAO PEOPLE'S DEMOCRATIC REPUBLIC,LAO PEOPLE'S DEMOCRATIC REPUBLIC,2018-03-25,no_effect,poisson,briere,7,1.0,hostvector,-0.566,True,False
LAO PEOPLE'S DEMOCRATIC REPUBLIC,LAO PEOPLE'S DEMOCRATIC REPUBLIC,2018-03-25,no_effect,poisson,briere,7,1.0,seir,1.068,False,False
LAO PEOPLE'S DEMOCRATIC REPUBLIC,LAO PEOPLE'S DEMOCRATIC REPUBLIC,2018-03-25,no_effect,poisson,briere,7,0.75,hostvector,1.05,False,False
LAO PEOPLE'S DEMOCRATIC REPUBLIC,LAO PEOPLE'S DEMOCRATIC REPUBLIC,2018-03-25,no_effect,poisson,briere,7,0.75,seir,3.272,False,False
LAO PEOPLE'S DEMOCRATIC REPUBLIC,LAO PEOPLE'S DEMOCRATIC REPUBLIC,2018-03-25,no_effect,poisson,loglinear,3,1.0,hostvector,-4.247,True,True
LAO PEOPLE'S DEMOCRATIC REPUBLIC,LAO PEOPLE'S DEMOCRATIC REPUBLIC,2018-03-25,no_effect,poisson,loglinear,3,1.0,seir,1.403,False,False
LAO PEOPLE'S DEMOCRATIC REPUBLIC,LAO PEOPLE'S DEMOCRATIC REPUBLIC,2018-03-25,no_effect,poisson,loglinear,3,0.75,hostvector,-7.767,True,True
LAO PEOPLE'S DEMOCRATIC REPUBLIC,LAO PEOPLE'S DEMOCRATIC REPUBLIC,2018-03-25,no_effect,poisson,loglinear,3,0.75,seir,-2.002,True,False
LAO PEOPLE'S DEMOCRATIC REPUBLIC,LAO PEOPLE'S DEMOCRATIC REPUBLIC,2018-03-25,no_effect,poisson,loglinear,5,1.0,hostvector,-7.076,True,True
LAO PEOPLE'S DEMOCRATIC REPUBLIC,LAO PEOPLE'S DEMOCRATIC REPUBLIC,2018-03-25,no_effect,poisson,loglinear,5,1.0,seir,0.182,False,False
LAO PEOPLE'S DEMOCRATIC REPUBLIC,LAO PEOPLE'S DEMOCRATIC REPUBLIC,2018-03-25,no_effect,poisson,loglinear,5,0.75,hostvector,-14.691,True,True
LAO PEOPLE'S DEMOCRATIC REPUBLIC,LAO PEOPLE'S DEMOCRATIC REPUBLIC,2018-03-25,no_effect,poisson,loglinear,5,0.75,seir,-5.76,True,True
LAO PEOPLE'S DEMOCRATIC REPUBLIC,LAO PEOPLE'S DEMOCRATIC REPUBLIC,2018-03-25,no_effect,poisson,loglinear,7,1.0,hostvector,0.438,False,False
LAO PEOPLE'S DEMOCRATIC REPUBLIC,LAO PEOPLE'S DEMOCRATIC REPUBLIC,2018-03-25,no_effect,poisson,loglinear,7,1.0,seir,3.172,False,False
LAO PEOPLE'S DEMOCRATIC REPUBLIC,LAO PEOPLE'S DEMOCRATIC REPUBLIC,2018-03-25,no_effect,poisson,loglinear,7,0.75,hostvector,-1.233,True,False
LAO PEOPLE'S DEMOCRATIC REPUBLIC,LAO PEOPLE'S DEMOCRATIC REPUBLIC,2018-03-25,no_effect,poisson,loglinear,7,0.75,seir,0.936,False,False
LAO PEOPLE'S DEMOCRATIC REPUBLIC,LAO PEOPLE'S DEMOCRATIC REPUBLIC,2018-03-25,climate,nb,briere,3,1.0,hostvector,-51.86,True,True
LAO PEOPLE'S DEMOCRATIC REPUBLIC,LAO PEOPLE'S DEMOCRATIC REPUBLIC,2018-03-25,climate,nb,briere,3,1.0,seir,-39.344,True,True
LAO PEOPLE'S DEMOCRATIC REPUBLIC,LAO PEOPLE'S DEMOCRATIC REPUBLIC,2018-03-25,climate,nb,briere,3,0.75,hostvector,-23.122,True,True
LAO PEOPLE'S DEMOCRATIC REPUBLIC,LAO PEOPLE'S DEMOCRATIC REPUBLIC,2018-03-25,climate,nb,briere,3,0.75,seir,-17.183,True,True
LAO PEOPLE'S DEMOCRATIC REPUBLIC,LAO PEOPLE'S DEMOCRATIC REPUBLIC,2018-03-25,climate,nb,briere,5,1.0,hostvector,-48.546,True,True
LAO PEOPLE'S DEMOCRATIC REPUBLIC,LAO PEOPLE'S DEMOCRATIC REPUBLIC,2018-03-25,climate,nb,briere,5,1.0,seir,-37.036,True,True
LAO PEOPLE'S DEMOCRATIC REPUBLIC,LAO PEOPLE'S DEMOCRATIC REPUBLIC,2018-03-25,climate,nb,briere,5,0.75,hostvector,-19.056,True,True
LAO PEOPLE'S DEMOCRATIC REPUBLIC,LAO PEOPLE'S DEMOCRATIC REPUBLIC,2018-03-25,climate,nb,briere,5,0.75,seir,-14.346,True,True
LAO PEOPLE'S DEMOCRATIC REPUBLIC,LAO PEOPLE'S DEMOCRATIC REPUBLIC,2018-03-25,climate,nb,briere,7,1.0,hostvector,-45.801,True,True
LAO PEOPLE'S DEMOCRATIC REPUBLIC,LAO PEOPLE'S DEMOCRATIC REPUBLIC,2018-03-25,climate,nb,briere,7,1.0,seir,-35.147,True,True
LAO PEOPLE'S DEMOCRATIC REPUBLIC,LAO PEOPLE'S DEMOCRATIC REPUBLIC,2018-03-25,climate,nb,briere,7,0.75,hostvector,-16.014,True,True
LAO PEOPLE'S DEMOCRATIC REPUBLIC,LAO PEOPLE'S DEMOCRATIC REPUBLIC,2018-03-25,climate,nb,briere,7,0.75,seir,-12.465,True,True
LAO PEOPLE'S DEMOCRATIC REPUBLIC,LAO PEOPLE'S DEMOCRATIC REPUBLIC,2018-03-25,climate,nb,loglinear,3,1.0,hostvector,-51.893,True,True
LAO PEOPLE'S DEMOCRATIC REPUBLIC,LAO PEOPLE'S DEMOCRATIC REPUBLIC,2018-03-25,climate,nb,loglinear,3,1.0,seir,-39.53,True,True
LAO PEOPLE'S DEMOCRATIC REPUBLIC,LAO PEOPLE'S DEMOCRATIC REPUBLIC,2018-03-25,climate,nb,loglinear,3,0.75,hostvector,-23.264,True,True
LAO PEOPLE'S DEMOCRATIC REPUBLIC,LAO PEOPLE'S DEMOCRATIC REPUBLIC,2018-03-25,climate,nb,loglinear,3,0.75,seir,-17.229,True,True
LAO PEOPLE'S DEMOCRATIC REPUBLIC,LAO PEOPLE'S DEMOCRATIC REPUBLIC,2018-03-25,climate,nb,loglinear,5,1.0,hostvector,-48.585,True,True
LAO PEOPLE'S DEMOCRATIC REPUBLIC,LAO PEOPLE'S DEMOCRATIC REPUBLIC,2018-03-25,climate,nb,loglinear,5,1.0,seir,45.329,False,False
LAO PEOPLE'S DEMOCRATIC REPUBLIC,LAO PEOPLE'S DEMOCRATIC REPUBLIC,2018-03-25,climate,nb,loglinear,5,0.75,hostvector,-19.014,True,True
LAO PEOPLE'S DEMOCRATIC REPUBLIC,LAO PEOPLE'S DEMOCRATIC REPUBLIC,2018-03-25,climate,nb,loglinear,5,0.75,seir,-14.289,True,True
LAO PEOPLE'S DEMOCRATIC REPUBLIC,LAO PEOPLE'S DEMOCRATIC REPUBLIC,2018-03-25,climate,nb,loglinear,7,1.0,hostvector,-45.825,True,True
LAO PEOPLE'S DEMOCRATIC REPUBLIC,LAO PEOPLE'S DEMOCRATIC REPUBLIC,2018-03-25,climate,nb,loglinear,7,1.0,seir,-35.161,True,True
LAO PEOPLE'S DEMOCRATIC REPUBLIC,LAO PEOPLE'S DEMOCRATIC REPUBLIC,2018-03-25,climate,nb,loglinear,7,0.75,hostvector,-15.802,True,True
LAO PEOPLE'S DEMOCRATIC REPUBLIC,LAO PEOPLE'S DEMOCRATIC REPUBLIC,2018-03-25,climate,nb,loglinear,7,0.75,seir,-12.202,True,True
LAO PEOPLE'S DEMOCRATIC REPUBLIC,LAO PEOPLE'S DEMOCRATIC REPUBLIC,2018-03-25,climate,poisson,briere,3,1.0,hostvector,-1255.97,True,True
LAO PEOPLE'S DEMOCRATIC REPUBLIC,LAO PEOPLE'S DEMOCRATIC REPUBLIC,2018-03-25,climate,poisson,briere,3,1.0,seir,-1081.907,True,True
LAO PEOPLE'S DEMOCRATIC REPUBLIC,LAO PEOPLE'S DEMOCRATIC REPUBLIC,2018-03-25,climate,poisson,briere,3,0.75,hostvector,-1160.991,True,True
LAO PEOPLE'S DEMOCRATIC REPUBLIC,LAO PEOPLE'S DEMOCRATIC REPUBLIC,2018-03-25,climate,poisson,briere,3,0.75,seir,-1011.748,True,True
LAO PEOPLE'S DEMOCRATIC REPUBLIC,LAO PEOPLE'S DEMOCRATIC REPUBLIC,2018-03-25,climate,poisson,briere,5,1.0,hostvector,-458.174,True,True
LAO PEOPLE'S DEMOCRATIC REPUBLIC,LAO PEOPLE'S DEMOCRATIC REPUBLIC,2018-03-25,climate,poisson,briere,5,1.0,seir,-314.727,True,True
LAO PEOPLE'S DEMOCRATIC REPUBLIC,LAO PEOPLE'S DEMOCRATIC REPUBLIC,2018-03-25,climate,poisson,briere,5,0.75,hostvector,-334.266,True,True
LAO PEOPLE'S DEMOCRATIC REPUBLIC,LAO PEOPLE'S DEMOCRATIC REPUBLIC,2018-03-25,climate,poisson,briere,5,0.75,seir,-212.43,True,True
LAO PEOPLE'S DEMOCRATIC REPUBLIC,LAO PEOPLE'S DEMOCRATIC REPUBLIC,2018-03-25,climate,poisson,briere,7,1.0,hostvector,-257.025,True,True
LAO PEOPLE'S DEMOCRATIC REPUBLIC,LAO PEOPLE'S DEMOCRATIC REPUBLIC,2018-03-25,climate,poisson,briere,7,1.0,seir,-187.658,True,True
LAO PEOPLE'S DEMOCRATIC REPUBLIC,LAO PEOPLE'S DEMOCRATIC REPUBLIC,2018-03-25,climate,poisson,briere,7,0.75,hostvector,-157.463,True,True
LAO PEOPLE'S DEMOCRATIC REPUBLIC,LAO PEOPLE'S DEMOCRATIC REPUBLIC,2018-03-25,climate,poisson,briere,7,0.75,seir,-110.831,True,True
LAO PEOPLE'S DEMOCRATIC REPUBLIC,LAO PEOPLE'S DEMOCRATIC REPUBLIC,2018-03-25,climate,poisson,loglinear,3,1.0,hostvector,-1260.113,True,True
LAO PEOPLE'S DEMOCRATIC REPUBLIC,LAO PEOPLE'S DEMOCRATIC REPUBLIC,2018-03-25,climate,poisson,loglinear,3,1.0,seir,-1083.107,True,True
LAO PEOPLE'S DEMOCRATIC REPUBLIC,LAO PEOPLE'S DEMOCRATIC REPUBLIC,2018-03-25,climate,poisson,loglinear,3,0.75,hostvector,-1169.731,True,True
LAO PEOPLE'S DEMOCRATIC REPUBLIC,LAO PEOPLE'S DEMOCRATIC REPUBLIC,2018-03-25,climate,poisson,loglinear,3,0.75,seir,-1015.284,True,True
LAO PEOPLE'S DEMOCRATIC REPUBLIC,LAO PEOPLE'S DEMOCRATIC REPUBLIC,2018-03-25,climate,poisson,loglinear,5,1.0,hostvector,-539.662,True,True
LAO PEOPLE'S DEMOCRATIC REPUBLIC,LAO PEOPLE'S DEMOCRATIC REPUBLIC,2018-03-25,climate,poisson,loglinear,5,1.0,seir,-428.701,True,True
LAO PEOPLE'S DEMOCRATIC REPUBLIC,LAO PEOPLE'S DEMOCRATIC REPUBLIC,2018-03-25,climate,poisson,loglinear,5,0.75,hostvector,-469.902,True,True
LAO PEOPLE'S DEMOCRATIC REPUBLIC,LAO PEOPLE'S DEMOCRATIC REPUBLIC,2018-03-25,climate,poisson,loglinear,5,0.75,seir,-417.928,True,True
LAO PEOPLE'S DEMOCRATIC REPUBLIC,LAO PEOPLE'S DEMOCRATIC REPUBLIC,2018-03-25,climate,poisson,loglinear,7,1.0,hostvector,-334.218,True,True
LAO PEOPLE'S DEMOCRATIC REPUBLIC,LAO PEOPLE'S DEMOCRATIC REPUBLIC,2018-03-25,climate,poisson,loglinear,7,1.0,seir,-268.233,True,True
LAO PEOPLE'S DEMOCRATIC REPUBLIC,LAO PEOPLE'S DEMOCRATIC REPUBLIC,2018-03-25,climate,poisson,loglinear,7,0.75,hostvector,-424.023,True,True
LAO PEOPLE'S DEMOCRATIC REPUBLIC,LAO PEOPLE'S DEMOCRATIC REPUBLIC,2018-03-25,climate,poisson,loglinear,7,0.75,seir,-424.369,True,True
LAO PEOPLE'S DEMOCRATIC REPUBLIC,LAO PEOPLE'S DEMOCRATIC REPUBLIC,2020-03-15,no_effect,nb,briere,3,1.0,hostvector,2.768,False,False
LAO PEOPLE'S DEMOCRATIC REPUBLIC,LAO PEOPLE'S DEMOCRATIC REPUBLIC,2020-03-15,no_effect,nb,briere,3,1.0,seir,2.022,False,False
LAO PEOPLE'S DEMOCRATIC REPUBLIC,LAO PEOPLE'S DEMOCRATIC REPUBLIC,2020-03-15,no_effect,nb,briere,3,0.75,hostvector,3.567,False,False
LAO PEOPLE'S DEMOCRATIC REPUBLIC,LAO PEOPLE'S DEMOCRATIC REPUBLIC,2020-03-15,no_effect,nb,briere,3,0.75,seir,3.022,False,False
LAO PEOPLE'S DEMOCRATIC REPUBLIC,LAO PEOPLE'S DEMOCRATIC REPUBLIC,2020-03-15,no_effect,nb,briere,5,1.0,hostvector,3.696,False,False
LAO PEOPLE'S DEMOCRATIC REPUBLIC,LAO PEOPLE'S DEMOCRATIC REPUBLIC,2020-03-15,no_effect,nb,briere,5,1.0,seir,3.506,False,False
LAO PEOPLE'S DEMOCRATIC REPUBLIC,LAO PEOPLE'S DEMOCRATIC REPUBLIC,2020-03-15,no_effect,nb,briere,5,0.75,hostvector,3.735,False,False
LAO PEOPLE'S DEMOCRATIC REPUBLIC,LAO PEOPLE'S DEMOCRATIC REPUBLIC,2020-03-15,no_effect,nb,briere,5,0.75,seir,3.768,False,False
LAO PEOPLE'S DEMOCRATIC REPUBLIC,LAO PEOPLE'S DEMOCRATIC REPUBLIC,2020-03-15,no_effect,nb,briere,7,1.0,hostvector,3.855,False,False
LAO PEOPLE'S DEMOCRATIC REPUBLIC,LAO PEOPLE'S DEMOCRATIC REPUBLIC,2020-03-15,no_effect,nb,briere,7,1.0,seir,3.976,False,False
LAO PEOPLE'S DEMOCRATIC REPUBLIC,LAO PEOPLE'S DEMOCRATIC REPUBLIC,2020-03-15,no_effect,nb,briere,7,0.75,hostvector,2.876,False,False
LAO PEOPLE'S DEMOCRATIC REPUBLIC,LAO PEOPLE'S DEMOCRATIC REPUBLIC,2020-03-15,no_effect,nb,briere,7,0.75,seir,3.157,False,False
LAO PEOPLE'S DEMOCRATIC REPUBLIC,LAO PEOPLE'S DEMOCRATIC REPUBLIC,2020-03-15,no_effect,nb,loglinear,3,1.0,hostvector,2.969,False,False
LAO PEOPLE'S DEMOCRATIC REPUBLIC,LAO PEOPLE'S DEMOCRATIC REPUBLIC,2020-03-15,no_effect,nb,loglinear,3,1.0,seir,2.234,False,False
LAO PEOPLE'S DEMOCRATIC REPUBLIC,LAO PEOPLE'S DEMOCRATIC REPUBLIC,2020-03-15,no_effect,nb,loglinear,3,0.75,hostvector,3.58,False,False
LAO PEOPLE'S DEMOCRATIC REPUBLIC,LAO PEOPLE'S DEMOCRATIC REPUBLIC,2020-03-15,no_effect,nb,loglinear,3,0.75,seir,3.026,False,False
LAO PEOPLE'S DEMOCRATIC REPUBLIC,LAO PEOPLE'S DEMOCRATIC REPUBLIC,2020-03-15,no_effect,nb,loglinear,5,1.0,hostvector,3.597,False,False
LAO PEOPLE'S DEMOCRATIC REPUBLIC,LAO PEOPLE'S DEMOCRATIC REPUBLIC,2020-03-15,no_effect,nb,loglinear,5,1.0,seir,3.371,False,False
LAO PEOPLE'S DEMOCRATIC REPUBLIC,LAO PEOPLE'S DEMOCRATIC REPUBLIC,2020-03-15,no_effect,nb,loglinear,5,0.75,hostvector,3.381,False,False
LAO PEOPLE'S DEMOCRATIC REPUBLIC,LAO PEOPLE'S DEMOCRATIC REPUBLIC,2020-03-15,no_effect,nb,loglinear,5,0.75,seir,3.313,False,False
LAO PEOPLE'S DEMOCRATIC REPUBLIC,LAO PEOPLE'S DEMOCRATIC REPUBLIC,2020-03-15,no_effect,nb,loglinear,7,1.0,hostvector,3.749,False,False
LAO PEOPLE'S DEMOCRATIC REPUBLIC,LAO PEOPLE'S DEMOCRATIC REPUBLIC,2020-03-15,no_effect,nb,loglinear,7,1.0,seir,3.847,False,False
LAO PEOPLE'S DEMOCRATIC REPUBLIC,LAO PEOPLE'S DEMOCRATIC REPUBLIC,2020-03-15,no_effect,nb,loglinear,7,0.75,hostvector,2.252,False,False
LAO PEOPLE'S DEMOCRATIC REPUBLIC,LAO PEOPLE'S DEMOCRATIC REPUBLIC,2020-03-15,no_effect,nb,loglinear,7,0.75,seir,2.4,False,False
LAO PEOPLE'S DEMOCRATIC REPUBLIC,LAO PEOPLE'S DEMOCRATIC REPUBLIC,2020-03-15,no_effect,poisson,briere,3,1.0,hostvector,-10.965,True,True
LAO PEOPLE'S DEMOCRATIC REPUBLIC,LAO PEOPLE'S DEMOCRATIC REPUBLIC,2020-03-15,no_effect,poisson,briere,3,1.0,seir,-19.673,True,True
LAO PEOPLE'S DEMOCRATIC REPUBLIC,LAO PEOPLE'S DEMOCRATIC REPUBLIC,2020-03-15,no_effect,poisson,briere,3,0.75,hostvector,-5.356,True,True
LAO PEOPLE'S DEMOCRATIC REPUBLIC,LAO PEOPLE'S DEMOCRATIC REPUBLIC,2020-03-15,no_effect,poisson,briere,3,0.75,seir,-10.017,True,True
LAO PEOPLE'S DEMOCRATIC REPUBLIC,LAO PEOPLE'S DEMOCRATIC REPUBLIC,2020-03-15,no_effect,poisson,briere,5,1.0,hostvector,3.945,False,False
LAO PEOPLE'S DEMOCRATIC REPUBLIC,LAO PEOPLE'S DEMOCRATIC REPUBLIC,2020-03-15,no_effect,poisson,briere,5,1.0,seir,3.066,False,False
LAO PEOPLE'S DEMOCRATIC REPUBLIC,LAO PEOPLE'S DEMOCRATIC REPUBLIC,2020-03-15,no_effect,poisson,briere,5,0.75,hostvector,-0.627,True,False
LAO PEOPLE'S DEMOCRATIC REPUBLIC,LAO PEOPLE'S DEMOCRATIC REPUBLIC,2020-03-15,no_effect,poisson,briere,5,0.75,seir,-0.544,True,False
LAO PEOPLE'S DEMOCRATIC REPUBLIC,LAO PEOPLE'S DEMOCRATIC REPUBLIC,2020-03-15,no_effect,poisson,briere,7,1.0,hostvector,2.226,False,False
LAO PEOPLE'S DEMOCRATIC REPUBLIC,LAO PEOPLE'S DEMOCRATIC REPUBLIC,2020-03-15,no_effect,poisson,briere,7,1.0,seir,3.553,False,False
LAO PEOPLE'S DEMOCRATIC REPUBLIC,LAO PEOPLE'S DEMOCRATIC REPUBLIC,2020-03-15,no_effect,poisson,briere,7,0.75,hostvector,-18.228,True,True
LAO PEOPLE'S DEMOCRATIC REPUBLIC,LAO PEOPLE'S DEMOCRATIC REPUBLIC,2020-03-15,no_effect,poisson,briere,7,0.75,seir,-18.284,True,True
LAO PEOPLE'S DEMOCRATIC REPUBLIC,LAO PEOPLE'S DEMOCRATIC REPUBLIC,2020-03-15,no_effect,poisson,loglinear,3,1.0,hostvector,-5.458,True,True
LAO PEOPLE'S DEMOCRATIC REPUBLIC,LAO PEOPLE'S DEMOCRATIC REPUBLIC,2020-03-15,no_effect,poisson,loglinear,3,1.0,seir,-13.258,True,True
LAO PEOPLE'S DEMOCRATIC REPUBLIC,LAO PEOPLE'S DEMOCRATIC REPUBLIC,2020-03-15,no_effect,poisson,loglinear,3,0.75,hostvector,-8.458,True,True
LAO PEOPLE'S DEMOCRATIC REPUBLIC,LAO PEOPLE'S DEMOCRATIC REPUBLIC,2020-03-15,no_effect,poisson,loglinear,3,0.75,seir,-11.836,True,True
LAO PEOPLE'S DEMOCRATIC REPUBLIC,LAO PEOPLE'S DEMOCRATIC REPUBLIC,2020-03-15,no_effect,poisson,loglinear,5,1.0,hostvector,3.592,False,False
LAO PEOPLE'S DEMOCRATIC REPUBLIC,LAO PEOPLE'S DEMOCRATIC REPUBLIC,2020-03-15,no_effect,poisson,loglinear,5,1.0,seir,2.59,False,False
LAO PEOPLE'S DEMOCRATIC REPUBLIC,LAO PEOPLE'S DEMOCRATIC REPUBLIC,2020-03-15,no_effect,poisson,loglinear,5,0.75,hostvector,-0.855,True,False
LAO PEOPLE'S DEMOCRATIC REPUBLIC,LAO PEOPLE'S DEMOCRATIC REPUBLIC,2020-03-15,no_effect,poisson,loglinear,5,0.75,seir,-1.63,True,False
LAO PEOPLE'S DEMOCRATIC REPUBLIC,LAO PEOPLE'S DEMOCRATIC REPUBLIC,2020-03-15,no_effect,poisson,loglinear,7,1.0,hostvector,-0.264,True,False
LAO PEOPLE'S DEMOCRATIC REPUBLIC,LAO PEOPLE'S DEMOCRATIC REPUBLIC,2020-03-15,no_effect,poisson,loglinear,7,1.0,seir,-0.731,True,False
LAO PEOPLE'S DEMOCRATIC REPUBLIC,LAO PEOPLE'S DEMOCRATIC REPUBLIC,2020-03-15,no_effect,poisson,loglinear,7,0.75,hostvector,-25.079,True,True
LAO PEOPLE'S DEMOCRATIC REPUBLIC,LAO PEOPLE'S DEMOCRATIC REPUBLIC,2020-03-15,no_effect,poisson,loglinear,7,0.75,seir,-27.224,True,True
LAO PEOPLE'S DEMOCRATIC REPUBLIC,LAO PEOPLE'S DEMOCRATIC REPUBLIC,2020-03-15,climate,nb,briere,3,1.0,hostvector,-203.565,True,True
LAO PEOPLE'S DEMOCRATIC REPUBLIC,LAO PEOPLE'S DEMOCRATIC REPUBLIC,2020-03-15,climate,nb,briere,3,1.0,seir,-186.011,True,True
LAO PEOPLE'S DEMOCRATIC REPUBLIC,LAO PEOPLE'S DEMOCRATIC REPUBLIC,2020-03-15,climate,nb,briere,3,0.75,hostvector,-62.846,True,True
LAO PEOPLE'S DEMOCRATIC REPUBLIC,LAO PEOPLE'S DEMOCRATIC REPUBLIC,2020-03-15,climate,nb,briere,3,0.75,seir,-56.424,True,True
LAO PEOPLE'S DEMOCRATIC REPUBLIC,LAO PEOPLE'S DEMOCRATIC REPUBLIC,2020-03-15,climate,nb,briere,5,1.0,hostvector,-190.617,True,True
LAO PEOPLE'S DEMOCRATIC REPUBLIC,LAO PEOPLE'S DEMOCRATIC REPUBLIC,2020-03-15,climate,nb,briere,5,1.0,seir,-169.768,True,True
LAO PEOPLE'S DEMOCRATIC REPUBLIC,LAO PEOPLE'S DEMOCRATIC REPUBLIC,2020-03-15,climate,nb,briere,5,0.75,hostvector,-50.04,True,True
LAO PEOPLE'S DEMOCRATIC REPUBLIC,LAO PEOPLE'S DEMOCRATIC REPUBLIC,2020-03-15,climate,nb,briere,5,0.75,seir,-40.831,True,True
LAO PEOPLE'S DEMOCRATIC REPUBLIC,LAO PEOPLE'S DEMOCRATIC REPUBLIC,2020-03-15,climate,nb,briere,7,1.0,hostvector,-184.234,True,True
LAO PEOPLE'S DEMOCRATIC REPUBLIC,LAO PEOPLE'S DEMOCRATIC REPUBLIC,2020-03-15,climate,nb,briere,7,1.0,seir,-166.622,True,True
LAO PEOPLE'S DEMOCRATIC REPUBLIC,LAO PEOPLE'S DEMOCRATIC REPUBLIC,2020-03-15,climate,nb,briere,7,0.75,hostvector,-43.564,True,True
LAO PEOPLE'S DEMOCRATIC REPUBLIC,LAO PEOPLE'S DEMOCRATIC REPUBLIC,2020-03-15,climate,nb,briere,7,0.75,seir,-37.679,True,True
LAO PEOPLE'S DEMOCRATIC REPUBLIC,LAO PEOPLE'S DEMOCRATIC REPUBLIC,2020-03-15,climate,nb,loglinear,3,1.0,hostvector,-203.713,True,True
LAO PEOPLE'S DEMOCRATIC REPUBLIC,LAO PEOPLE'S DEMOCRATIC REPUBLIC,2020-03-15,climate,nb,loglinear,3,1.0,seir,-186.367,True,True
LAO PEOPLE'S DEMOCRATIC REPUBLIC,LAO PEOPLE'S DEMOCRATIC REPUBLIC,2020-03-15,climate,nb,loglinear,3,0.75,hostvector,-63.27,True,True
LAO PEOPLE'S DEMOCRATIC REPUBLIC,LAO PEOPLE'S DEMOCRATIC REPUBLIC,2020-03-15,climate,nb,loglinear,3,0.75,seir,-56.87,True,True
LAO PEOPLE'S DEMOCRATIC REPUBLIC,LAO PEOPLE'S DEMOCRATIC REPUBLIC,2020-03-15,climate,nb,loglinear,5,1.0,hostvector,-189.953,True,True
LAO PEOPLE'S DEMOCRATIC REPUBLIC,LAO PEOPLE'S DEMOCRATIC REPUBLIC,2020-03-15,climate,nb,loglinear,5,1.0,seir,-168.756,True,True
LAO PEOPLE'S DEMOCRATIC REPUBLIC,LAO PEOPLE'S DEMOCRATIC REPUBLIC,2020-03-15,climate,nb,loglinear,5,0.75,hostvector,-50.055,True,True
LAO PEOPLE'S DEMOCRATIC REPUBLIC,LAO PEOPLE'S DEMOCRATIC REPUBLIC,2020-03-15,climate,nb,loglinear,5,0.75,seir,-40.686,True,True
LAO PEOPLE'S DEMOCRATIC REPUBLIC,LAO PEOPLE'S DEMOCRATIC REPUBLIC,2020-03-15,climate,nb,loglinear,7,1.0,hostvector,-181.313,True,True
LAO PEOPLE'S DEMOCRATIC REPUBLIC,LAO PEOPLE'S DEMOCRATIC REPUBLIC,2020-03-15,climate,nb,loglinear,7,1.0,seir,-162.817,True,True
LAO PEOPLE'S DEMOCRATIC REPUBLIC,LAO PEOPLE'S DEMOCRATIC REPUBLIC,2020-03-15,climate,nb,loglinear,7,0.75,hostvector,-43.273,True,True
LAO PEOPLE'S DEMOCRATIC REPUBLIC,LAO PEOPLE'S DEMOCRATIC REPUBLIC,2020-03-15,climate,nb,loglinear,7,0.75,seir,-37.223,True,True
LAO PEOPLE'S DEMOCRATIC REPUBLIC,LAO PEOPLE'S DEMOCRATIC REPUBLIC,2020-03-15,climate,poisson,briere,3,1.0,hostvector,-2835.661,True,True
LAO PEOPLE'S DEMOCRATIC REPUBLIC,LAO PEOPLE'S DEMOCRATIC REPUBLIC,2020-03-15,climate,poisson,briere,3,1.0,seir,-2647.052,True,True
LAO PEOPLE'S DEMOCRATIC REPUBLIC,LAO PEOPLE'S DEMOCRATIC REPUBLIC,2020-03-15,climate,poisson,briere,3,0.75,hostvector,-2250.146,True,True
LAO PEOPLE'S DEMOCRATIC REPUBLIC,LAO PEOPLE'S DEMOCRATIC REPUBLIC,2020-03-15,climate,poisson,briere,3,0.75,seir,-2102.189,True,True
LAO PEOPLE'S DEMOCRATIC REPUBLIC,LAO PEOPLE'S DEMOCRATIC REPUBLIC,2020-03-15,climate,poisson,briere,5,1.0,hostvector,-1463.24,True,True
LAO PEOPLE'S DEMOCRATIC REPUBLIC,LAO PEOPLE'S DEMOCRATIC REPUBLIC,2020-03-15,climate,poisson,briere,5,1.0,seir,-851.0,True,True
LAO PEOPLE'S DEMOCRATIC REPUBLIC,LAO PEOPLE'S DEMOCRATIC REPUBLIC,2020-03-15,climate,poisson,briere,5,0.75,hostvector,-888.512,True,True
LAO PEOPLE'S DEMOCRATIC REPUBLIC,LAO PEOPLE'S DEMOCRATIC REPUBLIC,2020-03-15,climate,poisson,briere,5,0.75,seir,-319.544,True,True
LAO PEOPLE'S DEMOCRATIC REPUBLIC,LAO PEOPLE'S DEMOCRATIC REPUBLIC,2020-03-15,climate,poisson,briere,7,1.0,hostvector,-1333.184,True,True
LAO PEOPLE'S DEMOCRATIC REPUBLIC,LAO PEOPLE'S DEMOCRATIC REPUBLIC,2020-03-15,climate,poisson,briere,7,1.0,seir,-1189.172,True,True
LAO PEOPLE'S DEMOCRATIC REPUBLIC,LAO PEOPLE'S DEMOCRATIC REPUBLIC,2020-03-15,climate,poisson,briere,7,0.75,hostvector,-735.308,True,True
LAO PEOPLE'S DEMOCRATIC REPUBLIC,LAO PEOPLE'S DEMOCRATIC REPUBLIC,2020-03-15,climate,poisson,briere,7,0.75,seir,-620.348,True,True
LAO PEOPLE'S DEMOCRATIC REPUBLIC,LAO PEOPLE'S DEMOCRATIC REPUBLIC,2020-03-15,climate,poisson,loglinear,3,1.0,hostvector,-2856.183,True,True
LAO PEOPLE'S DEMOCRATIC REPUBLIC,LAO PEOPLE'S DEMOCRATIC REPUBLIC,2020-03-15,climate,poisson,loglinear,3,1.0,seir,-2676.173,True,True
LAO PEOPLE'S DEMOCRATIC REPUBLIC,LAO PEOPLE'S DEMOCRATIC REPUBLIC,2020-03-15,climate,poisson,loglinear,3,0.75,hostvector,-2271.254,True,True
LAO PEOPLE'S DEMOCRATIC REPUBLIC,LAO PEOPLE'S DEMOCRATIC REPUBLIC,2020-03-15,climate,poisson,loglinear,3,0.75,seir,-2133.706,True,True
LAO PEOPLE'S DEMOCRATIC REPUBLIC,LAO PEOPLE'S DEMOCRATIC REPUBLIC,2020-03-15,climate,poisson,loglinear,5,1.0,hostvector,-1440.945,True,True
LAO PEOPLE'S DEMOCRATIC REPUBLIC,LAO PEOPLE'S DEMOCRATIC REPUBLIC,2020-03-15,climate,poisson,loglinear,5,1.0,seir,-791.831,True,True
LAO PEOPLE'S DEMOCRATIC REPUBLIC,LAO PEOPLE'S DEMOCRATIC REPUBLIC,2020-03-15,climate,poisson,loglinear,5,0.75,hostvector,-865.726,True,True
LAO PEOPLE'S DEMOCRATIC REPUBLIC,LAO PEOPLE'S DEMOCRATIC REPUBLIC,2020-03-15,climate,poisson,loglinear,5,0.75,seir,-291.048,True,True
LAO PEOPLE'S DEMOCRATIC REPUBLIC,LAO PEOPLE'S DEMOCRATIC REPUBLIC,2020-03-15,climate,poisson,loglinear,7,1.0,hostvector,-1119.439,True,True
LAO PEOPLE'S DEMOCRATIC REPUBLIC,LAO PEOPLE'S DEMOCRATIC REPUBLIC,2020-03-15,climate,poisson,loglinear,7,1.0,seir,-952.255,True,True
LAO PEOPLE'S DEMOCRATIC REPUBLIC,LAO PEOPLE'S DEMOCRATIC REPUBLIC,2020-03-15,climate,poisson,loglinear,7,0.75,hostvector,-554.41,True,True
LAO PEOPLE'S DEMOCRATIC REPUBLIC,LAO PEOPLE'S DEMOCRATIC REPUBLIC,2020-03-15,climate,poisson,loglinear,7,0.75,seir,-425.85,True,True
LAO PEOPLE'S DEMOCRATIC REPUBLIC,LAO PEOPLE'S DEMOCRATIC REPUBLIC,2022-04-10,no_effect,nb,briere,3,1.0,hostvector,2.965,False,False
LAO PEOPLE'S DEMOCRATIC REPUBLIC,LAO PEOPLE'S DEMOCRATIC REPUBLIC,2022-04-10,no_effect,nb,briere,3,1.0,seir,3.673,False,False
LAO PEOPLE'S DEMOCRATIC REPUBLIC,LAO PEOPLE'S DEMOCRATIC REPUBLIC,2022-04-10,no_effect,nb,briere,3,0.75,hostvector,3.997,False,False
LAO PEOPLE'S DEMOCRATIC REPUBLIC,LAO PEOPLE'S DEMOCRATIC REPUBLIC,2022-04-10,no_effect,nb,briere,3,0.75,seir,3.817,False,False
LAO PEOPLE'S DEMOCRATIC REPUBLIC,LAO PEOPLE'S DEMOCRATIC REPUBLIC,2022-04-10,no_effect,nb,briere,5,1.0,hostvector,3.184,False,False
LAO PEOPLE'S DEMOCRATIC REPUBLIC,LAO PEOPLE'S DEMOCRATIC REPUBLIC,2022-04-10,no_effect,nb,briere,5,1.0,seir,3.767,False,False
LAO PEOPLE'S DEMOCRATIC REPUBLIC,LAO PEOPLE'S DEMOCRATIC REPUBLIC,2022-04-10,no_effect,nb,briere,5,0.75,hostvector,3.832,False,False
LAO PEOPLE'S DEMOCRATIC REPUBLIC,LAO PEOPLE'S DEMOCRATIC REPUBLIC,2022-04-10,no_effect,nb,briere,5,0.75,seir,3.362,False,False
LAO PEOPLE'S DEMOCRATIC REPUBLIC,LAO PEOPLE'S DEMOCRATIC REPUBLIC,2022-04-10,no_effect,nb,briere,7,1.0,hostvector,3.29,False,False
LAO PEOPLE'S DEMOCRATIC REPUBLIC,LAO PEOPLE'S DEMOCRATIC REPUBLIC,2022-04-10,no_effect,nb,briere,7,1.0,seir,3.8,False,False
LAO PEOPLE'S DEMOCRATIC REPUBLIC,LAO PEOPLE'S DEMOCRATIC REPUBLIC,2022-04-10,no_effect,nb,briere,7,0.75,hostvector,2.779,False,False
LAO PEOPLE'S DEMOCRATIC REPUBLIC,LAO PEOPLE'S DEMOCRATIC REPUBLIC,2022-04-10,no_effect,nb,briere,7,0.75,seir,2.352,False,False
LAO PEOPLE'S DEMOCRATIC REPUBLIC,LAO PEOPLE'S DEMOCRATIC REPUBLIC,2022-04-10,no_effect,nb,loglinear,3,1.0,hostvector,2.668,False,False
LAO PEOPLE'S DEMOCRATIC REPUBLIC,LAO PEOPLE'S DEMOCRATIC REPUBLIC,2022-04-10,no_effect,nb,loglinear,3,1.0,seir,3.226,False,False
LAO PEOPLE'S DEMOCRATIC REPUBLIC,LAO PEOPLE'S DEMOCRATIC REPUBLIC,2022-04-10,no_effect,nb,loglinear,3,0.75,hostvector,3.873,False,False
LAO PEOPLE'S DEMOCRATIC REPUBLIC,LAO PEOPLE'S DEMOCRATIC REPUBLIC,2022-04-10,no_effect,nb,loglinear,3,0.75,seir,3.365,False,False
LAO PEOPLE'S DEMOCRATIC REPUBLIC,LAO PEOPLE'S DEMOCRATIC REPUBLIC,2022-04-10,no_effect,nb,loglinear,5,1.0,hostvector,2.964,False,False
LAO PEOPLE'S DEMOCRATIC REPUBLIC,LAO PEOPLE'S DEMOCRATIC REPUBLIC,2022-04-10,no_effect,nb,loglinear,5,1.0,seir,3.453,False,False
LAO PEOPLE'S DEMOCRATIC REPUBLIC,LAO PEOPLE'S DEMOCRATIC REPUBLIC,2022-04-10,no_effect,nb,loglinear,5,0.75,hostvector,3.83,False,False
LAO PEOPLE'S DEMOCRATIC REPUBLIC,LAO PEOPLE'S DEMOCRATIC REPUBLIC,2022-04-10,no_effect,nb,loglinear,5,0.75,seir,3.349,False,False
LAO PEOPLE'S DEMOCRATIC REPUBLIC,LAO PEOPLE'S DEMOCRATIC REPUBLIC,2022-04-10,no_effect,nb,loglinear,7,1.0,hostvector,3.197,False,False
LAO PEOPLE'S DEMOCRATIC REPUBLIC,LAO PEOPLE'S DEMOCRATIC REPUBLIC,2022-04-10,no_effect,nb,loglinear,7,1.0,seir,3.673,False,False
LAO PEOPLE'S DEMOCRATIC REPUBLIC,LAO PEOPLE'S DEMOCRATIC REPUBLIC,2022-04-10,no_effect,nb,loglinear,7,0.75,hostvector,2.762,False,False
LAO PEOPLE'S DEMOCRATIC REPUBLIC,LAO PEOPLE'S DEMOCRATIC REPUBLIC,2022-04-10,no_effect,nb,loglinear,7,0.75,seir,2.352,False,False
LAO PEOPLE'S DEMOCRATIC REPUBLIC,LAO PEOPLE'S DEMOCRATIC REPUBLIC,2022-04-10,no_effect,poisson,briere,3,1.0,hostvector,-62.471,True,True
LAO PEOPLE'S DEMOCRATIC REPUBLIC,LAO PEOPLE'S DEMOCRATIC REPUBLIC,2022-04-10,no_effect,poisson,briere,3,1.0,seir,-45.243,True,True
LAO PEOPLE'S DEMOCRATIC REPUBLIC,LAO PEOPLE'S DEMOCRATIC REPUBLIC,2022-04-10,no_effect,poisson,briere,3,0.75,hostvector,-2.185,True,False
LAO PEOPLE'S DEMOCRATIC REPUBLIC,LAO PEOPLE'S DEMOCRATIC REPUBLIC,2022-04-10,no_effect,poisson,briere,3,0.75,seir,0.822,False,False
LAO PEOPLE'S DEMOCRATIC REPUBLIC,LAO PEOPLE'S DEMOCRATIC REPUBLIC,2022-04-10,no_effect,poisson,briere,5,1.0,hostvector,-28.634,True,True
LAO PEOPLE'S DEMOCRATIC REPUBLIC,LAO PEOPLE'S DEMOCRATIC REPUBLIC,2022-04-10,no_effect,poisson,briere,5,1.0,seir,-17.28,True,True
LAO PEOPLE'S DEMOCRATIC REPUBLIC,LAO PEOPLE'S DEMOCRATIC REPUBLIC,2022-04-10,no_effect,poisson,briere,5,0.75,hostvector,-1.345,True,False
LAO PEOPLE'S DEMOCRATIC REPUBLIC,LAO PEOPLE'S DEMOCRATIC REPUBLIC,2022-04-10,no_effect,poisson,briere,5,0.75,seir,-11.076,True,True
LAO PEOPLE'S DEMOCRATIC REPUBLIC,LAO PEOPLE'S DEMOCRATIC REPUBLIC,2022-04-10,no_effect,poisson,briere,7,1.0,hostvector,0.847,False,False
LAO PEOPLE'S DEMOCRATIC REPUBLIC,LAO PEOPLE'S DEMOCRATIC REPUBLIC,2022-04-10,no_effect,poisson,briere,7,1.0,seir,3.671,False,False
LAO PEOPLE'S DEMOCRATIC REPUBLIC,LAO PEOPLE'S DEMOCRATIC REPUBLIC,2022-04-10,no_effect,poisson,briere,7,0.75,hostvector,-250.703,True,True
LAO PEOPLE'S DEMOCRATIC REPUBLIC,LAO PEOPLE'S DEMOCRATIC REPUBLIC,2022-04-10,no_effect,poisson,briere,7,0.75,seir,-266.6,True,True
LAO PEOPLE'S DEMOCRATIC REPUBLIC,LAO PEOPLE'S DEMOCRATIC REPUBLIC,2022-04-10,no_effect,poisson,loglinear,3,1.0,hostvector,-373.067,True,True
LAO PEOPLE'S DEMOCRATIC REPUBLIC,LAO PEOPLE'S DEMOCRATIC REPUBLIC,2022-04-10,no_effect,poisson,loglinear,3,1.0,seir,-325.704,True,True
LAO PEOPLE'S DEMOCRATIC REPUBLIC,LAO PEOPLE'S DEMOCRATIC REPUBLIC,2022-04-10,no_effect,poisson,loglinear,3,0.75,hostvector,-424.803,True,True
LAO PEOPLE'S DEMOCRATIC REPUBLIC,LAO PEOPLE'S DEMOCRATIC REPUBLIC,2022-04-10,no_effect,poisson,loglinear,3,0.75,seir,-423.611,True,True
LAO PEOPLE'S DEMOCRATIC REPUBLIC,LAO PEOPLE'S DEMOCRATIC REPUBLIC,2022-04-10,no_effect,poisson,loglinear,5,1.0,hostvector,-323.48,True,True
LAO PEOPLE'S DEMOCRATIC REPUBLIC,LAO PEOPLE'S DEMOCRATIC REPUBLIC,2022-04-10,no_effect,poisson,loglinear,5,1.0,seir,-287.439,True,True
LAO PEOPLE'S DEMOCRATIC REPUBLIC,LAO PEOPLE'S DEMOCRATIC REPUBLIC,2022-04-10,no_effect,poisson,loglinear,5,0.75,hostvector,-504.353,True,True
LAO PEOPLE'S DEMOCRATIC REPUBLIC,LAO PEOPLE'S DEMOCRATIC REPUBLIC,2022-04-10,no_effect,poisson,loglinear,5,0.75,seir,-424.913,True,True
LAO PEOPLE'S DEMOCRATIC REPUBLIC,LAO PEOPLE'S DEMOCRATIC REPUBLIC,2022-04-10,no_effect,poisson,loglinear,7,1.0,hostvector,-192.479,True,True
LAO PEOPLE'S DEMOCRATIC REPUBLIC,LAO PEOPLE'S DEMOCRATIC REPUBLIC,2022-04-10,no_effect,poisson,loglinear,7,1.0,seir,-39.459,True,True
LAO PEOPLE'S DEMOCRATIC REPUBLIC,LAO PEOPLE'S DEMOCRATIC REPUBLIC,2022-04-10,no_effect,poisson,loglinear,7,0.75,hostvector,-299.714,True,True
LAO PEOPLE'S DEMOCRATIC REPUBLIC,LAO PEOPLE'S DEMOCRATIC REPUBLIC,2022-04-10,no_effect,poisson,loglinear,7,0.75,seir,-335.317,True,True
LAO PEOPLE'S DEMOCRATIC REPUBLIC,LAO PEOPLE'S DEMOCRATIC REPUBLIC,2022-04-10,climate,nb,briere,3,1.0,hostvector,-95.818,True,True
LAO PEOPLE'S DEMOCRATIC REPUBLIC,LAO PEOPLE'S DEMOCRATIC REPUBLIC,2022-04-10,climate,nb,briere,3,1.0,seir,-82.232,True,True
LAO PEOPLE'S DEMOCRATIC REPUBLIC,LAO PEOPLE'S DEMOCRATIC REPUBLIC,2022-04-10,climate,nb,briere,3,0.75,hostvector,-18.63,True,True
LAO PEOPLE'S DEMOCRATIC REPUBLIC,LAO PEOPLE'S DEMOCRATIC REPUBLIC,2022-04-10,climate,nb,briere,3,0.75,seir,-15.527,True,True
LAO PEOPLE'S DEMOCRATIC REPUBLIC,LAO PEOPLE'S DEMOCRATIC REPUBLIC,2022-04-10,climate,nb,briere,5,1.0,hostvector,-93.234,True,True
LAO PEOPLE'S DEMOCRATIC REPUBLIC,LAO PEOPLE'S DEMOCRATIC REPUBLIC,2022-04-10,climate,nb,briere,5,1.0,seir,-78.305,True,True
LAO PEOPLE'S DEMOCRATIC REPUBLIC,LAO PEOPLE'S DEMOCRATIC REPUBLIC,2022-04-10,climate,nb,briere,5,0.75,hostvector,-15.363,True,True
LAO PEOPLE'S DEMOCRATIC REPUBLIC,LAO PEOPLE'S DEMOCRATIC REPUBLIC,2022-04-10,climate,nb,briere,5,0.75,seir,-11.494,True,True
LAO PEOPLE'S DEMOCRATIC REPUBLIC,LAO PEOPLE'S DEMOCRATIC REPUBLIC,2022-04-10,climate,nb,briere,7,1.0,hostvector,-95.83,True,True
LAO PEOPLE'S DEMOCRATIC REPUBLIC,LAO PEOPLE'S DEMOCRATIC REPUBLIC,2022-04-10,climate,nb,briere,7,1.0,seir,-77.091,True,True
LAO PEOPLE'S DEMOCRATIC REPUBLIC,LAO PEOPLE'S DEMOCRATIC REPUBLIC,2022-04-10,climate,nb,briere,7,0.75,hostvector,-19.098,True,True
LAO PEOPLE'S DEMOCRATIC REPUBLIC,LAO PEOPLE'S DEMOCRATIC REPUBLIC,2022-04-10,climate,nb,briere,7,0.75,seir,-11.888,True,True
LAO PEOPLE'S DEMOCRATIC REPUBLIC,LAO PEOPLE'S DEMOCRATIC REPUBLIC,2022-04-10,climate,nb,loglinear,3,1.0,hostvector,-95.71,True,True
LAO PEOPLE'S DEMOCRATIC REPUBLIC,LAO PEOPLE'S DEMOCRATIC REPUBLIC,2022-04-10,climate,nb,loglinear,3,1.0,seir,-82.241,True,True
LAO PEOPLE'S DEMOCRATIC REPUBLIC,LAO PEOPLE'S DEMOCRATIC REPUBLIC,2022-04-10,climate,nb,loglinear,3,0.75,hostvector,-18.652,True,True
LAO PEOPLE'S DEMOCRATIC REPUBLIC,LAO PEOPLE'S DEMOCRATIC REPUBLIC,2022-04-10,climate,nb,loglinear,3,0.75,seir,-15.529,True,True
LAO PEOPLE'S DEMOCRATIC REPUBLIC,LAO PEOPLE'S DEMOCRATIC REPUBLIC,2022-04-10,climate,nb,loglinear,5,1.0,hostvector,-93.662,True,True
LAO PEOPLE'S DEMOCRATIC REPUBLIC,LAO PEOPLE'S DEMOCRATIC REPUBLIC,2022-04-10,climate,nb,loglinear,5,1.0,seir,-78.517,True,True
LAO PEOPLE'S DEMOCRATIC REPUBLIC,LAO PEOPLE'S DEMOCRATIC REPUBLIC,2022-04-10,climate,nb,loglinear,5,0.75,hostvector,-16.026,True,True
LAO PEOPLE'S DEMOCRATIC REPUBLIC,LAO PEOPLE'S DEMOCRATIC REPUBLIC,2022-04-10,climate,nb,loglinear,5,0.75,seir,-11.803,True,True
LAO PEOPLE'S DEMOCRATIC REPUBLIC,LAO PEOPLE'S DEMOCRATIC REPUBLIC,2022-04-10,climate,nb,loglinear,7,1.0,hostvector,-96.113,True,True
LAO PEOPLE'S DEMOCRATIC REPUBLIC,LAO PEOPLE'S DEMOCRATIC REPUBLIC,2022-04-10,climate,nb,loglinear,7,1.0,seir,-78.953,True,True
LAO PEOPLE'S DEMOCRATIC REPUBLIC,LAO PEOPLE'S DEMOCRATIC REPUBLIC,2022-04-10,climate,nb,loglinear,7,0.75,hostvector,-21.184,True,True
LAO PEOPLE'S DEMOCRATIC REPUBLIC,LAO PEOPLE'S DEMOCRATIC REPUBLIC,2022-04-10,climate,nb,loglinear,7,0.75,seir,-16.023,True,True
LAO PEOPLE'S DEMOCRATIC REPUBLIC,LAO PEOPLE'S DEMOCRATIC REPUBLIC,2022-04-10,climate,poisson,briere,3,1.0,hostvector,-1808.594,True,True
LAO PEOPLE'S DEMOCRATIC REPUBLIC,LAO PEOPLE'S DEMOCRATIC REPUBLIC,2022-04-10,climate,poisson,briere,3,1.0,seir,-2090.512,True,True
LAO PEOPLE'S DEMOCRATIC REPUBLIC,LAO PEOPLE'S DEMOCRATIC REPUBLIC,2022-04-10,climate,poisson,briere,3,0.75,hostvector,-1218.091,True,True
LAO PEOPLE'S DEMOCRATIC REPUBLIC,LAO PEOPLE'S DEMOCRATIC REPUBLIC,2022-04-10,climate,poisson,briere,3,0.75,seir,-1374.55,True,True
LAO PEOPLE'S DEMOCRATIC REPUBLIC,LAO PEOPLE'S DEMOCRATIC REPUBLIC,2022-04-10,climate,poisson,briere,5,1.0,hostvector,-378.674,True,True
LAO PEOPLE'S DEMOCRATIC REPUBLIC,LAO PEOPLE'S DEMOCRATIC REPUBLIC,2022-04-10,climate,poisson,briere,5,1.0,seir,-542.655,True,True
LAO PEOPLE'S DEMOCRATIC REPUBLIC,LAO PEOPLE'S DEMOCRATIC REPUBLIC,2022-04-10,climate,poisson,briere,5,0.75,hostvector,-53.249,True,True
LAO PEOPLE'S DEMOCRATIC REPUBLIC,LAO PEOPLE'S DEMOCRATIC REPUBLIC,2022-04-10,climate,poisson,briere,5,0.75,seir,-57.235,True,True
LAO PEOPLE'S DEMOCRATIC REPUBLIC,LAO PEOPLE'S DEMOCRATIC REPUBLIC,2022-04-10,climate,poisson,briere,7,1.0,hostvector,-1204.941,True,True
LAO PEOPLE'S DEMOCRATIC REPUBLIC,LAO PEOPLE'S DEMOCRATIC REPUBLIC,2022-04-10,climate,poisson,briere,7,1.0,seir,-1134.095,True,True
LAO PEOPLE'S DEMOCRATIC REPUBLIC,LAO PEOPLE'S DEMOCRATIC REPUBLIC,2022-04-10,climate,poisson,briere,7,0.75,hostvector,-522.285,True,True
LAO PEOPLE'S DEMOCRATIC REPUBLIC,LAO PEOPLE'S DEMOCRATIC REPUBLIC,2022-04-10,climate,poisson,briere,7,0.75,seir,-482.495,True,True
LAO PEOPLE'S DEMOCRATIC REPUBLIC,LAO PEOPLE'S DEMOCRATIC REPUBLIC,2022-04-10,climate,poisson,loglinear,3,1.0,hostvector,-1794.325,True,True
LAO PEOPLE'S DEMOCRATIC REPUBLIC,LAO PEOPLE'S DEMOCRATIC REPUBLIC,2022-04-10,climate,poisson,loglinear,3,1.0,seir,-2062.629,True,True
LAO PEOPLE'S DEMOCRATIC REPUBLIC,LAO PEOPLE'S DEMOCRATIC REPUBLIC,2022-04-10,climate,poisson,loglinear,3,0.75,hostvector,-1278.836,True,True
LAO PEOPLE'S DEMOCRATIC REPUBLIC,LAO PEOPLE'S DEMOCRATIC REPUBLIC,2022-04-10,climate,poisson,loglinear,3,0.75,seir,-1371.548,True,True
LAO PEOPLE'S DEMOCRATIC REPUBLIC,LAO PEOPLE'S DEMOCRATIC REPUBLIC,2022-04-10,climate,poisson,loglinear,5,1.0,hostvector,-956.183,True,True
LAO PEOPLE'S DEMOCRATIC REPUBLIC,LAO PEOPLE'S DEMOCRATIC REPUBLIC,2022-04-10,climate,poisson,loglinear,5,1.0,seir,-472.747,True,True
LAO PEOPLE'S DEMOCRATIC REPUBLIC,LAO PEOPLE'S DEMOCRATIC REPUBLIC,2022-04-10,climate,poisson,loglinear,5,0.75,hostvector,-335.234,True,True
LAO PEOPLE'S DEMOCRATIC REPUBLIC,LAO PEOPLE'S DEMOCRATIC REPUBLIC,2022-04-10,climate,poisson,loglinear,5,0.75,seir,-69.677,True,True
LAO PEOPLE'S DEMOCRATIC REPUBLIC,LAO PEOPLE'S DEMOCRATIC REPUBLIC,2022-04-10,climate,poisson,loglinear,7,1.0,hostvector,-3479.119,True,True
LAO PEOPLE'S DEMOCRATIC REPUBLIC,LAO PEOPLE'S DEMOCRATIC REPUBLIC,2022-04-10,climate,poisson,loglinear,7,1.0,seir,-3110.23,True,True
LAO PEOPLE'S DEMOCRATIC REPUBLIC,LAO PEOPLE'S DEMOCRATIC REPUBLIC,2022-04-10,climate,poisson,loglinear,7,0.75,hostvector,-2880.203,True,True
LAO PEOPLE'S DEMOCRATIC REPUBLIC,LAO PEOPLE'S DEMOCRATIC REPUBLIC,2022-04-10,climate,poisson,loglinear,7,0.75,seir,-2427.2,True,True
MEXICO,BAJA CALIFORNIA SUR,2003-06-08,no_effect,nb,briere,3,1.0,hostvector,3.659,False,False
MEXICO,BAJA CALIFORNIA SUR,2003-06-08,no_effect,nb,briere,3,1.0,seir,3.615,False,False
MEXICO,BAJA CALIFORNIA SUR,2003-06-08,no_effect,nb,briere,3,0.75,hostvector,-0.23,True,False
MEXICO,BAJA CALIFORNIA SUR,2003-06-08,no_effect,nb,briere,3,0.75,seir,0.735,False,False
MEXICO,BAJA CALIFORNIA SUR,2003-06-08,no_effect,nb,briere,5,1.0,hostvector,2.925,False,False
MEXICO,BAJA CALIFORNIA SUR,2003-06-08,no_effect,nb,briere,5,1.0,seir,2.643,False,False
MEXICO,BAJA CALIFORNIA SUR,2003-06-08,no_effect,nb,briere,5,0.75,hostvector,0.969,False,False
MEXICO,BAJA CALIFORNIA SUR,2003-06-08,no_effect,nb,briere,5,0.75,seir,1.19,False,False
MEXICO,BAJA CALIFORNIA SUR,2003-06-08,no_effect,nb,briere,7,1.0,hostvector,2.265,False,False
MEXICO,BAJA CALIFORNIA SUR,2003-06-08,no_effect,nb,briere,7,1.0,seir,2.755,False,False
MEXICO,BAJA CALIFORNIA SUR,2003-06-08,no_effect,nb,briere,7,0.75,hostvector,1.331,False,False
MEXICO,BAJA CALIFORNIA SUR,2003-06-08,no_effect,nb,briere,7,0.75,seir,1.31,False,False
MEXICO,BAJA CALIFORNIA SUR,2003-06-08,no_effect,nb,loglinear,3,1.0,hostvector,3.27,False,False
MEXICO,BAJA CALIFORNIA SUR,2003-06-08,no_effect,nb,loglinear,3,1.0,seir,3.386,False,False
MEXICO,BAJA CALIFORNIA SUR,2003-06-08,no_effect,nb,loglinear,3,0.75,hostvector,-0.023,True,False
MEXICO,BAJA CALIFORNIA SUR,2003-06-08,no_effect,nb,loglinear,3,0.75,seir,0.541,False,False
MEXICO,BAJA CALIFORNIA SUR,2003-06-08,no_effect,nb,loglinear,5,1.0,hostvector,2.484,False,False
MEXICO,BAJA CALIFORNIA SUR,2003-06-08,no_effect,nb,loglinear,5,1.0,seir,2.301,False,False
MEXICO,BAJA CALIFORNIA SUR,2003-06-08,no_effect,nb,loglinear,5,0.75,hostvector,0.824,False,False
MEXICO,BAJA CALIFORNIA SUR,2003-06-08,no_effect,nb,loglinear,5,0.75,seir,1.021,False,False
MEXICO,BAJA CALIFORNIA SUR,2003-06-08,no_effect,nb,loglinear,7,1.0,hostvector,1.841,False,False
MEXICO,BAJA CALIFORNIA SUR,2003-06-08,no_effect,nb,loglinear,7,1.0,seir,2.359,False,False
MEXICO,BAJA CALIFORNIA SUR,2003-06-08,no_effect,nb,loglinear,7,0.75,hostvector,1.312,False,False
MEXICO,BAJA CALIFORNIA SUR,2003-06-08,no_effect,nb,loglinear,7,0.75,seir,1.399,False,False
MEXICO,BAJA CALIFORNIA SUR,2003-06-08,no_effect,poisson,briere,3,1.0,hostvector,-26.845,True,True
MEXICO,BAJA CALIFORNIA SUR,2003-06-08,no_effect,poisson,briere,3,1.0,seir,-30.413,True,True
MEXICO,BAJA CALIFORNIA SUR,2003-06-08,no_effect,poisson,briere,3,0.75,hostvector,-43.904,True,True
MEXICO,BAJA CALIFORNIA SUR,2003-06-08,no_effect,poisson,briere,3,0.75,seir,-62.03,True,True
MEXICO,BAJA CALIFORNIA SUR,2003-06-08,no_effect,poisson,briere,5,1.0,hostvector,-14.154,True,True
MEXICO,BAJA CALIFORNIA SUR,2003-06-08,no_effect,poisson,briere,5,1.0,seir,-17.368,True,True
MEXICO,BAJA CALIFORNIA SUR,2003-06-08,no_effect,poisson,briere,5,0.75,hostvector,-40.409,True,True
MEXICO,BAJA CALIFORNIA SUR,2003-06-08,no_effect,poisson,briere,5,0.75,seir,-67.78,True,True
MEXICO,BAJA CALIFORNIA SUR,2003-06-08,no_effect,poisson,briere,7,1.0,hostvector,-80.979,True,True
MEXICO,BAJA CALIFORNIA SUR,2003-06-08,no_effect,poisson,briere,7,1.0,seir,-99.596,True,True
MEXICO,BAJA CALIFORNIA SUR,2003-06-08,no_effect,poisson,briere,7,0.75,hostvector,-98.756,True,True
MEXICO,BAJA CALIFORNIA SUR,2003-06-08,no_effect,poisson,briere,7,0.75,seir,-115.645,True,True
MEXICO,BAJA CALIFORNIA SUR,2003-06-08,no_effect,poisson,loglinear,3,1.0,hostvector,-59.691,True,True
MEXICO,BAJA CALIFORNIA SUR,2003-06-08,no_effect,poisson,loglinear,3,1.0,seir,-96.489,True,True
MEXICO,BAJA CALIFORNIA SUR,2003-06-08,no_effect,poisson,loglinear,3,0.75,hostvector,-101.425,True,True
MEXICO,BAJA CALIFORNIA SUR,2003-06-08,no_effect,poisson,loglinear,3,0.75,seir,-91.617,True,True
MEXICO,BAJA CALIFORNIA SUR,2003-06-08,no_effect,poisson,loglinear,5,1.0,hostvector,-62.792,True,True
MEXICO,BAJA CALIFORNIA SUR,2003-06-08,no_effect,poisson,loglinear,5,1.0,seir,-104.722,True,True
MEXICO,BAJA CALIFORNIA SUR,2003-06-08,no_effect,poisson,loglinear,5,0.75,hostvector,-89.219,True,True
MEXICO,BAJA CALIFORNIA SUR,2003-06-08,no_effect,poisson,loglinear,5,0.75,seir,-104.247,True,True
MEXICO,BAJA CALIFORNIA SUR,2003-06-08,no_effect,poisson,loglinear,7,1.0,hostvector,-91.704,True,True
MEXICO,BAJA CALIFORNIA SUR,2003-06-08,no_effect,poisson,loglinear,7,1.0,seir,-86.533,True,True
MEXICO,BAJA CALIFORNIA SUR,2003-06-08,no_effect,poisson,loglinear,7,0.75,hostvector,-106.52,True,True
MEXICO,BAJA CALIFORNIA SUR,2003-06-08,no_effect,poisson,loglinear,7,0.75,seir,-126.118,True,True
MEXICO,BAJA CALIFORNIA SUR,2003-06-08,climate,nb,briere,3,1.0,hostvector,-10.598,True,True
MEXICO,BAJA CALIFORNIA SUR,2003-06-08,climate,nb,briere,3,1.0,seir,-10.856,True,True
MEXICO,BAJA CALIFORNIA SUR,2003-06-08,climate,nb,briere,3,0.75,hostvector,-9.667,True,True
MEXICO,BAJA CALIFORNIA SUR,2003-06-08,climate,nb,briere,3,0.75,seir,-10.083,True,True
MEXICO,BAJA CALIFORNIA SUR,2003-06-08,climate,nb,briere,5,1.0,hostvector,-7.869,True,True
MEXICO,BAJA CALIFORNIA SUR,2003-06-08,climate,nb,briere,5,1.0,seir,-0.953,True,False
MEXICO,BAJA CALIFORNIA SUR,2003-06-08,climate,nb,briere,5,0.75,hostvector,-6.92,True,True
MEXICO,BAJA CALIFORNIA SUR,2003-06-08,climate,nb,briere,5,0.75,seir,-0.261,True,False
MEXICO,BAJA CALIFORNIA SUR,2003-06-08,climate,nb,briere,7,1.0,hostvector,-5.994,True,True
MEXICO,BAJA CALIFORNIA SUR,2003-06-08,climate,nb,briere,7,1.0,seir,-9.336,True,True
MEXICO,BAJA CALIFORNIA SUR,2003-06-08,climate,nb,briere,7,0.75,hostvector,-5.036,True,True
MEXICO,BAJA CALIFORNIA SUR,2003-06-08,climate,nb,briere,7,0.75,seir,-8.55,True,True
MEXICO,BAJA CALIFORNIA SUR,2003-06-08,climate,nb,loglinear,3,1.0,hostvector,-11.314,True,True
MEXICO,BAJA CALIFORNIA SUR,2003-06-08,climate,nb,loglinear,3,1.0,seir,-11.722,True,True
MEXICO,BAJA CALIFORNIA SUR,2003-06-08,climate,nb,loglinear,3,0.75,hostvector,-10.392,True,True
MEXICO,BAJA CALIFORNIA SUR,2003-06-08,climate,nb,loglinear,3,0.75,seir,-10.948,True,True
MEXICO,BAJA CALIFORNIA SUR,2003-06-08,climate,nb,loglinear,5,1.0,hostvector,-8.661,True,True
MEXICO,BAJA CALIFORNIA SUR,2003-06-08,climate,nb,loglinear,5,1.0,seir,-9.79,True,True
MEXICO,BAJA CALIFORNIA SUR,2003-06-08,climate,nb,loglinear,5,0.75,hostvector,-9.242,True,True
MEXICO,BAJA CALIFORNIA SUR,2003-06-08,climate,nb,loglinear,5,0.75,seir,0.421,False,False
MEXICO,BAJA CALIFORNIA SUR,2003-06-08,climate,nb,loglinear,7,1.0,hostvector,-4.008,True,True
MEXICO,BAJA CALIFORNIA SUR,2003-06-08,climate,nb,loglinear,7,1.0,seir,-1.757,True,False
MEXICO,BAJA CALIFORNIA SUR,2003-06-08,climate,nb,loglinear,7,0.75,hostvector,-5.647,True,True
MEXICO,BAJA CALIFORNIA SUR,2003-06-08,climate,nb,loglinear,7,0.75,seir,-11.468,True,True
MEXICO,BAJA CALIFORNIA SUR,2003-06-08,climate,poisson,briere,3,1.0,hostvector,-332.957,True,True
MEXICO,BAJA CALIFORNIA SUR,2003-06-08,climate,poisson,briere,3,1.0,seir,-379.054,True,True
MEXICO,BAJA CALIFORNIA SUR,2003-06-08,climate,poisson,briere,3,0.75,hostvector,-493.008,True,True
MEXICO,BAJA CALIFORNIA SUR,2003-06-08,climate,poisson,briere,3,0.75,seir,-378.642,True,True
MEXICO,BAJA CALIFORNIA SUR,2003-06-08,climate,poisson,briere,5,1.0,hostvector,-119.545,True,True
MEXICO,BAJA CALIFORNIA SUR,2003-06-08,climate,poisson,briere,5,1.0,seir,53.152,False,False
MEXICO,BAJA CALIFORNIA SUR,2003-06-08,climate,poisson,briere,5,0.75,hostvector,-121.573,True,True
MEXICO,BAJA CALIFORNIA SUR,2003-06-08,climate,poisson,briere,5,0.75,seir,37.156,False,False
MEXICO,BAJA CALIFORNIA SUR,2003-06-08,climate,poisson,briere,7,1.0,hostvector,-79.53,True,True
MEXICO,BAJA CALIFORNIA SUR,2003-06-08,climate,poisson,briere,7,1.0,seir,-80.466,True,True
MEXICO,BAJA CALIFORNIA SUR,2003-06-08,climate,poisson,briere,7,0.75,hostvector,107.669,False,False
MEXICO,BAJA CALIFORNIA SUR,2003-06-08,climate,poisson,briere,7,0.75,seir,-72.825,True,True
MEXICO,BAJA CALIFORNIA SUR,2003-06-08,climate,poisson,loglinear,3,1.0,hostvector,-494.937,True,True
MEXICO,BAJA CALIFORNIA SUR,2003-06-08,climate,poisson,loglinear,3,1.0,seir,-435.368,True,True
MEXICO,BAJA CALIFORNIA SUR,2003-06-08,climate,poisson,loglinear,3,0.75,hostvector,-486.182,True,True
MEXICO,BAJA CALIFORNIA SUR,2003-06-08,climate,poisson,loglinear,3,0.75,seir,-447.268,True,True
MEXICO,BAJA CALIFORNIA SUR,2003-06-08,climate,poisson,loglinear,5,1.0,hostvector,92.554,False,False
MEXICO,BAJA CALIFORNIA SUR,2003-06-08,climate,poisson,loglinear,5,1.0,seir,-248.772,True,True
MEXICO,BAJA CALIFORNIA SUR,2003-06-08,climate,poisson,loglinear,5,0.75,hostvector,-190.702,True,True
MEXICO,BAJA CALIFORNIA SUR,2003-06-08,climate,poisson,loglinear,5,0.75,seir,-242.808,True,True
MEXICO,BAJA CALIFORNIA SUR,2003-06-08,climate,poisson,loglinear,7,1.0,hostvector,134.242,False,False
MEXICO,BAJA CALIFORNIA SUR,2003-06-08,climate,poisson,loglinear,7,1.0,seir,-139.477,True,True
MEXICO,BAJA CALIFORNIA SUR,2003-06-08,climate,poisson,loglinear,7,0.75,hostvector,74.073,False,False
MEXICO,BAJA CALIFORNIA SUR,2003-06-08,climate,poisson,loglinear,7,0.75,seir,-198.155,True,True
MEXICO,VERACRUZ,2003-07-13,no_effect,nb,briere,3,1.0,hostvector,2.485,False,False
MEXICO,VERACRUZ,2003-07-13,no_effect,nb,briere,3,1.0,seir,2.214,False,False
MEXICO,VERACRUZ,2003-07-13,no_effect,nb,briere,3,0.75,hostvector,2.45,False,False
MEXICO,VERACRUZ,2003-07-13,no_effect,nb,briere,3,0.75,seir,2.641,False,False
MEXICO,VERACRUZ,2003-07-13,no_effect,nb,briere,5,1.0,hostvector,2.702,False,False
MEXICO,VERACRUZ,2003-07-13,no_effect,nb,briere,5,1.0,seir,2.407,False,False
MEXICO,VERACRUZ,2003-07-13,no_effect,nb,briere,5,0.75,hostvector,2.907,False,False
MEXICO,VERACRUZ,2003-07-13,no_effect,nb,briere,5,0.75,seir,3.14,False,False
MEXICO,VERACRUZ,2003-07-13,no_effect,nb,briere,7,1.0,hostvector,3.01,False,False
MEXICO,VERACRUZ,2003-07-13,no_effect,nb,briere,7,1.0,seir,2.629,False,False
MEXICO,VERACRUZ,2003-07-13,no_effect,nb,briere,7,0.75,hostvector,0.634,False,False
MEXICO,VERACRUZ,2003-07-13,no_effect,nb,briere,7,0.75,seir,3.122,False,False
MEXICO,VERACRUZ,2003-07-13,no_effect,nb,loglinear,3,1.0,hostvector,2.33,False,False
MEXICO,VERACRUZ,2003-07-13,no_effect,nb,loglinear,3,1.0,seir,2.093,False,False
MEXICO,VERACRUZ,2003-07-13,no_effect,nb,loglinear,3,0.75,hostvector,2.678,False,False
MEXICO,VERACRUZ,2003-07-13,no_effect,nb,loglinear,3,0.75,seir,2.829,False,False
MEXICO,VERACRUZ,2003-07-13,no_effect,nb,loglinear,5,1.0,hostvector,2.599,False,False
MEXICO,VERACRUZ,2003-07-13,no_effect,nb,loglinear,5,1.0,seir,2.326,False,False
MEXICO,VERACRUZ,2003-07-13,no_effect,nb,loglinear,5,0.75,hostvector,2.845,False,False
MEXICO,VERACRUZ,2003-07-13,no_effect,nb,loglinear,5,0.75,seir,3.082,False,False
MEXICO,VERACRUZ,2003-07-13,no_effect,nb,loglinear,7,1.0,hostvector,2.926,False,False
MEXICO,VERACRUZ,2003-07-13,no_effect,nb,loglinear,7,1.0,seir,2.563,False,False
MEXICO,VERACRUZ,2003-07-13,no_effect,nb,loglinear,7,0.75,hostvector,0.277,False,False
MEXICO,VERACRUZ,2003-07-13,no_effect,nb,loglinear,7,0.75,seir,3.043,False,False
MEXICO,VERACRUZ,2003-07-13,no_effect,poisson,briere,3,1.0,hostvector,-94.903,True,True
MEXICO,VERACRUZ,2003-07-13,no_effect,poisson,briere,3,1.0,seir,-92.433,True,True
MEXICO,VERACRUZ,2003-07-13,no_effect,poisson,briere,3,0.75,hostvector,-116.345,True,True
MEXICO,VERACRUZ,2003-07-13,no_effect,poisson,briere,3,0.75,seir,-111.223,True,True
MEXICO,VERACRUZ,2003-07-13,no_effect,poisson,briere,5,1.0,hostvector,-30.116,True,True
MEXICO,VERACRUZ,2003-07-13,no_effect,poisson,briere,5,1.0,seir,-18.373,True,True
MEXICO,VERACRUZ,2003-07-13,no_effect,poisson,briere,5,0.75,hostvector,-27.249,True,True
MEXICO,VERACRUZ,2003-07-13,no_effect,poisson,briere,5,0.75,seir,-10.637,True,True
MEXICO,VERACRUZ,2003-07-13,no_effect,poisson,briere,7,1.0,hostvector,-57.949,True,True
MEXICO,VERACRUZ,2003-07-13,no_effect,poisson,briere,7,1.0,seir,-30.875,True,True
MEXICO,VERACRUZ,2003-07-13,no_effect,poisson,briere,7,0.75,hostvector,-252.703,True,True
MEXICO,VERACRUZ,2003-07-13,no_effect,poisson,briere,7,0.75,seir,-194.613,True,True
MEXICO,VERACRUZ,2003-07-13,no_effect,poisson,loglinear,3,1.0,hostvector,-90.317,True,True
MEXICO,VERACRUZ,2003-07-13,no_effect,poisson,loglinear,3,1.0,seir,-87.057,True,True
MEXICO,VERACRUZ,2003-07-13,no_effect,poisson,loglinear,3,0.75,hostvector,-105.404,True,True
MEXICO,VERACRUZ,2003-07-13,no_effect,poisson,loglinear,3,0.75,seir,-99.852,True,True
MEXICO,VERACRUZ,2003-07-13,no_effect,poisson,loglinear,5,1.0,hostvector,-32.365,True,True
MEXICO,VERACRUZ,2003-07-13,no_effect,poisson,loglinear,5,1.0,seir,-19.839,True,True
MEXICO,VERACRUZ,2003-07-13,no_effect,poisson,loglinear,5,0.75,hostvector,-27.935,True,True
MEXICO,VERACRUZ,2003-07-13,no_effect,poisson,loglinear,5,0.75,seir,-11.763,True,True
MEXICO,VERACRUZ,2003-07-13,no_effect,poisson,loglinear,7,1.0,hostvector,-100.699,True,True
MEXICO,VERACRUZ,2003-07-13,no_effect,poisson,loglinear,7,1.0,seir,-32.909,True,True
MEXICO,VERACRUZ,2003-07-13,no_effect,poisson,loglinear,7,0.75,hostvector,-262.445,True,True
MEXICO,VERACRUZ,2003-07-13,no_effect,poisson,loglinear,7,0.75,seir,-207.502,True,True
MEXICO,VERACRUZ,2003-07-13,climate,nb,briere,3,1.0,hostvector,2.555,False,False
MEXICO,VERACRUZ,2003-07-13,climate,nb,briere,3,1.0,seir,2.206,False,False
MEXICO,VERACRUZ,2003-07-13,climate,nb,briere,3,0.75,hostvector,3.105,False,False
MEXICO,VERACRUZ,2003-07-13,climate,nb,briere,3,0.75,seir,2.656,False,False
MEXICO,VERACRUZ,2003-07-13,climate,nb,briere,5,1.0,hostvector,3.73,False,False
MEXICO,VERACRUZ,2003-07-13,climate,nb,briere,5,1.0,seir,3.857,False,False
MEXICO,VERACRUZ,2003-07-13,climate,nb,briere,5,0.75,hostvector,2.689,False,False
MEXICO,VERACRUZ,2003-07-13,climate,nb,briere,5,0.75,seir,2.902,False,False
MEXICO,VERACRUZ,2003-07-13,climate,nb,briere,7,1.0,hostvector,-0.573,True,False
MEXICO,VERACRUZ,2003-07-13,climate,nb,briere,7,1.0,seir,0.247,False,False
MEXICO,VERACRUZ,2003-07-13,climate,nb,briere,7,0.75,hostvector,-4.028,True,True
MEXICO,VERACRUZ,2003-07-13,climate,nb,briere,7,0.75,seir,-3.643,True,False
MEXICO,VERACRUZ,2003-07-13,climate,nb,loglinear,3,1.0,hostvector,2.501,False,False
MEXICO,VERACRUZ,2003-07-13,climate,nb,loglinear,3,1.0,seir,-0.278,True,False
MEXICO,VERACRUZ,2003-07-13,climate,nb,loglinear,3,0.75,hostvector,2.93,False,False
MEXICO,VERACRUZ,2003-07-13,climate,nb,loglinear,3,0.75,seir,-0.276,True,False
MEXICO,VERACRUZ,2003-07-13,climate,nb,loglinear,5,1.0,hostvector,3.457,False,False
MEXICO,VERACRUZ,2003-07-13,climate,nb,loglinear,5,1.0,seir,2.759,False,False
MEXICO,VERACRUZ,2003-07-13,climate,nb,loglinear,5,0.75,hostvector,3.83,False,False
MEXICO,VERACRUZ,2003-07-13,climate,nb,loglinear,5,0.75,seir,2.829,False,False
MEXICO,VERACRUZ,2003-07-13,climate,nb,loglinear,7,1.0,hostvector,-2.457,True,False
MEXICO,VERACRUZ,2003-07-13,climate,nb,loglinear,7,1.0,seir,0.31,False,False
MEXICO,VERACRUZ,2003-07-13,climate,nb,loglinear,7,0.75,hostvector,-4.235,True,True
MEXICO,VERACRUZ,2003-07-13,climate,nb,loglinear,7,0.75,seir,-4.594,True,True
MEXICO,VERACRUZ,2003-07-13,climate,poisson,briere,3,1.0,hostvector,-655.774,True,True
MEXICO,VERACRUZ,2003-07-13,climate,poisson,briere,3,1.0,seir,-1037.283,True,True
MEXICO,VERACRUZ,2003-07-13,climate,poisson,briere,3,0.75,hostvector,-655.071,True,True
MEXICO,VERACRUZ,2003-07-13,climate,poisson,briere,3,0.75,seir,-1037.014,True,True
MEXICO,VERACRUZ,2003-07-13,climate,poisson,briere,5,1.0,hostvector,3.267,False,False
MEXICO,VERACRUZ,2003-07-13,climate,poisson,briere,5,1.0,seir,-19.429,True,True
MEXICO,VERACRUZ,2003-07-13,climate,poisson,briere,5,0.75,hostvector,3.172,False,False
MEXICO,VERACRUZ,2003-07-13,climate,poisson,briere,5,0.75,seir,-19.829,True,True
MEXICO,VERACRUZ,2003-07-13,climate,poisson,briere,7,1.0,hostvector,-614.437,True,True
MEXICO,VERACRUZ,2003-07-13,climate,poisson,briere,7,1.0,seir,-625.176,True,True
MEXICO,VERACRUZ,2003-07-13,climate,poisson,briere,7,0.75,hostvector,-790.462,True,True
MEXICO,VERACRUZ,2003-07-13,climate,poisson,briere,7,0.75,seir,-799.101,True,True
MEXICO,VERACRUZ,2003-07-13,climate,poisson,loglinear,3,1.0,hostvector,-659.887,True,True
MEXICO,VERACRUZ,2003-07-13,climate,poisson,loglinear,3,1.0,seir,-1038.085,True,True
MEXICO,VERACRUZ,2003-07-13,climate,poisson,loglinear,3,0.75,hostvector,-659.184,True,True
MEXICO,VERACRUZ,2003-07-13,climate,poisson,loglinear,3,0.75,seir,-1037.817,True,True
MEXICO,VERACRUZ,2003-07-13,climate,poisson,loglinear,5,1.0,hostvector,-176.136,True,True
MEXICO,VERACRUZ,2003-07-13,climate,poisson,loglinear,5,1.0,seir,-97.42,True,True
MEXICO,VERACRUZ,2003-07-13,climate,poisson,loglinear,5,0.75,hostvector,-175.443,True,True
MEXICO,VERACRUZ,2003-07-13,climate,poisson,loglinear,5,0.75,seir,-393.468,True,True
MEXICO,VERACRUZ,2003-07-13,climate,poisson,loglinear,7,1.0,hostvector,-578.578,True,True
MEXICO,VERACRUZ,2003-07-13,climate,poisson,loglinear,7,1.0,seir,-1009.184,True,True
MEXICO,VERACRUZ,2003-07-13,climate,poisson,loglinear,7,0.75,hostvector,-859.343,True,True
MEXICO,VERACRUZ,2003-07-13,climate,poisson,loglinear,7,0.75,seir,-890.251,True,True
MEXICO,CHIAPAS,2005-05-08,no_effect,nb,briere,3,1.0,hostvector,1.049,False,False
MEXICO,CHIAPAS,2005-05-08,no_effect,nb,briere,3,1.0,seir,0.035,False,False
MEXICO,CHIAPAS,2005-05-08,no_effect,nb,briere,3,0.75,hostvector,1.882,False,False
MEXICO,CHIAPAS,2005-05-08,no_effect,nb,briere,3,0.75,seir,1.074,False,False
MEXICO,CHIAPAS,2005-05-08,no_effect,nb,briere,5,1.0,hostvector,1.875,False,False
MEXICO,CHIAPAS,2005-05-08,no_effect,nb,briere,5,1.0,seir,1.122,False,False
MEXICO,CHIAPAS,2005-05-08,no_effect,nb,briere,5,0.75,hostvector,1.561,False,False
MEXICO,CHIAPAS,2005-05-08,no_effect,nb,briere,5,0.75,seir,0.73,False,False
MEXICO,CHIAPAS,2005-05-08,no_effect,nb,briere,7,1.0,hostvector,1.653,False,False
MEXICO,CHIAPAS,2005-05-08,no_effect,nb,briere,7,1.0,seir,0.876,False,False
MEXICO,CHIAPAS,2005-05-08,no_effect,nb,briere,7,0.75,hostvector,1.371,False,False
MEXICO,CHIAPAS,2005-05-08,no_effect,nb,briere,7,0.75,seir,0.56,False,False
MEXICO,CHIAPAS,2005-05-08,no_effect,nb,loglinear,3,1.0,hostvector,1.039,False,False
MEXICO,CHIAPAS,2005-05-08,no_effect,nb,loglinear,3,1.0,seir,-0.007,True,False
MEXICO,CHIAPAS,2005-05-08,no_effect,nb,loglinear,3,0.75,hostvector,1.781,False,False
MEXICO,CHIAPAS,2005-05-08,no_effect,nb,loglinear,3,0.75,seir,0.939,False,False
MEXICO,CHIAPAS,2005-05-08,no_effect,nb,loglinear,5,1.0,hostvector,1.728,False,False
MEXICO,CHIAPAS,2005-05-08,no_effect,nb,loglinear,5,1.0,seir,0.922,False,False
MEXICO,CHIAPAS,2005-05-08,no_effect,nb,loglinear,5,0.75,hostvector,1.531,False,False
MEXICO,CHIAPAS,2005-05-08,no_effect,nb,loglinear,5,0.75,seir,0.618,False,False
MEXICO,CHIAPAS,2005-05-08,no_effect,nb,loglinear,7,1.0,hostvector,1.492,False,False
MEXICO,CHIAPAS,2005-05-08,no_effect,nb,loglinear,7,1.0,seir,0.605,False,False
MEXICO,CHIAPAS,2005-05-08,no_effect,nb,loglinear,7,0.75,hostvector,2.923,False,False
MEXICO,CHIAPAS,2005-05-08,no_effect,nb,loglinear,7,0.75,seir,0.391,False,False
MEXICO,CHIAPAS,2005-05-08,no_effect,poisson,briere,3,1.0,hostvector,-6.483,True,True
MEXICO,CHIAPAS,2005-05-08,no_effect,poisson,briere,3,1.0,seir,-11.654,True,True
MEXICO,CHIAPAS,2005-05-08,no_effect,poisson,briere,3,0.75,hostvector,-6.054,True,True
MEXICO,CHIAPAS,2005-05-08,no_effect,poisson,briere,3,0.75,seir,-8.874,True,True
MEXICO,CHIAPAS,2005-05-08,no_effect,poisson,briere,5,1.0,hostvector,-8.207,True,True
MEXICO,CHIAPAS,2005-05-08,no_effect,poisson,briere,5,1.0,seir,-12.483,True,True
MEXICO,CHIAPAS,2005-05-08,no_effect,poisson,briere,5,0.75,hostvector,-15.983,True,True
MEXICO,CHIAPAS,2005-05-08,no_effect,poisson,briere,5,0.75,seir,-20.493,True,True
MEXICO,CHIAPAS,2005-05-08,no_effect,poisson,briere,7,1.0,hostvector,-20.67,True,True
MEXICO,CHIAPAS,2005-05-08,no_effect,poisson,briere,7,1.0,seir,-25.494,True,True
MEXICO,CHIAPAS,2005-05-08,no_effect,poisson,briere,7,0.75,hostvector,-30.094,True,True
MEXICO,CHIAPAS,2005-05-08,no_effect,poisson,briere,7,0.75,seir,-36.041,True,True
MEXICO,CHIAPAS,2005-05-08,no_effect,poisson,loglinear,3,1.0,hostvector,-7.229,True,True
MEXICO,CHIAPAS,2005-05-08,no_effect,poisson,loglinear,3,1.0,seir,-12.011,True,True
MEXICO,CHIAPAS,2005-05-08,no_effect,poisson,loglinear,3,0.75,hostvector,-9.076,True,True
MEXICO,CHIAPAS,2005-05-08,no_effect,poisson,loglinear,3,0.75,seir,-11.34,True,True
MEXICO,CHIAPAS,2005-05-08,no_effect,poisson,loglinear,5,1.0,hostvector,-9.264,True,True
MEXICO,CHIAPAS,2005-05-08,no_effect,poisson,loglinear,5,1.0,seir,-13.231,True,True
MEXICO,CHIAPAS,2005-05-08,no_effect,poisson,loglinear,5,0.75,hostvector,-17.454,True,True
MEXICO,CHIAPAS,2005-05-08,no_effect,poisson,loglinear,5,0.75,seir,-22.048,True,True
MEXICO,CHIAPAS,2005-05-08,no_effect,poisson,loglinear,7,1.0,hostvector,-22.102,True,True
MEXICO,CHIAPAS,2005-05-08,no_effect,poisson,loglinear,7,1.0,seir,-27.236,True,True
MEXICO,CHIAPAS,2005-05-08,no_effect,poisson,loglinear,7,0.75,hostvector,-31.056,True,True
MEXICO,CHIAPAS,2005-05-08,no_effect,poisson,loglinear,7,0.75,seir,-37.566,True,True
MEXICO,CHIAPAS,2005-05-08,climate,nb,briere,3,1.0,hostvector,-19.18,True,True
MEXICO,CHIAPAS,2005-05-08,climate,nb,briere,3,1.0,seir,-17.879,True,True
MEXICO,CHIAPAS,2005-05-08,climate,nb,briere,3,0.75,hostvector,-18.659,True,True
MEXICO,CHIAPAS,2005-05-08,climate,nb,briere,3,0.75,seir,-17.549,True,True
MEXICO,CHIAPAS,2005-05-08,climate,nb,briere,5,1.0,hostvector,-13.615,True,True
MEXICO,CHIAPAS,2005-05-08,climate,nb,briere,5,1.0,seir,-12.732,True,True
MEXICO,CHIAPAS,2005-05-08,climate,nb,briere,5,0.75,hostvector,-13.125,True,True
MEXICO,CHIAPAS,2005-05-08,climate,nb,briere,5,0.75,seir,-12.413,True,True
MEXICO,CHIAPAS,2005-05-08,climate,nb,briere,7,1.0,hostvector,-8.132,True,True
MEXICO,CHIAPAS,2005-05-08,climate,nb,briere,7,1.0,seir,-8.269,True,True
MEXICO,CHIAPAS,2005-05-08,climate,nb,briere,7,0.75,hostvector,-7.7,True,True
MEXICO,CHIAPAS,2005-05-08,climate,nb,briere,7,0.75,seir,-7.96,True,True
MEXICO,CHIAPAS,2005-05-08,climate,nb,loglinear,3,1.0,hostvector,-18.949,True,True
MEXICO,CHIAPAS,2005-05-08,climate,nb,loglinear,3,1.0,seir,-17.913,True,True
MEXICO,CHIAPAS,2005-05-08,climate,nb,loglinear,3,0.75,hostvector,-18.441,True,True
MEXICO,CHIAPAS,2005-05-08,climate,nb,loglinear,3,0.75,seir,-17.586,True,True
MEXICO,CHIAPAS,2005-05-08,climate,nb,loglinear,5,1.0,hostvector,-13.445,True,True
MEXICO,CHIAPAS,2005-05-08,climate,nb,loglinear,5,1.0,seir,-12.712,True,True
MEXICO,CHIAPAS,2005-05-08,climate,nb,loglinear,5,0.75,hostvector,-12.975,True,True
MEXICO,CHIAPAS,2005-05-08,climate,nb,loglinear,5,0.75,seir,-12.398,True,True
MEXICO,CHIAPAS,2005-05-08,climate,nb,loglinear,7,1.0,hostvector,33.733,False,False
MEXICO,CHIAPAS,2005-05-08,climate,nb,loglinear,7,1.0,seir,-8.476,True,True
MEXICO,CHIAPAS,2005-05-08,climate,nb,loglinear,7,0.75,hostvector,-7.868,True,True
MEXICO,CHIAPAS,2005-05-08,climate,nb,loglinear,7,0.75,seir,-8.185,True,True
MEXICO,CHIAPAS,2005-05-08,climate,poisson,briere,3,1.0,hostvector,-355.507,True,True
MEXICO,CHIAPAS,2005-05-08,climate,poisson,briere,3,1.0,seir,-427.642,True,True
MEXICO,CHIAPAS,2005-05-08,climate,poisson,briere,3,0.75,hostvector,-355.433,True,True
MEXICO,CHIAPAS,2005-05-08,climate,poisson,briere,3,0.75,seir,-427.605,True,True
MEXICO,CHIAPAS,2005-05-08,climate,poisson,briere,5,1.0,hostvector,-390.0,True,True
MEXICO,CHIAPAS,2005-05-08,climate,poisson,briere,5,1.0,seir,-434.05,True,True
MEXICO,CHIAPAS,2005-05-08,climate,poisson,briere,5,0.75,hostvector,-389.923,True,True
MEXICO,CHIAPAS,2005-05-08,climate,poisson,briere,5,0.75,seir,-434.013,True,True
MEXICO,CHIAPAS,2005-05-08,climate,poisson,briere,7,1.0,hostvector,-409.258,True,True
MEXICO,CHIAPAS,2005-05-08,climate,poisson,briere,7,1.0,seir,-454.208,True,True
MEXICO,CHIAPAS,2005-05-08,climate,poisson,briere,7,0.75,hostvector,-409.179,True,True
MEXICO,CHIAPAS,2005-05-08,climate,poisson,briere,7,0.75,seir,-454.171,True,True
MEXICO,CHIAPAS,2005-05-08,climate,poisson,loglinear,3,1.0,hostvector,-349.511,True,True
MEXICO,CHIAPAS,2005-05-08,climate,poisson,loglinear,3,1.0,seir,-419.826,True,True
MEXICO,CHIAPAS,2005-05-08,climate,poisson,loglinear,3,0.75,hostvector,-349.447,True,True
MEXICO,CHIAPAS,2005-05-08,climate,poisson,loglinear,3,0.75,seir,-419.79,True,True
MEXICO,CHIAPAS,2005-05-08,climate,poisson,loglinear,5,1.0,hostvector,-380.757,True,True
MEXICO,CHIAPAS,2005-05-08,climate,poisson,loglinear,5,1.0,seir,-430.016,True,True
MEXICO,CHIAPAS,2005-05-08,climate,poisson,loglinear,5,0.75,hostvector,-380.68,True,True
MEXICO,CHIAPAS,2005-05-08,climate,poisson,loglinear,5,0.75,seir,-429.979,True,True
MEXICO,CHIAPAS,2005-05-08,climate,poisson,loglinear,7,1.0,hostvector,-407.529,True,True
MEXICO,CHIAPAS,2005-05-08,climate,poisson,loglinear,7,1.0,seir,-451.984,True,True
MEXICO,CHIAPAS,2005-05-08,climate,poisson,loglinear,7,0.75,hostvector,-407.45,True,True
MEXICO,CHIAPAS,2005-05-08,climate,poisson,loglinear,7,0.75,seir,-451.947,True,True
MEXICO,VERACRUZ,2005-05-22,no_effect,nb,briere,3,1.0,hostvector,3.925,False,False
MEXICO,VERACRUZ,2005-05-22,no_effect,nb,briere,3,1.0,seir,3.981,False,False
MEXICO,VERACRUZ,2005-05-22,no_effect,nb,briere,3,0.75,hostvector,3.735,False,False
MEXICO,VERACRUZ,2005-05-22,no_effect,nb,briere,3,0.75,seir,3.367,False,False
MEXICO,VERACRUZ,2005-05-22,no_effect,nb,briere,5,1.0,hostvector,3.554,False,False
MEXICO,VERACRUZ,2005-05-22,no_effect,nb,briere,5,1.0,seir,3.273,False,False
MEXICO,VERACRUZ,2005-05-22,no_effect,nb,briere,5,0.75,hostvector,2.71,False,False
MEXICO,VERACRUZ,2005-05-22,no_effect,nb,briere,5,0.75,seir,2.163,False,False
MEXICO,VERACRUZ,2005-05-22,no_effect,nb,briere,7,1.0,hostvector,3.841,False,False
MEXICO,VERACRUZ,2005-05-22,no_effect,nb,briere,7,1.0,seir,3.755,False,False
MEXICO,VERACRUZ,2005-05-22,no_effect,nb,briere,7,0.75,hostvector,3.436,False,False
MEXICO,VERACRUZ,2005-05-22,no_effect,nb,briere,7,0.75,seir,3.242,False,False
MEXICO,VERACRUZ,2005-05-22,no_effect,nb,loglinear,3,1.0,hostvector,3.887,False,False
MEXICO,VERACRUZ,2005-05-22,no_effect,nb,loglinear,3,1.0,seir,3.825,False,False
MEXICO,VERACRUZ,2005-05-22,no_effect,nb,loglinear,3,0.75,hostvector,3.715,False,False
MEXICO,VERACRUZ,2005-05-22,no_effect,nb,loglinear,3,0.75,seir,3.363,False,False
MEXICO,VERACRUZ,2005-05-22,no_effect,nb,loglinear,5,1.0,hostvector,3.624,False,False
MEXICO,VERACRUZ,2005-05-22,no_effect,nb,loglinear,5,1.0,seir,3.237,False,False
MEXICO,VERACRUZ,2005-05-22,no_effect,nb,loglinear,5,0.75,hostvector,2.686,False,False
MEXICO,VERACRUZ,2005-05-22,no_effect,nb,loglinear,5,0.75,seir,2.086,False,False
MEXICO,VERACRUZ,2005-05-22,no_effect,nb,loglinear,7,1.0,hostvector,3.786,False,False
MEXICO,VERACRUZ,2005-05-22,no_effect,nb,loglinear,7,1.0,seir,3.587,False,False
MEXICO,VERACRUZ,2005-05-22,no_effect,nb,loglinear,7,0.75,hostvector,3.424,False,False
MEXICO,VERACRUZ,2005-05-22,no_effect,nb,loglinear,7,0.75,seir,3.241,False,False
MEXICO,VERACRUZ,2005-05-22,no_effect,poisson,briere,3,1.0,hostvector,-26.551,True,True
MEXICO,VERACRUZ,2005-05-22,no_effect,poisson,briere,3,1.0,seir,2.466,False,False
MEXICO,VERACRUZ,2005-05-22,no_effect,poisson,briere,3,0.75,hostvector,-206.305,True,True
MEXICO,VERACRUZ,2005-05-22,no_effect,poisson,briere,3,0.75,seir,-44.834,True,True
MEXICO,VERACRUZ,2005-05-22,no_effect,poisson,briere,5,1.0,hostvector,-508.256,True,True
MEXICO,VERACRUZ,2005-05-22,no_effect,poisson,briere,5,1.0,seir,-486.586,True,True
MEXICO,VERACRUZ,2005-05-22,no_effect,poisson,briere,5,0.75,hostvector,-740.565,True,True
MEXICO,VERACRUZ,2005-05-22,no_effect,poisson,briere,5,0.75,seir,-824.306,True,True
MEXICO,VERACRUZ,2005-05-22,no_effect,poisson,briere,7,1.0,hostvector,2.739,False,False
MEXICO,VERACRUZ,2005-05-22,no_effect,poisson,briere,7,1.0,seir,0.371,False,False
MEXICO,VERACRUZ,2005-05-22,no_effect,poisson,briere,7,0.75,hostvector,-2.015,True,False
MEXICO,VERACRUZ,2005-05-22,no_effect,poisson,briere,7,0.75,seir,-10.08,True,True
MEXICO,VERACRUZ,2005-05-22,no_effect,poisson,loglinear,3,1.0,hostvector,-26.698,True,True
MEXICO,VERACRUZ,2005-05-22,no_effect,poisson,loglinear,3,1.0,seir,-5.123,True,True
MEXICO,VERACRUZ,2005-05-22,no_effect,poisson,loglinear,3,0.75,hostvector,-211.976,True,True
MEXICO,VERACRUZ,2005-05-22,no_effect,poisson,loglinear,3,0.75,seir,-58.713,True,True
MEXICO,VERACRUZ,2005-05-22,no_effect,poisson,loglinear,5,1.0,hostvector,-540.327,True,True
MEXICO,VERACRUZ,2005-05-22,no_effect,poisson,loglinear,5,1.0,seir,-511.716,True,True
MEXICO,VERACRUZ,2005-05-22,no_effect,poisson,loglinear,5,0.75,hostvector,-782.89,True,True
MEXICO,VERACRUZ,2005-05-22,no_effect,poisson,loglinear,5,0.75,seir,-851.378,True,True
MEXICO,VERACRUZ,2005-05-22,no_effect,poisson,loglinear,7,1.0,hostvector,-4.332,True,True
MEXICO,VERACRUZ,2005-05-22,no_effect,poisson,loglinear,7,1.0,seir,-3.86,True,False
MEXICO,VERACRUZ,2005-05-22,no_effect,poisson,loglinear,7,0.75,hostvector,-17.391,True,True
MEXICO,VERACRUZ,2005-05-22,no_effect,poisson,loglinear,7,0.75,seir,-10.395,True,True
MEXICO,VERACRUZ,2005-05-22,climate,nb,briere,3,1.0,hostvector,-19.75,True,True
MEXICO,VERACRUZ,2005-05-22,climate,nb,briere,3,1.0,seir,-16.572,True,True
MEXICO,VERACRUZ,2005-05-22,climate,nb,briere,3,0.75,hostvector,-4.737,True,True
MEXICO,VERACRUZ,2005-05-22,climate,nb,briere,3,0.75,seir,-3.753,True,False
MEXICO,VERACRUZ,2005-05-22,climate,nb,briere,5,1.0,hostvector,-23.9,True,True
MEXICO,VERACRUZ,2005-05-22,climate,nb,briere,5,1.0,seir,-20.32,True,True
MEXICO,VERACRUZ,2005-05-22,climate,nb,briere,5,0.75,hostvector,-8.895,True,True
MEXICO,VERACRUZ,2005-05-22,climate,nb,briere,5,0.75,seir,-7.49,True,True
MEXICO,VERACRUZ,2005-05-22,climate,nb,briere,7,1.0,hostvector,-24.455,True,True
MEXICO,VERACRUZ,2005-05-22,climate,nb,briere,7,1.0,seir,-21.344,True,True
MEXICO,VERACRUZ,2005-05-22,climate,nb,briere,7,0.75,hostvector,-9.825,True,True
MEXICO,VERACRUZ,2005-05-22,climate,nb,briere,7,0.75,seir,-8.447,True,True
MEXICO,VERACRUZ,2005-05-22,climate,nb,loglinear,3,1.0,hostvector,-21.237,True,True
MEXICO,VERACRUZ,2005-05-22,climate,nb,loglinear,3,1.0,seir,-16.42,True,True
MEXICO,VERACRUZ,2005-05-22,climate,nb,loglinear,3,0.75,hostvector,-6.35,True,True
MEXICO,VERACRUZ,2005-05-22,climate,nb,loglinear,3,0.75,seir,-3.592,True,False
MEXICO,VERACRUZ,2005-05-22,climate,nb,loglinear,5,1.0,hostvector,-24.472,True,True
MEXICO,VERACRUZ,2005-05-22,climate,nb,loglinear,5,1.0,seir,-20.376,True,True
MEXICO,VERACRUZ,2005-05-22,climate,nb,loglinear,5,0.75,hostvector,-9.484,True,True
MEXICO,VERACRUZ,2005-05-22,climate,nb,loglinear,5,0.75,seir,-7.557,True,True
MEXICO,VERACRUZ,2005-05-22,climate,nb,loglinear,7,1.0,hostvector,-25.6,True,True
MEXICO,VERACRUZ,2005-05-22,climate,nb,loglinear,7,1.0,seir,-21.236,True,True
MEXICO,VERACRUZ,2005-05-22,climate,nb,loglinear,7,0.75,hostvector,-10.594,True,True
MEXICO,VERACRUZ,2005-05-22,climate,nb,loglinear,7,0.75,seir,-8.402,True,True
MEXICO,VERACRUZ,2005-05-22,climate,poisson,briere,3,1.0,hostvector,-356.241,True,True
MEXICO,VERACRUZ,2005-05-22,climate,poisson,briere,3,1.0,seir,-380.654,True,True
MEXICO,VERACRUZ,2005-05-22,climate,poisson,briere,3,0.75,hostvector,-296.65,True,True
MEXICO,VERACRUZ,2005-05-22,climate,poisson,briere,3,0.75,seir,-325.048,True,True
MEXICO,VERACRUZ,2005-05-22,climate,poisson,briere,5,1.0,hostvector,-973.684,True,True
MEXICO,VERACRUZ,2005-05-22,climate,poisson,briere,5,1.0,seir,-1055.437,True,True
MEXICO,VERACRUZ,2005-05-22,climate,poisson,briere,5,0.75,hostvector,-912.955,True,True
MEXICO,VERACRUZ,2005-05-22,climate,poisson,briere,5,0.75,seir,-1003.326,True,True
MEXICO,VERACRUZ,2005-05-22,climate,poisson,briere,7,1.0,hostvector,-1349.7,True,True
MEXICO,VERACRUZ,2005-05-22,climate,poisson,briere,7,1.0,seir,-1376.283,True,True
MEXICO,VERACRUZ,2005-05-22,climate,poisson,briere,7,0.75,hostvector,-1288.207,True,True
MEXICO,VERACRUZ,2005-05-22,climate,poisson,briere,7,0.75,seir,-1320.107,True,True
MEXICO,VERACRUZ,2005-05-22,climate,poisson,loglinear,3,1.0,hostvector,-352.91,True,True
MEXICO,VERACRUZ,2005-05-22,climate,poisson,loglinear,3,1.0,seir,-379.05,True,True
MEXICO,VERACRUZ,2005-05-22,climate,poisson,loglinear,3,0.75,hostvector,-294.933,True,True
MEXICO,VERACRUZ,2005-05-22,climate,poisson,loglinear,3,0.75,seir,-324.055,True,True
MEXICO,VERACRUZ,2005-05-22,climate,poisson,loglinear,5,1.0,hostvector,-977.059,True,True
MEXICO,VERACRUZ,2005-05-22,climate,poisson,loglinear,5,1.0,seir,-1065.849,True,True
MEXICO,VERACRUZ,2005-05-22,climate,poisson,loglinear,5,0.75,hostvector,-915.356,True,True
MEXICO,VERACRUZ,2005-05-22,climate,poisson,loglinear,5,0.75,seir,-1012.654,True,True
MEXICO,VERACRUZ,2005-05-22,climate,poisson,loglinear,7,1.0,hostvector,-1348.175,True,True
MEXICO,VERACRUZ,2005-05-22,climate,poisson,loglinear,7,1.0,seir,-1377.136,True,True
MEXICO,VERACRUZ,2005-05-22,climate,poisson,loglinear,7,0.75,hostvector,-1287.988,True,True
MEXICO,VERACRUZ,2005-05-22,climate,poisson,loglinear,7,0.75,seir,-1321.434,True,True
MEXICO,COLIMA,2005-06-26,no_effect,nb,briere,3,1.0,hostvector,3.93,False,False
MEXICO,COLIMA,2005-06-26,no_effect,nb,briere,3,1.0,seir,3.828,False,False
MEXICO,COLIMA,2005-06-26,no_effect,nb,briere,3,0.75,hostvector,3.061,False,False
MEXICO,COLIMA,2005-06-26,no_effect,nb,briere,3,0.75,seir,3.142,False,False
MEXICO,COLIMA,2005-06-26,no_effect,nb,briere,5,1.0,hostvector,3.47,False,False
MEXICO,COLIMA,2005-06-26,no_effect,nb,briere,5,1.0,seir,3.546,False,False
MEXICO,COLIMA,2005-06-26,no_effect,nb,briere,5,0.75,hostvector,3.368,False,False
MEXICO,COLIMA,2005-06-26,no_effect,nb,briere,5,0.75,seir,3.891,False,False
MEXICO,COLIMA,2005-06-26,no_effect,nb,briere,7,1.0,hostvector,3.298,False,False
MEXICO,COLIMA,2005-06-26,no_effect,nb,briere,7,1.0,seir,3.634,False,False
MEXICO,COLIMA,2005-06-26,no_effect,nb,briere,7,0.75,hostvector,3.043,False,False
MEXICO,COLIMA,2005-06-26,no_effect,nb,briere,7,0.75,seir,3.696,False,False
MEXICO,COLIMA,2005-06-26,no_effect,nb,loglinear,3,1.0,hostvector,2.117,False,False
MEXICO,COLIMA,2005-06-26,no_effect,nb,loglinear,3,1.0,seir,2.654,False,False
MEXICO,COLIMA,2005-06-26,no_effect,nb,loglinear,3,0.75,hostvector,-1.618,True,False
MEXICO,COLIMA,2005-06-26,no_effect,nb,loglinear,3,0.75,seir,-0.277,True,False
MEXICO,COLIMA,2005-06-26,no_effect,nb,loglinear,5,1.0,hostvector,1.924,False,False
MEXICO,COLIMA,2005-06-26,no_effect,nb,loglinear,5,1.0,seir,2.618,False,False
MEXICO,COLIMA,2005-06-26,no_effect,nb,loglinear,5,0.75,hostvector,0.043,False,False
MEXICO,COLIMA,2005-06-26,no_effect,nb,loglinear,5,0.75,seir,1.173,False,False
MEXICO,COLIMA,2005-06-26,no_effect,nb,loglinear,7,1.0,hostvector,2.587,False,False
MEXICO,COLIMA,2005-06-26,no_effect,nb,loglinear,7,1.0,seir,2.936,False,False
MEXICO,COLIMA,2005-06-26,no_effect,nb,loglinear,7,0.75,hostvector,0.787,False,False
MEXICO,COLIMA,2005-06-26,no_effect,nb,loglinear,7,0.75,seir,1.408,False,False
MEXICO,COLIMA,2005-06-26,no_effect,poisson,briere,3,1.0,hostvector,3.111,False,False
MEXICO,COLIMA,2005-06-26,no_effect,poisson,briere,3,1.0,seir,2.116,False,False
MEXICO,COLIMA,2005-06-26,no_effect,poisson,briere,3,0.75,hostvector,-4.459,True,True
MEXICO,COLIMA,2005-06-26,no_effect,poisson,briere,3,0.75,seir,-2.747,True,False
MEXICO,COLIMA,2005-06-26,no_effect,poisson,briere,5,1.0,hostvector,-3.624,True,False
MEXICO,COLIMA,2005-06-26,no_effect,poisson,briere,5,1.0,seir,-3.207,True,False
MEXICO,COLIMA,2005-06-26,no_effect,poisson,briere,5,0.75,hostvector,-6.667,True,True
MEXICO,COLIMA,2005-06-26,no_effect,poisson,briere,5,0.75,seir,-0.384,True,False
MEXICO,COLIMA,2005-06-26,no_effect,poisson,briere,7,1.0,hostvector,-4.041,True,True
MEXICO,COLIMA,2005-06-26,no_effect,poisson,briere,7,1.0,seir,-0.963,True,False
MEXICO,COLIMA,2005-06-26,no_effect,poisson,briere,7,0.75,hostvector,-7.683,True,True
MEXICO,COLIMA,2005-06-26,no_effect,poisson,briere,7,0.75,seir,-2.146,True,False
MEXICO,COLIMA,2005-06-26,no_effect,poisson,loglinear,3,1.0,hostvector,-18.261,True,True
MEXICO,COLIMA,2005-06-26,no_effect,poisson,loglinear,3,1.0,seir,-11.715,True,True
MEXICO,COLIMA,2005-06-26,no_effect,poisson,loglinear,3,0.75,hostvector,-97.028,True,True
MEXICO,COLIMA,2005-06-26,no_effect,poisson,loglinear,3,0.75,seir,-82.968,True,True
MEXICO,COLIMA,2005-06-26,no_effect,poisson,loglinear,5,1.0,hostvector,-23.727,True,True
MEXICO,COLIMA,2005-06-26,no_effect,poisson,loglinear,5,1.0,seir,-12.497,True,True
MEXICO,COLIMA,2005-06-26,no_effect,poisson,loglinear,5,0.75,hostvector,-26.437,True,True
MEXICO,COLIMA,2005-06-26,no_effect,poisson,loglinear,5,0.75,seir,-56.256,True,True
MEXICO,COLIMA,2005-06-26,no_effect,poisson,loglinear,7,1.0,hostvector,-8.005,True,True
MEXICO,COLIMA,2005-06-26,no_effect,poisson,loglinear,7,1.0,seir,-4.147,True,True
MEXICO,COLIMA,2005-06-26,no_effect,poisson,loglinear,7,0.75,hostvector,-67.91,True,True
MEXICO,COLIMA,2005-06-26,no_effect,poisson,loglinear,7,0.75,seir,-56.064,True,True
MEXICO,COLIMA,2005-06-26,climate,nb,briere,3,1.0,hostvector,-1.544,True,False
MEXICO,COLIMA,2005-06-26,climate,nb,briere,3,1.0,seir,1.693,False,False
MEXICO,COLIMA,2005-06-26,climate,nb,briere,3,0.75,hostvector,-3.465,True,False
MEXICO,COLIMA,2005-06-26,climate,nb,briere,3,0.75,seir,-0.437,True,False
MEXICO,COLIMA,2005-06-26,climate,nb,briere,5,1.0,hostvector,1.142,False,False
MEXICO,COLIMA,2005-06-26,climate,nb,briere,5,1.0,seir,1.061,False,False
MEXICO,COLIMA,2005-06-26,climate,nb,briere,5,0.75,hostvector,1.25,False,False
MEXICO,COLIMA,2005-06-26,climate,nb,briere,5,0.75,seir,0.741,False,False
MEXICO,COLIMA,2005-06-26,climate,nb,briere,7,1.0,hostvector,1.178,False,False
MEXICO,COLIMA,2005-06-26,climate,nb,briere,7,1.0,seir,1.483,False,False
MEXICO,COLIMA,2005-06-26,climate,nb,briere,7,0.75,hostvector,1.313,False,False
MEXICO,COLIMA,2005-06-26,climate,nb,briere,7,0.75,seir,1.036,False,False
MEXICO,COLIMA,2005-06-26,climate,nb,loglinear,3,1.0,hostvector,-2.686,True,False
MEXICO,COLIMA,2005-06-26,climate,nb,loglinear,3,1.0,seir,0.724,False,False
MEXICO,COLIMA,2005-06-26,climate,nb,loglinear,3,0.75,hostvector,-2.632,True,False
MEXICO,COLIMA,2005-06-26,climate,nb,loglinear,3,0.75,seir,-2.106,True,False
MEXICO,COLIMA,2005-06-26,climate,nb,loglinear,5,1.0,hostvector,0.107,False,False
MEXICO,COLIMA,2005-06-26,climate,nb,loglinear,5,1.0,seir,1.385,False,False
MEXICO,COLIMA,2005-06-26,climate,nb,loglinear,5,0.75,hostvector,-1.263,True,False
MEXICO,COLIMA,2005-06-26,climate,nb,loglinear,5,0.75,seir,1.327,False,False
MEXICO,COLIMA,2005-06-26,climate,nb,loglinear,7,1.0,hostvector,-2.752,True,False
MEXICO,COLIMA,2005-06-26,climate,nb,loglinear,7,1.0,seir,1.709,False,False
MEXICO,COLIMA,2005-06-26,climate,nb,loglinear,7,0.75,hostvector,-3.03,True,False
MEXICO,COLIMA,2005-06-26,climate,nb,loglinear,7,0.75,seir,1.576,False,False
MEXICO,COLIMA,2005-06-26,climate,poisson,briere,3,1.0,hostvector,-128.084,True,True
MEXICO,COLIMA,2005-06-26,climate,poisson,briere,3,1.0,seir,-95.08,True,True
MEXICO,COLIMA,2005-06-26,climate,poisson,briere,3,0.75,hostvector,-112.057,True,True
MEXICO,COLIMA,2005-06-26,climate,poisson,briere,3,0.75,seir,-87.82,True,True
MEXICO,COLIMA,2005-06-26,climate,poisson,briere,5,1.0,hostvector,-46.164,True,True
MEXICO,COLIMA,2005-06-26,climate,poisson,briere,5,1.0,seir,-51.123,True,True
MEXICO,COLIMA,2005-06-26,climate,poisson,briere,5,0.75,hostvector,-35.225,True,True
MEXICO,COLIMA,2005-06-26,climate,poisson,briere,5,0.75,seir,-42.007,True,True
MEXICO,COLIMA,2005-06-26,climate,poisson,briere,7,1.0,hostvector,-43.97,True,True
MEXICO,COLIMA,2005-06-26,climate,poisson,briere,7,1.0,seir,-45.204,True,True
MEXICO,COLIMA,2005-06-26,climate,poisson,briere,7,0.75,hostvector,-30.136,True,True
MEXICO,COLIMA,2005-06-26,climate,poisson,briere,7,0.75,seir,-32.32,True,True
MEXICO,COLIMA,2005-06-26,climate,poisson,loglinear,3,1.0,hostvector,-140.351,True,True
MEXICO,COLIMA,2005-06-26,climate,poisson,loglinear,3,1.0,seir,-98.714,True,True
MEXICO,COLIMA,2005-06-26,climate,poisson,loglinear,3,0.75,hostvector,-100.076,True,True
MEXICO,COLIMA,2005-06-26,climate,poisson,loglinear,3,0.75,seir,-94.105,True,True
MEXICO,COLIMA,2005-06-26,climate,poisson,loglinear,5,1.0,hostvector,-40.85,True,True
MEXICO,COLIMA,2005-06-26,climate,poisson,loglinear,5,1.0,seir,-45.879,True,True
MEXICO,COLIMA,2005-06-26,climate,poisson,loglinear,5,0.75,hostvector,-31.503,True,True
MEXICO,COLIMA,2005-06-26,climate,poisson,loglinear,5,0.75,seir,-38.409,True,True
MEXICO,COLIMA,2005-06-26,climate,poisson,loglinear,7,1.0,hostvector,-39.394,True,True
MEXICO,COLIMA,2005-06-26,climate,poisson,loglinear,7,1.0,seir,-41.211,True,True
MEXICO,COLIMA,2005-06-26,climate,poisson,loglinear,7,0.75,hostvector,-26.899,True,True
MEXICO,COLIMA,2005-06-26,climate,poisson,loglinear,7,0.75,seir,-29.291,True,True
MEXICO,CHIAPAS,2006-04-02,no_effect,nb,briere,3,1.0,hostvector,0.171,False,False
MEXICO,CHIAPAS,2006-04-02,no_effect,nb,briere,3,1.0,seir,0.541,False,False
MEXICO,CHIAPAS,2006-04-02,no_effect,nb,briere,3,0.75,hostvector,3.774,False,False
MEXICO,CHIAPAS,2006-04-02,no_effect,nb,briere,3,0.75,seir,3.588,False,False
MEXICO,CHIAPAS,2006-04-02,no_effect,nb,briere,5,1.0,hostvector,-0.169,True,False
MEXICO,CHIAPAS,2006-04-02,no_effect,nb,briere,5,1.0,seir,1.471,False,False
MEXICO,CHIAPAS,2006-04-02,no_effect,nb,briere,5,0.75,hostvector,3.982,False,False
MEXICO,CHIAPAS,2006-04-02,no_effect,nb,briere,5,0.75,seir,3.972,False,False
MEXICO,CHIAPAS,2006-04-02,no_effect,nb,briere,7,1.0,hostvector,-0.321,True,False
MEXICO,CHIAPAS,2006-04-02,no_effect,nb,briere,7,1.0,seir,0.045,False,False
MEXICO,CHIAPAS,2006-04-02,no_effect,nb,briere,7,0.75,hostvector,3.871,False,False
MEXICO,CHIAPAS,2006-04-02,no_effect,nb,briere,7,0.75,seir,4.517,False,False
MEXICO,CHIAPAS,2006-04-02,no_effect,nb,loglinear,3,1.0,hostvector,-0.247,True,False
MEXICO,CHIAPAS,2006-04-02,no_effect,nb,loglinear,3,1.0,seir,0.028,False,False
MEXICO,CHIAPAS,2006-04-02,no_effect,nb,loglinear,3,0.75,hostvector,3.778,False,False
MEXICO,CHIAPAS,2006-04-02,no_effect,nb,loglinear,3,0.75,seir,3.574,False,False
MEXICO,CHIAPAS,2006-04-02,no_effect,nb,loglinear,5,1.0,hostvector,-0.546,True,False
MEXICO,CHIAPAS,2006-04-02,no_effect,nb,loglinear,5,1.0,seir,-0.153,True,False
MEXICO,CHIAPAS,2006-04-02,no_effect,nb,loglinear,5,0.75,hostvector,3.967,False,False
MEXICO,CHIAPAS,2006-04-02,no_effect,nb,loglinear,5,0.75,seir,3.932,False,False
MEXICO,CHIAPAS,2006-04-02,no_effect,nb,loglinear,7,1.0,hostvector,-0.67,True,False
MEXICO,CHIAPAS,2006-04-02,no_effect,nb,loglinear,7,1.0,seir,-0.334,True,False
MEXICO,CHIAPAS,2006-04-02,no_effect,nb,loglinear,7,0.75,hostvector,3.865,False,False
MEXICO,CHIAPAS,2006-04-02,no_effect,nb,loglinear,7,0.75,seir,3.898,False,False
MEXICO,CHIAPAS,2006-04-02,no_effect,poisson,briere,3,1.0,hostvector,-17.752,True,True
MEXICO,CHIAPAS,2006-04-02,no_effect,poisson,briere,3,1.0,seir,-16.584,True,True
MEXICO,CHIAPAS,2006-04-02,no_effect,poisson,briere,3,0.75,hostvector,3.678,False,False
MEXICO,CHIAPAS,2006-04-02,no_effect,poisson,briere,3,0.75,seir,3.374,False,False
MEXICO,CHIAPAS,2006-04-02,no_effect,poisson,briere,5,1.0,hostvector,-20.732,True,True
MEXICO,CHIAPAS,2006-04-02,no_effect,poisson,briere,5,1.0,seir,-18.955,True,True
MEXICO,CHIAPAS,2006-04-02,no_effect,poisson,briere,5,0.75,hostvector,2.889,False,False
MEXICO,CHIAPAS,2006-04-02,no_effect,poisson,briere,5,0.75,seir,3.391,False,False
MEXICO,CHIAPAS,2006-04-02,no_effect,poisson,briere,7,1.0,hostvector,-20.864,True,True
MEXICO,CHIAPAS,2006-04-02,no_effect,poisson,briere,7,1.0,seir,-19.467,True,True
MEXICO,CHIAPAS,2006-04-02,no_effect,poisson,briere,7,0.75,hostvector,1.421,False,False
MEXICO,CHIAPAS,2006-04-02,no_effect,poisson,briere,7,0.75,seir,2.033,False,False
MEXICO,CHIAPAS,2006-04-02,no_effect,poisson,loglinear,3,1.0,hostvector,-19.114,True,True
MEXICO,CHIAPAS,2006-04-02,no_effect,poisson,loglinear,3,1.0,seir,-18.35,True,True
MEXICO,CHIAPAS,2006-04-02,no_effect,poisson,loglinear,3,0.75,hostvector,3.75,False,False
MEXICO,CHIAPAS,2006-04-02,no_effect,poisson,loglinear,3,0.75,seir,3.359,False,False
MEXICO,CHIAPAS,2006-04-02,no_effect,poisson,loglinear,5,1.0,hostvector,-21.842,True,True
MEXICO,CHIAPAS,2006-04-02,no_effect,poisson,loglinear,5,1.0,seir,-20.399,True,True
MEXICO,CHIAPAS,2006-04-02,no_effect,poisson,loglinear,5,0.75,hostvector,2.908,False,False
MEXICO,CHIAPAS,2006-04-02,no_effect,poisson,loglinear,5,0.75,seir,3.365,False,False
MEXICO,CHIAPAS,2006-04-02,no_effect,poisson,loglinear,7,1.0,hostvector,-21.899,True,True
MEXICO,CHIAPAS,2006-04-02,no_effect,poisson,loglinear,7,1.0,seir,-20.766,True,True
MEXICO,CHIAPAS,2006-04-02,no_effect,poisson,loglinear,7,0.75,hostvector,1.421,False,False
MEXICO,CHIAPAS,2006-04-02,no_effect,poisson,loglinear,7,0.75,seir,2.002,False,False
MEXICO,CHIAPAS,2006-04-02,climate,nb,briere,3,1.0,hostvector,-38.641,True,True
MEXICO,CHIAPAS,2006-04-02,climate,nb,briere,3,1.0,seir,-38.494,True,True
MEXICO,CHIAPAS,2006-04-02,climate,nb,briere,3,0.75,hostvector,-23.572,True,True
MEXICO,CHIAPAS,2006-04-02,climate,nb,briere,3,0.75,seir,-26.132,True,True
MEXICO,CHIAPAS,2006-04-02,climate,nb,briere,5,1.0,hostvector,-51.193,True,True
MEXICO,CHIAPAS,2006-04-02,climate,nb,briere,5,1.0,seir,-49.484,True,True
MEXICO,CHIAPAS,2006-04-02,climate,nb,briere,5,0.75,hostvector,-36.266,True,True
MEXICO,CHIAPAS,2006-04-02,climate,nb,briere,5,0.75,seir,-36.512,True,True
MEXICO,CHIAPAS,2006-04-02,climate,nb,briere,7,1.0,hostvector,-52.414,True,True
MEXICO,CHIAPAS,2006-04-02,climate,nb,briere,7,1.0,seir,-50.677,True,True
MEXICO,CHIAPAS,2006-04-02,climate,nb,briere,7,0.75,hostvector,-37.973,True,True
MEXICO,CHIAPAS,2006-04-02,climate,nb,briere,7,0.75,seir,-37.44,True,True
MEXICO,CHIAPAS,2006-04-02,climate,nb,loglinear,3,1.0,hostvector,-38.167,True,True
MEXICO,CHIAPAS,2006-04-02,climate,nb,loglinear,3,1.0,seir,-38.922,True,True
MEXICO,CHIAPAS,2006-04-02,climate,nb,loglinear,3,0.75,hostvector,-22.991,True,True
MEXICO,CHIAPAS,2006-04-02,climate,nb,loglinear,3,0.75,seir,-25.558,True,True
MEXICO,CHIAPAS,2006-04-02,climate,nb,loglinear,5,1.0,hostvector,-51.412,True,True
MEXICO,CHIAPAS,2006-04-02,climate,nb,loglinear,5,1.0,seir,-50.234,True,True
MEXICO,CHIAPAS,2006-04-02,climate,nb,loglinear,5,0.75,hostvector,-36.432,True,True
MEXICO,CHIAPAS,2006-04-02,climate,nb,loglinear,5,0.75,seir,-36.878,True,True
MEXICO,CHIAPAS,2006-04-02,climate,nb,loglinear,7,1.0,hostvector,-52.468,True,True
MEXICO,CHIAPAS,2006-04-02,climate,nb,loglinear,7,1.0,seir,-50.907,True,True
MEXICO,CHIAPAS,2006-04-02,climate,nb,loglinear,7,0.75,hostvector,-38.094,True,True
MEXICO,CHIAPAS,2006-04-02,climate,nb,loglinear,7,0.75,seir,-37.668,True,True
MEXICO,CHIAPAS,2006-04-02,climate,poisson,briere,3,1.0,hostvector,-18.737,True,True
MEXICO,CHIAPAS,2006-04-02,climate,poisson,briere,3,1.0,seir,-31.98,True,True
MEXICO,CHIAPAS,2006-04-02,climate,poisson,briere,3,0.75,hostvector,-13.833,True,True
MEXICO,CHIAPAS,2006-04-02,climate,poisson,briere,3,0.75,seir,-30.113,True,True
MEXICO,CHIAPAS,2006-04-02,climate,poisson,briere,5,1.0,hostvector,-123.631,True,True
MEXICO,CHIAPAS,2006-04-02,climate,poisson,briere,5,1.0,seir,-143.033,True,True
MEXICO,CHIAPAS,2006-04-02,climate,poisson,briere,5,0.75,hostvector,-118.658,True,True
MEXICO,CHIAPAS,2006-04-02,climate,poisson,briere,5,0.75,seir,-140.038,True,True
MEXICO,CHIAPAS,2006-04-02,climate,poisson,briere,7,1.0,hostvector,-126.908,True,True
MEXICO,CHIAPAS,2006-04-02,climate,poisson,briere,7,1.0,seir,-136.893,True,True
MEXICO,CHIAPAS,2006-04-02,climate,poisson,briere,7,0.75,hostvector,-122.166,True,True
MEXICO,CHIAPAS,2006-04-02,climate,poisson,briere,7,0.75,seir,-134.772,True,True
MEXICO,CHIAPAS,2006-04-02,climate,poisson,loglinear,3,1.0,hostvector,-15.496,True,True
MEXICO,CHIAPAS,2006-04-02,climate,poisson,loglinear,3,1.0,seir,-28.146,True,True
MEXICO,CHIAPAS,2006-04-02,climate,poisson,loglinear,3,0.75,hostvector,-11.471,True,True
MEXICO,CHIAPAS,2006-04-02,climate,poisson,loglinear,3,0.75,seir,-24.47,True,True
MEXICO,CHIAPAS,2006-04-02,climate,poisson,loglinear,5,1.0,hostvector,-120.973,True,True
MEXICO,CHIAPAS,2006-04-02,climate,poisson,loglinear,5,1.0,seir,-142.378,True,True
MEXICO,CHIAPAS,2006-04-02,climate,poisson,loglinear,5,0.75,hostvector,-116.568,True,True
MEXICO,CHIAPAS,2006-04-02,climate,poisson,loglinear,5,0.75,seir,-138.452,True,True
MEXICO,CHIAPAS,2006-04-02,climate,poisson,loglinear,7,1.0,hostvector,-126.122,True,True
MEXICO,CHIAPAS,2006-04-02,climate,poisson,loglinear,7,1.0,seir,-137.458,True,True
MEXICO,CHIAPAS,2006-04-02,climate,poisson,loglinear,7,0.75,hostvector,-121.602,True,True
MEXICO,CHIAPAS,2006-04-02,climate,poisson,loglinear,7,0.75,seir,-134.164,True,True
MEXICO,GUERRERO,2006-06-18,no_effect,nb,briere,3,1.0,hostvector,3.591,False,False
MEXICO,GUERRERO,2006-06-18,no_effect,nb,briere,3,1.0,seir,3.713,False,False
MEXICO,GUERRERO,2006-06-18,no_effect,nb,briere,3,0.75,hostvector,2.349,False,False
MEXICO,GUERRERO,2006-06-18,no_effect,nb,briere,3,0.75,seir,2.751,False,False
MEXICO,GUERRERO,2006-06-18,no_effect,nb,briere,5,1.0,hostvector,2.876,False,False
MEXICO,GUERRERO,2006-06-18,no_effect,nb,briere,5,1.0,seir,3.098,False,False
MEXICO,GUERRERO,2006-06-18,no_effect,nb,briere,5,0.75,hostvector,3.865,False,False
MEXICO,GUERRERO,2006-06-18,no_effect,nb,briere,5,0.75,seir,3.998,False,False
MEXICO,GUERRERO,2006-06-18,no_effect,nb,briere,7,1.0,hostvector,0.779,False,False
MEXICO,GUERRERO,2006-06-18,no_effect,nb,briere,7,1.0,seir,1.696,False,False
MEXICO,GUERRERO,2006-06-18,no_effect,nb,briere,7,0.75,hostvector,1.76,False,False
MEXICO,GUERRERO,2006-06-18,no_effect,nb,briere,7,0.75,seir,1.405,False,False
MEXICO,GUERRERO,2006-06-18,no_effect,nb,loglinear,3,1.0,hostvector,3.251,False,False
MEXICO,GUERRERO,2006-06-18,no_effect,nb,loglinear,3,1.0,seir,3.419,False,False
MEXICO,GUERRERO,2006-06-18,no_effect,nb,loglinear,3,0.75,hostvector,2.338,False,False
MEXICO,GUERRERO,2006-06-18,no_effect,nb,loglinear,3,0.75,seir,2.736,False,False
MEXICO,GUERRERO,2006-06-18,no_effect,nb,loglinear,5,1.0,hostvector,2.847,False,False
MEXICO,GUERRERO,2006-06-18,no_effect,nb,loglinear,5,1.0,seir,3.068,False,False
MEXICO,GUERRERO,2006-06-18,no_effect,nb,loglinear,5,0.75,hostvector,3.866,False,False
MEXICO,GUERRERO,2006-06-18,no_effect,nb,loglinear,5,0.75,seir,3.998,False,False
MEXICO,GUERRERO,2006-06-18,no_effect,nb,loglinear,7,1.0,hostvector,0.763,False,False
MEXICO,GUERRERO,2006-06-18,no_effect,nb,loglinear,7,1.0,seir,1.662,False,False
MEXICO,GUERRERO,2006-06-18,no_effect,nb,loglinear,7,0.75,hostvector,1.733,False,False
MEXICO,GUERRERO,2006-06-18,no_effect,nb,loglinear,7,0.75,seir,1.375,False,False
MEXICO,GUERRERO,2006-06-18,no_effect,poisson,briere,3,1.0,hostvector,0.363,False,False
MEXICO,GUERRERO,2006-06-18,no_effect,poisson,briere,3,1.0,seir,-3.307,True,False
MEXICO,GUERRERO,2006-06-18,no_effect,poisson,briere,3,0.75,hostvector,-218.695,True,True
MEXICO,GUERRERO,2006-06-18,no_effect,poisson,briere,3,0.75,seir,-176.355,True,True
MEXICO,GUERRERO,2006-06-18,no_effect,poisson,briere,5,1.0,hostvector,-68.037,True,True
MEXICO,GUERRERO,2006-06-18,no_effect,poisson,briere,5,1.0,seir,-81.551,True,True
MEXICO,GUERRERO,2006-06-18,no_effect,poisson,briere,5,0.75,hostvector,0.071,False,False
MEXICO,GUERRERO,2006-06-18,no_effect,poisson,briere,5,0.75,seir,-1.242,True,False
MEXICO,GUERRERO,2006-06-18,no_effect,poisson,briere,7,1.0,hostvector,-270.916,True,True
MEXICO,GUERRERO,2006-06-18,no_effect,poisson,briere,7,1.0,seir,-219.301,True,True
MEXICO,GUERRERO,2006-06-18,no_effect,poisson,briere,7,0.75,hostvector,-224.396,True,True
MEXICO,GUERRERO,2006-06-18,no_effect,poisson,briere,7,0.75,seir,-196.896,True,True
MEXICO,GUERRERO,2006-06-18,no_effect,poisson,loglinear,3,1.0,hostvector,-17.494,True,True
MEXICO,GUERRERO,2006-06-18,no_effect,poisson,loglinear,3,1.0,seir,-24.171,True,True
MEXICO,GUERRERO,2006-06-18,no_effect,poisson,loglinear,3,0.75,hostvector,-229.389,True,True
MEXICO,GUERRERO,2006-06-18,no_effect,poisson,loglinear,3,0.75,seir,-184.891,True,True
MEXICO,GUERRERO,2006-06-18,no_effect,poisson,loglinear,5,1.0,hostvector,-68.843,True,True
MEXICO,GUERRERO,2006-06-18,no_effect,poisson,loglinear,5,1.0,seir,-85.06,True,True
MEXICO,GUERRERO,2006-06-18,no_effect,poisson,loglinear,5,0.75,hostvector,-1.884,True,False
MEXICO,GUERRERO,2006-06-18,no_effect,poisson,loglinear,5,0.75,seir,-1.374,True,False
MEXICO,GUERRERO,2006-06-18,no_effect,poisson,loglinear,7,1.0,hostvector,-273.764,True,True
MEXICO,GUERRERO,2006-06-18,no_effect,poisson,loglinear,7,1.0,seir,-220.653,True,True
MEXICO,GUERRERO,2006-06-18,no_effect,poisson,loglinear,7,0.75,hostvector,-228.582,True,True
MEXICO,GUERRERO,2006-06-18,no_effect,poisson,loglinear,7,0.75,seir,-197.943,True,True
MEXICO,GUERRERO,2006-06-18,climate,nb,briere,3,1.0,hostvector,-7.711,True,True
MEXICO,GUERRERO,2006-06-18,climate,nb,briere,3,1.0,seir,-6.192,True,True
MEXICO,GUERRERO,2006-06-18,climate,nb,briere,3,0.75,hostvector,1.17,False,False
MEXICO,GUERRERO,2006-06-18,climate,nb,briere,3,0.75,seir,1.109,False,False
MEXICO,GUERRERO,2006-06-18,climate,nb,briere,5,1.0,hostvector,-5.174,True,True
MEXICO,GUERRERO,2006-06-18,climate,nb,briere,5,1.0,seir,-3.283,True,False
MEXICO,GUERRERO,2006-06-18,climate,nb,briere,5,0.75,hostvector,3.752,False,False
MEXICO,GUERRERO,2006-06-18,climate,nb,briere,5,0.75,seir,3.999,False,False
MEXICO,GUERRERO,2006-06-18,climate,nb,briere,7,1.0,hostvector,-0.128,True,False
MEXICO,GUERRERO,2006-06-18,climate,nb,briere,7,1.0,seir,1.227,False,False
MEXICO,GUERRERO,2006-06-18,climate,nb,briere,7,0.75,hostvector,1.474,False,False
MEXICO,GUERRERO,2006-06-18,climate,nb,briere,7,0.75,seir,1.113,False,False
MEXICO,GUERRERO,2006-06-18,climate,nb,loglinear,3,1.0,hostvector,-8.544,True,True
MEXICO,GUERRERO,2006-06-18,climate,nb,loglinear,3,1.0,seir,-6.545,True,True
MEXICO,GUERRERO,2006-06-18,climate,nb,loglinear,3,0.75,hostvector,-0.208,True,False
MEXICO,GUERRERO,2006-06-18,climate,nb,loglinear,3,0.75,seir,-0.718,True,False
MEXICO,GUERRERO,2006-06-18,climate,nb,loglinear,5,1.0,hostvector,-5.822,True,True
MEXICO,GUERRERO,2006-06-18,climate,nb,loglinear,5,1.0,seir,-3.299,True,False
MEXICO,GUERRERO,2006-06-18,climate,nb,loglinear,5,0.75,hostvector,2.741,False,False
MEXICO,GUERRERO,2006-06-18,climate,nb,loglinear,5,0.75,seir,3.993,False,False
MEXICO,GUERRERO,2006-06-18,climate,nb,loglinear,7,1.0,hostvector,-4.844,True,True
MEXICO,GUERRERO,2006-06-18,climate,nb,loglinear,7,1.0,seir,0.852,False,False
MEXICO,GUERRERO,2006-06-18,climate,nb,loglinear,7,0.75,hostvector,1.452,False,False
MEXICO,GUERRERO,2006-06-18,climate,nb,loglinear,7,0.75,seir,1.113,False,False
MEXICO,GUERRERO,2006-06-18,climate,poisson,briere,3,1.0,hostvector,-627.87,True,True
MEXICO,GUERRERO,2006-06-18,climate,poisson,briere,3,1.0,seir,-620.798,True,True
MEXICO,GUERRERO,2006-06-18,climate,poisson,briere,3,0.75,hostvector,-374.73,True,True
MEXICO,GUERRERO,2006-06-18,climate,poisson,briere,3,0.75,seir,-401.468,True,True
MEXICO,GUERRERO,2006-06-18,climate,poisson,briere,5,1.0,hostvector,-64.583,True,True
MEXICO,GUERRERO,2006-06-18,climate,poisson,briere,5,1.0,seir,-50.113,True,True
MEXICO,GUERRERO,2006-06-18,climate,poisson,briere,5,0.75,hostvector,-44.351,True,True
MEXICO,GUERRERO,2006-06-18,climate,poisson,briere,5,0.75,seir,-83.608,True,True
MEXICO,GUERRERO,2006-06-18,climate,poisson,briere,7,1.0,hostvector,-0.936,True,False
MEXICO,GUERRERO,2006-06-18,climate,poisson,briere,7,1.0,seir,-18.775,True,True
MEXICO,GUERRERO,2006-06-18,climate,poisson,briere,7,0.75,hostvector,-256.809,True,True
MEXICO,GUERRERO,2006-06-18,climate,poisson,briere,7,0.75,seir,-205.636,True,True
MEXICO,GUERRERO,2006-06-18,climate,poisson,loglinear,3,1.0,hostvector,-1028.26,True,True
MEXICO,GUERRERO,2006-06-18,climate,poisson,loglinear,3,1.0,seir,-1150.228,True,True
MEXICO,GUERRERO,2006-06-18,climate,poisson,loglinear,3,0.75,hostvector,-796.47,True,True
MEXICO,GUERRERO,2006-06-18,climate,poisson,loglinear,3,0.75,seir,-987.255,True,True
MEXICO,GUERRERO,2006-06-18,climate,poisson,loglinear,5,1.0,hostvector,-66.6,True,True
MEXICO,GUERRERO,2006-06-18,climate,poisson,loglinear,5,1.0,seir,-68.159,True,True
MEXICO,GUERRERO,2006-06-18,climate,poisson,loglinear,5,0.75,hostvector,-44.631,True,True
MEXICO,GUERRERO,2006-06-18,climate,poisson,loglinear,5,0.75,seir,-85.488,True,True
MEXICO,GUERRERO,2006-06-18,climate,poisson,loglinear,7,1.0,hostvector,-17.029,True,True
MEXICO,GUERRERO,2006-06-18,climate,poisson,loglinear,7,1.0,seir,-47.091,True,True
MEXICO,GUERRERO,2006-06-18,climate,poisson,loglinear,7,0.75,hostvector,-267.645,True,True
MEXICO,GUERRERO,2006-06-18,climate,poisson,loglinear,7,0.75,seir,-209.183,True,True
MEXICO,MICHOACAN,2006-06-25,no_effect,nb,briere,3,1.0,hostvector,3.71,False,False
MEXICO,MICHOACAN,2006-06-25,no_effect,nb,briere,3,1.0,seir,3.962,False,False
MEXICO,MICHOACAN,2006-06-25,no_effect,nb,briere,3,0.75,hostvector,2.629,False,False
MEXICO,MICHOACAN,2006-06-25,no_effect,nb,briere,3,0.75,seir,1.987,False,False
MEXICO,MICHOACAN,2006-06-25,no_effect,nb,briere,5,1.0,hostvector,3.631,False,False
MEXICO,MICHOACAN,2006-06-25,no_effect,nb,briere,5,1.0,seir,3.891,False,False
MEXICO,MICHOACAN,2006-06-25,no_effect,nb,briere,5,0.75,hostvector,2.263,False,False
MEXICO,MICHOACAN,2006-06-25,no_effect,nb,briere,5,0.75,seir,1.739,False,False
MEXICO,MICHOACAN,2006-06-25,no_effect,nb,briere,7,1.0,hostvector,3.71,False,False
MEXICO,MICHOACAN,2006-06-25,no_effect,nb,briere,7,1.0,seir,3.918,False,False
MEXICO,MICHOACAN,2006-06-25,no_effect,nb,briere,7,0.75,hostvector,3.161,False,False
MEXICO,MICHOACAN,2006-06-25,no_effect,nb,briere,7,0.75,seir,2.605,False,False
MEXICO,MICHOACAN,2006-06-25,no_effect,nb,loglinear,3,1.0,hostvector,1.464,False,False
MEXICO,MICHOACAN,2006-06-25,no_effect,nb,loglinear,3,1.0,seir,1.534,False,False
MEXICO,MICHOACAN,2006-06-25,no_effect,nb,loglinear,3,0.75,hostvector,2.056,False,False
MEXICO,MICHOACAN,2006-06-25,no_effect,nb,loglinear,3,0.75,seir,1.052,False,False
MEXICO,MICHOACAN,2006-06-25,no_effect,nb,loglinear,5,1.0,hostvector,1.353,False,False
MEXICO,MICHOACAN,2006-06-25,no_effect,nb,loglinear,5,1.0,seir,1.324,False,False
MEXICO,MICHOACAN,2006-06-25,no_effect,nb,loglinear,5,0.75,hostvector,1.832,False,False
MEXICO,MICHOACAN,2006-06-25,no_effect,nb,loglinear,5,0.75,seir,1.164,False,False
MEXICO,MICHOACAN,2006-06-25,no_effect,nb,loglinear,7,1.0,hostvector,1.03,False,False
MEXICO,MICHOACAN,2006-06-25,no_effect,nb,loglinear,7,1.0,seir,1.044,False,False
MEXICO,MICHOACAN,2006-06-25,no_effect,nb,loglinear,7,0.75,hostvector,1.822,False,False
MEXICO,MICHOACAN,2006-06-25,no_effect,nb,loglinear,7,0.75,seir,1.215,False,False
MEXICO,MICHOACAN,2006-06-25,no_effect,poisson,briere,3,1.0,hostvector,-4.116,True,True
MEXICO,MICHOACAN,2006-06-25,no_effect,poisson,briere,3,1.0,seir,-3.009,True,False
MEXICO,MICHOACAN,2006-06-25,no_effect,poisson,briere,3,0.75,hostvector,-11.169,True,True
MEXICO,MICHOACAN,2006-06-25,no_effect,poisson,briere,3,0.75,seir,-12.59,True,True
MEXICO,MICHOACAN,2006-06-25,no_effect,poisson,briere,5,1.0,hostvector,-6.045,True,True
MEXICO,MICHOACAN,2006-06-25,no_effect,poisson,briere,5,1.0,seir,-3.013,True,False
MEXICO,MICHOACAN,2006-06-25,no_effect,poisson,briere,5,0.75,hostvector,-13.517,True,True
MEXICO,MICHOACAN,2006-06-25,no_effect,poisson,briere,5,0.75,seir,-14.474,True,True
MEXICO,MICHOACAN,2006-06-25,no_effect,poisson,briere,7,1.0,hostvector,-0.203,True,False
MEXICO,MICHOACAN,2006-06-25,no_effect,poisson,briere,7,1.0,seir,0.722,False,False
MEXICO,MICHOACAN,2006-06-25,no_effect,poisson,briere,7,0.75,hostvector,-4.686,True,True
MEXICO,MICHOACAN,2006-06-25,no_effect,poisson,briere,7,0.75,seir,-5.065,True,True
MEXICO,MICHOACAN,2006-06-25,no_effect,poisson,loglinear,3,1.0,hostvector,-27.836,True,True
MEXICO,MICHOACAN,2006-06-25,no_effect,poisson,loglinear,3,1.0,seir,-24.286,True,True
MEXICO,MICHOACAN,2006-06-25,no_effect,poisson,loglinear,3,0.75,hostvector,-16.824,True,True
MEXICO,MICHOACAN,2006-06-25,no_effect,poisson,loglinear,3,0.75,seir,-20.534,True,True
MEXICO,MICHOACAN,2006-06-25,no_effect,poisson,loglinear,5,1.0,hostvector,-26.153,True,True
MEXICO,MICHOACAN,2006-06-25,no_effect,poisson,loglinear,5,1.0,seir,-23.842,True,True
MEXICO,MICHOACAN,2006-06-25,no_effect,poisson,loglinear,5,0.75,hostvector,-17.901,True,True
MEXICO,MICHOACAN,2006-06-25,no_effect,poisson,loglinear,5,0.75,seir,-19.56,True,True
MEXICO,MICHOACAN,2006-06-25,no_effect,poisson,loglinear,7,1.0,hostvector,-28.406,True,True
MEXICO,MICHOACAN,2006-06-25,no_effect,poisson,loglinear,7,1.0,seir,-25.905,True,True
MEXICO,MICHOACAN,2006-06-25,no_effect,poisson,loglinear,7,0.75,hostvector,-18.94,True,True
MEXICO,MICHOACAN,2006-06-25,no_effect,poisson,loglinear,7,0.75,seir,-19.707,True,True
MEXICO,MICHOACAN,2006-06-25,climate,nb,briere,3,1.0,hostvector,0.567,False,False
MEXICO,MICHOACAN,2006-06-25,climate,nb,briere,3,1.0,seir,0.666,False,False
MEXICO,MICHOACAN,2006-06-25,climate,nb,briere,3,0.75,hostvector,0.703,False,False
MEXICO,MICHOACAN,2006-06-25,climate,nb,briere,3,0.75,seir,0.734,False,False
MEXICO,MICHOACAN,2006-06-25,climate,nb,briere,5,1.0,hostvector,1.154,False,False
MEXICO,MICHOACAN,2006-06-25,climate,nb,briere,5,1.0,seir,1.056,False,False
MEXICO,MICHOACAN,2006-06-25,climate,nb,briere,5,0.75,hostvector,1.29,False,False
MEXICO,MICHOACAN,2006-06-25,climate,nb,briere,5,0.75,seir,1.124,False,False
MEXICO,MICHOACAN,2006-06-25,climate,nb,briere,7,1.0,hostvector,0.396,False,False
MEXICO,MICHOACAN,2006-06-25,climate,nb,briere,7,1.0,seir,0.349,False,False
MEXICO,MICHOACAN,2006-06-25,climate,nb,briere,7,0.75,hostvector,0.532,False,False
MEXICO,MICHOACAN,2006-06-25,climate,nb,briere,7,0.75,seir,0.417,False,False
MEXICO,MICHOACAN,2006-06-25,climate,nb,loglinear,3,1.0,hostvector,0.808,False,False
MEXICO,MICHOACAN,2006-06-25,climate,nb,loglinear,3,1.0,seir,0.867,False,False
MEXICO,MICHOACAN,2006-06-25,climate,nb,loglinear,3,0.75,hostvector,0.943,False,False
MEXICO,MICHOACAN,2006-06-25,climate,nb,loglinear,3,0.75,seir,0.935,False,False
MEXICO,MICHOACAN,2006-06-25,climate,nb,loglinear,5,1.0,hostvector,3.002,False,False
MEXICO,MICHOACAN,2006-06-25,climate,nb,loglinear,5,1.0,seir,1.306,False,False
MEXICO,MICHOACAN,2006-06-25,climate,nb,loglinear,5,0.75,hostvector,3.126,False,False
MEXICO,MICHOACAN,2006-06-25,climate,nb,loglinear,5,0.75,seir,1.373,False,False
MEXICO,MICHOACAN,2006-06-25,climate,nb,loglinear,7,1.0,hostvector,0.587,False,False
MEXICO,MICHOACAN,2006-06-25,climate,nb,loglinear,7,1.0,seir,0.53,False,False
MEXICO,MICHOACAN,2006-06-25,climate,nb,loglinear,7,0.75,hostvector,0.722,False,False
MEXICO,MICHOACAN,2006-06-25,climate,nb,loglinear,7,0.75,seir,0.598,False,False
MEXICO,MICHOACAN,2006-06-25,climate,poisson,briere,3,1.0,hostvector,-15.392,True,True
MEXICO,MICHOACAN,2006-06-25,climate,poisson,briere,3,1.0,seir,-8.769,True,True
MEXICO,MICHOACAN,2006-06-25,climate,poisson,briere,3,0.75,hostvector,-15.015,True,True
MEXICO,MICHOACAN,2006-06-25,climate,poisson,briere,3,0.75,seir,-8.539,True,True
MEXICO,MICHOACAN,2006-06-25,climate,poisson,briere,5,1.0,hostvector,-7.926,True,True
MEXICO,MICHOACAN,2006-06-25,climate,poisson,briere,5,1.0,seir,-16.424,True,True
MEXICO,MICHOACAN,2006-06-25,climate,poisson,briere,5,0.75,hostvector,-8.03,True,True
MEXICO,MICHOACAN,2006-06-25,climate,poisson,briere,5,0.75,seir,-16.313,True,True
MEXICO,MICHOACAN,2006-06-25,climate,poisson,briere,7,1.0,hostvector,-14.601,True,True
MEXICO,MICHOACAN,2006-06-25,climate,poisson,briere,7,1.0,seir,-0.093,True,False
MEXICO,MICHOACAN,2006-06-25,climate,poisson,briere,7,0.75,hostvector,-14.217,True,True
MEXICO,MICHOACAN,2006-06-25,climate,poisson,briere,7,0.75,seir,0.13,False,False
MEXICO,MICHOACAN,2006-06-25,climate,poisson,loglinear,3,1.0,hostvector,-29.664,True,True
MEXICO,MICHOACAN,2006-06-25,climate,poisson,loglinear,3,1.0,seir,-9.199,True,True
MEXICO,MICHOACAN,2006-06-25,climate,poisson,loglinear,3,0.75,hostvector,-29.635,True,True
MEXICO,MICHOACAN,2006-06-25,climate,poisson,loglinear,3,0.75,seir,-8.976,True,True
MEXICO,MICHOACAN,2006-06-25,climate,poisson,loglinear,5,1.0,hostvector,-1.133,True,False
MEXICO,MICHOACAN,2006-06-25,climate,poisson,loglinear,5,1.0,seir,-11.894,True,True
MEXICO,MICHOACAN,2006-06-25,climate,poisson,loglinear,5,0.75,hostvector,-3.566,True,False
MEXICO,MICHOACAN,2006-06-25,climate,poisson,loglinear,5,0.75,seir,-12.971,True,True
MEXICO,MICHOACAN,2006-06-25,climate,poisson,loglinear,7,1.0,hostvector,-30.605,True,True
MEXICO,MICHOACAN,2006-06-25,climate,poisson,loglinear,7,1.0,seir,3.344,False,False
MEXICO,MICHOACAN,2006-06-25,climate,poisson,loglinear,7,0.75,hostvector,-30.256,True,True
MEXICO,MICHOACAN,2006-06-25,climate,poisson,loglinear,7,0.75,seir,2.639,False,False
MEXICO,COLIMA,2006-07-16,no_effect,nb,briere,3,1.0,hostvector,3.619,False,False
MEXICO,COLIMA,2006-07-16,no_effect,nb,briere,3,1.0,seir,3.469,False,False
MEXICO,COLIMA,2006-07-16,no_effect,nb,briere,3,0.75,hostvector,2.77,False,False
MEXICO,COLIMA,2006-07-16,no_effect,nb,briere,3,0.75,seir,2.815,False,False
MEXICO,COLIMA,2006-07-16,no_effect,nb,briere,5,1.0,hostvector,3.86,False,False
MEXICO,COLIMA,2006-07-16,no_effect,nb,briere,5,1.0,seir,3.779,False,False
MEXICO,COLIMA,2006-07-16,no_effect,nb,briere,5,0.75,hostvector,1.079,False,False
MEXICO,COLIMA,2006-07-16,no_effect,nb,briere,5,0.75,seir,1.348,False,False
MEXICO,COLIMA,2006-07-16,no_effect,nb,briere,7,1.0,hostvector,3.956,False,False
MEXICO,COLIMA,2006-07-16,no_effect,nb,briere,7,1.0,seir,3.91,False,False
MEXICO,COLIMA,2006-07-16,no_effect,nb,briere,7,0.75,hostvector,0.983,False,False
MEXICO,COLIMA,2006-07-16,no_effect,nb,briere,7,0.75,seir,1.296,False,False
MEXICO,COLIMA,2006-07-16,no_effect,nb,loglinear,3,1.0,hostvector,3.4,False,False
MEXICO,COLIMA,2006-07-16,no_effect,nb,loglinear,3,1.0,seir,2.958,False,False
MEXICO,COLIMA,2006-07-16,no_effect,nb,loglinear,3,0.75,hostvector,0.649,False,False
MEXICO,COLIMA,2006-07-16,no_effect,nb,loglinear,3,0.75,seir,1.28,False,False
MEXICO,COLIMA,2006-07-16,no_effect,nb,loglinear,5,1.0,hostvector,3.206,False,False
MEXICO,COLIMA,2006-07-16,no_effect,nb,loglinear,5,1.0,seir,2.845,False,False
MEXICO,COLIMA,2006-07-16,no_effect,nb,loglinear,5,0.75,hostvector,0.321,False,False
MEXICO,COLIMA,2006-07-16,no_effect,nb,loglinear,5,0.75,seir,0.809,False,False
MEXICO,COLIMA,2006-07-16,no_effect,nb,loglinear,7,1.0,hostvector,3.005,False,False
MEXICO,COLIMA,2006-07-16,no_effect,nb,loglinear,7,1.0,seir,2.747,False,False
MEXICO,COLIMA,2006-07-16,no_effect,nb,loglinear,7,0.75,hostvector,0.476,False,False
MEXICO,COLIMA,2006-07-16,no_effect,nb,loglinear,7,0.75,seir,0.743,False,False
MEXICO,COLIMA,2006-07-16,no_effect,poisson,briere,3,1.0,hostvector,-6.209,True,True
MEXICO,COLIMA,2006-07-16,no_effect,poisson,briere,3,1.0,seir,-13.96,True,True
MEXICO,COLIMA,2006-07-16,no_effect,poisson,briere,3,0.75,hostvector,-28.804,True,True
MEXICO,COLIMA,2006-07-16,no_effect,poisson,briere,3,0.75,seir,-29.139,True,True
MEXICO,COLIMA,2006-07-16,no_effect,poisson,briere,5,1.0,hostvector,-9.535,True,True
MEXICO,COLIMA,2006-07-16,no_effect,poisson,briere,5,1.0,seir,-14.471,True,True
MEXICO,COLIMA,2006-07-16,no_effect,poisson,briere,5,0.75,hostvector,-65.81,True,True
MEXICO,COLIMA,2006-07-16,no_effect,poisson,briere,5,0.75,seir,-61.152,True,True
MEXICO,COLIMA,2006-07-16,no_effect,poisson,briere,7,1.0,hostvector,-12.106,True,True
MEXICO,COLIMA,2006-07-16,no_effect,poisson,briere,7,1.0,seir,-14.78,True,True
MEXICO,COLIMA,2006-07-16,no_effect,poisson,briere,7,0.75,hostvector,-28.305,True,True
MEXICO,COLIMA,2006-07-16,no_effect,poisson,briere,7,0.75,seir,-12.855,True,True
MEXICO,COLIMA,2006-07-16,no_effect,poisson,loglinear,3,1.0,hostvector,-21.218,True,True
MEXICO,COLIMA,2006-07-16,no_effect,poisson,loglinear,3,1.0,seir,-49.789,True,True
MEXICO,COLIMA,2006-07-16,no_effect,poisson,loglinear,3,0.75,hostvector,-115.628,True,True
MEXICO,COLIMA,2006-07-16,no_effect,poisson,loglinear,3,0.75,seir,-119.173,True,True
MEXICO,COLIMA,2006-07-16,no_effect,poisson,loglinear,5,1.0,hostvector,-36.716,True,True
MEXICO,COLIMA,2006-07-16,no_effect,poisson,loglinear,5,1.0,seir,-58.342,True,True
MEXICO,COLIMA,2006-07-16,no_effect,poisson,loglinear,5,0.75,hostvector,-101.731,True,True
MEXICO,COLIMA,2006-07-16,no_effect,poisson,loglinear,5,0.75,seir,-94.085,True,True
MEXICO,COLIMA,2006-07-16,no_effect,poisson,loglinear,7,1.0,hostvector,-69.79,True,True
MEXICO,COLIMA,2006-07-16,no_effect,poisson,loglinear,7,1.0,seir,-76.832,True,True
MEXICO,COLIMA,2006-07-16,no_effect,poisson,loglinear,7,0.75,hostvector,-74.737,True,True
MEXICO,COLIMA,2006-07-16,no_effect,poisson,loglinear,7,0.75,seir,-46.635,True,True
MEXICO,COLIMA,2006-07-16,climate,nb,briere,3,1.0,hostvector,3.914,False,False
MEXICO,COLIMA,2006-07-16,climate,nb,briere,3,1.0,seir,3.995,False,False
MEXICO,COLIMA,2006-07-16,climate,nb,briere,3,0.75,hostvector,3.999,False,False
MEXICO,COLIMA,2006-07-16,climate,nb,briere,3,0.75,seir,3.957,False,False
MEXICO,COLIMA,2006-07-16,climate,nb,briere,5,1.0,hostvector,3.811,False,False
MEXICO,COLIMA,2006-07-16,climate,nb,briere,5,1.0,seir,3.969,False,False
MEXICO,COLIMA,2006-07-16,climate,nb,briere,5,0.75,hostvector,3.987,False,False
MEXICO,COLIMA,2006-07-16,climate,nb,briere,5,0.75,seir,3.987,False,False
MEXICO,COLIMA,2006-07-16,climate,nb,briere,7,1.0,hostvector,3.995,False,False
MEXICO,COLIMA,2006-07-16,climate,nb,briere,7,1.0,seir,3.91,False,False
MEXICO,COLIMA,2006-07-16,climate,nb,briere,7,0.75,hostvector,2.715,False,False
MEXICO,COLIMA,2006-07-16,climate,nb,briere,7,0.75,seir,2.178,False,False
MEXICO,COLIMA,2006-07-16,climate,nb,loglinear,3,1.0,hostvector,1.983,False,False
MEXICO,COLIMA,2006-07-16,climate,nb,loglinear,3,1.0,seir,0.483,False,False
MEXICO,COLIMA,2006-07-16,climate,nb,loglinear,3,0.75,hostvector,2.272,False,False
MEXICO,COLIMA,2006-07-16,climate,nb,loglinear,3,0.75,seir,0.581,False,False
MEXICO,COLIMA,2006-07-16,climate,nb,loglinear,5,1.0,hostvector,2.427,False,False
MEXICO,COLIMA,2006-07-16,climate,nb,loglinear,5,1.0,seir,2.638,False,False
MEXICO,COLIMA,2006-07-16,climate,nb,loglinear,5,0.75,hostvector,2.652,False,False
MEXICO,COLIMA,2006-07-16,climate,nb,loglinear,5,0.75,seir,2.686,False,False
MEXICO,COLIMA,2006-07-16,climate,nb,loglinear,7,1.0,hostvector,3.545,False,False
MEXICO,COLIMA,2006-07-16,climate,nb,loglinear,7,1.0,seir,3.894,False,False
MEXICO,COLIMA,2006-07-16,climate,nb,loglinear,7,0.75,hostvector,2.73,False,False
MEXICO,COLIMA,2006-07-16,climate,nb,loglinear,7,0.75,seir,2.179,False,False
MEXICO,COLIMA,2006-07-16,climate,poisson,briere,3,1.0,hostvector,-1.608,True,False
MEXICO,COLIMA,2006-07-16,climate,poisson,briere,3,1.0,seir,-14.801,True,True
MEXICO,COLIMA,2006-07-16,climate,poisson,briere,3,0.75,hostvector,-0.857,True,False
MEXICO,COLIMA,2006-07-16,climate,poisson,briere,3,0.75,seir,-16.64,True,True
MEXICO,COLIMA,2006-07-16,climate,poisson,briere,5,1.0,hostvector,-49.983,True,True
MEXICO,COLIMA,2006-07-16,climate,poisson,briere,5,1.0,seir,-61.412,True,True
MEXICO,COLIMA,2006-07-16,climate,poisson,briere,5,0.75,hostvector,-51.951,True,True
MEXICO,COLIMA,2006-07-16,climate,poisson,briere,5,0.75,seir,-67.066,True,True
MEXICO,COLIMA,2006-07-16,climate,poisson,briere,7,1.0,hostvector,-92.895,True,True
MEXICO,COLIMA,2006-07-16,climate,poisson,briere,7,1.0,seir,-102.999,True,True
MEXICO,COLIMA,2006-07-16,climate,poisson,briere,7,0.75,hostvector,-173.429,True,True
MEXICO,COLIMA,2006-07-16,climate,poisson,briere,7,0.75,seir,-179.858,True,True
MEXICO,COLIMA,2006-07-16,climate,poisson,loglinear,3,1.0,hostvector,-212.408,True,True
MEXICO,COLIMA,2006-07-16,climate,poisson,loglinear,3,1.0,seir,-275.049,True,True
MEXICO,COLIMA,2006-07-16,climate,poisson,loglinear,3,0.75,hostvector,-219.627,True,True
MEXICO,COLIMA,2006-07-16,climate,poisson,loglinear,3,0.75,seir,-273.007,True,True
MEXICO,COLIMA,2006-07-16,climate,poisson,loglinear,5,1.0,hostvector,-158.129,True,True
MEXICO,COLIMA,2006-07-16,climate,poisson,loglinear,5,1.0,seir,-109.776,True,True
MEXICO,COLIMA,2006-07-16,climate,poisson,loglinear,5,0.75,hostvector,-159.327,True,True
MEXICO,COLIMA,2006-07-16,climate,poisson,loglinear,5,0.75,seir,-110.313,True,True
MEXICO,COLIMA,2006-07-16,climate,poisson,loglinear,7,1.0,hostvector,-89.806,True,True
MEXICO,COLIMA,2006-07-16,climate,poisson,loglinear,7,1.0,seir,-99.826,True,True
MEXICO,COLIMA,2006-07-16,climate,poisson,loglinear,7,0.75,hostvector,-182.112,True,True
MEXICO,COLIMA,2006-07-16,climate,poisson,loglinear,7,0.75,seir,-194.839,True,True
MEXICO,GUERRERO,2007-05-13,no_effect,nb,briere,3,1.0,hostvector,1.734,False,False
MEXICO,GUERRERO,2007-05-13,no_effect,nb,briere,3,1.0,seir,1.773,False,False
MEXICO,GUERRERO,2007-05-13,no_effect,nb,briere,3,0.75,hostvector,0.876,False,False
MEXICO,GUERRERO,2007-05-13,no_effect,nb,briere,3,0.75,seir,0.828,False,False
MEXICO,GUERRERO,2007-05-13,no_effect,nb,briere,5,1.0,hostvector,2.222,False,False
MEXICO,GUERRERO,2007-05-13,no_effect,nb,briere,5,1.0,seir,2.03,False,False
MEXICO,GUERRERO,2007-05-13,no_effect,nb,briere,5,0.75,hostvector,2.891,False,False
MEXICO,GUERRERO,2007-05-13,no_effect,nb,briere,5,0.75,seir,2.555,False,False
MEXICO,GUERRERO,2007-05-13,no_effect,nb,briere,7,1.0,hostvector,2.412,False,False
MEXICO,GUERRERO,2007-05-13,no_effect,nb,briere,7,1.0,seir,2.066,False,False
MEXICO,GUERRERO,2007-05-13,no_effect,nb,briere,7,0.75,hostvector,3.065,False,False
MEXICO,GUERRERO,2007-05-13,no_effect,nb,briere,7,0.75,seir,3.938,False,False
MEXICO,GUERRERO,2007-05-13,no_effect,nb,loglinear,3,1.0,hostvector,1.796,False,False
MEXICO,GUERRERO,2007-05-13,no_effect,nb,loglinear,3,1.0,seir,1.871,False,False
MEXICO,GUERRERO,2007-05-13,no_effect,nb,loglinear,3,0.75,hostvector,0.87,False,False
MEXICO,GUERRERO,2007-05-13,no_effect,nb,loglinear,3,0.75,seir,0.915,False,False
MEXICO,GUERRERO,2007-05-13,no_effect,nb,loglinear,5,1.0,hostvector,2.357,False,False
MEXICO,GUERRERO,2007-05-13,no_effect,nb,loglinear,5,1.0,seir,2.194,False,False
MEXICO,GUERRERO,2007-05-13,no_effect,nb,loglinear,5,0.75,hostvector,2.986,False,False
MEXICO,GUERRERO,2007-05-13,no_effect,nb,loglinear,5,0.75,seir,2.702,False,False
MEXICO,GUERRERO,2007-05-13,no_effect,nb,loglinear,7,1.0,hostvector,2.642,False,False
MEXICO,GUERRERO,2007-05-13,no_effect,nb,loglinear,7,1.0,seir,2.301,False,False
MEXICO,GUERRERO,2007-05-13,no_effect,nb,loglinear,7,0.75,hostvector,2.481,False,False
MEXICO,GUERRERO,2007-05-13,no_effect,nb,loglinear,7,0.75,seir,2.766,False,False
MEXICO,GUERRERO,2007-05-13,no_effect,poisson,briere,3,1.0,hostvector,-147.588,True,True
MEXICO,GUERRERO,2007-05-13,no_effect,poisson,briere,3,1.0,seir,-136.519,True,True
MEXICO,GUERRERO,2007-05-13,no_effect,poisson,briere,3,0.75,hostvector,-177.182,True,True
MEXICO,GUERRERO,2007-05-13,no_effect,poisson,briere,3,0.75,seir,-181.781,True,True
MEXICO,GUERRERO,2007-05-13,no_effect,poisson,briere,5,1.0,hostvector,-122.09,True,True
MEXICO,GUERRERO,2007-05-13,no_effect,poisson,briere,5,1.0,seir,-114.306,True,True
MEXICO,GUERRERO,2007-05-13,no_effect,poisson,briere,5,0.75,hostvector,-92.669,True,True
MEXICO,GUERRERO,2007-05-13,no_effect,poisson,briere,5,0.75,seir,-82.919,True,True
MEXICO,GUERRERO,2007-05-13,no_effect,poisson,briere,7,1.0,hostvector,-116.907,True,True
MEXICO,GUERRERO,2007-05-13,no_effect,poisson,briere,7,1.0,seir,-111.192,True,True
MEXICO,GUERRERO,2007-05-13,no_effect,poisson,briere,7,0.75,hostvector,-65.028,True,True
MEXICO,GUERRERO,2007-05-13,no_effect,poisson,briere,7,0.75,seir,-70.319,True,True
MEXICO,GUERRERO,2007-05-13,no_effect,poisson,loglinear,3,1.0,hostvector,-143.253,True,True
MEXICO,GUERRERO,2007-05-13,no_effect,poisson,loglinear,3,1.0,seir,-132.472,True,True
MEXICO,GUERRERO,2007-05-13,no_effect,poisson,loglinear,3,0.75,hostvector,-177.318,True,True
MEXICO,GUERRERO,2007-05-13,no_effect,poisson,loglinear,3,0.75,seir,-181.485,True,True
MEXICO,GUERRERO,2007-05-13,no_effect,poisson,loglinear,5,1.0,hostvector,-113.31,True,True
MEXICO,GUERRERO,2007-05-13,no_effect,poisson,loglinear,5,1.0,seir,-105.98,True,True
MEXICO,GUERRERO,2007-05-13,no_effect,poisson,loglinear,5,0.75,hostvector,-89.048,True,True
MEXICO,GUERRERO,2007-05-13,no_effect,poisson,loglinear,5,0.75,seir,-83.526,True,True
MEXICO,GUERRERO,2007-05-13,no_effect,poisson,loglinear,7,1.0,hostvector,-102.458,True,True
MEXICO,GUERRERO,2007-05-13,no_effect,poisson,loglinear,7,1.0,seir,-98.052,True,True
MEXICO,GUERRERO,2007-05-13,no_effect,poisson,loglinear,7,0.75,hostvector,-135.932,True,True
MEXICO,GUERRERO,2007-05-13,no_effect,poisson,loglinear,7,0.75,seir,-131.369,True,True
MEXICO,GUERRERO,2007-05-13,climate,nb,briere,3,1.0,hostvector,-39.287,True,True
MEXICO,GUERRERO,2007-05-13,climate,nb,briere,3,1.0,seir,-35.154,True,True
MEXICO,GUERRERO,2007-05-13,climate,nb,briere,3,0.75,hostvector,-24.439,True,True
MEXICO,GUERRERO,2007-05-13,climate,nb,briere,3,0.75,seir,-22.96,True,True
MEXICO,GUERRERO,2007-05-13,climate,nb,briere,5,1.0,hostvector,-31.355,True,True
MEXICO,GUERRERO,2007-05-13,climate,nb,briere,5,1.0,seir,-26.406,True,True
MEXICO,GUERRERO,2007-05-13,climate,nb,briere,5,0.75,hostvector,-25.209,True,True
MEXICO,GUERRERO,2007-05-13,climate,nb,briere,5,0.75,seir,-23.319,True,True
MEXICO,GUERRERO,2007-05-13,climate,nb,briere,7,1.0,hostvector,-20.32,True,True
MEXICO,GUERRERO,2007-05-13,climate,nb,briere,7,1.0,seir,-16.737,True,True
MEXICO,GUERRERO,2007-05-13,climate,nb,briere,7,0.75,hostvector,-20.658,True,True
MEXICO,GUERRERO,2007-05-13,climate,nb,briere,7,0.75,seir,-17.229,True,True
MEXICO,GUERRERO,2007-05-13,climate,nb,loglinear,3,1.0,hostvector,-39.135,True,True
MEXICO,GUERRERO,2007-05-13,climate,nb,loglinear,3,1.0,seir,-34.949,True,True
MEXICO,GUERRERO,2007-05-13,climate,nb,loglinear,3,0.75,hostvector,-24.387,True,True
MEXICO,GUERRERO,2007-05-13,climate,nb,loglinear,3,0.75,seir,-22.968,True,True
MEXICO,GUERRERO,2007-05-13,climate,nb,loglinear,5,1.0,hostvector,-31.15,True,True
MEXICO,GUERRERO,2007-05-13,climate,nb,loglinear,5,1.0,seir,-26.204,True,True
MEXICO,GUERRERO,2007-05-13,climate,nb,loglinear,5,0.75,hostvector,-25.166,True,True
MEXICO,GUERRERO,2007-05-13,climate,nb,loglinear,5,0.75,seir,-23.292,True,True
MEXICO,GUERRERO,2007-05-13,climate,nb,loglinear,7,1.0,hostvector,-20.314,True,True
MEXICO,GUERRERO,2007-05-13,climate,nb,loglinear,7,1.0,seir,-17.063,True,True
MEXICO,GUERRERO,2007-05-13,climate,nb,loglinear,7,0.75,hostvector,-20.633,True,True
MEXICO,GUERRERO,2007-05-13,climate,nb,loglinear,7,0.75,seir,-17.167,True,True
MEXICO,GUERRERO,2007-05-13,climate,poisson,briere,3,1.0,hostvector,-2930.424,True,True
MEXICO,GUERRERO,2007-05-13,climate,poisson,briere,3,1.0,seir,-2785.643,True,True
MEXICO,GUERRERO,2007-05-13,climate,poisson,briere,3,0.75,hostvector,-2873.123,True,True
MEXICO,GUERRERO,2007-05-13,climate,poisson,briere,3,0.75,seir,-2922.472,True,True
MEXICO,GUERRERO,2007-05-13,climate,poisson,briere,5,1.0,hostvector,-2240.508,True,True
MEXICO,GUERRERO,2007-05-13,climate,poisson,briere,5,1.0,seir,-1789.303,True,True
MEXICO,GUERRERO,2007-05-13,climate,poisson,briere,5,0.75,hostvector,-3358.756,True,True
MEXICO,GUERRERO,2007-05-13,climate,poisson,briere,5,0.75,seir,-3329.443,True,True
MEXICO,GUERRERO,2007-05-13,climate,poisson,briere,7,1.0,hostvector,-1157.176,True,True
MEXICO,GUERRERO,2007-05-13,climate,poisson,briere,7,1.0,seir,-878.527,True,True
MEXICO,GUERRERO,2007-05-13,climate,poisson,briere,7,0.75,hostvector,-2671.2,True,True
MEXICO,GUERRERO,2007-05-13,climate,poisson,briere,7,0.75,seir,-2510.993,True,True
MEXICO,GUERRERO,2007-05-13,climate,poisson,loglinear,3,1.0,hostvector,-2905.866,True,True
MEXICO,GUERRERO,2007-05-13,climate,poisson,loglinear,3,1.0,seir,-2758.208,True,True
MEXICO,GUERRERO,2007-05-13,climate,poisson,loglinear,3,0.75,hostvector,-2854.838,True,True
MEXICO,GUERRERO,2007-05-13,climate,poisson,loglinear,3,0.75,seir,-2905.573,True,True
MEXICO,GUERRERO,2007-05-13,climate,poisson,loglinear,5,1.0,hostvector,-2185.822,True,True
MEXICO,GUERRERO,2007-05-13,climate,poisson,loglinear,5,1.0,seir,-1729.431,True,True
MEXICO,GUERRERO,2007-05-13,climate,poisson,loglinear,5,0.75,hostvector,-3356.378,True,True
MEXICO,GUERRERO,2007-05-13,climate,poisson,loglinear,5,0.75,seir,-3325.356,True,True
MEXICO,GUERRERO,2007-05-13,climate,poisson,loglinear,7,1.0,hostvector,-1004.801,True,True
MEXICO,GUERRERO,2007-05-13,climate,poisson,loglinear,7,1.0,seir,-740.536,True,True
MEXICO,GUERRERO,2007-05-13,climate,poisson,loglinear,7,0.75,hostvector,-2651.928,True,True
MEXICO,GUERRERO,2007-05-13,climate,poisson,loglinear,7,0.75,seir,-2486.106,True,True
MEXICO,MEXICO,2014-03-23,no_effect,nb,briere,3,1.0,hostvector,1.435,False,False
MEXICO,MEXICO,2014-03-23,no_effect,nb,briere,3,1.0,seir,-0.743,True,False
MEXICO,MEXICO,2014-03-23,no_effect,nb,briere,3,0.75,hostvector,3.98,False,False
MEXICO,MEXICO,2014-03-23,no_effect,nb,briere,3,0.75,seir,3.748,False,False
MEXICO,MEXICO,2014-03-23,no_effect,nb,briere,5,1.0,hostvector,-0.099,True,False
MEXICO,MEXICO,2014-03-23,no_effect,nb,briere,5,1.0,seir,0.226,False,False
MEXICO,MEXICO,2014-03-23,no_effect,nb,briere,5,0.75,hostvector,3.243,False,False
MEXICO,MEXICO,2014-03-23,no_effect,nb,briere,5,0.75,seir,3.03,False,False
MEXICO,MEXICO,2014-03-23,no_effect,nb,briere,7,1.0,hostvector,-1.339,True,False
MEXICO,MEXICO,2014-03-23,no_effect,nb,briere,7,1.0,seir,2.261,False,False
MEXICO,MEXICO,2014-03-23,no_effect,nb,briere,7,0.75,hostvector,1.883,False,False
MEXICO,MEXICO,2014-03-23,no_effect,nb,briere,7,0.75,seir,2.728,False,False
MEXICO,MEXICO,2014-03-23,no_effect,nb,loglinear,3,1.0,hostvector,1.362,False,False
MEXICO,MEXICO,2014-03-23,no_effect,nb,loglinear,3,1.0,seir,-1.57,True,False
MEXICO,MEXICO,2014-03-23,no_effect,nb,loglinear,3,0.75,hostvector,3.977,False,False
MEXICO,MEXICO,2014-03-23,no_effect,nb,loglinear,3,0.75,seir,3.748,False,False
MEXICO,MEXICO,2014-03-23,no_effect,nb,loglinear,5,1.0,hostvector,-0.089,True,False
MEXICO,MEXICO,2014-03-23,no_effect,nb,loglinear,5,1.0,seir,-2.937,True,False
MEXICO,MEXICO,2014-03-23,no_effect,nb,loglinear,5,0.75,hostvector,3.148,False,False
MEXICO,MEXICO,2014-03-23,no_effect,nb,loglinear,5,0.75,seir,2.631,False,False
MEXICO,MEXICO,2014-03-23,no_effect,nb,loglinear,7,1.0,hostvector,-1.317,True,False
MEXICO,MEXICO,2014-03-23,no_effect,nb,loglinear,7,1.0,seir,-3.594,True,False
MEXICO,MEXICO,2014-03-23,no_effect,nb,loglinear,7,0.75,hostvector,1.463,False,False
MEXICO,MEXICO,2014-03-23,no_effect,nb,loglinear,7,0.75,seir,1.477,False,False
MEXICO,MEXICO,2014-03-23,no_effect,poisson,briere,3,1.0,hostvector,-1739.127,True,True
MEXICO,MEXICO,2014-03-23,no_effect,poisson,briere,3,1.0,seir,-2705.055,True,True
MEXICO,MEXICO,2014-03-23,no_effect,poisson,briere,3,0.75,hostvector,-126.788,True,True
MEXICO,MEXICO,2014-03-23,no_effect,poisson,briere,3,0.75,seir,-322.191,True,True
MEXICO,MEXICO,2014-03-23,no_effect,poisson,briere,5,1.0,hostvector,-2993.373,True,True
MEXICO,MEXICO,2014-03-23,no_effect,poisson,briere,5,1.0,seir,-2944.204,True,True
MEXICO,MEXICO,2014-03-23,no_effect,poisson,briere,5,0.75,hostvector,-1116.138,True,True
MEXICO,MEXICO,2014-03-23,no_effect,poisson,briere,5,0.75,seir,-1092.055,True,True
MEXICO,MEXICO,2014-03-23,no_effect,poisson,briere,7,1.0,hostvector,-4078.479,True,True
MEXICO,MEXICO,2014-03-23,no_effect,poisson,briere,7,1.0,seir,-1917.711,True,True
MEXICO,MEXICO,2014-03-23,no_effect,poisson,briere,7,0.75,hostvector,-2300.378,True,True
MEXICO,MEXICO,2014-03-23,no_effect,poisson,briere,7,0.75,seir,-1372.893,True,True
MEXICO,MEXICO,2014-03-23,no_effect,poisson,loglinear,3,1.0,hostvector,-1744.919,True,True
MEXICO,MEXICO,2014-03-23,no_effect,poisson,loglinear,3,1.0,seir,-2851.847,True,True
MEXICO,MEXICO,2014-03-23,no_effect,poisson,loglinear,3,0.75,hostvector,-163.706,True,True
MEXICO,MEXICO,2014-03-23,no_effect,poisson,loglinear,3,0.75,seir,-331.059,True,True
MEXICO,MEXICO,2014-03-23,no_effect,poisson,loglinear,5,1.0,hostvector,-3095.389,True,True
MEXICO,MEXICO,2014-03-23,no_effect,poisson,loglinear,5,1.0,seir,-3988.14,True,True
MEXICO,MEXICO,2014-03-23,no_effect,poisson,loglinear,5,0.75,hostvector,-1143.479,True,True
MEXICO,MEXICO,2014-03-23,no_effect,poisson,loglinear,5,0.75,seir,-1343.746,True,True
MEXICO,MEXICO,2014-03-23,no_effect,poisson,loglinear,7,1.0,hostvector,-4118.064,True,True
MEXICO,MEXICO,2014-03-23,no_effect,poisson,loglinear,7,1.0,seir,-4521.559,True,True
MEXICO,MEXICO,2014-03-23,no_effect,poisson,loglinear,7,0.75,hostvector,-2433.929,True,True
MEXICO,MEXICO,2014-03-23,no_effect,poisson,loglinear,7,0.75,seir,-2110.684,True,True
MEXICO,MEXICO,2014-03-23,climate,nb,briere,3,1.0,hostvector,0.111,False,False
MEXICO,MEXICO,2014-03-23,climate,nb,briere,3,1.0,seir,0.416,False,False
MEXICO,MEXICO,2014-03-23,climate,nb,briere,3,0.75,hostvector,0.151,False,False
MEXICO,MEXICO,2014-03-23,climate,nb,briere,3,0.75,seir,0.428,False,False
MEXICO,MEXICO,2014-03-23,climate,nb,briere,5,1.0,hostvector,-1.345,True,False
MEXICO,MEXICO,2014-03-23,climate,nb,briere,5,1.0,seir,-0.359,True,False
MEXICO,MEXICO,2014-03-23,climate,nb,briere,5,0.75,hostvector,-1.307,True,False
MEXICO,MEXICO,2014-03-23,climate,nb,briere,5,0.75,seir,-0.346,True,False
MEXICO,MEXICO,2014-03-23,climate,nb,briere,7,1.0,hostvector,0.234,False,False
MEXICO,MEXICO,2014-03-23,climate,nb,briere,7,1.0,seir,1.935,False,False
MEXICO,MEXICO,2014-03-23,climate,nb,briere,7,0.75,hostvector,0.273,False,False
MEXICO,MEXICO,2014-03-23,climate,nb,briere,7,0.75,seir,1.947,False,False
MEXICO,MEXICO,2014-03-23,climate,nb,loglinear,3,1.0,hostvector,1.0,False,False
MEXICO,MEXICO,2014-03-23,climate,nb,loglinear,3,1.0,seir,1.009,False,False
MEXICO,MEXICO,2014-03-23,climate,nb,loglinear,3,0.75,hostvector,0.548,False,False
MEXICO,MEXICO,2014-03-23,climate,nb,loglinear,3,0.75,seir,1.021,False,False
MEXICO,MEXICO,2014-03-23,climate,nb,loglinear,5,1.0,hostvector,-1.766,True,False
MEXICO,MEXICO,2014-03-23,climate,nb,loglinear,5,1.0,seir,0.348,False,False
MEXICO,MEXICO,2014-03-23,climate,nb,loglinear,5,0.75,hostvector,-1.731,True,False
MEXICO,MEXICO,2014-03-23,climate,nb,loglinear,5,0.75,seir,0.36,False,False
MEXICO,MEXICO,2014-03-23,climate,nb,loglinear,7,1.0,hostvector,1.122,False,False
MEXICO,MEXICO,2014-03-23,climate,nb,loglinear,7,1.0,seir,2.75,False,False
MEXICO,MEXICO,2014-03-23,climate,nb,loglinear,7,0.75,hostvector,1.157,False,False
MEXICO,MEXICO,2014-03-23,climate,nb,loglinear,7,0.75,seir,2.761,False,False
MEXICO,MEXICO,2014-03-23,climate,poisson,briere,3,1.0,hostvector,-993.956,True,True
MEXICO,MEXICO,2014-03-23,climate,poisson,briere,3,1.0,seir,-1131.002,True,True
MEXICO,MEXICO,2014-03-23,climate,poisson,briere,3,0.75,hostvector,-993.917,True,True
MEXICO,MEXICO,2014-03-23,climate,poisson,briere,3,0.75,seir,-1130.998,True,True
MEXICO,MEXICO,2014-03-23,climate,poisson,briere,5,1.0,hostvector,-1335.583,True,True
MEXICO,MEXICO,2014-03-23,climate,poisson,briere,5,1.0,seir,-1542.188,True,True
MEXICO,MEXICO,2014-03-23,climate,poisson,briere,5,0.75,hostvector,-3525.206,True,True
MEXICO,MEXICO,2014-03-23,climate,poisson,briere,5,0.75,seir,-1542.184,True,True
MEXICO,MEXICO,2014-03-23,climate,poisson,briere,7,1.0,hostvector,-978.046,True,True
MEXICO,MEXICO,2014-03-23,climate,poisson,briere,7,1.0,seir,-1354.093,True,True
MEXICO,MEXICO,2014-03-23,climate,poisson,briere,7,0.75,hostvector,-978.007,True,True
MEXICO,MEXICO,2014-03-23,climate,poisson,briere,7,0.75,seir,-1354.089,True,True
MEXICO,MEXICO,2014-03-23,climate,poisson,loglinear,3,1.0,hostvector,-1337.97,True,True
MEXICO,MEXICO,2014-03-23,climate,poisson,loglinear,3,1.0,seir,-1366.082,True,True
MEXICO,MEXICO,2014-03-23,climate,poisson,loglinear,3,0.75,hostvector,-1337.931,True,True
MEXICO,MEXICO,2014-03-23,climate,poisson,loglinear,3,0.75,seir,-1366.077,True,True
MEXICO,MEXICO,2014-03-23,climate,poisson,loglinear,5,1.0,hostvector,-1064.676,True,True
MEXICO,MEXICO,2014-03-23,climate,poisson,loglinear,5,1.0,seir,-5663.457,True,True
MEXICO,MEXICO,2014-03-23,climate,poisson,loglinear,5,0.75,hostvector,-1064.804,True,True
MEXICO,MEXICO,2014-03-23,climate,poisson,loglinear,5,0.75,seir,-1192.029,True,True
MEXICO,MEXICO,2014-03-23,climate,poisson,loglinear,7,1.0,hostvector,-746.832,True,True
MEXICO,MEXICO,2014-03-23,climate,poisson,loglinear,7,1.0,seir,-1115.021,True,True
MEXICO,MEXICO,2014-03-23,climate,poisson,loglinear,7,0.75,hostvector,-746.823,True,True
MEXICO,MEXICO,2014-03-23,climate,poisson,loglinear,7,0.75,seir,-1115.017,True,True
MEXICO,MEXICO,2017-04-16,no_effect,nb,briere,3,1.0,hostvector,2.613,False,False
MEXICO,MEXICO,2017-04-16,no_effect,nb,briere,3,1.0,seir,2.635,False,False
MEXICO,MEXICO,2017-04-16,no_effect,nb,briere,3,0.75,hostvector,2.26,False,False
MEXICO,MEXICO,2017-04-16,no_effect,nb,briere,3,0.75,seir,2.715,False,False
MEXICO,MEXICO,2017-04-16,no_effect,nb,briere,5,1.0,hostvector,2.363,False,False
MEXICO,MEXICO,2017-04-16,no_effect,nb,briere,5,1.0,seir,2.493,False,False
MEXICO,MEXICO,2017-04-16,no_effect,nb,briere,5,0.75,hostvector,2.255,False,False
MEXICO,MEXICO,2017-04-16,no_effect,nb,briere,5,0.75,seir,2.708,False,False
MEXICO,MEXICO,2017-04-16,no_effect,nb,briere,7,1.0,hostvector,2.901,False,False
MEXICO,MEXICO,2017-04-16,no_effect,nb,briere,7,1.0,seir,3.122,False,False
MEXICO,MEXICO,2017-04-16,no_effect,nb,briere,7,0.75,hostvector,2.16,False,False
MEXICO,MEXICO,2017-04-16,no_effect,nb,briere,7,0.75,seir,2.606,False,False
MEXICO,MEXICO,2017-04-16,no_effect,nb,loglinear,3,1.0,hostvector,1.972,False,False
MEXICO,MEXICO,2017-04-16,no_effect,nb,loglinear,3,1.0,seir,2.208,False,False
MEXICO,MEXICO,2017-04-16,no_effect,nb,loglinear,3,0.75,hostvector,-0.02,True,False
MEXICO,MEXICO,2017-04-16,no_effect,nb,loglinear,3,0.75,seir,0.95,False,False
MEXICO,MEXICO,2017-04-16,no_effect,nb,loglinear,5,1.0,hostvector,1.776,False,False
MEXICO,MEXICO,2017-04-16,no_effect,nb,loglinear,5,1.0,seir,2.062,False,False
MEXICO,MEXICO,2017-04-16,no_effect,nb,loglinear,5,0.75,hostvector,0.4,False,False
MEXICO,MEXICO,2017-04-16,no_effect,nb,loglinear,5,0.75,seir,0.833,False,False
MEXICO,MEXICO,2017-04-16,no_effect,nb,loglinear,7,1.0,hostvector,2.045,False,False
MEXICO,MEXICO,2017-04-16,no_effect,nb,loglinear,7,1.0,seir,2.541,False,False
MEXICO,MEXICO,2017-04-16,no_effect,nb,loglinear,7,0.75,hostvector,-0.622,True,False
MEXICO,MEXICO,2017-04-16,no_effect,nb,loglinear,7,0.75,seir,-0.913,True,False
MEXICO,MEXICO,2017-04-16,no_effect,poisson,briere,3,1.0,hostvector,-1396.577,True,True
MEXICO,MEXICO,2017-04-16,no_effect,poisson,briere,3,1.0,seir,-931.767,True,True
MEXICO,MEXICO,2017-04-16,no_effect,poisson,briere,3,0.75,hostvector,-2938.611,True,True
MEXICO,MEXICO,2017-04-16,no_effect,poisson,briere,3,0.75,seir,-2391.593,True,True
MEXICO,MEXICO,2017-04-16,no_effect,poisson,briere,5,1.0,hostvector,-1616.524,True,True
MEXICO,MEXICO,2017-04-16,no_effect,poisson,briere,5,1.0,seir,-1156.268,True,True
MEXICO,MEXICO,2017-04-16,no_effect,poisson,briere,5,0.75,hostvector,-2074.439,True,True
MEXICO,MEXICO,2017-04-16,no_effect,poisson,briere,5,0.75,seir,-1715.305,True,True
MEXICO,MEXICO,2017-04-16,no_effect,poisson,briere,7,1.0,hostvector,-1475.803,True,True
MEXICO,MEXICO,2017-04-16,no_effect,poisson,briere,7,1.0,seir,-974.12,True,True
MEXICO,MEXICO,2017-04-16,no_effect,poisson,briere,7,0.75,hostvector,-2355.85,True,True
MEXICO,MEXICO,2017-04-16,no_effect,poisson,briere,7,0.75,seir,-2165.124,True,True
MEXICO,MEXICO,2017-04-16,no_effect,poisson,loglinear,3,1.0,hostvector,-699.497,True,True
MEXICO,MEXICO,2017-04-16,no_effect,poisson,loglinear,3,1.0,seir,-445.955,True,True
MEXICO,MEXICO,2017-04-16,no_effect,poisson,loglinear,3,0.75,hostvector,-3009.426,True,True
MEXICO,MEXICO,2017-04-16,no_effect,poisson,loglinear,3,0.75,seir,-2549.309,True,True
MEXICO,MEXICO,2017-04-16,no_effect,poisson,loglinear,5,1.0,hostvector,-784.609,True,True
MEXICO,MEXICO,2017-04-16,no_effect,poisson,loglinear,5,1.0,seir,-609.947,True,True
MEXICO,MEXICO,2017-04-16,no_effect,poisson,loglinear,5,0.75,hostvector,-1283.392,True,True
MEXICO,MEXICO,2017-04-16,no_effect,poisson,loglinear,5,0.75,seir,-1209.196,True,True
MEXICO,MEXICO,2017-04-16,no_effect,poisson,loglinear,7,1.0,hostvector,-715.244,True,True
MEXICO,MEXICO,2017-04-16,no_effect,poisson,loglinear,7,1.0,seir,-496.77,True,True
MEXICO,MEXICO,2017-04-16,no_effect,poisson,loglinear,7,0.75,hostvector,-1988.298,True,True
MEXICO,MEXICO,2017-04-16,no_effect,poisson,loglinear,7,0.75,seir,-2316.326,True,True
MEXICO,MEXICO,2017-04-16,climate,nb,briere,3,1.0,hostvector,3.728,False,False
MEXICO,MEXICO,2017-04-16,climate,nb,briere,3,1.0,seir,2.327,False,False
MEXICO,MEXICO,2017-04-16,climate,nb,briere,3,0.75,hostvector,3.728,False,False
MEXICO,MEXICO,2017-04-16,climate,nb,briere,3,0.75,seir,2.327,False,False
MEXICO,MEXICO,2017-04-16,climate,nb,briere,5,1.0,hostvector,3.682,False,False
MEXICO,MEXICO,2017-04-16,climate,nb,briere,5,1.0,seir,3.433,False,False
MEXICO,MEXICO,2017-04-16,climate,nb,briere,5,0.75,hostvector,3.682,False,False
MEXICO,MEXICO,2017-04-16,climate,nb,briere,5,0.75,seir,3.433,False,False
MEXICO,MEXICO,2017-04-16,climate,nb,briere,7,1.0,hostvector,3.688,False,False
MEXICO,MEXICO,2017-04-16,climate,nb,briere,7,1.0,seir,3.809,False,False
MEXICO,MEXICO,2017-04-16,climate,nb,briere,7,0.75,hostvector,3.688,False,False
MEXICO,MEXICO,2017-04-16,climate,nb,briere,7,0.75,seir,3.809,False,False
MEXICO,MEXICO,2017-04-16,climate,nb,loglinear,3,1.0,hostvector,2.832,False,False
MEXICO,MEXICO,2017-04-16,climate,nb,loglinear,3,1.0,seir,0.642,False,False
MEXICO,MEXICO,2017-04-16,climate,nb,loglinear,3,0.75,hostvector,2.829,False,False
MEXICO,MEXICO,2017-04-16,climate,nb,loglinear,3,0.75,seir,0.642,False,False
MEXICO,MEXICO,2017-04-16,climate,nb,loglinear,5,1.0,hostvector,3.415,False,False
MEXICO,MEXICO,2017-04-16,climate,nb,loglinear,5,1.0,seir,0.449,False,False
MEXICO,MEXICO,2017-04-16,climate,nb,loglinear,5,0.75,hostvector,3.415,False,False
MEXICO,MEXICO,2017-04-16,climate,nb,loglinear,5,0.75,seir,0.449,False,False
MEXICO,MEXICO,2017-04-16,climate,nb,loglinear,7,1.0,hostvector,3.762,False,False
MEXICO,MEXICO,2017-04-16,climate,nb,loglinear,7,1.0,seir,0.369,False,False
MEXICO,MEXICO,2017-04-16,climate,nb,loglinear,7,0.75,hostvector,3.762,False,False
MEXICO,MEXICO,2017-04-16,climate,nb,loglinear,7,0.75,seir,5.209,False,False
MEXICO,MEXICO,2017-04-16,climate,poisson,briere,3,1.0,hostvector,-9716.749,True,True
MEXICO,MEXICO,2017-04-16,climate,poisson,briere,3,1.0,seir,-17324.114,True,True
MEXICO,MEXICO,2017-04-16,climate,poisson,briere,3,0.75,hostvector,-9640.156,True,True
MEXICO,MEXICO,2017-04-16,climate,poisson,briere,3,0.75,seir,-17266.034,True,True
MEXICO,MEXICO,2017-04-16,climate,poisson,briere,5,1.0,hostvector,-3453.033,True,True
MEXICO,MEXICO,2017-04-16,climate,poisson,briere,5,1.0,seir,-6158.717,True,True
MEXICO,MEXICO,2017-04-16,climate,poisson,briere,5,0.75,hostvector,-3493.522,True,True
MEXICO,MEXICO,2017-04-16,climate,poisson,briere,5,0.75,seir,-6133.874,True,True
MEXICO,MEXICO,2017-04-16,climate,poisson,briere,7,1.0,hostvector,-19153.25,True,True
MEXICO,MEXICO,2017-04-16,climate,poisson,briere,7,1.0,seir,-22355.114,True,True
MEXICO,MEXICO,2017-04-16,climate,poisson,briere,7,0.75,hostvector,-19234.474,True,True
MEXICO,MEXICO,2017-04-16,climate,poisson,briere,7,0.75,seir,-22355.114,True,True
MEXICO,MEXICO,2017-04-16,climate,poisson,loglinear,3,1.0,hostvector,-22543.119,True,True
MEXICO,MEXICO,2017-04-16,climate,poisson,loglinear,3,1.0,seir,-26074.926,True,True
MEXICO,MEXICO,2017-04-16,climate,poisson,loglinear,3,0.75,hostvector,-22427.275,True,True
MEXICO,MEXICO,2017-04-16,climate,poisson,loglinear,3,0.75,seir,-26074.926,True,True
MEXICO,MEXICO,2017-04-16,climate,poisson,loglinear,5,1.0,hostvector,734307.566,False,False
MEXICO,MEXICO,2017-04-16,climate,poisson,loglinear,5,1.0,seir,-25433.864,True,True
MEXICO,MEXICO,2017-04-16,climate,poisson,loglinear,5,0.75,hostvector,-22937.64,True,True
MEXICO,MEXICO,2017-04-16,climate,poisson,loglinear,5,0.75,seir,-25716.018,True,True
MEXICO,MEXICO,2017-04-16,climate,poisson,loglinear,7,1.0,hostvector,-22468.714,True,True
MEXICO,MEXICO,2017-04-16,climate,poisson,loglinear,7,1.0,seir,-25319.581,True,True
MEXICO,MEXICO,2017-04-16,climate,poisson,loglinear,7,0.75,hostvector,-22468.715,True,True
MEXICO,MEXICO,2017-04-16,climate,poisson,loglinear,7,0.75,seir,-25319.581,True,True
MEXICO,MEXICO,2019-06-09,no_effect,nb,briere,3,1.0,hostvector,3.654,False,False
MEXICO,MEXICO,2019-06-09,no_effect,nb,briere,3,1.0,seir,0.449,False,False
MEXICO,MEXICO,2019-06-09,no_effect,nb,briere,3,0.75,hostvector,2.109,False,False
MEXICO,MEXICO,2019-06-09,no_effect,nb,briere,3,0.75,seir,0.026,False,False
MEXICO,MEXICO,2019-06-09,no_effect,nb,briere,5,1.0,hostvector,1.916,False,False
MEXICO,MEXICO,2019-06-09,no_effect,nb,briere,5,1.0,seir,-0.338,True,False
MEXICO,MEXICO,2019-06-09,no_effect,nb,briere,5,0.75,hostvector,1.783,False,False
MEXICO,MEXICO,2019-06-09,no_effect,nb,briere,5,0.75,seir,0.631,False,False
MEXICO,MEXICO,2019-06-09,no_effect,nb,briere,7,1.0,hostvector,2.099,False,False
MEXICO,MEXICO,2019-06-09,no_effect,nb,briere,7,1.0,seir,1.17,False,False
MEXICO,MEXICO,2019-06-09,no_effect,nb,briere,7,0.75,hostvector,2.5,False,False
MEXICO,MEXICO,2019-06-09,no_effect,nb,briere,7,0.75,seir,2.628,False,False
MEXICO,MEXICO,2019-06-09,no_effect,nb,loglinear,3,1.0,hostvector,3.301,False,False
MEXICO,MEXICO,2019-06-09,no_effect,nb,loglinear,3,1.0,seir,0.669,False,False
MEXICO,MEXICO,2019-06-09,no_effect,nb,loglinear,3,0.75,hostvector,1.778,False,False
MEXICO,MEXICO,2019-06-09,no_effect,nb,loglinear,3,0.75,seir,0.018,False,False
MEXICO,MEXICO,2019-06-09,no_effect,nb,loglinear,5,1.0,hostvector,2.168,False,False
MEXICO,MEXICO,2019-06-09,no_effect,nb,loglinear,5,1.0,seir,-0.227,True,False
MEXICO,MEXICO,2019-06-09,no_effect,nb,loglinear,5,0.75,hostvector,1.197,False,False
MEXICO,MEXICO,2019-06-09,no_effect,nb,loglinear,5,0.75,seir,0.655,False,False
MEXICO,MEXICO,2019-06-09,no_effect,nb,loglinear,7,1.0,hostvector,2.605,False,False
MEXICO,MEXICO,2019-06-09,no_effect,nb,loglinear,7,1.0,seir,0.378,False,False
MEXICO,MEXICO,2019-06-09,no_effect,nb,loglinear,7,0.75,hostvector,2.834,False,False
MEXICO,MEXICO,2019-06-09,no_effect,nb,loglinear,7,0.75,seir,2.246,False,False
MEXICO,MEXICO,2019-06-09,no_effect,poisson,briere,3,1.0,hostvector,-772.311,True,True
MEXICO,MEXICO,2019-06-09,no_effect,poisson,briere,3,1.0,seir,-4561.438,True,True
MEXICO,MEXICO,2019-06-09,no_effect,poisson,briere,3,0.75,hostvector,-2882.996,True,True
MEXICO,MEXICO,2019-06-09,no_effect,poisson,briere,3,0.75,seir,-5990.81,True,True
MEXICO,MEXICO,2019-06-09,no_effect,poisson,briere,5,1.0,hostvector,-4549.075,True,True
MEXICO,MEXICO,2019-06-09,no_effect,poisson,briere,5,1.0,seir,-6357.815,True,True
MEXICO,MEXICO,2019-06-09,no_effect,poisson,briere,5,0.75,hostvector,-5569.511,True,True
MEXICO,MEXICO,2019-06-09,no_effect,poisson,briere,5,0.75,seir,-6586.938,True,True
MEXICO,MEXICO,2019-06-09,no_effect,poisson,briere,7,1.0,hostvector,-2730.106,True,True
MEXICO,MEXICO,2019-06-09,no_effect,poisson,briere,7,1.0,seir,-2453.555,True,True
MEXICO,MEXICO,2019-06-09,no_effect,poisson,briere,7,0.75,hostvector,-2428.516,True,True
MEXICO,MEXICO,2019-06-09,no_effect,poisson,briere,7,0.75,seir,-1103.515,True,True
MEXICO,MEXICO,2019-06-09,no_effect,poisson,loglinear,3,1.0,hostvector,-1566.605,True,True
MEXICO,MEXICO,2019-06-09,no_effect,poisson,loglinear,3,1.0,seir,-4008.012,True,True
MEXICO,MEXICO,2019-06-09,no_effect,poisson,loglinear,3,0.75,hostvector,-3768.883,True,True
MEXICO,MEXICO,2019-06-09,no_effect,poisson,loglinear,3,0.75,seir,-6631.636,True,True
MEXICO,MEXICO,2019-06-09,no_effect,poisson,loglinear,5,1.0,hostvector,-4687.432,True,True
MEXICO,MEXICO,2019-06-09,no_effect,poisson,loglinear,5,1.0,seir,-5743.62,True,True
MEXICO,MEXICO,2019-06-09,no_effect,poisson,loglinear,5,0.75,hostvector,-6135.328,True,True
MEXICO,MEXICO,2019-06-09,no_effect,poisson,loglinear,5,0.75,seir,-6311.623,True,True
MEXICO,MEXICO,2019-06-09,no_effect,poisson,loglinear,7,1.0,hostvector,-2060.057,True,True
MEXICO,MEXICO,2019-06-09,no_effect,poisson,loglinear,7,1.0,seir,-4122.401,True,True
MEXICO,MEXICO,2019-06-09,no_effect,poisson,loglinear,7,0.75,hostvector,-3493.781,True,True
MEXICO,MEXICO,2019-06-09,no_effect,poisson,loglinear,7,0.75,seir,-2931.802,True,True
MEXICO,MEXICO,2019-06-09,climate,nb,briere,3,1.0,hostvector,-8.467,True,True
MEXICO,MEXICO,2019-06-09,climate,nb,briere,3,1.0,seir,1.879,False,False
MEXICO,MEXICO,2019-06-09,climate,nb,briere,3,0.75,hostvector,-8.315,True,True
MEXICO,MEXICO,2019-06-09,climate,nb,briere,3,0.75,seir,1.887,False,False
MEXICO,MEXICO,2019-06-09,climate,nb,briere,5,1.0,hostvector,-8.58,True,True
MEXICO,MEXICO,2019-06-09,climate,nb,briere,5,1.0,seir,1.248,False,False
MEXICO,MEXICO,2019-06-09,climate,nb,briere,5,0.75,hostvector,-8.424,True,True
MEXICO,MEXICO,2019-06-09,climate,nb,briere,5,0.75,seir,1.265,False,False
MEXICO,MEXICO,2019-06-09,climate,nb,briere,7,1.0,hostvector,-8.35,True,True
MEXICO,MEXICO,2019-06-09,climate,nb,briere,7,1.0,seir,0.812,False,False
MEXICO,MEXICO,2019-06-09,climate,nb,briere,7,0.75,hostvector,-8.199,True,True
MEXICO,MEXICO,2019-06-09,climate,nb,briere,7,0.75,seir,0.833,False,False
MEXICO,MEXICO,2019-06-09,climate,nb,loglinear,3,1.0,hostvector,-8.921,True,True
MEXICO,MEXICO,2019-06-09,climate,nb,loglinear,3,1.0,seir,314.578,False,False
MEXICO,MEXICO,2019-06-09,climate,nb,loglinear,3,0.75,hostvector,-8.777,True,True
MEXICO,MEXICO,2019-06-09,climate,nb,loglinear,3,0.75,seir,1.17,False,False
MEXICO,MEXICO,2019-06-09,climate,nb,loglinear,5,1.0,hostvector,-8.751,True,True
MEXICO,MEXICO,2019-06-09,climate,nb,loglinear,5,1.0,seir,0.431,False,False
MEXICO,MEXICO,2019-06-09,climate,nb,loglinear,5,0.75,hostvector,-8.611,True,True
MEXICO,MEXICO,2019-06-09,climate,nb,loglinear,5,0.75,seir,0.451,False,False
MEXICO,MEXICO,2019-06-09,climate,nb,loglinear,7,1.0,hostvector,14.798,False,False
MEXICO,MEXICO,2019-06-09,climate,nb,loglinear,7,1.0,seir,0.158,False,False
MEXICO,MEXICO,2019-06-09,climate,nb,loglinear,7,0.75,hostvector,-8.116,True,True
MEXICO,MEXICO,2019-06-09,climate,nb,loglinear,7,0.75,seir,0.177,False,False
MEXICO,MEXICO,2019-06-09,climate,poisson,briere,3,1.0,hostvector,-15537.649,True,True
MEXICO,MEXICO,2019-06-09,climate,poisson,briere,3,1.0,seir,-25794.719,True,True
MEXICO,MEXICO,2019-06-09,climate,poisson,briere,3,0.75,hostvector,-15537.236,True,True
MEXICO,MEXICO,2019-06-09,climate,poisson,briere,3,0.75,seir,-25794.687,True,True
MEXICO,MEXICO,2019-06-09,climate,poisson,briere,5,1.0,hostvector,-13929.433,True,True
MEXICO,MEXICO,2019-06-09,climate,poisson,briere,5,1.0,seir,-30993.968,True,True
MEXICO,MEXICO,2019-06-09,climate,poisson,briere,5,0.75,hostvector,-13929.021,True,True
MEXICO,MEXICO,2019-06-09,climate,poisson,briere,5,0.75,seir,-30993.935,True,True
MEXICO,MEXICO,2019-06-09,climate,poisson,briere,7,1.0,hostvector,-5566.785,True,True
MEXICO,MEXICO,2019-06-09,climate,poisson,briere,7,1.0,seir,-17156.405,True,True
MEXICO,MEXICO,2019-06-09,climate,poisson,briere,7,0.75,hostvector,-5566.375,True,True
MEXICO,MEXICO,2019-06-09,climate,poisson,briere,7,0.75,seir,-17156.322,True,True
MEXICO,MEXICO,2019-06-09,climate,poisson,loglinear,3,1.0,hostvector,-18126.919,True,True
MEXICO,MEXICO,2019-06-09,climate,poisson,loglinear,3,1.0,seir,-31240.229,True,True
MEXICO,MEXICO,2019-06-09,climate,poisson,loglinear,3,0.75,hostvector,-18126.507,True,True
MEXICO,MEXICO,2019-06-09,climate,poisson,loglinear,3,0.75,seir,2384195.029,False,False
MEXICO,MEXICO,2019-06-09,climate,poisson,loglinear,5,1.0,hostvector,-15006.035,True,True
MEXICO,MEXICO,2019-06-09,climate,poisson,loglinear,5,1.0,seir,-32220.818,True,True
MEXICO,MEXICO,2019-06-09,climate,poisson,loglinear,5,0.75,hostvector,1530480.054,False,False
MEXICO,MEXICO,2019-06-09,climate,poisson,loglinear,5,0.75,seir,-32220.785,True,True
MEXICO,MEXICO,2019-06-09,climate,poisson,loglinear,7,1.0,hostvector,1762878.435,False,False
MEXICO,MEXICO,2019-06-09,climate,poisson,loglinear,7,1.0,seir,-18180.153,True,True
MEXICO,MEXICO,2019-06-09,climate,poisson,loglinear,7,0.75,hostvector,2705066.235,False,False
MEXICO,MEXICO,2019-06-09,climate,poisson,loglinear,7,0.75,seir,66965.338,False,False
MEXICO,MEXICO,2022-03-27,no_effect,nb,briere,3,1.0,hostvector,3.44,False,False
MEXICO,MEXICO,2022-03-27,no_effect,nb,briere,3,1.0,seir,3.184,False,False
MEXICO,MEXICO,2022-03-27,no_effect,nb,briere,3,0.75,hostvector,3.448,False,False
MEXICO,MEXICO,2022-03-27,no_effect,nb,briere,3,0.75,seir,3.619,False,False
MEXICO,MEXICO,2022-03-27,no_effect,nb,briere,5,1.0,hostvector,3.179,False,False
MEXICO,MEXICO,2022-03-27,no_effect,nb,briere,5,1.0,seir,2.957,False,False
MEXICO,MEXICO,2022-03-27,no_effect,nb,briere,5,0.75,hostvector,3.456,False,False
MEXICO,MEXICO,2022-03-27,no_effect,nb,briere,5,0.75,seir,3.614,False,False
MEXICO,MEXICO,2022-03-27,no_effect,nb,briere,7,1.0,hostvector,3.012,False,False
MEXICO,MEXICO,2022-03-27,no_effect,nb,briere,7,1.0,seir,2.836,False,False
MEXICO,MEXICO,2022-03-27,no_effect,nb,briere,7,0.75,hostvector,3.417,False,False
MEXICO,MEXICO,2022-03-27,no_effect,nb,briere,7,0.75,seir,3.578,False,False
MEXICO,MEXICO,2022-03-27,no_effect,nb,loglinear,3,1.0,hostvector,3.125,False,False
MEXICO,MEXICO,2022-03-27,no_effect,nb,loglinear,3,1.0,seir,2.798,False,False
MEXICO,MEXICO,2022-03-27,no_effect,nb,loglinear,3,0.75,hostvector,2.653,False,False
MEXICO,MEXICO,2022-03-27,no_effect,nb,loglinear,3,0.75,seir,3.132,False,False
MEXICO,MEXICO,2022-03-27,no_effect,nb,loglinear,5,1.0,hostvector,3.179,False,False
MEXICO,MEXICO,2022-03-27,no_effect,nb,loglinear,5,1.0,seir,2.69,False,False
MEXICO,MEXICO,2022-03-27,no_effect,nb,loglinear,5,0.75,hostvector,2.754,False,False
MEXICO,MEXICO,2022-03-27,no_effect,nb,loglinear,5,0.75,seir,3.083,False,False
MEXICO,MEXICO,2022-03-27,no_effect,nb,loglinear,7,1.0,hostvector,2.818,False,False
MEXICO,MEXICO,2022-03-27,no_effect,nb,loglinear,7,1.0,seir,2.661,False,False
MEXICO,MEXICO,2022-03-27,no_effect,nb,loglinear,7,0.75,hostvector,3.131,False,False
MEXICO,MEXICO,2022-03-27,no_effect,nb,loglinear,7,0.75,seir,3.289,False,False
MEXICO,MEXICO,2022-03-27,no_effect,poisson,briere,3,1.0,hostvector,-157.212,True,True
MEXICO,MEXICO,2022-03-27,no_effect,poisson,briere,3,1.0,seir,-305.128,True,True
MEXICO,MEXICO,2022-03-27,no_effect,poisson,briere,3,0.75,hostvector,-797.874,True,True
MEXICO,MEXICO,2022-03-27,no_effect,poisson,briere,3,0.75,seir,-644.738,True,True
MEXICO,MEXICO,2022-03-27,no_effect,poisson,briere,5,1.0,hostvector,-384.058,True,True
MEXICO,MEXICO,2022-03-27,no_effect,poisson,briere,5,1.0,seir,-554.776,True,True
MEXICO,MEXICO,2022-03-27,no_effect,poisson,briere,5,0.75,hostvector,-648.695,True,True
MEXICO,MEXICO,2022-03-27,no_effect,poisson,briere,5,0.75,seir,-565.999,True,True
MEXICO,MEXICO,2022-03-27,no_effect,poisson,briere,7,1.0,hostvector,-633.146,True,True
MEXICO,MEXICO,2022-03-27,no_effect,poisson,briere,7,1.0,seir,-798.502,True,True
MEXICO,MEXICO,2022-03-27,no_effect,poisson,briere,7,0.75,hostvector,-576.959,True,True
MEXICO,MEXICO,2022-03-27,no_effect,poisson,briere,7,0.75,seir,-514.371,True,True
MEXICO,MEXICO,2022-03-27,no_effect,poisson,loglinear,3,1.0,hostvector,-822.276,True,True
MEXICO,MEXICO,2022-03-27,no_effect,poisson,loglinear,3,1.0,seir,-1077.566,True,True
MEXICO,MEXICO,2022-03-27,no_effect,poisson,loglinear,3,0.75,hostvector,-922.221,True,True
MEXICO,MEXICO,2022-03-27,no_effect,poisson,loglinear,3,0.75,seir,-748.11,True,True
MEXICO,MEXICO,2022-03-27,no_effect,poisson,loglinear,5,1.0,hostvector,-1301.57,True,True
MEXICO,MEXICO,2022-03-27,no_effect,poisson,loglinear,5,1.0,seir,-1279.968,True,True
MEXICO,MEXICO,2022-03-27,no_effect,poisson,loglinear,5,0.75,hostvector,-367.736,True,True
MEXICO,MEXICO,2022-03-27,no_effect,poisson,loglinear,5,0.75,seir,-347.736,True,True
MEXICO,MEXICO,2022-03-27,no_effect,poisson,loglinear,7,1.0,hostvector,-1651.093,True,True
MEXICO,MEXICO,2022-03-27,no_effect,poisson,loglinear,7,1.0,seir,-1405.527,True,True
MEXICO,MEXICO,2022-03-27,no_effect,poisson,loglinear,7,0.75,hostvector,-105.592,True,True
MEXICO,MEXICO,2022-03-27,no_effect,poisson,loglinear,7,0.75,seir,-125.45,True,True
MEXICO,MEXICO,2022-03-27,climate,nb,briere,3,1.0,hostvector,3.067,False,False
MEXICO,MEXICO,2022-03-27,climate,nb,briere,3,1.0,seir,2.444,False,False
MEXICO,MEXICO,2022-03-27,climate,nb,briere,3,0.75,hostvector,2.104,False,False
MEXICO,MEXICO,2022-03-27,climate,nb,briere,3,0.75,seir,2.444,False,False
MEXICO,MEXICO,2022-03-27,climate,nb,briere,5,1.0,hostvector,2.827,False,False
MEXICO,MEXICO,2022-03-27,climate,nb,briere,5,1.0,seir,2.17,False,False
MEXICO,MEXICO,2022-03-27,climate,nb,briere,5,0.75,hostvector,2.756,False,False
MEXICO,MEXICO,2022-03-27,climate,nb,briere,5,0.75,seir,2.168,False,False
MEXICO,MEXICO,2022-03-27,climate,nb,briere,7,1.0,hostvector,2.142,False,False
MEXICO,MEXICO,2022-03-27,climate,nb,briere,7,1.0,seir,2.514,False,False
MEXICO,MEXICO,2022-03-27,climate,nb,briere,7,0.75,hostvector,1.538,False,False
MEXICO,MEXICO,2022-03-27,climate,nb,briere,7,0.75,seir,2.357,False,False
MEXICO,MEXICO,2022-03-27,climate,nb,loglinear,3,1.0,hostvector,3.38,False,False
MEXICO,MEXICO,2022-03-27,climate,nb,loglinear,3,1.0,seir,2.415,False,False
MEXICO,MEXICO,2022-03-27,climate,nb,loglinear,3,0.75,hostvector,3.61,False,False
MEXICO,MEXICO,2022-03-27,climate,nb,loglinear,3,0.75,seir,2.41,False,False
MEXICO,MEXICO,2022-03-27,climate,nb,loglinear,5,1.0,hostvector,1.611,False,False
MEXICO,MEXICO,2022-03-27,climate,nb,loglinear,5,1.0,seir,1.843,False,False
MEXICO,MEXICO,2022-03-27,climate,nb,loglinear,5,0.75,hostvector,3.66,False,False
MEXICO,MEXICO,2022-03-27,climate,nb,loglinear,5,0.75,seir,1.844,False,False
MEXICO,MEXICO,2022-03-27,climate,nb,loglinear,7,1.0,hostvector,3.463,False,False
MEXICO,MEXICO,2022-03-27,climate,nb,loglinear,7,1.0,seir,0.271,False,False
MEXICO,MEXICO,2022-03-27,climate,nb,loglinear,7,0.75,hostvector,4.826,False,False
MEXICO,MEXICO,2022-03-27,climate,nb,loglinear,7,0.75,seir,0.268,False,False
MEXICO,MEXICO,2022-03-27,climate,poisson,briere,3,1.0,hostvector,-5398.172,True,True
MEXICO,MEXICO,2022-03-27,climate,poisson,briere,3,1.0,seir,-5039.611,True,True
MEXICO,MEXICO,2022-03-27,climate,poisson,briere,3,0.75,hostvector,-5398.145,True,True
MEXICO,MEXICO,2022-03-27,climate,poisson,briere,3,0.75,seir,-5039.606,True,True
MEXICO,MEXICO,2022-03-27,climate,poisson,briere,5,1.0,hostvector,-5504.542,True,True
MEXICO,MEXICO,2022-03-27,climate,poisson,briere,5,1.0,seir,-5508.586,True,True
MEXICO,MEXICO,2022-03-27,climate,poisson,briere,5,0.75,hostvector,-5504.521,True,True
MEXICO,MEXICO,2022-03-27,climate,poisson,briere,5,0.75,seir,-5508.598,True,True
MEXICO,MEXICO,2022-03-27,climate,poisson,briere,7,1.0,hostvector,-7273.627,True,True
MEXICO,MEXICO,2022-03-27,climate,poisson,briere,7,1.0,seir,-7374.599,True,True
MEXICO,MEXICO,2022-03-27,climate,poisson,briere,7,0.75,hostvector,-7273.586,True,True
MEXICO,MEXICO,2022-03-27,climate,poisson,briere,7,0.75,seir,-7374.596,True,True
MEXICO,MEXICO,2022-03-27,climate,poisson,loglinear,3,1.0,hostvector,-4336.762,True,True
MEXICO,MEXICO,2022-03-27,climate,poisson,loglinear,3,1.0,seir,-3981.426,True,True
MEXICO,MEXICO,2022-03-27,climate,poisson,loglinear,3,0.75,hostvector,-3034.176,True,True
MEXICO,MEXICO,2022-03-27,climate,poisson,loglinear,3,0.75,seir,-3981.411,True,True
MEXICO,MEXICO,2022-03-27,climate,poisson,loglinear,5,1.0,hostvector,-5464.487,True,True
MEXICO,MEXICO,2022-03-27,climate,poisson,loglinear,5,1.0,seir,-4594.884,True,True
MEXICO,MEXICO,2022-03-27,climate,poisson,loglinear,5,0.75,hostvector,-5464.49,True,True
MEXICO,MEXICO,2022-03-27,climate,poisson,loglinear,5,0.75,seir,-5913.822,True,True
MEXICO,MEXICO,2022-03-27,climate,poisson,loglinear,7,1.0,hostvector,-7280.677,True,True
MEXICO,MEXICO,2022-03-27,climate,poisson,loglinear,7,1.0,seir,-7547.193,True,True
MEXICO,MEXICO,2022-03-27,climate,poisson,loglinear,7,0.75,hostvector,-3540.846,True,True
MEXICO,MEXICO,2022-03-27,climate,poisson,loglinear,7,0.75,seir,-7547.186,True,True
NEW CALEDONIA,NEW CALEDONIA,2012-11-11,no_effect,nb,briere,3,1.0,hostvector,3.613,False,False
NEW CALEDONIA,NEW CALEDONIA,2012-11-11,no_effect,nb,briere,3,1.0,seir,3.991,False,False
NEW CALEDONIA,NEW CALEDONIA,2012-11-11,no_effect,nb,briere,3,0.75,hostvector,1.547,False,False
NEW CALEDONIA,NEW CALEDONIA,2012-11-11,no_effect,nb,briere,3,0.75,seir,3.365,False,False
NEW CALEDONIA,NEW CALEDONIA,2012-11-11,no_effect,nb,briere,5,1.0,hostvector,2.593,False,False
NEW CALEDONIA,NEW CALEDONIA,2012-11-11,no_effect,nb,briere,5,1.0,seir,3.453,False,False
NEW CALEDONIA,NEW CALEDONIA,2012-11-11,no_effect,nb,briere,5,0.75,hostvector,2.382,False,False
NEW CALEDONIA,NEW CALEDONIA,2012-11-11,no_effect,nb,briere,5,0.75,seir,3.567,False,False
NEW CALEDONIA,NEW CALEDONIA,2012-11-11,no_effect,nb,briere,7,1.0,hostvector,2.72,False,False
NEW CALEDONIA,NEW CALEDONIA,2012-11-11,no_effect,nb,briere,7,1.0,seir,3.418,False,False
NEW CALEDONIA,NEW CALEDONIA,2012-11-11,no_effect,nb,briere,7,0.75,hostvector,3.331,False,False
NEW CALEDONIA,NEW CALEDONIA,2012-11-11,no_effect,nb,briere,7,0.75,seir,3.944,False,False
NEW CALEDONIA,NEW CALEDONIA,2012-11-11,no_effect,nb,loglinear,3,1.0,hostvector,3.611,False,False
NEW CALEDONIA,NEW CALEDONIA,2012-11-11,no_effect,nb,loglinear,3,1.0,seir,3.355,False,False
NEW CALEDONIA,NEW CALEDONIA,2012-11-11,no_effect,nb,loglinear,3,0.75,hostvector,1.604,False,False
NEW CALEDONIA,NEW CALEDONIA,2012-11-11,no_effect,nb,loglinear,3,0.75,seir,3.378,False,False
NEW CALEDONIA,NEW CALEDONIA,2012-11-11,no_effect,nb,loglinear,5,1.0,hostvector,2.493,False,False
NEW CALEDONIA,NEW CALEDONIA,2012-11-11,no_effect,nb,loglinear,5,1.0,seir,2.458,False,False
NEW CALEDONIA,NEW CALEDONIA,2012-11-11,no_effect,nb,loglinear,5,0.75,hostvector,2.397,False,False
NEW CALEDONIA,NEW CALEDONIA,2012-11-11,no_effect,nb,loglinear,5,0.75,seir,3.545,False,False
NEW CALEDONIA,NEW CALEDONIA,2012-11-11,no_effect,nb,loglinear,7,1.0,hostvector,2.595,False,False
NEW CALEDONIA,NEW CALEDONIA,2012-11-11,no_effect,nb,loglinear,7,1.0,seir,2.551,False,False
NEW CALEDONIA,NEW CALEDONIA,2012-11-11,no_effect,nb,loglinear,7,0.75,hostvector,3.349,False,False
NEW CALEDONIA,NEW CALEDONIA,2012-11-11,no_effect,nb,loglinear,7,0.75,seir,3.943,False,False
NEW CALEDONIA,NEW CALEDONIA,2012-11-11,no_effect,poisson,briere,3,1.0,hostvector,-16.563,True,True
NEW CALEDONIA,NEW CALEDONIA,2012-11-11,no_effect,poisson,briere,3,1.0,seir,-16.409,True,True
NEW CALEDONIA,NEW CALEDONIA,2012-11-11,no_effect,poisson,briere,3,0.75,hostvector,-50.822,True,True
NEW CALEDONIA,NEW CALEDONIA,2012-11-11,no_effect,poisson,briere,3,0.75,seir,-49.549,True,True
NEW CALEDONIA,NEW CALEDONIA,2012-11-11,no_effect,poisson,briere,5,1.0,hostvector,-19.949,True,True
NEW CALEDONIA,NEW CALEDONIA,2012-11-11,no_effect,poisson,briere,5,1.0,seir,-17.9,True,True
NEW CALEDONIA,NEW CALEDONIA,2012-11-11,no_effect,poisson,briere,5,0.75,hostvector,-21.378,True,True
NEW CALEDONIA,NEW CALEDONIA,2012-11-11,no_effect,poisson,briere,5,0.75,seir,-14.172,True,True
NEW CALEDONIA,NEW CALEDONIA,2012-11-11,no_effect,poisson,briere,7,1.0,hostvector,3.935,False,False
NEW CALEDONIA,NEW CALEDONIA,2012-11-11,no_effect,poisson,briere,7,1.0,seir,3.984,False,False
NEW CALEDONIA,NEW CALEDONIA,2012-11-11,no_effect,poisson,briere,7,0.75,hostvector,2.916,False,False
NEW CALEDONIA,NEW CALEDONIA,2012-11-11,no_effect,poisson,briere,7,0.75,seir,1.299,False,False
NEW CALEDONIA,NEW CALEDONIA,2012-11-11,no_effect,poisson,loglinear,3,1.0,hostvector,-19.162,True,True
NEW CALEDONIA,NEW CALEDONIA,2012-11-11,no_effect,poisson,loglinear,3,1.0,seir,-25.457,True,True
NEW CALEDONIA,NEW CALEDONIA,2012-11-11,no_effect,poisson,loglinear,3,0.75,hostvector,-50.198,True,True
NEW CALEDONIA,NEW CALEDONIA,2012-11-11,no_effect,poisson,loglinear,3,0.75,seir,-48.801,True,True
NEW CALEDONIA,NEW CALEDONIA,2012-11-11,no_effect,poisson,loglinear,5,1.0,hostvector,-20.455,True,True
NEW CALEDONIA,NEW CALEDONIA,2012-11-11,no_effect,poisson,loglinear,5,1.0,seir,-20.945,True,True
NEW CALEDONIA,NEW CALEDONIA,2012-11-11,no_effect,poisson,loglinear,5,0.75,hostvector,-21.226,True,True
NEW CALEDONIA,NEW CALEDONIA,2012-11-11,no_effect,poisson,loglinear,5,0.75,seir,-14.196,True,True
NEW CALEDONIA,NEW CALEDONIA,2012-11-11,no_effect,poisson,loglinear,7,1.0,hostvector,2.74,False,False
NEW CALEDONIA,NEW CALEDONIA,2012-11-11,no_effect,poisson,loglinear,7,1.0,seir,-2.977,True,False
NEW CALEDONIA,NEW CALEDONIA,2012-11-11,no_effect,poisson,loglinear,7,0.75,hostvector,3.236,False,False
NEW CALEDONIA,NEW CALEDONIA,2012-11-11,no_effect,poisson,loglinear,7,0.75,seir,1.24,False,False
NEW CALEDONIA,NEW CALEDONIA,2012-11-11,climate,nb,briere,3,1.0,hostvector,-95.83,True,True
NEW CALEDONIA,NEW CALEDONIA,2012-11-11,climate,nb,briere,3,1.0,seir,-82.68,True,True
NEW CALEDONIA,NEW CALEDONIA,2012-11-11,climate,nb,briere,3,0.75,hostvector,-24.05,True,True
NEW CALEDONIA,NEW CALEDONIA,2012-11-11,climate,nb,briere,3,0.75,seir,-18.639,True,True
NEW CALEDONIA,NEW CALEDONIA,2012-11-11,climate,nb,briere,5,1.0,hostvector,-54.993,True,True
NEW CALEDONIA,NEW CALEDONIA,2012-11-11,climate,nb,briere,5,1.0,seir,-50.904,True,True
NEW CALEDONIA,NEW CALEDONIA,2012-11-11,climate,nb,briere,5,0.75,hostvector,-1.465,True,False
NEW CALEDONIA,NEW CALEDONIA,2012-11-11,climate,nb,briere,5,0.75,seir,-0.141,True,False
NEW CALEDONIA,NEW CALEDONIA,2012-11-11,climate,nb,briere,7,1.0,hostvector,-67.717,True,True
NEW CALEDONIA,NEW CALEDONIA,2012-11-11,climate,nb,briere,7,1.0,seir,-63.089,True,True
NEW CALEDONIA,NEW CALEDONIA,2012-11-11,climate,nb,briere,7,0.75,hostvector,-5.282,True,True
NEW CALEDONIA,NEW CALEDONIA,2012-11-11,climate,nb,briere,7,0.75,seir,-3.976,True,False
NEW CALEDONIA,NEW CALEDONIA,2012-11-11,climate,nb,loglinear,3,1.0,hostvector,-95.884,True,True
NEW CALEDONIA,NEW CALEDONIA,2012-11-11,climate,nb,loglinear,3,1.0,seir,-82.642,True,True
NEW CALEDONIA,NEW CALEDONIA,2012-11-11,climate,nb,loglinear,3,0.75,hostvector,-24.116,True,True
NEW CALEDONIA,NEW CALEDONIA,2012-11-11,climate,nb,loglinear,3,0.75,seir,-18.629,True,True
NEW CALEDONIA,NEW CALEDONIA,2012-11-11,climate,nb,loglinear,5,1.0,hostvector,-59.989,True,True
NEW CALEDONIA,NEW CALEDONIA,2012-11-11,climate,nb,loglinear,5,1.0,seir,-46.753,True,True
NEW CALEDONIA,NEW CALEDONIA,2012-11-11,climate,nb,loglinear,5,0.75,hostvector,-1.608,True,False
NEW CALEDONIA,NEW CALEDONIA,2012-11-11,climate,nb,loglinear,5,0.75,seir,-0.26,True,False
NEW CALEDONIA,NEW CALEDONIA,2012-11-11,climate,nb,loglinear,7,1.0,hostvector,-65.87,True,True
NEW CALEDONIA,NEW CALEDONIA,2012-11-11,climate,nb,loglinear,7,1.0,seir,-61.874,True,True
NEW CALEDONIA,NEW CALEDONIA,2012-11-11,climate,nb,loglinear,7,0.75,hostvector,-6.178,True,True
NEW CALEDONIA,NEW CALEDONIA,2012-11-11,climate,nb,loglinear,7,0.75,seir,-4.696,True,True
NEW CALEDONIA,NEW CALEDONIA,2012-11-11,climate,poisson,briere,3,1.0,hostvector,-849.32,True,True
NEW CALEDONIA,NEW CALEDONIA,2012-11-11,climate,poisson,briere,3,1.0,seir,-795.119,True,True
NEW CALEDONIA,NEW CALEDONIA,2012-11-11,climate,poisson,briere,3,0.75,hostvector,-602.48,True,True
NEW CALEDONIA,NEW CALEDONIA,2012-11-11,climate,poisson,briere,3,0.75,seir,-569.404,True,True
NEW CALEDONIA,NEW CALEDONIA,2012-11-11,climate,poisson,briere,5,1.0,hostvector,-188.574,True,True
NEW CALEDONIA,NEW CALEDONIA,2012-11-11,climate,poisson,briere,5,1.0,seir,-226.548,True,True
NEW CALEDONIA,NEW CALEDONIA,2012-11-11,climate,poisson,briere,5,0.75,hostvector,-85.683,True,True
NEW CALEDONIA,NEW CALEDONIA,2012-11-11,climate,poisson,briere,5,0.75,seir,-118.843,True,True
NEW CALEDONIA,NEW CALEDONIA,2012-11-11,climate,poisson,briere,7,1.0,hostvector,-531.704,True,True
NEW CALEDONIA,NEW CALEDONIA,2012-11-11,climate,poisson,briere,7,1.0,seir,-506.544,True,True
NEW CALEDONIA,NEW CALEDONIA,2012-11-11,climate,poisson,briere,7,0.75,hostvector,-380.319,True,True
NEW CALEDONIA,NEW CALEDONIA,2012-11-11,climate,poisson,briere,7,0.75,seir,-347.747,True,True
NEW CALEDONIA,NEW CALEDONIA,2012-11-11,climate,poisson,loglinear,3,1.0,hostvector,-861.665,True,True
NEW CALEDONIA,NEW CALEDONIA,2012-11-11,climate,poisson,loglinear,3,1.0,seir,-801.743,True,True
NEW CALEDONIA,NEW CALEDONIA,2012-11-11,climate,poisson,loglinear,3,0.75,hostvector,-610.618,True,True
NEW CALEDONIA,NEW CALEDONIA,2012-11-11,climate,poisson,loglinear,3,0.75,seir,-574.393,True,True
NEW CALEDONIA,NEW CALEDONIA,2012-11-11,climate,poisson,loglinear,5,1.0,hostvector,-164.208,True,True
NEW CALEDONIA,NEW CALEDONIA,2012-11-11,climate,poisson,loglinear,5,1.0,seir,-209.018,True,True
NEW CALEDONIA,NEW CALEDONIA,2012-11-11,climate,poisson,loglinear,5,0.75,hostvector,-85.981,True,True
NEW CALEDONIA,NEW CALEDONIA,2012-11-11,climate,poisson,loglinear,5,0.75,seir,-119.903,True,True
NEW CALEDONIA,NEW CALEDONIA,2012-11-11,climate,poisson,loglinear,7,1.0,hostvector,-531.945,True,True
NEW CALEDONIA,NEW CALEDONIA,2012-11-11,climate,poisson,loglinear,7,1.0,seir,-509.332,True,True
NEW CALEDONIA,NEW CALEDONIA,2012-11-11,climate,poisson,loglinear,7,0.75,hostvector,-389.493,True,True
NEW CALEDONIA,NEW CALEDONIA,2012-11-11,climate,poisson,loglinear,7,0.75,seir,-354.406,True,True
NICARAGUA,MATAGALPA,2009-05-03,no_effect,nb,briere,3,1.0,hostvector,3.625,False,False
NICARAGUA,MATAGALPA,2009-05-03,no_effect,nb,briere,3,1.0,seir,2.595,False,False
NICARAGUA,MATAGALPA,2009-05-03,no_effect,nb,briere,3,0.75,hostvector,3.743,False,False
NICARAGUA,MATAGALPA,2009-05-03,no_effect,nb,briere,3,0.75,seir,2.525,False,False
NICARAGUA,MATAGALPA,2009-05-03,no_effect,nb,briere,5,1.0,hostvector,1.121,False,False
NICARAGUA,MATAGALPA,2009-05-03,no_effect,nb,briere,5,1.0,seir,-1.119,True,False
NICARAGUA,MATAGALPA,2009-05-03,no_effect,nb,briere,5,0.75,hostvector,1.121,False,False
NICARAGUA,MATAGALPA,2009-05-03,no_effect,nb,briere,5,0.75,seir,-1.225,True,False
NICARAGUA,MATAGALPA,2009-05-03,no_effect,nb,briere,7,1.0,hostvector,0.056,False,False
NICARAGUA,MATAGALPA,2009-05-03,no_effect,nb,briere,7,1.0,seir,-1.72,True,False
NICARAGUA,MATAGALPA,2009-05-03,no_effect,nb,briere,7,0.75,hostvector,-1.015,True,False
NICARAGUA,MATAGALPA,2009-05-03,no_effect,nb,briere,7,0.75,seir,-2.883,True,False
NICARAGUA,MATAGALPA,2009-05-03,no_effect,nb,loglinear,3,1.0,hostvector,-0.363,True,False
NICARAGUA,MATAGALPA,2009-05-03,no_effect,nb,loglinear,3,1.0,seir,-1.241,True,False
NICARAGUA,MATAGALPA,2009-05-03,no_effect,nb,loglinear,3,0.75,hostvector,1.275,False,False
NICARAGUA,MATAGALPA,2009-05-03,no_effect,nb,loglinear,3,0.75,seir,1.348,False,False
NICARAGUA,MATAGALPA,2009-05-03,no_effect,nb,loglinear,5,1.0,hostvector,-2.358,True,False
NICARAGUA,MATAGALPA,2009-05-03,no_effect,nb,loglinear,5,1.0,seir,-3.616,True,False
NICARAGUA,MATAGALPA,2009-05-03,no_effect,nb,loglinear,5,0.75,hostvector,-0.696,True,False
NICARAGUA,MATAGALPA,2009-05-03,no_effect,nb,loglinear,5,0.75,seir,-1.874,True,False
NICARAGUA,MATAGALPA,2009-05-03,no_effect,nb,loglinear,7,1.0,hostvector,-1.295,True,False
NICARAGUA,MATAGALPA,2009-05-03,no_effect,nb,loglinear,7,1.0,seir,-2.151,True,False
NICARAGUA,MATAGALPA,2009-05-03,no_effect,nb,loglinear,7,0.75,hostvector,-1.263,True,False
NICARAGUA,MATAGALPA,2009-05-03,no_effect,nb,loglinear,7,0.75,seir,-2.89,True,False
NICARAGUA,MATAGALPA,2009-05-03,no_effect,poisson,briere,3,1.0,hostvector,2.192,False,False
NICARAGUA,MATAGALPA,2009-05-03,no_effect,poisson,briere,3,1.0,seir,-2.559,True,False
NICARAGUA,MATAGALPA,2009-05-03,no_effect,poisson,briere,3,0.75,hostvector,3.369,False,False
NICARAGUA,MATAGALPA,2009-05-03,no_effect,poisson,briere,3,0.75,seir,-1.229,True,False
NICARAGUA,MATAGALPA,2009-05-03,no_effect,poisson,briere,5,1.0,hostvector,-16.906,True,True
NICARAGUA,MATAGALPA,2009-05-03,no_effect,poisson,briere,5,1.0,seir,-27.723,True,True
NICARAGUA,MATAGALPA,2009-05-03,no_effect,poisson,briere,5,0.75,hostvector,-16.235,True,True
NICARAGUA,MATAGALPA,2009-05-03,no_effect,poisson,briere,5,0.75,seir,-28.14,True,True
NICARAGUA,MATAGALPA,2009-05-03,no_effect,poisson,briere,7,1.0,hostvector,-27.913,True,True
NICARAGUA,MATAGALPA,2009-05-03,no_effect,poisson,briere,7,1.0,seir,-34.981,True,True
NICARAGUA,MATAGALPA,2009-05-03,no_effect,poisson,briere,7,0.75,hostvector,-34.309,True,True
NICARAGUA,MATAGALPA,2009-05-03,no_effect,poisson,briere,7,0.75,seir,-42.634,True,True
NICARAGUA,MATAGALPA,2009-05-03,no_effect,poisson,loglinear,3,1.0,hostvector,-20.335,True,True
NICARAGUA,MATAGALPA,2009-05-03,no_effect,poisson,loglinear,3,1.0,seir,-23.38,True,True
NICARAGUA,MATAGALPA,2009-05-03,no_effect,poisson,loglinear,3,0.75,hostvector,-13.9,True,True
NICARAGUA,MATAGALPA,2009-05-03,no_effect,poisson,loglinear,3,0.75,seir,-12.305,True,True
NICARAGUA,MATAGALPA,2009-05-03,no_effect,poisson,loglinear,5,1.0,hostvector,-36.204,True,True
NICARAGUA,MATAGALPA,2009-05-03,no_effect,poisson,loglinear,5,1.0,seir,-41.34,True,True
NICARAGUA,MATAGALPA,2009-05-03,no_effect,poisson,loglinear,5,0.75,hostvector,-30.877,True,True
NICARAGUA,MATAGALPA,2009-05-03,no_effect,poisson,loglinear,5,0.75,seir,-36.144,True,True
NICARAGUA,MATAGALPA,2009-05-03,no_effect,poisson,loglinear,7,1.0,hostvector,-32.065,True,True
NICARAGUA,MATAGALPA,2009-05-03,no_effect,poisson,loglinear,7,1.0,seir,-36.058,True,True
NICARAGUA,MATAGALPA,2009-05-03,no_effect,poisson,loglinear,7,0.75,hostvector,-36.286,True,True
NICARAGUA,MATAGALPA,2009-05-03,no_effect,poisson,loglinear,7,0.75,seir,-42.703,True,True
NICARAGUA,MATAGALPA,2009-05-03,climate,nb,briere,3,1.0,hostvector,-10.863,True,True
NICARAGUA,MATAGALPA,2009-05-03,climate,nb,briere,3,1.0,seir,-12.269,True,True
NICARAGUA,MATAGALPA,2009-05-03,climate,nb,briere,3,0.75,hostvector,-10.683,True,True
NICARAGUA,MATAGALPA,2009-05-03,climate,nb,briere,3,0.75,seir,-11.98,True,True
NICARAGUA,MATAGALPA,2009-05-03,climate,nb,briere,5,1.0,hostvector,-11.301,True,True
NICARAGUA,MATAGALPA,2009-05-03,climate,nb,briere,5,1.0,seir,-7.725,True,True
NICARAGUA,MATAGALPA,2009-05-03,climate,nb,briere,5,0.75,hostvector,-11.003,True,True
NICARAGUA,MATAGALPA,2009-05-03,climate,nb,briere,5,0.75,seir,-7.414,True,True
NICARAGUA,MATAGALPA,2009-05-03,climate,nb,briere,7,1.0,hostvector,-2.25,True,False
NICARAGUA,MATAGALPA,2009-05-03,climate,nb,briere,7,1.0,seir,-0.206,True,False
NICARAGUA,MATAGALPA,2009-05-03,climate,nb,briere,7,0.75,hostvector,-1.803,True,False
NICARAGUA,MATAGALPA,2009-05-03,climate,nb,briere,7,0.75,seir,0.135,False,False
NICARAGUA,MATAGALPA,2009-05-03,climate,nb,loglinear,3,1.0,hostvector,-10.825,True,True
NICARAGUA,MATAGALPA,2009-05-03,climate,nb,loglinear,3,1.0,seir,-12.393,True,True
NICARAGUA,MATAGALPA,2009-05-03,climate,nb,loglinear,3,0.75,hostvector,-10.669,True,True
NICARAGUA,MATAGALPA,2009-05-03,climate,nb,loglinear,3,0.75,seir,-12.114,True,True
NICARAGUA,MATAGALPA,2009-05-03,climate,nb,loglinear,5,1.0,hostvector,-11.313,True,True
NICARAGUA,MATAGALPA,2009-05-03,climate,nb,loglinear,5,1.0,seir,-7.786,True,True
NICARAGUA,MATAGALPA,2009-05-03,climate,nb,loglinear,5,0.75,hostvector,-11.1,True,True
NICARAGUA,MATAGALPA,2009-05-03,climate,nb,loglinear,5,0.75,seir,-7.543,True,True
NICARAGUA,MATAGALPA,2009-05-03,climate,nb,loglinear,7,1.0,hostvector,-4.25,True,True
NICARAGUA,MATAGALPA,2009-05-03,climate,nb,loglinear,7,1.0,seir,-2.346,True,False
NICARAGUA,MATAGALPA,2009-05-03,climate,nb,loglinear,7,0.75,hostvector,-4.324,True,True
NICARAGUA,MATAGALPA,2009-05-03,climate,nb,loglinear,7,0.75,seir,-2.394,True,False
NICARAGUA,MATAGALPA,2009-05-03,climate,poisson,briere,3,1.0,hostvector,-75.913,True,True
NICARAGUA,MATAGALPA,2009-05-03,climate,poisson,briere,3,1.0,seir,-125.673,True,True
NICARAGUA,MATAGALPA,2009-05-03,climate,poisson,briere,3,0.75,hostvector,-76.524,True,True
NICARAGUA,MATAGALPA,2009-05-03,climate,poisson,briere,3,0.75,seir,-125.846,True,True
NICARAGUA,MATAGALPA,2009-05-03,climate,poisson,briere,5,1.0,hostvector,-111.481,True,True
NICARAGUA,MATAGALPA,2009-05-03,climate,poisson,briere,5,1.0,seir,-85.819,True,True
NICARAGUA,MATAGALPA,2009-05-03,climate,poisson,briere,5,0.75,hostvector,-111.464,True,True
NICARAGUA,MATAGALPA,2009-05-03,climate,poisson,briere,5,0.75,seir,-85.769,True,True
NICARAGUA,MATAGALPA,2009-05-03,climate,poisson,briere,7,1.0,hostvector,-3.824,True,False
NICARAGUA,MATAGALPA,2009-05-03,climate,poisson,briere,7,1.0,seir,-1.719,True,False
NICARAGUA,MATAGALPA,2009-05-03,climate,poisson,briere,7,0.75,hostvector,-3.768,True,False
NICARAGUA,MATAGALPA,2009-05-03,climate,poisson,briere,7,0.75,seir,-1.681,True,False
NICARAGUA,MATAGALPA,2009-05-03,climate,poisson,loglinear,3,1.0,hostvector,-74.724,True,True
NICARAGUA,MATAGALPA,2009-05-03,climate,poisson,loglinear,3,1.0,seir,-125.221,True,True
NICARAGUA,MATAGALPA,2009-05-03,climate,poisson,loglinear,3,0.75,hostvector,-75.441,True,True
NICARAGUA,MATAGALPA,2009-05-03,climate,poisson,loglinear,3,0.75,seir,-125.426,True,True
NICARAGUA,MATAGALPA,2009-05-03,climate,poisson,loglinear,5,1.0,hostvector,-111.488,True,True
NICARAGUA,MATAGALPA,2009-05-03,climate,poisson,loglinear,5,1.0,seir,-85.662,True,True
NICARAGUA,MATAGALPA,2009-05-03,climate,poisson,loglinear,5,0.75,hostvector,-111.474,True,True
NICARAGUA,MATAGALPA,2009-05-03,climate,poisson,loglinear,5,0.75,seir,-85.612,True,True
NICARAGUA,MATAGALPA,2009-05-03,climate,poisson,loglinear,7,1.0,hostvector,-5.363,True,True
NICARAGUA,MATAGALPA,2009-05-03,climate,poisson,loglinear,7,1.0,seir,-2.126,True,False
NICARAGUA,MATAGALPA,2009-05-03,climate,poisson,loglinear,7,0.75,hostvector,-5.358,True,True
NICARAGUA,MATAGALPA,2009-05-03,climate,poisson,loglinear,7,0.75,seir,-2.101,True,False
NICARAGUA,CHONTALES,2009-06-28,no_effect,nb,briere,3,1.0,hostvector,2.95,False,False
NICARAGUA,CHONTALES,2009-06-28,no_effect,nb,briere,3,1.0,seir,2.507,False,False
NICARAGUA,CHONTALES,2009-06-28,no_effect,nb,briere,3,0.75,hostvector,2.869,False,False
NICARAGUA,CHONTALES,2009-06-28,no_effect,nb,briere,3,0.75,seir,2.109,False,False
NICARAGUA,CHONTALES,2009-06-28,no_effect,nb,briere,5,1.0,hostvector,3.875,False,False
NICARAGUA,CHONTALES,2009-06-28,no_effect,nb,briere,5,1.0,seir,3.779,False,False
NICARAGUA,CHONTALES,2009-06-28,no_effect,nb,briere,5,0.75,hostvector,3.104,False,False
NICARAGUA,CHONTALES,2009-06-28,no_effect,nb,briere,5,0.75,seir,2.859,False,False
NICARAGUA,CHONTALES,2009-06-28,no_effect,nb,briere,7,1.0,hostvector,3.98,False,False
NICARAGUA,CHONTALES,2009-06-28,no_effect,nb,briere,7,1.0,seir,3.957,False,False
NICARAGUA,CHONTALES,2009-06-28,no_effect,nb,briere,7,0.75,hostvector,3.6,False,False
NICARAGUA,CHONTALES,2009-06-28,no_effect,nb,briere,7,0.75,seir,3.845,False,False
NICARAGUA,CHONTALES,2009-06-28,no_effect,nb,loglinear,3,1.0,hostvector,1.045,False,False
NICARAGUA,CHONTALES,2009-06-28,no_effect,nb,loglinear,3,1.0,seir,0.281,False,False
NICARAGUA,CHONTALES,2009-06-28,no_effect,nb,loglinear,3,0.75,hostvector,2.567,False,False
NICARAGUA,CHONTALES,2009-06-28,no_effect,nb,loglinear,3,0.75,seir,1.707,False,False
NICARAGUA,CHONTALES,2009-06-28,no_effect,nb,loglinear,5,1.0,hostvector,1.037,False,False
NICARAGUA,CHONTALES,2009-06-28,no_effect,nb,loglinear,5,1.0,seir,0.179,False,False
NICARAGUA,CHONTALES,2009-06-28,no_effect,nb,loglinear,5,0.75,hostvector,2.605,False,False
NICARAGUA,CHONTALES,2009-06-28,no_effect,nb,loglinear,5,0.75,seir,1.795,False,False
NICARAGUA,CHONTALES,2009-06-28,no_effect,nb,loglinear,7,1.0,hostvector,1.062,False,False
NICARAGUA,CHONTALES,2009-06-28,no_effect,nb,loglinear,7,1.0,seir,0.304,False,False
NICARAGUA,CHONTALES,2009-06-28,no_effect,nb,loglinear,7,0.75,hostvector,2.602,False,False
NICARAGUA,CHONTALES,2009-06-28,no_effect,nb,loglinear,7,0.75,seir,1.792,False,False
NICARAGUA,CHONTALES,2009-06-28,no_effect,poisson,briere,3,1.0,hostvector,-4.29,True,True
NICARAGUA,CHONTALES,2009-06-28,no_effect,poisson,briere,3,1.0,seir,-9.881,True,True
NICARAGUA,CHONTALES,2009-06-28,no_effect,poisson,briere,3,0.75,hostvector,-4.756,True,True
NICARAGUA,CHONTALES,2009-06-28,no_effect,poisson,briere,3,0.75,seir,-13.883,True,True
NICARAGUA,CHONTALES,2009-06-28,no_effect,poisson,briere,5,1.0,hostvector,2.906,False,False
NICARAGUA,CHONTALES,2009-06-28,no_effect,poisson,briere,5,1.0,seir,1.186,False,False
NICARAGUA,CHONTALES,2009-06-28,no_effect,poisson,briere,5,0.75,hostvector,-4.058,True,True
NICARAGUA,CHONTALES,2009-06-28,no_effect,poisson,briere,5,0.75,seir,-8.862,True,True
NICARAGUA,CHONTALES,2009-06-28,no_effect,poisson,briere,7,1.0,hostvector,3.931,False,False
NICARAGUA,CHONTALES,2009-06-28,no_effect,poisson,briere,7,1.0,seir,3.851,False,False
NICARAGUA,CHONTALES,2009-06-28,no_effect,poisson,briere,7,0.75,hostvector,-0.659,True,False
NICARAGUA,CHONTALES,2009-06-28,no_effect,poisson,briere,7,0.75,seir,0.608,False,False
NICARAGUA,CHONTALES,2009-06-28,no_effect,poisson,loglinear,3,1.0,hostvector,-20.045,True,True
NICARAGUA,CHONTALES,2009-06-28,no_effect,poisson,loglinear,3,1.0,seir,-26.825,True,True
NICARAGUA,CHONTALES,2009-06-28,no_effect,poisson,loglinear,3,0.75,hostvector,-9.072,True,True
NICARAGUA,CHONTALES,2009-06-28,no_effect,poisson,loglinear,3,0.75,seir,-19.106,True,True
NICARAGUA,CHONTALES,2009-06-28,no_effect,poisson,loglinear,5,1.0,hostvector,-20.653,True,True
NICARAGUA,CHONTALES,2009-06-28,no_effect,poisson,loglinear,5,1.0,seir,-29.301,True,True
NICARAGUA,CHONTALES,2009-06-28,no_effect,poisson,loglinear,5,0.75,hostvector,-9.273,True,True
NICARAGUA,CHONTALES,2009-06-28,no_effect,poisson,loglinear,5,0.75,seir,-18.805,True,True
NICARAGUA,CHONTALES,2009-06-28,no_effect,poisson,loglinear,7,1.0,hostvector,-19.646,True,True
NICARAGUA,CHONTALES,2009-06-28,no_effect,poisson,loglinear,7,1.0,seir,-27.337,True,True
NICARAGUA,CHONTALES,2009-06-28,no_effect,poisson,loglinear,7,0.75,hostvector,-10.165,True,True
NICARAGUA,CHONTALES,2009-06-28,no_effect,poisson,loglinear,7,0.75,seir,-18.891,True,True
NICARAGUA,CHONTALES,2009-06-28,climate,nb,briere,3,1.0,hostvector,2.794,False,False
NICARAGUA,CHONTALES,2009-06-28,climate,nb,briere,3,1.0,seir,1.091,False,False
NICARAGUA,CHONTALES,2009-06-28,climate,nb,briere,3,0.75,hostvector,2.49,False,False
NICARAGUA,CHONTALES,2009-06-28,climate,nb,briere,3,0.75,seir,0.489,False,False
NICARAGUA,CHONTALES,2009-06-28,climate,nb,briere,5,1.0,hostvector,1.906,False,False
NICARAGUA,CHONTALES,2009-06-28,climate,nb,briere,5,1.0,seir,2.026,False,False
NICARAGUA,CHONTALES,2009-06-28,climate,nb,briere,5,0.75,hostvector,1.247,False,False
NICARAGUA,CHONTALES,2009-06-28,climate,nb,briere,5,0.75,seir,1.221,False,False
NICARAGUA,CHONTALES,2009-06-28,climate,nb,briere,7,1.0,hostvector,3.842,False,False
NICARAGUA,CHONTALES,2009-06-28,climate,nb,briere,7,1.0,seir,3.545,False,False
NICARAGUA,CHONTALES,2009-06-28,climate,nb,briere,7,0.75,hostvector,3.751,False,False
NICARAGUA,CHONTALES,2009-06-28,climate,nb,briere,7,0.75,seir,3.626,False,False
NICARAGUA,CHONTALES,2009-06-28,climate,nb,loglinear,3,1.0,hostvector,1.016,False,False
NICARAGUA,CHONTALES,2009-06-28,climate,nb,loglinear,3,1.0,seir,0.031,False,False
NICARAGUA,CHONTALES,2009-06-28,climate,nb,loglinear,3,0.75,hostvector,-0.536,True,False
NICARAGUA,CHONTALES,2009-06-28,climate,nb,loglinear,3,0.75,seir,-1.539,True,False
NICARAGUA,CHONTALES,2009-06-28,climate,nb,loglinear,5,1.0,hostvector,1.402,False,False
NICARAGUA,CHONTALES,2009-06-28,climate,nb,loglinear,5,1.0,seir,0.071,False,False
NICARAGUA,CHONTALES,2009-06-28,climate,nb,loglinear,5,0.75,hostvector,0.05,False,False
NICARAGUA,CHONTALES,2009-06-28,climate,nb,loglinear,5,0.75,seir,-1.215,True,False
NICARAGUA,CHONTALES,2009-06-28,climate,nb,loglinear,7,1.0,hostvector,1.151,False,False
NICARAGUA,CHONTALES,2009-06-28,climate,nb,loglinear,7,1.0,seir,0.066,False,False
NICARAGUA,CHONTALES,2009-06-28,climate,nb,loglinear,7,0.75,hostvector,-0.272,True,False
NICARAGUA,CHONTALES,2009-06-28,climate,nb,loglinear,7,0.75,seir,-1.307,True,False
NICARAGUA,CHONTALES,2009-06-28,climate,poisson,briere,3,1.0,hostvector,1.824,False,False
NICARAGUA,CHONTALES,2009-06-28,climate,poisson,briere,3,1.0,seir,3.959,False,False
NICARAGUA,CHONTALES,2009-06-28,climate,poisson,briere,3,0.75,hostvector,1.902,False,False
NICARAGUA,CHONTALES,2009-06-28,climate,poisson,briere,3,0.75,seir,3.969,False,False
NICARAGUA,CHONTALES,2009-06-28,climate,poisson,briere,5,1.0,hostvector,-18.571,True,True
NICARAGUA,CHONTALES,2009-06-28,climate,poisson,briere,5,1.0,seir,-13.927,True,True
NICARAGUA,CHONTALES,2009-06-28,climate,poisson,briere,5,0.75,hostvector,-19.32,True,True
NICARAGUA,CHONTALES,2009-06-28,climate,poisson,briere,5,0.75,seir,-14.424,True,True
NICARAGUA,CHONTALES,2009-06-28,climate,poisson,briere,7,1.0,hostvector,-7.68,True,True
NICARAGUA,CHONTALES,2009-06-28,climate,poisson,briere,7,1.0,seir,2.485,False,False
NICARAGUA,CHONTALES,2009-06-28,climate,poisson,briere,7,0.75,hostvector,-7.641,True,True
NICARAGUA,CHONTALES,2009-06-28,climate,poisson,briere,7,0.75,seir,2.507,False,False
NICARAGUA,CHONTALES,2009-06-28,climate,poisson,loglinear,3,1.0,hostvector,-10.877,True,True
NICARAGUA,CHONTALES,2009-06-28,climate,poisson,loglinear,3,1.0,seir,-14.426,True,True
NICARAGUA,CHONTALES,2009-06-28,climate,poisson,loglinear,3,0.75,hostvector,-12.171,True,True
NICARAGUA,CHONTALES,2009-06-28,climate,poisson,loglinear,3,0.75,seir,-16.722,True,True
NICARAGUA,CHONTALES,2009-06-28,climate,poisson,loglinear,5,1.0,hostvector,-18.569,True,True
NICARAGUA,CHONTALES,2009-06-28,climate,poisson,loglinear,5,1.0,seir,-19.306,True,True
NICARAGUA,CHONTALES,2009-06-28,climate,poisson,loglinear,5,0.75,hostvector,-19.358,True,True
NICARAGUA,CHONTALES,2009-06-28,climate,poisson,loglinear,5,0.75,seir,-21.598,True,True
NICARAGUA,CHONTALES,2009-06-28,climate,poisson,loglinear,7,1.0,hostvector,-16.115,True,True
NICARAGUA,CHONTALES,2009-06-28,climate,poisson,loglinear,7,1.0,seir,-14.052,True,True
NICARAGUA,CHONTALES,2009-06-28,climate,poisson,loglinear,7,0.75,hostvector,-17.479,True,True
NICARAGUA,CHONTALES,2009-06-28,climate,poisson,loglinear,7,0.75,seir,-16.281,True,True
NICARAGUA,CARAZO,2009-08-09,no_effect,nb,briere,3,1.0,hostvector,3.972,False,False
NICARAGUA,CARAZO,2009-08-09,no_effect,nb,briere,3,1.0,seir,3.99,False,False
NICARAGUA,CARAZO,2009-08-09,no_effect,nb,briere,3,0.75,hostvector,3.978,False,False
NICARAGUA,CARAZO,2009-08-09,no_effect,nb,briere,3,0.75,seir,3.923,False,False
NICARAGUA,CARAZO,2009-08-09,no_effect,nb,briere,5,1.0,hostvector,3.909,False,False
NICARAGUA,CARAZO,2009-08-09,no_effect,nb,briere,5,1.0,seir,3.999,False,False
NICARAGUA,CARAZO,2009-08-09,no_effect,nb,briere,5,0.75,hostvector,3.933,False,False
NICARAGUA,CARAZO,2009-08-09,no_effect,nb,briere,5,0.75,seir,3.696,False,False
NICARAGUA,CARAZO,2009-08-09,no_effect,nb,briere,7,1.0,hostvector,3.758,False,False
NICARAGUA,CARAZO,2009-08-09,no_effect,nb,briere,7,1.0,seir,3.811,False,False
NICARAGUA,CARAZO,2009-08-09,no_effect,nb,briere,7,0.75,hostvector,3.938,False,False
NICARAGUA,CARAZO,2009-08-09,no_effect,nb,briere,7,0.75,seir,3.985,False,False
NICARAGUA,CARAZO,2009-08-09,no_effect,nb,loglinear,3,1.0,hostvector,2.993,False,False
NICARAGUA,CARAZO,2009-08-09,no_effect,nb,loglinear,3,1.0,seir,3.491,False,False
NICARAGUA,CARAZO,2009-08-09,no_effect,nb,loglinear,3,0.75,hostvector,3.367,False,False
NICARAGUA,CARAZO,2009-08-09,no_effect,nb,loglinear,3,0.75,seir,3.326,False,False
NICARAGUA,CARAZO,2009-08-09,no_effect,nb,loglinear,5,1.0,hostvector,2.452,False,False
NICARAGUA,CARAZO,2009-08-09,no_effect,nb,loglinear,5,1.0,seir,2.982,False,False
NICARAGUA,CARAZO,2009-08-09,no_effect,nb,loglinear,5,0.75,hostvector,1.674,False,False
NICARAGUA,CARAZO,2009-08-09,no_effect,nb,loglinear,5,0.75,seir,1.712,False,False
NICARAGUA,CARAZO,2009-08-09,no_effect,nb,loglinear,7,1.0,hostvector,2.713,False,False
NICARAGUA,CARAZO,2009-08-09,no_effect,nb,loglinear,7,1.0,seir,3.64,False,False
NICARAGUA,CARAZO,2009-08-09,no_effect,nb,loglinear,7,0.75,hostvector,2.231,False,False
NICARAGUA,CARAZO,2009-08-09,no_effect,nb,loglinear,7,0.75,seir,3.766,False,False
NICARAGUA,CARAZO,2009-08-09,no_effect,poisson,briere,3,1.0,hostvector,0.701,False,False
NICARAGUA,CARAZO,2009-08-09,no_effect,poisson,briere,3,1.0,seir,-0.18,True,False
NICARAGUA,CARAZO,2009-08-09,no_effect,poisson,briere,3,0.75,hostvector,2.714,False,False
NICARAGUA,CARAZO,2009-08-09,no_effect,poisson,briere,3,0.75,seir,0.382,False,False
NICARAGUA,CARAZO,2009-08-09,no_effect,poisson,briere,5,1.0,hostvector,0.046,False,False
NICARAGUA,CARAZO,2009-08-09,no_effect,poisson,briere,5,1.0,seir,0.484,False,False
NICARAGUA,CARAZO,2009-08-09,no_effect,poisson,briere,5,0.75,hostvector,-3.13,True,False
NICARAGUA,CARAZO,2009-08-09,no_effect,poisson,briere,5,0.75,seir,-5.029,True,True
NICARAGUA,CARAZO,2009-08-09,no_effect,poisson,briere,7,1.0,hostvector,3.956,False,False
NICARAGUA,CARAZO,2009-08-09,no_effect,poisson,briere,7,1.0,seir,3.954,False,False
NICARAGUA,CARAZO,2009-08-09,no_effect,poisson,briere,7,0.75,hostvector,1.55,False,False
NICARAGUA,CARAZO,2009-08-09,no_effect,poisson,briere,7,0.75,seir,1.475,False,False
NICARAGUA,CARAZO,2009-08-09,no_effect,poisson,loglinear,3,1.0,hostvector,-8.113,True,True
NICARAGUA,CARAZO,2009-08-09,no_effect,poisson,loglinear,3,1.0,seir,-7.357,True,True
NICARAGUA,CARAZO,2009-08-09,no_effect,poisson,loglinear,3,0.75,hostvector,-5.756,True,True
NICARAGUA,CARAZO,2009-08-09,no_effect,poisson,loglinear,3,0.75,seir,-8.077,True,True
NICARAGUA,CARAZO,2009-08-09,no_effect,poisson,loglinear,5,1.0,hostvector,-24.134,True,True
NICARAGUA,CARAZO,2009-08-09,no_effect,poisson,loglinear,5,1.0,seir,-21.683,True,True
NICARAGUA,CARAZO,2009-08-09,no_effect,poisson,loglinear,5,0.75,hostvector,-30.12,True,True
NICARAGUA,CARAZO,2009-08-09,no_effect,poisson,loglinear,5,0.75,seir,-31.085,True,True
NICARAGUA,CARAZO,2009-08-09,no_effect,poisson,loglinear,7,1.0,hostvector,-16.778,True,True
NICARAGUA,CARAZO,2009-08-09,no_effect,poisson,loglinear,7,1.0,seir,-7.51,True,True
NICARAGUA,CARAZO,2009-08-09,no_effect,poisson,loglinear,7,0.75,hostvector,-23.562,True,True
NICARAGUA,CARAZO,2009-08-09,no_effect,poisson,loglinear,7,0.75,seir,-9.917,True,True
NICARAGUA,CARAZO,2009-08-09,climate,nb,briere,3,1.0,hostvector,-8.037,True,True
NICARAGUA,CARAZO,2009-08-09,climate,nb,briere,3,1.0,seir,-7.227,True,True
NICARAGUA,CARAZO,2009-08-09,climate,nb,briere,3,0.75,hostvector,-7.115,True,True
NICARAGUA,CARAZO,2009-08-09,climate,nb,briere,3,0.75,seir,-6.338,True,True
NICARAGUA,CARAZO,2009-08-09,climate,nb,briere,5,1.0,hostvector,-7.006,True,True
NICARAGUA,CARAZO,2009-08-09,climate,nb,briere,5,1.0,seir,-4.907,True,True
NICARAGUA,CARAZO,2009-08-09,climate,nb,briere,5,0.75,hostvector,-5.439,True,True
NICARAGUA,CARAZO,2009-08-09,climate,nb,briere,5,0.75,seir,-3.792,True,False
NICARAGUA,CARAZO,2009-08-09,climate,nb,briere,7,1.0,hostvector,0.442,False,False
NICARAGUA,CARAZO,2009-08-09,climate,nb,briere,7,1.0,seir,2.04,False,False
NICARAGUA,CARAZO,2009-08-09,climate,nb,briere,7,0.75,hostvector,1.156,False,False
NICARAGUA,CARAZO,2009-08-09,climate,nb,briere,7,0.75,seir,2.186,False,False
NICARAGUA,CARAZO,2009-08-09,climate,nb,loglinear,3,1.0,hostvector,-7.475,True,True
NICARAGUA,CARAZO,2009-08-09,climate,nb,loglinear,3,1.0,seir,-6.803,True,True
NICARAGUA,CARAZO,2009-08-09,climate,nb,loglinear,3,0.75,hostvector,-6.767,True,True
NICARAGUA,CARAZO,2009-08-09,climate,nb,loglinear,3,0.75,seir,-6.13,True,True
NICARAGUA,CARAZO,2009-08-09,climate,nb,loglinear,5,1.0,hostvector,-7.131,True,True
NICARAGUA,CARAZO,2009-08-09,climate,nb,loglinear,5,1.0,seir,-5.416,True,True
NICARAGUA,CARAZO,2009-08-09,climate,nb,loglinear,5,0.75,hostvector,-5.37,True,True
NICARAGUA,CARAZO,2009-08-09,climate,nb,loglinear,5,0.75,seir,-3.876,True,False
NICARAGUA,CARAZO,2009-08-09,climate,nb,loglinear,7,1.0,hostvector,0.241,False,False
NICARAGUA,CARAZO,2009-08-09,climate,nb,loglinear,7,1.0,seir,1.77,False,False
NICARAGUA,CARAZO,2009-08-09,climate,nb,loglinear,7,0.75,hostvector,0.737,False,False
NICARAGUA,CARAZO,2009-08-09,climate,nb,loglinear,7,0.75,seir,1.498,False,False
NICARAGUA,CARAZO,2009-08-09,climate,poisson,briere,3,1.0,hostvector,-236.216,True,True
NICARAGUA,CARAZO,2009-08-09,climate,poisson,briere,3,1.0,seir,-237.373,True,True
NICARAGUA,CARAZO,2009-08-09,climate,poisson,briere,3,0.75,hostvector,-236.538,True,True
NICARAGUA,CARAZO,2009-08-09,climate,poisson,briere,3,0.75,seir,-234.436,True,True
NICARAGUA,CARAZO,2009-08-09,climate,poisson,briere,5,1.0,hostvector,-209.826,True,True
NICARAGUA,CARAZO,2009-08-09,climate,poisson,briere,5,1.0,seir,-174.587,True,True
NICARAGUA,CARAZO,2009-08-09,climate,poisson,briere,5,0.75,hostvector,-204.08,True,True
NICARAGUA,CARAZO,2009-08-09,climate,poisson,briere,5,0.75,seir,-173.131,True,True
NICARAGUA,CARAZO,2009-08-09,climate,poisson,briere,7,1.0,hostvector,-117.301,True,True
NICARAGUA,CARAZO,2009-08-09,climate,poisson,briere,7,1.0,seir,-80.766,True,True
NICARAGUA,CARAZO,2009-08-09,climate,poisson,briere,7,0.75,hostvector,-111.897,True,True
NICARAGUA,CARAZO,2009-08-09,climate,poisson,briere,7,0.75,seir,-77.911,True,True
NICARAGUA,CARAZO,2009-08-09,climate,poisson,loglinear,3,1.0,hostvector,-222.627,True,True
NICARAGUA,CARAZO,2009-08-09,climate,poisson,loglinear,3,1.0,seir,-228.433,True,True
NICARAGUA,CARAZO,2009-08-09,climate,poisson,loglinear,3,0.75,hostvector,-233.04,True,True
NICARAGUA,CARAZO,2009-08-09,climate,poisson,loglinear,3,0.75,seir,-233.315,True,True
NICARAGUA,CARAZO,2009-08-09,climate,poisson,loglinear,5,1.0,hostvector,-209.032,True,True
NICARAGUA,CARAZO,2009-08-09,climate,poisson,loglinear,5,1.0,seir,-176.258,True,True
NICARAGUA,CARAZO,2009-08-09,climate,poisson,loglinear,5,0.75,hostvector,-202.26,True,True
NICARAGUA,CARAZO,2009-08-09,climate,poisson,loglinear,5,0.75,seir,-172.176,True,True
NICARAGUA,CARAZO,2009-08-09,climate,poisson,loglinear,7,1.0,hostvector,-114.176,True,True
NICARAGUA,CARAZO,2009-08-09,climate,poisson,loglinear,7,1.0,seir,-79.336,True,True
NICARAGUA,CARAZO,2009-08-09,climate,poisson,loglinear,7,0.75,hostvector,-108.187,True,True
NICARAGUA,CARAZO,2009-08-09,climate,poisson,loglinear,7,0.75,seir,-75.42,True,True
NICARAGUA,RIVAS,2010-03-14,no_effect,nb,briere,3,1.0,hostvector,3.148,False,False
NICARAGUA,RIVAS,2010-03-14,no_effect,nb,briere,3,1.0,seir,3.106,False,False
NICARAGUA,RIVAS,2010-03-14,no_effect,nb,briere,3,0.75,hostvector,3.467,False,False
NICARAGUA,RIVAS,2010-03-14,no_effect,nb,briere,3,0.75,seir,3.241,False,False
NICARAGUA,RIVAS,2010-03-14,no_effect,nb,briere,5,1.0,hostvector,2.981,False,False
NICARAGUA,RIVAS,2010-03-14,no_effect,nb,briere,5,1.0,seir,2.959,False,False
NICARAGUA,RIVAS,2010-03-14,no_effect,nb,briere,5,0.75,hostvector,3.223,False,False
NICARAGUA,RIVAS,2010-03-14,no_effect,nb,briere,5,0.75,seir,2.91,False,False
NICARAGUA,RIVAS,2010-03-14,no_effect,nb,briere,7,1.0,hostvector,2.971,False,False
NICARAGUA,RIVAS,2010-03-14,no_effect,nb,briere,7,1.0,seir,2.926,False,False
NICARAGUA,RIVAS,2010-03-14,no_effect,nb,briere,7,0.75,hostvector,3.506,False,False
NICARAGUA,RIVAS,2010-03-14,no_effect,nb,briere,7,0.75,seir,3.266,False,False
NICARAGUA,RIVAS,2010-03-14,no_effect,nb,loglinear,3,1.0,hostvector,3.141,False,False
NICARAGUA,RIVAS,2010-03-14,no_effect,nb,loglinear,3,1.0,seir,3.076,False,False
NICARAGUA,RIVAS,2010-03-14,no_effect,nb,loglinear,3,0.75,hostvector,3.49,False,False
NICARAGUA,RIVAS,2010-03-14,no_effect,nb,loglinear,3,0.75,seir,3.227,False,False
NICARAGUA,RIVAS,2010-03-14,no_effect,nb,loglinear,5,1.0,hostvector,2.943,False,False
NICARAGUA,RIVAS,2010-03-14,no_effect,nb,loglinear,5,1.0,seir,2.888,False,False
NICARAGUA,RIVAS,2010-03-14,no_effect,nb,loglinear,5,0.75,hostvector,3.271,False,False
NICARAGUA,RIVAS,2010-03-14,no_effect,nb,loglinear,5,0.75,seir,2.925,False,False
NICARAGUA,RIVAS,2010-03-14,no_effect,nb,loglinear,7,1.0,hostvector,2.95,False,False
NICARAGUA,RIVAS,2010-03-14,no_effect,nb,loglinear,7,1.0,seir,2.874,False,False
NICARAGUA,RIVAS,2010-03-14,no_effect,nb,loglinear,7,0.75,hostvector,3.515,False,False
NICARAGUA,RIVAS,2010-03-14,no_effect,nb,loglinear,7,0.75,seir,3.258,False,False
NICARAGUA,RIVAS,2010-03-14,no_effect,poisson,briere,3,1.0,hostvector,0.042,False,False
NICARAGUA,RIVAS,2010-03-14,no_effect,poisson,briere,3,1.0,seir,0.317,False,False
NICARAGUA,RIVAS,2010-03-14,no_effect,poisson,briere,3,0.75,hostvector,-1.286,True,False
NICARAGUA,RIVAS,2010-03-14,no_effect,poisson,briere,3,0.75,seir,-1.483,True,False
NICARAGUA,RIVAS,2010-03-14,no_effect,poisson,briere,5,1.0,hostvector,-4.002,True,True
NICARAGUA,RIVAS,2010-03-14,no_effect,poisson,briere,5,1.0,seir,-3.406,True,False
NICARAGUA,RIVAS,2010-03-14,no_effect,poisson,briere,5,0.75,hostvector,-8.107,True,True
NICARAGUA,RIVAS,2010-03-14,no_effect,poisson,briere,5,0.75,seir,-9.166,True,True
NICARAGUA,RIVAS,2010-03-14,no_effect,poisson,briere,7,1.0,hostvector,-4.888,True,True
NICARAGUA,RIVAS,2010-03-14,no_effect,poisson,briere,7,1.0,seir,-4.513,True,True
NICARAGUA,RIVAS,2010-03-14,no_effect,poisson,briere,7,0.75,hostvector,-4.045,True,True
NICARAGUA,RIVAS,2010-03-14,no_effect,poisson,briere,7,0.75,seir,-4.668,True,True
NICARAGUA,RIVAS,2010-03-14,no_effect,poisson,loglinear,3,1.0,hostvector,-0.378,True,False
NICARAGUA,RIVAS,2010-03-14,no_effect,poisson,loglinear,3,1.0,seir,-0.275,True,False
NICARAGUA,RIVAS,2010-03-14,no_effect,poisson,loglinear,3,0.75,hostvector,-1.485,True,False
NICARAGUA,RIVAS,2010-03-14,no_effect,poisson,loglinear,3,0.75,seir,-2.341,True,False
NICARAGUA,RIVAS,2010-03-14,no_effect,poisson,loglinear,5,1.0,hostvector,-4.81,True,True
NICARAGUA,RIVAS,2010-03-14,no_effect,poisson,loglinear,5,1.0,seir,-4.524,True,True
NICARAGUA,RIVAS,2010-03-14,no_effect,poisson,loglinear,5,0.75,hostvector,-7.788,True,True
NICARAGUA,RIVAS,2010-03-14,no_effect,poisson,loglinear,5,0.75,seir,-9.439,True,True
NICARAGUA,RIVAS,2010-03-14,no_effect,poisson,loglinear,7,1.0,hostvector,-5.388,True,True
NICARAGUA,RIVAS,2010-03-14,no_effect,poisson,loglinear,7,1.0,seir,-5.239,True,True
NICARAGUA,RIVAS,2010-03-14,no_effect,poisson,loglinear,7,0.75,hostvector,-4.06,True,True
NICARAGUA,RIVAS,2010-03-14,no_effect,poisson,loglinear,7,0.75,seir,-4.954,True,True
NICARAGUA,RIVAS,2010-03-14,climate,nb,briere,3,1.0,hostvector,-5.171,True,True
NICARAGUA,RIVAS,2010-03-14,climate,nb,briere,3,1.0,seir,-3.653,True,False
NICARAGUA,RIVAS,2010-03-14,climate,nb,briere,3,0.75,hostvector,0.895,False,False
NICARAGUA,RIVAS,2010-03-14,climate,nb,briere,3,0.75,seir,1.101,False,False
NICARAGUA,RIVAS,2010-03-14,climate,nb,briere,5,1.0,hostvector,-5.795,True,True
NICARAGUA,RIVAS,2010-03-14,climate,nb,briere,5,1.0,seir,-4.351,True,True
NICARAGUA,RIVAS,2010-03-14,climate,nb,briere,5,0.75,hostvector,0.528,False,False
NICARAGUA,RIVAS,2010-03-14,climate,nb,briere,5,0.75,seir,0.417,False,False
NICARAGUA,RIVAS,2010-03-14,climate,nb,briere,7,1.0,hostvector,-8.199,True,True
NICARAGUA,RIVAS,2010-03-14,climate,nb,briere,7,1.0,seir,-6.828,True,True
NICARAGUA,RIVAS,2010-03-14,climate,nb,briere,7,0.75,hostvector,-1.244,True,False
NICARAGUA,RIVAS,2010-03-14,climate,nb,briere,7,0.75,seir,-1.245,True,False
NICARAGUA,RIVAS,2010-03-14,climate,nb,loglinear,3,1.0,hostvector,-5.496,True,True
NICARAGUA,RIVAS,2010-03-14,climate,nb,loglinear,3,1.0,seir,-3.821,True,False
NICARAGUA,RIVAS,2010-03-14,climate,nb,loglinear,3,0.75,hostvector,0.445,False,False
NICARAGUA,RIVAS,2010-03-14,climate,nb,loglinear,3,0.75,seir,0.715,False,False
NICARAGUA,RIVAS,2010-03-14,climate,nb,loglinear,5,1.0,hostvector,-6.11,True,True
NICARAGUA,RIVAS,2010-03-14,climate,nb,loglinear,5,1.0,seir,-4.57,True,True
NICARAGUA,RIVAS,2010-03-14,climate,nb,loglinear,5,0.75,hostvector,0.316,False,False
NICARAGUA,RIVAS,2010-03-14,climate,nb,loglinear,5,0.75,seir,0.236,False,False
NICARAGUA,RIVAS,2010-03-14,climate,nb,loglinear,7,1.0,hostvector,-8.601,True,True
NICARAGUA,RIVAS,2010-03-14,climate,nb,loglinear,7,1.0,seir,-7.21,True,True
NICARAGUA,RIVAS,2010-03-14,climate,nb,loglinear,7,0.75,hostvector,-1.383,True,False
NICARAGUA,RIVAS,2010-03-14,climate,nb,loglinear,7,0.75,seir,-1.364,True,False
NICARAGUA,RIVAS,2010-03-14,climate,poisson,briere,3,1.0,hostvector,-73.586,True,True
NICARAGUA,RIVAS,2010-03-14,climate,poisson,briere,3,1.0,seir,-60.357,True,True
NICARAGUA,RIVAS,2010-03-14,climate,poisson,briere,3,0.75,hostvector,-34.663,True,True
NICARAGUA,RIVAS,2010-03-14,climate,poisson,briere,3,0.75,seir,-25.426,True,True
NICARAGUA,RIVAS,2010-03-14,climate,poisson,briere,5,1.0,hostvector,-67.214,True,True
NICARAGUA,RIVAS,2010-03-14,climate,poisson,briere,5,1.0,seir,-59.82,True,True
NICARAGUA,RIVAS,2010-03-14,climate,poisson,briere,5,0.75,hostvector,-35.992,True,True
NICARAGUA,RIVAS,2010-03-14,climate,poisson,briere,5,0.75,seir,-35.135,True,True
NICARAGUA,RIVAS,2010-03-14,climate,poisson,briere,7,1.0,hostvector,-137.454,True,True
NICARAGUA,RIVAS,2010-03-14,climate,poisson,briere,7,1.0,seir,-134.901,True,True
NICARAGUA,RIVAS,2010-03-14,climate,poisson,briere,7,0.75,hostvector,-106.021,True,True
NICARAGUA,RIVAS,2010-03-14,climate,poisson,briere,7,0.75,seir,-103.238,True,True
NICARAGUA,RIVAS,2010-03-14,climate,poisson,loglinear,3,1.0,hostvector,-73.635,True,True
NICARAGUA,RIVAS,2010-03-14,climate,poisson,loglinear,3,1.0,seir,-60.358,True,True
NICARAGUA,RIVAS,2010-03-14,climate,poisson,loglinear,3,0.75,hostvector,-36.104,True,True
NICARAGUA,RIVAS,2010-03-14,climate,poisson,loglinear,3,0.75,seir,-26.126,True,True
NICARAGUA,RIVAS,2010-03-14,climate,poisson,loglinear,5,1.0,hostvector,-67.323,True,True
NICARAGUA,RIVAS,2010-03-14,climate,poisson,loglinear,5,1.0,seir,-59.839,True,True
NICARAGUA,RIVAS,2010-03-14,climate,poisson,loglinear,5,0.75,hostvector,-36.55,True,True
NICARAGUA,RIVAS,2010-03-14,climate,poisson,loglinear,5,0.75,seir,-35.616,True,True
NICARAGUA,RIVAS,2010-03-14,climate,poisson,loglinear,7,1.0,hostvector,-140.125,True,True
NICARAGUA,RIVAS,2010-03-14,climate,poisson,loglinear,7,1.0,seir,-137.414,True,True
NICARAGUA,RIVAS,2010-03-14,climate,poisson,loglinear,7,0.75,hostvector,-106.624,True,True
NICARAGUA,RIVAS,2010-03-14,climate,poisson,loglinear,7,0.75,seir,-103.555,True,True
NICARAGUA,JINOTEGA,2010-03-21,no_effect,nb,briere,3,1.0,hostvector,3.989,False,False
NICARAGUA,JINOTEGA,2010-03-21,no_effect,nb,briere,3,1.0,seir,3.981,False,False
NICARAGUA,JINOTEGA,2010-03-21,no_effect,nb,briere,3,0.75,hostvector,3.15,False,False
NICARAGUA,JINOTEGA,2010-03-21,no_effect,nb,briere,3,0.75,seir,3.302,False,False
NICARAGUA,JINOTEGA,2010-03-21,no_effect,nb,briere,5,1.0,hostvector,3.996,False,False
NICARAGUA,JINOTEGA,2010-03-21,no_effect,nb,briere,5,1.0,seir,3.971,False,False
NICARAGUA,JINOTEGA,2010-03-21,no_effect,nb,briere,5,0.75,hostvector,3.654,False,False
NICARAGUA,JINOTEGA,2010-03-21,no_effect,nb,briere,5,0.75,seir,3.845,False,False
NICARAGUA,JINOTEGA,2010-03-21,no_effect,nb,briere,7,1.0,hostvector,3.99,False,False
NICARAGUA,JINOTEGA,2010-03-21,no_effect,nb,briere,7,1.0,seir,3.901,False,False
NICARAGUA,JINOTEGA,2010-03-21,no_effect,nb,briere,7,0.75,hostvector,3.842,False,False
NICARAGUA,JINOTEGA,2010-03-21,no_effect,nb,briere,7,0.75,seir,3.945,False,False
NICARAGUA,JINOTEGA,2010-03-21,no_effect,nb,loglinear,3,1.0,hostvector,3.973,False,False
NICARAGUA,JINOTEGA,2010-03-21,no_effect,nb,loglinear,3,1.0,seir,3.979,False,False
NICARAGUA,JINOTEGA,2010-03-21,no_effect,nb,loglinear,3,0.75,hostvector,3.203,False,False
NICARAGUA,JINOTEGA,2010-03-21,no_effect,nb,loglinear,3,0.75,seir,3.312,False,False
NICARAGUA,JINOTEGA,2010-03-21,no_effect,nb,loglinear,5,1.0,hostvector,3.975,False,False
NICARAGUA,JINOTEGA,2010-03-21,no_effect,nb,loglinear,5,1.0,seir,3.97,False,False
NICARAGUA,JINOTEGA,2010-03-21,no_effect,nb,loglinear,5,0.75,hostvector,3.653,False,False
NICARAGUA,JINOTEGA,2010-03-21,no_effect,nb,loglinear,5,0.75,seir,3.838,False,False
NICARAGUA,JINOTEGA,2010-03-21,no_effect,nb,loglinear,7,1.0,hostvector,3.943,False,False
NICARAGUA,JINOTEGA,2010-03-21,no_effect,nb,loglinear,7,1.0,seir,3.901,False,False
NICARAGUA,JINOTEGA,2010-03-21,no_effect,nb,loglinear,7,0.75,hostvector,3.729,False,False
NICARAGUA,JINOTEGA,2010-03-21,no_effect,nb,loglinear,7,0.75,seir,3.924,False,False
NICARAGUA,JINOTEGA,2010-03-21,no_effect,poisson,briere,3,1.0,hostvector,4.0,False,False
NICARAGUA,JINOTEGA,2010-03-21,no_effect,poisson,briere,3,1.0,seir,3.922,False,False
NICARAGUA,JINOTEGA,2010-03-21,no_effect,poisson,briere,3,0.75,hostvector,-0.022,True,False
NICARAGUA,JINOTEGA,2010-03-21,no_effect,poisson,briere,3,0.75,seir,0.456,False,False
NICARAGUA,JINOTEGA,2010-03-21,no_effect,poisson,briere,5,1.0,hostvector,3.992,False,False
NICARAGUA,JINOTEGA,2010-03-21,no_effect,poisson,briere,5,1.0,seir,3.857,False,False
NICARAGUA,JINOTEGA,2010-03-21,no_effect,poisson,briere,5,0.75,hostvector,2.877,False,False
NICARAGUA,JINOTEGA,2010-03-21,no_effect,poisson,briere,5,0.75,seir,3.334,False,False
NICARAGUA,JINOTEGA,2010-03-21,no_effect,poisson,briere,7,1.0,hostvector,3.743,False,False
NICARAGUA,JINOTEGA,2010-03-21,no_effect,poisson,briere,7,1.0,seir,3.428,False,False
NICARAGUA,JINOTEGA,2010-03-21,no_effect,poisson,briere,7,0.75,hostvector,3.504,False,False
NICARAGUA,JINOTEGA,2010-03-21,no_effect,poisson,briere,7,0.75,seir,3.706,False,False
NICARAGUA,JINOTEGA,2010-03-21,no_effect,poisson,loglinear,3,1.0,hostvector,3.49,False,False
NICARAGUA,JINOTEGA,2010-03-21,no_effect,poisson,loglinear,3,1.0,seir,3.604,False,False
NICARAGUA,JINOTEGA,2010-03-21,no_effect,poisson,loglinear,3,0.75,hostvector,0.1,False,False
NICARAGUA,JINOTEGA,2010-03-21,no_effect,poisson,loglinear,3,0.75,seir,0.406,False,False
NICARAGUA,JINOTEGA,2010-03-21,no_effect,poisson,loglinear,5,1.0,hostvector,3.406,False,False
NICARAGUA,JINOTEGA,2010-03-21,no_effect,poisson,loglinear,5,1.0,seir,3.455,False,False
NICARAGUA,JINOTEGA,2010-03-21,no_effect,poisson,loglinear,5,0.75,hostvector,2.875,False,False
NICARAGUA,JINOTEGA,2010-03-21,no_effect,poisson,loglinear,5,0.75,seir,3.324,False,False
NICARAGUA,JINOTEGA,2010-03-21,no_effect,poisson,loglinear,7,1.0,hostvector,2.944,False,False
NICARAGUA,JINOTEGA,2010-03-21,no_effect,poisson,loglinear,7,1.0,seir,2.9,False,False
NICARAGUA,JINOTEGA,2010-03-21,no_effect,poisson,loglinear,7,0.75,hostvector,3.196,False,False
NICARAGUA,JINOTEGA,2010-03-21,no_effect,poisson,loglinear,7,0.75,seir,3.571,False,False
NICARAGUA,JINOTEGA,2010-03-21,climate,nb,briere,3,1.0,hostvector,-16.219,True,True
NICARAGUA,JINOTEGA,2010-03-21,climate,nb,briere,3,1.0,seir,-13.754,True,True
NICARAGUA,JINOTEGA,2010-03-21,climate,nb,briere,3,0.75,hostvector,-8.266,True,True
NICARAGUA,JINOTEGA,2010-03-21,climate,nb,briere,3,0.75,seir,-7.228,True,True
NICARAGUA,JINOTEGA,2010-03-21,climate,nb,briere,5,1.0,hostvector,-15.375,True,True
NICARAGUA,JINOTEGA,2010-03-21,climate,nb,briere,5,1.0,seir,-13.228,True,True
NICARAGUA,JINOTEGA,2010-03-21,climate,nb,briere,5,0.75,hostvector,-7.13,True,True
NICARAGUA,JINOTEGA,2010-03-21,climate,nb,briere,5,0.75,seir,-6.071,True,True
NICARAGUA,JINOTEGA,2010-03-21,climate,nb,briere,7,1.0,hostvector,-12.16,True,True
NICARAGUA,JINOTEGA,2010-03-21,climate,nb,briere,7,1.0,seir,-10.465,True,True
NICARAGUA,JINOTEGA,2010-03-21,climate,nb,briere,7,0.75,hostvector,-5.493,True,True
NICARAGUA,JINOTEGA,2010-03-21,climate,nb,briere,7,0.75,seir,-4.763,True,True
NICARAGUA,JINOTEGA,2010-03-21,climate,nb,loglinear,3,1.0,hostvector,-16.375,True,True
NICARAGUA,JINOTEGA,2010-03-21,climate,nb,loglinear,3,1.0,seir,-13.915,True,True
NICARAGUA,JINOTEGA,2010-03-21,climate,nb,loglinear,3,0.75,hostvector,-8.503,True,True
NICARAGUA,JINOTEGA,2010-03-21,climate,nb,loglinear,3,0.75,seir,-7.56,True,True
NICARAGUA,JINOTEGA,2010-03-21,climate,nb,loglinear,5,1.0,hostvector,-15.394,True,True
NICARAGUA,JINOTEGA,2010-03-21,climate,nb,loglinear,5,1.0,seir,622.525,False,False
NICARAGUA,JINOTEGA,2010-03-21,climate,nb,loglinear,5,0.75,hostvector,-7.13,True,True
NICARAGUA,JINOTEGA,2010-03-21,climate,nb,loglinear,5,0.75,seir,-6.087,True,True
NICARAGUA,JINOTEGA,2010-03-21,climate,nb,loglinear,7,1.0,hostvector,-12.212,True,True
NICARAGUA,JINOTEGA,2010-03-21,climate,nb,loglinear,7,1.0,seir,-10.482,True,True
NICARAGUA,JINOTEGA,2010-03-21,climate,nb,loglinear,7,0.75,hostvector,-6.297,True,True
NICARAGUA,JINOTEGA,2010-03-21,climate,nb,loglinear,7,0.75,seir,-5.31,True,True
NICARAGUA,JINOTEGA,2010-03-21,climate,poisson,briere,3,1.0,hostvector,-37.282,True,True
NICARAGUA,JINOTEGA,2010-03-21,climate,poisson,briere,3,1.0,seir,-34.371,True,True
NICARAGUA,JINOTEGA,2010-03-21,climate,poisson,briere,3,0.75,hostvector,-31.501,True,True
NICARAGUA,JINOTEGA,2010-03-21,climate,poisson,briere,3,0.75,seir,-29.718,True,True
NICARAGUA,JINOTEGA,2010-03-21,climate,poisson,briere,5,1.0,hostvector,-30.149,True,True
NICARAGUA,JINOTEGA,2010-03-21,climate,poisson,briere,5,1.0,seir,-28.279,True,True
NICARAGUA,JINOTEGA,2010-03-21,climate,poisson,briere,5,0.75,hostvector,-24.765,True,True
NICARAGUA,JINOTEGA,2010-03-21,climate,poisson,briere,5,0.75,seir,-23.959,True,True
NICARAGUA,JINOTEGA,2010-03-21,climate,poisson,briere,7,1.0,hostvector,-25.386,True,True
NICARAGUA,JINOTEGA,2010-03-21,climate,poisson,briere,7,1.0,seir,-24.132,True,True
NICARAGUA,JINOTEGA,2010-03-21,climate,poisson,briere,7,0.75,hostvector,-22.107,True,True
NICARAGUA,JINOTEGA,2010-03-21,climate,poisson,briere,7,0.75,seir,-21.995,True,True
NICARAGUA,JINOTEGA,2010-03-21,climate,poisson,loglinear,3,1.0,hostvector,-37.283,True,True
NICARAGUA,JINOTEGA,2010-03-21,climate,poisson,loglinear,3,1.0,seir,-34.376,True,True
NICARAGUA,JINOTEGA,2010-03-21,climate,poisson,loglinear,3,0.75,hostvector,-31.767,True,True
NICARAGUA,JINOTEGA,2010-03-21,climate,poisson,loglinear,3,0.75,seir,-30.237,True,True
NICARAGUA,JINOTEGA,2010-03-21,climate,poisson,loglinear,5,1.0,hostvector,-30.715,True,True
NICARAGUA,JINOTEGA,2010-03-21,climate,poisson,loglinear,5,1.0,seir,-28.677,True,True
NICARAGUA,JINOTEGA,2010-03-21,climate,poisson,loglinear,5,0.75,hostvector,-27.619,True,True
NICARAGUA,JINOTEGA,2010-03-21,climate,poisson,loglinear,5,0.75,seir,-26.025,True,True
NICARAGUA,JINOTEGA,2010-03-21,climate,poisson,loglinear,7,1.0,hostvector,-28.203,True,True
NICARAGUA,JINOTEGA,2010-03-21,climate,poisson,loglinear,7,1.0,seir,-26.534,True,True
NICARAGUA,JINOTEGA,2010-03-21,climate,poisson,loglinear,7,0.75,hostvector,15686.092,False,False
NICARAGUA,JINOTEGA,2010-03-21,climate,poisson,loglinear,7,0.75,seir,-26.667,True,True
NICARAGUA,CARAZO,2010-06-13,no_effect,nb,briere,3,1.0,hostvector,1.365,False,False
NICARAGUA,CARAZO,2010-06-13,no_effect,nb,briere,3,1.0,seir,0.901,False,False
NICARAGUA,CARAZO,2010-06-13,no_effect,nb,briere,3,0.75,hostvector,1.965,False,False
NICARAGUA,CARAZO,2010-06-13,no_effect,nb,briere,3,0.75,seir,2.884,False,False
NICARAGUA,CARAZO,2010-06-13,no_effect,nb,briere,5,1.0,hostvector,1.05,False,False
NICARAGUA,CARAZO,2010-06-13,no_effect,nb,briere,5,1.0,seir,0.383,False,False
NICARAGUA,CARAZO,2010-06-13,no_effect,nb,briere,5,0.75,hostvector,1.516,False,False
NICARAGUA,CARAZO,2010-06-13,no_effect,nb,briere,5,0.75,seir,1.948,False,False
NICARAGUA,CARAZO,2010-06-13,no_effect,nb,briere,7,1.0,hostvector,1.499,False,False
NICARAGUA,CARAZO,2010-06-13,no_effect,nb,briere,7,1.0,seir,0.903,False,False
NICARAGUA,CARAZO,2010-06-13,no_effect,nb,briere,7,0.75,hostvector,2.559,False,False
NICARAGUA,CARAZO,2010-06-13,no_effect,nb,briere,7,0.75,seir,3.409,False,False
NICARAGUA,CARAZO,2010-06-13,no_effect,nb,loglinear,3,1.0,hostvector,1.355,False,False
NICARAGUA,CARAZO,2010-06-13,no_effect,nb,loglinear,3,1.0,seir,0.887,False,False
NICARAGUA,CARAZO,2010-06-13,no_effect,nb,loglinear,3,0.75,hostvector,1.893,False,False
NICARAGUA,CARAZO,2010-06-13,no_effect,nb,loglinear,3,0.75,seir,2.817,False,False
NICARAGUA,CARAZO,2010-06-13,no_effect,nb,loglinear,5,1.0,hostvector,1.057,False,False
NICARAGUA,CARAZO,2010-06-13,no_effect,nb,loglinear,5,1.0,seir,0.385,False,False
NICARAGUA,CARAZO,2010-06-13,no_effect,nb,loglinear,5,0.75,hostvector,1.483,False,False
NICARAGUA,CARAZO,2010-06-13,no_effect,nb,loglinear,5,0.75,seir,1.931,False,False
NICARAGUA,CARAZO,2010-06-13,no_effect,nb,loglinear,7,1.0,hostvector,1.485,False,False
NICARAGUA,CARAZO,2010-06-13,no_effect,nb,loglinear,7,1.0,seir,0.893,False,False
NICARAGUA,CARAZO,2010-06-13,no_effect,nb,loglinear,7,0.75,hostvector,2.513,False,False
NICARAGUA,CARAZO,2010-06-13,no_effect,nb,loglinear,7,0.75,seir,3.38,False,False
NICARAGUA,CARAZO,2010-06-13,no_effect,poisson,briere,3,1.0,hostvector,-22.395,True,True
NICARAGUA,CARAZO,2010-06-13,no_effect,poisson,briere,3,1.0,seir,-22.149,True,True
NICARAGUA,CARAZO,2010-06-13,no_effect,poisson,briere,3,0.75,hostvector,-18.916,True,True
NICARAGUA,CARAZO,2010-06-13,no_effect,poisson,briere,3,0.75,seir,-11.201,True,True
NICARAGUA,CARAZO,2010-06-13,no_effect,poisson,briere,5,1.0,hostvector,-28.653,True,True
NICARAGUA,CARAZO,2010-06-13,no_effect,poisson,briere,5,1.0,seir,-30.036,True,True
NICARAGUA,CARAZO,2010-06-13,no_effect,poisson,briere,5,0.75,hostvector,-34.355,True,True
NICARAGUA,CARAZO,2010-06-13,no_effect,poisson,briere,5,0.75,seir,-29.037,True,True
NICARAGUA,CARAZO,2010-06-13,no_effect,poisson,briere,7,1.0,hostvector,-21.507,True,True
NICARAGUA,CARAZO,2010-06-13,no_effect,poisson,briere,7,1.0,seir,-21.924,True,True
NICARAGUA,CARAZO,2010-06-13,no_effect,poisson,briere,7,0.75,hostvector,-14.979,True,True
NICARAGUA,CARAZO,2010-06-13,no_effect,poisson,briere,7,0.75,seir,-7.22,True,True
NICARAGUA,CARAZO,2010-06-13,no_effect,poisson,loglinear,3,1.0,hostvector,-23.028,True,True
NICARAGUA,CARAZO,2010-06-13,no_effect,poisson,loglinear,3,1.0,seir,-22.729,True,True
NICARAGUA,CARAZO,2010-06-13,no_effect,poisson,loglinear,3,0.75,hostvector,-20.661,True,True
NICARAGUA,CARAZO,2010-06-13,no_effect,poisson,loglinear,3,0.75,seir,-12.911,True,True
NICARAGUA,CARAZO,2010-06-13,no_effect,poisson,loglinear,5,1.0,hostvector,-28.834,True,True
NICARAGUA,CARAZO,2010-06-13,no_effect,poisson,loglinear,5,1.0,seir,-30.205,True,True
NICARAGUA,CARAZO,2010-06-13,no_effect,poisson,loglinear,5,0.75,hostvector,-35.371,True,True
NICARAGUA,CARAZO,2010-06-13,no_effect,poisson,loglinear,5,0.75,seir,-29.932,True,True
NICARAGUA,CARAZO,2010-06-13,no_effect,poisson,loglinear,7,1.0,hostvector,-22.111,True,True
NICARAGUA,CARAZO,2010-06-13,no_effect,poisson,loglinear,7,1.0,seir,-22.39,True,True
NICARAGUA,CARAZO,2010-06-13,no_effect,poisson,loglinear,7,0.75,hostvector,-16.055,True,True
NICARAGUA,CARAZO,2010-06-13,no_effect,poisson,loglinear,7,0.75,seir,-8.062,True,True
NICARAGUA,CARAZO,2010-06-13,climate,nb,briere,3,1.0,hostvector,-1.241,True,False
NICARAGUA,CARAZO,2010-06-13,climate,nb,briere,3,1.0,seir,0.938,False,False
NICARAGUA,CARAZO,2010-06-13,climate,nb,briere,3,0.75,hostvector,3.319,False,False
NICARAGUA,CARAZO,2010-06-13,climate,nb,briere,3,0.75,seir,3.817,False,False
NICARAGUA,CARAZO,2010-06-13,climate,nb,briere,5,1.0,hostvector,-0.51,True,False
NICARAGUA,CARAZO,2010-06-13,climate,nb,briere,5,1.0,seir,1.518,False,False
NICARAGUA,CARAZO,2010-06-13,climate,nb,briere,5,0.75,hostvector,3.628,False,False
NICARAGUA,CARAZO,2010-06-13,climate,nb,briere,5,0.75,seir,3.153,False,False
NICARAGUA,CARAZO,2010-06-13,climate,nb,briere,7,1.0,hostvector,0.568,False,False
NICARAGUA,CARAZO,2010-06-13,climate,nb,briere,7,1.0,seir,1.535,False,False
NICARAGUA,CARAZO,2010-06-13,climate,nb,briere,7,0.75,hostvector,1.602,False,False
NICARAGUA,CARAZO,2010-06-13,climate,nb,briere,7,0.75,seir,0.704,False,False
NICARAGUA,CARAZO,2010-06-13,climate,nb,loglinear,3,1.0,hostvector,-1.34,True,False
NICARAGUA,CARAZO,2010-06-13,climate,nb,loglinear,3,1.0,seir,0.877,False,False
NICARAGUA,CARAZO,2010-06-13,climate,nb,loglinear,3,0.75,hostvector,2.694,False,False
NICARAGUA,CARAZO,2010-06-13,climate,nb,loglinear,3,0.75,seir,2.87,False,False
NICARAGUA,CARAZO,2010-06-13,climate,nb,loglinear,5,1.0,hostvector,-0.484,True,False
NICARAGUA,CARAZO,2010-06-13,climate,nb,loglinear,5,1.0,seir,1.578,False,False
NICARAGUA,CARAZO,2010-06-13,climate,nb,loglinear,5,0.75,hostvector,3.639,False,False
NICARAGUA,CARAZO,2010-06-13,climate,nb,loglinear,5,0.75,seir,3.176,False,False
NICARAGUA,CARAZO,2010-06-13,climate,nb,loglinear,7,1.0,hostvector,0.728,False,False
NICARAGUA,CARAZO,2010-06-13,climate,nb,loglinear,7,1.0,seir,1.692,False,False
NICARAGUA,CARAZO,2010-06-13,climate,nb,loglinear,7,0.75,hostvector,1.554,False,False
NICARAGUA,CARAZO,2010-06-13,climate,nb,loglinear,7,0.75,seir,0.661,False,False
NICARAGUA,CARAZO,2010-06-13,climate,poisson,briere,3,1.0,hostvector,-51.383,True,True
NICARAGUA,CARAZO,2010-06-13,climate,poisson,briere,3,1.0,seir,-36.436,True,True
NICARAGUA,CARAZO,2010-06-13,climate,poisson,briere,3,0.75,hostvector,-22.245,True,True
NICARAGUA,CARAZO,2010-06-13,climate,poisson,briere,3,0.75,seir,-13.561,True,True
NICARAGUA,CARAZO,2010-06-13,climate,poisson,briere,5,1.0,hostvector,-24.618,True,True
NICARAGUA,CARAZO,2010-06-13,climate,poisson,briere,5,1.0,seir,-18.243,True,True
NICARAGUA,CARAZO,2010-06-13,climate,poisson,briere,5,0.75,hostvector,-12.42,True,True
NICARAGUA,CARAZO,2010-06-13,climate,poisson,briere,5,0.75,seir,-19.951,True,True
NICARAGUA,CARAZO,2010-06-13,climate,poisson,briere,7,1.0,hostvector,-33.439,True,True
NICARAGUA,CARAZO,2010-06-13,climate,poisson,briere,7,1.0,seir,-39.194,True,True
NICARAGUA,CARAZO,2010-06-13,climate,poisson,briere,7,0.75,hostvector,-58.931,True,True
NICARAGUA,CARAZO,2010-06-13,climate,poisson,briere,7,0.75,seir,-72.147,True,True
NICARAGUA,CARAZO,2010-06-13,climate,poisson,loglinear,3,1.0,hostvector,-56.949,True,True
NICARAGUA,CARAZO,2010-06-13,climate,poisson,loglinear,3,1.0,seir,-50.302,True,True
NICARAGUA,CARAZO,2010-06-13,climate,poisson,loglinear,3,0.75,hostvector,-29.015,True,True
NICARAGUA,CARAZO,2010-06-13,climate,poisson,loglinear,3,0.75,seir,-29.342,True,True
NICARAGUA,CARAZO,2010-06-13,climate,poisson,loglinear,5,1.0,hostvector,-23.448,True,True
NICARAGUA,CARAZO,2010-06-13,climate,poisson,loglinear,5,1.0,seir,-16.545,True,True
NICARAGUA,CARAZO,2010-06-13,climate,poisson,loglinear,5,0.75,hostvector,-10.205,True,True
NICARAGUA,CARAZO,2010-06-13,climate,poisson,loglinear,5,0.75,seir,-17.565,True,True
NICARAGUA,CARAZO,2010-06-13,climate,poisson,loglinear,7,1.0,hostvector,-30.0,True,True
NICARAGUA,CARAZO,2010-06-13,climate,poisson,loglinear,7,1.0,seir,-35.78,True,True
NICARAGUA,CARAZO,2010-06-13,climate,poisson,loglinear,7,0.75,hostvector,-58.266,True,True
NICARAGUA,CARAZO,2010-06-13,climate,poisson,loglinear,7,0.75,seir,-71.639,True,True
NICARAGUA,MANAGUA,2011-02-13,no_effect,nb,briere,3,1.0,hostvector,2.831,False,False
NICARAGUA,MANAGUA,2011-02-13,no_effect,nb,briere,3,1.0,seir,2.086,False,False
NICARAGUA,MANAGUA,2011-02-13,no_effect,nb,briere,3,0.75,hostvector,2.41,False,False
NICARAGUA,MANAGUA,2011-02-13,no_effect,nb,briere,3,0.75,seir,2.051,False,False
NICARAGUA,MANAGUA,2011-02-13,no_effect,nb,briere,5,1.0,hostvector,2.868,False,False
NICARAGUA,MANAGUA,2011-02-13,no_effect,nb,briere,5,1.0,seir,2.3,False,False
NICARAGUA,MANAGUA,2011-02-13,no_effect,nb,briere,5,0.75,hostvector,2.326,False,False
NICARAGUA,MANAGUA,2011-02-13,no_effect,nb,briere,5,0.75,seir,1.819,False,False
NICARAGUA,MANAGUA,2011-02-13,no_effect,nb,briere,7,1.0,hostvector,2.406,False,False
NICARAGUA,MANAGUA,2011-02-13,no_effect,nb,briere,7,1.0,seir,1.874,False,False
NICARAGUA,MANAGUA,2011-02-13,no_effect,nb,briere,7,0.75,hostvector,2.047,False,False
NICARAGUA,MANAGUA,2011-02-13,no_effect,nb,briere,7,0.75,seir,1.444,False,False
NICARAGUA,MANAGUA,2011-02-13,no_effect,nb,loglinear,3,1.0,hostvector,2.642,False,False
NICARAGUA,MANAGUA,2011-02-13,no_effect,nb,loglinear,3,1.0,seir,1.849,False,False
NICARAGUA,MANAGUA,2011-02-13,no_effect,nb,loglinear,3,0.75,hostvector,3.563,False,False
NICARAGUA,MANAGUA,2011-02-13,no_effect,nb,loglinear,3,0.75,seir,1.682,False,False
NICARAGUA,MANAGUA,2011-02-13,no_effect,nb,loglinear,5,1.0,hostvector,2.578,False,False
NICARAGUA,MANAGUA,2011-02-13,no_effect,nb,loglinear,5,1.0,seir,1.917,False,False
NICARAGUA,MANAGUA,2011-02-13,no_effect,nb,loglinear,5,0.75,hostvector,3.654,False,False
NICARAGUA,MANAGUA,2011-02-13,no_effect,nb,loglinear,5,0.75,seir,1.519,False,False
NICARAGUA,MANAGUA,2011-02-13,no_effect,nb,loglinear,7,1.0,hostvector,1.904,False,False
NICARAGUA,MANAGUA,2011-02-13,no_effect,nb,loglinear,7,1.0,seir,1.162,False,False
NICARAGUA,MANAGUA,2011-02-13,no_effect,nb,loglinear,7,0.75,hostvector,1.844,False,False
NICARAGUA,MANAGUA,2011-02-13,no_effect,nb,loglinear,7,0.75,seir,1.212,False,False
NICARAGUA,MANAGUA,2011-02-13,no_effect,poisson,briere,3,1.0,hostvector,-6.438,True,True
NICARAGUA,MANAGUA,2011-02-13,no_effect,poisson,briere,3,1.0,seir,-9.318,True,True
NICARAGUA,MANAGUA,2011-02-13,no_effect,poisson,briere,3,0.75,hostvector,-8.075,True,True
NICARAGUA,MANAGUA,2011-02-13,no_effect,poisson,briere,3,0.75,seir,-9.922,True,True
NICARAGUA,MANAGUA,2011-02-13,no_effect,poisson,briere,5,1.0,hostvector,-5.587,True,True
NICARAGUA,MANAGUA,2011-02-13,no_effect,poisson,briere,5,1.0,seir,-7.711,True,True
NICARAGUA,MANAGUA,2011-02-13,no_effect,poisson,briere,5,0.75,hostvector,-9.202,True,True
NICARAGUA,MANAGUA,2011-02-13,no_effect,poisson,briere,5,0.75,seir,-11.653,True,True
NICARAGUA,MANAGUA,2011-02-13,no_effect,poisson,briere,7,1.0,hostvector,-8.504,True,True
NICARAGUA,MANAGUA,2011-02-13,no_effect,poisson,briere,7,1.0,seir,-10.567,True,True
NICARAGUA,MANAGUA,2011-02-13,no_effect,poisson,briere,7,0.75,hostvector,-11.841,True,True
NICARAGUA,MANAGUA,2011-02-13,no_effect,poisson,briere,7,0.75,seir,-14.7,True,True
NICARAGUA,MANAGUA,2011-02-13,no_effect,poisson,loglinear,3,1.0,hostvector,-7.911,True,True
NICARAGUA,MANAGUA,2011-02-13,no_effect,poisson,loglinear,3,1.0,seir,-11.013,True,True
NICARAGUA,MANAGUA,2011-02-13,no_effect,poisson,loglinear,3,0.75,hostvector,-10.329,True,True
NICARAGUA,MANAGUA,2011-02-13,no_effect,poisson,loglinear,3,0.75,seir,-12.355,True,True
NICARAGUA,MANAGUA,2011-02-13,no_effect,poisson,loglinear,5,1.0,hostvector,-7.845,True,True
NICARAGUA,MANAGUA,2011-02-13,no_effect,poisson,loglinear,5,1.0,seir,-10.415,True,True
NICARAGUA,MANAGUA,2011-02-13,no_effect,poisson,loglinear,5,0.75,hostvector,-11.007,True,True
NICARAGUA,MANAGUA,2011-02-13,no_effect,poisson,loglinear,5,0.75,seir,-13.781,True,True
NICARAGUA,MANAGUA,2011-02-13,no_effect,poisson,loglinear,7,1.0,hostvector,-12.548,True,True
NICARAGUA,MANAGUA,2011-02-13,no_effect,poisson,loglinear,7,1.0,seir,-15.697,True,True
NICARAGUA,MANAGUA,2011-02-13,no_effect,poisson,loglinear,7,0.75,hostvector,-13.304,True,True
NICARAGUA,MANAGUA,2011-02-13,no_effect,poisson,loglinear,7,0.75,seir,-16.398,True,True
NICARAGUA,MANAGUA,2011-02-13,climate,nb,briere,3,1.0,hostvector,-110.582,True,True
NICARAGUA,MANAGUA,2011-02-13,climate,nb,briere,3,1.0,seir,-102.984,True,True
NICARAGUA,MANAGUA,2011-02-13,climate,nb,briere,3,0.75,hostvector,-60.242,True,True
NICARAGUA,MANAGUA,2011-02-13,climate,nb,briere,3,0.75,seir,-52.693,True,True
NICARAGUA,MANAGUA,2011-02-13,climate,nb,briere,5,1.0,hostvector,-109.243,True,True
NICARAGUA,MANAGUA,2011-02-13,climate,nb,briere,5,1.0,seir,-101.515,True,True
NICARAGUA,MANAGUA,2011-02-13,climate,nb,briere,5,0.75,hostvector,-58.638,True,True
NICARAGUA,MANAGUA,2011-02-13,climate,nb,briere,5,0.75,seir,-51.652,True,True
NICARAGUA,MANAGUA,2011-02-13,climate,nb,briere,7,1.0,hostvector,-97.855,True,True
NICARAGUA,MANAGUA,2011-02-13,climate,nb,briere,7,1.0,seir,-90.771,True,True
NICARAGUA,MANAGUA,2011-02-13,climate,nb,briere,7,0.75,hostvector,-54.209,True,True
NICARAGUA,MANAGUA,2011-02-13,climate,nb,briere,7,0.75,seir,-47.946,True,True
NICARAGUA,MANAGUA,2011-02-13,climate,nb,loglinear,3,1.0,hostvector,-111.156,True,True
NICARAGUA,MANAGUA,2011-02-13,climate,nb,loglinear,3,1.0,seir,-103.683,True,True
NICARAGUA,MANAGUA,2011-02-13,climate,nb,loglinear,3,0.75,hostvector,-61.394,True,True
NICARAGUA,MANAGUA,2011-02-13,climate,nb,loglinear,3,0.75,seir,-53.553,True,True
NICARAGUA,MANAGUA,2011-02-13,climate,nb,loglinear,5,1.0,hostvector,-109.479,True,True
NICARAGUA,MANAGUA,2011-02-13,climate,nb,loglinear,5,1.0,seir,-101.789,True,True
NICARAGUA,MANAGUA,2011-02-13,climate,nb,loglinear,5,0.75,hostvector,-57.472,True,True
NICARAGUA,MANAGUA,2011-02-13,climate,nb,loglinear,5,0.75,seir,-51.772,True,True
NICARAGUA,MANAGUA,2011-02-13,climate,nb,loglinear,7,1.0,hostvector,78724.386,False,False
NICARAGUA,MANAGUA,2011-02-13,climate,nb,loglinear,7,1.0,seir,-93.609,True,True
NICARAGUA,MANAGUA,2011-02-13,climate,nb,loglinear,7,0.75,hostvector,-54.563,True,True
NICARAGUA,MANAGUA,2011-02-13,climate,nb,loglinear,7,0.75,seir,-48.172,True,True
NICARAGUA,MANAGUA,2011-02-13,climate,poisson,briere,3,1.0,hostvector,-856.67,True,True
NICARAGUA,MANAGUA,2011-02-13,climate,poisson,briere,3,1.0,seir,-846.362,True,True
NICARAGUA,MANAGUA,2011-02-13,climate,poisson,briere,3,0.75,hostvector,-214.206,True,True
NICARAGUA,MANAGUA,2011-02-13,climate,poisson,briere,3,0.75,seir,-201.932,True,True
NICARAGUA,MANAGUA,2011-02-13,climate,poisson,briere,5,1.0,hostvector,-765.406,True,True
NICARAGUA,MANAGUA,2011-02-13,climate,poisson,briere,5,1.0,seir,-739.505,True,True
NICARAGUA,MANAGUA,2011-02-13,climate,poisson,briere,5,0.75,hostvector,-201.024,True,True
NICARAGUA,MANAGUA,2011-02-13,climate,poisson,briere,5,0.75,seir,-189.926,True,True
NICARAGUA,MANAGUA,2011-02-13,climate,poisson,briere,7,1.0,hostvector,-536.761,True,True
NICARAGUA,MANAGUA,2011-02-13,climate,poisson,briere,7,1.0,seir,-521.744,True,True
NICARAGUA,MANAGUA,2011-02-13,climate,poisson,briere,7,0.75,hostvector,-178.244,True,True
NICARAGUA,MANAGUA,2011-02-13,climate,poisson,briere,7,0.75,seir,-170.236,True,True
NICARAGUA,MANAGUA,2011-02-13,climate,poisson,loglinear,3,1.0,hostvector,104985.144,False,False
NICARAGUA,MANAGUA,2011-02-13,climate,poisson,loglinear,3,1.0,seir,-849.277,True,True
NICARAGUA,MANAGUA,2011-02-13,climate,poisson,loglinear,3,0.75,hostvector,-217.628,True,True
NICARAGUA,MANAGUA,2011-02-13,climate,poisson,loglinear,3,0.75,seir,-204.582,True,True
NICARAGUA,MANAGUA,2011-02-13,climate,poisson,loglinear,5,1.0,hostvector,-772.292,True,True
NICARAGUA,MANAGUA,2011-02-13,climate,poisson,loglinear,5,1.0,seir,15155.268,False,False
NICARAGUA,MANAGUA,2011-02-13,climate,poisson,loglinear,5,0.75,hostvector,-201.1,True,True
NICARAGUA,MANAGUA,2011-02-13,climate,poisson,loglinear,5,0.75,seir,-189.675,True,True
NICARAGUA,MANAGUA,2011-02-13,climate,poisson,loglinear,7,1.0,hostvector,-702.137,True,True
NICARAGUA,MANAGUA,2011-02-13,climate,poisson,loglinear,7,1.0,seir,-685.935,True,True
NICARAGUA,MANAGUA,2011-02-13,climate,poisson,loglinear,7,0.75,hostvector,-181.152,True,True
NICARAGUA,MANAGUA,2011-02-13,climate,poisson,loglinear,7,0.75,seir,-172.308,True,True
NICARAGUA,MASAYA,2011-05-01,no_effect,nb,briere,3,1.0,hostvector,1.724,False,False
NICARAGUA,MASAYA,2011-05-01,no_effect,nb,briere,3,1.0,seir,1.735,False,False
NICARAGUA,MASAYA,2011-05-01,no_effect,nb,briere,3,0.75,hostvector,3.803,False,False
NICARAGUA,MASAYA,2011-05-01,no_effect,nb,briere,3,0.75,seir,3.99,False,False
NICARAGUA,MASAYA,2011-05-01,no_effect,nb,briere,5,1.0,hostvector,1.111,False,False
NICARAGUA,MASAYA,2011-05-01,no_effect,nb,briere,5,1.0,seir,1.471,False,False
NICARAGUA,MASAYA,2011-05-01,no_effect,nb,briere,5,0.75,hostvector,3.552,False,False
NICARAGUA,MASAYA,2011-05-01,no_effect,nb,briere,5,0.75,seir,3.948,False,False
NICARAGUA,MASAYA,2011-05-01,no_effect,nb,briere,7,1.0,hostvector,2.139,False,False
NICARAGUA,MASAYA,2011-05-01,no_effect,nb,briere,7,1.0,seir,2.136,False,False
NICARAGUA,MASAYA,2011-05-01,no_effect,nb,briere,7,0.75,hostvector,3.892,False,False
NICARAGUA,MASAYA,2011-05-01,no_effect,nb,briere,7,0.75,seir,3.976,False,False
NICARAGUA,MASAYA,2011-05-01,no_effect,nb,loglinear,3,1.0,hostvector,1.576,False,False
NICARAGUA,MASAYA,2011-05-01,no_effect,nb,loglinear,3,1.0,seir,1.582,False,False
NICARAGUA,MASAYA,2011-05-01,no_effect,nb,loglinear,3,0.75,hostvector,3.753,False,False
NICARAGUA,MASAYA,2011-05-01,no_effect,nb,loglinear,3,0.75,seir,5.363,False,False
NICARAGUA,MASAYA,2011-05-01,no_effect,nb,loglinear,5,1.0,hostvector,0.933,False,False
NICARAGUA,MASAYA,2011-05-01,no_effect,nb,loglinear,5,1.0,seir,1.283,False,False
NICARAGUA,MASAYA,2011-05-01,no_effect,nb,loglinear,5,0.75,hostvector,3.502,False,False
NICARAGUA,MASAYA,2011-05-01,no_effect,nb,loglinear,5,0.75,seir,3.943,False,False
NICARAGUA,MASAYA,2011-05-01,no_effect,nb,loglinear,7,1.0,hostvector,1.817,False,False
NICARAGUA,MASAYA,2011-05-01,no_effect,nb,loglinear,7,1.0,seir,1.871,False,False
NICARAGUA,MASAYA,2011-05-01,no_effect,nb,loglinear,7,0.75,hostvector,3.868,False,False
NICARAGUA,MASAYA,2011-05-01,no_effect,nb,loglinear,7,0.75,seir,3.974,False,False
NICARAGUA,MASAYA,2011-05-01,no_effect,poisson,briere,3,1.0,hostvector,-0.161,True,False
NICARAGUA,MASAYA,2011-05-01,no_effect,poisson,briere,3,1.0,seir,-0.332,True,False
NICARAGUA,MASAYA,2011-05-01,no_effect,poisson,briere,3,0.75,hostvector,3.64,False,False
NICARAGUA,MASAYA,2011-05-01,no_effect,poisson,briere,3,0.75,seir,3.897,False,False
NICARAGUA,MASAYA,2011-05-01,no_effect,poisson,briere,5,1.0,hostvector,-2.87,True,False
NICARAGUA,MASAYA,2011-05-01,no_effect,poisson,briere,5,1.0,seir,-2.108,True,False
NICARAGUA,MASAYA,2011-05-01,no_effect,poisson,briere,5,0.75,hostvector,2.312,False,False
NICARAGUA,MASAYA,2011-05-01,no_effect,poisson,briere,5,0.75,seir,3.254,False,False
NICARAGUA,MASAYA,2011-05-01,no_effect,poisson,briere,7,1.0,hostvector,0.133,False,False
NICARAGUA,MASAYA,2011-05-01,no_effect,poisson,briere,7,1.0,seir,0.355,False,False
NICARAGUA,MASAYA,2011-05-01,no_effect,poisson,briere,7,0.75,hostvector,3.604,False,False
NICARAGUA,MASAYA,2011-05-01,no_effect,poisson,briere,7,0.75,seir,3.93,False,False
NICARAGUA,MASAYA,2011-05-01,no_effect,poisson,loglinear,3,1.0,hostvector,-0.443,True,False
NICARAGUA,MASAYA,2011-05-01,no_effect,poisson,loglinear,3,1.0,seir,-0.629,True,False
NICARAGUA,MASAYA,2011-05-01,no_effect,poisson,loglinear,3,0.75,hostvector,3.587,False,False
NICARAGUA,MASAYA,2011-05-01,no_effect,poisson,loglinear,3,0.75,seir,3.885,False,False
NICARAGUA,MASAYA,2011-05-01,no_effect,poisson,loglinear,5,1.0,hostvector,-3.141,True,False
NICARAGUA,MASAYA,2011-05-01,no_effect,poisson,loglinear,5,1.0,seir,-2.435,True,False
NICARAGUA,MASAYA,2011-05-01,no_effect,poisson,loglinear,5,0.75,hostvector,2.256,False,False
NICARAGUA,MASAYA,2011-05-01,no_effect,poisson,loglinear,5,0.75,seir,3.227,False,False
NICARAGUA,MASAYA,2011-05-01,no_effect,poisson,loglinear,7,1.0,hostvector,-0.55,True,False
NICARAGUA,MASAYA,2011-05-01,no_effect,poisson,loglinear,7,1.0,seir,-0.269,True,False
NICARAGUA,MASAYA,2011-05-01,no_effect,poisson,loglinear,7,0.75,hostvector,3.577,False,False
NICARAGUA,MASAYA,2011-05-01,no_effect,poisson,loglinear,7,0.75,seir,3.925,False,False
NICARAGUA,MASAYA,2011-05-01,climate,nb,briere,3,1.0,hostvector,-41.412,True,True
NICARAGUA,MASAYA,2011-05-01,climate,nb,briere,3,1.0,seir,-33.952,True,True
NICARAGUA,MASAYA,2011-05-01,climate,nb,briere,3,0.75,hostvector,-34.156,True,True
NICARAGUA,MASAYA,2011-05-01,climate,nb,briere,3,0.75,seir,-28.549,True,True
NICARAGUA,MASAYA,2011-05-01,climate,nb,briere,5,1.0,hostvector,-25.95,True,True
NICARAGUA,MASAYA,2011-05-01,climate,nb,briere,5,1.0,seir,-19.861,True,True
NICARAGUA,MASAYA,2011-05-01,climate,nb,briere,5,0.75,hostvector,-18.243,True,True
NICARAGUA,MASAYA,2011-05-01,climate,nb,briere,5,0.75,seir,-13.954,True,True
NICARAGUA,MASAYA,2011-05-01,climate,nb,briere,7,1.0,hostvector,-10.699,True,True
NICARAGUA,MASAYA,2011-05-01,climate,nb,briere,7,1.0,seir,-7.746,True,True
NICARAGUA,MASAYA,2011-05-01,climate,nb,briere,7,0.75,hostvector,-4.316,True,True
NICARAGUA,MASAYA,2011-05-01,climate,nb,briere,7,0.75,seir,-2.614,True,False
NICARAGUA,MASAYA,2011-05-01,climate,nb,loglinear,3,1.0,hostvector,-41.397,True,True
NICARAGUA,MASAYA,2011-05-01,climate,nb,loglinear,3,1.0,seir,-33.761,True,True
NICARAGUA,MASAYA,2011-05-01,climate,nb,loglinear,3,0.75,seir,1080.99,False,False
NICARAGUA,MASAYA,2011-05-01,climate,nb,loglinear,5,1.0,hostvector,-26.539,True,True
NICARAGUA,MASAYA,2011-05-01,climate,nb,loglinear,5,1.0,seir,-20.943,True,True
NICARAGUA,MASAYA,2011-05-01,climate,nb,loglinear,5,0.75,seir,-15.645,True,True
NICARAGUA,MASAYA,2011-05-01,climate,nb,loglinear,7,1.0,hostvector,-16.641,True,True
NICARAGUA,MASAYA,2011-05-01,climate,nb,loglinear,7,1.0,seir,-15.29,True,True
NICARAGUA,MASAYA,2011-05-01,climate,nb,loglinear,7,0.75,seir,-9.92,True,True
NICARAGUA,MASAYA,2011-05-01,climate,poisson,briere,3,1.0,hostvector,-113.874,True,True
NICARAGUA,MASAYA,2011-05-01,climate,poisson,briere,3,1.0,seir,-101.185,True,True
NICARAGUA,MASAYA,2011-05-01,climate,poisson,briere,3,0.75,hostvector,-103.875,True,True
NICARAGUA,MASAYA,2011-05-01,climate,poisson,briere,3,0.75,seir,-94.368,True,True
NICARAGUA,MASAYA,2011-05-01,climate,poisson,briere,5,1.0,hostvector,-35.903,True,True
NICARAGUA,MASAYA,2011-05-01,climate,poisson,briere,5,1.0,seir,-26.845,True,True
NICARAGUA,MASAYA,2011-05-01,climate,poisson,briere,5,0.75,hostvector,-25.69,True,True
NICARAGUA,MASAYA,2011-05-01,climate,poisson,briere,5,0.75,seir,-18.801,True,True
NICARAGUA,MASAYA,2011-05-01,climate,poisson,briere,7,1.0,hostvector,-1.94,True,False
NICARAGUA,MASAYA,2011-05-01,climate,poisson,briere,7,1.0,seir,-0.026,True,False
NICARAGUA,MASAYA,2011-05-01,climate,poisson,briere,7,0.75,hostvector,2.408,False,False
NICARAGUA,MASAYA,2011-05-01,climate,poisson,briere,7,0.75,seir,3.182,False,False
NICARAGUA,MASAYA,2011-05-01,climate,poisson,loglinear,3,1.0,hostvector,-113.759,True,True
NICARAGUA,MASAYA,2011-05-01,climate,poisson,loglinear,3,1.0,seir,-100.766,True,True
NICARAGUA,MASAYA,2011-05-01,climate,poisson,loglinear,3,0.75,seir,-93.976,True,True
NICARAGUA,MASAYA,2011-05-01,climate,poisson,loglinear,5,1.0,hostvector,-36.402,True,True
NICARAGUA,MASAYA,2011-05-01,climate,poisson,loglinear,5,1.0,seir,-27.935,True,True
NICARAGUA,MASAYA,2011-05-01,climate,poisson,loglinear,5,0.75,seir,-19.683,True,True
NICARAGUA,MASAYA,2011-05-01,climate,poisson,loglinear,7,1.0,hostvector,-7.942,True,True
NICARAGUA,MASAYA,2011-05-01,climate,poisson,loglinear,7,1.0,seir,-8.571,True,True
NICARAGUA,MASAYA,2011-05-01,climate,poisson,loglinear,7,0.75,seir,-0.684,True,False
NICARAGUA,LEON,2011-06-05,no_effect,nb,briere,3,1.0,hostvector,3.417,False,False
NICARAGUA,LEON,2011-06-05,no_effect,nb,briere,3,1.0,seir,3.587,False,False
NICARAGUA,LEON,2011-06-05,no_effect,nb,briere,3,0.75,hostvector,2.238,False,False
NICARAGUA,LEON,2011-06-05,no_effect,nb,briere,3,0.75,seir,2.316,False,False
NICARAGUA,LEON,2011-06-05,no_effect,nb,briere,5,1.0,hostvector,2.813,False,False
NICARAGUA,LEON,2011-06-05,no_effect,nb,briere,5,1.0,seir,1.883,False,False
NICARAGUA,LEON,2011-06-05,no_effect,nb,briere,5,0.75,hostvector,2.157,False,False
NICARAGUA,LEON,2011-06-05,no_effect,nb,briere,5,0.75,seir,1.877,False,False
NICARAGUA,LEON,2011-06-05,no_effect,nb,briere,7,1.0,hostvector,3.814,False,False
NICARAGUA,LEON,2011-06-05,no_effect,nb,briere,7,1.0,seir,3.253,False,False
NICARAGUA,LEON,2011-06-05,no_effect,nb,briere,7,0.75,hostvector,2.268,False,False
NICARAGUA,LEON,2011-06-05,no_effect,nb,briere,7,0.75,seir,2.11,False,False
NICARAGUA,LEON,2011-06-05,no_effect,nb,loglinear,3,1.0,hostvector,3.974,False,False
NICARAGUA,LEON,2011-06-05,no_effect,nb,loglinear,3,1.0,seir,3.6,False,False
NICARAGUA,LEON,2011-06-05,no_effect,nb,loglinear,3,0.75,hostvector,2.331,False,False
NICARAGUA,LEON,2011-06-05,no_effect,nb,loglinear,3,0.75,seir,2.404,False,False
NICARAGUA,LEON,2011-06-05,no_effect,nb,loglinear,5,1.0,hostvector,2.248,False,False
NICARAGUA,LEON,2011-06-05,no_effect,nb,loglinear,5,1.0,seir,1.483,False,False
NICARAGUA,LEON,2011-06-05,no_effect,nb,loglinear,5,0.75,hostvector,2.234,False,False
NICARAGUA,LEON,2011-06-05,no_effect,nb,loglinear,5,0.75,seir,1.996,False,False
NICARAGUA,LEON,2011-06-05,no_effect,nb,loglinear,7,1.0,hostvector,3.817,False,False
NICARAGUA,LEON,2011-06-05,no_effect,nb,loglinear,7,1.0,seir,3.269,False,False
NICARAGUA,LEON,2011-06-05,no_effect,nb,loglinear,7,0.75,hostvector,2.357,False,False
NICARAGUA,LEON,2011-06-05,no_effect,nb,loglinear,7,0.75,seir,2.231,False,False
NICARAGUA,LEON,2011-06-05,no_effect,poisson,briere,3,1.0,hostvector,1.273,False,False
NICARAGUA,LEON,2011-06-05,no_effect,poisson,briere,3,1.0,seir,-1.257,True,False
NICARAGUA,LEON,2011-06-05,no_effect,poisson,briere,3,0.75,hostvector,-41.614,True,True
NICARAGUA,LEON,2011-06-05,no_effect,poisson,briere,3,0.75,seir,-39.653,True,True
NICARAGUA,LEON,2011-06-05,no_effect,poisson,briere,5,1.0,hostvector,-0.349,True,False
NICARAGUA,LEON,2011-06-05,no_effect,poisson,briere,5,1.0,seir,-2.767,True,False
NICARAGUA,LEON,2011-06-05,no_effect,poisson,briere,5,0.75,hostvector,-57.85,True,True
NICARAGUA,LEON,2011-06-05,no_effect,poisson,briere,5,0.75,seir,-52.622,True,True
NICARAGUA,LEON,2011-06-05,no_effect,poisson,briere,7,1.0,hostvector,-16.372,True,True
NICARAGUA,LEON,2011-06-05,no_effect,poisson,briere,7,1.0,seir,-14.961,True,True
NICARAGUA,LEON,2011-06-05,no_effect,poisson,briere,7,0.75,hostvector,-84.129,True,True
NICARAGUA,LEON,2011-06-05,no_effect,poisson,briere,7,0.75,seir,-55.144,True,True
NICARAGUA,LEON,2011-06-05,no_effect,poisson,loglinear,3,1.0,hostvector,1.296,False,False
NICARAGUA,LEON,2011-06-05,no_effect,poisson,loglinear,3,1.0,seir,-0.46,True,False
NICARAGUA,LEON,2011-06-05,no_effect,poisson,loglinear,3,0.75,hostvector,-38.411,True,True
NICARAGUA,LEON,2011-06-05,no_effect,poisson,loglinear,3,0.75,seir,-36.477,True,True
NICARAGUA,LEON,2011-06-05,no_effect,poisson,loglinear,5,1.0,hostvector,-0.034,True,False
NICARAGUA,LEON,2011-06-05,no_effect,poisson,loglinear,5,1.0,seir,-1.851,True,False
NICARAGUA,LEON,2011-06-05,no_effect,poisson,loglinear,5,0.75,hostvector,-54.73,True,True
NICARAGUA,LEON,2011-06-05,no_effect,poisson,loglinear,5,0.75,seir,-49.641,True,True
NICARAGUA,LEON,2011-06-05,no_effect,poisson,loglinear,7,1.0,hostvector,-17.34,True,True
NICARAGUA,LEON,2011-06-05,no_effect,poisson,loglinear,7,1.0,seir,-14.651,True,True
NICARAGUA,LEON,2011-06-05,no_effect,poisson,loglinear,7,0.75,hostvector,-83.452,True,True
NICARAGUA,LEON,2011-06-05,no_effect,poisson,loglinear,7,0.75,seir,-53.438,True,True
NICARAGUA,LEON,2011-06-05,climate,nb,briere,3,1.0,hostvector,-14.406,True,True
NICARAGUA,LEON,2011-06-05,climate,nb,briere,3,1.0,seir,-14.964,True,True
NICARAGUA,LEON,2011-06-05,climate,nb,briere,3,0.75,hostvector,-15.29,True,True
NICARAGUA,LEON,2011-06-05,climate,nb,briere,3,0.75,seir,-17.246,True,True
NICARAGUA,LEON,2011-06-05,climate,nb,briere,5,1.0,hostvector,-0.482,True,False
NICARAGUA,LEON,2011-06-05,climate,nb,briere,5,1.0,seir,3.254,False,False
NICARAGUA,LEON,2011-06-05,climate,nb,briere,5,0.75,hostvector,0.817,False,False
NICARAGUA,LEON,2011-06-05,climate,nb,briere,5,0.75,seir,3.843,False,False
NICARAGUA,LEON,2011-06-05,climate,nb,briere,7,1.0,hostvector,2.356,False,False
NICARAGUA,LEON,2011-06-05,climate,nb,briere,7,1.0,seir,0.786,False,False
NICARAGUA,LEON,2011-06-05,climate,nb,briere,7,0.75,hostvector,1.761,False,False
NICARAGUA,LEON,2011-06-05,climate,nb,briere,7,0.75,seir,1.168,False,False
NICARAGUA,LEON,2011-06-05,climate,nb,loglinear,3,1.0,hostvector,-14.456,True,True
NICARAGUA,LEON,2011-06-05,climate,nb,loglinear,3,1.0,seir,-14.97,True,True
NICARAGUA,LEON,2011-06-05,climate,nb,loglinear,3,0.75,hostvector,-15.409,True,True
NICARAGUA,LEON,2011-06-05,climate,nb,loglinear,3,0.75,seir,-17.304,True,True
NICARAGUA,LEON,2011-06-05,climate,nb,loglinear,5,1.0,hostvector,-0.489,True,False
NICARAGUA,LEON,2011-06-05,climate,nb,loglinear,5,1.0,seir,2.167,False,False
NICARAGUA,LEON,2011-06-05,climate,nb,loglinear,5,0.75,hostvector,0.81,False,False
NICARAGUA,LEON,2011-06-05,climate,nb,loglinear,5,0.75,seir,3.114,False,False
NICARAGUA,LEON,2011-06-05,climate,nb,loglinear,7,1.0,hostvector,2.3,False,False
NICARAGUA,LEON,2011-06-05,climate,nb,loglinear,7,1.0,seir,0.606,False,False
NICARAGUA,LEON,2011-06-05,climate,nb,loglinear,7,0.75,hostvector,1.582,False,False
NICARAGUA,LEON,2011-06-05,climate,nb,loglinear,7,0.75,seir,1.146,False,False
NICARAGUA,LEON,2011-06-05,climate,poisson,briere,3,1.0,hostvector,-291.948,True,True
NICARAGUA,LEON,2011-06-05,climate,poisson,briere,3,1.0,seir,-275.24,True,True
NICARAGUA,LEON,2011-06-05,climate,poisson,briere,3,0.75,hostvector,-259.185,True,True
NICARAGUA,LEON,2011-06-05,climate,poisson,briere,3,0.75,seir,-235.647,True,True
NICARAGUA,LEON,2011-06-05,climate,poisson,briere,5,1.0,hostvector,-5.555,True,True
NICARAGUA,LEON,2011-06-05,climate,poisson,briere,5,1.0,seir,-4.54,True,True
NICARAGUA,LEON,2011-06-05,climate,poisson,briere,5,0.75,hostvector,-13.958,True,True
NICARAGUA,LEON,2011-06-05,climate,poisson,briere,5,0.75,seir,-6.676,True,True
NICARAGUA,LEON,2011-06-05,climate,poisson,briere,7,1.0,hostvector,-93.662,True,True
NICARAGUA,LEON,2011-06-05,climate,poisson,briere,7,1.0,seir,-104.305,True,True
NICARAGUA,LEON,2011-06-05,climate,poisson,briere,7,0.75,hostvector,-83.843,True,True
NICARAGUA,LEON,2011-06-05,climate,poisson,briere,7,0.75,seir,-82.117,True,True
NICARAGUA,LEON,2011-06-05,climate,poisson,loglinear,3,1.0,hostvector,-292.015,True,True
NICARAGUA,LEON,2011-06-05,climate,poisson,loglinear,3,1.0,seir,-275.744,True,True
NICARAGUA,LEON,2011-06-05,climate,poisson,loglinear,3,0.75,hostvector,-259.253,True,True
NICARAGUA,LEON,2011-06-05,climate,poisson,loglinear,3,0.75,seir,-235.746,True,True
NICARAGUA,LEON,2011-06-05,climate,poisson,loglinear,5,1.0,hostvector,-14.432,True,True
NICARAGUA,LEON,2011-06-05,climate,poisson,loglinear,5,1.0,seir,-11.722,True,True
NICARAGUA,LEON,2011-06-05,climate,poisson,loglinear,5,0.75,hostvector,-23.886,True,True
NICARAGUA,LEON,2011-06-05,climate,poisson,loglinear,5,0.75,seir,-7.169,True,True
NICARAGUA,LEON,2011-06-05,climate,poisson,loglinear,7,1.0,hostvector,-98.247,True,True
NICARAGUA,LEON,2011-06-05,climate,poisson,loglinear,7,1.0,seir,-105.53,True,True
NICARAGUA,LEON,2011-06-05,climate,poisson,loglinear,7,0.75,hostvector,-88.823,True,True
NICARAGUA,LEON,2011-06-05,climate,poisson,loglinear,7,0.75,seir,-85.114,True,True
NICARAGUA,CHONTALES,2012-04-15,no_effect,nb,briere,3,1.0,hostvector,3.991,False,False
NICARAGUA,CHONTALES,2012-04-15,no_effect,nb,briere,3,1.0,seir,3.97,False,False
NICARAGUA,CHONTALES,2012-04-15,no_effect,nb,briere,3,0.75,hostvector,3.998,False,False
NICARAGUA,CHONTALES,2012-04-15,no_effect,nb,briere,3,0.75,seir,3.913,False,False
NICARAGUA,CHONTALES,2012-04-15,no_effect,nb,briere,5,1.0,hostvector,3.913,False,False
NICARAGUA,CHONTALES,2012-04-15,no_effect,nb,briere,5,1.0,seir,3.634,False,False
NICARAGUA,CHONTALES,2012-04-15,no_effect,nb,briere,5,0.75,hostvector,3.706,False,False
NICARAGUA,CHONTALES,2012-04-15,no_effect,nb,briere,5,0.75,seir,3.261,False,False
NICARAGUA,CHONTALES,2012-04-15,no_effect,nb,briere,7,1.0,hostvector,3.605,False,False
NICARAGUA,CHONTALES,2012-04-15,no_effect,nb,briere,7,1.0,seir,3.199,False,False
NICARAGUA,CHONTALES,2012-04-15,no_effect,nb,briere,7,0.75,hostvector,3.481,False,False
NICARAGUA,CHONTALES,2012-04-15,no_effect,nb,briere,7,0.75,seir,2.997,False,False
NICARAGUA,CHONTALES,2012-04-15,no_effect,nb,loglinear,3,1.0,hostvector,3.274,False,False
NICARAGUA,CHONTALES,2012-04-15,no_effect,nb,loglinear,3,1.0,seir,3.596,False,False
NICARAGUA,CHONTALES,2012-04-15,no_effect,nb,loglinear,3,0.75,hostvector,3.331,False,False
NICARAGUA,CHONTALES,2012-04-15,no_effect,nb,loglinear,3,0.75,seir,4.993,False,False
NICARAGUA,CHONTALES,2012-04-15,no_effect,nb,loglinear,5,1.0,hostvector,3.201,False,False
NICARAGUA,CHONTALES,2012-04-15,no_effect,nb,loglinear,5,1.0,seir,3.254,False,False
NICARAGUA,CHONTALES,2012-04-15,no_effect,nb,loglinear,5,0.75,hostvector,3.152,False,False
NICARAGUA,CHONTALES,2012-04-15,no_effect,nb,loglinear,5,0.75,seir,3.161,False,False
NICARAGUA,CHONTALES,2012-04-15,no_effect,nb,loglinear,7,1.0,hostvector,3.219,False,False
NICARAGUA,CHONTALES,2012-04-15,no_effect,nb,loglinear,7,1.0,seir,3.12,False,False
NICARAGUA,CHONTALES,2012-04-15,no_effect,nb,loglinear,7,0.75,hostvector,3.153,False,False
NICARAGUA,CHONTALES,2012-04-15,no_effect,nb,loglinear,7,0.75,seir,2.995,False,False
NICARAGUA,CHONTALES,2012-04-15,no_effect,poisson,briere,3,1.0,hostvector,3.997,False,False
NICARAGUA,CHONTALES,2012-04-15,no_effect,poisson,briere,3,1.0,seir,3.954,False,False
NICARAGUA,CHONTALES,2012-04-15,no_effect,poisson,briere,3,0.75,hostvector,3.964,False,False
NICARAGUA,CHONTALES,2012-04-15,no_effect,poisson,briere,3,0.75,seir,3.835,False,False
NICARAGUA,CHONTALES,2012-04-15,no_effect,poisson,briere,5,1.0,hostvector,3.524,False,False
NICARAGUA,CHONTALES,2012-04-15,no_effect,poisson,briere,5,1.0,seir,2.997,False,False
NICARAGUA,CHONTALES,2012-04-15,no_effect,poisson,briere,5,0.75,hostvector,3.063,False,False
NICARAGUA,CHONTALES,2012-04-15,no_effect,poisson,briere,5,0.75,seir,2.274,False,False
NICARAGUA,CHONTALES,2012-04-15,no_effect,poisson,briere,7,1.0,hostvector,2.157,False,False
NICARAGUA,CHONTALES,2012-04-15,no_effect,poisson,briere,7,1.0,seir,1.433,False,False
NICARAGUA,CHONTALES,2012-04-15,no_effect,poisson,briere,7,0.75,hostvector,2.061,False,False
NICARAGUA,CHONTALES,2012-04-15,no_effect,poisson,briere,7,0.75,seir,1.014,False,False
NICARAGUA,CHONTALES,2012-04-15,no_effect,poisson,loglinear,3,1.0,hostvector,2.327,False,False
NICARAGUA,CHONTALES,2012-04-15,no_effect,poisson,loglinear,3,1.0,seir,3.02,False,False
NICARAGUA,CHONTALES,2012-04-15,no_effect,poisson,loglinear,3,0.75,hostvector,2.525,False,False
NICARAGUA,CHONTALES,2012-04-15,no_effect,poisson,loglinear,3,0.75,seir,3.482,False,False
NICARAGUA,CHONTALES,2012-04-15,no_effect,poisson,loglinear,5,1.0,hostvector,1.933,False,False
NICARAGUA,CHONTALES,2012-04-15,no_effect,poisson,loglinear,5,1.0,seir,2.07,False,False
NICARAGUA,CHONTALES,2012-04-15,no_effect,poisson,loglinear,5,0.75,hostvector,2.151,False,False
NICARAGUA,CHONTALES,2012-04-15,no_effect,poisson,loglinear,5,0.75,seir,2.102,False,False
NICARAGUA,CHONTALES,2012-04-15,no_effect,poisson,loglinear,7,1.0,hostvector,1.536,False,False
NICARAGUA,CHONTALES,2012-04-15,no_effect,poisson,loglinear,7,1.0,seir,1.3,False,False
NICARAGUA,CHONTALES,2012-04-15,no_effect,poisson,loglinear,7,0.75,hostvector,1.792,False,False
NICARAGUA,CHONTALES,2012-04-15,no_effect,poisson,loglinear,7,0.75,seir,1.02,False,False
NICARAGUA,CHONTALES,2012-04-15,climate,nb,briere,3,1.0,hostvector,-56.179,True,True
NICARAGUA,CHONTALES,2012-04-15,climate,nb,briere,3,1.0,seir,-54.282,True,True
NICARAGUA,CHONTALES,2012-04-15,climate,nb,briere,3,0.75,hostvector,-28.386,True,True
NICARAGUA,CHONTALES,2012-04-15,climate,nb,briere,3,0.75,seir,-28.099,True,True
NICARAGUA,CHONTALES,2012-04-15,climate,nb,briere,5,1.0,hostvector,-35.057,True,True
NICARAGUA,CHONTALES,2012-04-15,climate,nb,briere,5,1.0,seir,-24.574,True,True
NICARAGUA,CHONTALES,2012-04-15,climate,nb,briere,5,0.75,hostvector,-11.44,True,True
NICARAGUA,CHONTALES,2012-04-15,climate,nb,briere,5,0.75,seir,-7.094,True,True
NICARAGUA,CHONTALES,2012-04-15,climate,nb,briere,7,1.0,hostvector,3.759,False,False
NICARAGUA,CHONTALES,2012-04-15,climate,nb,briere,7,1.0,seir,3.768,False,False
NICARAGUA,CHONTALES,2012-04-15,climate,nb,briere,7,0.75,hostvector,3.648,False,False
NICARAGUA,CHONTALES,2012-04-15,climate,nb,briere,7,0.75,seir,2.753,False,False
NICARAGUA,CHONTALES,2012-04-15,climate,nb,loglinear,3,1.0,hostvector,-56.453,True,True
NICARAGUA,CHONTALES,2012-04-15,climate,nb,loglinear,3,1.0,seir,-54.869,True,True
NICARAGUA,CHONTALES,2012-04-15,climate,nb,loglinear,3,0.75,hostvector,-28.539,True,True
NICARAGUA,CHONTALES,2012-04-15,climate,nb,loglinear,3,0.75,seir,-28.786,True,True
NICARAGUA,CHONTALES,2012-04-15,climate,nb,loglinear,5,1.0,hostvector,-40.611,True,True
NICARAGUA,CHONTALES,2012-04-15,climate,nb,loglinear,5,1.0,seir,-32.651,True,True
NICARAGUA,CHONTALES,2012-04-15,climate,nb,loglinear,5,0.75,hostvector,-12.636,True,True
NICARAGUA,CHONTALES,2012-04-15,climate,nb,loglinear,5,0.75,seir,-7.199,True,True
NICARAGUA,CHONTALES,2012-04-15,climate,nb,loglinear,7,1.0,hostvector,-18.027,True,True
NICARAGUA,CHONTALES,2012-04-15,climate,nb,loglinear,7,1.0,seir,-15.831,True,True
NICARAGUA,CHONTALES,2012-04-15,climate,nb,loglinear,7,0.75,hostvector,3.646,False,False
NICARAGUA,CHONTALES,2012-04-15,climate,nb,loglinear,7,0.75,seir,2.752,False,False
NICARAGUA,CHONTALES,2012-04-15,climate,poisson,briere,3,1.0,hostvector,-313.249,True,True
NICARAGUA,CHONTALES,2012-04-15,climate,poisson,briere,3,1.0,seir,-311.976,True,True
NICARAGUA,CHONTALES,2012-04-15,climate,poisson,briere,3,0.75,hostvector,-159.803,True,True
NICARAGUA,CHONTALES,2012-04-15,climate,poisson,briere,3,0.75,seir,-162.028,True,True
NICARAGUA,CHONTALES,2012-04-15,climate,poisson,briere,5,1.0,hostvector,-233.024,True,True
NICARAGUA,CHONTALES,2012-04-15,climate,poisson,briere,5,1.0,seir,-183.875,True,True
NICARAGUA,CHONTALES,2012-04-15,climate,poisson,briere,5,0.75,hostvector,-94.592,True,True
NICARAGUA,CHONTALES,2012-04-15,climate,poisson,briere,5,0.75,seir,-76.849,True,True
NICARAGUA,CHONTALES,2012-04-15,climate,poisson,briere,7,1.0,hostvector,2.86,False,False
NICARAGUA,CHONTALES,2012-04-15,climate,poisson,briere,7,1.0,seir,2.391,False,False
NICARAGUA,CHONTALES,2012-04-15,climate,poisson,briere,7,0.75,hostvector,3.811,False,False
NICARAGUA,CHONTALES,2012-04-15,climate,poisson,briere,7,0.75,seir,2.007,False,False
NICARAGUA,CHONTALES,2012-04-15,climate,poisson,loglinear,3,1.0,hostvector,-313.449,True,True
NICARAGUA,CHONTALES,2012-04-15,climate,poisson,loglinear,3,1.0,seir,-312.107,True,True
NICARAGUA,CHONTALES,2012-04-15,climate,poisson,loglinear,3,0.75,hostvector,-159.675,True,True
NICARAGUA,CHONTALES,2012-04-15,climate,poisson,loglinear,3,0.75,seir,-162.658,True,True
NICARAGUA,CHONTALES,2012-04-15,climate,poisson,loglinear,5,1.0,hostvector,40134.941,False,False
NICARAGUA,CHONTALES,2012-04-15,climate,poisson,loglinear,5,1.0,seir,-236.344,True,True
NICARAGUA,CHONTALES,2012-04-15,climate,poisson,loglinear,5,0.75,hostvector,-112.959,True,True
NICARAGUA,CHONTALES,2012-04-15,climate,poisson,loglinear,5,0.75,seir,-83.062,True,True
NICARAGUA,CHONTALES,2012-04-15,climate,poisson,loglinear,7,1.0,hostvector,-131.248,True,True
NICARAGUA,CHONTALES,2012-04-15,climate,poisson,loglinear,7,1.0,seir,-111.856,True,True
NICARAGUA,CHONTALES,2012-04-15,climate,poisson,loglinear,7,0.75,hostvector,3.768,False,False
NICARAGUA,CHONTALES,2012-04-15,climate,poisson,loglinear,7,0.75,seir,1.946,False,False
NICARAGUA,JINOTEGA,2012-04-22,no_effect,nb,briere,3,1.0,hostvector,4.0,False,False
NICARAGUA,JINOTEGA,2012-04-22,no_effect,nb,briere,3,1.0,seir,3.972,False,False
NICARAGUA,JINOTEGA,2012-04-22,no_effect,nb,briere,3,0.75,hostvector,1.762,False,False
NICARAGUA,JINOTEGA,2012-04-22,no_effect,nb,briere,3,0.75,seir,2.186,False,False
NICARAGUA,JINOTEGA,2012-04-22,no_effect,nb,briere,5,1.0,hostvector,3.51,False,False
NICARAGUA,JINOTEGA,2012-04-22,no_effect,nb,briere,5,1.0,seir,3.187,False,False
NICARAGUA,JINOTEGA,2012-04-22,no_effect,nb,briere,5,0.75,hostvector,3.775,False,False
NICARAGUA,JINOTEGA,2012-04-22,no_effect,nb,briere,5,0.75,seir,3.411,False,False
NICARAGUA,JINOTEGA,2012-04-22,no_effect,nb,briere,7,1.0,hostvector,1.55,False,False
NICARAGUA,JINOTEGA,2012-04-22,no_effect,nb,briere,7,1.0,seir,0.874,False,False
NICARAGUA,JINOTEGA,2012-04-22,no_effect,nb,briere,7,0.75,hostvector,0.444,False,False
NICARAGUA,JINOTEGA,2012-04-22,no_effect,nb,briere,7,0.75,seir,-0.759,True,False
NICARAGUA,JINOTEGA,2012-04-22,no_effect,nb,loglinear,3,1.0,hostvector,3.736,False,False
NICARAGUA,JINOTEGA,2012-04-22,no_effect,nb,loglinear,3,1.0,seir,3.461,False,False
NICARAGUA,JINOTEGA,2012-04-22,no_effect,nb,loglinear,3,0.75,hostvector,0.361,False,False
NICARAGUA,JINOTEGA,2012-04-22,no_effect,nb,loglinear,3,0.75,seir,2.013,False,False
NICARAGUA,JINOTEGA,2012-04-22,no_effect,nb,loglinear,5,1.0,hostvector,2.725,False,False
NICARAGUA,JINOTEGA,2012-04-22,no_effect,nb,loglinear,5,1.0,seir,2.025,False,False
NICARAGUA,JINOTEGA,2012-04-22,no_effect,nb,loglinear,5,0.75,hostvector,0.941,False,False
NICARAGUA,JINOTEGA,2012-04-22,no_effect,nb,loglinear,5,0.75,seir,1.937,False,False
NICARAGUA,JINOTEGA,2012-04-22,no_effect,nb,loglinear,7,1.0,hostvector,1.016,False,False
NICARAGUA,JINOTEGA,2012-04-22,no_effect,nb,loglinear,7,1.0,seir,0.193,False,False
NICARAGUA,JINOTEGA,2012-04-22,no_effect,nb,loglinear,7,0.75,hostvector,-1.038,True,False
NICARAGUA,JINOTEGA,2012-04-22,no_effect,nb,loglinear,7,0.75,seir,-1.789,True,False
NICARAGUA,JINOTEGA,2012-04-22,no_effect,poisson,briere,3,1.0,hostvector,3.95,False,False
NICARAGUA,JINOTEGA,2012-04-22,no_effect,poisson,briere,3,1.0,seir,3.98,False,False
NICARAGUA,JINOTEGA,2012-04-22,no_effect,poisson,briere,3,0.75,hostvector,-5.14,True,True
NICARAGUA,JINOTEGA,2012-04-22,no_effect,poisson,briere,3,0.75,seir,-2.901,True,False
NICARAGUA,JINOTEGA,2012-04-22,no_effect,poisson,briere,5,1.0,hostvector,-1.172,True,False
NICARAGUA,JINOTEGA,2012-04-22,no_effect,poisson,briere,5,1.0,seir,-2.42,True,False
NICARAGUA,JINOTEGA,2012-04-22,no_effect,poisson,briere,5,0.75,hostvector,0.845,False,False
NICARAGUA,JINOTEGA,2012-04-22,no_effect,poisson,briere,5,0.75,seir,-0.741,True,False
NICARAGUA,JINOTEGA,2012-04-22,no_effect,poisson,briere,7,1.0,hostvector,-11.251,True,True
NICARAGUA,JINOTEGA,2012-04-22,no_effect,poisson,briere,7,1.0,seir,-11.209,True,True
NICARAGUA,JINOTEGA,2012-04-22,no_effect,poisson,briere,7,0.75,hostvector,-19.036,True,True
NICARAGUA,JINOTEGA,2012-04-22,no_effect,poisson,briere,7,0.75,seir,-22.176,True,True
NICARAGUA,JINOTEGA,2012-04-22,no_effect,poisson,loglinear,3,1.0,hostvector,2.18,False,False
NICARAGUA,JINOTEGA,2012-04-22,no_effect,poisson,loglinear,3,1.0,seir,0.176,False,False
NICARAGUA,JINOTEGA,2012-04-22,no_effect,poisson,loglinear,3,0.75,hostvector,-20.849,True,True
NICARAGUA,JINOTEGA,2012-04-22,no_effect,poisson,loglinear,3,0.75,seir,-12.799,True,True
NICARAGUA,JINOTEGA,2012-04-22,no_effect,poisson,loglinear,5,1.0,hostvector,-6.372,True,True
NICARAGUA,JINOTEGA,2012-04-22,no_effect,poisson,loglinear,5,1.0,seir,-10.698,True,True
NICARAGUA,JINOTEGA,2012-04-22,no_effect,poisson,loglinear,5,0.75,hostvector,-17.854,True,True
NICARAGUA,JINOTEGA,2012-04-22,no_effect,poisson,loglinear,5,0.75,seir,-15.03,True,True
NICARAGUA,JINOTEGA,2012-04-22,no_effect,poisson,loglinear,7,1.0,hostvector,-14.329,True,True
NICARAGUA,JINOTEGA,2012-04-22,no_effect,poisson,loglinear,7,1.0,seir,-16.516,True,True
NICARAGUA,JINOTEGA,2012-04-22,no_effect,poisson,loglinear,7,0.75,hostvector,-24.864,True,True
NICARAGUA,JINOTEGA,2012-04-22,no_effect,poisson,loglinear,7,0.75,seir,-27.908,True,True
NICARAGUA,JINOTEGA,2012-04-22,climate,nb,briere,3,1.0,hostvector,-32.744,True,True
NICARAGUA,JINOTEGA,2012-04-22,climate,nb,briere,3,1.0,seir,-29.861,True,True
NICARAGUA,JINOTEGA,2012-04-22,climate,nb,briere,3,0.75,hostvector,-19.588,True,True
NICARAGUA,JINOTEGA,2012-04-22,climate,nb,briere,3,0.75,seir,-17.985,True,True
NICARAGUA,JINOTEGA,2012-04-22,climate,nb,briere,5,1.0,hostvector,-3.069,True,False
NICARAGUA,JINOTEGA,2012-04-22,climate,nb,briere,5,1.0,seir,0.605,False,False
NICARAGUA,JINOTEGA,2012-04-22,climate,nb,briere,5,0.75,hostvector,-1.271,True,False
NICARAGUA,JINOTEGA,2012-04-22,climate,nb,briere,5,0.75,seir,1.183,False,False
NICARAGUA,JINOTEGA,2012-04-22,climate,nb,briere,7,1.0,hostvector,-2.707,True,False
NICARAGUA,JINOTEGA,2012-04-22,climate,nb,briere,7,1.0,seir,-6.372,True,True
NICARAGUA,JINOTEGA,2012-04-22,climate,nb,briere,7,0.75,hostvector,-1.837,True,False
NICARAGUA,JINOTEGA,2012-04-22,climate,nb,briere,7,0.75,seir,-4.929,True,True
NICARAGUA,JINOTEGA,2012-04-22,climate,nb,loglinear,3,1.0,seir,-29.611,True,True
NICARAGUA,JINOTEGA,2012-04-22,climate,nb,loglinear,3,0.75,seir,-18.032,True,True
NICARAGUA,JINOTEGA,2012-04-22,climate,nb,loglinear,5,1.0,hostvector,50035.354,False,False
NICARAGUA,JINOTEGA,2012-04-22,climate,nb,loglinear,5,1.0,seir,1.205,False,False
NICARAGUA,JINOTEGA,2012-04-22,climate,nb,loglinear,5,0.75,seir,-4.629,True,True
NICARAGUA,JINOTEGA,2012-04-22,climate,nb,loglinear,7,1.0,hostvector,17.242,False,False
NICARAGUA,JINOTEGA,2012-04-22,climate,nb,loglinear,7,1.0,seir,-6.912,True,True
NICARAGUA,JINOTEGA,2012-04-22,climate,nb,loglinear,7,0.75,seir,-6.704,True,True
NICARAGUA,JINOTEGA,2012-04-22,climate,poisson,briere,3,1.0,hostvector,-229.497,True,True
NICARAGUA,JINOTEGA,2012-04-22,climate,poisson,briere,3,1.0,seir,-208.561,True,True
NICARAGUA,JINOTEGA,2012-04-22,climate,poisson,briere,3,0.75,hostvector,-159.143,True,True
NICARAGUA,JINOTEGA,2012-04-22,climate,poisson,briere,3,0.75,seir,-151.507,True,True
NICARAGUA,JINOTEGA,2012-04-22,climate,poisson,briere,5,1.0,hostvector,-38.962,True,True
NICARAGUA,JINOTEGA,2012-04-22,climate,poisson,briere,5,1.0,seir,-16.695,True,True
NICARAGUA,JINOTEGA,2012-04-22,climate,poisson,briere,5,0.75,hostvector,-36.772,True,True
NICARAGUA,JINOTEGA,2012-04-22,climate,poisson,briere,5,0.75,seir,-23.132,True,True
NICARAGUA,JINOTEGA,2012-04-22,climate,poisson,briere,7,1.0,hostvector,-41.808,True,True
NICARAGUA,JINOTEGA,2012-04-22,climate,poisson,briere,7,1.0,seir,-61.212,True,True
NICARAGUA,JINOTEGA,2012-04-22,climate,poisson,briere,7,0.75,hostvector,-25.318,True,True
NICARAGUA,JINOTEGA,2012-04-22,climate,poisson,briere,7,0.75,seir,-42.67,True,True
NICARAGUA,JINOTEGA,2012-04-22,climate,poisson,loglinear,3,1.0,seir,-207.853,True,True
NICARAGUA,JINOTEGA,2012-04-22,climate,poisson,loglinear,3,0.75,seir,-169.654,True,True
NICARAGUA,JINOTEGA,2012-04-22,climate,poisson,loglinear,5,1.0,hostvector,58729.505,False,False
NICARAGUA,JINOTEGA,2012-04-22,climate,poisson,loglinear,5,1.0,seir,-154.347,True,True
NICARAGUA,JINOTEGA,2012-04-22,climate,poisson,loglinear,5,0.75,seir,-124.015,True,True
NICARAGUA,JINOTEGA,2012-04-22,climate,poisson,loglinear,7,1.0,hostvector,57146.422,False,False
NICARAGUA,JINOTEGA,2012-04-22,climate,poisson,loglinear,7,1.0,seir,-74.085,True,True
NICARAGUA,JINOTEGA,2012-04-22,climate,poisson,loglinear,7,0.75,seir,-80.99,True,True
NICARAGUA,MASAYA,2012-05-06,no_effect,nb,briere,3,1.0,hostvector,1.572,False,False
NICARAGUA,MASAYA,2012-05-06,no_effect,nb,briere,3,1.0,seir,2.516,False,False
NICARAGUA,MASAYA,2012-05-06,no_effect,nb,briere,3,0.75,hostvector,2.881,False,False
NICARAGUA,MASAYA,2012-05-06,no_effect,nb,briere,3,0.75,seir,3.162,False,False
NICARAGUA,MASAYA,2012-05-06,no_effect,nb,briere,5,1.0,hostvector,3.182,False,False
NICARAGUA,MASAYA,2012-05-06,no_effect,nb,briere,5,1.0,seir,3.89,False,False
NICARAGUA,MASAYA,2012-05-06,no_effect,nb,briere,5,0.75,hostvector,3.911,False,False
NICARAGUA,MASAYA,2012-05-06,no_effect,nb,briere,5,0.75,seir,3.997,False,False
NICARAGUA,MASAYA,2012-05-06,no_effect,nb,briere,7,1.0,hostvector,3.939,False,False
NICARAGUA,MASAYA,2012-05-06,no_effect,nb,briere,7,1.0,seir,3.858,False,False
NICARAGUA,MASAYA,2012-05-06,no_effect,nb,briere,7,0.75,hostvector,3.338,False,False
NICARAGUA,MASAYA,2012-05-06,no_effect,nb,briere,7,0.75,seir,2.614,False,False
NICARAGUA,MASAYA,2012-05-06,no_effect,nb,loglinear,3,1.0,hostvector,1.392,False,False
NICARAGUA,MASAYA,2012-05-06,no_effect,nb,loglinear,3,1.0,seir,2.256,False,False
NICARAGUA,MASAYA,2012-05-06,no_effect,nb,loglinear,3,0.75,hostvector,1.444,False,False
NICARAGUA,MASAYA,2012-05-06,no_effect,nb,loglinear,3,0.75,seir,1.352,False,False
NICARAGUA,MASAYA,2012-05-06,no_effect,nb,loglinear,5,1.0,hostvector,2.882,False,False
NICARAGUA,MASAYA,2012-05-06,no_effect,nb,loglinear,5,1.0,seir,3.615,False,False
NICARAGUA,MASAYA,2012-05-06,no_effect,nb,loglinear,5,0.75,hostvector,1.413,False,False
NICARAGUA,MASAYA,2012-05-06,no_effect,nb,loglinear,5,0.75,seir,1.302,False,False
NICARAGUA,MASAYA,2012-05-06,no_effect,nb,loglinear,7,1.0,hostvector,1.816,False,False
NICARAGUA,MASAYA,2012-05-06,no_effect,nb,loglinear,7,1.0,seir,1.687,False,False
NICARAGUA,MASAYA,2012-05-06,no_effect,nb,loglinear,7,0.75,hostvector,1.32,False,False
NICARAGUA,MASAYA,2012-05-06,no_effect,nb,loglinear,7,0.75,seir,0.949,False,False
NICARAGUA,MASAYA,2012-05-06,no_effect,poisson,briere,3,1.0,hostvector,-5.793,True,True
NICARAGUA,MASAYA,2012-05-06,no_effect,poisson,briere,3,1.0,seir,-2.572,True,False
NICARAGUA,MASAYA,2012-05-06,no_effect,poisson,briere,3,0.75,hostvector,0.966,False,False
NICARAGUA,MASAYA,2012-05-06,no_effect,poisson,briere,3,0.75,seir,1.58,False,False
NICARAGUA,MASAYA,2012-05-06,no_effect,poisson,briere,5,1.0,hostvector,-1.271,True,False
NICARAGUA,MASAYA,2012-05-06,no_effect,poisson,briere,5,1.0,seir,1.124,False,False
NICARAGUA,MASAYA,2012-05-06,no_effect,poisson,briere,5,0.75,hostvector,3.816,False,False
NICARAGUA,MASAYA,2012-05-06,no_effect,poisson,briere,5,0.75,seir,3.957,False,False
NICARAGUA,MASAYA,2012-05-06,no_effect,poisson,briere,7,1.0,hostvector,2.645,False,False
NICARAGUA,MASAYA,2012-05-06,no_effect,poisson,briere,7,1.0,seir,3.742,False,False
NICARAGUA,MASAYA,2012-05-06,no_effect,poisson,briere,7,0.75,hostvector,2.417,False,False
NICARAGUA,MASAYA,2012-05-06,no_effect,poisson,briere,7,0.75,seir,1.687,False,False
NICARAGUA,MASAYA,2012-05-06,no_effect,poisson,loglinear,3,1.0,hostvector,-6.376,True,True
NICARAGUA,MASAYA,2012-05-06,no_effect,poisson,loglinear,3,1.0,seir,-2.72,True,False
NICARAGUA,MASAYA,2012-05-06,no_effect,poisson,loglinear,3,0.75,hostvector,-6.071,True,True
NICARAGUA,MASAYA,2012-05-06,no_effect,poisson,loglinear,3,0.75,seir,-6.328,True,True
NICARAGUA,MASAYA,2012-05-06,no_effect,poisson,loglinear,5,1.0,hostvector,-6.915,True,True
NICARAGUA,MASAYA,2012-05-06,no_effect,poisson,loglinear,5,1.0,seir,-3.606,True,False
NICARAGUA,MASAYA,2012-05-06,no_effect,poisson,loglinear,5,0.75,hostvector,-5.444,True,True
NICARAGUA,MASAYA,2012-05-06,no_effect,poisson,loglinear,5,0.75,seir,-5.319,True,True
NICARAGUA,MASAYA,2012-05-06,no_effect,poisson,loglinear,7,1.0,hostvector,-8.635,True,True
NICARAGUA,MASAYA,2012-05-06,no_effect,poisson,loglinear,7,1.0,seir,-6.372,True,True
NICARAGUA,MASAYA,2012-05-06,no_effect,poisson,loglinear,7,0.75,hostvector,-5.083,True,True
NICARAGUA,MASAYA,2012-05-06,no_effect,poisson,loglinear,7,0.75,seir,-5.021,True,True
NICARAGUA,MASAYA,2012-05-06,climate,nb,briere,3,1.0,hostvector,-147.503,True,True
NICARAGUA,MASAYA,2012-05-06,climate,nb,briere,3,1.0,seir,-134.255,True,True
NICARAGUA,MASAYA,2012-05-06,climate,nb,briere,3,0.75,hostvector,-96.096,True,True
NICARAGUA,MASAYA,2012-05-06,climate,nb,briere,3,0.75,seir,-91.891,True,True
NICARAGUA,MASAYA,2012-05-06,climate,nb,briere,5,1.0,hostvector,-92.431,True,True
NICARAGUA,MASAYA,2012-05-06,climate,nb,briere,5,1.0,seir,-59.525,True,True
NICARAGUA,MASAYA,2012-05-06,climate,nb,briere,5,0.75,hostvector,-42.732,True,True
NICARAGUA,MASAYA,2012-05-06,climate,nb,briere,5,0.75,seir,-22.038,True,True
NICARAGUA,MASAYA,2012-05-06,climate,nb,briere,7,1.0,hostvector,-0.651,True,False
NICARAGUA,MASAYA,2012-05-06,climate,nb,briere,7,1.0,seir,3.835,False,False
NICARAGUA,MASAYA,2012-05-06,climate,nb,briere,7,0.75,hostvector,-0.486,True,False
NICARAGUA,MASAYA,2012-05-06,climate,nb,briere,7,0.75,seir,-6.61,True,True
NICARAGUA,MASAYA,2012-05-06,climate,nb,loglinear,3,1.0,hostvector,-147.495,True,True
NICARAGUA,MASAYA,2012-05-06,climate,nb,loglinear,3,1.0,seir,-134.048,True,True
NICARAGUA,MASAYA,2012-05-06,climate,nb,loglinear,3,0.75,hostvector,-96.075,True,True
NICARAGUA,MASAYA,2012-05-06,climate,nb,loglinear,3,0.75,seir,-91.841,True,True
NICARAGUA,MASAYA,2012-05-06,climate,nb,loglinear,5,1.0,hostvector,-129.415,True,True
NICARAGUA,MASAYA,2012-05-06,climate,nb,loglinear,5,1.0,seir,-107.613,True,True
NICARAGUA,MASAYA,2012-05-06,climate,nb,loglinear,5,0.75,hostvector,-82.615,True,True
NICARAGUA,MASAYA,2012-05-06,climate,nb,loglinear,5,0.75,seir,-75.804,True,True
NICARAGUA,MASAYA,2012-05-06,climate,nb,loglinear,7,1.0,hostvector,-98.358,True,True
NICARAGUA,MASAYA,2012-05-06,climate,nb,loglinear,7,1.0,seir,-89.939,True,True
NICARAGUA,MASAYA,2012-05-06,climate,nb,loglinear,7,0.75,hostvector,-48.994,True,True
NICARAGUA,MASAYA,2012-05-06,climate,nb,loglinear,7,0.75,seir,-51.76,True,True
NICARAGUA,MASAYA,2012-05-06,climate,poisson,briere,3,1.0,hostvector,-689.361,True,True
NICARAGUA,MASAYA,2012-05-06,climate,poisson,briere,3,1.0,seir,-660.536,True,True
NICARAGUA,MASAYA,2012-05-06,climate,poisson,briere,3,0.75,hostvector,-547.568,True,True
NICARAGUA,MASAYA,2012-05-06,climate,poisson,briere,3,0.75,seir,-536.534,True,True
NICARAGUA,MASAYA,2012-05-06,climate,poisson,briere,5,1.0,hostvector,-368.647,True,True
NICARAGUA,MASAYA,2012-05-06,climate,poisson,briere,5,1.0,seir,-247.663,True,True
NICARAGUA,MASAYA,2012-05-06,climate,poisson,briere,5,0.75,hostvector,-234.335,True,True
NICARAGUA,MASAYA,2012-05-06,climate,poisson,briere,5,0.75,seir,-140.253,True,True
NICARAGUA,MASAYA,2012-05-06,climate,poisson,briere,7,1.0,hostvector,2.5,False,False
NICARAGUA,MASAYA,2012-05-06,climate,poisson,briere,7,1.0,seir,-13.697,True,True
NICARAGUA,MASAYA,2012-05-06,climate,poisson,briere,7,0.75,hostvector,-40.177,True,True
NICARAGUA,MASAYA,2012-05-06,climate,poisson,briere,7,0.75,seir,-73.555,True,True
NICARAGUA,MASAYA,2012-05-06,climate,poisson,loglinear,3,1.0,hostvector,-689.066,True,True
NICARAGUA,MASAYA,2012-05-06,climate,poisson,loglinear,3,1.0,seir,-660.028,True,True
NICARAGUA,MASAYA,2012-05-06,climate,poisson,loglinear,3,0.75,hostvector,-547.248,True,True
NICARAGUA,MASAYA,2012-05-06,climate,poisson,loglinear,3,0.75,seir,-536.517,True,True
NICARAGUA,MASAYA,2012-05-06,climate,poisson,loglinear,5,1.0,hostvector,-595.353,True,True
NICARAGUA,MASAYA,2012-05-06,climate,poisson,loglinear,5,1.0,seir,-546.018,True,True
NICARAGUA,MASAYA,2012-05-06,climate,poisson,loglinear,5,0.75,hostvector,-463.817,True,True
NICARAGUA,MASAYA,2012-05-06,climate,poisson,loglinear,5,0.75,seir,-447.37,True,True
NICARAGUA,MASAYA,2012-05-06,climate,poisson,loglinear,7,1.0,hostvector,-382.832,True,True
NICARAGUA,MASAYA,2012-05-06,climate,poisson,loglinear,7,1.0,seir,-380.78,True,True
NICARAGUA,MASAYA,2012-05-06,climate,poisson,loglinear,7,0.75,hostvector,-246.45,True,True
NICARAGUA,MASAYA,2012-05-06,climate,poisson,loglinear,7,0.75,seir,-268.767,True,True
NICARAGUA,CHINANDEGA,2012-06-24,no_effect,nb,briere,3,1.0,hostvector,3.878,False,False
NICARAGUA,CHINANDEGA,2012-06-24,no_effect,nb,briere,3,1.0,seir,3.284,False,False
NICARAGUA,CHINANDEGA,2012-06-24,no_effect,nb,briere,3,0.75,hostvector,2.792,False,False
NICARAGUA,CHINANDEGA,2012-06-24,no_effect,nb,briere,3,0.75,seir,1.951,False,False
NICARAGUA,CHINANDEGA,2012-06-24,no_effect,nb,briere,5,1.0,hostvector,2.548,False,False
NICARAGUA,CHINANDEGA,2012-06-24,no_effect,nb,briere,5,1.0,seir,1.836,False,False
NICARAGUA,CHINANDEGA,2012-06-24,no_effect,nb,briere,5,0.75,hostvector,-3.629,True,False
NICARAGUA,CHINANDEGA,2012-06-24,no_effect,nb,briere,5,0.75,seir,-2.51,True,False
NICARAGUA,CHINANDEGA,2012-06-24,no_effect,nb,briere,7,1.0,hostvector,2.674,False,False
NICARAGUA,CHINANDEGA,2012-06-24,no_effect,nb,briere,7,1.0,seir,2.382,False,False
NICARAGUA,CHINANDEGA,2012-06-24,no_effect,nb,briere,7,0.75,hostvector,1.953,False,False
NICARAGUA,CHINANDEGA,2012-06-24,no_effect,nb,briere,7,0.75,seir,2.722,False,False
NICARAGUA,CHINANDEGA,2012-06-24,no_effect,nb,loglinear,3,1.0,hostvector,3.725,False,False
NICARAGUA,CHINANDEGA,2012-06-24,no_effect,nb,loglinear,3,1.0,seir,3.228,False,False
NICARAGUA,CHINANDEGA,2012-06-24,no_effect,nb,loglinear,3,0.75,hostvector,1.598,False,False
NICARAGUA,CHINANDEGA,2012-06-24,no_effect,nb,loglinear,3,0.75,seir,1.167,False,False
NICARAGUA,CHINANDEGA,2012-06-24,no_effect,nb,loglinear,5,1.0,hostvector,2.551,False,False
NICARAGUA,CHINANDEGA,2012-06-24,no_effect,nb,loglinear,5,1.0,seir,-0.769,True,False
NICARAGUA,CHINANDEGA,2012-06-24,no_effect,nb,loglinear,5,0.75,hostvector,-4.798,True,True
NICARAGUA,CHINANDEGA,2012-06-24,no_effect,nb,loglinear,5,0.75,seir,-2.762,True,False
NICARAGUA,CHINANDEGA,2012-06-24,no_effect,nb,loglinear,7,1.0,hostvector,1.252,False,False
NICARAGUA,CHINANDEGA,2012-06-24,no_effect,nb,loglinear,7,1.0,seir,2.106,False,False
NICARAGUA,CHINANDEGA,2012-06-24,no_effect,nb,loglinear,7,0.75,hostvector,1.948,False,False
NICARAGUA,CHINANDEGA,2012-06-24,no_effect,nb,loglinear,7,0.75,seir,2.707,False,False
NICARAGUA,CHINANDEGA,2012-06-24,no_effect,poisson,briere,3,1.0,hostvector,2.702,False,False
NICARAGUA,CHINANDEGA,2012-06-24,no_effect,poisson,briere,3,1.0,seir,1.181,False,False
NICARAGUA,CHINANDEGA,2012-06-24,no_effect,poisson,briere,3,0.75,hostvector,-2.994,True,False
NICARAGUA,CHINANDEGA,2012-06-24,no_effect,poisson,briere,3,0.75,seir,-5.85,True,True
NICARAGUA,CHINANDEGA,2012-06-24,no_effect,poisson,briere,5,1.0,hostvector,-2.416,True,False
NICARAGUA,CHINANDEGA,2012-06-24,no_effect,poisson,briere,5,1.0,seir,-3.397,True,False
NICARAGUA,CHINANDEGA,2012-06-24,no_effect,poisson,briere,5,0.75,hostvector,-25.489,True,True
NICARAGUA,CHINANDEGA,2012-06-24,no_effect,poisson,briere,5,0.75,seir,-23.718,True,True
NICARAGUA,CHINANDEGA,2012-06-24,no_effect,poisson,briere,7,1.0,hostvector,1.422,False,False
NICARAGUA,CHINANDEGA,2012-06-24,no_effect,poisson,briere,7,1.0,seir,1.583,False,False
NICARAGUA,CHINANDEGA,2012-06-24,no_effect,poisson,briere,7,0.75,hostvector,-1.925,True,False
NICARAGUA,CHINANDEGA,2012-06-24,no_effect,poisson,briere,7,0.75,seir,-0.507,True,False
NICARAGUA,CHINANDEGA,2012-06-24,no_effect,poisson,loglinear,3,1.0,hostvector,0.647,False,False
NICARAGUA,CHINANDEGA,2012-06-24,no_effect,poisson,loglinear,3,1.0,seir,-0.932,True,False
NICARAGUA,CHINANDEGA,2012-06-24,no_effect,poisson,loglinear,3,0.75,hostvector,-5.25,True,True
NICARAGUA,CHINANDEGA,2012-06-24,no_effect,poisson,loglinear,3,0.75,seir,-8.178,True,True
NICARAGUA,CHINANDEGA,2012-06-24,no_effect,poisson,loglinear,5,1.0,hostvector,-21.371,True,True
NICARAGUA,CHINANDEGA,2012-06-24,no_effect,poisson,loglinear,5,1.0,seir,-17.187,True,True
NICARAGUA,CHINANDEGA,2012-06-24,no_effect,poisson,loglinear,5,0.75,hostvector,-29.867,True,True
NICARAGUA,CHINANDEGA,2012-06-24,no_effect,poisson,loglinear,5,0.75,seir,-25.541,True,True
NICARAGUA,CHINANDEGA,2012-06-24,no_effect,poisson,loglinear,7,1.0,hostvector,-0.55,True,False
NICARAGUA,CHINANDEGA,2012-06-24,no_effect,poisson,loglinear,7,1.0,seir,1.307,False,False
NICARAGUA,CHINANDEGA,2012-06-24,no_effect,poisson,loglinear,7,0.75,hostvector,-1.98,True,False
NICARAGUA,CHINANDEGA,2012-06-24,no_effect,poisson,loglinear,7,0.75,seir,-0.595,True,False
NICARAGUA,CHINANDEGA,2012-06-24,climate,nb,briere,3,1.0,hostvector,-51.443,True,True
NICARAGUA,CHINANDEGA,2012-06-24,climate,nb,briere,3,1.0,seir,-46.022,True,True
NICARAGUA,CHINANDEGA,2012-06-24,climate,nb,briere,3,0.75,hostvector,-31.821,True,True
NICARAGUA,CHINANDEGA,2012-06-24,climate,nb,briere,3,0.75,seir,-30.199,True,True
NICARAGUA,CHINANDEGA,2012-06-24,climate,nb,briere,5,1.0,hostvector,-32.417,True,True
NICARAGUA,CHINANDEGA,2012-06-24,climate,nb,briere,5,1.0,seir,-23.171,True,True
NICARAGUA,CHINANDEGA,2012-06-24,climate,nb,briere,5,0.75,hostvector,-13.71,True,True
NICARAGUA,CHINANDEGA,2012-06-24,climate,nb,briere,5,0.75,seir,-8.468,True,True
NICARAGUA,CHINANDEGA,2012-06-24,climate,nb,briere,7,1.0,hostvector,2.535,False,False
NICARAGUA,CHINANDEGA,2012-06-24,climate,nb,briere,7,1.0,seir,3.992,False,False
NICARAGUA,CHINANDEGA,2012-06-24,climate,nb,briere,7,0.75,hostvector,-3.119,True,False
NICARAGUA,CHINANDEGA,2012-06-24,climate,nb,briere,7,0.75,seir,-3.287,True,False
NICARAGUA,CHINANDEGA,2012-06-24,climate,nb,loglinear,3,1.0,hostvector,-51.417,True,True
NICARAGUA,CHINANDEGA,2012-06-24,climate,nb,loglinear,3,1.0,seir,-45.896,True,True
NICARAGUA,CHINANDEGA,2012-06-24,climate,nb,loglinear,3,0.75,hostvector,-31.811,True,True
NICARAGUA,CHINANDEGA,2012-06-24,climate,nb,loglinear,3,0.75,seir,-30.165,True,True
NICARAGUA,CHINANDEGA,2012-06-24,climate,nb,loglinear,5,1.0,hostvector,-39.332,True,True
NICARAGUA,CHINANDEGA,2012-06-24,climate,nb,loglinear,5,1.0,seir,-29.789,True,True
NICARAGUA,CHINANDEGA,2012-06-24,climate,nb,loglinear,5,0.75,hostvector,-24.032,True,True
NICARAGUA,CHINANDEGA,2012-06-24,climate,nb,loglinear,5,0.75,seir,-21.527,True,True
NICARAGUA,CHINANDEGA,2012-06-24,climate,nb,loglinear,7,1.0,hostvector,-37.06,True,True
NICARAGUA,CHINANDEGA,2012-06-24,climate,nb,loglinear,7,1.0,seir,-30.359,True,True
NICARAGUA,CHINANDEGA,2012-06-24,climate,nb,loglinear,7,0.75,hostvector,-19.384,True,True
NICARAGUA,CHINANDEGA,2012-06-24,climate,nb,loglinear,7,0.75,seir,-16.691,True,True
NICARAGUA,CHINANDEGA,2012-06-24,climate,poisson,briere,3,1.0,hostvector,-185.299,True,True
NICARAGUA,CHINANDEGA,2012-06-24,climate,poisson,briere,3,1.0,seir,-171.821,True,True
NICARAGUA,CHINANDEGA,2012-06-24,climate,poisson,briere,3,0.75,hostvector,-141.207,True,True
NICARAGUA,CHINANDEGA,2012-06-24,climate,poisson,briere,3,0.75,seir,-134.732,True,True
NICARAGUA,CHINANDEGA,2012-06-24,climate,poisson,briere,5,1.0,hostvector,-110.939,True,True
NICARAGUA,CHINANDEGA,2012-06-24,climate,poisson,briere,5,1.0,seir,-83.559,True,True
NICARAGUA,CHINANDEGA,2012-06-24,climate,poisson,briere,5,0.75,hostvector,-67.243,True,True
NICARAGUA,CHINANDEGA,2012-06-24,climate,poisson,briere,5,0.75,seir,-46.075,True,True
NICARAGUA,CHINANDEGA,2012-06-24,climate,poisson,briere,7,1.0,hostvector,3.721,False,False
NICARAGUA,CHINANDEGA,2012-06-24,climate,poisson,briere,7,1.0,seir,1.714,False,False
NICARAGUA,CHINANDEGA,2012-06-24,climate,poisson,briere,7,0.75,hostvector,-29.743,True,True
NICARAGUA,CHINANDEGA,2012-06-24,climate,poisson,briere,7,0.75,seir,-33.87,True,True
NICARAGUA,CHINANDEGA,2012-06-24,climate,poisson,loglinear,3,1.0,hostvector,-185.169,True,True
NICARAGUA,CHINANDEGA,2012-06-24,climate,poisson,loglinear,3,1.0,seir,-171.328,True,True
NICARAGUA,CHINANDEGA,2012-06-24,climate,poisson,loglinear,3,0.75,hostvector,-141.169,True,True
NICARAGUA,CHINANDEGA,2012-06-24,climate,poisson,loglinear,3,0.75,seir,-134.655,True,True
NICARAGUA,CHINANDEGA,2012-06-24,climate,poisson,loglinear,5,1.0,hostvector,-139.671,True,True
NICARAGUA,CHINANDEGA,2012-06-24,climate,poisson,loglinear,5,1.0,seir,-116.437,True,True
NICARAGUA,CHINANDEGA,2012-06-24,climate,poisson,loglinear,5,0.75,hostvector,-103.0,True,True
NICARAGUA,CHINANDEGA,2012-06-24,climate,poisson,loglinear,5,0.75,seir,-93.681,True,True
NICARAGUA,CHINANDEGA,2012-06-24,climate,poisson,loglinear,7,1.0,hostvector,-128.276,True,True
NICARAGUA,CHINANDEGA,2012-06-24,climate,poisson,loglinear,7,1.0,seir,-113.628,True,True
NICARAGUA,CHINANDEGA,2012-06-24,climate,poisson,loglinear,7,0.75,hostvector,-87.833,True,True
NICARAGUA,CHINANDEGA,2012-06-24,climate,poisson,loglinear,7,0.75,seir,-79.967,True,True
NICARAGUA,GRANADA,2012-07-01,no_effect,nb,briere,3,1.0,hostvector,3.189,False,False
NICARAGUA,GRANADA,2012-07-01,no_effect,nb,briere,3,1.0,seir,3.617,False,False
NICARAGUA,GRANADA,2012-07-01,no_effect,nb,briere,3,0.75,hostvector,3.936,False,False
NICARAGUA,GRANADA,2012-07-01,no_effect,nb,briere,3,0.75,seir,3.969,False,False
NICARAGUA,GRANADA,2012-07-01,no_effect,nb,briere,5,1.0,hostvector,2.895,False,False
NICARAGUA,GRANADA,2012-07-01,no_effect,nb,briere,5,1.0,seir,3.064,False,False
NICARAGUA,GRANADA,2012-07-01,no_effect,nb,briere,5,0.75,hostvector,3.896,False,False
NICARAGUA,GRANADA,2012-07-01,no_effect,nb,briere,5,0.75,seir,3.767,False,False
NICARAGUA,GRANADA,2012-07-01,no_effect,nb,briere,7,1.0,hostvector,2.943,False,False
NICARAGUA,GRANADA,2012-07-01,no_effect,nb,briere,7,1.0,seir,3.293,False,False
NICARAGUA,GRANADA,2012-07-01,no_effect,nb,briere,7,0.75,hostvector,3.885,False,False
NICARAGUA,GRANADA,2012-07-01,no_effect,nb,briere,7,0.75,seir,3.678,False,False
NICARAGUA,GRANADA,2012-07-01,no_effect,nb,loglinear,3,1.0,hostvector,3.142,False,False
NICARAGUA,GRANADA,2012-07-01,no_effect,nb,loglinear,3,1.0,seir,3.576,False,False
NICARAGUA,GRANADA,2012-07-01,no_effect,nb,loglinear,3,0.75,hostvector,3.893,False,False
NICARAGUA,GRANADA,2012-07-01,no_effect,nb,loglinear,3,0.75,seir,3.938,False,False
NICARAGUA,GRANADA,2012-07-01,no_effect,nb,loglinear,5,1.0,hostvector,2.891,False,False
NICARAGUA,GRANADA,2012-07-01,no_effect,nb,loglinear,5,1.0,seir,2.973,False,False
NICARAGUA,GRANADA,2012-07-01,no_effect,nb,loglinear,5,0.75,hostvector,3.882,False,False
NICARAGUA,GRANADA,2012-07-01,no_effect,nb,loglinear,5,0.75,seir,3.743,False,False
NICARAGUA,GRANADA,2012-07-01,no_effect,nb,loglinear,7,1.0,hostvector,2.909,False,False
NICARAGUA,GRANADA,2012-07-01,no_effect,nb,loglinear,7,1.0,seir,3.252,False,False
NICARAGUA,GRANADA,2012-07-01,no_effect,nb,loglinear,7,0.75,hostvector,3.83,False,False
NICARAGUA,GRANADA,2012-07-01,no_effect,nb,loglinear,7,0.75,seir,3.671,False,False
NICARAGUA,GRANADA,2012-07-01,no_effect,poisson,briere,3,1.0,hostvector,-12.087,True,True
NICARAGUA,GRANADA,2012-07-01,no_effect,poisson,briere,3,1.0,seir,-11.407,True,True
NICARAGUA,GRANADA,2012-07-01,no_effect,poisson,briere,3,0.75,hostvector,-0.109,True,False
NICARAGUA,GRANADA,2012-07-01,no_effect,poisson,briere,3,0.75,seir,0.981,False,False
NICARAGUA,GRANADA,2012-07-01,no_effect,poisson,briere,5,1.0,hostvector,-19.645,True,True
NICARAGUA,GRANADA,2012-07-01,no_effect,poisson,briere,5,1.0,seir,-17.352,True,True
NICARAGUA,GRANADA,2012-07-01,no_effect,poisson,briere,5,0.75,hostvector,0.558,False,False
NICARAGUA,GRANADA,2012-07-01,no_effect,poisson,briere,5,0.75,seir,0.901,False,False
NICARAGUA,GRANADA,2012-07-01,no_effect,poisson,briere,7,1.0,hostvector,-25.123,True,True
NICARAGUA,GRANADA,2012-07-01,no_effect,poisson,briere,7,1.0,seir,-21.734,True,True
NICARAGUA,GRANADA,2012-07-01,no_effect,poisson,briere,7,0.75,hostvector,-0.238,True,False
NICARAGUA,GRANADA,2012-07-01,no_effect,poisson,briere,7,0.75,seir,-0.995,True,False
NICARAGUA,GRANADA,2012-07-01,no_effect,poisson,loglinear,3,1.0,hostvector,-22.931,True,True
NICARAGUA,GRANADA,2012-07-01,no_effect,poisson,loglinear,3,1.0,seir,-16.307,True,True
NICARAGUA,GRANADA,2012-07-01,no_effect,poisson,loglinear,3,0.75,hostvector,-2.178,True,False
NICARAGUA,GRANADA,2012-07-01,no_effect,poisson,loglinear,3,0.75,seir,0.155,False,False
NICARAGUA,GRANADA,2012-07-01,no_effect,poisson,loglinear,5,1.0,hostvector,-22.288,True,True
NICARAGUA,GRANADA,2012-07-01,no_effect,poisson,loglinear,5,1.0,seir,-17.686,True,True
NICARAGUA,GRANADA,2012-07-01,no_effect,poisson,loglinear,5,0.75,hostvector,-2.21,True,False
NICARAGUA,GRANADA,2012-07-01,no_effect,poisson,loglinear,5,0.75,seir,0.145,False,False
NICARAGUA,GRANADA,2012-07-01,no_effect,poisson,loglinear,7,1.0,hostvector,-26.464,True,True
NICARAGUA,GRANADA,2012-07-01,no_effect,poisson,loglinear,7,1.0,seir,-21.964,True,True
NICARAGUA,GRANADA,2012-07-01,no_effect,poisson,loglinear,7,0.75,hostvector,-2.389,True,False
NICARAGUA,GRANADA,2012-07-01,no_effect,poisson,loglinear,7,0.75,seir,-1.568,True,False
NICARAGUA,GRANADA,2012-07-01,climate,nb,briere,3,1.0,hostvector,-12.259,True,True
NICARAGUA,GRANADA,2012-07-01,climate,nb,briere,3,1.0,seir,-9.166,True,True
NICARAGUA,GRANADA,2012-07-01,climate,nb,briere,3,0.75,hostvector,-5.468,True,True
NICARAGUA,GRANADA,2012-07-01,climate,nb,briere,3,0.75,seir,-4.103,True,True
NICARAGUA,GRANADA,2012-07-01,climate,nb,briere,5,1.0,hostvector,-7.345,True,True
NICARAGUA,GRANADA,2012-07-01,climate,nb,briere,5,1.0,seir,-4.355,True,True
NICARAGUA,GRANADA,2012-07-01,climate,nb,briere,5,0.75,hostvector,-0.748,True,False
NICARAGUA,GRANADA,2012-07-01,climate,nb,briere,5,0.75,seir,0.476,False,False
NICARAGUA,GRANADA,2012-07-01,climate,nb,briere,7,1.0,hostvector,1.927,False,False
NICARAGUA,GRANADA,2012-07-01,climate,nb,briere,7,1.0,seir,3.705,False,False
NICARAGUA,GRANADA,2012-07-01,climate,nb,briere,7,0.75,hostvector,3.91,False,False
NICARAGUA,GRANADA,2012-07-01,climate,nb,briere,7,0.75,seir,3.57,False,False
NICARAGUA,GRANADA,2012-07-01,climate,nb,loglinear,3,1.0,hostvector,-12.259,True,True
NICARAGUA,GRANADA,2012-07-01,climate,nb,loglinear,3,1.0,seir,-9.172,True,True
NICARAGUA,GRANADA,2012-07-01,climate,nb,loglinear,3,0.75,hostvector,-5.47,True,True
NICARAGUA,GRANADA,2012-07-01,climate,nb,loglinear,3,0.75,seir,-4.101,True,True
NICARAGUA,GRANADA,2012-07-01,climate,nb,loglinear,5,1.0,hostvector,-10.509,True,True
NICARAGUA,GRANADA,2012-07-01,climate,nb,loglinear,5,1.0,seir,-6.773,True,True
NICARAGUA,GRANADA,2012-07-01,climate,nb,loglinear,5,0.75,hostvector,-3.474,True,False
NICARAGUA,GRANADA,2012-07-01,climate,nb,loglinear,5,0.75,seir,-1.655,True,False
NICARAGUA,GRANADA,2012-07-01,climate,nb,loglinear,7,1.0,hostvector,-9.994,True,True
NICARAGUA,GRANADA,2012-07-01,climate,nb,loglinear,7,1.0,seir,-5.922,True,True
NICARAGUA,GRANADA,2012-07-01,climate,nb,loglinear,7,0.75,hostvector,-3.013,True,False
NICARAGUA,GRANADA,2012-07-01,climate,nb,loglinear,7,0.75,seir,-0.886,True,False
NICARAGUA,GRANADA,2012-07-01,climate,poisson,briere,3,1.0,hostvector,-128.332,True,True
NICARAGUA,GRANADA,2012-07-01,climate,poisson,briere,3,1.0,seir,-111.853,True,True
NICARAGUA,GRANADA,2012-07-01,climate,poisson,briere,3,0.75,hostvector,-109.974,True,True
NICARAGUA,GRANADA,2012-07-01,climate,poisson,briere,3,0.75,seir,-95.403,True,True
NICARAGUA,GRANADA,2012-07-01,climate,poisson,briere,5,1.0,hostvector,-6.649,True,True
NICARAGUA,GRANADA,2012-07-01,climate,poisson,briere,5,1.0,seir,-0.145,True,False
NICARAGUA,GRANADA,2012-07-01,climate,poisson,briere,5,0.75,hostvector,1.615,False,False
NICARAGUA,GRANADA,2012-07-01,climate,poisson,briere,5,0.75,seir,3.964,False,False
NICARAGUA,GRANADA,2012-07-01,climate,poisson,briere,7,1.0,hostvector,-26.565,True,True
NICARAGUA,GRANADA,2012-07-01,climate,poisson,briere,7,1.0,seir,-39.302,True,True
NICARAGUA,GRANADA,2012-07-01,climate,poisson,briere,7,0.75,hostvector,-76.873,True,True
NICARAGUA,GRANADA,2012-07-01,climate,poisson,briere,7,0.75,seir,-77.793,True,True
NICARAGUA,GRANADA,2012-07-01,climate,poisson,loglinear,3,1.0,hostvector,-128.205,True,True
NICARAGUA,GRANADA,2012-07-01,climate,poisson,loglinear,3,1.0,seir,-112.19,True,True
NICARAGUA,GRANADA,2012-07-01,climate,poisson,loglinear,3,0.75,hostvector,-109.714,True,True
NICARAGUA,GRANADA,2012-07-01,climate,poisson,loglinear,3,0.75,seir,-95.566,True,True
NICARAGUA,GRANADA,2012-07-01,climate,poisson,loglinear,5,1.0,hostvector,-105.845,True,True
NICARAGUA,GRANADA,2012-07-01,climate,poisson,loglinear,5,1.0,seir,-95.082,True,True
NICARAGUA,GRANADA,2012-07-01,climate,poisson,loglinear,5,0.75,hostvector,-86.179,True,True
NICARAGUA,GRANADA,2012-07-01,climate,poisson,loglinear,5,0.75,seir,-78.719,True,True
NICARAGUA,GRANADA,2012-07-01,climate,poisson,loglinear,7,1.0,hostvector,-128.154,True,True
NICARAGUA,GRANADA,2012-07-01,climate,poisson,loglinear,7,1.0,seir,-112.086,True,True
NICARAGUA,GRANADA,2012-07-01,climate,poisson,loglinear,7,0.75,hostvector,-115.704,True,True
NICARAGUA,GRANADA,2012-07-01,climate,poisson,loglinear,7,0.75,seir,-100.521,True,True
NICARAGUA,RIO SAN JUAN,2013-03-24,no_effect,nb,briere,3,1.0,hostvector,1.067,False,False
NICARAGUA,RIO SAN JUAN,2013-03-24,no_effect,nb,briere,3,1.0,seir,1.56,False,False
NICARAGUA,RIO SAN JUAN,2013-03-24,no_effect,nb,briere,3,0.75,hostvector,2.824,False,False
NICARAGUA,RIO SAN JUAN,2013-03-24,no_effect,nb,briere,3,0.75,seir,3.3,False,False
NICARAGUA,RIO SAN JUAN,2013-03-24,no_effect,nb,briere,5,1.0,hostvector,1.97,False,False
NICARAGUA,RIO SAN JUAN,2013-03-24,no_effect,nb,briere,5,1.0,seir,2.423,False,False
NICARAGUA,RIO SAN JUAN,2013-03-24,no_effect,nb,briere,5,0.75,hostvector,3.954,False,False
NICARAGUA,RIO SAN JUAN,2013-03-24,no_effect,nb,briere,5,0.75,seir,3.79,False,False
NICARAGUA,RIO SAN JUAN,2013-03-24,no_effect,nb,briere,7,1.0,hostvector,2.755,False,False
NICARAGUA,RIO SAN JUAN,2013-03-24,no_effect,nb,briere,7,1.0,seir,3.133,False,False
NICARAGUA,RIO SAN JUAN,2013-03-24,no_effect,nb,briere,7,0.75,hostvector,1.616,False,False
NICARAGUA,RIO SAN JUAN,2013-03-24,no_effect,nb,briere,7,0.75,seir,1.57,False,False
NICARAGUA,RIO SAN JUAN,2013-03-24,no_effect,nb,loglinear,3,1.0,hostvector,-1.783,True,False
NICARAGUA,RIO SAN JUAN,2013-03-24,no_effect,nb,loglinear,3,1.0,seir,-0.686,True,False
NICARAGUA,RIO SAN JUAN,2013-03-24,no_effect,nb,loglinear,3,0.75,hostvector,0.894,False,False
NICARAGUA,RIO SAN JUAN,2013-03-24,no_effect,nb,loglinear,3,0.75,seir,1.297,False,False
NICARAGUA,RIO SAN JUAN,2013-03-24,no_effect,nb,loglinear,5,1.0,hostvector,-3.212,True,False
NICARAGUA,RIO SAN JUAN,2013-03-24,no_effect,nb,loglinear,5,1.0,seir,-1.605,True,False
NICARAGUA,RIO SAN JUAN,2013-03-24,no_effect,nb,loglinear,5,0.75,hostvector,-1.931,True,False
NICARAGUA,RIO SAN JUAN,2013-03-24,no_effect,nb,loglinear,5,0.75,seir,-1.149,True,False
NICARAGUA,RIO SAN JUAN,2013-03-24,no_effect,nb,loglinear,7,1.0,hostvector,-2.91,True,False
NICARAGUA,RIO SAN JUAN,2013-03-24,no_effect,nb,loglinear,7,1.0,seir,-1.336,True,False
NICARAGUA,RIO SAN JUAN,2013-03-24,no_effect,nb,loglinear,7,0.75,hostvector,-3.2,True,False
NICARAGUA,RIO SAN JUAN,2013-03-24,no_effect,nb,loglinear,7,0.75,seir,-2.014,True,False
NICARAGUA,RIO SAN JUAN,2013-03-24,no_effect,poisson,briere,3,1.0,hostvector,2.667,False,False
NICARAGUA,RIO SAN JUAN,2013-03-24,no_effect,poisson,briere,3,1.0,seir,2.995,False,False
NICARAGUA,RIO SAN JUAN,2013-03-24,no_effect,poisson,briere,3,0.75,hostvector,3.569,False,False
NICARAGUA,RIO SAN JUAN,2013-03-24,no_effect,poisson,briere,3,0.75,seir,3.902,False,False
NICARAGUA,RIO SAN JUAN,2013-03-24,no_effect,poisson,briere,5,1.0,hostvector,3.599,False,False
NICARAGUA,RIO SAN JUAN,2013-03-24,no_effect,poisson,briere,5,1.0,seir,3.732,False,False
NICARAGUA,RIO SAN JUAN,2013-03-24,no_effect,poisson,briere,5,0.75,hostvector,1.489,False,False
NICARAGUA,RIO SAN JUAN,2013-03-24,no_effect,poisson,briere,5,0.75,seir,0.351,False,False
NICARAGUA,RIO SAN JUAN,2013-03-24,no_effect,poisson,briere,7,1.0,hostvector,3.824,False,False
NICARAGUA,RIO SAN JUAN,2013-03-24,no_effect,poisson,briere,7,1.0,seir,3.887,False,False
NICARAGUA,RIO SAN JUAN,2013-03-24,no_effect,poisson,briere,7,0.75,hostvector,-6.812,True,True
NICARAGUA,RIO SAN JUAN,2013-03-24,no_effect,poisson,briere,7,0.75,seir,-6.729,True,True
NICARAGUA,RIO SAN JUAN,2013-03-24,no_effect,poisson,loglinear,3,1.0,hostvector,-6.56,True,True
NICARAGUA,RIO SAN JUAN,2013-03-24,no_effect,poisson,loglinear,3,1.0,seir,-6.398,True,True
NICARAGUA,RIO SAN JUAN,2013-03-24,no_effect,poisson,loglinear,3,0.75,hostvector,-2.664,True,False
NICARAGUA,RIO SAN JUAN,2013-03-24,no_effect,poisson,loglinear,3,0.75,seir,-4.247,True,True
NICARAGUA,RIO SAN JUAN,2013-03-24,no_effect,poisson,loglinear,5,1.0,hostvector,-14.256,True,True
NICARAGUA,RIO SAN JUAN,2013-03-24,no_effect,poisson,loglinear,5,1.0,seir,-10.817,True,True
NICARAGUA,RIO SAN JUAN,2013-03-24,no_effect,poisson,loglinear,5,0.75,hostvector,-16.083,True,True
NICARAGUA,RIO SAN JUAN,2013-03-24,no_effect,poisson,loglinear,5,0.75,seir,-15.521,True,True
NICARAGUA,RIO SAN JUAN,2013-03-24,no_effect,poisson,loglinear,7,1.0,hostvector,-9.021,True,True
NICARAGUA,RIO SAN JUAN,2013-03-24,no_effect,poisson,loglinear,7,1.0,seir,-6.154,True,True
NICARAGUA,RIO SAN JUAN,2013-03-24,no_effect,poisson,loglinear,7,0.75,hostvector,-17.7,True,True
NICARAGUA,RIO SAN JUAN,2013-03-24,no_effect,poisson,loglinear,7,0.75,seir,-15.359,True,True
NICARAGUA,RIO SAN JUAN,2013-03-24,climate,nb,briere,3,1.0,hostvector,-2.926,True,False
NICARAGUA,RIO SAN JUAN,2013-03-24,climate,nb,briere,3,1.0,seir,-2.553,True,False
NICARAGUA,RIO SAN JUAN,2013-03-24,climate,nb,briere,3,0.75,hostvector,0.07,False,False
NICARAGUA,RIO SAN JUAN,2013-03-24,climate,nb,briere,3,0.75,seir,0.365,False,False
NICARAGUA,RIO SAN JUAN,2013-03-24,climate,nb,briere,5,1.0,hostvector,0.592,False,False
NICARAGUA,RIO SAN JUAN,2013-03-24,climate,nb,briere,5,1.0,seir,1.253,False,False
NICARAGUA,RIO SAN JUAN,2013-03-24,climate,nb,briere,5,0.75,hostvector,1.031,False,False
NICARAGUA,RIO SAN JUAN,2013-03-24,climate,nb,briere,5,0.75,seir,1.205,False,False
NICARAGUA,RIO SAN JUAN,2013-03-24,climate,nb,briere,7,1.0,hostvector,3.721,False,False
NICARAGUA,RIO SAN JUAN,2013-03-24,climate,nb,briere,7,1.0,seir,3.86,False,False
NICARAGUA,RIO SAN JUAN,2013-03-24,climate,nb,briere,7,0.75,hostvector,2.02,False,False
NICARAGUA,RIO SAN JUAN,2013-03-24,climate,nb,briere,7,0.75,seir,2.159,False,False
NICARAGUA,RIO SAN JUAN,2013-03-24,climate,nb,loglinear,3,1.0,hostvector,-2.925,True,False
NICARAGUA,RIO SAN JUAN,2013-03-24,climate,nb,loglinear,3,1.0,seir,-2.532,True,False
NICARAGUA,RIO SAN JUAN,2013-03-24,climate,nb,loglinear,3,0.75,hostvector,-1.085,True,False
NICARAGUA,RIO SAN JUAN,2013-03-24,climate,nb,loglinear,3,0.75,seir,-0.52,True,False
NICARAGUA,RIO SAN JUAN,2013-03-24,climate,nb,loglinear,5,1.0,hostvector,0.629,False,False
NICARAGUA,RIO SAN JUAN,2013-03-24,climate,nb,loglinear,5,1.0,seir,1.294,False,False
NICARAGUA,RIO SAN JUAN,2013-03-24,climate,nb,loglinear,5,0.75,hostvector,-1.03,True,False
NICARAGUA,RIO SAN JUAN,2013-03-24,climate,nb,loglinear,5,0.75,seir,-0.481,True,False
NICARAGUA,RIO SAN JUAN,2013-03-24,climate,nb,loglinear,7,1.0,hostvector,0.38,False,False
NICARAGUA,RIO SAN JUAN,2013-03-24,climate,nb,loglinear,7,1.0,seir,0.434,False,False
NICARAGUA,RIO SAN JUAN,2013-03-24,climate,nb,loglinear,7,0.75,hostvector,-0.972,True,False
NICARAGUA,RIO SAN JUAN,2013-03-24,climate,nb,loglinear,7,0.75,seir,-0.467,True,False
NICARAGUA,RIO SAN JUAN,2013-03-24,climate,poisson,briere,3,1.0,hostvector,-15.049,True,True
NICARAGUA,RIO SAN JUAN,2013-03-24,climate,poisson,briere,3,1.0,seir,-14.843,True,True
NICARAGUA,RIO SAN JUAN,2013-03-24,climate,poisson,briere,3,0.75,hostvector,-2.76,True,False
NICARAGUA,RIO SAN JUAN,2013-03-24,climate,poisson,briere,3,0.75,seir,-2.419,True,False
NICARAGUA,RIO SAN JUAN,2013-03-24,climate,poisson,briere,5,1.0,hostvector,-7.151,True,True
NICARAGUA,RIO SAN JUAN,2013-03-24,climate,poisson,briere,5,1.0,seir,-5.613,True,True
NICARAGUA,RIO SAN JUAN,2013-03-24,climate,poisson,briere,5,0.75,hostvector,-0.9,True,False
NICARAGUA,RIO SAN JUAN,2013-03-24,climate,poisson,briere,5,0.75,seir,-0.789,True,False
NICARAGUA,RIO SAN JUAN,2013-03-24,climate,poisson,briere,7,1.0,hostvector,3.988,False,False
NICARAGUA,RIO SAN JUAN,2013-03-24,climate,poisson,briere,7,1.0,seir,3.823,False,False
NICARAGUA,RIO SAN JUAN,2013-03-24,climate,poisson,briere,7,0.75,hostvector,0.112,False,False
NICARAGUA,RIO SAN JUAN,2013-03-24,climate,poisson,briere,7,0.75,seir,0.199,False,False
NICARAGUA,RIO SAN JUAN,2013-03-24,climate,poisson,loglinear,3,1.0,hostvector,-15.039,True,True
NICARAGUA,RIO SAN JUAN,2013-03-24,climate,poisson,loglinear,3,1.0,seir,-14.799,True,True
NICARAGUA,RIO SAN JUAN,2013-03-24,climate,poisson,loglinear,3,0.75,hostvector,-3.493,True,False
NICARAGUA,RIO SAN JUAN,2013-03-24,climate,poisson,loglinear,3,0.75,seir,-2.954,True,False
NICARAGUA,RIO SAN JUAN,2013-03-24,climate,poisson,loglinear,5,1.0,hostvector,-6.551,True,True
NICARAGUA,RIO SAN JUAN,2013-03-24,climate,poisson,loglinear,5,1.0,seir,-4.882,True,True
NICARAGUA,RIO SAN JUAN,2013-03-24,climate,poisson,loglinear,5,0.75,hostvector,-3.546,True,False
NICARAGUA,RIO SAN JUAN,2013-03-24,climate,poisson,loglinear,5,0.75,seir,-2.953,True,False
NICARAGUA,RIO SAN JUAN,2013-03-24,climate,poisson,loglinear,7,1.0,hostvector,1.18,False,False
NICARAGUA,RIO SAN JUAN,2013-03-24,climate,poisson,loglinear,7,1.0,seir,0.277,False,False
NICARAGUA,RIO SAN JUAN,2013-03-24,climate,poisson,loglinear,7,0.75,hostvector,-3.503,True,False
NICARAGUA,RIO SAN JUAN,2013-03-24,climate,poisson,loglinear,7,0.75,seir,-3.02,True,False
NICARAGUA,NICARAGUA,2014-03-02,no_effect,nb,briere,3,1.0,hostvector,-1.948,True,False
NICARAGUA,NICARAGUA,2014-03-02,no_effect,nb,briere,3,1.0,seir,-0.92,True,False
NICARAGUA,NICARAGUA,2014-03-02,no_effect,nb,briere,3,0.75,hostvector,1.689,False,False
NICARAGUA,NICARAGUA,2014-03-02,no_effect,nb,briere,3,0.75,seir,1.992,False,False
NICARAGUA,NICARAGUA,2014-03-02,no_effect,nb,briere,5,1.0,hostvector,-1.417,True,False
NICARAGUA,NICARAGUA,2014-03-02,no_effect,nb,briere,5,1.0,seir,-0.755,True,False
NICARAGUA,NICARAGUA,2014-03-02,no_effect,nb,briere,5,0.75,hostvector,2.272,False,False
NICARAGUA,NICARAGUA,2014-03-02,no_effect,nb,briere,5,0.75,seir,2.135,False,False
NICARAGUA,NICARAGUA,2014-03-02,no_effect,nb,briere,7,1.0,hostvector,2.952,False,False
NICARAGUA,NICARAGUA,2014-03-02,no_effect,nb,briere,7,1.0,seir,2.361,False,False
NICARAGUA,NICARAGUA,2014-03-02,no_effect,nb,briere,7,0.75,hostvector,3.85,False,False
NICARAGUA,NICARAGUA,2014-03-02,no_effect,nb,briere,7,0.75,seir,3.715,False,False
NICARAGUA,NICARAGUA,2014-03-02,no_effect,nb,loglinear,3,1.0,hostvector,-1.299,True,False
NICARAGUA,NICARAGUA,2014-03-02,no_effect,nb,loglinear,3,1.0,seir,-0.572,True,False
NICARAGUA,NICARAGUA,2014-03-02,no_effect,nb,loglinear,3,0.75,hostvector,2.468,False,False
NICARAGUA,NICARAGUA,2014-03-02,no_effect,nb,loglinear,3,0.75,seir,2.377,False,False
NICARAGUA,NICARAGUA,2014-03-02,no_effect,nb,loglinear,5,1.0,hostvector,-0.239,True,False
NICARAGUA,NICARAGUA,2014-03-02,no_effect,nb,loglinear,5,1.0,seir,-0.067,True,False
NICARAGUA,NICARAGUA,2014-03-02,no_effect,nb,loglinear,5,0.75,hostvector,2.111,False,False
NICARAGUA,NICARAGUA,2014-03-02,no_effect,nb,loglinear,5,0.75,seir,1.908,False,False
NICARAGUA,NICARAGUA,2014-03-02,no_effect,nb,loglinear,7,1.0,hostvector,3.289,False,False
NICARAGUA,NICARAGUA,2014-03-02,no_effect,nb,loglinear,7,1.0,seir,2.63,False,False
NICARAGUA,NICARAGUA,2014-03-02,no_effect,nb,loglinear,7,0.75,hostvector,2.672,False,False
NICARAGUA,NICARAGUA,2014-03-02,no_effect,nb,loglinear,7,0.75,seir,2.525,False,False
NICARAGUA,NICARAGUA,2014-03-02,no_effect,poisson,briere,3,1.0,hostvector,-818.567,True,True
NICARAGUA,NICARAGUA,2014-03-02,no_effect,poisson,briere,3,1.0,seir,-673.267,True,True
NICARAGUA,NICARAGUA,2014-03-02,no_effect,poisson,briere,3,0.75,hostvector,-432.316,True,True
NICARAGUA,NICARAGUA,2014-03-02,no_effect,poisson,briere,3,0.75,seir,-410.725,True,True
NICARAGUA,NICARAGUA,2014-03-02,no_effect,poisson,briere,5,1.0,hostvector,-737.923,True,True
NICARAGUA,NICARAGUA,2014-03-02,no_effect,poisson,briere,5,1.0,seir,-636.432,True,True
NICARAGUA,NICARAGUA,2014-03-02,no_effect,poisson,briere,5,0.75,hostvector,-351.665,True,True
NICARAGUA,NICARAGUA,2014-03-02,no_effect,poisson,briere,5,0.75,seir,-338.821,True,True
NICARAGUA,NICARAGUA,2014-03-02,no_effect,poisson,briere,7,1.0,hostvector,-152.591,True,True
NICARAGUA,NICARAGUA,2014-03-02,no_effect,poisson,briere,7,1.0,seir,-162.238,True,True
NICARAGUA,NICARAGUA,2014-03-02,no_effect,poisson,briere,7,0.75,hostvector,-61.324,True,True
NICARAGUA,NICARAGUA,2014-03-02,no_effect,poisson,briere,7,0.75,seir,-60.321,True,True
NICARAGUA,NICARAGUA,2014-03-02,no_effect,poisson,loglinear,3,1.0,hostvector,-766.241,True,True
NICARAGUA,NICARAGUA,2014-03-02,no_effect,poisson,loglinear,3,1.0,seir,-641.984,True,True
NICARAGUA,NICARAGUA,2014-03-02,no_effect,poisson,loglinear,3,0.75,hostvector,-352.219,True,True
NICARAGUA,NICARAGUA,2014-03-02,no_effect,poisson,loglinear,3,0.75,seir,-359.359,True,True
NICARAGUA,NICARAGUA,2014-03-02,no_effect,poisson,loglinear,5,1.0,hostvector,-612.709,True,True
NICARAGUA,NICARAGUA,2014-03-02,no_effect,poisson,loglinear,5,1.0,seir,-554.586,True,True
NICARAGUA,NICARAGUA,2014-03-02,no_effect,poisson,loglinear,5,0.75,hostvector,-358.143,True,True
NICARAGUA,NICARAGUA,2014-03-02,no_effect,poisson,loglinear,5,0.75,seir,-362.209,True,True
NICARAGUA,NICARAGUA,2014-03-02,no_effect,poisson,loglinear,7,1.0,hostvector,-119.841,True,True
NICARAGUA,NICARAGUA,2014-03-02,no_effect,poisson,loglinear,7,1.0,seir,-137.674,True,True
NICARAGUA,NICARAGUA,2014-03-02,no_effect,poisson,loglinear,7,0.75,hostvector,-153.359,True,True
NICARAGUA,NICARAGUA,2014-03-02,no_effect,poisson,loglinear,7,0.75,seir,-173.981,True,True
NICARAGUA,NICARAGUA,2014-03-02,climate,nb,briere,3,1.0,hostvector,-230.796,True,True
NICARAGUA,NICARAGUA,2014-03-02,climate,nb,briere,3,1.0,seir,-222.49,True,True
NICARAGUA,NICARAGUA,2014-03-02,climate,nb,briere,3,0.75,hostvector,-91.821,True,True
NICARAGUA,NICARAGUA,2014-03-02,climate,nb,briere,3,0.75,seir,-94.984,True,True
NICARAGUA,NICARAGUA,2014-03-02,climate,nb,briere,5,1.0,hostvector,-213.873,True,True
NICARAGUA,NICARAGUA,2014-03-02,climate,nb,briere,5,1.0,seir,-195.221,True,True
NICARAGUA,NICARAGUA,2014-03-02,climate,nb,briere,5,0.75,hostvector,-83.317,True,True
NICARAGUA,NICARAGUA,2014-03-02,climate,nb,briere,5,0.75,seir,-85.221,True,True
NICARAGUA,NICARAGUA,2014-03-02,climate,nb,briere,7,1.0,hostvector,-168.326,True,True
NICARAGUA,NICARAGUA,2014-03-02,climate,nb,briere,7,1.0,seir,-145.731,True,True
NICARAGUA,NICARAGUA,2014-03-02,climate,nb,briere,7,0.75,hostvector,-56.92,True,True
NICARAGUA,NICARAGUA,2014-03-02,climate,nb,briere,7,0.75,seir,-54.946,True,True
NICARAGUA,NICARAGUA,2014-03-02,climate,nb,loglinear,3,1.0,hostvector,-233.087,True,True
NICARAGUA,NICARAGUA,2014-03-02,climate,nb,loglinear,3,1.0,seir,-224.815,True,True
NICARAGUA,NICARAGUA,2014-03-02,climate,nb,loglinear,3,0.75,hostvector,-93.07,True,True
NICARAGUA,NICARAGUA,2014-03-02,climate,nb,loglinear,3,0.75,seir,-96.779,True,True
NICARAGUA,NICARAGUA,2014-03-02,climate,nb,loglinear,5,1.0,hostvector,-213.339,True,True
NICARAGUA,NICARAGUA,2014-03-02,climate,nb,loglinear,5,1.0,seir,-194.35,True,True
NICARAGUA,NICARAGUA,2014-03-02,climate,nb,loglinear,5,0.75,hostvector,-83.913,True,True
NICARAGUA,NICARAGUA,2014-03-02,climate,nb,loglinear,5,0.75,seir,-85.744,True,True
NICARAGUA,NICARAGUA,2014-03-02,climate,nb,loglinear,7,1.0,hostvector,-176.495,True,True
NICARAGUA,NICARAGUA,2014-03-02,climate,nb,loglinear,7,1.0,seir,-158.908,True,True
NICARAGUA,NICARAGUA,2014-03-02,climate,nb,loglinear,7,0.75,hostvector,-60.085,True,True
NICARAGUA,NICARAGUA,2014-03-02,climate,nb,loglinear,7,0.75,seir,-61.327,True,True
NICARAGUA,NICARAGUA,2014-03-02,climate,poisson,briere,3,1.0,hostvector,-44534.488,True,True
NICARAGUA,NICARAGUA,2014-03-02,climate,poisson,briere,3,1.0,seir,-43818.55,True,True
NICARAGUA,NICARAGUA,2014-03-02,climate,poisson,briere,3,0.75,hostvector,-27546.045,True,True
NICARAGUA,NICARAGUA,2014-03-02,climate,poisson,briere,3,0.75,seir,-27650.653,True,True
NICARAGUA,NICARAGUA,2014-03-02,climate,poisson,briere,5,1.0,hostvector,-41161.398,True,True
NICARAGUA,NICARAGUA,2014-03-02,climate,poisson,briere,5,1.0,seir,-38693.562,True,True
NICARAGUA,NICARAGUA,2014-03-02,climate,poisson,briere,5,0.75,hostvector,-26647.842,True,True
NICARAGUA,NICARAGUA,2014-03-02,climate,poisson,briere,5,0.75,seir,-26239.572,True,True
NICARAGUA,NICARAGUA,2014-03-02,climate,poisson,briere,7,1.0,hostvector,-29865.433,True,True
NICARAGUA,NICARAGUA,2014-03-02,climate,poisson,briere,7,1.0,seir,-25744.532,True,True
NICARAGUA,NICARAGUA,2014-03-02,climate,poisson,briere,7,0.75,hostvector,-17637.914,True,True
NICARAGUA,NICARAGUA,2014-03-02,climate,poisson,briere,7,0.75,seir,-14989.537,True,True
NICARAGUA,NICARAGUA,2014-03-02,climate,poisson,loglinear,3,1.0,hostvector,-44785.002,True,True
NICARAGUA,NICARAGUA,2014-03-02,climate,poisson,loglinear,3,1.0,seir,-44028.455,True,True
NICARAGUA,NICARAGUA,2014-03-02,climate,poisson,loglinear,3,0.75,hostvector,-27836.413,True,True
NICARAGUA,NICARAGUA,2014-03-02,climate,poisson,loglinear,3,0.75,seir,-27913.389,True,True
NICARAGUA,NICARAGUA,2014-03-02,climate,poisson,loglinear,5,1.0,hostvector,-41327.884,True,True
NICARAGUA,NICARAGUA,2014-03-02,climate,poisson,loglinear,5,1.0,seir,-39145.848,True,True
NICARAGUA,NICARAGUA,2014-03-02,climate,poisson,loglinear,5,0.75,hostvector,-26872.192,True,True
NICARAGUA,NICARAGUA,2014-03-02,climate,poisson,loglinear,5,0.75,seir,-26756.441,True,True
NICARAGUA,NICARAGUA,2014-03-02,climate,poisson,loglinear,7,1.0,hostvector,-36802.547,True,True
NICARAGUA,NICARAGUA,2014-03-02,climate,poisson,loglinear,7,1.0,seir,-35171.601,True,True
NICARAGUA,NICARAGUA,2014-03-02,climate,poisson,loglinear,7,0.75,hostvector,-23485.587,True,True
NICARAGUA,NICARAGUA,2014-03-02,climate,poisson,loglinear,7,0.75,seir,-23371.255,True,True
NICARAGUA,JINOTEGA,2014-04-20,no_effect,nb,briere,3,1.0,hostvector,2.504,False,False
NICARAGUA,JINOTEGA,2014-04-20,no_effect,nb,briere,3,1.0,seir,2.601,False,False
NICARAGUA,JINOTEGA,2014-04-20,no_effect,nb,briere,3,0.75,hostvector,1.122,False,False
NICARAGUA,JINOTEGA,2014-04-20,no_effect,nb,briere,3,0.75,seir,0.566,False,False
NICARAGUA,JINOTEGA,2014-04-20,no_effect,nb,briere,5,1.0,hostvector,2.139,False,False
NICARAGUA,JINOTEGA,2014-04-20,no_effect,nb,briere,5,1.0,seir,2.375,False,False
NICARAGUA,JINOTEGA,2014-04-20,no_effect,nb,briere,5,0.75,hostvector,0.415,False,False
NICARAGUA,JINOTEGA,2014-04-20,no_effect,nb,briere,5,0.75,seir,-0.799,True,False
NICARAGUA,JINOTEGA,2014-04-20,no_effect,nb,briere,7,1.0,hostvector,2.137,False,False
NICARAGUA,JINOTEGA,2014-04-20,no_effect,nb,briere,7,1.0,seir,2.551,False,False
NICARAGUA,JINOTEGA,2014-04-20,no_effect,nb,briere,7,0.75,hostvector,1.939,False,False
NICARAGUA,JINOTEGA,2014-04-20,no_effect,nb,briere,7,0.75,seir,1.126,False,False
NICARAGUA,JINOTEGA,2014-04-20,no_effect,nb,loglinear,3,1.0,hostvector,2.539,False,False
NICARAGUA,JINOTEGA,2014-04-20,no_effect,nb,loglinear,3,1.0,seir,2.449,False,False
NICARAGUA,JINOTEGA,2014-04-20,no_effect,nb,loglinear,3,0.75,hostvector,1.118,False,False
NICARAGUA,JINOTEGA,2014-04-20,no_effect,nb,loglinear,3,0.75,seir,0.474,False,False
NICARAGUA,JINOTEGA,2014-04-20,no_effect,nb,loglinear,5,1.0,hostvector,2.024,False,False
NICARAGUA,JINOTEGA,2014-04-20,no_effect,nb,loglinear,5,1.0,seir,2.125,False,False
NICARAGUA,JINOTEGA,2014-04-20,no_effect,nb,loglinear,5,0.75,hostvector,0.5,False,False
NICARAGUA,JINOTEGA,2014-04-20,no_effect,nb,loglinear,5,0.75,seir,-0.829,True,False
NICARAGUA,JINOTEGA,2014-04-20,no_effect,nb,loglinear,7,1.0,hostvector,1.891,False,False
NICARAGUA,JINOTEGA,2014-04-20,no_effect,nb,loglinear,7,1.0,seir,2.175,False,False
NICARAGUA,JINOTEGA,2014-04-20,no_effect,nb,loglinear,7,0.75,hostvector,2.085,False,False
NICARAGUA,JINOTEGA,2014-04-20,no_effect,nb,loglinear,7,0.75,seir,1.138,False,False
NICARAGUA,JINOTEGA,2014-04-20,no_effect,poisson,briere,3,1.0,hostvector,-3.038,True,False
NICARAGUA,JINOTEGA,2014-04-20,no_effect,poisson,briere,3,1.0,seir,-2.819,True,False
NICARAGUA,JINOTEGA,2014-04-20,no_effect,poisson,briere,3,0.75,hostvector,-10.57,True,True
NICARAGUA,JINOTEGA,2014-04-20,no_effect,poisson,briere,3,0.75,seir,-11.545,True,True
NICARAGUA,JINOTEGA,2014-04-20,no_effect,poisson,briere,5,1.0,hostvector,-5.592,True,True
NICARAGUA,JINOTEGA,2014-04-20,no_effect,poisson,briere,5,1.0,seir,-4.45,True,True
NICARAGUA,JINOTEGA,2014-04-20,no_effect,poisson,briere,5,0.75,hostvector,-15.655,True,True
NICARAGUA,JINOTEGA,2014-04-20,no_effect,poisson,briere,5,0.75,seir,-18.141,True,True
NICARAGUA,JINOTEGA,2014-04-20,no_effect,poisson,briere,7,1.0,hostvector,-4.385,True,True
NICARAGUA,JINOTEGA,2014-04-20,no_effect,poisson,briere,7,1.0,seir,-2.602,True,False
NICARAGUA,JINOTEGA,2014-04-20,no_effect,poisson,briere,7,0.75,hostvector,-5.878,True,True
NICARAGUA,JINOTEGA,2014-04-20,no_effect,poisson,briere,7,0.75,seir,-6.687,True,True
NICARAGUA,JINOTEGA,2014-04-20,no_effect,poisson,loglinear,3,1.0,hostvector,-2.575,True,False
NICARAGUA,JINOTEGA,2014-04-20,no_effect,poisson,loglinear,3,1.0,seir,-2.697,True,False
NICARAGUA,JINOTEGA,2014-04-20,no_effect,poisson,loglinear,3,0.75,hostvector,-10.575,True,True
NICARAGUA,JINOTEGA,2014-04-20,no_effect,poisson,loglinear,3,0.75,seir,-11.547,True,True
NICARAGUA,JINOTEGA,2014-04-20,no_effect,poisson,loglinear,5,1.0,hostvector,-5.915,True,True
NICARAGUA,JINOTEGA,2014-04-20,no_effect,poisson,loglinear,5,1.0,seir,-4.807,True,True
NICARAGUA,JINOTEGA,2014-04-20,no_effect,poisson,loglinear,5,0.75,hostvector,-15.587,True,True
NICARAGUA,JINOTEGA,2014-04-20,no_effect,poisson,loglinear,5,0.75,seir,-18.15,True,True
NICARAGUA,JINOTEGA,2014-04-20,no_effect,poisson,loglinear,7,1.0,hostvector,-5.196,True,True
NICARAGUA,JINOTEGA,2014-04-20,no_effect,poisson,loglinear,7,1.0,seir,-3.385,True,False
NICARAGUA,JINOTEGA,2014-04-20,no_effect,poisson,loglinear,7,0.75,hostvector,-5.223,True,True
NICARAGUA,JINOTEGA,2014-04-20,no_effect,poisson,loglinear,7,0.75,seir,-6.111,True,True
NICARAGUA,JINOTEGA,2014-04-20,climate,nb,briere,3,1.0,hostvector,-56.694,True,True
NICARAGUA,JINOTEGA,2014-04-20,climate,nb,briere,3,1.0,seir,-56.254,True,True
NICARAGUA,JINOTEGA,2014-04-20,climate,nb,briere,3,0.75,hostvector,-14.587,True,True
NICARAGUA,JINOTEGA,2014-04-20,climate,nb,briere,3,0.75,seir,-14.183,True,True
NICARAGUA,JINOTEGA,2014-04-20,climate,nb,briere,5,1.0,hostvector,-40.624,True,True
NICARAGUA,JINOTEGA,2014-04-20,climate,nb,briere,5,1.0,seir,-3.453,True,False
NICARAGUA,JINOTEGA,2014-04-20,climate,nb,briere,5,0.75,hostvector,-4.27,True,True
NICARAGUA,JINOTEGA,2014-04-20,climate,nb,briere,5,0.75,seir,-1.232,True,False
NICARAGUA,JINOTEGA,2014-04-20,climate,nb,briere,7,1.0,hostvector,-7.135,True,True
NICARAGUA,JINOTEGA,2014-04-20,climate,nb,briere,7,1.0,seir,-9.549,True,True
NICARAGUA,JINOTEGA,2014-04-20,climate,nb,briere,7,0.75,hostvector,3.601,False,False
NICARAGUA,JINOTEGA,2014-04-20,climate,nb,briere,7,0.75,seir,2.589,False,False
NICARAGUA,JINOTEGA,2014-04-20,climate,nb,loglinear,3,1.0,hostvector,-56.647,True,True
NICARAGUA,JINOTEGA,2014-04-20,climate,nb,loglinear,3,1.0,seir,-57.274,True,True
NICARAGUA,JINOTEGA,2014-04-20,climate,nb,loglinear,3,0.75,hostvector,-15.301,True,True
NICARAGUA,JINOTEGA,2014-04-20,climate,nb,loglinear,3,0.75,seir,-15.371,True,True
NICARAGUA,JINOTEGA,2014-04-20,climate,nb,loglinear,5,1.0,hostvector,-50.466,True,True
NICARAGUA,JINOTEGA,2014-04-20,climate,nb,loglinear,5,1.0,seir,-52.081,True,True
NICARAGUA,JINOTEGA,2014-04-20,climate,nb,loglinear,5,0.75,hostvector,-16.416,True,True
NICARAGUA,JINOTEGA,2014-04-20,climate,nb,loglinear,5,0.75,seir,-14.288,True,True
NICARAGUA,JINOTEGA,2014-04-20,climate,nb,loglinear,7,1.0,hostvector,-6.847,True,True
NICARAGUA,JINOTEGA,2014-04-20,climate,nb,loglinear,7,1.0,seir,-20.872,True,True
NICARAGUA,JINOTEGA,2014-04-20,climate,nb,loglinear,7,0.75,hostvector,1.78,False,False
NICARAGUA,JINOTEGA,2014-04-20,climate,nb,loglinear,7,0.75,seir,-0.9,True,False
NICARAGUA,JINOTEGA,2014-04-20,climate,poisson,briere,3,1.0,hostvector,-367.141,True,True
NICARAGUA,JINOTEGA,2014-04-20,climate,poisson,briere,3,1.0,seir,-370.009,True,True
NICARAGUA,JINOTEGA,2014-04-20,climate,poisson,briere,3,0.75,hostvector,-103.44,True,True
NICARAGUA,JINOTEGA,2014-04-20,climate,poisson,briere,3,0.75,seir,-101.403,True,True
NICARAGUA,JINOTEGA,2014-04-20,climate,poisson,briere,5,1.0,hostvector,-241.074,True,True
NICARAGUA,JINOTEGA,2014-04-20,climate,poisson,briere,5,1.0,seir,-48.397,True,True
NICARAGUA,JINOTEGA,2014-04-20,climate,poisson,briere,5,0.75,hostvector,-40.116,True,True
NICARAGUA,JINOTEGA,2014-04-20,climate,poisson,briere,5,0.75,seir,-28.314,True,True
NICARAGUA,JINOTEGA,2014-04-20,climate,poisson,briere,7,1.0,hostvector,-63.364,True,True
NICARAGUA,JINOTEGA,2014-04-20,climate,poisson,briere,7,1.0,seir,-77.192,True,True
NICARAGUA,JINOTEGA,2014-04-20,climate,poisson,briere,7,0.75,hostvector,-3.761,True,False
NICARAGUA,JINOTEGA,2014-04-20,climate,poisson,briere,7,0.75,seir,-11.28,True,True
NICARAGUA,JINOTEGA,2014-04-20,climate,poisson,loglinear,3,1.0,hostvector,-367.046,True,True
NICARAGUA,JINOTEGA,2014-04-20,climate,poisson,loglinear,3,1.0,seir,-376.048,True,True
NICARAGUA,JINOTEGA,2014-04-20,climate,poisson,loglinear,3,0.75,hostvector,-109.314,True,True
NICARAGUA,JINOTEGA,2014-04-20,climate,poisson,loglinear,3,0.75,seir,-109.795,True,True
NICARAGUA,JINOTEGA,2014-04-20,climate,poisson,loglinear,5,1.0,hostvector,-327.426,True,True
NICARAGUA,JINOTEGA,2014-04-20,climate,poisson,loglinear,5,1.0,seir,-340.952,True,True
NICARAGUA,JINOTEGA,2014-04-20,climate,poisson,loglinear,5,0.75,hostvector,-103.825,True,True
NICARAGUA,JINOTEGA,2014-04-20,climate,poisson,loglinear,5,0.75,seir,-103.803,True,True
NICARAGUA,JINOTEGA,2014-04-20,climate,poisson,loglinear,7,1.0,hostvector,-63.097,True,True
NICARAGUA,JINOTEGA,2014-04-20,climate,poisson,loglinear,7,1.0,seir,-149.926,True,True
NICARAGUA,JINOTEGA,2014-04-20,climate,poisson,loglinear,7,0.75,hostvector,-5.925,True,True
NICARAGUA,JINOTEGA,2014-04-20,climate,poisson,loglinear,7,0.75,seir,-19.121,True,True
NICARAGUA,NICARAGUA,2016-02-07,no_effect,nb,briere,3,1.0,hostvector,2.924,False,False
NICARAGUA,NICARAGUA,2016-02-07,no_effect,nb,briere,3,1.0,seir,2.165,False,False
NICARAGUA,NICARAGUA,2016-02-07,no_effect,nb,briere,3,0.75,hostvector,3.703,False,False
NICARAGUA,NICARAGUA,2016-02-07,no_effect,nb,briere,3,0.75,seir,3.982,False,False
NICARAGUA,NICARAGUA,2016-02-07,no_effect,nb,briere,5,1.0,hostvector,2.877,False,False
NICARAGUA,NICARAGUA,2016-02-07,no_effect,nb,briere,5,1.0,seir,2.736,False,False
NICARAGUA,NICARAGUA,2016-02-07,no_effect,nb,briere,5,0.75,hostvector,3.996,False,False
NICARAGUA,NICARAGUA,2016-02-07,no_effect,nb,briere,5,0.75,seir,3.96,False,False
NICARAGUA,NICARAGUA,2016-02-07,no_effect,nb,briere,7,1.0,hostvector,3.554,False,False
NICARAGUA,NICARAGUA,2016-02-07,no_effect,nb,briere,7,1.0,seir,3.452,False,False
NICARAGUA,NICARAGUA,2016-02-07,no_effect,nb,briere,7,0.75,hostvector,3.99,False,False
NICARAGUA,NICARAGUA,2016-02-07,no_effect,nb,briere,7,0.75,seir,3.959,False,False
NICARAGUA,NICARAGUA,2016-02-07,no_effect,nb,loglinear,3,1.0,hostvector,0.518,False,False
NICARAGUA,NICARAGUA,2016-02-07,no_effect,nb,loglinear,3,1.0,seir,-0.014,True,False
NICARAGUA,NICARAGUA,2016-02-07,no_effect,nb,loglinear,3,0.75,hostvector,3.533,False,False
NICARAGUA,NICARAGUA,2016-02-07,no_effect,nb,loglinear,3,0.75,seir,3.952,False,False
NICARAGUA,NICARAGUA,2016-02-07,no_effect,nb,loglinear,5,1.0,hostvector,1.311,False,False
NICARAGUA,NICARAGUA,2016-02-07,no_effect,nb,loglinear,5,1.0,seir,1.329,False,False
NICARAGUA,NICARAGUA,2016-02-07,no_effect,nb,loglinear,5,0.75,hostvector,3.166,False,False
NICARAGUA,NICARAGUA,2016-02-07,no_effect,nb,loglinear,5,0.75,seir,3.705,False,False
NICARAGUA,NICARAGUA,2016-02-07,no_effect,nb,loglinear,7,1.0,hostvector,3.371,False,False
NICARAGUA,NICARAGUA,2016-02-07,no_effect,nb,loglinear,7,1.0,seir,3.413,False,False
NICARAGUA,NICARAGUA,2016-02-07,no_effect,nb,loglinear,7,0.75,hostvector,3.329,False,False
NICARAGUA,NICARAGUA,2016-02-07,no_effect,nb,loglinear,7,0.75,seir,3.847,False,False
NICARAGUA,NICARAGUA,2016-02-07,no_effect,poisson,briere,3,1.0,hostvector,-216.517,True,True
NICARAGUA,NICARAGUA,2016-02-07,no_effect,poisson,briere,3,1.0,seir,-333.053,True,True
NICARAGUA,NICARAGUA,2016-02-07,no_effect,poisson,briere,3,0.75,hostvector,-33.963,True,True
NICARAGUA,NICARAGUA,2016-02-07,no_effect,poisson,briere,3,0.75,seir,-4.59,True,True
NICARAGUA,NICARAGUA,2016-02-07,no_effect,poisson,briere,5,1.0,hostvector,-334.881,True,True
NICARAGUA,NICARAGUA,2016-02-07,no_effect,poisson,briere,5,1.0,seir,-350.615,True,True
NICARAGUA,NICARAGUA,2016-02-07,no_effect,poisson,briere,5,0.75,hostvector,-7.071,True,True
NICARAGUA,NICARAGUA,2016-02-07,no_effect,poisson,briere,5,0.75,seir,-24.775,True,True
NICARAGUA,NICARAGUA,2016-02-07,no_effect,poisson,briere,7,1.0,hostvector,-157.452,True,True
NICARAGUA,NICARAGUA,2016-02-07,no_effect,poisson,briere,7,1.0,seir,-169.96,True,True
NICARAGUA,NICARAGUA,2016-02-07,no_effect,poisson,briere,7,0.75,hostvector,-6.83,True,True
NICARAGUA,NICARAGUA,2016-02-07,no_effect,poisson,briere,7,0.75,seir,-15.566,True,True
NICARAGUA,NICARAGUA,2016-02-07,no_effect,poisson,loglinear,3,1.0,hostvector,-522.797,True,True
NICARAGUA,NICARAGUA,2016-02-07,no_effect,poisson,loglinear,3,1.0,seir,-615.108,True,True
NICARAGUA,NICARAGUA,2016-02-07,no_effect,poisson,loglinear,3,0.75,hostvector,-55.321,True,True
NICARAGUA,NICARAGUA,2016-02-07,no_effect,poisson,loglinear,3,0.75,seir,182.219,False,False
NICARAGUA,NICARAGUA,2016-02-07,no_effect,poisson,loglinear,5,1.0,hostvector,-642.645,True,True
NICARAGUA,NICARAGUA,2016-02-07,no_effect,poisson,loglinear,5,1.0,seir,-636.035,True,True
NICARAGUA,NICARAGUA,2016-02-07,no_effect,poisson,loglinear,5,0.75,hostvector,-221.368,True,True
NICARAGUA,NICARAGUA,2016-02-07,no_effect,poisson,loglinear,5,0.75,seir,71.82,False,False
NICARAGUA,NICARAGUA,2016-02-07,no_effect,poisson,loglinear,7,1.0,hostvector,-189.398,True,True
NICARAGUA,NICARAGUA,2016-02-07,no_effect,poisson,loglinear,7,1.0,seir,-189.815,True,True
NICARAGUA,NICARAGUA,2016-02-07,no_effect,poisson,loglinear,7,0.75,hostvector,-112.788,True,True
NICARAGUA,NICARAGUA,2016-02-07,no_effect,poisson,loglinear,7,0.75,seir,-64.224,True,True
NICARAGUA,NICARAGUA,2016-02-07,climate,nb,briere,3,1.0,hostvector,-95.044,True,True
NICARAGUA,NICARAGUA,2016-02-07,climate,nb,briere,3,1.0,seir,-90.091,True,True
NICARAGUA,NICARAGUA,2016-02-07,climate,nb,briere,3,0.75,hostvector,-53.853,True,True
NICARAGUA,NICARAGUA,2016-02-07,climate,nb,briere,3,0.75,seir,-53.21,True,True
NICARAGUA,NICARAGUA,2016-02-07,climate,nb,briere,5,1.0,hostvector,-67.955,True,True
NICARAGUA,NICARAGUA,2016-02-07,climate,nb,briere,5,1.0,seir,-62.856,True,True
NICARAGUA,NICARAGUA,2016-02-07,climate,nb,briere,5,0.75,hostvector,-30.362,True,True
NICARAGUA,NICARAGUA,2016-02-07,climate,nb,briere,5,0.75,seir,-31.507,True,True
NICARAGUA,NICARAGUA,2016-02-07,climate,nb,briere,7,1.0,hostvector,-38.866,True,True
NICARAGUA,NICARAGUA,2016-02-07,climate,nb,briere,7,1.0,seir,-35.936,True,True
NICARAGUA,NICARAGUA,2016-02-07,climate,nb,briere,7,0.75,hostvector,-13.962,True,True
NICARAGUA,NICARAGUA,2016-02-07,climate,nb,briere,7,0.75,seir,-16.611,True,True
NICARAGUA,NICARAGUA,2016-02-07,climate,nb,loglinear,3,1.0,hostvector,-93.939,True,True
NICARAGUA,NICARAGUA,2016-02-07,climate,nb,loglinear,3,1.0,seir,-90.753,True,True
NICARAGUA,NICARAGUA,2016-02-07,climate,nb,loglinear,3,0.75,hostvector,-54.446,True,True
NICARAGUA,NICARAGUA,2016-02-07,climate,nb,loglinear,3,0.75,seir,-53.949,True,True
NICARAGUA,NICARAGUA,2016-02-07,climate,nb,loglinear,5,1.0,hostvector,-69.056,True,True
NICARAGUA,NICARAGUA,2016-02-07,climate,nb,loglinear,5,1.0,seir,-63.292,True,True
NICARAGUA,NICARAGUA,2016-02-07,climate,nb,loglinear,5,0.75,hostvector,-32.309,True,True
NICARAGUA,NICARAGUA,2016-02-07,climate,nb,loglinear,5,0.75,seir,-33.042,True,True
NICARAGUA,NICARAGUA,2016-02-07,climate,nb,loglinear,7,1.0,hostvector,-8.919,True,True
NICARAGUA,NICARAGUA,2016-02-07,climate,nb,loglinear,7,1.0,seir,-55.582,True,True
NICARAGUA,NICARAGUA,2016-02-07,climate,nb,loglinear,7,0.75,hostvector,-35.126,True,True
NICARAGUA,NICARAGUA,2016-02-07,climate,nb,loglinear,7,0.75,seir,-36.66,True,True
NICARAGUA,NICARAGUA,2016-02-07,climate,poisson,briere,3,1.0,hostvector,-18244.681,True,True
NICARAGUA,NICARAGUA,2016-02-07,climate,poisson,briere,3,1.0,seir,-18001.763,True,True
NICARAGUA,NICARAGUA,2016-02-07,climate,poisson,briere,3,0.75,hostvector,-6520.952,True,True
NICARAGUA,NICARAGUA,2016-02-07,climate,poisson,briere,3,0.75,seir,-7333.892,True,True
NICARAGUA,NICARAGUA,2016-02-07,climate,poisson,briere,5,1.0,hostvector,-14280.32,True,True
NICARAGUA,NICARAGUA,2016-02-07,climate,poisson,briere,5,1.0,seir,-13662.622,True,True
NICARAGUA,NICARAGUA,2016-02-07,climate,poisson,briere,5,0.75,hostvector,-2800.949,True,True
NICARAGUA,NICARAGUA,2016-02-07,climate,poisson,briere,5,0.75,seir,-3440.355,True,True
NICARAGUA,NICARAGUA,2016-02-07,climate,poisson,briere,7,1.0,hostvector,-6948.487,True,True
NICARAGUA,NICARAGUA,2016-02-07,climate,poisson,briere,7,1.0,seir,-5999.366,True,True
NICARAGUA,NICARAGUA,2016-02-07,climate,poisson,briere,7,0.75,hostvector,-605.889,True,True
NICARAGUA,NICARAGUA,2016-02-07,climate,poisson,briere,7,0.75,seir,-974.135,True,True
NICARAGUA,NICARAGUA,2016-02-07,climate,poisson,loglinear,3,1.0,hostvector,-18329.696,True,True
NICARAGUA,NICARAGUA,2016-02-07,climate,poisson,loglinear,3,1.0,seir,-18089.527,True,True
NICARAGUA,NICARAGUA,2016-02-07,climate,poisson,loglinear,3,0.75,hostvector,-6545.604,True,True
NICARAGUA,NICARAGUA,2016-02-07,climate,poisson,loglinear,3,0.75,seir,-7396.701,True,True
NICARAGUA,NICARAGUA,2016-02-07,climate,poisson,loglinear,5,1.0,hostvector,-14696.905,True,True
NICARAGUA,NICARAGUA,2016-02-07,climate,poisson,loglinear,5,1.0,seir,-13890.971,True,True
NICARAGUA,NICARAGUA,2016-02-07,climate,poisson,loglinear,5,0.75,hostvector,-3084.175,True,True
NICARAGUA,NICARAGUA,2016-02-07,climate,poisson,loglinear,5,0.75,seir,-3995.812,True,True
NICARAGUA,NICARAGUA,2016-02-07,climate,poisson,loglinear,7,1.0,hostvector,1180813.532,False,False
NICARAGUA,NICARAGUA,2016-02-07,climate,poisson,loglinear,7,1.0,seir,-11083.055,True,True
NICARAGUA,NICARAGUA,2016-02-07,climate,poisson,loglinear,7,0.75,hostvector,-4484.804,True,True
NICARAGUA,NICARAGUA,2016-02-07,climate,poisson,loglinear,7,0.75,seir,275523.031,False,False
NICARAGUA,NICARAGUA,2023-02-19,no_effect,nb,briere,3,1.0,hostvector,3.019,False,False
NICARAGUA,NICARAGUA,2023-02-19,no_effect,nb,briere,3,1.0,seir,-19.035,True,True
NICARAGUA,NICARAGUA,2023-02-19,no_effect,nb,briere,3,0.75,hostvector,2.383,False,False
NICARAGUA,NICARAGUA,2023-02-19,no_effect,nb,briere,3,0.75,seir,-19.139,True,True
NICARAGUA,NICARAGUA,2023-02-19,no_effect,nb,briere,5,1.0,hostvector,3.248,False,False
NICARAGUA,NICARAGUA,2023-02-19,no_effect,nb,briere,5,1.0,seir,-37.666,True,True
NICARAGUA,NICARAGUA,2023-02-19,no_effect,nb,briere,5,0.75,hostvector,3.426,False,False
NICARAGUA,NICARAGUA,2023-02-19,no_effect,nb,briere,5,0.75,seir,-16.882,True,True
NICARAGUA,NICARAGUA,2023-02-19,no_effect,nb,briere,7,1.0,hostvector,3.514,False,False
NICARAGUA,NICARAGUA,2023-02-19,no_effect,nb,briere,7,1.0,seir,-53.183,True,True
NICARAGUA,NICARAGUA,2023-02-19,no_effect,nb,briere,7,0.75,hostvector,3.599,False,False
NICARAGUA,NICARAGUA,2023-02-19,no_effect,nb,briere,7,0.75,seir,-15.387,True,True
NICARAGUA,NICARAGUA,2023-02-19,no_effect,nb,loglinear,3,1.0,hostvector,2.929,False,False
NICARAGUA,NICARAGUA,2023-02-19,no_effect,nb,loglinear,3,1.0,seir,-69.602,True,True
NICARAGUA,NICARAGUA,2023-02-19,no_effect,nb,loglinear,3,0.75,hostvector,2.258,False,False
NICARAGUA,NICARAGUA,2023-02-19,no_effect,nb,loglinear,3,0.75,seir,-19.247,True,True
NICARAGUA,NICARAGUA,2023-02-19,no_effect,nb,loglinear,5,1.0,hostvector,2.95,False,False
NICARAGUA,NICARAGUA,2023-02-19,no_effect,nb,loglinear,5,1.0,seir,-58.65,True,True
NICARAGUA,NICARAGUA,2023-02-19,no_effect,nb,loglinear,5,0.75,hostvector,3.426,False,False
NICARAGUA,NICARAGUA,2023-02-19,no_effect,nb,loglinear,5,0.75,seir,-18.565,True,True
NICARAGUA,NICARAGUA,2023-02-19,no_effect,nb,loglinear,7,1.0,hostvector,2.568,False,False
NICARAGUA,NICARAGUA,2023-02-19,no_effect,nb,loglinear,7,1.0,seir,-55.978,True,True
NICARAGUA,NICARAGUA,2023-02-19,no_effect,nb,loglinear,7,0.75,hostvector,3.5,False,False
NICARAGUA,NICARAGUA,2023-02-19,no_effect,nb,loglinear,7,0.75,seir,-18.555,True,True
NICARAGUA,NICARAGUA,2023-02-19,no_effect,poisson,briere,3,1.0,hostvector,-777.067,True,True
NICARAGUA,NICARAGUA,2023-02-19,no_effect,poisson,briere,3,1.0,seir,-8335.17,True,True
NICARAGUA,NICARAGUA,2023-02-19,no_effect,poisson,briere,3,0.75,hostvector,-1224.098,True,True
NICARAGUA,NICARAGUA,2023-02-19,no_effect,poisson,briere,3,0.75,seir,-8582.529,True,True
NICARAGUA,NICARAGUA,2023-02-19,no_effect,poisson,briere,5,1.0,hostvector,-502.064,True,True
NICARAGUA,NICARAGUA,2023-02-19,no_effect,poisson,briere,5,1.0,seir,-11136.925,True,True
NICARAGUA,NICARAGUA,2023-02-19,no_effect,poisson,briere,5,0.75,hostvector,-466.475,True,True
NICARAGUA,NICARAGUA,2023-02-19,no_effect,poisson,briere,5,0.75,seir,-7059.667,True,True
NICARAGUA,NICARAGUA,2023-02-19,no_effect,poisson,briere,7,1.0,hostvector,-251.128,True,True
NICARAGUA,NICARAGUA,2023-02-19,no_effect,poisson,briere,7,1.0,seir,-12711.833,True,True
NICARAGUA,NICARAGUA,2023-02-19,no_effect,poisson,briere,7,0.75,hostvector,-297.045,True,True
NICARAGUA,NICARAGUA,2023-02-19,no_effect,poisson,briere,7,0.75,seir,-6018.088,True,True
NICARAGUA,NICARAGUA,2023-02-19,no_effect,poisson,loglinear,3,1.0,hostvector,-781.827,True,True
NICARAGUA,NICARAGUA,2023-02-19,no_effect,poisson,loglinear,3,1.0,seir,-16271.477,True,True
NICARAGUA,NICARAGUA,2023-02-19,no_effect,poisson,loglinear,3,0.75,hostvector,-1284.571,True,True
NICARAGUA,NICARAGUA,2023-02-19,no_effect,poisson,loglinear,3,0.75,seir,-8616.217,True,True
NICARAGUA,NICARAGUA,2023-02-19,no_effect,poisson,loglinear,5,1.0,hostvector,-537.76,True,True
NICARAGUA,NICARAGUA,2023-02-19,no_effect,poisson,loglinear,5,1.0,seir,-15119.991,True,True
NICARAGUA,NICARAGUA,2023-02-19,no_effect,poisson,loglinear,5,0.75,hostvector,-467.775,True,True
NICARAGUA,NICARAGUA,2023-02-19,no_effect,poisson,loglinear,5,0.75,seir,-8121.793,True,True
NICARAGUA,NICARAGUA,2023-02-19,no_effect,poisson,loglinear,7,1.0,hostvector,-618.266,True,True
NICARAGUA,NICARAGUA,2023-02-19,no_effect,poisson,loglinear,7,1.0,seir,-15064.175,True,True
NICARAGUA,NICARAGUA,2023-02-19,no_effect,poisson,loglinear,7,0.75,hostvector,-400.404,True,True
NICARAGUA,NICARAGUA,2023-02-19,no_effect,poisson,loglinear,7,0.75,seir,-8125.588,True,True
NICARAGUA,NICARAGUA,2023-02-19,climate,nb,briere,3,1.0,hostvector,-338.222,True,True
NICARAGUA,NICARAGUA,2023-02-19,climate,nb,briere,3,1.0,seir,-402.625,True,True
NICARAGUA,NICARAGUA,2023-02-19,climate,nb,briere,3,0.75,hostvector,-207.048,True,True
NICARAGUA,NICARAGUA,2023-02-19,climate,nb,briere,3,0.75,seir,-317.854,True,True
NICARAGUA,NICARAGUA,2023-02-19,climate,nb,briere,5,1.0,hostvector,-323.238,True,True
NICARAGUA,NICARAGUA,2023-02-19,climate,nb,briere,5,1.0,seir,-384.639,True,True
NICARAGUA,NICARAGUA,2023-02-19,climate,nb,briere,5,0.75,hostvector,-204.372,True,True
NICARAGUA,NICARAGUA,2023-02-19,climate,nb,briere,5,0.75,seir,-312.893,True,True
NICARAGUA,NICARAGUA,2023-02-19,climate,nb,briere,7,1.0,hostvector,-268.851,True,True
NICARAGUA,NICARAGUA,2023-02-19,climate,nb,briere,7,1.0,seir,-322.979,True,True
NICARAGUA,NICARAGUA,2023-02-19,climate,nb,briere,7,0.75,hostvector,-176.284,True,True
NICARAGUA,NICARAGUA,2023-02-19,climate,nb,briere,7,0.75,seir,-275.764,True,True
NICARAGUA,NICARAGUA,2023-02-19,climate,nb,loglinear,3,1.0,hostvector,-335.718,True,True
NICARAGUA,NICARAGUA,2023-02-19,climate,nb,loglinear,3,1.0,seir,-402.747,True,True
NICARAGUA,NICARAGUA,2023-02-19,climate,nb,loglinear,3,0.75,hostvector,-206.431,True,True
NICARAGUA,NICARAGUA,2023-02-19,climate,nb,loglinear,3,0.75,seir,-317.8,True,True
NICARAGUA,NICARAGUA,2023-02-19,climate,nb,loglinear,5,1.0,hostvector,-324.859,True,True
NICARAGUA,NICARAGUA,2023-02-19,climate,nb,loglinear,5,1.0,seir,-387.66,True,True
NICARAGUA,NICARAGUA,2023-02-19,climate,nb,loglinear,5,0.75,hostvector,-206.126,True,True
NICARAGUA,NICARAGUA,2023-02-19,climate,nb,loglinear,5,0.75,seir,-316.981,True,True
NICARAGUA,NICARAGUA,2023-02-19,climate,nb,loglinear,7,1.0,hostvector,-281.854,True,True
NICARAGUA,NICARAGUA,2023-02-19,climate,nb,loglinear,7,1.0,seir,-374.25,True,True
NICARAGUA,NICARAGUA,2023-02-19,climate,nb,loglinear,7,0.75,hostvector,-197.448,True,True
NICARAGUA,NICARAGUA,2023-02-19,climate,nb,loglinear,7,0.75,seir,-307.726,True,True
NICARAGUA,NICARAGUA,2023-02-19,climate,poisson,briere,3,1.0,hostvector,-181195.203,True,True
NICARAGUA,NICARAGUA,2023-02-19,climate,poisson,briere,3,1.0,seir,-181045.103,True,True
NICARAGUA,NICARAGUA,2023-02-19,climate,poisson,briere,3,0.75,hostvector,-109725.725,True,True
NICARAGUA,NICARAGUA,2023-02-19,climate,poisson,briere,3,0.75,seir,-149620.562,True,True
NICARAGUA,NICARAGUA,2023-02-19,climate,poisson,briere,5,1.0,hostvector,-183533.026,True,True
NICARAGUA,NICARAGUA,2023-02-19,climate,poisson,briere,5,1.0,seir,-176482.986,True,True
NICARAGUA,NICARAGUA,2023-02-19,climate,poisson,briere,5,0.75,hostvector,-113334.506,True,True
NICARAGUA,NICARAGUA,2023-02-19,climate,poisson,briere,5,0.75,seir,-156099.108,True,True
NICARAGUA,NICARAGUA,2023-02-19,climate,poisson,briere,7,1.0,hostvector,-144213.905,True,True
NICARAGUA,NICARAGUA,2023-02-19,climate,poisson,briere,7,1.0,seir,-121953.296,True,True
NICARAGUA,NICARAGUA,2023-02-19,climate,poisson,briere,7,0.75,hostvector,-96163.832,True,True
NICARAGUA,NICARAGUA,2023-02-19,climate,poisson,briere,7,0.75,seir,-135109.279,True,True
NICARAGUA,NICARAGUA,2023-02-19,climate,poisson,loglinear,3,1.0,hostvector,-181380.952,True,True
NICARAGUA,NICARAGUA,2023-02-19,climate,poisson,loglinear,3,1.0,seir,-182154.521,True,True
NICARAGUA,NICARAGUA,2023-02-19,climate,poisson,loglinear,3,0.75,hostvector,-109838.28,True,True
NICARAGUA,NICARAGUA,2023-02-19,climate,poisson,loglinear,3,0.75,seir,-149764.064,True,True
NICARAGUA,NICARAGUA,2023-02-19,climate,poisson,loglinear,5,1.0,hostvector,-185210.912,True,True
NICARAGUA,NICARAGUA,2023-02-19,climate,poisson,loglinear,5,1.0,seir,-180881.253,True,True
NICARAGUA,NICARAGUA,2023-02-19,climate,poisson,loglinear,5,0.75,hostvector,-114131.013,True,True
NICARAGUA,NICARAGUA,2023-02-19,climate,poisson,loglinear,5,0.75,seir,-157640.47,True,True
NICARAGUA,NICARAGUA,2023-02-19,climate,poisson,loglinear,7,1.0,hostvector,-172712.898,True,True
NICARAGUA,NICARAGUA,2023-02-19,climate,poisson,loglinear,7,1.0,seir,-167588.996,True,True
NICARAGUA,NICARAGUA,2023-02-19,climate,poisson,loglinear,7,0.75,hostvector,-108240.999,True,True
NICARAGUA,NICARAGUA,2023-02-19,climate,poisson,loglinear,7,0.75,seir,-151153.411,True,True
PANAMA,PANAMA,2015-08-02,no_effect,nb,briere,3,1.0,hostvector,2.425,False,False
PANAMA,PANAMA,2015-08-02,no_effect,nb,briere,3,1.0,seir,3.113,False,False
PANAMA,PANAMA,2015-08-02,no_effect,nb,briere,3,0.75,hostvector,2.415,False,False
PANAMA,PANAMA,2015-08-02,no_effect,nb,briere,3,0.75,seir,2.938,False,False
PANAMA,PANAMA,2015-08-02,no_effect,nb,briere,5,1.0,hostvector,3.314,False,False
PANAMA,PANAMA,2015-08-02,no_effect,nb,briere,5,1.0,seir,3.695,False,False
PANAMA,PANAMA,2015-08-02,no_effect,nb,briere,5,0.75,hostvector,3.991,False,False
PANAMA,PANAMA,2015-08-02,no_effect,nb,briere,5,0.75,seir,3.896,False,False
PANAMA,PANAMA,2015-08-02,no_effect,nb,briere,7,1.0,hostvector,3.52,False,False
PANAMA,PANAMA,2015-08-02,no_effect,nb,briere,7,1.0,seir,3.759,False,False
PANAMA,PANAMA,2015-08-02,no_effect,nb,briere,7,0.75,hostvector,3.708,False,False
PANAMA,PANAMA,2015-08-02,no_effect,nb,briere,7,0.75,seir,3.726,False,False
PANAMA,PANAMA,2015-08-02,no_effect,nb,loglinear,3,1.0,hostvector,2.425,False,False
PANAMA,PANAMA,2015-08-02,no_effect,nb,loglinear,3,1.0,seir,2.887,False,False
PANAMA,PANAMA,2015-08-02,no_effect,nb,loglinear,3,0.75,hostvector,1.308,False,False
PANAMA,PANAMA,2015-08-02,no_effect,nb,loglinear,3,0.75,seir,1.651,False,False
PANAMA,PANAMA,2015-08-02,no_effect,nb,loglinear,5,1.0,hostvector,3.314,False,False
PANAMA,PANAMA,2015-08-02,no_effect,nb,loglinear,5,1.0,seir,3.45,False,False
PANAMA,PANAMA,2015-08-02,no_effect,nb,loglinear,5,0.75,hostvector,3.079,False,False
PANAMA,PANAMA,2015-08-02,no_effect,nb,loglinear,5,0.75,seir,3.408,False,False
PANAMA,PANAMA,2015-08-02,no_effect,nb,loglinear,7,1.0,hostvector,3.376,False,False
PANAMA,PANAMA,2015-08-02,no_effect,nb,loglinear,7,1.0,seir,3.534,False,False
PANAMA,PANAMA,2015-08-02,no_effect,nb,loglinear,7,0.75,hostvector,3.588,False,False
PANAMA,PANAMA,2015-08-02,no_effect,nb,loglinear,7,0.75,seir,3.481,False,False
PANAMA,PANAMA,2015-08-02,no_effect,poisson,briere,3,1.0,hostvector,-54.146,True,True
PANAMA,PANAMA,2015-08-02,no_effect,poisson,briere,3,1.0,seir,-31.388,True,True
PANAMA,PANAMA,2015-08-02,no_effect,poisson,briere,3,0.75,hostvector,-59.86,True,True
PANAMA,PANAMA,2015-08-02,no_effect,poisson,briere,3,0.75,seir,-40.139,True,True
PANAMA,PANAMA,2015-08-02,no_effect,poisson,briere,5,1.0,hostvector,-18.54,True,True
PANAMA,PANAMA,2015-08-02,no_effect,poisson,briere,5,1.0,seir,-7.377,True,True
PANAMA,PANAMA,2015-08-02,no_effect,poisson,briere,5,0.75,hostvector,2.277,False,False
PANAMA,PANAMA,2015-08-02,no_effect,poisson,briere,5,0.75,seir,3.918,False,False
PANAMA,PANAMA,2015-08-02,no_effect,poisson,briere,7,1.0,hostvector,-11.537,True,True
PANAMA,PANAMA,2015-08-02,no_effect,poisson,briere,7,1.0,seir,-3.656,True,False
PANAMA,PANAMA,2015-08-02,no_effect,poisson,briere,7,0.75,hostvector,-1.623,True,False
PANAMA,PANAMA,2015-08-02,no_effect,poisson,briere,7,0.75,seir,-2.254,True,False
PANAMA,PANAMA,2015-08-02,no_effect,poisson,loglinear,3,1.0,hostvector,-58.717,True,True
PANAMA,PANAMA,2015-08-02,no_effect,poisson,loglinear,3,1.0,seir,-37.264,True,True
PANAMA,PANAMA,2015-08-02,no_effect,poisson,loglinear,3,0.75,hostvector,-95.251,True,True
PANAMA,PANAMA,2015-08-02,no_effect,poisson,loglinear,3,0.75,seir,-79.573,True,True
PANAMA,PANAMA,2015-08-02,no_effect,poisson,loglinear,5,1.0,hostvector,-20.791,True,True
PANAMA,PANAMA,2015-08-02,no_effect,poisson,loglinear,5,1.0,seir,-7.377,True,True
PANAMA,PANAMA,2015-08-02,no_effect,poisson,loglinear,5,0.75,hostvector,-27.822,True,True
PANAMA,PANAMA,2015-08-02,no_effect,poisson,loglinear,5,0.75,seir,-17.311,True,True
PANAMA,PANAMA,2015-08-02,no_effect,poisson,loglinear,7,1.0,hostvector,-12.839,True,True
PANAMA,PANAMA,2015-08-02,no_effect,poisson,loglinear,7,1.0,seir,-6.269,True,True
PANAMA,PANAMA,2015-08-02,no_effect,poisson,loglinear,7,0.75,hostvector,-3.685,True,False
PANAMA,PANAMA,2015-08-02,no_effect,poisson,loglinear,7,0.75,seir,-14.544,True,True
PANAMA,PANAMA,2015-08-02,climate,nb,briere,3,1.0,hostvector,-18.503,True,True
PANAMA,PANAMA,2015-08-02,climate,nb,briere,3,1.0,seir,-12.724,True,True
PANAMA,PANAMA,2015-08-02,climate,nb,briere,3,0.75,hostvector,0.505,False,False
PANAMA,PANAMA,2015-08-02,climate,nb,briere,3,0.75,seir,1.832,False,False
PANAMA,PANAMA,2015-08-02,climate,nb,briere,5,1.0,hostvector,-17.377,True,True
PANAMA,PANAMA,2015-08-02,climate,nb,briere,5,1.0,seir,-11.303,True,True
PANAMA,PANAMA,2015-08-02,climate,nb,briere,5,0.75,hostvector,1.288,False,False
PANAMA,PANAMA,2015-08-02,climate,nb,briere,5,0.75,seir,2.694,False,False
PANAMA,PANAMA,2015-08-02,climate,nb,briere,7,1.0,hostvector,-16.119,True,True
PANAMA,PANAMA,2015-08-02,climate,nb,briere,7,1.0,seir,-9.424,True,True
PANAMA,PANAMA,2015-08-02,climate,nb,briere,7,0.75,hostvector,1.817,False,False
PANAMA,PANAMA,2015-08-02,climate,nb,briere,7,0.75,seir,3.366,False,False
PANAMA,PANAMA,2015-08-02,climate,nb,loglinear,3,1.0,hostvector,-18.558,True,True
PANAMA,PANAMA,2015-08-02,climate,nb,loglinear,3,1.0,seir,-12.744,True,True
PANAMA,PANAMA,2015-08-02,climate,nb,loglinear,3,0.75,hostvector,0.424,False,False
PANAMA,PANAMA,2015-08-02,climate,nb,loglinear,3,0.75,seir,1.813,False,False
PANAMA,PANAMA,2015-08-02,climate,nb,loglinear,5,1.0,hostvector,-17.44,True,True
PANAMA,PANAMA,2015-08-02,climate,nb,loglinear,5,1.0,seir,-11.32,True,True
PANAMA,PANAMA,2015-08-02,climate,nb,loglinear,5,0.75,hostvector,1.226,False,False
PANAMA,PANAMA,2015-08-02,climate,nb,loglinear,5,0.75,seir,2.682,False,False
PANAMA,PANAMA,2015-08-02,climate,nb,loglinear,7,1.0,hostvector,-16.176,True,True
PANAMA,PANAMA,2015-08-02,climate,nb,loglinear,7,1.0,seir,-9.425,True,True
PANAMA,PANAMA,2015-08-02,climate,nb,loglinear,7,0.75,hostvector,1.774,False,False
PANAMA,PANAMA,2015-08-02,climate,nb,loglinear,7,0.75,seir,3.337,False,False
PANAMA,PANAMA,2015-08-02,climate,poisson,briere,3,1.0,hostvector,-368.57,True,True
PANAMA,PANAMA,2015-08-02,climate,poisson,briere,3,1.0,seir,-337.41,True,True
PANAMA,PANAMA,2015-08-02,climate,poisson,briere,3,0.75,hostvector,-86.212,True,True
PANAMA,PANAMA,2015-08-02,climate,poisson,briere,3,0.75,seir,-74.667,True,True
PANAMA,PANAMA,2015-08-02,climate,poisson,briere,5,1.0,hostvector,-342.242,True,True
PANAMA,PANAMA,2015-08-02,climate,poisson,briere,5,1.0,seir,-306.392,True,True
PANAMA,PANAMA,2015-08-02,climate,poisson,briere,5,0.75,hostvector,-61.136,True,True
PANAMA,PANAMA,2015-08-02,climate,poisson,briere,5,0.75,seir,-49.873,True,True
PANAMA,PANAMA,2015-08-02,climate,poisson,briere,7,1.0,hostvector,-308.755,True,True
PANAMA,PANAMA,2015-08-02,climate,poisson,briere,7,1.0,seir,-265.714,True,True
PANAMA,PANAMA,2015-08-02,climate,poisson,briere,7,0.75,hostvector,-40.851,True,True
PANAMA,PANAMA,2015-08-02,climate,poisson,briere,7,0.75,seir,-28.45,True,True
PANAMA,PANAMA,2015-08-02,climate,poisson,loglinear,3,1.0,hostvector,-371.53,True,True
PANAMA,PANAMA,2015-08-02,climate,poisson,loglinear,3,1.0,seir,-339.644,True,True
PANAMA,PANAMA,2015-08-02,climate,poisson,loglinear,3,0.75,hostvector,-88.741,True,True
PANAMA,PANAMA,2015-08-02,climate,poisson,loglinear,3,0.75,seir,-76.573,True,True
PANAMA,PANAMA,2015-08-02,climate,poisson,loglinear,5,1.0,hostvector,-344.47,True,True
PANAMA,PANAMA,2015-08-02,climate,poisson,loglinear,5,1.0,seir,-308.089,True,True
PANAMA,PANAMA,2015-08-02,climate,poisson,loglinear,5,0.75,hostvector,-63.006,True,True
PANAMA,PANAMA,2015-08-02,climate,poisson,loglinear,5,0.75,seir,-51.249,True,True
PANAMA,PANAMA,2015-08-02,climate,poisson,loglinear,7,1.0,hostvector,-310.958,True,True
PANAMA,PANAMA,2015-08-02,climate,poisson,loglinear,7,1.0,seir,-267.317,True,True
PANAMA,PANAMA,2015-08-02,climate,poisson,loglinear,7,0.75,hostvector,-42.623,True,True
PANAMA,PANAMA,2015-08-02,climate,poisson,loglinear,7,0.75,seir,-29.807,True,True
PANAMA,PANAMA,2022-04-03,no_effect,nb,briere,3,1.0,hostvector,3.921,False,False
PANAMA,PANAMA,2022-04-03,no_effect,nb,briere,3,1.0,seir,3.43,False,False
PANAMA,PANAMA,2022-04-03,no_effect,nb,briere,3,0.75,hostvector,3.905,False,False
PANAMA,PANAMA,2022-04-03,no_effect,nb,briere,3,0.75,seir,3.756,False,False
PANAMA,PANAMA,2022-04-03,no_effect,nb,briere,5,1.0,hostvector,4.0,False,False
PANAMA,PANAMA,2022-04-03,no_effect,nb,briere,5,1.0,seir,3.756,False,False
PANAMA,PANAMA,2022-04-03,no_effect,nb,briere,5,0.75,hostvector,3.951,False,False
PANAMA,PANAMA,2022-04-03,no_effect,nb,briere,5,0.75,seir,3.722,False,False
PANAMA,PANAMA,2022-04-03,no_effect,nb,briere,7,1.0,hostvector,3.906,False,False
PANAMA,PANAMA,2022-04-03,no_effect,nb,briere,7,1.0,seir,3.939,False,False
PANAMA,PANAMA,2022-04-03,no_effect,nb,briere,7,0.75,hostvector,3.914,False,False
PANAMA,PANAMA,2022-04-03,no_effect,nb,briere,7,0.75,seir,3.821,False,False
PANAMA,PANAMA,2022-04-03,no_effect,nb,loglinear,3,1.0,hostvector,1.454,False,False
PANAMA,PANAMA,2022-04-03,no_effect,nb,loglinear,3,1.0,seir,1.472,False,False
PANAMA,PANAMA,2022-04-03,no_effect,nb,loglinear,3,0.75,hostvector,3.863,False,False
PANAMA,PANAMA,2022-04-03,no_effect,nb,loglinear,3,0.75,seir,3.756,False,False
PANAMA,PANAMA,2022-04-03,no_effect,nb,loglinear,5,1.0,hostvector,1.858,False,False
PANAMA,PANAMA,2022-04-03,no_effect,nb,loglinear,5,1.0,seir,1.889,False,False
PANAMA,PANAMA,2022-04-03,no_effect,nb,loglinear,5,0.75,hostvector,3.89,False,False
PANAMA,PANAMA,2022-04-03,no_effect,nb,loglinear,5,0.75,seir,3.722,False,False
PANAMA,PANAMA,2022-04-03,no_effect,nb,loglinear,7,1.0,hostvector,2.57,False,False
PANAMA,PANAMA,2022-04-03,no_effect,nb,loglinear,7,1.0,seir,2.682,False,False
PANAMA,PANAMA,2022-04-03,no_effect,nb,loglinear,7,0.75,hostvector,3.856,False,False
PANAMA,PANAMA,2022-04-03,no_effect,nb,loglinear,7,0.75,seir,3.82,False,False
PANAMA,PANAMA,2022-04-03,no_effect,poisson,briere,3,1.0,hostvector,-15.19,True,True
PANAMA,PANAMA,2022-04-03,no_effect,poisson,briere,3,1.0,seir,-27.692,True,True
PANAMA,PANAMA,2022-04-03,no_effect,poisson,briere,3,0.75,hostvector,3.717,False,False
PANAMA,PANAMA,2022-04-03,no_effect,poisson,briere,3,0.75,seir,-3.347,True,False
PANAMA,PANAMA,2022-04-03,no_effect,poisson,briere,5,1.0,hostvector,-5.076,True,True
PANAMA,PANAMA,2022-04-03,no_effect,poisson,briere,5,1.0,seir,-14.614,True,True
PANAMA,PANAMA,2022-04-03,no_effect,poisson,briere,5,0.75,hostvector,2.529,False,False
PANAMA,PANAMA,2022-04-03,no_effect,poisson,briere,5,0.75,seir,-5.47,True,True
PANAMA,PANAMA,2022-04-03,no_effect,poisson,briere,7,1.0,hostvector,3.816,False,False
PANAMA,PANAMA,2022-04-03,no_effect,poisson,briere,7,1.0,seir,-0.533,True,False
PANAMA,PANAMA,2022-04-03,no_effect,poisson,briere,7,0.75,hostvector,2.896,False,False
PANAMA,PANAMA,2022-04-03,no_effect,poisson,briere,7,0.75,seir,1.388,False,False
PANAMA,PANAMA,2022-04-03,no_effect,poisson,loglinear,3,1.0,hostvector,-46.829,True,True
PANAMA,PANAMA,2022-04-03,no_effect,poisson,loglinear,3,1.0,seir,-54.748,True,True
PANAMA,PANAMA,2022-04-03,no_effect,poisson,loglinear,3,0.75,hostvector,3.729,False,False
PANAMA,PANAMA,2022-04-03,no_effect,poisson,loglinear,3,0.75,seir,-3.187,True,False
PANAMA,PANAMA,2022-04-03,no_effect,poisson,loglinear,5,1.0,hostvector,-37.137,True,True
PANAMA,PANAMA,2022-04-03,no_effect,poisson,loglinear,5,1.0,seir,-43.913,True,True
PANAMA,PANAMA,2022-04-03,no_effect,poisson,loglinear,5,0.75,hostvector,2.307,False,False
PANAMA,PANAMA,2022-04-03,no_effect,poisson,loglinear,5,0.75,seir,-5.443,True,True
PANAMA,PANAMA,2022-04-03,no_effect,poisson,loglinear,7,1.0,hostvector,-9.125,True,True
PANAMA,PANAMA,2022-04-03,no_effect,poisson,loglinear,7,1.0,seir,-14.119,True,True
PANAMA,PANAMA,2022-04-03,no_effect,poisson,loglinear,7,0.75,hostvector,2.965,False,False
PANAMA,PANAMA,2022-04-03,no_effect,poisson,loglinear,7,0.75,seir,1.546,False,False
PANAMA,PANAMA,2022-04-03,climate,nb,briere,3,1.0,hostvector,-117.788,True,True
PANAMA,PANAMA,2022-04-03,climate,nb,briere,3,1.0,seir,-104.073,True,True
PANAMA,PANAMA,2022-04-03,climate,nb,briere,3,0.75,hostvector,1.799,False,False
PANAMA,PANAMA,2022-04-03,climate,nb,briere,3,0.75,seir,2.758,False,False
PANAMA,PANAMA,2022-04-03,climate,nb,briere,5,1.0,hostvector,-107.706,True,True
PANAMA,PANAMA,2022-04-03,climate,nb,briere,5,1.0,seir,-96.188,True,True
PANAMA,PANAMA,2022-04-03,climate,nb,briere,5,0.75,hostvector,-1.526,True,False
PANAMA,PANAMA,2022-04-03,climate,nb,briere,5,0.75,seir,-0.21,True,False
PANAMA,PANAMA,2022-04-03,climate,nb,briere,7,1.0,hostvector,-81.173,True,True
PANAMA,PANAMA,2022-04-03,climate,nb,briere,7,1.0,seir,-69.334,True,True
PANAMA,PANAMA,2022-04-03,climate,nb,briere,7,0.75,hostvector,-0.791,True,False
PANAMA,PANAMA,2022-04-03,climate,nb,briere,7,0.75,seir,0.429,False,False
PANAMA,PANAMA,2022-04-03,climate,nb,loglinear,3,1.0,hostvector,-117.764,True,True
PANAMA,PANAMA,2022-04-03,climate,nb,loglinear,3,1.0,seir,-104.081,True,True
PANAMA,PANAMA,2022-04-03,climate,nb,loglinear,3,0.75,hostvector,1.841,False,False
PANAMA,PANAMA,2022-04-03,climate,nb,loglinear,3,0.75,seir,2.852,False,False
PANAMA,PANAMA,2022-04-03,climate,nb,loglinear,5,1.0,hostvector,-107.82,True,True
PANAMA,PANAMA,2022-04-03,climate,nb,loglinear,5,1.0,seir,-96.467,True,True
PANAMA,PANAMA,2022-04-03,climate,nb,loglinear,5,0.75,hostvector,-1.483,True,False
PANAMA,PANAMA,2022-04-03,climate,nb,loglinear,5,0.75,seir,-0.213,True,False
PANAMA,PANAMA,2022-04-03,climate,nb,loglinear,7,1.0,hostvector,-83.853,True,True
PANAMA,PANAMA,2022-04-03,climate,nb,loglinear,7,1.0,seir,-69.386,True,True
PANAMA,PANAMA,2022-04-03,climate,nb,loglinear,7,0.75,hostvector,-0.761,True,False
PANAMA,PANAMA,2022-04-03,climate,nb,loglinear,7,0.75,seir,0.458,False,False
PANAMA,PANAMA,2022-04-03,climate,poisson,briere,3,1.0,hostvector,-1072.496,True,True
PANAMA,PANAMA,2022-04-03,climate,poisson,briere,3,1.0,seir,-1034.483,True,True
PANAMA,PANAMA,2022-04-03,climate,poisson,briere,3,0.75,hostvector,-69.894,True,True
PANAMA,PANAMA,2022-04-03,climate,poisson,briere,3,0.75,seir,-97.264,True,True
PANAMA,PANAMA,2022-04-03,climate,poisson,briere,5,1.0,hostvector,-1032.463,True,True
PANAMA,PANAMA,2022-04-03,climate,poisson,briere,5,1.0,seir,-997.956,True,True
PANAMA,PANAMA,2022-04-03,climate,poisson,briere,5,0.75,hostvector,-287.852,True,True
PANAMA,PANAMA,2022-04-03,climate,poisson,briere,5,0.75,seir,-292.369,True,True
PANAMA,PANAMA,2022-04-03,climate,poisson,briere,7,1.0,hostvector,-846.407,True,True
PANAMA,PANAMA,2022-04-03,climate,poisson,briere,7,1.0,seir,-776.865,True,True
PANAMA,PANAMA,2022-04-03,climate,poisson,briere,7,0.75,hostvector,-312.082,True,True
PANAMA,PANAMA,2022-04-03,climate,poisson,briere,7,0.75,seir,-300.967,True,True
PANAMA,PANAMA,2022-04-03,climate,poisson,loglinear,3,1.0,hostvector,-1072.195,True,True
PANAMA,PANAMA,2022-04-03,climate,poisson,loglinear,3,1.0,seir,-1032.613,True,True
PANAMA,PANAMA,2022-04-03,climate,poisson,loglinear,3,0.75,hostvector,-64.892,True,True
PANAMA,PANAMA,2022-04-03,climate,poisson,loglinear,3,0.75,seir,-89.803,True,True
PANAMA,PANAMA,2022-04-03,climate,poisson,loglinear,5,1.0,hostvector,-1032.304,True,True
PANAMA,PANAMA,2022-04-03,climate,poisson,loglinear,5,1.0,seir,-998.958,True,True
PANAMA,PANAMA,2022-04-03,climate,poisson,loglinear,5,0.75,hostvector,-282.146,True,True
PANAMA,PANAMA,2022-04-03,climate,poisson,loglinear,5,0.75,seir,-286.711,True,True
PANAMA,PANAMA,2022-04-03,climate,poisson,loglinear,7,1.0,hostvector,-846.264,True,True
PANAMA,PANAMA,2022-04-03,climate,poisson,loglinear,7,1.0,seir,-776.011,True,True
PANAMA,PANAMA,2022-04-03,climate,poisson,loglinear,7,0.75,hostvector,-306.144,True,True
PANAMA,PANAMA,2022-04-03,climate,poisson,loglinear,7,0.75,seir,-294.572,True,True
PARAGUAY,PARAGUAY,2022-10-02,no_effect,nb,briere,3,1.0,hostvector,0.389,False,False
PARAGUAY,PARAGUAY,2022-10-02,no_effect,nb,briere,3,1.0,seir,2.415,False,False
PARAGUAY,PARAGUAY,2022-10-02,no_effect,nb,briere,3,0.75,hostvector,2.56,False,False
PARAGUAY,PARAGUAY,2022-10-02,no_effect,nb,briere,3,0.75,seir,3.524,False,False
PARAGUAY,PARAGUAY,2022-10-02,no_effect,nb,briere,5,1.0,hostvector,-0.527,True,False
PARAGUAY,PARAGUAY,2022-10-02,no_effect,nb,briere,5,1.0,seir,2.863,False,False
PARAGUAY,PARAGUAY,2022-10-02,no_effect,nb,briere,5,0.75,hostvector,-0.209,True,False
PARAGUAY,PARAGUAY,2022-10-02,no_effect,nb,briere,5,0.75,seir,2.638,False,False
PARAGUAY,PARAGUAY,2022-10-02,no_effect,nb,briere,7,1.0,hostvector,-3.338,True,False
PARAGUAY,PARAGUAY,2022-10-02,no_effect,nb,briere,7,1.0,seir,1.096,False,False
PARAGUAY,PARAGUAY,2022-10-02,no_effect,nb,briere,7,0.75,hostvector,-3.815,True,False
PARAGUAY,PARAGUAY,2022-10-02,no_effect,nb,briere,7,0.75,seir,-0.083,True,False
PARAGUAY,PARAGUAY,2022-10-02,no_effect,nb,loglinear,3,1.0,hostvector,0.815,False,False
PARAGUAY,PARAGUAY,2022-10-02,no_effect,nb,loglinear,3,1.0,seir,2.347,False,False
PARAGUAY,PARAGUAY,2022-10-02,no_effect,nb,loglinear,3,0.75,hostvector,2.463,False,False
PARAGUAY,PARAGUAY,2022-10-02,no_effect,nb,loglinear,3,0.75,seir,3.518,False,False
PARAGUAY,PARAGUAY,2022-10-02,no_effect,nb,loglinear,5,1.0,hostvector,0.237,False,False
PARAGUAY,PARAGUAY,2022-10-02,no_effect,nb,loglinear,5,1.0,seir,3.31,False,False
PARAGUAY,PARAGUAY,2022-10-02,no_effect,nb,loglinear,5,0.75,hostvector,-0.47,True,False
PARAGUAY,PARAGUAY,2022-10-02,no_effect,nb,loglinear,5,0.75,seir,2.57,False,False
PARAGUAY,PARAGUAY,2022-10-02,no_effect,nb,loglinear,7,1.0,hostvector,-1.927,True,False
PARAGUAY,PARAGUAY,2022-10-02,no_effect,nb,loglinear,7,1.0,seir,1.794,False,False
PARAGUAY,PARAGUAY,2022-10-02,no_effect,nb,loglinear,7,0.75,hostvector,-3.779,True,False
PARAGUAY,PARAGUAY,2022-10-02,no_effect,nb,loglinear,7,0.75,seir,-0.185,True,False
PARAGUAY,PARAGUAY,2022-10-02,no_effect,poisson,briere,3,1.0,hostvector,-24.72,True,True
PARAGUAY,PARAGUAY,2022-10-02,no_effect,poisson,briere,3,1.0,seir,-4.4,True,True
PARAGUAY,PARAGUAY,2022-10-02,no_effect,poisson,briere,3,0.75,hostvector,-22.04,True,True
PARAGUAY,PARAGUAY,2022-10-02,no_effect,poisson,briere,3,0.75,seir,-2.634,True,False
PARAGUAY,PARAGUAY,2022-10-02,no_effect,poisson,briere,5,1.0,hostvector,-145.919,True,True
PARAGUAY,PARAGUAY,2022-10-02,no_effect,poisson,briere,5,1.0,seir,-117.742,True,True
PARAGUAY,PARAGUAY,2022-10-02,no_effect,poisson,briere,5,0.75,hostvector,-149.434,True,True
PARAGUAY,PARAGUAY,2022-10-02,no_effect,poisson,briere,5,0.75,seir,-147.715,True,True
PARAGUAY,PARAGUAY,2022-10-02,no_effect,poisson,briere,7,1.0,hostvector,-411.371,True,True
PARAGUAY,PARAGUAY,2022-10-02,no_effect,poisson,briere,7,1.0,seir,-306.296,True,True
PARAGUAY,PARAGUAY,2022-10-02,no_effect,poisson,briere,7,0.75,hostvector,-549.429,True,True
PARAGUAY,PARAGUAY,2022-10-02,no_effect,poisson,briere,7,0.75,seir,-454.324,True,True
PARAGUAY,PARAGUAY,2022-10-02,no_effect,poisson,loglinear,3,1.0,hostvector,-56.433,True,True
PARAGUAY,PARAGUAY,2022-10-02,no_effect,poisson,loglinear,3,1.0,seir,-50.058,True,True
PARAGUAY,PARAGUAY,2022-10-02,no_effect,poisson,loglinear,3,0.75,hostvector,-74.016,True,True
PARAGUAY,PARAGUAY,2022-10-02,no_effect,poisson,loglinear,3,0.75,seir,-68.987,True,True
PARAGUAY,PARAGUAY,2022-10-02,no_effect,poisson,loglinear,5,1.0,hostvector,-114.229,True,True
PARAGUAY,PARAGUAY,2022-10-02,no_effect,poisson,loglinear,5,1.0,seir,-88.111,True,True
PARAGUAY,PARAGUAY,2022-10-02,no_effect,poisson,loglinear,5,0.75,hostvector,-174.876,True,True
PARAGUAY,PARAGUAY,2022-10-02,no_effect,poisson,loglinear,5,0.75,seir,-156.948,True,True
PARAGUAY,PARAGUAY,2022-10-02,no_effect,poisson,loglinear,7,1.0,hostvector,-333.842,True,True
PARAGUAY,PARAGUAY,2022-10-02,no_effect,poisson,loglinear,7,1.0,seir,-264.407,True,True
PARAGUAY,PARAGUAY,2022-10-02,no_effect,poisson,loglinear,7,0.75,hostvector,-548.054,True,True
PARAGUAY,PARAGUAY,2022-10-02,no_effect,poisson,loglinear,7,0.75,seir,-461.823,True,True
PARAGUAY,PARAGUAY,2022-10-02,climate,nb,briere,3,1.0,hostvector,-21.065,True,True
PARAGUAY,PARAGUAY,2022-10-02,climate,nb,briere,3,1.0,seir,-14.801,True,True
PARAGUAY,PARAGUAY,2022-10-02,climate,nb,briere,3,0.75,hostvector,-19.434,True,True
PARAGUAY,PARAGUAY,2022-10-02,climate,nb,briere,3,0.75,seir,-14.185,True,True
PARAGUAY,PARAGUAY,2022-10-02,climate,nb,briere,5,1.0,hostvector,-9.952,True,True
PARAGUAY,PARAGUAY,2022-10-02,climate,nb,briere,5,1.0,seir,-4.926,True,True
PARAGUAY,PARAGUAY,2022-10-02,climate,nb,briere,5,0.75,hostvector,-9.838,True,True
PARAGUAY,PARAGUAY,2022-10-02,climate,nb,briere,5,0.75,seir,-5.633,True,True
PARAGUAY,PARAGUAY,2022-10-02,climate,nb,briere,7,1.0,hostvector,2.01,False,False
PARAGUAY,PARAGUAY,2022-10-02,climate,nb,briere,7,1.0,seir,3.681,False,False
PARAGUAY,PARAGUAY,2022-10-02,climate,nb,briere,7,0.75,hostvector,2.53,False,False
PARAGUAY,PARAGUAY,2022-10-02,climate,nb,briere,7,0.75,seir,3.919,False,False
PARAGUAY,PARAGUAY,2022-10-02,climate,nb,loglinear,3,1.0,hostvector,-22.28,True,True
PARAGUAY,PARAGUAY,2022-10-02,climate,nb,loglinear,3,1.0,seir,-15.417,True,True
PARAGUAY,PARAGUAY,2022-10-02,climate,nb,loglinear,3,0.75,hostvector,-20.829,True,True
PARAGUAY,PARAGUAY,2022-10-02,climate,nb,loglinear,3,0.75,seir,-14.966,True,True
PARAGUAY,PARAGUAY,2022-10-02,climate,nb,loglinear,5,1.0,hostvector,-9.666,True,True
PARAGUAY,PARAGUAY,2022-10-02,climate,nb,loglinear,5,1.0,seir,-4.875,True,True
PARAGUAY,PARAGUAY,2022-10-02,climate,nb,loglinear,5,0.75,hostvector,-9.812,True,True
PARAGUAY,PARAGUAY,2022-10-02,climate,nb,loglinear,5,0.75,seir,-5.689,True,True
PARAGUAY,PARAGUAY,2022-10-02,climate,nb,loglinear,7,1.0,hostvector,2.33,False,False
PARAGUAY,PARAGUAY,2022-10-02,climate,nb,loglinear,7,1.0,seir,3.864,False,False
PARAGUAY,PARAGUAY,2022-10-02,climate,nb,loglinear,7,0.75,hostvector,2.559,False,False
PARAGUAY,PARAGUAY,2022-10-02,climate,nb,loglinear,7,0.75,seir,3.847,False,False
PARAGUAY,PARAGUAY,2022-10-02,climate,poisson,briere,3,1.0,hostvector,-3735.23,True,True
PARAGUAY,PARAGUAY,2022-10-02,climate,poisson,briere,3,1.0,seir,-3443.287,True,True
PARAGUAY,PARAGUAY,2022-10-02,climate,poisson,briere,3,0.75,hostvector,-3734.898,True,True
PARAGUAY,PARAGUAY,2022-10-02,climate,poisson,briere,3,0.75,seir,-3443.293,True,True
PARAGUAY,PARAGUAY,2022-10-02,climate,poisson,briere,5,1.0,hostvector,-2920.476,True,True
PARAGUAY,PARAGUAY,2022-10-02,climate,poisson,briere,5,1.0,seir,-1463.618,True,True
PARAGUAY,PARAGUAY,2022-10-02,climate,poisson,briere,5,0.75,hostvector,-2935.875,True,True
PARAGUAY,PARAGUAY,2022-10-02,climate,poisson,briere,5,0.75,seir,-1466.218,True,True
PARAGUAY,PARAGUAY,2022-10-02,climate,poisson,briere,7,1.0,hostvector,-66.66,True,True
PARAGUAY,PARAGUAY,2022-10-02,climate,poisson,briere,7,1.0,seir,-745.701,True,True
PARAGUAY,PARAGUAY,2022-10-02,climate,poisson,briere,7,0.75,hostvector,-66.482,True,True
PARAGUAY,PARAGUAY,2022-10-02,climate,poisson,briere,7,0.75,seir,-745.617,True,True
PARAGUAY,PARAGUAY,2022-10-02,climate,poisson,loglinear,3,1.0,hostvector,-3607.819,True,True
PARAGUAY,PARAGUAY,2022-10-02,climate,poisson,loglinear,3,1.0,seir,-3374.533,True,True
PARAGUAY,PARAGUAY,2022-10-02,climate,poisson,loglinear,3,0.75,hostvector,-3608.683,True,True
PARAGUAY,PARAGUAY,2022-10-02,climate,poisson,loglinear,3,0.75,seir,-3374.993,True,True
PARAGUAY,PARAGUAY,2022-10-02,climate,poisson,loglinear,5,1.0,hostvector,-2951.067,True,True
PARAGUAY,PARAGUAY,2022-10-02,climate,poisson,loglinear,5,1.0,seir,-1692.563,True,True
PARAGUAY,PARAGUAY,2022-10-02,climate,poisson,loglinear,5,0.75,hostvector,-2983.73,True,True
PARAGUAY,PARAGUAY,2022-10-02,climate,poisson,loglinear,5,0.75,seir,-1727.306,True,True
PARAGUAY,PARAGUAY,2022-10-02,climate,poisson,loglinear,7,1.0,hostvector,-591.485,True,True
PARAGUAY,PARAGUAY,2022-10-02,climate,poisson,loglinear,7,1.0,seir,-783.928,True,True
PARAGUAY,PARAGUAY,2022-10-02,climate,poisson,loglinear,7,0.75,hostvector,-607.902,True,True
PARAGUAY,PARAGUAY,2022-10-02,climate,poisson,loglinear,7,0.75,seir,-784.643,True,True
PERU,SAN MARTIN,2011-08-28,no_effect,nb,briere,3,1.0,hostvector,1.737,False,False
PERU,SAN MARTIN,2011-08-28,no_effect,nb,briere,3,1.0,seir,2.314,False,False
PERU,SAN MARTIN,2011-08-28,no_effect,nb,briere,3,0.75,hostvector,2.043,False,False
PERU,SAN MARTIN,2011-08-28,no_effect,nb,briere,3,0.75,seir,2.658,False,False
PERU,SAN MARTIN,2011-08-28,no_effect,nb,briere,5,1.0,hostvector,2.95,False,False
PERU,SAN MARTIN,2011-08-28,no_effect,nb,briere,5,1.0,seir,3.414,False,False
PERU,SAN MARTIN,2011-08-28,no_effect,nb,briere,5,0.75,hostvector,3.626,False,False
PERU,SAN MARTIN,2011-08-28,no_effect,nb,briere,5,0.75,seir,3.759,False,False
PERU,SAN MARTIN,2011-08-28,no_effect,nb,briere,7,1.0,hostvector,3.707,False,False
PERU,SAN MARTIN,2011-08-28,no_effect,nb,briere,7,1.0,seir,3.849,False,False
PERU,SAN MARTIN,2011-08-28,no_effect,nb,briere,7,0.75,hostvector,3.429,False,False
PERU,SAN MARTIN,2011-08-28,no_effect,nb,briere,7,0.75,seir,3.171,False,False
PERU,SAN MARTIN,2011-08-28,no_effect,nb,loglinear,3,1.0,hostvector,1.691,False,False
PERU,SAN MARTIN,2011-08-28,no_effect,nb,loglinear,3,1.0,seir,2.271,False,False
PERU,SAN MARTIN,2011-08-28,no_effect,nb,loglinear,3,0.75,hostvector,1.848,False,False
PERU,SAN MARTIN,2011-08-28,no_effect,nb,loglinear,3,0.75,seir,2.472,False,False
PERU,SAN MARTIN,2011-08-28,no_effect,nb,loglinear,5,1.0,hostvector,2.901,False,False
PERU,SAN MARTIN,2011-08-28,no_effect,nb,loglinear,5,1.0,seir,3.383,False,False
PERU,SAN MARTIN,2011-08-28,no_effect,nb,loglinear,5,0.75,hostvector,3.53,False,False
PERU,SAN MARTIN,2011-08-28,no_effect,nb,loglinear,5,0.75,seir,3.694,False,False
PERU,SAN MARTIN,2011-08-28,no_effect,nb,loglinear,7,1.0,hostvector,3.689,False,False
PERU,SAN MARTIN,2011-08-28,no_effect,nb,loglinear,7,1.0,seir,3.844,False,False
PERU,SAN MARTIN,2011-08-28,no_effect,nb,loglinear,7,0.75,hostvector,3.397,False,False
PERU,SAN MARTIN,2011-08-28,no_effect,nb,loglinear,7,0.75,seir,3.16,False,False
PERU,SAN MARTIN,2011-08-28,no_effect,poisson,briere,3,1.0,hostvector,0.866,False,False
PERU,SAN MARTIN,2011-08-28,no_effect,poisson,briere,3,1.0,seir,1.572,False,False
PERU,SAN MARTIN,2011-08-28,no_effect,poisson,briere,3,0.75,hostvector,1.139,False,False
PERU,SAN MARTIN,2011-08-28,no_effect,poisson,briere,3,0.75,seir,2.074,False,False
PERU,SAN MARTIN,2011-08-28,no_effect,poisson,briere,5,1.0,hostvector,2.763,False,False
PERU,SAN MARTIN,2011-08-28,no_effect,poisson,briere,5,1.0,seir,3.297,False,False
PERU,SAN MARTIN,2011-08-28,no_effect,poisson,briere,5,0.75,hostvector,3.613,False,False
PERU,SAN MARTIN,2011-08-28,no_effect,poisson,briere,5,0.75,seir,3.742,False,False
PERU,SAN MARTIN,2011-08-28,no_effect,poisson,briere,7,1.0,hostvector,3.734,False,False
PERU,SAN MARTIN,2011-08-28,no_effect,poisson,briere,7,1.0,seir,3.851,False,False
PERU,SAN MARTIN,2011-08-28,no_effect,poisson,briere,7,0.75,hostvector,2.762,False,False
PERU,SAN MARTIN,2011-08-28,no_effect,poisson,briere,7,0.75,seir,2.362,False,False
PERU,SAN MARTIN,2011-08-28,no_effect,poisson,loglinear,3,1.0,hostvector,0.804,False,False
PERU,SAN MARTIN,2011-08-28,no_effect,poisson,loglinear,3,1.0,seir,1.512,False,False
PERU,SAN MARTIN,2011-08-28,no_effect,poisson,loglinear,3,0.75,hostvector,0.822,False,False
PERU,SAN MARTIN,2011-08-28,no_effect,poisson,loglinear,3,0.75,seir,1.762,False,False
PERU,SAN MARTIN,2011-08-28,no_effect,poisson,loglinear,5,1.0,hostvector,2.709,False,False
PERU,SAN MARTIN,2011-08-28,no_effect,poisson,loglinear,5,1.0,seir,3.264,False,False
PERU,SAN MARTIN,2011-08-28,no_effect,poisson,loglinear,5,0.75,hostvector,3.487,False,False
PERU,SAN MARTIN,2011-08-28,no_effect,poisson,loglinear,5,0.75,seir,3.658,False,False
PERU,SAN MARTIN,2011-08-28,no_effect,poisson,loglinear,7,1.0,hostvector,3.719,False,False
PERU,SAN MARTIN,2011-08-28,no_effect,poisson,loglinear,7,1.0,seir,3.851,False,False
PERU,SAN MARTIN,2011-08-28,no_effect,poisson,loglinear,7,0.75,hostvector,2.73,False,False
PERU,SAN MARTIN,2011-08-28,no_effect,poisson,loglinear,7,0.75,seir,2.356,False,False
PERU,SAN MARTIN,2011-08-28,climate,nb,briere,3,1.0,hostvector,-24.775,True,True
PERU,SAN MARTIN,2011-08-28,climate,nb,briere,3,1.0,seir,-24.359,True,True
PERU,SAN MARTIN,2011-08-28,climate,nb,briere,3,0.75,hostvector,-17.234,True,True
PERU,SAN MARTIN,2011-08-28,climate,nb,briere,3,0.75,seir,-16.487,True,True
PERU,SAN MARTIN,2011-08-28,climate,nb,briere,5,1.0,hostvector,-11.421,True,True
PERU,SAN MARTIN,2011-08-28,climate,nb,briere,5,1.0,seir,-8.062,True,True
PERU,SAN MARTIN,2011-08-28,climate,nb,briere,5,0.75,hostvector,-9.701,True,True
PERU,SAN MARTIN,2011-08-28,climate,nb,briere,5,0.75,seir,-7.533,True,True
PERU,SAN MARTIN,2011-08-28,climate,nb,briere,7,1.0,hostvector,3.706,False,False
PERU,SAN MARTIN,2011-08-28,climate,nb,briere,7,1.0,seir,3.458,False,False
PERU,SAN MARTIN,2011-08-28,climate,nb,briere,7,0.75,hostvector,2.999,False,False
PERU,SAN MARTIN,2011-08-28,climate,nb,briere,7,0.75,seir,3.434,False,False
PERU,SAN MARTIN,2011-08-28,climate,nb,loglinear,3,1.0,hostvector,-24.935,True,True
PERU,SAN MARTIN,2011-08-28,climate,nb,loglinear,3,1.0,seir,-24.641,True,True
PERU,SAN MARTIN,2011-08-28,climate,nb,loglinear,3,0.75,hostvector,-17.379,True,True
PERU,SAN MARTIN,2011-08-28,climate,nb,loglinear,3,0.75,seir,-16.713,True,True
PERU,SAN MARTIN,2011-08-28,climate,nb,loglinear,5,1.0,hostvector,-11.806,True,True
PERU,SAN MARTIN,2011-08-28,climate,nb,loglinear,5,1.0,seir,-8.522,True,True
PERU,SAN MARTIN,2011-08-28,climate,nb,loglinear,5,0.75,hostvector,-9.717,True,True
PERU,SAN MARTIN,2011-08-28,climate,nb,loglinear,5,0.75,seir,-7.536,True,True
PERU,SAN MARTIN,2011-08-28,climate,nb,loglinear,7,1.0,hostvector,3.671,False,False
PERU,SAN MARTIN,2011-08-28,climate,nb,loglinear,7,1.0,seir,3.454,False,False
PERU,SAN MARTIN,2011-08-28,climate,nb,loglinear,7,0.75,hostvector,2.549,False,False
PERU,SAN MARTIN,2011-08-28,climate,nb,loglinear,7,0.75,seir,2.411,False,False
PERU,SAN MARTIN,2011-08-28,climate,poisson,briere,3,1.0,hostvector,-49.703,True,True
PERU,SAN MARTIN,2011-08-28,climate,poisson,briere,3,1.0,seir,-48.695,True,True
PERU,SAN MARTIN,2011-08-28,climate,poisson,briere,3,0.75,hostvector,-32.915,True,True
PERU,SAN MARTIN,2011-08-28,climate,poisson,briere,3,0.75,seir,-31.286,True,True
PERU,SAN MARTIN,2011-08-28,climate,poisson,briere,5,1.0,hostvector,-20.099,True,True
PERU,SAN MARTIN,2011-08-28,climate,poisson,briere,5,1.0,seir,-14.125,True,True
PERU,SAN MARTIN,2011-08-28,climate,poisson,briere,5,0.75,hostvector,-14.175,True,True
PERU,SAN MARTIN,2011-08-28,climate,poisson,briere,5,0.75,seir,-10.332,True,True
PERU,SAN MARTIN,2011-08-28,climate,poisson,briere,7,1.0,hostvector,1.993,False,False
PERU,SAN MARTIN,2011-08-28,climate,poisson,briere,7,1.0,seir,1.226,False,False
PERU,SAN MARTIN,2011-08-28,climate,poisson,briere,7,0.75,hostvector,3.96,False,False
PERU,SAN MARTIN,2011-08-28,climate,poisson,briere,7,0.75,seir,3.982,False,False
PERU,SAN MARTIN,2011-08-28,climate,poisson,loglinear,3,1.0,hostvector,-50.011,True,True
PERU,SAN MARTIN,2011-08-28,climate,poisson,loglinear,3,1.0,seir,-49.2,True,True
PERU,SAN MARTIN,2011-08-28,climate,poisson,loglinear,3,0.75,hostvector,-33.217,True,True
PERU,SAN MARTIN,2011-08-28,climate,poisson,loglinear,3,0.75,seir,-31.762,True,True
PERU,SAN MARTIN,2011-08-28,climate,poisson,loglinear,5,1.0,hostvector,-20.584,True,True
PERU,SAN MARTIN,2011-08-28,climate,poisson,loglinear,5,1.0,seir,-14.722,True,True
PERU,SAN MARTIN,2011-08-28,climate,poisson,loglinear,5,0.75,hostvector,-14.202,True,True
PERU,SAN MARTIN,2011-08-28,climate,poisson,loglinear,5,0.75,seir,-10.594,True,True
PERU,SAN MARTIN,2011-08-28,climate,poisson,loglinear,7,1.0,hostvector,1.894,False,False
PERU,SAN MARTIN,2011-08-28,climate,poisson,loglinear,7,1.0,seir,1.191,False,False
PERU,SAN MARTIN,2011-08-28,climate,poisson,loglinear,7,0.75,hostvector,3.615,False,False
PERU,SAN MARTIN,2011-08-28,climate,poisson,loglinear,7,0.75,seir,2.982,False,False
PERU,CAJAMARCA,2011-12-11,no_effect,nb,briere,3,1.0,hostvector,3.676,False,False
PERU,CAJAMARCA,2011-12-11,no_effect,nb,briere,3,1.0,seir,3.302,False,False
PERU,CAJAMARCA,2011-12-11,no_effect,nb,briere,3,0.75,hostvector,3.506,False,False
PERU,CAJAMARCA,2011-12-11,no_effect,nb,briere,3,0.75,seir,2.981,False,False
PERU,CAJAMARCA,2011-12-11,no_effect,nb,briere,5,1.0,hostvector,3.579,False,False
PERU,CAJAMARCA,2011-12-11,no_effect,nb,briere,5,1.0,seir,3.072,False,False
PERU,CAJAMARCA,2011-12-11,no_effect,nb,briere,5,0.75,hostvector,3.148,False,False
PERU,CAJAMARCA,2011-12-11,no_effect,nb,briere,5,0.75,seir,2.714,False,False
PERU,CAJAMARCA,2011-12-11,no_effect,nb,briere,7,1.0,hostvector,3.763,False,False
PERU,CAJAMARCA,2011-12-11,no_effect,nb,briere,7,1.0,seir,3.45,False,False
PERU,CAJAMARCA,2011-12-11,no_effect,nb,briere,7,0.75,hostvector,2.621,False,False
PERU,CAJAMARCA,2011-12-11,no_effect,nb,briere,7,0.75,seir,2.421,False,False
PERU,CAJAMARCA,2011-12-11,no_effect,nb,loglinear,3,1.0,hostvector,3.509,False,False
PERU,CAJAMARCA,2011-12-11,no_effect,nb,loglinear,3,1.0,seir,2.927,False,False
PERU,CAJAMARCA,2011-12-11,no_effect,nb,loglinear,3,0.75,hostvector,3.02,False,False
PERU,CAJAMARCA,2011-12-11,no_effect,nb,loglinear,3,0.75,seir,2.952,False,False
PERU,CAJAMARCA,2011-12-11,no_effect,nb,loglinear,5,1.0,hostvector,3.207,False,False
PERU,CAJAMARCA,2011-12-11,no_effect,nb,loglinear,5,1.0,seir,2.569,False,False
PERU,CAJAMARCA,2011-12-11,no_effect,nb,loglinear,5,0.75,hostvector,2.953,False,False
PERU,CAJAMARCA,2011-12-11,no_effect,nb,loglinear,5,0.75,seir,2.707,False,False
PERU,CAJAMARCA,2011-12-11,no_effect,nb,loglinear,7,1.0,hostvector,3.409,False,False
PERU,CAJAMARCA,2011-12-11,no_effect,nb,loglinear,7,1.0,seir,2.936,False,False
PERU,CAJAMARCA,2011-12-11,no_effect,nb,loglinear,7,0.75,hostvector,2.387,False,False
PERU,CAJAMARCA,2011-12-11,no_effect,nb,loglinear,7,0.75,seir,2.419,False,False
PERU,CAJAMARCA,2011-12-11,no_effect,poisson,briere,3,1.0,hostvector,-6.142,True,True
PERU,CAJAMARCA,2011-12-11,no_effect,poisson,briere,3,1.0,seir,-10.087,True,True
PERU,CAJAMARCA,2011-12-11,no_effect,poisson,briere,3,0.75,hostvector,-5.517,True,True
PERU,CAJAMARCA,2011-12-11,no_effect,poisson,briere,3,0.75,seir,-10.603,True,True
PERU,CAJAMARCA,2011-12-11,no_effect,poisson,briere,5,1.0,hostvector,-3.155,True,False
PERU,CAJAMARCA,2011-12-11,no_effect,poisson,briere,5,1.0,seir,-4.948,True,True
PERU,CAJAMARCA,2011-12-11,no_effect,poisson,briere,5,0.75,hostvector,-3.715,True,False
PERU,CAJAMARCA,2011-12-11,no_effect,poisson,briere,5,0.75,seir,-6.044,True,True
PERU,CAJAMARCA,2011-12-11,no_effect,poisson,briere,7,1.0,hostvector,-5.763,True,True
PERU,CAJAMARCA,2011-12-11,no_effect,poisson,briere,7,1.0,seir,-6.309,True,True
PERU,CAJAMARCA,2011-12-11,no_effect,poisson,briere,7,0.75,hostvector,-12.031,True,True
PERU,CAJAMARCA,2011-12-11,no_effect,poisson,briere,7,0.75,seir,-12.365,True,True
PERU,CAJAMARCA,2011-12-11,no_effect,poisson,loglinear,3,1.0,hostvector,-16.614,True,True
PERU,CAJAMARCA,2011-12-11,no_effect,poisson,loglinear,3,1.0,seir,-15.578,True,True
PERU,CAJAMARCA,2011-12-11,no_effect,poisson,loglinear,3,0.75,hostvector,-25.637,True,True
PERU,CAJAMARCA,2011-12-11,no_effect,poisson,loglinear,3,0.75,seir,-20.794,True,True
PERU,CAJAMARCA,2011-12-11,no_effect,poisson,loglinear,5,1.0,hostvector,-10.172,True,True
PERU,CAJAMARCA,2011-12-11,no_effect,poisson,loglinear,5,1.0,seir,-8.299,True,True
PERU,CAJAMARCA,2011-12-11,no_effect,poisson,loglinear,5,0.75,hostvector,-23.898,True,True
PERU,CAJAMARCA,2011-12-11,no_effect,poisson,loglinear,5,0.75,seir,-14.728,True,True
PERU,CAJAMARCA,2011-12-11,no_effect,poisson,loglinear,7,1.0,hostvector,-12.535,True,True
PERU,CAJAMARCA,2011-12-11,no_effect,poisson,loglinear,7,1.0,seir,-11.359,True,True
PERU,CAJAMARCA,2011-12-11,no_effect,poisson,loglinear,7,0.75,hostvector,-28.611,True,True
PERU,CAJAMARCA,2011-12-11,no_effect,poisson,loglinear,7,0.75,seir,-23.442,True,True
PERU,CAJAMARCA,2011-12-11,climate,nb,briere,3,1.0,hostvector,-299.896,True,True
PERU,CAJAMARCA,2011-12-11,climate,nb,briere,3,1.0,seir,-299.442,True,True
PERU,CAJAMARCA,2011-12-11,climate,nb,briere,3,0.75,hostvector,-219.572,True,True
PERU,CAJAMARCA,2011-12-11,climate,nb,briere,3,0.75,seir,-226.817,True,True
PERU,CAJAMARCA,2011-12-11,climate,nb,briere,5,1.0,hostvector,-269.882,True,True
PERU,CAJAMARCA,2011-12-11,climate,nb,briere,5,1.0,seir,-230.853,True,True
PERU,CAJAMARCA,2011-12-11,climate,nb,briere,5,0.75,hostvector,-197.262,True,True
PERU,CAJAMARCA,2011-12-11,climate,nb,briere,5,0.75,seir,-174.89,True,True
PERU,CAJAMARCA,2011-12-11,climate,nb,briere,7,1.0,hostvector,-175.533,True,True
PERU,CAJAMARCA,2011-12-11,climate,nb,briere,7,1.0,seir,-172.321,True,True
PERU,CAJAMARCA,2011-12-11,climate,nb,briere,7,0.75,hostvector,-142.312,True,True
PERU,CAJAMARCA,2011-12-11,climate,nb,briere,7,0.75,seir,-108.269,True,True
PERU,CAJAMARCA,2011-12-11,climate,nb,loglinear,3,1.0,hostvector,8581.807,False,False
PERU,CAJAMARCA,2011-12-11,climate,nb,loglinear,3,1.0,seir,-294.142,True,True
PERU,CAJAMARCA,2011-12-11,climate,nb,loglinear,3,0.75,hostvector,8616.157,False,False
PERU,CAJAMARCA,2011-12-11,climate,nb,loglinear,3,0.75,seir,-222.755,True,True
PERU,CAJAMARCA,2011-12-11,climate,nb,loglinear,5,1.0,hostvector,24059.836,False,False
PERU,CAJAMARCA,2011-12-11,climate,nb,loglinear,5,1.0,seir,-234.161,True,True
PERU,CAJAMARCA,2011-12-11,climate,nb,loglinear,5,0.75,hostvector,-185.099,True,True
PERU,CAJAMARCA,2011-12-11,climate,nb,loglinear,5,0.75,seir,-168.893,True,True
PERU,CAJAMARCA,2011-12-11,climate,nb,loglinear,7,1.0,hostvector,-181.697,True,True
PERU,CAJAMARCA,2011-12-11,climate,nb,loglinear,7,1.0,seir,-178.274,True,True
PERU,CAJAMARCA,2011-12-11,climate,nb,loglinear,7,0.75,hostvector,-116.278,True,True
PERU,CAJAMARCA,2011-12-11,climate,nb,loglinear,7,0.75,seir,-105.819,True,True
PERU,CAJAMARCA,2011-12-11,climate,poisson,briere,3,1.0,hostvector,-3210.12,True,True
PERU,CAJAMARCA,2011-12-11,climate,poisson,briere,3,1.0,seir,-3235.687,True,True
PERU,CAJAMARCA,2011-12-11,climate,poisson,briere,3,0.75,hostvector,-2387.815,True,True
PERU,CAJAMARCA,2011-12-11,climate,poisson,briere,3,0.75,seir,-2489.561,True,True
PERU,CAJAMARCA,2011-12-11,climate,poisson,briere,5,1.0,hostvector,-3094.079,True,True
PERU,CAJAMARCA,2011-12-11,climate,poisson,briere,5,1.0,seir,-2930.304,True,True
PERU,CAJAMARCA,2011-12-11,climate,poisson,briere,5,0.75,hostvector,-2320.408,True,True
PERU,CAJAMARCA,2011-12-11,climate,poisson,briere,5,0.75,seir,-2258.29,True,True
PERU,CAJAMARCA,2011-12-11,climate,poisson,briere,7,1.0,hostvector,-1674.858,True,True
PERU,CAJAMARCA,2011-12-11,climate,poisson,briere,7,1.0,seir,-1678.029,True,True
PERU,CAJAMARCA,2011-12-11,climate,poisson,briere,7,0.75,hostvector,-1642.795,True,True
PERU,CAJAMARCA,2011-12-11,climate,poisson,briere,7,0.75,seir,-1550.029,True,True
PERU,CAJAMARCA,2011-12-11,climate,poisson,loglinear,3,1.0,hostvector,-3121.543,True,True
PERU,CAJAMARCA,2011-12-11,climate,poisson,loglinear,3,1.0,seir,-3150.272,True,True
PERU,CAJAMARCA,2011-12-11,climate,poisson,loglinear,3,0.75,hostvector,-2328.024,True,True
PERU,CAJAMARCA,2011-12-11,climate,poisson,loglinear,3,0.75,seir,-2442.413,True,True
PERU,CAJAMARCA,2011-12-11,climate,poisson,loglinear,5,1.0,hostvector,1188.933,False,False
PERU,CAJAMARCA,2011-12-11,climate,poisson,loglinear,5,1.0,seir,-2863.536,True,True
PERU,CAJAMARCA,2011-12-11,climate,poisson,loglinear,5,0.75,hostvector,-2281.227,True,True
PERU,CAJAMARCA,2011-12-11,climate,poisson,loglinear,5,0.75,seir,-2226.06,True,True
PERU,CAJAMARCA,2011-12-11,climate,poisson,loglinear,7,1.0,hostvector,-1395.415,True,True
PERU,CAJAMARCA,2011-12-11,climate,poisson,loglinear,7,1.0,seir,-2041.744,True,True
PERU,CAJAMARCA,2011-12-11,climate,poisson,loglinear,7,0.75,hostvector,-1411.62,True,True
PERU,CAJAMARCA,2011-12-11,climate,poisson,loglinear,7,0.75,seir,-1668.926,True,True
PERU,AMAZONAS,2012-02-12,no_effect,nb,briere,3,1.0,hostvector,3.615,False,False
PERU,AMAZONAS,2012-02-12,no_effect,nb,briere,3,1.0,seir,3.663,False,False
PERU,AMAZONAS,2012-02-12,no_effect,nb,briere,3,0.75,hostvector,3.964,False,False
PERU,AMAZONAS,2012-02-12,no_effect,nb,briere,3,0.75,seir,3.977,False,False
PERU,AMAZONAS,2012-02-12,no_effect,nb,briere,5,1.0,hostvector,3.726,False,False
PERU,AMAZONAS,2012-02-12,no_effect,nb,briere,5,1.0,seir,3.612,False,False
PERU,AMAZONAS,2012-02-12,no_effect,nb,briere,5,0.75,hostvector,3.948,False,False
PERU,AMAZONAS,2012-02-12,no_effect,nb,briere,5,0.75,seir,3.72,False,False
PERU,AMAZONAS,2012-02-12,no_effect,nb,briere,7,1.0,hostvector,3.695,False,False
PERU,AMAZONAS,2012-02-12,no_effect,nb,briere,7,1.0,seir,3.54,False,False
PERU,AMAZONAS,2012-02-12,no_effect,nb,briere,7,0.75,hostvector,3.948,False,False
PERU,AMAZONAS,2012-02-12,no_effect,nb,briere,7,0.75,seir,3.941,False,False
PERU,AMAZONAS,2012-02-12,no_effect,nb,loglinear,3,1.0,hostvector,3.472,False,False
PERU,AMAZONAS,2012-02-12,no_effect,nb,loglinear,3,1.0,seir,3.497,False,False
PERU,AMAZONAS,2012-02-12,no_effect,nb,loglinear,3,0.75,hostvector,-0.178,True,False
PERU,AMAZONAS,2012-02-12,no_effect,nb,loglinear,3,0.75,seir,-3.682,True,False
PERU,AMAZONAS,2012-02-12,no_effect,nb,loglinear,5,1.0,hostvector,3.571,False,False
PERU,AMAZONAS,2012-02-12,no_effect,nb,loglinear,5,1.0,seir,3.412,False,False
PERU,AMAZONAS,2012-02-12,no_effect,nb,loglinear,5,0.75,hostvector,1.721,False,False
PERU,AMAZONAS,2012-02-12,no_effect,nb,loglinear,5,0.75,seir,0.271,False,False
PERU,AMAZONAS,2012-02-12,no_effect,nb,loglinear,7,1.0,hostvector,3.542,False,False
PERU,AMAZONAS,2012-02-12,no_effect,nb,loglinear,7,1.0,seir,3.351,False,False
PERU,AMAZONAS,2012-02-12,no_effect,nb,loglinear,7,0.75,hostvector,-0.267,True,False
PERU,AMAZONAS,2012-02-12,no_effect,nb,loglinear,7,0.75,seir,-1.684,True,False
PERU,AMAZONAS,2012-02-12,no_effect,poisson,briere,3,1.0,hostvector,1.101,False,False
PERU,AMAZONAS,2012-02-12,no_effect,poisson,briere,3,1.0,seir,2.879,False,False
PERU,AMAZONAS,2012-02-12,no_effect,poisson,briere,3,0.75,hostvector,0.607,False,False
PERU,AMAZONAS,2012-02-12,no_effect,poisson,briere,3,0.75,seir,2.102,False,False
PERU,AMAZONAS,2012-02-12,no_effect,poisson,briere,5,1.0,hostvector,2.83,False,False
PERU,AMAZONAS,2012-02-12,no_effect,poisson,briere,5,1.0,seir,2.08,False,False
PERU,AMAZONAS,2012-02-12,no_effect,poisson,briere,5,0.75,hostvector,0.287,False,False
PERU,AMAZONAS,2012-02-12,no_effect,poisson,briere,5,0.75,seir,-2.331,True,False
PERU,AMAZONAS,2012-02-12,no_effect,poisson,briere,7,1.0,hostvector,2.687,False,False
PERU,AMAZONAS,2012-02-12,no_effect,poisson,briere,7,1.0,seir,2.66,False,False
PERU,AMAZONAS,2012-02-12,no_effect,poisson,briere,7,0.75,hostvector,3.412,False,False
PERU,AMAZONAS,2012-02-12,no_effect,poisson,briere,7,0.75,seir,3.878,False,False
PERU,AMAZONAS,2012-02-12,no_effect,poisson,loglinear,3,1.0,hostvector,0.235,False,False
PERU,AMAZONAS,2012-02-12,no_effect,poisson,loglinear,3,1.0,seir,2.844,False,False
PERU,AMAZONAS,2012-02-12,no_effect,poisson,loglinear,3,0.75,hostvector,-25.284,True,True
PERU,AMAZONAS,2012-02-12,no_effect,poisson,loglinear,3,0.75,seir,-43.558,True,True
PERU,AMAZONAS,2012-02-12,no_effect,poisson,loglinear,5,1.0,hostvector,1.788,False,False
PERU,AMAZONAS,2012-02-12,no_effect,poisson,loglinear,5,1.0,seir,1.652,False,False
PERU,AMAZONAS,2012-02-12,no_effect,poisson,loglinear,5,0.75,hostvector,-7.143,True,True
PERU,AMAZONAS,2012-02-12,no_effect,poisson,loglinear,5,0.75,seir,-13.316,True,True
PERU,AMAZONAS,2012-02-12,no_effect,poisson,loglinear,7,1.0,hostvector,1.801,False,False
PERU,AMAZONAS,2012-02-12,no_effect,poisson,loglinear,7,1.0,seir,1.984,False,False
PERU,AMAZONAS,2012-02-12,no_effect,poisson,loglinear,7,0.75,hostvector,-14.427,True,True
PERU,AMAZONAS,2012-02-12,no_effect,poisson,loglinear,7,0.75,seir,-22.613,True,True
PERU,AMAZONAS,2012-02-12,climate,nb,briere,3,1.0,hostvector,3.55,False,False
PERU,AMAZONAS,2012-02-12,climate,nb,briere,3,1.0,seir,3.274,False,False
PERU,AMAZONAS,2012-02-12,climate,nb,briere,3,0.75,hostvector,3.649,False,False
PERU,AMAZONAS,2012-02-12,climate,nb,briere,3,0.75,seir,3.4,False,False
PERU,AMAZONAS,2012-02-12,climate,nb,briere,5,1.0,hostvector,3.703,False,False
PERU,AMAZONAS,2012-02-12,climate,nb,briere,5,1.0,seir,3.947,False,False
PERU,AMAZONAS,2012-02-12,climate,nb,briere,5,0.75,hostvector,3.753,False,False
PERU,AMAZONAS,2012-02-12,climate,nb,briere,5,0.75,seir,3.971,False,False
PERU,AMAZONAS,2012-02-12,climate,nb,briere,7,1.0,hostvector,3.826,False,False
PERU,AMAZONAS,2012-02-12,climate,nb,briere,7,1.0,seir,3.892,False,False
PERU,AMAZONAS,2012-02-12,climate,nb,briere,7,0.75,hostvector,3.833,False,False
PERU,AMAZONAS,2012-02-12,climate,nb,briere,7,0.75,seir,3.753,False,False
PERU,AMAZONAS,2012-02-12,climate,nb,loglinear,3,1.0,hostvector,3.722,False,False
PERU,AMAZONAS,2012-02-12,climate,nb,loglinear,3,1.0,seir,3.313,False,False
PERU,AMAZONAS,2012-02-12,climate,nb,loglinear,3,0.75,hostvector,3.757,False,False
PERU,AMAZONAS,2012-02-12,climate,nb,loglinear,3,0.75,seir,3.415,False,False
PERU,AMAZONAS,2012-02-12,climate,nb,loglinear,5,1.0,hostvector,3.761,False,False
PERU,AMAZONAS,2012-02-12,climate,nb,loglinear,5,1.0,seir,3.566,False,False
PERU,AMAZONAS,2012-02-12,climate,nb,loglinear,5,0.75,hostvector,3.789,False,False
PERU,AMAZONAS,2012-02-12,climate,nb,loglinear,5,0.75,seir,3.499,False,False
PERU,AMAZONAS,2012-02-12,climate,nb,loglinear,7,1.0,hostvector,3.887,False,False
PERU,AMAZONAS,2012-02-12,climate,nb,loglinear,7,1.0,seir,3.879,False,False
PERU,AMAZONAS,2012-02-12,climate,nb,loglinear,7,0.75,hostvector,3.904,False,False
PERU,AMAZONAS,2012-02-12,climate,nb,loglinear,7,0.75,seir,3.758,False,False
PERU,AMAZONAS,2012-02-12,climate,poisson,briere,3,1.0,hostvector,3.529,False,False
PERU,AMAZONAS,2012-02-12,climate,poisson,briere,3,1.0,seir,3.921,False,False
PERU,AMAZONAS,2012-02-12,climate,poisson,briere,3,0.75,hostvector,3.639,False,False
PERU,AMAZONAS,2012-02-12,climate,poisson,briere,3,0.75,seir,3.952,False,False
PERU,AMAZONAS,2012-02-12,climate,poisson,briere,5,1.0,hostvector,1.628,False,False
PERU,AMAZONAS,2012-02-12,climate,poisson,briere,5,1.0,seir,1.16,False,False
PERU,AMAZONAS,2012-02-12,climate,poisson,briere,5,0.75,hostvector,1.952,False,False
PERU,AMAZONAS,2012-02-12,climate,poisson,briere,5,0.75,seir,1.251,False,False
PERU,AMAZONAS,2012-02-12,climate,poisson,briere,7,1.0,hostvector,3.993,False,False
PERU,AMAZONAS,2012-02-12,climate,poisson,briere,7,1.0,seir,3.824,False,False
PERU,AMAZONAS,2012-02-12,climate,poisson,briere,7,0.75,hostvector,4.0,False,False
PERU,AMAZONAS,2012-02-12,climate,poisson,briere,7,0.75,seir,3.734,False,False
PERU,AMAZONAS,2012-02-12,climate,poisson,loglinear,3,1.0,hostvector,-3.745,True,False
PERU,AMAZONAS,2012-02-12,climate,poisson,loglinear,3,1.0,seir,-5.915,True,True
PERU,AMAZONAS,2012-02-12,climate,poisson,loglinear,3,0.75,hostvector,-3.56,True,False
PERU,AMAZONAS,2012-02-12,climate,poisson,loglinear,3,0.75,seir,-6.21,True,True
PERU,AMAZONAS,2012-02-12,climate,poisson,loglinear,5,1.0,hostvector,-0.271,True,False
PERU,AMAZONAS,2012-02-12,climate,poisson,loglinear,5,1.0,seir,-0.791,True,False
PERU,AMAZONAS,2012-02-12,climate,poisson,loglinear,5,0.75,hostvector,-0.086,True,False
PERU,AMAZONAS,2012-02-12,climate,poisson,loglinear,5,0.75,seir,-1.09,True,False
PERU,AMAZONAS,2012-02-12,climate,poisson,loglinear,7,1.0,hostvector,-1.836,True,False
PERU,AMAZONAS,2012-02-12,climate,poisson,loglinear,7,1.0,seir,-5.715,True,True
PERU,AMAZONAS,2012-02-12,climate,poisson,loglinear,7,0.75,hostvector,-1.909,True,False
PERU,AMAZONAS,2012-02-12,climate,poisson,loglinear,7,0.75,seir,-5.977,True,True
