country,unit,window_start,observation,rain_lag,train_frac,structure,params,true_a_temp,true_a_rain,true_beta_0,a_temp_hat,a_temp_se,a_rain_hat,a_rain_se,beta_0_hat,beta_0_se
BOLIVIA,BOLIVIA,2015-01-11,nb,3,1.0,hostvector,central,1.0,0.3,0.244089,0.690928,0.325155,0.24483,0.103267,0.227602,0.014679
BOLIVIA,BOLIVIA,2015-01-11,nb,3,1.0,hostvector,alt,1.0,0.3,0.244089,1.268746,0.489325,0.269401,0.109778,0.226001,0.022357
BOLIVIA,BOLIVIA,2015-01-11,nb,3,1.0,seir,central,1.0,0.3,0.244089,0.209352,0.277122,0.308703,0.138111,0.393001,0.035876
BOLIVIA,BOLIVIA,2015-01-11,nb,3,1.0,seir,alt,1.0,0.3,0.244089,0.192323,0.291552,0.304585,0.142951,0.493423,0.049962
BOLIVIA,BOLIVIA,2015-01-11,nb,3,1.0,hostvector_tempmort,central,1.0,0.3,0.244089,0.72069,0.309394,0.244045,0.102833,0.232727,0.014875
BOLIVIA,BOLIVIA,2015-01-11,nb,3,1.0,hostvector_tempmort,alt,1.0,0.3,0.244089,1.268829,0.462078,0.265261,0.108053,0.229137,0.021246
BOLIVIA,BOLIVIA,2015-01-11,nb,3,0.75,hostvector,central,1.0,0.3,0.244089,0.513503,0.360303,0.246461,0.113325,0.21666,0.015978
BOLIVIA,BOLIVIA,2015-01-11,nb,3,0.75,hostvector,alt,1.0,0.3,0.244089,1.007326,0.537805,0.261258,0.1183,0.211047,0.023239
BOLIVIA,BOLIVIA,2015-01-11,nb,3,0.75,seir,central,1.0,0.3,0.244089,0.001102,0.287038,0.374885,0.154259,0.350779,0.043916
BOLIVIA,BOLIVIA,2015-01-11,nb,3,0.75,seir,alt,1.0,0.3,0.244089,0.0,0.30865,0.37516,0.166119,0.438134,0.062007
BOLIVIA,BOLIVIA,2015-01-11,nb,3,0.75,hostvector_tempmort,central,1.0,0.3,0.244089,0.588546,0.350629,0.246763,0.115892,0.224102,0.016747
BOLIVIA,BOLIVIA,2015-01-11,nb,3,0.75,hostvector_tempmort,alt,1.0,0.3,0.244089,1.060832,0.518919,0.257168,0.119327,0.217178,0.022861
BOLIVIA,BOLIVIA,2015-01-11,nb,5,1.0,hostvector,central,1.0,0.3,0.244089,0.395438,0.395473,0.113776,0.12398,0.20681,0.020646
BOLIVIA,BOLIVIA,2015-01-11,nb,5,1.0,hostvector,alt,1.0,0.3,0.244089,1.126868,0.628592,0.20273,0.148822,0.194959,0.021022
BOLIVIA,BOLIVIA,2015-01-11,nb,5,1.0,seir,central,1.0,0.3,0.244089,0.0,0.001282,0.018212,0.189902,0.442898,0.110502
BOLIVIA,BOLIVIA,2015-01-11,nb,5,1.0,seir,alt,1.0,0.3,0.244089,6.7e-05,0.331436,-0.007521,0.192397,0.580551,0.135692
BOLIVIA,BOLIVIA,2015-01-11,nb,5,1.0,hostvector_tempmort,central,1.0,0.3,0.244089,0.396783,0.388359,0.093143,0.122828,0.215737,0.020896
BOLIVIA,BOLIVIA,2015-01-11,nb,5,1.0,hostvector_tempmort,alt,1.0,0.3,0.244089,1.082322,0.605841,0.183181,0.146503,0.199515,0.020959
BOLIVIA,BOLIVIA,2015-01-11,nb,5,0.75,hostvector,central,1.0,0.3,0.244089,0.175627,0.459784,0.096387,0.138517,0.198943,0.0215
BOLIVIA,BOLIVIA,2015-01-11,nb,5,0.75,hostvector,alt,1.0,0.3,0.244089,0.783139,0.730039,0.174131,0.165236,0.182883,0.021335
BOLIVIA,BOLIVIA,2015-01-11,nb,5,0.75,seir,central,1.0,0.3,0.244089,0.0,0.003529,0.045236,0.261198,0.424635,0.151463
BOLIVIA,BOLIVIA,2015-01-11,nb,5,0.75,seir,alt,1.0,0.3,0.244089,0.000251,0.399215,0.015902,0.232119,0.559562,0.168645
BOLIVIA,BOLIVIA,2015-01-11,nb,5,0.75,hostvector_tempmort,central,1.0,0.3,0.244089,0.229556,0.458518,0.078868,0.140182,0.209761,0.022472
BOLIVIA,BOLIVIA,2015-01-11,nb,5,0.75,hostvector_tempmort,alt,1.0,0.3,0.244089,0.807082,0.7126,0.157993,0.165515,0.1901,0.021873
BOLIVIA,BOLIVIA,2015-01-11,nb,7,1.0,hostvector,central,1.0,0.3,0.244089,0.0,0.010136,-0.202821,0.09179,0.268328,0.025041
BOLIVIA,BOLIVIA,2015-01-11,nb,7,1.0,hostvector,alt,1.0,0.3,0.244089,0.0,0.000698,-0.187111,0.084583,0.216511,0.017923
BOLIVIA,BOLIVIA,2015-01-11,nb,7,1.0,seir,central,1.0,0.3,0.244089,0.365666,0.179127,-0.433187,0.105181,0.994508,0.170116
BOLIVIA,BOLIVIA,2015-01-11,nb,7,1.0,seir,alt,1.0,0.3,0.244089,0.474717,0.220859,-0.412398,0.111145,1.270878,0.25251
BOLIVIA,BOLIVIA,2015-01-11,nb,7,1.0,hostvector_tempmort,central,1.0,0.3,0.244089,0.0,0.000213,-0.228304,0.076425,0.283581,0.022153
BOLIVIA,BOLIVIA,2015-01-11,nb,7,1.0,hostvector_tempmort,alt,1.0,0.3,0.244089,0.0,,-0.206329,,0.226202,
BOLIVIA,BOLIVIA,2015-01-11,nb,7,0.75,hostvector,central,1.0,0.3,0.244089,0.0,0.024172,-0.182789,0.108001,0.261679,0.031114
BOLIVIA,BOLIVIA,2015-01-11,nb,7,0.75,hostvector,alt,1.0,0.3,0.244089,0.0,,-0.152677,,0.20812,
BOLIVIA,BOLIVIA,2015-01-11,nb,7,0.75,seir,central,1.0,0.3,0.244089,0.291318,0.219458,-0.412725,0.121029,0.94969,0.194447
BOLIVIA,BOLIVIA,2015-01-11,nb,7,0.75,seir,alt,1.0,0.3,0.244089,0.382986,0.273905,-0.389448,0.127769,1.201902,0.286151
BOLIVIA,BOLIVIA,2015-01-11,nb,7,0.75,hostvector_tempmort,central,1.0,0.3,0.244089,0.0,0.000485,-0.211962,0.096005,0.278035,0.02798
BOLIVIA,BOLIVIA,2015-01-11,nb,7,0.75,hostvector_tempmort,alt,1.0,0.3,0.244089,0.0,,-0.179672,,0.219454,
BOLIVIA,BOLIVIA,2015-01-11,poisson,3,1.0,hostvector,central,1.0,0.3,0.244089,0.858317,0.287049,0.402428,0.062816,0.224018,0.023124
BOLIVIA,BOLIVIA,2015-01-11,poisson,3,1.0,hostvector,alt,1.0,0.3,0.244089,1.278953,0.334102,0.422463,0.064849,0.214497,0.023447
BOLIVIA,BOLIVIA,2015-01-11,poisson,3,1.0,seir,central,1.0,0.3,0.244089,0.467194,0.367083,0.510053,0.086174,0.376302,0.063441
BOLIVIA,BOLIVIA,2015-01-11,poisson,3,1.0,seir,alt,1.0,0.3,0.244089,0.77913,0.451187,0.477854,0.089323,0.540017,0.108152
BOLIVIA,BOLIVIA,2015-01-11,poisson,3,1.0,hostvector_tempmort,central,1.0,0.3,0.244089,0.968905,0.295069,0.409085,0.064656,0.232218,0.02538
BOLIVIA,BOLIVIA,2015-01-11,poisson,3,1.0,hostvector_tempmort,alt,1.0,0.3,0.244089,1.37162,0.338464,0.426447,0.065885,0.221455,0.025025
BOLIVIA,BOLIVIA,2015-01-11,poisson,3,0.75,hostvector,central,1.0,0.3,0.244089,0.842389,0.347323,0.403395,0.075532,0.222679,0.027901
BOLIVIA,BOLIVIA,2015-01-11,poisson,3,0.75,hostvector,alt,1.0,0.3,0.244089,1.257687,0.402707,0.423403,0.077809,0.21286,0.028137
BOLIVIA,BOLIVIA,2015-01-11,poisson,3,0.75,seir,central,1.0,0.3,0.244089,0.42777,0.454273,0.514869,0.10505,0.369547,0.077667
BOLIVIA,BOLIVIA,2015-01-11,poisson,3,0.75,seir,alt,1.0,0.3,0.244089,0.764326,0.545806,0.479196,0.107657,0.536507,0.130236
BOLIVIA,BOLIVIA,2015-01-11,poisson,3,0.75,hostvector_tempmort,central,1.0,0.3,0.244089,0.958067,0.356345,0.409788,0.077754,0.231258,0.03059
BOLIVIA,BOLIVIA,2015-01-11,poisson,3,0.75,hostvector_tempmort,alt,1.0,0.3,0.244089,1.356209,0.407785,0.427097,0.079104,0.220224,0.030053
BOLIVIA,BOLIVIA,2015-01-11,poisson,5,1.0,hostvector,central,1.0,0.3,0.244089,3.151764,0.674378,0.410994,0.093205,0.336314,0.051807
BOLIVIA,BOLIVIA,2015-01-11,poisson,5,1.0,hostvector,alt,1.0,0.3,0.244089,4.065861,0.714219,0.500077,0.091243,0.341537,0.054405
BOLIVIA,BOLIVIA,2015-01-11,poisson,5,1.0,seir,central,1.0,0.3,0.244089,3.023488,1.170588,0.382546,0.184766,0.718696,0.221553
BOLIVIA,BOLIVIA,2015-01-11,poisson,5,1.0,seir,alt,1.0,0.3,0.244089,4.022062,1.437291,0.437728,0.198989,1.207443,0.449619
BOLIVIA,BOLIVIA,2015-01-11,poisson,5,1.0,hostvector_tempmort,central,1.0,0.3,0.244089,3.324678,0.678918,0.417871,0.095302,0.354519,0.055921
BOLIVIA,BOLIVIA,2015-01-11,poisson,5,1.0,hostvector_tempmort,alt,1.0,0.3,0.244089,4.195722,0.712899,0.504165,0.091979,0.356109,0.057299
BOLIVIA,BOLIVIA,2015-01-11,poisson,5,0.75,hostvector,central,1.0,0.3,0.244089,3.150927,0.810441,0.41092,0.112005,0.336251,0.062247
BOLIVIA,BOLIVIA,2015-01-11,poisson,5,0.75,hostvector,alt,1.0,0.3,0.244089,4.06252,0.858192,0.499807,0.109623,0.341267,0.065323
BOLIVIA,BOLIVIA,2015-01-11,poisson,5,0.75,seir,central,1.0,0.3,0.244089,3.023232,1.406764,0.382536,0.222047,0.718638,0.266235
BOLIVIA,BOLIVIA,2015-01-11,poisson,5,0.75,seir,alt,1.0,0.3,0.244089,4.021905,1.727339,0.437728,0.239149,1.207368,0.540322
BOLIVIA,BOLIVIA,2015-01-11,poisson,5,0.75,hostvector_tempmort,central,1.0,0.3,0.244089,3.324156,0.815915,0.417824,0.11453,0.354477,0.067197
BOLIVIA,BOLIVIA,2015-01-11,poisson,5,0.75,hostvector_tempmort,alt,1.0,0.3,0.244089,4.193432,0.856664,0.503976,0.110519,0.355917,0.068818
BOLIVIA,BOLIVIA,2015-01-11,poisson,7,1.0,hostvector,central,1.0,0.3,0.244089,0.0,0.012755,-0.319859,0.043719,0.316661,0.01837
BOLIVIA,BOLIVIA,2015-01-11,poisson,7,1.0,hostvector,alt,1.0,0.3,0.244089,0.0,0.129762,-0.327772,0.061358,0.262536,0.017883
BOLIVIA,BOLIVIA,2015-01-11,poisson,7,1.0,seir,central,1.0,0.3,0.244089,0.76636,0.215132,-0.477227,0.057927,1.210939,0.106644
BOLIVIA,BOLIVIA,2015-01-11,poisson,7,1.0,seir,alt,1.0,0.3,0.244089,1.13212,0.255387,-0.470102,0.066066,1.709358,0.185336
BOLIVIA,BOLIVIA,2015-01-11,poisson,7,1.0,hostvector_tempmort,central,1.0,0.3,0.244089,0.0,0.005912,-0.344485,0.043037,0.33235,0.018223
BOLIVIA,BOLIVIA,2015-01-11,poisson,7,1.0,hostvector_tempmort,alt,1.0,0.3,0.244089,0.0,0.142222,-0.349385,0.051508,0.273672,0.018942
BOLIVIA,BOLIVIA,2015-01-11,poisson,7,0.75,hostvector,central,1.0,0.3,0.244089,0.0,,-0.319475,,0.31648,
BOLIVIA,BOLIVIA,2015-01-11,poisson,7,0.75,hostvector,alt,1.0,0.3,0.244089,0.0,0.480432,-0.327134,0.080937,0.262296,0.03039
BOLIVIA,BOLIVIA,2015-01-11,poisson,7,0.75,seir,central,1.0,0.3,0.244089,0.764552,0.258588,-0.477278,0.069572,1.2103,0.128065
BOLIVIA,BOLIVIA,2015-01-11,poisson,7,0.75,seir,alt,1.0,0.3,0.244089,1.130828,0.306931,-0.470121,0.079363,1.708652,0.222605
BOLIVIA,BOLIVIA,2015-01-11,poisson,7,0.75,hostvector_tempmort,central,1.0,0.3,0.244089,0.0,0.002861,-0.34418,0.049968,0.332201,0.02135
BOLIVIA,BOLIVIA,2015-01-11,poisson,7,0.75,hostvector_tempmort,alt,1.0,0.3,0.244089,0.0,0.438384,-0.348882,0.076827,0.273476,0.028703
BARBADOS,BARBADOS,2020-08-23,nb,3,1.0,hostvector,central,1.0,0.3,0.173513,0.0,0.423166,0.19769,0.065466,0.156276,0.018234
BARBADOS,BARBADOS,2020-08-23,nb,3,1.0,hostvector,alt,1.0,0.3,0.173513,0.0,8.94188,0.232072,0.411314,0.126885,0.193378
BARBADOS,BARBADOS,2020-08-23,nb,3,1.0,seir,central,1.0,0.3,0.173513,3e-06,9.194234,0.179014,0.27515,0.334888,0.538992
BARBADOS,BARBADOS,2020-08-23,nb,3,1.0,seir,alt,1.0,0.3,0.173513,0.0,0.089452,0.191458,0.07031,0.418262,0.036821
BARBADOS,BARBADOS,2020-08-23,nb,3,1.0,hostvector_tempmort,central,1.0,0.3,0.173513,0.0,8.181717,0.182916,0.327856,0.162816,0.230075
BARBADOS,BARBADOS,2020-08-23,nb,3,1.0,hostvector_tempmort,alt,1.0,0.3,0.173513,5e-06,9.199773,0.217478,0.417713,0.131679,0.206851
BARBADOS,BARBADOS,2020-08-23,nb,3,0.75,hostvector,central,1.0,0.3,0.173513,0.0,8.53058,0.220003,0.360914,0.154867,0.227045
BARBADOS,BARBADOS,2020-08-23,nb,3,0.75,hostvector,alt,1.0,0.3,0.173513,0.0,8.947848,0.245042,0.413727,0.126334,0.192595
BARBADOS,BARBADOS,2020-08-23,nb,3,0.75,seir,central,1.0,0.3,0.173513,0.0,0.409683,0.237115,0.074112,0.326997,0.038262
BARBADOS,BARBADOS,2020-08-23,nb,3,0.75,seir,alt,1.0,0.3,0.173513,0.0,10.117382,0.257745,0.351688,0.407514,0.716534
BARBADOS,BARBADOS,2020-08-23,nb,3,0.75,hostvector_tempmort,central,1.0,0.3,0.173513,0.0,7.881597,0.205935,0.335691,0.161306,0.21858
BARBADOS,BARBADOS,2020-08-23,nb,3,0.75,hostvector_tempmort,alt,1.0,0.3,0.173513,1e-06,9.023819,0.231963,0.410652,0.131021,0.201912
BARBADOS,BARBADOS,2020-08-23,nb,5,1.0,hostvector,central,1.0,0.3,0.173513,0.0,,0.17878,,0.169234,
BARBADOS,BARBADOS,2020-08-23,nb,5,1.0,hostvector,alt,1.0,0.3,0.173513,0.0,5.493766,0.201983,0.254296,0.138869,0.142655
BARBADOS,BARBADOS,2020-08-23,nb,5,1.0,seir,central,1.0,0.3,0.173513,0.0,0.029757,0.188869,0.078548,0.363424,0.024848
BARBADOS,BARBADOS,2020-08-23,nb,5,1.0,seir,alt,1.0,0.3,0.173513,0.0,5.323716,0.218011,0.216716,0.453876,0.453028
BARBADOS,BARBADOS,2020-08-23,nb,5,1.0,hostvector_tempmort,central,1.0,0.3,0.173513,0.0,4.551734,0.166154,0.197349,0.175238,0.149766
BARBADOS,BARBADOS,2020-08-23,nb,5,1.0,hostvector_tempmort,alt,1.0,0.3,0.173513,0.0,5.464437,0.190946,0.25359,0.143222,0.146264
BARBADOS,BARBADOS,2020-08-23,nb,5,0.75,hostvector,central,1.0,0.3,0.173513,0.0,,0.23959,,0.166203,
BARBADOS,BARBADOS,2020-08-23,nb,5,0.75,hostvector,alt,1.0,0.3,0.173513,0.0,5.682318,0.260884,0.288541,0.136395,0.143911
BARBADOS,BARBADOS,2020-08-23,nb,5,0.75,seir,central,1.0,0.3,0.173513,0.0,3.979918,0.330983,0.21236,0.352637,0.260276
BARBADOS,BARBADOS,2020-08-23,nb,5,0.75,seir,alt,1.0,0.3,0.173513,0.0,5.650259,0.388027,0.313598,0.439164,0.458802
BARBADOS,BARBADOS,2020-08-23,nb,5,0.75,hostvector_tempmort,central,1.0,0.3,0.173513,0.0,4.463234,0.226791,0.226374,0.172175,0.142653
BARBADOS,BARBADOS,2020-08-23,nb,5,0.75,hostvector_tempmort,alt,1.0,0.3,0.173513,0.0,5.523786,0.249757,0.283664,0.140737,0.144165
BARBADOS,BARBADOS,2020-08-23,nb,7,1.0,hostvector,central,1.0,0.3,0.173513,0.0,0.778018,0.186088,0.087024,0.183654,0.033232
BARBADOS,BARBADOS,2020-08-23,nb,7,1.0,hostvector,alt,1.0,0.3,0.173513,0.0,0.384903,0.197798,0.077864,0.151657,0.012891
BARBADOS,BARBADOS,2020-08-23,nb,7,1.0,seir,central,1.0,0.3,0.173513,0.0,2.59313,0.252569,0.171417,0.404067,0.215523
BARBADOS,BARBADOS,2020-08-23,nb,7,1.0,seir,alt,1.0,0.3,0.173513,0.0,0.030658,0.327405,0.127983,0.511174,0.031368
BARBADOS,BARBADOS,2020-08-23,nb,7,1.0,hostvector_tempmort,central,1.0,0.3,0.173513,0.0,0.033722,0.174721,0.069009,0.189087,0.010194
BARBADOS,BARBADOS,2020-08-23,nb,7,1.0,hostvector_tempmort,alt,1.0,0.3,0.173513,0.0,0.008525,0.189158,0.075216,0.155629,0.008112
BARBADOS,BARBADOS,2020-08-23,nb,7,0.75,hostvector,central,1.0,0.3,0.173513,0.0,3.207073,0.285668,0.196701,0.18317,0.120205
BARBADOS,BARBADOS,2020-08-23,nb,7,0.75,hostvector,alt,1.0,0.3,0.173513,0.0,3.811796,0.297937,0.241143,0.151084,0.117263
BARBADOS,BARBADOS,2020-08-23,nb,7,0.75,seir,central,1.0,0.3,0.173513,0.0,0.001493,0.524826,0.096721,0.411916,0.020072
BARBADOS,BARBADOS,2020-08-23,nb,7,0.75,seir,alt,1.0,0.3,0.173513,0.0,13.797015,-0.705854,0.491973,0.352199,0.786275
BARBADOS,BARBADOS,2020-08-23,nb,7,0.75,hostvector_tempmort,central,1.0,0.3,0.173513,0.0,0.441496,0.27349,0.079439,0.188754,0.017812
BARBADOS,BARBADOS,2020-08-23,nb,7,0.75,hostvector_tempmort,alt,1.0,0.3,0.173513,0.0,3.40811,0.287751,0.211851,0.155183,0.107798
BARBADOS,BARBADOS,2020-08-23,poisson,3,1.0,hostvector,central,1.0,0.3,0.173513,0.0,7.151181,0.239072,0.33865,0.153259,0.184717
BARBADOS,BARBADOS,2020-08-23,poisson,3,1.0,hostvector,alt,1.0,0.3,0.173513,0.0,8.054626,0.266882,0.40651,0.124567,0.166824
BARBADOS,BARBADOS,2020-08-23,poisson,3,1.0,seir,central,1.0,0.3,0.173513,1e-06,9.460302,0.275359,0.372384,0.320469,0.523815
BARBADOS,BARBADOS,2020-08-23,poisson,3,1.0,seir,alt,1.0,0.3,0.173513,0.0,9.196349,0.301778,0.371625,0.396213,0.627642
BARBADOS,BARBADOS,2020-08-23,poisson,3,1.0,hostvector_tempmort,central,1.0,0.3,0.173513,0.0,4.528827,0.225073,0.217762,0.159558,0.123247
BARBADOS,BARBADOS,2020-08-23,poisson,3,1.0,hostvector_tempmort,alt,1.0,0.3,0.173513,0.0,7.955032,0.253823,0.398051,0.129156,0.171213
BARBADOS,BARBADOS,2020-08-23,poisson,3,0.75,hostvector,central,1.0,0.3,0.173513,0.0,8.461993,0.24713,0.406852,0.152296,0.216558
BARBADOS,BARBADOS,2020-08-23,poisson,3,0.75,hostvector,alt,1.0,0.3,0.173513,0.0,0.280647,0.272578,0.120797,0.124053,0.019871
BARBADOS,BARBADOS,2020-08-23,poisson,3,0.75,seir,central,1.0,0.3,0.173513,0.0,11.182145,0.297657,0.456718,0.31515,0.605188
BARBADOS,BARBADOS,2020-08-23,poisson,3,0.75,seir,alt,1.0,0.3,0.173513,0.0,12.611902,0.324088,0.519282,0.389912,0.842888
BARBADOS,BARBADOS,2020-08-23,poisson,3,0.75,hostvector_tempmort,central,1.0,0.3,0.173513,0.0,8.642539,0.23333,0.412107,0.158542,0.230461
BARBADOS,BARBADOS,2020-08-23,poisson,3,0.75,hostvector_tempmort,alt,1.0,0.3,0.173513,0.0,3.597362,0.259855,0.173405,0.128595,0.082529
BARBADOS,BARBADOS,2020-08-23,poisson,5,1.0,hostvector,central,1.0,0.3,0.173513,0.0,0.935056,0.247957,0.096039,0.172008,0.033054
BARBADOS,BARBADOS,2020-08-23,poisson,5,1.0,hostvector,alt,1.0,0.3,0.173513,0.0,6.980639,0.266731,0.348505,0.141722,0.189378
BARBADOS,BARBADOS,2020-08-23,poisson,5,1.0,seir,central,1.0,0.3,0.173513,1e-06,7.856205,0.359329,0.402337,0.362617,0.545706
BARBADOS,BARBADOS,2020-08-23,poisson,5,1.0,seir,alt,1.0,0.3,0.173513,0.0,6.438097,0.402715,0.361902,0.451355,0.552109
BARBADOS,BARBADOS,2020-08-23,poisson,5,1.0,hostvector_tempmort,central,1.0,0.3,0.173513,0.0,5.087072,0.236191,0.255175,0.177618,0.1736
BARBADOS,BARBADOS,2020-08-23,poisson,5,1.0,hostvector_tempmort,alt,1.0,0.3,0.173513,0.0,5.170937,0.25662,0.262718,0.145791,0.144669
BARBADOS,BARBADOS,2020-08-23,poisson,5,0.75,hostvector,central,1.0,0.3,0.173513,0.0,7.048217,0.269436,0.363112,0.170247,0.228905
BARBADOS,BARBADOS,2020-08-23,poisson,5,0.75,hostvector,alt,1.0,0.3,0.173513,0.0,8.253292,0.290526,0.424483,0.140167,0.220361
BARBADOS,BARBADOS,2020-08-23,poisson,5,0.75,seir,central,1.0,0.3,0.173513,0.0,7.724002,0.394432,0.406514,0.357779,0.52676
BARBADOS,BARBADOS,2020-08-23,poisson,5,0.75,seir,alt,1.0,0.3,0.173513,0.0,8.301771,0.430638,0.447939,0.44711,0.705546
BARBADOS,BARBADOS,2020-08-23,poisson,5,0.75,hostvector_tempmort,central,1.0,0.3,0.173513,0.0,6.617921,0.257325,0.338057,0.175869,0.222398
BARBADOS,BARBADOS,2020-08-23,poisson,5,0.75,hostvector_tempmort,alt,1.0,0.3,0.173513,0.0,8.091938,0.279752,0.415834,0.14427,0.222355
BARBADOS,BARBADOS,2020-08-23,poisson,7,1.0,hostvector,central,1.0,0.3,0.173513,0.0,3.498956,0.221295,0.195446,0.198024,0.151008
BARBADOS,BARBADOS,2020-08-23,poisson,7,1.0,hostvector,alt,1.0,0.3,0.173513,0.0,4.15744,0.228712,0.2387,0.164601,0.1485
BARBADOS,BARBADOS,2020-08-23,poisson,7,1.0,seir,central,1.0,0.3,0.173513,0.0,4.498774,0.401314,0.329079,0.444305,0.438648
BARBADOS,BARBADOS,2020-08-23,poisson,7,1.0,seir,alt,1.0,0.3,0.173513,0.0,0.724437,0.469606,0.18198,0.561901,0.112546
BARBADOS,BARBADOS,2020-08-23,poisson,7,1.0,hostvector_tempmort,central,1.0,0.3,0.173513,0.0,3.474372,0.212314,0.199744,0.202913,0.153546
BARBADOS,BARBADOS,2020-08-23,poisson,7,1.0,hostvector_tempmort,alt,1.0,0.3,0.173513,0.0,3.001922,0.221828,0.184996,0.168158,0.109693
BARBADOS,BARBADOS,2020-08-23,poisson,7,0.75,hostvector,central,1.0,0.3,0.173513,0.0,4.321096,0.256302,0.25269,0.197411,0.185328
BARBADOS,BARBADOS,2020-08-23,poisson,7,0.75,hostvector,alt,1.0,0.3,0.173513,0.0,4.919468,0.271582,0.298214,0.164033,0.174565
BARBADOS,BARBADOS,2020-08-23,poisson,7,0.75,seir,central,1.0,0.3,0.173513,0.0,0.342839,0.456664,0.198344,0.444372,0.047033
BARBADOS,BARBADOS,2020-08-23,poisson,7,0.75,seir,alt,1.0,0.3,0.173513,0.0,0.812881,0.515749,0.195316,0.562535,0.035254
BARBADOS,BARBADOS,2020-08-23,poisson,7,0.75,hostvector_tempmort,central,1.0,0.3,0.173513,0.0,4.164548,0.24668,0.246829,0.202357,0.182954
BARBADOS,BARBADOS,2020-08-23,poisson,7,0.75,hostvector_tempmort,alt,1.0,0.3,0.173513,0.0,4.641128,0.263445,0.282599,0.167644,0.168372
BOLIVIA,PANDO,2015-10-04,nb,3,1.0,hostvector,central,1.0,0.3,0.202705,5.9e-05,0.823432,0.233552,0.046968,0.153771,0.039506
BOLIVIA,PANDO,2015-10-04,nb,3,1.0,hostvector,alt,1.0,0.3,0.202705,0.084516,0.987139,0.266722,0.057762,0.128568,0.03961
BOLIVIA,PANDO,2015-10-04,nb,3,1.0,seir,central,1.0,0.3,0.202705,0.0,0.865179,0.260331,0.050491,0.323777,0.086582
BOLIVIA,PANDO,2015-10-04,nb,3,1.0,seir,alt,1.0,0.3,0.202705,14.313918,,0.498126,,28.602299,
BOLIVIA,PANDO,2015-10-04,nb,3,1.0,hostvector_tempmort,central,1.0,0.3,0.202705,0.210866,0.81566,0.230142,0.047763,0.167327,0.042355
BOLIVIA,PANDO,2015-10-04,nb,3,1.0,hostvector_tempmort,alt,1.0,0.3,0.202705,0.347322,0.967679,0.267188,0.058483,0.142055,0.042621
BOLIVIA,PANDO,2015-10-04,nb,3,0.75,hostvector,central,1.0,0.3,0.202705,0.0,1.244552,0.228955,0.102424,0.153748,0.059612
BOLIVIA,PANDO,2015-10-04,nb,3,0.75,hostvector,alt,1.0,0.3,0.202705,0.0,,0.248799,,0.125331,
BOLIVIA,PANDO,2015-10-04,nb,3,0.75,seir,central,1.0,0.3,0.202705,0.065719,1.412317,0.282399,0.137169,0.330144,0.145796
BOLIVIA,PANDO,2015-10-04,nb,3,0.75,seir,alt,1.0,0.3,0.202705,0.285787,1.426794,0.312276,0.143405,0.444115,0.197752
BOLIVIA,PANDO,2015-10-04,nb,3,0.75,hostvector_tempmort,central,1.0,0.3,0.202705,1e-06,1.245504,0.209463,0.105779,0.156675,0.060769
BOLIVIA,PANDO,2015-10-04,nb,3,0.75,hostvector_tempmort,alt,1.0,0.3,0.202705,0.0,0.593171,0.230298,0.056749,0.127617,0.023269
BOLIVIA,PANDO,2015-10-04,nb,5,1.0,hostvector,central,1.0,0.3,0.202705,0.01522,0.870316,0.271403,0.052127,0.164592,0.046756
BOLIVIA,PANDO,2015-10-04,nb,5,1.0,hostvector,alt,1.0,0.3,0.202705,0.087261,1.028336,0.29676,0.061517,0.137812,0.046384
BOLIVIA,PANDO,2015-10-04,nb,5,1.0,seir,central,1.0,0.3,0.202705,0.048531,0.981176,0.355474,0.070642,0.359781,0.114731
BOLIVIA,PANDO,2015-10-04,nb,5,1.0,seir,alt,1.0,0.3,0.202705,0.513634,1.124078,0.417806,0.090291,0.529424,0.193896
BOLIVIA,PANDO,2015-10-04,nb,5,1.0,hostvector_tempmort,central,1.0,0.3,0.202705,0.297597,0.864302,0.271906,0.053573,0.1833,0.051488
BOLIVIA,PANDO,2015-10-04,nb,5,1.0,hostvector_tempmort,alt,1.0,0.3,0.202705,0.389798,1.005703,0.299944,0.062404,0.154404,0.050571
BOLIVIA,PANDO,2015-10-04,nb,5,0.75,hostvector,central,1.0,0.3,0.202705,0.928571,1.663472,0.368755,0.155799,0.2229,0.122181
BOLIVIA,PANDO,2015-10-04,nb,5,0.75,hostvector,alt,1.0,0.3,0.202705,0.890858,1.886705,0.386274,0.175883,0.18004,0.111946
BOLIVIA,PANDO,2015-10-04,nb,5,0.75,seir,central,1.0,0.3,0.202705,3.304841,1.868451,0.722614,0.201567,1.064227,0.655
BOLIVIA,PANDO,2015-10-04,nb,5,0.75,seir,alt,1.0,0.3,0.202705,3.939753,1.87123,0.810037,0.207469,1.652727,1.016229
BOLIVIA,PANDO,2015-10-04,nb,5,0.75,hostvector_tempmort,central,1.0,0.3,0.202705,1.409132,1.625512,0.389444,0.154671,0.264868,0.141374
BOLIVIA,PANDO,2015-10-04,nb,5,0.75,hostvector_tempmort,alt,1.0,0.3,0.202705,1.369179,1.839046,0.407165,0.17507,0.213632,0.128988
BOLIVIA,PANDO,2015-10-04,nb,7,1.0,hostvector,central,1.0,0.3,0.202705,0.618858,0.955066,0.377513,0.067177,0.216866,0.070183
BOLIVIA,PANDO,2015-10-04,nb,7,1.0,hostvector,alt,1.0,0.3,0.202705,0.575945,1.113743,0.389044,0.077532,0.174941,0.066177
BOLIVIA,PANDO,2015-10-04,nb,7,1.0,seir,central,1.0,0.3,0.202705,1.63102,1.3033,0.619993,0.129176,0.694129,0.312561
BOLIVIA,PANDO,2015-10-04,nb,7,1.0,seir,alt,1.0,0.3,0.202705,2.623938,1.534,0.755756,0.163097,1.242497,0.661822
BOLIVIA,PANDO,2015-10-04,nb,7,1.0,hostvector_tempmort,central,1.0,0.3,0.202705,0.910394,0.941086,0.37967,0.068422,0.242352,0.077083
BOLIVIA,PANDO,2015-10-04,nb,7,1.0,hostvector_tempmort,alt,1.0,0.3,0.202705,0.889611,1.079139,0.394459,0.07776,0.196914,0.071942
BOLIVIA,PANDO,2015-10-04,nb,7,0.75,hostvector,central,1.0,0.3,0.202705,1.527804,2.294664,0.469734,0.255076,0.296383,0.238511
BOLIVIA,PANDO,2015-10-04,nb,7,0.75,hostvector,alt,1.0,0.3,0.202705,1.642074,2.537109,0.502641,0.277725,0.252928,0.224226
BOLIVIA,PANDO,2015-10-04,nb,7,0.75,seir,central,1.0,0.3,0.202705,0.695239,2.668264,0.412365,0.350948,0.47086,0.457011
BOLIVIA,PANDO,2015-10-04,nb,7,0.75,seir,alt,1.0,0.3,0.202705,0.978472,2.68433,0.449016,0.357224,0.6534,0.637876
BOLIVIA,PANDO,2015-10-04,nb,7,0.75,hostvector_tempmort,central,1.0,0.3,0.202705,2.117306,2.125895,0.507248,0.240105,0.367621,0.273382
BOLIVIA,PANDO,2015-10-04,nb,7,0.75,hostvector_tempmort,alt,1.0,0.3,0.202705,2.186109,2.352029,0.535763,0.262964,0.308467,0.252969
BOLIVIA,PANDO,2015-10-04,poisson,3,1.0,hostvector,central,1.0,0.3,0.202705,2.198251,1.665733,0.382068,0.084102,0.311462,0.172652
BOLIVIA,PANDO,2015-10-04,poisson,3,1.0,hostvector,alt,1.0,0.3,0.202705,2.487332,1.83948,0.422344,0.094268,0.278124,0.169704
BOLIVIA,PANDO,2015-10-04,poisson,3,1.0,seir,central,1.0,0.3,0.202705,2.715438,1.910937,0.519704,0.108928,0.762172,0.482381
BOLIVIA,PANDO,2015-10-04,poisson,3,1.0,seir,alt,1.0,0.3,0.202705,3.09749,1.803484,0.580237,0.108509,1.072716,0.637692
BOLIVIA,PANDO,2015-10-04,poisson,3,1.0,hostvector_tempmort,central,1.0,0.3,0.202705,2.358601,1.617747,0.382901,0.083506,0.331961,0.178119
BOLIVIA,PANDO,2015-10-04,poisson,3,1.0,hostvector_tempmort,alt,1.0,0.3,0.202705,2.625162,1.782271,0.422871,0.093394,0.293901,0.173164
BOLIVIA,PANDO,2015-10-04,poisson,3,0.75,hostvector,central,1.0,0.3,0.202705,2.782904,1.921578,0.440663,0.103526,0.373219,0.237372
BOLIVIA,PANDO,2015-10-04,poisson,3,0.75,hostvector,alt,1.0,0.3,0.202705,3.019613,2.118966,0.482834,0.116169,0.326722,0.228312
BOLIVIA,PANDO,2015-10-04,poisson,3,0.75,seir,central,1.0,0.3,0.202705,3.506699,1.968194,0.605745,0.1184,0.975338,0.633436
BOLIVIA,PANDO,2015-10-04,poisson,3,0.75,seir,alt,1.0,0.3,0.202705,3.663602,1.900543,0.65029,0.119986,1.27701,0.797383
BOLIVIA,PANDO,2015-10-04,poisson,3,0.75,hostvector_tempmort,central,1.0,0.3,0.202705,2.934937,1.861405,0.441327,0.102372,0.396607,0.243574
BOLIVIA,PANDO,2015-10-04,poisson,3,0.75,hostvector_tempmort,alt,1.0,0.3,0.202705,3.153902,2.051765,0.483165,0.114896,0.344842,0.232552
BOLIVIA,PANDO,2015-10-04,poisson,5,1.0,hostvector,central,1.0,0.3,0.202705,1e-06,2.140553,0.308548,0.122666,0.165519,0.122772
BOLIVIA,PANDO,2015-10-04,poisson,5,1.0,hostvector,alt,1.0,0.3,0.202705,0.0,0.136547,0.327505,0.073817,0.135737,0.008585
BOLIVIA,PANDO,2015-10-04,poisson,5,1.0,seir,central,1.0,0.3,0.202705,1.056731,2.613994,0.563003,0.198919,0.505087,0.451853
BOLIVIA,PANDO,2015-10-04,poisson,5,1.0,seir,alt,1.0,0.3,0.202705,2.126556,2.682621,0.695803,0.214419,0.910461,0.831847
BOLIVIA,PANDO,2015-10-04,poisson,5,1.0,hostvector_tempmort,central,1.0,0.3,0.202705,1e-06,2.066009,0.299405,0.121852,0.167249,0.11927
BOLIVIA,PANDO,2015-10-04,poisson,5,1.0,hostvector_tempmort,alt,1.0,0.3,0.202705,0.0,2.395647,0.319218,0.139339,0.137029,0.113387
BOLIVIA,PANDO,2015-10-04,poisson,5,0.75,hostvector,central,1.0,0.3,0.202705,0.337412,2.962975,0.366451,0.195867,0.184951,0.188333
BOLIVIA,PANDO,2015-10-04,poisson,5,0.75,hostvector,alt,1.0,0.3,0.202705,0.335043,3.349066,0.394799,0.219639,0.151283,0.174212
BOLIVIA,PANDO,2015-10-04,poisson,5,0.75,seir,central,1.0,0.3,0.202705,2.639188,3.192673,0.739354,0.258005,0.862898,0.938174
BOLIVIA,PANDO,2015-10-04,poisson,5,0.75,seir,alt,1.0,0.3,0.202705,3.455271,3.142113,0.856055,0.265759,1.424106,1.517203
BOLIVIA,PANDO,2015-10-04,poisson,5,0.75,hostvector_tempmort,central,1.0,0.3,0.202705,0.618463,2.85784,0.371941,0.193665,0.205926,0.201602
BOLIVIA,PANDO,2015-10-04,poisson,5,0.75,hostvector_tempmort,alt,1.0,0.3,0.202705,0.608726,3.216335,0.400084,0.217157,0.167906,0.185028
BOLIVIA,PANDO,2015-10-04,poisson,7,1.0,hostvector,central,1.0,0.3,0.202705,1.045579,2.105871,0.517411,0.158699,0.254403,0.189633
BOLIVIA,PANDO,2015-10-04,poisson,7,1.0,hostvector,alt,1.0,0.3,0.202705,1.397339,2.625396,0.573375,0.203702,0.236292,0.219244
BOLIVIA,PANDO,2015-10-04,poisson,7,1.0,seir,central,1.0,0.3,0.202705,5.28,2.916225,1.214512,0.280966,2.51931,2.577909
BOLIVIA,PANDO,2015-10-04,poisson,7,1.0,seir,alt,1.0,0.3,0.202705,6.624803,2.778654,1.397877,0.277062,5.074995,4.927153
BOLIVIA,PANDO,2015-10-04,poisson,7,1.0,hostvector_tempmort,central,1.0,0.3,0.202705,1.319258,2.059726,0.522156,0.159186,0.282903,0.205783
BOLIVIA,PANDO,2015-10-04,poisson,7,1.0,hostvector_tempmort,alt,1.0,0.3,0.202705,1.674123,2.55217,0.5798,0.203423,0.262827,0.236502
BOLIVIA,PANDO,2015-10-04,poisson,7,0.75,hostvector,central,1.0,0.3,0.202705,3.505864,2.95298,0.795536,0.262222,0.605454,0.627327
BOLIVIA,PANDO,2015-10-04,poisson,7,0.75,hostvector,alt,1.0,0.3,0.202705,4.655613,3.537883,0.954914,0.328758,0.741382,0.916196
BOLIVIA,PANDO,2015-10-04,poisson,7,0.75,seir,central,1.0,0.3,0.202705,7.36458,3.269375,1.472085,0.334215,5.225586,5.962781
BOLIVIA,PANDO,2015-10-04,poisson,7,0.75,seir,alt,1.0,0.3,0.202705,8.333831,3.419587,1.614783,0.360139,9.21182,10.959965
BOLIVIA,PANDO,2015-10-04,poisson,7,0.75,hostvector_tempmort,central,1.0,0.3,0.202705,3.754855,2.87498,0.800218,0.259527,0.666902,0.671685
BOLIVIA,PANDO,2015-10-04,poisson,7,0.75,hostvector_tempmort,alt,1.0,0.3,0.202705,4.880746,3.444267,0.958434,0.325176,0.809093,0.971983
BOLIVIA,CHUQUISACA,2015-11-08,nb,3,1.0,hostvector,central,1.0,0.3,1.112087,0.0,,0.243287,,0.191028,
BOLIVIA,CHUQUISACA,2015-11-08,nb,3,1.0,hostvector,alt,1.0,0.3,1.112087,0.076,0.622825,0.13753,0.59947,0.18003,0.200014
BOLIVIA,CHUQUISACA,2015-11-08,nb,3,1.0,seir,central,1.0,0.3,1.112087,0.0,0.62731,0.448901,0.297281,0.44177,0.485765
BOLIVIA,CHUQUISACA,2015-11-08,nb,3,1.0,seir,alt,1.0,0.3,1.112087,0.0,0.682618,0.474121,0.289615,0.560964,0.671741
BOLIVIA,CHUQUISACA,2015-11-08,nb,3,1.0,hostvector_tempmort,central,1.0,0.3,1.112087,0.0,0.215375,0.370515,0.37618,0.219105,0.084476
BOLIVIA,CHUQUISACA,2015-11-08,nb,3,1.0,hostvector_tempmort,alt,1.0,0.3,1.112087,0.0,0.867485,0.411934,0.567972,0.176206,0.271371
BOLIVIA,CHUQUISACA,2015-11-08,nb,3,0.75,hostvector,central,1.0,0.3,1.112087,0.0,0.000915,0.200124,0.602394,0.190317,0.011857
BOLIVIA,CHUQUISACA,2015-11-08,nb,3,0.75,hostvector,alt,1.0,0.3,1.112087,1.5e-05,1.000196,0.074551,0.695494,0.156956,0.279641
BOLIVIA,CHUQUISACA,2015-11-08,nb,3,0.75,seir,central,1.0,0.3,1.112087,0.0,1.196415,0.441108,0.39761,0.440426,0.928028
BOLIVIA,CHUQUISACA,2015-11-08,nb,3,0.75,seir,alt,1.0,0.3,1.112087,1e-06,1.330346,0.467881,0.395892,0.559313,1.310115
BOLIVIA,CHUQUISACA,2015-11-08,nb,3,0.75,hostvector_tempmort,central,1.0,0.3,1.112087,0.0,0.712487,0.367977,0.457149,0.218986,0.279171
BOLIVIA,CHUQUISACA,2015-11-08,nb,3,0.75,hostvector_tempmort,alt,1.0,0.3,1.112087,0.0,,0.407586,,0.176091,
BOLIVIA,CHUQUISACA,2015-11-08,nb,5,1.0,hostvector,central,1.0,0.3,1.112087,0.029925,0.472937,0.527959,0.314845,0.219611,0.186345
BOLIVIA,CHUQUISACA,2015-11-08,nb,5,1.0,hostvector,alt,1.0,0.3,1.112087,0.057251,0.707245,0.631531,0.67094,0.187543,0.239373
BOLIVIA,CHUQUISACA,2015-11-08,nb,5,1.0,seir,central,1.0,0.3,1.112087,0.063764,0.557386,0.449684,0.225425,0.515577,0.514394
BOLIVIA,CHUQUISACA,2015-11-08,nb,5,1.0,seir,alt,1.0,0.3,1.112087,0.069104,0.684624,0.454327,0.251311,0.655043,0.802325
BOLIVIA,CHUQUISACA,2015-11-08,nb,5,1.0,hostvector_tempmort,central,1.0,0.3,1.112087,0.0,0.029862,0.444082,0.189982,0.235257,0.016224
BOLIVIA,CHUQUISACA,2015-11-08,nb,5,1.0,hostvector_tempmort,alt,1.0,0.3,1.112087,0.0,0.858797,0.554955,0.264449,0.19254,0.297625
BOLIVIA,CHUQUISACA,2015-11-08,nb,5,0.75,hostvector,central,1.0,0.3,1.112087,0.0,0.009585,0.510859,0.37654,0.207284,0.014759
BOLIVIA,CHUQUISACA,2015-11-08,nb,5,0.75,hostvector,alt,1.0,0.3,1.112087,0.000593,1.034362,0.582657,0.808759,0.168345,0.315911
BOLIVIA,CHUQUISACA,2015-11-08,nb,5,0.75,seir,central,1.0,0.3,1.112087,1.4e-05,0.800109,0.438887,0.287412,0.459746,0.659218
BOLIVIA,CHUQUISACA,2015-11-08,nb,5,0.75,seir,alt,1.0,0.3,1.112087,2e-06,0.990268,0.445638,0.323845,0.578952,1.026243
BOLIVIA,CHUQUISACA,2015-11-08,nb,5,0.75,hostvector_tempmort,central,1.0,0.3,1.112087,0.0,0.197734,0.44606,0.207634,0.235209,0.082511
BOLIVIA,CHUQUISACA,2015-11-08,nb,5,0.75,hostvector_tempmort,alt,1.0,0.3,1.112087,0.0,1.177573,0.559049,0.321125,0.192498,0.407857
BOLIVIA,CHUQUISACA,2015-11-08,nb,7,1.0,hostvector,central,1.0,0.3,1.112087,0.075256,0.43436,0.183307,0.276415,0.22764,0.179393
BOLIVIA,CHUQUISACA,2015-11-08,nb,7,1.0,hostvector,alt,1.0,0.3,1.112087,0.115939,0.59158,0.109269,0.332289,0.199258,0.213231
BOLIVIA,CHUQUISACA,2015-11-08,nb,7,1.0,seir,central,1.0,0.3,1.112087,0.050843,0.390434,0.224289,0.275638,0.474794,0.338045
BOLIVIA,CHUQUISACA,2015-11-08,nb,7,1.0,seir,alt,1.0,0.3,1.112087,0.046577,0.436111,0.205957,0.297447,0.590099,0.469192
BOLIVIA,CHUQUISACA,2015-11-08,nb,7,1.0,hostvector_tempmort,central,1.0,0.3,1.112087,0.0,0.447785,0.263645,0.217723,0.228059,0.185236
BOLIVIA,CHUQUISACA,2015-11-08,nb,7,1.0,hostvector_tempmort,alt,1.0,0.3,1.112087,0.0,0.600102,0.272594,0.283205,0.185471,0.202436
BOLIVIA,CHUQUISACA,2015-11-08,nb,7,0.75,hostvector,central,1.0,0.3,1.112087,0.0,0.684945,0.179612,0.333611,0.198617,0.247496
BOLIVIA,CHUQUISACA,2015-11-08,nb,7,0.75,hostvector,alt,1.0,0.3,1.112087,7e-06,0.871068,0.089734,0.405876,0.160802,0.254816
BOLIVIA,CHUQUISACA,2015-11-08,nb,7,0.75,seir,central,1.0,0.3,1.112087,0.0,0.707953,0.231155,0.336727,0.434905,0.556353
BOLIVIA,CHUQUISACA,2015-11-08,nb,7,0.75,seir,alt,1.0,0.3,1.112087,0.0,0.868826,0.218982,0.364613,0.545534,0.853353
BOLIVIA,CHUQUISACA,2015-11-08,nb,7,0.75,hostvector_tempmort,central,1.0,0.3,1.112087,0.0,0.799481,0.275208,0.283833,0.228679,0.331045
BOLIVIA,CHUQUISACA,2015-11-08,nb,7,0.75,hostvector_tempmort,alt,1.0,0.3,1.112087,1e-06,1.198172,0.291759,0.351013,0.186276,0.402976
BOLIVIA,CHUQUISACA,2015-11-08,poisson,3,1.0,hostvector,central,1.0,0.3,1.112087,0.0,0.642921,0.200184,0.534436,0.192264,0.220949
BOLIVIA,CHUQUISACA,2015-11-08,poisson,3,1.0,hostvector,alt,1.0,0.3,1.112087,0.073677,1.396982,0.223283,0.635733,0.181155,0.454302
BOLIVIA,CHUQUISACA,2015-11-08,poisson,3,1.0,seir,central,1.0,0.3,1.112087,0.003922,1.036456,0.20499,0.41135,0.421046,0.769153
BOLIVIA,CHUQUISACA,2015-11-08,poisson,3,1.0,seir,alt,1.0,0.3,1.112087,0.058786,1.395928,0.203418,0.424489,0.583728,1.435483
BOLIVIA,CHUQUISACA,2015-11-08,poisson,3,1.0,hostvector_tempmort,central,1.0,0.3,1.112087,0.0,0.873499,0.206253,0.410395,0.218603,0.339307
BOLIVIA,CHUQUISACA,2015-11-08,poisson,3,1.0,hostvector_tempmort,alt,1.0,0.3,1.112087,0.0,1.485258,0.255889,0.540127,0.178209,0.471662
BOLIVIA,CHUQUISACA,2015-11-08,poisson,3,0.75,hostvector,central,1.0,0.3,1.112087,0.0,1.542884,0.192931,0.639108,0.192178,0.529532
BOLIVIA,CHUQUISACA,2015-11-08,poisson,3,0.75,hostvector,alt,1.0,0.3,1.112087,1e-06,1.800645,0.216762,0.75047,0.158618,0.512987
BOLIVIA,CHUQUISACA,2015-11-08,poisson,3,0.75,seir,central,1.0,0.3,1.112087,0.0,1.371899,0.203582,0.495916,0.417963,1.012005
BOLIVIA,CHUQUISACA,2015-11-08,poisson,3,0.75,seir,alt,1.0,0.3,1.112087,0.006896,1.787146,0.20017,0.503004,0.53246,1.676899
BOLIVIA,CHUQUISACA,2015-11-08,poisson,3,0.75,hostvector_tempmort,central,1.0,0.3,1.112087,0.0,1.348389,0.206025,0.48542,0.218592,0.523735
BOLIVIA,CHUQUISACA,2015-11-08,poisson,3,0.75,hostvector_tempmort,alt,1.0,0.3,1.112087,0.0,1.788655,0.255463,0.639017,0.178196,0.567965
BOLIVIA,CHUQUISACA,2015-11-08,poisson,5,1.0,hostvector,central,1.0,0.3,1.112087,0.022162,0.817879,-0.063138,0.437716,0.197822,0.289465
BOLIVIA,CHUQUISACA,2015-11-08,poisson,5,1.0,hostvector,alt,1.0,0.3,1.112087,0.100983,1.2432,-0.140153,0.54583,0.18848,0.420316
BOLIVIA,CHUQUISACA,2015-11-08,poisson,5,1.0,seir,central,1.0,0.3,1.112087,0.0,0.888331,-0.067641,0.432979,0.405526,0.639168
BOLIVIA,CHUQUISACA,2015-11-08,poisson,5,1.0,seir,alt,1.0,0.3,1.112087,0.0,0.520802,-0.140369,0.467043,0.507433,0.47065
BOLIVIA,CHUQUISACA,2015-11-08,poisson,5,1.0,hostvector_tempmort,central,1.0,0.3,1.112087,0.0,1.317479,0.015993,0.38952,0.215772,0.507417
BOLIVIA,CHUQUISACA,2015-11-08,poisson,5,1.0,hostvector_tempmort,alt,1.0,0.3,1.112087,1e-06,1.6205,-0.057501,0.488894,0.17559,0.508769
BOLIVIA,CHUQUISACA,2015-11-08,poisson,5,0.75,hostvector,central,1.0,0.3,1.112087,0.0,1.537348,-0.064567,0.539152,0.190035,0.523224
BOLIVIA,CHUQUISACA,2015-11-08,poisson,5,0.75,hostvector,alt,1.0,0.3,1.112087,1e-05,1.728702,-0.150793,0.657611,0.157091,0.48754
BOLIVIA,CHUQUISACA,2015-11-08,poisson,5,0.75,seir,central,1.0,0.3,1.112087,0.0,2.106202,-0.065267,0.588061,0.405465,1.51534
BOLIVIA,CHUQUISACA,2015-11-08,poisson,5,0.75,seir,alt,1.0,0.3,1.112087,3e-06,2.551274,-0.137945,0.663743,0.507369,2.294489
BOLIVIA,CHUQUISACA,2015-11-08,poisson,5,0.75,hostvector_tempmort,central,1.0,0.3,1.112087,1e-06,1.652124,0.016691,0.4651,0.215773,0.636291
BOLIVIA,CHUQUISACA,2015-11-08,poisson,5,0.75,hostvector_tempmort,alt,1.0,0.3,1.112087,2e-06,2.033859,-0.056557,0.582681,0.175588,0.638536
BOLIVIA,CHUQUISACA,2015-11-08,poisson,7,1.0,hostvector,central,1.0,0.3,1.112087,0.030649,0.893717,-0.005189,0.271641,0.201528,0.323133
BOLIVIA,CHUQUISACA,2015-11-08,poisson,7,1.0,hostvector,alt,1.0,0.3,1.112087,0.118929,1.371206,-0.022894,0.30926,0.195267,0.482715
BOLIVIA,CHUQUISACA,2015-11-08,poisson,7,1.0,seir,central,1.0,0.3,1.112087,0.000125,0.828808,-0.00459,0.296625,0.407996,0.599818
BOLIVIA,CHUQUISACA,2015-11-08,poisson,7,1.0,seir,alt,1.0,0.3,1.112087,0.036105,1.248027,-0.001244,0.30815,0.548276,1.213654
BOLIVIA,CHUQUISACA,2015-11-08,poisson,7,1.0,hostvector_tempmort,central,1.0,0.3,1.112087,0.0,1.206006,0.008702,0.25184,0.215944,0.46468
BOLIVIA,CHUQUISACA,2015-11-08,poisson,7,1.0,hostvector_tempmort,alt,1.0,0.3,1.112087,1e-06,1.527489,-0.011434,0.288821,0.175815,0.48138
BOLIVIA,CHUQUISACA,2015-11-08,poisson,7,0.75,hostvector,central,1.0,0.3,1.112087,0.0,1.490437,-0.00576,0.325525,0.190685,0.5099
BOLIVIA,CHUQUISACA,2015-11-08,poisson,7,0.75,hostvector,alt,1.0,0.3,1.112087,0.011808,1.800351,-0.030653,0.368988,0.160785,0.522095
BOLIVIA,CHUQUISACA,2015-11-08,poisson,7,0.75,seir,central,1.0,0.3,1.112087,2e-06,1.675027,-0.002572,0.355788,0.407985,1.210018
BOLIVIA,CHUQUISACA,2015-11-08,poisson,7,0.75,seir,alt,1.0,0.3,1.112087,0.0,1.753772,-0.000304,0.364595,0.514473,1.597064
BOLIVIA,CHUQUISACA,2015-11-08,poisson,7,0.75,hostvector_tempmort,central,1.0,0.3,1.112087,0.0,1.499749,0.009113,0.297982,0.215953,0.577743
BOLIVIA,CHUQUISACA,2015-11-08,poisson,7,0.75,hostvector_tempmort,alt,1.0,0.3,1.112087,0.0,1.89815,-0.010941,0.343029,0.175822,0.598181
BOLIVIA,COCHABAMBA,2014-11-02,nb,3,1.0,hostvector,central,1.0,0.3,4.337979,1.130585,0.584021,0.150749,2.607521,5.602827,7.165085
BOLIVIA,COCHABAMBA,2014-11-02,nb,3,1.0,hostvector,alt,1.0,0.3,4.337979,1.338785,2.57594,0.889968,9.51101,9.802744,56.457743
BOLIVIA,COCHABAMBA,2014-11-02,nb,3,1.0,seir,central,1.0,0.3,4.337979,1.318698,0.464275,1.254674,1.366404,26.574553,30.451054
BOLIVIA,COCHABAMBA,2014-11-02,nb,3,1.0,seir,alt,1.0,0.3,4.337979,1.613394,0.689027,1.979465,1.763246,89.75679,163.866077
BOLIVIA,COCHABAMBA,2014-11-02,nb,3,1.0,hostvector_tempmort,central,1.0,0.3,4.337979,0.789859,0.451066,0.684799,1.808497,3.09362,3.176482
BOLIVIA,COCHABAMBA,2014-11-02,nb,3,1.0,hostvector_tempmort,alt,1.0,0.3,4.337979,1.020347,1.71872,1.16977,6.045971,5.343607,20.711945
BOLIVIA,COCHABAMBA,2014-11-02,nb,3,0.75,hostvector,central,1.0,0.3,4.337979,1.130576,0.696729,0.150601,3.110793,5.602525,8.547248
BOLIVIA,COCHABAMBA,2014-11-02,nb,3,0.75,hostvector,alt,1.0,0.3,4.337979,1.338813,3.073902,0.890316,11.349369,9.804147,67.381898
BOLIVIA,COCHABAMBA,2014-11-02,nb,3,0.75,seir,central,1.0,0.3,4.337979,1.318659,0.553817,1.254667,1.62989,26.571773,36.3205
BOLIVIA,COCHABAMBA,2014-11-02,nb,3,0.75,seir,alt,1.0,0.3,4.337979,1.613422,0.822036,1.979354,2.103696,89.76085,195.500536
BOLIVIA,COCHABAMBA,2014-11-02,nb,3,0.75,hostvector_tempmort,central,1.0,0.3,4.337979,0.789847,0.538135,0.684751,2.15766,3.093509,3.789426
BOLIVIA,COCHABAMBA,2014-11-02,nb,3,0.75,hostvector_tempmort,alt,1.0,0.3,4.337979,1.020539,2.052775,1.169624,7.220551,5.346241,24.749232
BOLIVIA,COCHABAMBA,2014-11-02,nb,5,1.0,hostvector,central,1.0,0.3,4.337979,0.652063,0.060905,2.378896,0.166331,3.298576,0.567695
BOLIVIA,COCHABAMBA,2014-11-02,nb,5,1.0,hostvector,alt,1.0,0.3,4.337979,0.998551,0.069507,2.329718,0.075971,7.513977,0.632635
BOLIVIA,COCHABAMBA,2014-11-02,nb,5,1.0,seir,central,1.0,0.3,4.337979,1.229024,0.372916,2.090082,0.815594,34.964001,38.511354
BOLIVIA,COCHABAMBA,2014-11-02,nb,5,1.0,seir,alt,1.0,0.3,4.337979,1.459137,0.053677,4.838536,0.033816,226.836731,26.753986
BOLIVIA,COCHABAMBA,2014-11-02,nb,5,1.0,hostvector_tempmort,central,1.0,0.3,4.337979,0.567306,0.132561,2.275351,0.197069,3.286903,1.067963
BOLIVIA,COCHABAMBA,2014-11-02,nb,5,1.0,hostvector_tempmort,alt,1.0,0.3,4.337979,0.796144,,2.51408,,5.746614,
BOLIVIA,COCHABAMBA,2014-11-02,nb,5,0.75,hostvector,central,1.0,0.3,4.337979,0.652277,0.088184,2.378992,0.178979,3.300445,0.646451
BOLIVIA,COCHABAMBA,2014-11-02,nb,5,0.75,hostvector,alt,1.0,0.3,4.337979,0.998551,0.037431,2.329718,0.096613,7.513977,
BOLIVIA,COCHABAMBA,2014-11-02,nb,5,0.75,seir,central,1.0,0.3,4.337979,1.229015,0.444868,2.090145,0.972971,34.964482,45.943222
BOLIVIA,COCHABAMBA,2014-11-02,nb,5,0.75,seir,alt,1.0,0.3,4.337979,1.430797,0.163492,4.799579,0.622563,207.963979,149.296217
BOLIVIA,COCHABAMBA,2014-11-02,nb,5,0.75,hostvector_tempmort,central,1.0,0.3,4.337979,0.534493,0.13198,2.205881,0.166508,2.932029,0.848545
BOLIVIA,COCHABAMBA,2014-11-02,nb,5,0.75,hostvector_tempmort,alt,1.0,0.3,4.337979,0.796144,,2.51408,,5.746614,
BOLIVIA,COCHABAMBA,2014-11-02,nb,7,1.0,hostvector,central,1.0,0.3,4.337979,1.088225,0.365697,-4.990393,2.169627,0.682166,0.980376
BOLIVIA,COCHABAMBA,2014-11-02,nb,7,1.0,hostvector,alt,1.0,0.3,4.337979,1.266513,0.589217,-5.582292,2.739592,0.778073,1.701953
BOLIVIA,COCHABAMBA,2014-11-02,nb,7,1.0,seir,central,1.0,0.3,4.337979,0.806564,0.667384,-8.473313,2.774221,0.171511,0.460516
BOLIVIA,COCHABAMBA,2014-11-02,nb,7,1.0,seir,alt,1.0,0.3,4.337979,0.761101,1.088938,-9.767746,3.414696,0.118491,0.478768
BOLIVIA,COCHABAMBA,2014-11-02,nb,7,1.0,hostvector_tempmort,central,1.0,0.3,4.337979,0.383281,0.475384,-6.617635,2.05449,0.064109,0.126265
BOLIVIA,COCHABAMBA,2014-11-02,nb,7,1.0,hostvector_tempmort,alt,1.0,0.3,4.337979,0.471255,0.783083,-7.63585,2.891897,0.04607,0.143316
BOLIVIA,COCHABAMBA,2014-11-02,nb,7,0.75,hostvector,central,1.0,0.3,4.337979,1.088169,0.436242,-4.990462,2.588175,0.682046,1.169299
BOLIVIA,COCHABAMBA,2014-11-02,nb,7,0.75,hostvector,alt,1.0,0.3,4.337979,1.266557,0.702924,-5.582265,3.268178,0.778173,2.03065
BOLIVIA,COCHABAMBA,2014-11-02,nb,7,0.75,seir,central,1.0,0.3,4.337979,0.8066,0.796154,-8.473361,3.309483,0.171525,0.549417
BOLIVIA,COCHABAMBA,2014-11-02,nb,7,0.75,seir,alt,1.0,0.3,4.337979,0.761292,1.299121,-9.768215,4.073667,0.118529,0.571355
BOLIVIA,COCHABAMBA,2014-11-02,nb,7,0.75,hostvector_tempmort,central,1.0,0.3,4.337979,0.383262,0.567082,-6.61754,2.450809,0.064108,0.150618
BOLIVIA,COCHABAMBA,2014-11-02,nb,7,0.75,hostvector_tempmort,alt,1.0,0.3,4.337979,0.47115,0.934168,-7.636042,3.449811,0.046053,0.170904
BOLIVIA,COCHABAMBA,2014-11-02,poisson,3,1.0,hostvector,central,1.0,0.3,4.337979,0.382886,0.261573,0.866438,1.044605,0.909494,0.554528
BOLIVIA,COCHABAMBA,2014-11-02,poisson,3,1.0,hostvector,alt,1.0,0.3,4.337979,0.56235,0.678757,1.017104,2.749072,1.322291,1.996043
BOLIVIA,COCHABAMBA,2014-11-02,poisson,3,1.0,seir,central,1.0,0.3,4.337979,0.542866,0.229058,1.231025,0.537851,3.580102,2.132525
BOLIVIA,COCHABAMBA,2014-11-02,poisson,3,1.0,seir,alt,1.0,0.3,4.337979,0.72103,0.275872,1.523497,0.631287,7.97087,5.799336
BOLIVIA,COCHABAMBA,2014-11-02,poisson,3,1.0,hostvector_tempmort,central,1.0,0.3,4.337979,0.212314,0.185418,0.849936,0.520413,0.722496,0.339287
BOLIVIA,COCHABAMBA,2014-11-02,poisson,3,1.0,hostvector_tempmort,alt,1.0,0.3,4.337979,0.353041,0.337012,1.134584,1.151703,0.9325,0.747024
BOLIVIA,COCHABAMBA,2014-11-02,poisson,3,0.75,hostvector,central,1.0,0.3,4.337979,0.38287,0.310321,0.866384,1.239298,0.909451,0.657838
BOLIVIA,COCHABAMBA,2014-11-02,poisson,3,0.75,hostvector,alt,1.0,0.3,4.337979,0.562401,0.805279,1.016945,3.261439,1.322448,2.368397
BOLIVIA,COCHABAMBA,2014-11-02,poisson,3,0.75,seir,central,1.0,0.3,4.337979,0.542852,0.271728,1.231055,0.637989,3.57998,2.529742
BOLIVIA,COCHABAMBA,2014-11-02,poisson,3,0.75,seir,alt,1.0,0.3,4.337979,0.721025,0.327268,1.523516,0.748868,7.970772,6.879754
BOLIVIA,COCHABAMBA,2014-11-02,poisson,3,0.75,hostvector_tempmort,central,1.0,0.3,4.337979,0.212312,0.219949,0.849993,0.617234,0.722496,0.402487
BOLIVIA,COCHABAMBA,2014-11-02,poisson,3,0.75,hostvector_tempmort,alt,1.0,0.3,4.337979,0.353,0.399697,1.134667,1.365832,0.932407,0.885921
BOLIVIA,COCHABAMBA,2014-11-02,poisson,5,1.0,hostvector,central,1.0,0.3,4.337979,0.291777,0.012298,2.290373,0.227726,1.325849,
BOLIVIA,COCHABAMBA,2014-11-02,poisson,5,1.0,hostvector,alt,1.0,0.3,4.337979,0.653136,0.037858,2.255615,0.25593,3.113641,0.272978
BOLIVIA,COCHABAMBA,2014-11-02,poisson,5,1.0,seir,central,1.0,0.3,4.337979,0.612668,0.22481,1.804323,0.516545,6.620221,4.291808
BOLIVIA,COCHABAMBA,2014-11-02,poisson,5,1.0,seir,alt,1.0,0.3,4.337979,0.809268,0.047753,3.401129,0.456177,25.145274,9.185409
BOLIVIA,COCHABAMBA,2014-11-02,poisson,5,1.0,hostvector_tempmort,central,1.0,0.3,4.337979,0.201773,0.172573,2.005677,0.262592,1.204058,0.625899
BOLIVIA,COCHABAMBA,2014-11-02,poisson,5,1.0,hostvector_tempmort,alt,1.0,0.3,4.337979,0.412079,,2.406687,0.007731,2.066694,
BOLIVIA,COCHABAMBA,2014-11-02,poisson,5,0.75,hostvector,central,1.0,0.3,4.337979,0.291793,0.064203,2.290298,0.187581,1.325817,0.195024
BOLIVIA,COCHABAMBA,2014-11-02,poisson,5,0.75,hostvector,alt,1.0,0.3,4.337979,0.653133,0.107499,2.255615,0.293848,3.113613,1.295339
BOLIVIA,COCHABAMBA,2014-11-02,poisson,5,0.75,seir,central,1.0,0.3,4.337979,0.568415,0.112885,2.960124,0.450438,8.612034,4.654297
BOLIVIA,COCHABAMBA,2014-11-02,poisson,5,0.75,seir,alt,1.0,0.3,4.337979,0.811048,0.053615,3.403141,0.533717,25.277667,10.3692
BOLIVIA,COCHABAMBA,2014-11-02,poisson,5,0.75,hostvector_tempmort,central,1.0,0.3,4.337979,0.201759,0.104795,2.005644,0.297019,1.204003,0.459275
BOLIVIA,COCHABAMBA,2014-11-02,poisson,5,0.75,hostvector_tempmort,alt,1.0,0.3,4.337979,0.412079,,2.406687,0.012929,2.066694,
BOLIVIA,COCHABAMBA,2014-11-02,poisson,7,1.0,hostvector,central,1.0,0.3,4.337979,0.410814,0.195066,-4.866872,1.13911,0.112248,0.096252
BOLIVIA,COCHABAMBA,2014-11-02,poisson,7,1.0,hostvector,alt,1.0,0.3,4.337979,0.492113,0.233169,-5.169159,1.326605,0.108581,0.109776
BOLIVIA,COCHABAMBA,2014-11-02,poisson,7,1.0,seir,central,1.0,0.3,4.337979,0.281507,0.310844,-6.339171,1.40032,0.097361,0.128667
BOLIVIA,COCHABAMBA,2014-11-02,poisson,7,1.0,seir,alt,1.0,0.3,4.337979,0.210492,0.348761,-7.294158,1.432738,0.069596,0.09918
BOLIVIA,COCHABAMBA,2014-11-02,poisson,7,1.0,hostvector_tempmort,central,1.0,0.3,4.337979,0.093643,0.073716,-4.851272,0.694425,0.059324,0.017555
BOLIVIA,COCHABAMBA,2014-11-02,poisson,7,1.0,hostvector_tempmort,alt,1.0,0.3,4.337979,0.128503,0.084005,-5.620769,0.811003,0.04002,0.013157
BOLIVIA,COCHABAMBA,2014-11-02,poisson,7,0.75,hostvector,central,1.0,0.3,4.337979,0.41082,0.231415,-4.866853,1.351375,0.112251,0.114191
BOLIVIA,COCHABAMBA,2014-11-02,poisson,7,0.75,hostvector,alt,1.0,0.3,4.337979,0.492117,0.276619,-5.169141,1.573812,0.108583,0.130235
BOLIVIA,COCHABAMBA,2014-11-02,poisson,7,0.75,seir,central,1.0,0.3,4.337979,0.281499,0.368767,-6.339182,1.661255,0.097359,0.152639
BOLIVIA,COCHABAMBA,2014-11-02,poisson,7,0.75,seir,alt,1.0,0.3,4.337979,0.207463,0.51366,-7.305577,1.935392,0.068673,0.144334
BOLIVIA,COCHABAMBA,2014-11-02,poisson,7,0.75,hostvector_tempmort,central,1.0,0.3,4.337979,0.045267,0.267167,-5.071123,1.278098,0.047211,0.055727
BOLIVIA,COCHABAMBA,2014-11-02,poisson,7,0.75,hostvector_tempmort,alt,1.0,0.3,4.337979,0.040614,0.372688,-6.022856,1.67969,0.026411,0.043419
BOLIVIA,PANDO,2016-08-28,nb,3,1.0,hostvector,central,1.0,0.3,0.207792,0.562335,0.75424,0.33966,0.10558,0.18015,0.042492
BOLIVIA,PANDO,2016-08-28,nb,3,1.0,hostvector,alt,1.0,0.3,0.207792,0.587108,0.87366,0.362678,0.12491,0.147724,0.040279
BOLIVIA,PANDO,2016-08-28,nb,3,1.0,seir,central,1.0,0.3,0.207792,0.681901,0.821779,0.407824,0.114402,0.39293,0.102089
BOLIVIA,PANDO,2016-08-28,nb,3,1.0,seir,alt,1.0,0.3,0.207792,0.711919,0.843477,0.422459,0.119362,0.498719,0.13338
BOLIVIA,PANDO,2016-08-28,nb,3,1.0,hostvector_tempmort,central,1.0,0.3,0.207792,0.723107,0.7391,0.342639,0.103612,0.192437,0.044462
BOLIVIA,PANDO,2016-08-28,nb,3,1.0,hostvector_tempmort,alt,1.0,0.3,0.207792,0.74709,0.856371,0.367564,0.122549,0.157575,0.042101
BOLIVIA,PANDO,2016-08-28,nb,3,0.75,hostvector,central,1.0,0.3,0.207792,0.328795,1.01794,0.402303,0.194024,0.171998,0.053545
BOLIVIA,PANDO,2016-08-28,nb,3,0.75,hostvector,alt,1.0,0.3,0.207792,0.241429,1.131697,0.425759,0.230444,0.136533,0.047285
BOLIVIA,PANDO,2016-08-28,nb,3,0.75,seir,central,1.0,0.3,0.207792,0.630921,1.264689,0.436168,0.167979,0.392432,0.147005
BOLIVIA,PANDO,2016-08-28,nb,3,0.75,seir,alt,1.0,0.3,0.207792,0.622295,1.287064,0.427909,0.159662,0.489791,0.185445
BOLIVIA,PANDO,2016-08-28,nb,3,0.75,hostvector_tempmort,central,1.0,0.3,0.207792,0.527993,0.996717,0.403782,0.185827,0.185665,0.056479
BOLIVIA,PANDO,2016-08-28,nb,3,0.75,hostvector_tempmort,alt,1.0,0.3,0.207792,0.442339,1.108199,0.431295,0.221249,0.147379,0.049937
BOLIVIA,PANDO,2016-08-28,nb,5,1.0,hostvector,central,1.0,0.3,0.207792,0.0,0.068192,0.289723,0.042016,0.153016,0.003602
BOLIVIA,PANDO,2016-08-28,nb,5,1.0,hostvector,alt,1.0,0.3,0.207792,0.0,0.001464,0.310441,0.047214,0.124375,0.002137
BOLIVIA,PANDO,2016-08-28,nb,5,1.0,seir,central,1.0,0.3,0.207792,0.0,0.677558,0.340282,0.104037,0.323633,0.07084
BOLIVIA,PANDO,2016-08-28,nb,5,1.0,seir,alt,1.0,0.3,0.207792,0.0,0.015717,0.345517,0.055048,0.4067,0.007945
BOLIVIA,PANDO,2016-08-28,nb,5,1.0,hostvector_tempmort,central,1.0,0.3,0.207792,0.0,0.59618,0.267567,0.091128,0.155393,0.029564
BOLIVIA,PANDO,2016-08-28,nb,5,1.0,hostvector_tempmort,alt,1.0,0.3,0.207792,0.0,,0.290035,,0.126206,
BOLIVIA,PANDO,2016-08-28,nb,5,0.75,hostvector,central,1.0,0.3,0.207792,0.0,0.065461,0.259157,0.084736,0.151772,0.0048
BOLIVIA,PANDO,2016-08-28,nb,5,0.75,hostvector,alt,1.0,0.3,0.207792,0.0,1.124081,0.293441,0.119542,0.123753,0.039224
BOLIVIA,PANDO,2016-08-28,nb,5,0.75,seir,central,1.0,0.3,0.207792,0.0,1.47616,0.236244,0.104056,0.311124,0.126937
BOLIVIA,PANDO,2016-08-28,nb,5,0.75,seir,alt,1.0,0.3,0.207792,0.0,0.077379,0.228868,0.078831,0.388488,0.016973
BOLIVIA,PANDO,2016-08-28,nb,5,0.75,hostvector_tempmort,central,1.0,0.3,0.207792,0.0,0.923666,0.238182,0.095672,0.15439,0.040398
BOLIVIA,PANDO,2016-08-28,nb,5,0.75,hostvector_tempmort,alt,1.0,0.3,0.207792,0.0,0.449649,0.271914,0.09832,0.125743,0.015872
BOLIVIA,PANDO,2016-08-28,nb,7,1.0,hostvector,central,1.0,0.3,0.207792,0.0,0.389666,0.266416,0.072265,0.156357,0.020259
BOLIVIA,PANDO,2016-08-28,nb,7,1.0,hostvector,alt,1.0,0.3,0.207792,0.0,0.634157,0.287577,0.097158,0.127218,0.026376
BOLIVIA,PANDO,2016-08-28,nb,7,1.0,seir,central,1.0,0.3,0.207792,0.0,,0.267483,,0.329069,
BOLIVIA,PANDO,2016-08-28,nb,7,1.0,seir,alt,1.0,0.3,0.207792,0.0,,0.261601,,0.412139,
BOLIVIA,PANDO,2016-08-28,nb,7,1.0,hostvector_tempmort,central,1.0,0.3,0.207792,0.0,0.022842,0.24295,0.046098,0.158507,0.002648
BOLIVIA,PANDO,2016-08-28,nb,7,1.0,hostvector_tempmort,alt,1.0,0.3,0.207792,0.0,0.240686,0.265626,0.060809,0.128903,0.009987
BOLIVIA,PANDO,2016-08-28,nb,7,0.75,hostvector,central,1.0,0.3,0.207792,0.0,0.071789,0.149442,0.067067,0.148812,0.004726
BOLIVIA,PANDO,2016-08-28,nb,7,0.75,hostvector,alt,1.0,0.3,0.207792,0.0,1.809531,0.167027,0.107462,0.121311,0.060577
BOLIVIA,PANDO,2016-08-28,nb,7,0.75,seir,central,1.0,0.3,0.207792,0.0,2.058084,0.145649,0.106327,0.304625,0.172854
BOLIVIA,PANDO,2016-08-28,nb,7,0.75,seir,alt,1.0,0.3,0.207792,0.0,2.214359,0.142487,0.109179,0.380669,0.231702
BOLIVIA,PANDO,2016-08-28,nb,7,0.75,hostvector_tempmort,central,1.0,0.3,0.207792,0.0,0.839458,0.136226,0.079419,0.151493,0.037212
BOLIVIA,PANDO,2016-08-28,nb,7,0.75,hostvector_tempmort,alt,1.0,0.3,0.207792,0.0,1.737679,0.154234,0.107534,0.123321,0.05994
BOLIVIA,PANDO,2016-08-28,poisson,3,1.0,hostvector,central,1.0,0.3,0.207792,1.301065,0.694271,0.442631,0.092961,0.2275,0.051657
BOLIVIA,PANDO,2016-08-28,poisson,3,1.0,hostvector,alt,1.0,0.3,0.207792,1.438006,0.803234,0.481201,0.108247,0.193284,0.050672
BOLIVIA,PANDO,2016-08-28,poisson,3,1.0,seir,central,1.0,0.3,0.207792,1.642996,0.79739,0.561772,0.115404,0.532682,0.139148
BOLIVIA,PANDO,2016-08-28,poisson,3,1.0,seir,alt,1.0,0.3,0.207792,1.835893,0.854414,0.605289,0.127329,0.712543,0.199312
BOLIVIA,PANDO,2016-08-28,poisson,3,1.0,hostvector_tempmort,central,1.0,0.3,0.207792,1.42552,0.685565,0.443119,0.092266,0.240091,0.053746
BOLIVIA,PANDO,2016-08-28,poisson,3,1.0,hostvector_tempmort,alt,1.0,0.3,0.207792,1.555998,0.792688,0.482432,0.107338,0.203341,0.052528
BOLIVIA,PANDO,2016-08-28,poisson,3,0.75,hostvector,central,1.0,0.3,0.207792,0.819918,1.096426,0.252997,0.183921,0.190921,0.065275
BOLIVIA,PANDO,2016-08-28,poisson,3,0.75,hostvector,alt,1.0,0.3,0.207792,0.876493,1.212827,0.274248,0.208783,0.158288,0.059878
BOLIVIA,PANDO,2016-08-28,poisson,3,0.75,seir,central,1.0,0.3,0.207792,1.2183,1.217362,0.333083,0.187297,0.445366,0.167661
BOLIVIA,PANDO,2016-08-28,poisson,3,0.75,seir,alt,1.0,0.3,0.207792,1.308301,1.198875,0.355652,0.183913,0.574581,0.212705
BOLIVIA,PANDO,2016-08-28,poisson,3,0.75,hostvector_tempmort,central,1.0,0.3,0.207792,1.002306,1.073966,0.261554,0.180137,0.204938,0.068544
BOLIVIA,PANDO,2016-08-28,poisson,3,0.75,hostvector_tempmort,alt,1.0,0.3,0.207792,1.046355,1.189138,0.28371,0.204842,0.169092,0.062657
BOLIVIA,PANDO,2016-08-28,poisson,5,1.0,hostvector,central,1.0,0.3,0.207792,0.0,0.568491,0.327018,0.087379,0.151364,0.028818
BOLIVIA,PANDO,2016-08-28,poisson,5,1.0,hostvector,alt,1.0,0.3,0.207792,0.0,0.612192,0.350482,0.093985,0.12292,0.025112
BOLIVIA,PANDO,2016-08-28,poisson,5,1.0,seir,central,1.0,0.3,0.207792,0.0,0.673226,0.411497,0.111775,0.320107,0.072935
BOLIVIA,PANDO,2016-08-28,poisson,5,1.0,seir,alt,1.0,0.3,0.207792,0.0,0.679023,0.426498,0.118202,0.402285,0.09173
BOLIVIA,PANDO,2016-08-28,poisson,5,1.0,hostvector_tempmort,central,1.0,0.3,0.207792,0.0,0.514885,0.308216,0.083165,0.153429,0.026441
BOLIVIA,PANDO,2016-08-28,poisson,5,1.0,hostvector_tempmort,alt,1.0,0.3,0.207792,0.0,0.061863,0.333339,0.053254,0.124495,0.003761
BOLIVIA,PANDO,2016-08-28,poisson,5,0.75,hostvector,central,1.0,0.3,0.207792,0.0,0.701879,0.197511,0.11582,0.148148,0.030659
BOLIVIA,PANDO,2016-08-28,poisson,5,0.75,hostvector,alt,1.0,0.3,0.207792,0.0,0.775862,0.221166,0.135431,0.120628,0.027632
BOLIVIA,PANDO,2016-08-28,poisson,5,0.75,seir,central,1.0,0.3,0.207792,0.01681,0.88761,0.184562,0.111018,0.303706,0.077796
BOLIVIA,PANDO,2016-08-28,poisson,5,0.75,seir,alt,1.0,0.3,0.207792,0.06681,0.938422,0.179103,0.109364,0.38421,0.103359
BOLIVIA,PANDO,2016-08-28,poisson,5,0.75,hostvector_tempmort,central,1.0,0.3,0.207792,0.087622,0.704458,0.184283,0.111813,0.154254,0.031965
BOLIVIA,PANDO,2016-08-28,poisson,5,0.75,hostvector_tempmort,alt,1.0,0.3,0.207792,0.080244,0.777655,0.207835,0.130273,0.125191,0.028701
BOLIVIA,PANDO,2016-08-28,poisson,7,1.0,hostvector,central,1.0,0.3,0.207792,0.0,0.512485,0.371783,0.093796,0.153574,0.026733
BOLIVIA,PANDO,2016-08-28,poisson,7,1.0,hostvector,alt,1.0,0.3,0.207792,0.0,0.567,0.398193,0.100854,0.124535,0.023983
BOLIVIA,PANDO,2016-08-28,poisson,7,1.0,seir,central,1.0,0.3,0.207792,0.0,0.045225,0.41639,0.102313,0.328012,0.009125
BOLIVIA,PANDO,2016-08-28,poisson,7,1.0,seir,alt,1.0,0.3,0.207792,0.0,0.014467,0.405918,0.107239,0.411876,0.010319
BOLIVIA,PANDO,2016-08-28,poisson,7,1.0,hostvector_tempmort,central,1.0,0.3,0.207792,0.0,0.398344,0.346576,0.086137,0.155711,0.020939
BOLIVIA,PANDO,2016-08-28,poisson,7,1.0,hostvector_tempmort,alt,1.0,0.3,0.207792,0.0,0.052076,0.374623,0.066734,0.126214,0.003413
BOLIVIA,PANDO,2016-08-28,poisson,7,0.75,hostvector,central,1.0,0.3,0.207792,0.388574,1.175864,0.125301,0.093006,0.161206,0.053062
BOLIVIA,PANDO,2016-08-28,poisson,7,0.75,hostvector,alt,1.0,0.3,0.207792,0.436436,1.314339,0.141265,0.105383,0.13288,0.048834
BOLIVIA,PANDO,2016-08-28,poisson,7,0.75,seir,central,1.0,0.3,0.207792,0.545761,1.413924,0.123843,0.098699,0.342933,0.134837
BOLIVIA,PANDO,2016-08-28,poisson,7,0.75,seir,alt,1.0,0.3,0.207792,0.578673,1.502908,0.12022,0.099419,0.431922,0.179619
BOLIVIA,PANDO,2016-08-28,poisson,7,0.75,hostvector_tempmort,central,1.0,0.3,0.207792,0.506809,1.183604,0.117929,0.091549,0.16954,0.056059
BOLIVIA,PANDO,2016-08-28,poisson,7,0.75,hostvector_tempmort,alt,1.0,0.3,0.207792,0.541337,1.322019,0.133732,0.103618,0.139045,0.051308
BELIZE,BELIZE,2019-04-28,nb,3,1.0,hostvector,central,1.0,0.3,0.153385,1.864885,1.115837,0.355181,0.043346,0.176953,0.032248
BELIZE,BELIZE,2019-04-28,nb,3,1.0,hostvector,alt,1.0,0.3,0.153385,1.364108,1.176326,0.384008,0.055193,0.130503,0.025587
BELIZE,BELIZE,2019-04-28,nb,3,1.0,seir,central,1.0,0.3,0.153385,1.529692,1.169034,0.334803,0.038487,0.341972,0.063485
BELIZE,BELIZE,2019-04-28,nb,3,1.0,seir,alt,1.0,0.3,0.153385,1.465462,1.300858,0.33538,0.042268,0.425028,0.088028
BELIZE,BELIZE,2019-04-28,nb,3,1.0,hostvector_tempmort,central,1.0,0.3,0.153385,2.007968,1.079424,0.345144,0.041833,0.191496,0.03379
BELIZE,BELIZE,2019-04-28,nb,3,1.0,hostvector_tempmort,alt,1.0,0.3,0.153385,1.550492,1.14949,0.375838,0.053446,0.141885,0.027202
BELIZE,BELIZE,2019-04-28,nb,3,0.75,hostvector,central,1.0,0.3,0.153385,1.450271,1.37967,0.364154,0.063255,0.167093,0.038363
BELIZE,BELIZE,2019-04-28,nb,3,0.75,hostvector,alt,1.0,0.3,0.153385,2.093264,1.684285,0.42682,0.077443,0.148195,0.04145
BELIZE,BELIZE,2019-04-28,nb,3,0.75,seir,central,1.0,0.3,0.153385,1e-06,1.435972,0.345232,0.066173,0.273532,0.065418
BELIZE,BELIZE,2019-04-28,nb,3,0.75,seir,alt,1.0,0.3,0.153385,3e-06,1.438883,0.352134,0.066549,0.343059,0.082317
BELIZE,BELIZE,2019-04-28,nb,3,0.75,hostvector_tempmort,central,1.0,0.3,0.153385,1.533011,1.315043,0.34978,0.060132,0.178883,0.039161
BELIZE,BELIZE,2019-04-28,nb,3,0.75,hostvector_tempmort,alt,1.0,0.3,0.153385,2.005368,1.578128,0.405579,0.072428,0.153895,0.040395
BELIZE,BELIZE,2019-04-28,nb,5,1.0,hostvector,central,1.0,0.3,0.153385,0.0,0.005867,0.284979,0.022395,0.133936,0.002181
BELIZE,BELIZE,2019-04-28,nb,5,1.0,hostvector,alt,1.0,0.3,0.153385,0.0,0.036227,0.321631,0.024257,0.107249,0.001967
BELIZE,BELIZE,2019-04-28,nb,5,1.0,seir,central,1.0,0.3,0.153385,0.0,0.00927,0.309894,0.027466,0.278676,0.006288
BELIZE,BELIZE,2019-04-28,nb,5,1.0,seir,alt,1.0,0.3,0.153385,0.0,0.024412,0.323932,0.030873,0.350115,0.008798
BELIZE,BELIZE,2019-04-28,nb,5,1.0,hostvector_tempmort,central,1.0,0.3,0.153385,0.0,,0.266843,,0.14105,
BELIZE,BELIZE,2019-04-28,nb,5,1.0,hostvector_tempmort,alt,1.0,0.3,0.153385,0.0,0.057812,0.303714,0.022522,0.11264,0.001988
BELIZE,BELIZE,2019-04-28,nb,5,0.75,hostvector,central,1.0,0.3,0.153385,0.0,1.428685,0.168315,0.091994,0.124439,0.02825
BELIZE,BELIZE,2019-04-28,nb,5,0.75,hostvector,alt,1.0,0.3,0.153385,0.0,1.327721,0.525522,0.133718,0.1097,0.025387
BELIZE,BELIZE,2019-04-28,nb,5,0.75,seir,central,1.0,0.3,0.153385,0.0,,0.17519,,0.252234,
BELIZE,BELIZE,2019-04-28,nb,5,0.75,seir,alt,1.0,0.3,0.153385,0.0,1.547476,0.174468,0.099305,0.315575,0.077983
BELIZE,BELIZE,2019-04-28,nb,5,0.75,hostvector_tempmort,central,1.0,0.3,0.153385,0.0,1.32667,0.14905,0.086539,0.131028,0.027612
BELIZE,BELIZE,2019-04-28,nb,5,0.75,hostvector_tempmort,alt,1.0,0.3,0.153385,0.0,1.155265,0.491321,0.118328,0.115136,0.023335
BELIZE,BELIZE,2019-04-28,nb,7,1.0,hostvector,central,1.0,0.3,0.153385,1e-06,1.138078,0.317676,0.110385,0.139336,0.029014
BELIZE,BELIZE,2019-04-28,nb,7,1.0,hostvector,alt,1.0,0.3,0.153385,0.0,,0.346246,,0.112422,
BELIZE,BELIZE,2019-04-28,nb,7,1.0,seir,central,1.0,0.3,0.153385,2.929495,0.900026,-0.027413,0.115757,0.413599,0.072238
BELIZE,BELIZE,2019-04-28,nb,7,1.0,seir,alt,1.0,0.3,0.153385,2.864607,1.652468,-0.045217,0.122913,0.508759,0.120027
BELIZE,BELIZE,2019-04-28,nb,7,1.0,hostvector_tempmort,central,1.0,0.3,0.153385,0.0,1.065546,0.296502,0.10356,0.146126,0.028548
BELIZE,BELIZE,2019-04-28,nb,7,1.0,hostvector_tempmort,alt,1.0,0.3,0.153385,0.0,0.004051,0.326981,0.033234,0.117516,0.003548
BELIZE,BELIZE,2019-04-28,nb,7,0.75,hostvector,central,1.0,0.3,0.153385,0.0,1.722556,0.129082,0.116828,0.126071,0.030449
BELIZE,BELIZE,2019-04-28,nb,7,0.75,hostvector,alt,1.0,0.3,0.153385,0.0,0.963466,0.146948,0.12343,0.100725,0.017583
BELIZE,BELIZE,2019-04-28,nb,7,0.75,seir,central,1.0,0.3,0.153385,0.0,,0.116509,,0.254544,
BELIZE,BELIZE,2019-04-28,nb,7,0.75,seir,alt,1.0,0.3,0.153385,0.0,1.659765,0.111804,0.121525,0.318005,0.076228
BELIZE,BELIZE,2019-04-28,nb,7,0.75,hostvector_tempmort,central,1.0,0.3,0.153385,0.0,0.949971,0.11156,0.108432,0.132348,0.020039
BELIZE,BELIZE,2019-04-28,nb,7,0.75,hostvector_tempmort,alt,1.0,0.3,0.153385,0.0,1.715588,0.129547,0.121746,0.105432,0.025669
BELIZE,BELIZE,2019-04-28,poisson,3,1.0,hostvector,central,1.0,0.3,0.153385,0.0,0.309468,0.28387,0.015842,0.130328,0.006747
BELIZE,BELIZE,2019-04-28,poisson,3,1.0,hostvector,alt,1.0,0.3,0.153385,0.0,1.076988,0.319898,0.055796,0.103796,0.018515
BELIZE,BELIZE,2019-04-28,poisson,3,1.0,seir,central,1.0,0.3,0.153385,0.0,0.099001,0.309874,0.013849,0.272342,0.002958
BELIZE,BELIZE,2019-04-28,poisson,3,1.0,seir,alt,1.0,0.3,0.153385,0.0,0.017953,0.320992,0.015554,0.342564,0.003579
BELIZE,BELIZE,2019-04-28,poisson,3,1.0,hostvector_tempmort,central,1.0,0.3,0.153385,0.0,0.962262,0.266915,0.046316,0.137838,0.021948
BELIZE,BELIZE,2019-04-28,poisson,3,1.0,hostvector_tempmort,alt,1.0,0.3,0.153385,0.0,1.059839,0.302606,0.05508,0.109528,0.019252
BELIZE,BELIZE,2019-04-28,poisson,3,0.75,hostvector,central,1.0,0.3,0.153385,0.0,1.283413,0.306374,0.068005,0.13057,0.027855
BELIZE,BELIZE,2019-04-28,poisson,3,0.75,hostvector,alt,1.0,0.3,0.153385,0.0,1.397526,0.338364,0.075104,0.103894,0.024067
BELIZE,BELIZE,2019-04-28,poisson,3,0.75,seir,central,1.0,0.3,0.153385,0.0,1.475579,0.359083,0.074566,0.274756,0.066983
BELIZE,BELIZE,2019-04-28,poisson,3,0.75,seir,alt,1.0,0.3,0.153385,0.0,,0.366905,,0.345274,
BELIZE,BELIZE,2019-04-28,poisson,3,0.75,hostvector_tempmort,central,1.0,0.3,0.153385,0.0,1.206406,0.288868,0.064099,0.138111,0.027688
BELIZE,BELIZE,2019-04-28,poisson,3,0.75,hostvector_tempmort,alt,1.0,0.3,0.153385,0.0,1.369661,0.321268,0.073264,0.109654,0.024926
BELIZE,BELIZE,2019-04-28,poisson,5,1.0,hostvector,central,1.0,0.3,0.153385,0.0,0.005826,0.298248,0.031088,0.145484,0.003316
BELIZE,BELIZE,2019-04-28,poisson,5,1.0,hostvector,alt,1.0,0.3,0.153385,0.0,,0.33842,,0.116996,
BELIZE,BELIZE,2019-04-28,poisson,5,1.0,seir,central,1.0,0.3,0.153385,0.0,1.711868,0.392739,0.116942,0.314299,0.101636
BELIZE,BELIZE,2019-04-28,poisson,5,1.0,seir,alt,1.0,0.3,0.153385,0.0,0.286348,0.456197,0.076148,0.394888,0.021864
BELIZE,BELIZE,2019-04-28,poisson,5,1.0,hostvector_tempmort,central,1.0,0.3,0.153385,0.0,0.227611,0.280313,0.03295,0.152477,0.006884
BELIZE,BELIZE,2019-04-28,poisson,5,1.0,hostvector_tempmort,alt,1.0,0.3,0.153385,0.0,0.171418,0.320676,0.034196,0.12233,0.004868
BELIZE,BELIZE,2019-04-28,poisson,5,0.75,hostvector,central,1.0,0.3,0.153385,0.0,0.024521,0.490245,0.040812,0.145079,0.002006
BELIZE,BELIZE,2019-04-28,poisson,5,0.75,hostvector,alt,1.0,0.3,0.153385,0.0,,0.540766,,0.116091,
BELIZE,BELIZE,2019-04-28,poisson,5,0.75,seir,central,1.0,0.3,0.153385,0.0,0.033998,0.624415,0.051344,0.318692,0.008827
BELIZE,BELIZE,2019-04-28,poisson,5,0.75,seir,alt,1.0,0.3,0.153385,0.0,0.116239,0.649198,0.062336,0.400344,0.009883
BELIZE,BELIZE,2019-04-28,poisson,5,0.75,hostvector_tempmort,central,1.0,0.3,0.153385,0.0,1.138182,0.465322,0.108931,0.152524,0.032383
BELIZE,BELIZE,2019-04-28,poisson,5,0.75,hostvector_tempmort,alt,1.0,0.3,0.153385,0.0,0.281578,0.516392,0.035727,0.121822,0.006001
BELIZE,BELIZE,2019-04-28,poisson,7,1.0,hostvector,central,1.0,0.3,0.153385,0.0,,0.293096,,0.165535,
BELIZE,BELIZE,2019-04-28,poisson,7,1.0,hostvector,alt,1.0,0.3,0.153385,0.0,,0.344757,,0.134787,
BELIZE,BELIZE,2019-04-28,poisson,7,1.0,seir,central,1.0,0.3,0.153385,0.0,,0.457357,,0.375115,
BELIZE,BELIZE,2019-04-28,poisson,7,1.0,seir,alt,1.0,0.3,0.153385,1e-06,4.709482,-0.170145,0.153843,0.371613,0.268436
BELIZE,BELIZE,2019-04-28,poisson,7,1.0,hostvector_tempmort,central,1.0,0.3,0.153385,0.0,0.600129,0.275654,0.091855,0.171345,0.025801
BELIZE,BELIZE,2019-04-28,poisson,7,1.0,hostvector_tempmort,alt,1.0,0.3,0.153385,0.0,0.975014,0.322912,0.121809,0.139218,0.029927
BELIZE,BELIZE,2019-04-28,poisson,7,0.75,hostvector,central,1.0,0.3,0.153385,0.0,0.732026,-0.03145,0.150372,0.133203,0.019133
BELIZE,BELIZE,2019-04-28,poisson,7,0.75,hostvector,alt,1.0,0.3,0.153385,0.0,2.96363,-0.037176,0.185228,0.107273,0.042697
BELIZE,BELIZE,2019-04-28,poisson,7,0.75,seir,central,1.0,0.3,0.153385,0.0,,-0.035539,,0.27,
BELIZE,BELIZE,2019-04-28,poisson,7,0.75,seir,alt,1.0,0.3,0.153385,0.0,,-0.042999,,0.337114,
BELIZE,BELIZE,2019-04-28,poisson,7,0.75,hostvector_tempmort,central,1.0,0.3,0.153385,0.0,2.526214,-0.053943,0.155254,0.138597,0.046645
BELIZE,BELIZE,2019-04-28,poisson,7,0.75,hostvector_tempmort,alt,1.0,0.3,0.153385,0.0,2.92714,-0.057908,0.176127,0.111278,0.04365
BELIZE,BELIZE,2014-04-13,nb,3,1.0,hostvector,central,1.0,0.3,0.1473,0.406568,0.661116,0.262057,0.052462,0.129451,0.01839
BELIZE,BELIZE,2014-04-13,nb,3,1.0,hostvector,alt,1.0,0.3,0.1473,0.50946,0.766606,0.312976,0.064235,0.104283,0.017218
BELIZE,BELIZE,2014-04-13,nb,3,1.0,seir,central,1.0,0.3,0.1473,0.218564,0.686719,0.240892,0.050051,0.253507,0.03692
BELIZE,BELIZE,2014-04-13,nb,3,1.0,seir,alt,1.0,0.3,0.1473,0.181565,0.712153,0.23994,0.051251,0.315263,0.047731
BELIZE,BELIZE,2014-04-13,nb,3,1.0,hostvector_tempmort,central,1.0,0.3,0.1473,0.521405,0.640257,0.25475,0.0507,0.138027,0.019017
BELIZE,BELIZE,2014-04-13,nb,3,1.0,hostvector_tempmort,alt,1.0,0.3,0.1473,0.606364,0.741435,0.304071,0.06198,0.110695,0.017715
BELIZE,BELIZE,2014-04-13,nb,3,0.75,hostvector,central,1.0,0.3,0.1473,0.261692,0.784109,0.276373,0.058815,0.12627,0.021304
BELIZE,BELIZE,2014-04-13,nb,3,0.75,hostvector,alt,1.0,0.3,0.1473,0.531485,0.956466,0.33068,0.073089,0.105289,0.021568
BELIZE,BELIZE,2014-04-13,nb,3,0.75,seir,central,1.0,0.3,0.1473,0.0,0.869049,0.27647,0.057532,0.24535,0.045211
BELIZE,BELIZE,2014-04-13,nb,3,0.75,seir,alt,1.0,0.3,0.1473,0.0,0.766216,0.278817,0.056533,0.307603,0.051167
BELIZE,BELIZE,2014-04-13,nb,3,0.75,hostvector_tempmort,central,1.0,0.3,0.1473,0.38793,0.755995,0.269392,0.056339,0.134968,0.021964
BELIZE,BELIZE,2014-04-13,nb,3,0.75,hostvector_tempmort,alt,1.0,0.3,0.1473,0.624409,0.919299,0.321294,0.069861,0.111671,0.022022
BELIZE,BELIZE,2014-04-13,nb,5,1.0,hostvector,central,1.0,0.3,0.1473,0.0,0.859147,0.219943,0.082454,0.12425,0.025161
BELIZE,BELIZE,2014-04-13,nb,5,1.0,hostvector,alt,1.0,0.3,0.1473,0.0,0.006648,0.256268,0.018218,0.09857,0.001099
BELIZE,BELIZE,2014-04-13,nb,5,1.0,seir,central,1.0,0.3,0.1473,0.0,0.003631,0.221896,0.016681,0.254791,0.002569
BELIZE,BELIZE,2014-04-13,nb,5,1.0,seir,alt,1.0,0.3,0.1473,0.0,0.347978,0.225415,0.030349,0.319502,0.026056
BELIZE,BELIZE,2014-04-13,nb,5,1.0,hostvector_tempmort,central,1.0,0.3,0.1473,0.0,0.798013,0.203092,0.07712,0.128672,0.024236
BELIZE,BELIZE,2014-04-13,nb,5,1.0,hostvector_tempmort,alt,1.0,0.3,0.1473,0.0,0.101535,0.239217,0.020644,0.101975,0.002652
BELIZE,BELIZE,2014-04-13,nb,5,0.75,hostvector,central,1.0,0.3,0.1473,0.0,0.965248,0.280149,0.0968,0.126061,0.028832
BELIZE,BELIZE,2014-04-13,nb,5,0.75,hostvector,alt,1.0,0.3,0.1473,0.0,1.186665,0.315035,0.119864,0.099871,0.028004
BELIZE,BELIZE,2014-04-13,nb,5,0.75,seir,central,1.0,0.3,0.1473,0.0,0.002409,0.313766,0.03327,0.262282,0.003858
BELIZE,BELIZE,2014-04-13,nb,5,0.75,seir,alt,1.0,0.3,0.1473,0.0,0.324183,0.320404,0.044895,0.329472,0.02542
BELIZE,BELIZE,2014-04-13,nb,5,0.75,hostvector_tempmort,central,1.0,0.3,0.1473,0.0,0.897498,0.262297,0.087323,0.130567,0.027675
BELIZE,BELIZE,2014-04-13,nb,5,0.75,hostvector_tempmort,alt,1.0,0.3,0.1473,0.0,1.074521,0.297341,0.107225,0.103359,0.026381
BELIZE,BELIZE,2014-04-13,nb,7,1.0,hostvector,central,1.0,0.3,0.1473,0.0,0.705272,0.216037,0.074362,0.130614,0.023847
BELIZE,BELIZE,2014-04-13,nb,7,1.0,hostvector,alt,1.0,0.3,0.1473,0.0,,0.247919,,0.104283,
BELIZE,BELIZE,2014-04-13,nb,7,1.0,seir,central,1.0,0.3,0.1473,0.0,0.004251,0.231639,0.02084,0.270201,0.003994
BELIZE,BELIZE,2014-04-13,nb,7,1.0,seir,alt,1.0,0.3,0.1473,0.0,0.79572,0.237903,0.079836,0.339143,0.06908
BELIZE,BELIZE,2014-04-13,nb,7,1.0,hostvector_tempmort,central,1.0,0.3,0.1473,0.0,0.011958,0.198978,0.018131,0.13464,0.001487
BELIZE,BELIZE,2014-04-13,nb,7,1.0,hostvector_tempmort,alt,1.0,0.3,0.1473,0.0,0.021591,0.231234,0.021919,0.107386,0.00141
BELIZE,BELIZE,2014-04-13,nb,7,0.75,hostvector,central,1.0,0.3,0.1473,0.0,0.01355,0.316489,0.044146,0.134969,0.002514
BELIZE,BELIZE,2014-04-13,nb,7,0.75,hostvector,alt,1.0,0.3,0.1473,0.0,0.59778,0.353999,0.100997,0.107675,0.016655
BELIZE,BELIZE,2014-04-13,nb,7,0.75,seir,central,1.0,0.3,0.1473,0.0,,0.054788,,0.237525,
BELIZE,BELIZE,2014-04-13,nb,7,0.75,seir,alt,1.0,0.3,0.1473,0.0,1.17988,0.05295,0.130759,0.29688,0.074304
BELIZE,BELIZE,2014-04-13,nb,7,0.75,hostvector_tempmort,central,1.0,0.3,0.1473,0.0,0.00134,0.295293,0.042063,0.139076,0.002465
BELIZE,BELIZE,2014-04-13,nb,7,0.75,hostvector_tempmort,alt,1.0,0.3,0.1473,0.0,,0.333477,,0.110883,
BELIZE,BELIZE,2014-04-13,poisson,3,1.0,hostvector,central,1.0,0.3,0.1473,0.126665,0.474676,0.242424,0.043163,0.122546,0.012302
BELIZE,BELIZE,2014-04-13,poisson,3,1.0,hostvector,alt,1.0,0.3,0.1473,0.214707,0.52424,0.285496,0.049542,0.098285,0.010871
BELIZE,BELIZE,2014-04-13,poisson,3,1.0,seir,central,1.0,0.3,0.1473,0.202872,0.61462,0.251794,0.049544,0.255399,0.032704
BELIZE,BELIZE,2014-04-13,poisson,3,1.0,seir,alt,1.0,0.3,0.1473,0.296175,0.666626,0.260459,0.052503,0.326525,0.045363
BELIZE,BELIZE,2014-04-13,poisson,3,1.0,hostvector_tempmort,central,1.0,0.3,0.1473,0.222471,0.469643,0.233493,0.042666,0.130122,0.012938
BELIZE,BELIZE,2014-04-13,poisson,3,1.0,hostvector_tempmort,alt,1.0,0.3,0.1473,0.30807,0.518471,0.276371,0.04886,0.104235,0.011421
BELIZE,BELIZE,2014-04-13,poisson,3,0.75,hostvector,central,1.0,0.3,0.1473,0.0,0.594336,0.248998,0.050361,0.119184,0.01511
BELIZE,BELIZE,2014-04-13,poisson,3,0.75,hostvector,alt,1.0,0.3,0.1473,0.0,0.656396,0.280715,0.057239,0.093862,0.01306
BELIZE,BELIZE,2014-04-13,poisson,3,0.75,seir,central,1.0,0.3,0.1473,0.0,0.681314,0.268035,0.050855,0.244926,0.034915
BELIZE,BELIZE,2014-04-13,poisson,3,0.75,seir,alt,1.0,0.3,0.1473,0.0,0.799112,0.269484,0.05906,0.307222,0.051244
BELIZE,BELIZE,2014-04-13,poisson,3,0.75,hostvector_tempmort,central,1.0,0.3,0.1473,0.0,0.563211,0.232154,0.047918,0.124025,0.014844
BELIZE,BELIZE,2014-04-13,poisson,3,0.75,hostvector_tempmort,alt,1.0,0.3,0.1473,0.0,0.636744,0.263818,0.055661,0.097602,0.013204
BELIZE,BELIZE,2014-04-13,poisson,5,1.0,hostvector,central,1.0,0.3,0.1473,0.0,1.087344,0.20325,0.104198,0.128386,0.032988
BELIZE,BELIZE,2014-04-13,poisson,5,1.0,hostvector,alt,1.0,0.3,0.1473,0.0,1.007372,0.230218,0.100427,0.10229,0.024429
BELIZE,BELIZE,2014-04-13,poisson,5,1.0,seir,central,1.0,0.3,0.1473,0.0,0.76293,0.216326,0.068871,0.265144,0.047199
BELIZE,BELIZE,2014-04-13,poisson,5,1.0,seir,alt,1.0,0.3,0.1473,0.0,0.079299,0.220759,0.022169,0.332698,0.007739
BELIZE,BELIZE,2014-04-13,poisson,5,1.0,hostvector_tempmort,central,1.0,0.3,0.1473,0.0,0.031659,0.18724,0.018488,0.132738,0.001702
BELIZE,BELIZE,2014-04-13,poisson,5,1.0,hostvector_tempmort,alt,1.0,0.3,0.1473,0.0,0.039025,0.214528,0.021624,0.105626,0.001693
BELIZE,BELIZE,2014-04-13,poisson,5,0.75,hostvector,central,1.0,0.3,0.1473,0.0,1.293934,0.242438,0.128208,0.128744,0.039697
BELIZE,BELIZE,2014-04-13,poisson,5,0.75,hostvector,alt,1.0,0.3,0.1473,0.0,1.588737,0.270527,0.152079,0.102468,0.038496
BELIZE,BELIZE,2014-04-13,poisson,5,0.75,seir,central,1.0,0.3,0.1473,0.0,1.687258,0.279922,0.14683,0.268121,0.105235
BELIZE,BELIZE,2014-04-13,poisson,5,0.75,seir,alt,1.0,0.3,0.1473,0.0,1.537861,0.288962,0.133935,0.336845,0.121726
BELIZE,BELIZE,2014-04-13,poisson,5,0.75,hostvector_tempmort,central,1.0,0.3,0.1473,0.0,1.351048,0.225876,0.127519,0.133143,0.042569
BELIZE,BELIZE,2014-04-13,poisson,5,0.75,hostvector_tempmort,alt,1.0,0.3,0.1473,0.0,1.577079,0.254484,0.149127,0.10585,0.039431
BELIZE,BELIZE,2014-04-13,poisson,7,1.0,hostvector,central,1.0,0.3,0.1473,0.0,0.023432,0.189088,0.026349,0.138168,0.002325
BELIZE,BELIZE,2014-04-13,poisson,7,1.0,hostvector,alt,1.0,0.3,0.1473,0.0,0.914191,0.211556,0.100688,0.111018,0.027386
BELIZE,BELIZE,2014-04-13,poisson,7,1.0,seir,central,1.0,0.3,0.1473,0.0,0.795107,0.2107,0.085801,0.289261,0.062112
BELIZE,BELIZE,2014-04-13,poisson,7,1.0,seir,alt,1.0,0.3,0.1473,0.0,0.508437,0.219235,0.05975,0.363575,0.049443
BELIZE,BELIZE,2014-04-13,poisson,7,1.0,hostvector_tempmort,central,1.0,0.3,0.1473,0.0,0.025319,0.174001,0.024669,0.14182,0.002283
BELIZE,BELIZE,2014-04-13,poisson,7,1.0,hostvector_tempmort,alt,1.0,0.3,0.1473,0.0,0.674434,0.197191,0.075764,0.113821,0.020678
BELIZE,BELIZE,2014-04-13,poisson,7,0.75,hostvector,central,1.0,0.3,0.1473,0.0,0.157251,0.278959,0.033244,0.140426,0.005853
BELIZE,BELIZE,2014-04-13,poisson,7,0.75,hostvector,alt,1.0,0.3,0.1473,0.0,0.451372,0.305503,0.063568,0.112593,0.014226
BELIZE,BELIZE,2014-04-13,poisson,7,0.75,seir,central,1.0,0.3,0.1473,0.0,,0.358903,,0.301423,
BELIZE,BELIZE,2014-04-13,poisson,7,0.75,seir,alt,1.0,0.3,0.1473,0.0,1.216224,0.37583,0.153774,0.379527,0.124786
BELIZE,BELIZE,2014-04-13,poisson,7,0.75,hostvector_tempmort,central,1.0,0.3,0.1473,0.0,0.948436,0.260691,0.115198,0.144235,0.036536
BELIZE,BELIZE,2014-04-13,poisson,7,0.75,hostvector_tempmort,alt,1.0,0.3,0.1473,0.0,1.105628,0.288319,0.134232,0.115543,0.034402
ARGENTINA,ARGENTINA,2015-12-06,nb,3,1.0,hostvector,central,1.0,0.3,0.43934,0.689784,1.472901,0.198104,0.149864,0.40485,0.222383
ARGENTINA,ARGENTINA,2015-12-06,nb,3,1.0,hostvector,alt,1.0,0.3,0.43934,0.499741,1.787819,0.224643,0.14776,0.322433,0.218162
ARGENTINA,ARGENTINA,2015-12-06,nb,3,1.0,seir,central,1.0,0.3,0.43934,0.036845,0.726578,0.329679,0.18383,0.732783,0.15948
ARGENTINA,ARGENTINA,2015-12-06,nb,3,1.0,seir,alt,1.0,0.3,0.43934,0.000119,0.807057,0.341342,0.217624,0.931112,0.222779
ARGENTINA,ARGENTINA,2015-12-06,nb,3,1.0,hostvector_tempmort,central,1.0,0.3,0.43934,0.228608,1.513308,0.171336,0.151903,0.340553,0.193005
ARGENTINA,ARGENTINA,2015-12-06,nb,3,1.0,hostvector_tempmort,alt,1.0,0.3,0.43934,0.038111,1.900009,0.201699,0.151695,0.270674,0.195778
ARGENTINA,ARGENTINA,2015-12-06,nb,3,0.75,hostvector,central,1.0,0.3,0.43934,0.683388,1.771645,0.197404,0.180144,0.403878,0.266879
ARGENTINA,ARGENTINA,2015-12-06,nb,3,0.75,hostvector,alt,1.0,0.3,0.43934,0.481947,2.17073,0.223738,0.178588,0.320311,0.263218
ARGENTINA,ARGENTINA,2015-12-06,nb,3,0.75,seir,central,1.0,0.3,0.43934,0.031391,0.911766,0.328652,0.225642,0.731596,0.199389
ARGENTINA,ARGENTINA,2015-12-06,nb,3,0.75,seir,alt,1.0,0.3,0.43934,0.0,,0.341396,,0.930878,
ARGENTINA,ARGENTINA,2015-12-06,nb,3,0.75,hostvector_tempmort,central,1.0,0.3,0.43934,0.239016,1.820785,0.172129,0.182803,0.341858,0.233071
ARGENTINA,ARGENTINA,2015-12-06,nb,3,0.75,hostvector_tempmort,alt,1.0,0.3,0.43934,0.031316,2.240413,0.201283,0.179839,0.269984,0.230288
ARGENTINA,ARGENTINA,2015-12-06,nb,5,1.0,hostvector,central,1.0,0.3,0.43934,0.014429,0.484132,-0.048451,0.136567,0.306528,0.049856
ARGENTINA,ARGENTINA,2015-12-06,nb,5,1.0,hostvector,alt,1.0,0.3,0.43934,0.103264,0.646662,0.009367,0.155073,0.261064,0.058657
ARGENTINA,ARGENTINA,2015-12-06,nb,5,1.0,seir,central,1.0,0.3,0.43934,0.0,0.996565,-0.474379,0.323347,1.092399,0.448349
ARGENTINA,ARGENTINA,2015-12-06,nb,5,1.0,seir,alt,1.0,0.3,0.43934,0.0,0.029013,-0.611611,0.35595,1.690823,0.430045
ARGENTINA,ARGENTINA,2015-12-06,nb,5,1.0,hostvector_tempmort,central,1.0,0.3,0.43934,0.0,0.094761,-0.028268,0.133436,0.301767,0.019628
ARGENTINA,ARGENTINA,2015-12-06,nb,5,1.0,hostvector_tempmort,alt,1.0,0.3,0.43934,7.6e-05,1.752899,0.017972,0.186715,0.249994,0.151759
ARGENTINA,ARGENTINA,2015-12-06,nb,5,0.75,hostvector,central,1.0,0.3,0.43934,0.003062,0.605125,-0.049452,0.164378,0.305384,0.061988
ARGENTINA,ARGENTINA,2015-12-06,nb,5,0.75,hostvector,alt,1.0,0.3,0.43934,0.080795,0.878682,0.009728,0.188187,0.258889,0.078706
ARGENTINA,ARGENTINA,2015-12-06,nb,5,0.75,seir,central,1.0,0.3,0.43934,0.0,,-0.474748,,1.092677,
ARGENTINA,ARGENTINA,2015-12-06,nb,5,0.75,seir,alt,1.0,0.3,0.43934,0.0,0.02969,-0.611821,0.348205,1.691038,0.418899
ARGENTINA,ARGENTINA,2015-12-06,nb,5,0.75,hostvector_tempmort,central,1.0,0.3,0.43934,0.0,,-0.029303,,0.301859,
ARGENTINA,ARGENTINA,2015-12-06,nb,5,0.75,hostvector_tempmort,alt,1.0,0.3,0.43934,0.000212,2.172895,0.017618,0.226274,0.250001,0.188215
ARGENTINA,ARGENTINA,2015-12-06,nb,7,1.0,hostvector,central,1.0,0.3,0.43934,0.126749,0.729521,-0.181179,0.096778,0.356257,0.106623
ARGENTINA,ARGENTINA,2015-12-06,nb,7,1.0,hostvector,alt,1.0,0.3,0.43934,0.157049,0.82347,-0.251522,0.115218,0.30697,0.102774
ARGENTINA,ARGENTINA,2015-12-06,nb,7,1.0,seir,central,1.0,0.3,0.43934,3.7e-05,0.890287,-0.18825,0.131444,0.863598,0.320123
ARGENTINA,ARGENTINA,2015-12-06,nb,7,1.0,seir,alt,1.0,0.3,0.43934,1.4e-05,1.280303,-0.185759,0.167231,1.127705,0.591023
ARGENTINA,ARGENTINA,2015-12-06,nb,7,1.0,hostvector_tempmort,central,1.0,0.3,0.43934,0.0,,-0.175118,,0.338186,
ARGENTINA,ARGENTINA,2015-12-06,nb,7,1.0,hostvector_tempmort,alt,1.0,0.3,0.43934,2.2e-05,1.655756,-0.240758,0.151979,0.28801,0.193373
ARGENTINA,ARGENTINA,2015-12-06,nb,7,0.75,hostvector,central,1.0,0.3,0.43934,0.117974,0.90051,-0.180505,0.117129,0.354988,0.131019
ARGENTINA,ARGENTINA,2015-12-06,nb,7,0.75,hostvector,alt,1.0,0.3,0.43934,0.13646,1.064261,-0.250128,0.140879,0.304432,0.131518
ARGENTINA,ARGENTINA,2015-12-06,nb,7,0.75,seir,central,1.0,0.3,0.43934,0.0,0.002067,-0.188167,0.117911,0.863537,0.092245
ARGENTINA,ARGENTINA,2015-12-06,nb,7,0.75,seir,alt,1.0,0.3,0.43934,2e-05,1.671988,-0.185873,0.210898,1.127615,0.770704
ARGENTINA,ARGENTINA,2015-12-06,nb,7,0.75,hostvector_tempmort,central,1.0,0.3,0.43934,0.0,,-0.175131,,0.338184,
ARGENTINA,ARGENTINA,2015-12-06,nb,7,0.75,hostvector_tempmort,alt,1.0,0.3,0.43934,3e-06,1.867802,-0.240903,0.176746,0.288026,0.2189
ARGENTINA,ARGENTINA,2015-12-06,poisson,3,1.0,hostvector,central,1.0,0.3,0.43934,9.619236,5.232543,-0.450618,1.028014,16.878458,53.046633
ARGENTINA,ARGENTINA,2015-12-06,poisson,3,1.0,hostvector,alt,1.0,0.3,0.43934,0.0,,-0.152306,,0.229101,
ARGENTINA,ARGENTINA,2015-12-06,poisson,3,1.0,seir,central,1.0,0.3,0.43934,0.0,4.465328,-0.175415,0.331299,0.65611,1.116804
ARGENTINA,ARGENTINA,2015-12-06,poisson,3,1.0,seir,alt,1.0,0.3,0.43934,0.0,3.725562,-0.19313,0.344567,0.848651,1.198023
ARGENTINA,ARGENTINA,2015-12-06,poisson,3,1.0,hostvector_tempmort,central,1.0,0.3,0.43934,9.646951,5.216759,-0.452426,1.026541,17.17087,53.894405
ARGENTINA,ARGENTINA,2015-12-06,poisson,3,1.0,hostvector_tempmort,alt,1.0,0.3,0.43934,0.0,4.409099,-0.152809,0.234387,0.229689,0.393317
ARGENTINA,ARGENTINA,2015-12-06,poisson,3,0.75,hostvector,central,1.0,0.3,0.43934,9.618947,6.237773,-0.450592,1.225369,16.875869,63.225336
ARGENTINA,ARGENTINA,2015-12-06,poisson,3,0.75,hostvector,alt,1.0,0.3,0.43934,0.0,0.242681,-0.152278,0.314255,0.229096,0.031295
ARGENTINA,ARGENTINA,2015-12-06,poisson,3,0.75,seir,central,1.0,0.3,0.43934,0.0,5.748251,-0.175413,0.403255,0.656109,1.440272
ARGENTINA,ARGENTINA,2015-12-06,poisson,3,0.75,seir,alt,1.0,0.3,0.43934,0.0,0.314731,-0.193101,0.336985,0.848624,0.233128
ARGENTINA,ARGENTINA,2015-12-06,poisson,3,0.75,hostvector_tempmort,central,1.0,0.3,0.43934,9.646967,6.218801,-0.45242,1.223725,17.170903,64.24675
ARGENTINA,ARGENTINA,2015-12-06,poisson,3,0.75,hostvector_tempmort,alt,1.0,0.3,0.43934,0.0,6.613256,-0.152816,0.295549,0.229689,0.589556
ARGENTINA,ARGENTINA,2015-12-06,poisson,5,1.0,hostvector,central,1.0,0.3,0.43934,3.871303,1.786742,-1.537509,0.088714,4.732399,3.222492
ARGENTINA,ARGENTINA,2015-12-06,poisson,5,1.0,hostvector,alt,1.0,0.3,0.43934,3.102685,1.95992,-1.46615,0.06475,2.757768,2.048314
ARGENTINA,ARGENTINA,2015-12-06,poisson,5,1.0,seir,central,1.0,0.3,0.43934,13.809081,1.079318,-3.106012,0.409282,2020.9488,1491.936883
ARGENTINA,ARGENTINA,2015-12-06,poisson,5,1.0,seir,alt,1.0,0.3,0.43934,13.62636,0.039925,-3.342805,0.122949,2868.162889,137.568256
ARGENTINA,ARGENTINA,2015-12-06,poisson,5,1.0,hostvector_tempmort,central,1.0,0.3,0.43934,3.653529,1.803735,-1.542702,0.088242,4.391938,3.023383
ARGENTINA,ARGENTINA,2015-12-06,poisson,5,1.0,hostvector_tempmort,alt,1.0,0.3,0.43934,3.064827,1.967812,-1.467735,0.070114,2.730738,2.041799
ARGENTINA,ARGENTINA,2015-12-06,poisson,5,0.75,hostvector,central,1.0,0.3,0.43934,3.609477,2.152518,-1.541103,0.105064,4.297297,3.529458
ARGENTINA,ARGENTINA,2015-12-06,poisson,5,0.75,hostvector,alt,1.0,0.3,0.43934,3.107899,2.335986,-1.466065,0.077328,2.763115,2.446131
ARGENTINA,ARGENTINA,2015-12-06,poisson,5,0.75,seir,central,1.0,0.3,0.43934,13.436725,1.437103,-3.110249,0.535828,1759.800805,1735.776575
ARGENTINA,ARGENTINA,2015-12-06,poisson,5,0.75,seir,alt,1.0,0.3,0.43934,13.656102,0.032407,-3.349569,0.146768,2905.573626,163.81584
ARGENTINA,ARGENTINA,2015-12-06,poisson,5,0.75,hostvector_tempmort,central,1.0,0.3,0.43934,3.47078,2.166879,-1.545033,0.104724,4.105491,3.397621
ARGENTINA,ARGENTINA,2015-12-06,poisson,5,0.75,hostvector_tempmort,alt,1.0,0.3,0.43934,3.08362,2.343046,-1.467722,0.082628,2.750058,2.446931
ARGENTINA,ARGENTINA,2015-12-06,poisson,7,1.0,hostvector,central,1.0,0.3,0.43934,8.525143,3.087155,0.490098,0.844362,9.223075,16.90167
ARGENTINA,ARGENTINA,2015-12-06,poisson,7,1.0,hostvector,alt,1.0,0.3,0.43934,8.620327,3.809285,0.512232,1.036462,8.395557,19.154757
ARGENTINA,ARGENTINA,2015-12-06,poisson,7,1.0,seir,central,1.0,0.3,0.43934,0.0,,0.267105,,0.5927,
ARGENTINA,ARGENTINA,2015-12-06,poisson,7,1.0,seir,alt,1.0,0.3,0.43934,0.0,3.388443,0.286133,0.248665,0.767447,1.057596
ARGENTINA,ARGENTINA,2015-12-06,poisson,7,1.0,hostvector_tempmort,central,1.0,0.3,0.43934,8.547042,3.078395,0.489418,0.830561,9.343079,17.034694
ARGENTINA,ARGENTINA,2015-12-06,poisson,7,1.0,hostvector_tempmort,alt,1.0,0.3,0.43934,8.636152,3.950863,0.51221,1.082188,8.480907,20.363062
ARGENTINA,ARGENTINA,2015-12-06,poisson,7,0.75,hostvector,central,1.0,0.3,0.43934,8.525128,4.375738,0.490096,1.09076,9.223014,23.876405
ARGENTINA,ARGENTINA,2015-12-06,poisson,7,0.75,hostvector,alt,1.0,0.3,0.43934,8.620281,4.72828,0.512249,1.307964,8.395458,24.161937
ARGENTINA,ARGENTINA,2015-12-06,poisson,7,0.75,seir,central,1.0,0.3,0.43934,0.0,2.468647,0.267113,0.245882,0.592705,0.59246
ARGENTINA,ARGENTINA,2015-12-06,poisson,7,0.75,seir,alt,1.0,0.3,0.43934,0.0,0.178737,0.286083,0.253434,0.767424,0.113231
ARGENTINA,ARGENTINA,2015-12-06,poisson,7,0.75,hostvector_tempmort,central,1.0,0.3,0.43934,8.54703,3.599426,0.489418,0.979992,9.343033,19.933909
ARGENTINA,ARGENTINA,2015-12-06,poisson,7,0.75,hostvector_tempmort,alt,1.0,0.3,0.43934,8.636127,3.96994,0.512215,1.090252,8.480839,20.036712
BOLIVIA,LA PAZ,2019-09-08,nb,3,1.0,hostvector,central,1.0,0.3,117007.496183,1.000281,13862.528453,0.304095,0.021496,119791.292399,22942177725.124176
BOLIVIA,LA PAZ,2019-09-08,nb,3,1.0,hostvector,alt,1.0,0.3,117007.496183,1.049213,16370.683587,0.354102,0.024955,185332.170764,41916457052.379745
BOLIVIA,LA PAZ,2019-09-08,nb,3,1.0,seir,central,1.0,0.3,117007.496183,0.816673,20324.814642,0.300187,0.022224,19552.76547,5490371376.643915
BOLIVIA,LA PAZ,2019-09-08,nb,3,1.0,seir,alt,1.0,0.3,117007.496183,0.536506,,0.30679,0.022766,510.935091,
BOLIVIA,LA PAZ,2019-09-08,nb,3,1.0,hostvector_tempmort,central,1.0,0.3,117007.496183,0.935439,11491.558688,0.175991,0.013243,119152.195179,18916810839.018112
BOLIVIA,LA PAZ,2019-09-08,nb,3,1.0,hostvector_tempmort,alt,1.0,0.3,117007.496183,0.969089,8744.566233,0.187468,0.014337,146993.580797,17758389357.210632
BOLIVIA,LA PAZ,2019-09-08,nb,3,0.75,hostvector,central,1.0,0.3,117007.496183,0.981483,46803.820876,0.279934,0.034386,92732.420054,59962515017.30682
BOLIVIA,LA PAZ,2019-09-08,nb,3,0.75,hostvector,alt,1.0,0.3,117007.496183,0.869505,28776.536157,0.317076,0.038816,15598.456522,6201361968.109027
BOLIVIA,LA PAZ,2019-09-08,nb,3,0.75,seir,central,1.0,0.3,117007.496183,0.918438,20749.017055,0.132643,0.063333,78320.620619,22451253314.29745
BOLIVIA,LA PAZ,2019-09-08,nb,3,0.75,seir,alt,1.0,0.3,117007.496183,0.927193,25942.924236,0.302684,0.04025,112566.344361,40345437359.396835
BOLIVIA,LA PAZ,2019-09-08,nb,3,0.75,hostvector_tempmort,central,1.0,0.3,117007.496183,0.921833,,0.175963,0.0226,98588.130297,
BOLIVIA,LA PAZ,2019-09-08,nb,3,0.75,hostvector_tempmort,alt,1.0,0.3,117007.496183,0.934521,36477.285488,0.187686,0.024152,91026.897563,45873216069.107765
BOLIVIA,LA PAZ,2019-09-08,nb,5,1.0,hostvector,central,1.0,0.3,117007.496183,1.164382,15849.909174,0.30701,0.021962,1240150.29425,271561396011.55267
BOLIVIA,LA PAZ,2019-09-08,nb,5,1.0,hostvector,alt,1.0,0.3,117007.496183,0.986513,35865.653966,0.348863,0.023013,84498.223441,41869065535.910904
BOLIVIA,LA PAZ,2019-09-08,nb,5,1.0,seir,central,1.0,0.3,117007.496183,0.868945,,0.332714,0.023453,43443.837466,
BOLIVIA,LA PAZ,2019-09-08,nb,5,1.0,seir,alt,1.0,0.3,117007.496183,0.974213,59004.87343,0.351181,0.034961,233273.32738,190160323186.80374
BOLIVIA,LA PAZ,2019-09-08,nb,5,1.0,hostvector_tempmort,central,1.0,0.3,117007.496183,0.911492,17889.53812,0.190994,0.019237,89451.132545,22108124824.288116
BOLIVIA,LA PAZ,2019-09-08,nb,5,1.0,hostvector_tempmort,alt,1.0,0.3,117007.496183,0.877447,,0.207422,,43401.380143,
BOLIVIA,LA PAZ,2019-09-08,nb,5,0.75,hostvector,central,1.0,0.3,117007.496183,0.945565,,0.35461,0.040687,60065.386035,
BOLIVIA,LA PAZ,2019-09-08,nb,5,0.75,hostvector,alt,1.0,0.3,117007.496183,0.982647,,0.40308,0.046572,79566.472639,
BOLIVIA,LA PAZ,2019-09-08,nb,5,0.75,seir,central,1.0,0.3,117007.496183,1.038592,,0.100137,0.10015,428623.7518,
BOLIVIA,LA PAZ,2019-09-08,nb,5,0.75,seir,alt,1.0,0.3,117007.496183,0.89554,,0.375318,0.06373,78224.010926,
BOLIVIA,LA PAZ,2019-09-08,nb,5,0.75,hostvector_tempmort,central,1.0,0.3,117007.496183,0.926161,23507.190482,0.221652,0.033375,109272.731768,35487831651.81153
BOLIVIA,LA PAZ,2019-09-08,nb,5,0.75,hostvector_tempmort,alt,1.0,0.3,117007.496183,0.585619,42907.659073,0.233476,0.036014,767.978401,455250850.190521
BOLIVIA,LA PAZ,2019-09-08,nb,7,1.0,hostvector,central,1.0,0.3,117007.496183,0.981393,68815.997955,0.337485,0.039018,107005.925684,101733545377.2612
BOLIVIA,LA PAZ,2019-09-08,nb,7,1.0,hostvector,alt,1.0,0.3,117007.496183,0.971796,57869.540919,0.371444,0.032846,75358.157918,60248640075.34214
BOLIVIA,LA PAZ,2019-09-08,nb,7,1.0,seir,central,1.0,0.3,117007.496183,0.85845,,0.425775,,41080.626746,
BOLIVIA,LA PAZ,2019-09-08,nb,7,1.0,seir,alt,1.0,0.3,117007.496183,0.880349,,0.457404,0.047867,69914.544479,
BOLIVIA,LA PAZ,2019-09-08,nb,7,1.0,hostvector_tempmort,central,1.0,0.3,117007.496183,0.859562,11234.195171,0.238907,0.030378,45944.277516,7130834100.669014
BOLIVIA,LA PAZ,2019-09-08,nb,7,1.0,hostvector_tempmort,alt,1.0,0.3,117007.496183,0.932019,,0.264789,,97446.004433,
BOLIVIA,LA PAZ,2019-09-08,nb,7,0.75,hostvector,central,1.0,0.3,117007.496183,0.945503,55919.507476,0.339444,0.078732,64384.775602,49740879858.62014
BOLIVIA,LA PAZ,2019-09-08,nb,7,0.75,hostvector,alt,1.0,0.3,117007.496183,0.947498,49797.647423,0.409467,0.084188,53321.590893,36684184053.791595
BOLIVIA,LA PAZ,2019-09-08,nb,7,0.75,seir,central,1.0,0.3,117007.496183,0.804447,,0.255238,0.098733,18363.685847,
BOLIVIA,LA PAZ,2019-09-08,nb,7,0.75,seir,alt,1.0,0.3,117007.496183,1.003702,,0.256833,0.096268,360438.900845,
BOLIVIA,LA PAZ,2019-09-08,nb,7,0.75,hostvector_tempmort,central,1.0,0.3,117007.496183,0.91703,97783.414811,0.157541,0.06708,98579.865689,133174282412.19576
BOLIVIA,LA PAZ,2019-09-08,nb,7,0.75,hostvector_tempmort,alt,1.0,0.3,117007.496183,0.917455,,0.17228,0.056854,77180.484408,
BOLIVIA,LA PAZ,2019-09-08,poisson,3,1.0,hostvector,central,1.0,0.3,117007.496183,0.99634,7739.376482,0.315326,0.01856,110970.971949,11865397017.096773
BOLIVIA,LA PAZ,2019-09-08,poisson,3,1.0,hostvector,alt,1.0,0.3,117007.496183,1.004399,12605.722521,0.355676,0.021587,97685.794496,17012419060.387646
BOLIVIA,LA PAZ,2019-09-08,poisson,3,1.0,seir,central,1.0,0.3,117007.496183,0.949508,30119.56671,0.339479,0.020115,119228.611797,49613072767.381676
BOLIVIA,LA PAZ,2019-09-08,poisson,3,1.0,seir,alt,1.0,0.3,117007.496183,0.924378,13745.242292,0.348731,0.020502,105528.295422,20039562892.302635
BOLIVIA,LA PAZ,2019-09-08,poisson,3,1.0,hostvector_tempmort,central,1.0,0.3,117007.496183,0.951,5685.517176,0.199473,0.011702,145418.933486,11422411909.096449
BOLIVIA,LA PAZ,2019-09-08,poisson,3,1.0,hostvector_tempmort,alt,1.0,0.3,117007.496183,0.985298,3656.713344,0.213881,0.012707,180841.840741,9136013095.88157
BOLIVIA,LA PAZ,2019-09-08,poisson,3,0.75,hostvector,central,1.0,0.3,117007.496183,0.996654,19427.363062,0.304034,0.037162,112006.120106,30062322962.75178
BOLIVIA,LA PAZ,2019-09-08,poisson,3,0.75,hostvector,alt,1.0,0.3,117007.496183,0.982138,26555.866648,0.339905,0.043958,72343.011188,26541410014.591408
BOLIVIA,LA PAZ,2019-09-08,poisson,3,0.75,seir,central,1.0,0.3,117007.496183,0.884637,,-0.493837,,105170.341059,
BOLIVIA,LA PAZ,2019-09-08,poisson,3,0.75,seir,alt,1.0,0.3,117007.496183,0.930822,26515.120905,0.348843,0.026738,115309.026022,42239993364.03874
BOLIVIA,LA PAZ,2019-09-08,poisson,3,0.75,hostvector_tempmort,central,1.0,0.3,117007.496183,0.931387,6763.212476,0.2003,0.017044,110848.570112,10357382870.624924
BOLIVIA,LA PAZ,2019-09-08,poisson,3,0.75,hostvector_tempmort,alt,1.0,0.3,117007.496183,0.918573,7137.492053,0.214829,0.01786,71896.152817,7089542143.356448
BOLIVIA,LA PAZ,2019-09-08,poisson,5,1.0,hostvector,central,1.0,0.3,117007.496183,0.932162,17316.574012,0.33827,0.041629,51373.37518,12290426393.653584
BOLIVIA,LA PAZ,2019-09-08,poisson,5,1.0,hostvector,alt,1.0,0.3,117007.496183,1.004473,13048.649672,0.381325,0.038395,111156.271608,20038555970.569675
BOLIVIA,LA PAZ,2019-09-08,poisson,5,1.0,seir,central,1.0,0.3,117007.496183,0.914041,41431.908005,0.440406,0.066263,81816.409231,46831952741.08432
BOLIVIA,LA PAZ,2019-09-08,poisson,5,1.0,seir,alt,1.0,0.3,117007.496183,0.924159,,0.489374,0.040369,116485.150266,
BOLIVIA,LA PAZ,2019-09-08,poisson,5,1.0,hostvector_tempmort,central,1.0,0.3,117007.496183,0.908275,11333.888893,0.251533,0.042317,86117.208716,13484528708.082624
BOLIVIA,LA PAZ,2019-09-08,poisson,5,1.0,hostvector_tempmort,alt,1.0,0.3,117007.496183,0.943286,11733.746265,0.285332,0.04538,107793.537375,17474159323.64125
BOLIVIA,LA PAZ,2019-09-08,poisson,5,0.75,hostvector,central,1.0,0.3,117007.496183,1.054479,11496.906992,0.405059,0.035744,271299.094977,43091960049.18548
BOLIVIA,LA PAZ,2019-09-08,poisson,5,0.75,hostvector,alt,1.0,0.3,117007.496183,0.88234,41085.425964,0.458975,0.056748,19925.952132,11310290962.20124
BOLIVIA,LA PAZ,2019-09-08,poisson,5,0.75,seir,central,1.0,0.3,117007.496183,0.895138,,0.525704,0.017891,61620.061189,
BOLIVIA,LA PAZ,2019-09-08,poisson,5,0.75,seir,alt,1.0,0.3,117007.496183,0.88906,,0.557463,0.018612,70686.248757,
BOLIVIA,LA PAZ,2019-09-08,poisson,5,0.75,hostvector_tempmort,central,1.0,0.3,117007.496183,0.900122,7928.623643,0.30175,0.027439,75912.834881,8315337955.740435
BOLIVIA,LA PAZ,2019-09-08,poisson,5,0.75,hostvector_tempmort,alt,1.0,0.3,117007.496183,0.869953,9206.606498,0.328506,0.030487,38744.089311,4928013968.467694
BOLIVIA,LA PAZ,2019-09-08,poisson,7,1.0,hostvector,central,1.0,0.3,117007.496183,0.855081,20339.339617,0.433199,0.091777,19572.702865,5499896804.903919
BOLIVIA,LA PAZ,2019-09-08,poisson,7,1.0,hostvector,alt,1.0,0.3,117007.496183,1.003698,47495.199834,0.603993,0.192541,118224.003977,77575087714.18282
BOLIVIA,LA PAZ,2019-09-08,poisson,7,1.0,seir,central,1.0,0.3,117007.496183,0.608401,108778.019462,0.697503,0.204417,1326.548963,1993569424.322438
BOLIVIA,LA PAZ,2019-09-08,poisson,7,1.0,seir,alt,1.0,0.3,117007.496183,0.831099,,0.773453,0.123457,35751.289524,
BOLIVIA,LA PAZ,2019-09-08,poisson,7,1.0,hostvector_tempmort,central,1.0,0.3,117007.496183,0.855157,25742.715434,0.385075,0.130084,43867.798724,15601526927.26165
BOLIVIA,LA PAZ,2019-09-08,poisson,7,1.0,hostvector_tempmort,alt,1.0,0.3,117007.496183,1.489875,8350.207175,0.437606,0.082099,218464972.197619,25202634744178.71
BOLIVIA,LA PAZ,2019-09-08,poisson,7,0.75,hostvector,central,1.0,0.3,117007.496183,0.982898,20392.47381,0.628319,0.101297,109596.796402,30876969868.432583
BOLIVIA,LA PAZ,2019-09-08,poisson,7,0.75,hostvector,alt,1.0,0.3,117007.496183,0.991776,36320.8358,0.733343,0.137559,98135.36762,49243429630.9263
BOLIVIA,LA PAZ,2019-09-08,poisson,7,0.75,seir,central,1.0,0.3,117007.496183,0.884106,50020.22123,0.827246,0.131301,59183.761837,40899227522.04194
BOLIVIA,LA PAZ,2019-09-08,poisson,7,0.75,seir,alt,1.0,0.3,117007.496183,0.867607,110052.302354,0.84927,0.154192,59047.569554,89777620861.66594
BOLIVIA,LA PAZ,2019-09-08,poisson,7,0.75,hostvector_tempmort,central,1.0,0.3,117007.496183,0.878714,13472.059002,0.463545,0.072869,60345.969008,11231794639.579626
BOLIVIA,LA PAZ,2019-09-08,poisson,7,0.75,hostvector_tempmort,alt,1.0,0.3,117007.496183,0.824448,15350.784898,0.487863,0.079343,22188.159855,4705640924.387214
ARGENTINA,ARGENTINA,2019-12-22,nb,3,1.0,hostvector,central,1.0,0.3,0.46406,5e-06,1.348216,0.481164,0.128722,0.273144,0.16867
ARGENTINA,ARGENTINA,2019-12-22,nb,3,1.0,hostvector,alt,1.0,0.3,0.46406,2.5e-05,2.178983,0.586681,0.162793,0.232775,0.22829
ARGENTINA,ARGENTINA,2019-12-22,nb,3,1.0,seir,central,1.0,0.3,0.46406,4.460679,5.25823,0.361912,0.164441,5.205047,12.376171
ARGENTINA,ARGENTINA,2019-12-22,nb,3,1.0,seir,alt,1.0,0.3,0.46406,0.008341,7.295196,0.637527,0.199605,0.845016,2.844715
ARGENTINA,ARGENTINA,2019-12-22,nb,3,1.0,hostvector_tempmort,central,1.0,0.3,0.46406,0.000334,3.881207,0.481947,0.13605,0.273513,0.47998
ARGENTINA,ARGENTINA,2019-12-22,nb,3,1.0,hostvector_tempmort,alt,1.0,0.3,0.46406,0.000114,4.591368,0.587857,0.162798,0.232949,0.478572
ARGENTINA,ARGENTINA,2019-12-22,nb,3,0.75,hostvector,central,1.0,0.3,0.46406,4.8e-05,4.271941,0.481129,0.164843,0.273155,0.527838
ARGENTINA,ARGENTINA,2019-12-22,nb,3,0.75,hostvector,alt,1.0,0.3,0.46406,0.000102,6.157634,0.586653,0.19948,0.23279,0.641227
ARGENTINA,ARGENTINA,2019-12-22,nb,3,0.75,seir,central,1.0,0.3,0.46406,4.458473,6.439267,0.361994,0.201346,5.199751,15.140645
ARGENTINA,ARGENTINA,2019-12-22,nb,3,0.75,seir,alt,1.0,0.3,0.46406,0.003888,8.934052,0.637497,0.244386,0.843362,3.477052
ARGENTINA,ARGENTINA,2019-12-22,nb,3,0.75,hostvector_tempmort,central,1.0,0.3,0.46406,0.00046,4.785874,0.481929,0.166781,0.273535,0.591897
ARGENTINA,ARGENTINA,2019-12-22,nb,3,0.75,hostvector_tempmort,alt,1.0,0.3,0.46406,0.0,0.000452,0.5878,0.205014,0.232948,0.034479
ARGENTINA,ARGENTINA,2019-12-22,nb,5,1.0,hostvector,central,1.0,0.3,0.46406,1.051457,,0.907993,0.111623,0.846707,
ARGENTINA,ARGENTINA,2019-12-22,nb,5,1.0,hostvector,alt,1.0,0.3,0.46406,0.985574,,0.821714,,0.686829,0.026914
ARGENTINA,ARGENTINA,2019-12-22,nb,5,1.0,seir,central,1.0,0.3,0.46406,0.039974,2.81729,1.436549,0.140694,1.765475,2.383376
ARGENTINA,ARGENTINA,2019-12-22,nb,5,1.0,seir,alt,1.0,0.3,0.46406,0.227771,0.398219,1.48884,0.029937,2.514836,0.434753
ARGENTINA,ARGENTINA,2019-12-22,nb,5,1.0,hostvector_tempmort,central,1.0,0.3,0.46406,1.052947,,0.908389,0.074796,0.849398,
ARGENTINA,ARGENTINA,2019-12-22,nb,5,1.0,hostvector_tempmort,alt,1.0,0.3,0.46406,0.984452,,0.823741,0.10688,0.686332,
ARGENTINA,ARGENTINA,2019-12-22,nb,5,0.75,hostvector,central,1.0,0.3,0.46406,0.385561,0.060215,0.837948,0.133982,0.621255,0.059716
ARGENTINA,ARGENTINA,2019-12-22,nb,5,0.75,hostvector,alt,1.0,0.3,0.46406,0.967789,,0.842432,,0.656902,
ARGENTINA,ARGENTINA,2019-12-22,nb,5,0.75,seir,central,1.0,0.3,0.46406,0.135261,3.405512,1.44142,0.164556,1.848243,3.005202
ARGENTINA,ARGENTINA,2019-12-22,nb,5,0.75,seir,alt,1.0,0.3,0.46406,0.642737,0.770375,1.494,0.035469,3.04639,1.03145
ARGENTINA,ARGENTINA,2019-12-22,nb,5,0.75,hostvector_tempmort,central,1.0,0.3,0.46406,0.706634,,0.861242,,0.738384,
ARGENTINA,ARGENTINA,2019-12-22,nb,5,0.75,hostvector_tempmort,alt,1.0,0.3,0.46406,0.986246,,0.821209,0.14814,0.689968,0.033516
ARGENTINA,ARGENTINA,2019-12-22,nb,7,1.0,hostvector,central,1.0,0.3,0.46406,11.141251,2.341853,0.357331,0.285609,62.839091,55.152412
ARGENTINA,ARGENTINA,2019-12-22,nb,7,1.0,hostvector,alt,1.0,0.3,0.46406,11.746385,4.185949,0.597184,0.683015,94.738171,201.341071
ARGENTINA,ARGENTINA,2019-12-22,nb,7,1.0,seir,central,1.0,0.3,0.46406,13.163947,3.627229,0.270178,0.958822,345.060143,843.702942
ARGENTINA,ARGENTINA,2019-12-22,nb,7,1.0,seir,alt,1.0,0.3,0.46406,15.157569,5.399905,-0.131727,0.721652,693.078356,1805.820478
ARGENTINA,ARGENTINA,2019-12-22,nb,7,1.0,hostvector_tempmort,central,1.0,0.3,0.46406,11.180392,2.334716,0.359736,0.287123,64.154347,56.170004
ARGENTINA,ARGENTINA,2019-12-22,nb,7,1.0,hostvector_tempmort,alt,1.0,0.3,0.46406,11.751088,4.176367,0.597516,0.684504,95.091559,201.903293
ARGENTINA,ARGENTINA,2019-12-22,nb,7,0.75,hostvector,central,1.0,0.3,0.46406,11.141283,2.868112,0.357311,0.34979,62.837459,67.543963
ARGENTINA,ARGENTINA,2019-12-22,nb,7,0.75,hostvector,alt,1.0,0.3,0.46406,11.746302,5.126826,0.597254,0.836683,94.741637,246.620128
ARGENTINA,ARGENTINA,2019-12-22,nb,7,0.75,seir,central,1.0,0.3,0.46406,13.163182,4.441472,0.269938,1.173897,344.865737,1032.446502
ARGENTINA,ARGENTINA,2019-12-22,nb,7,0.75,seir,alt,1.0,0.3,0.46406,15.162556,6.612618,-0.130925,0.884138,695.099263,2217.970603
ARGENTINA,ARGENTINA,2019-12-22,nb,7,0.75,hostvector_tempmort,central,1.0,0.3,0.46406,11.181475,2.859852,0.359773,0.351661,64.184577,68.836925
ARGENTINA,ARGENTINA,2019-12-22,nb,7,0.75,hostvector_tempmort,alt,1.0,0.3,0.46406,11.750328,5.115712,0.597495,0.838405,95.062174,247.240382
ARGENTINA,ARGENTINA,2019-12-22,poisson,3,1.0,hostvector,central,1.0,0.3,0.46406,0.003583,3.122347,1.465673,1.217923,0.099219,0.276704
ARGENTINA,ARGENTINA,2019-12-22,poisson,3,1.0,hostvector,alt,1.0,0.3,0.46406,2.180309,3.827427,1.356112,0.327607,0.269938,0.546238
ARGENTINA,ARGENTINA,2019-12-22,poisson,3,1.0,seir,central,1.0,0.3,0.46406,1.184828,2.067033,1.164782,0.262096,0.674136,0.695135
ARGENTINA,ARGENTINA,2019-12-22,poisson,3,1.0,seir,alt,1.0,0.3,0.46406,4.283346,7.491296,1.335963,0.485912,2.887594,8.840441
ARGENTINA,ARGENTINA,2019-12-22,poisson,3,1.0,hostvector_tempmort,central,1.0,0.3,0.46406,0.003775,3.184747,1.467745,1.239319,0.099219,0.282267
ARGENTINA,ARGENTINA,2019-12-22,poisson,3,1.0,hostvector_tempmort,alt,1.0,0.3,0.46406,2.185781,3.825649,1.357492,0.327154,0.270612,0.547236
ARGENTINA,ARGENTINA,2019-12-22,poisson,3,0.75,hostvector,central,1.0,0.3,0.46406,0.003666,3.789316,1.46572,1.477903,0.099217,0.335797
ARGENTINA,ARGENTINA,2019-12-22,poisson,3,0.75,hostvector,alt,1.0,0.3,0.46406,2.180295,4.641511,1.356112,0.397297,0.269937,0.66242
ARGENTINA,ARGENTINA,2019-12-22,poisson,3,0.75,seir,central,1.0,0.3,0.46406,1.184949,2.506662,1.16477,0.317837,0.674181,0.843035
ARGENTINA,ARGENTINA,2019-12-22,poisson,3,0.75,seir,alt,1.0,0.3,0.46406,4.283473,9.084599,1.335956,0.589253,2.887764,10.721308
ARGENTINA,ARGENTINA,2019-12-22,poisson,3,0.75,hostvector_tempmort,central,1.0,0.3,0.46406,0.003608,3.861876,1.467757,1.502696,0.09921,0.342235
ARGENTINA,ARGENTINA,2019-12-22,poisson,3,0.75,hostvector_tempmort,alt,1.0,0.3,0.46406,2.185595,4.639237,1.357494,0.396761,0.270589,0.66356
ARGENTINA,ARGENTINA,2019-12-22,poisson,5,1.0,hostvector,central,1.0,0.3,0.46406,0.185784,0.065373,0.70152,0.120111,0.699117,0.083811
ARGENTINA,ARGENTINA,2019-12-22,poisson,5,1.0,hostvector,alt,1.0,0.3,0.46406,1.695256,0.927082,0.678601,0.159004,1.281988,0.607582
ARGENTINA,ARGENTINA,2019-12-22,poisson,5,1.0,seir,central,1.0,0.3,0.46406,0.0,0.226365,1.433938,0.027924,1.845242,0.192952
ARGENTINA,ARGENTINA,2019-12-22,poisson,5,1.0,seir,alt,1.0,0.3,0.46406,0.410559,0.083748,1.447986,0.02193,2.897159,0.101477
ARGENTINA,ARGENTINA,2019-12-22,poisson,5,1.0,hostvector_tempmort,central,1.0,0.3,0.46406,0.310694,0.082112,0.710308,0.120313,0.747742,0.098181
ARGENTINA,ARGENTINA,2019-12-22,poisson,5,1.0,hostvector_tempmort,alt,1.0,0.3,0.46406,1.693283,2.179823,0.679938,0.237126,1.282264,1.40635
ARGENTINA,ARGENTINA,2019-12-22,poisson,5,0.75,hostvector,central,1.0,0.3,0.46406,0.313006,0.101579,0.709603,0.14975,0.747366,0.122033
ARGENTINA,ARGENTINA,2019-12-22,poisson,5,0.75,hostvector,alt,1.0,0.3,0.46406,1.695007,1.846272,0.67858,0.234689,1.281848,1.196329
ARGENTINA,ARGENTINA,2019-12-22,poisson,5,0.75,seir,central,1.0,0.3,0.46406,0.0,0.422279,1.433938,0.040709,1.845242,0.350284
ARGENTINA,ARGENTINA,2019-12-22,poisson,5,0.75,seir,alt,1.0,0.3,0.46406,0.410558,0.10156,1.447985,0.026594,2.897158,0.12306
ARGENTINA,ARGENTINA,2019-12-22,poisson,5,0.75,hostvector_tempmort,central,1.0,0.3,0.46406,0.310684,0.096806,0.710309,0.149771,0.747735,0.116914
ARGENTINA,ARGENTINA,2019-12-22,poisson,5,0.75,hostvector_tempmort,alt,1.0,0.3,0.46406,1.693158,2.570133,0.679909,0.16861,1.282235,1.735139
ARGENTINA,ARGENTINA,2019-12-22,poisson,7,1.0,hostvector,central,1.0,0.3,0.46406,3.209433,3.655682,-0.061977,2.616331,2.321659,5.2565
ARGENTINA,ARGENTINA,2019-12-22,poisson,7,1.0,hostvector,alt,1.0,0.3,0.46406,4.684106,6.893573,-0.00965,3.466693,4.23741,19.050605
ARGENTINA,ARGENTINA,2019-12-22,poisson,7,1.0,seir,central,1.0,0.3,0.46406,5.472125,3.558272,-0.702733,3.029114,8.101421,23.629087
ARGENTINA,ARGENTINA,2019-12-22,poisson,7,1.0,seir,alt,1.0,0.3,0.46406,7.672589,8.615291,-0.384253,4.08067,39.08979,221.426033
ARGENTINA,ARGENTINA,2019-12-22,poisson,7,1.0,hostvector_tempmort,central,1.0,0.3,0.46406,3.226819,3.663246,-0.063212,2.6211,2.342116,5.311721
ARGENTINA,ARGENTINA,2019-12-22,poisson,7,1.0,hostvector_tempmort,alt,1.0,0.3,0.46406,4.691569,6.907838,-0.009053,3.476263,4.261996,19.204041
ARGENTINA,ARGENTINA,2019-12-22,poisson,7,0.75,hostvector,central,1.0,0.3,0.46406,3.20955,4.433245,-0.061929,3.172798,2.321897,6.375255
ARGENTINA,ARGENTINA,2019-12-22,poisson,7,0.75,hostvector,alt,1.0,0.3,0.46406,4.683738,8.360771,-0.009372,4.204159,4.238093,23.108184
ARGENTINA,ARGENTINA,2019-12-22,poisson,7,0.75,seir,central,1.0,0.3,0.46406,5.472134,4.315052,-0.702734,3.673352,8.10144,28.654621
ARGENTINA,ARGENTINA,2019-12-22,poisson,7,0.75,seir,alt,1.0,0.3,0.46406,7.672719,10.451164,-0.383261,4.948538,39.135003,268.898934
ARGENTINA,ARGENTINA,2019-12-22,poisson,7,0.75,hostvector_tempmort,central,1.0,0.3,0.46406,3.226664,4.442501,-0.063175,3.178696,2.342066,6.441512
ARGENTINA,ARGENTINA,2019-12-22,poisson,7,0.75,hostvector_tempmort,alt,1.0,0.3,0.46406,4.692063,8.37789,-0.009033,4.215598,4.263005,23.296315
BOLIVIA,CHUQUISACA,2014-11-09,nb,3,1.0,hostvector,central,1.0,0.3,1.636281,0.670441,0.233247,0.307745,0.032674,0.726709,0.367311
BOLIVIA,CHUQUISACA,2014-11-09,nb,3,1.0,hostvector,alt,1.0,0.3,1.636281,0.766492,0.277469,0.338802,0.038871,0.725967,0.43372
BOLIVIA,CHUQUISACA,2014-11-09,nb,3,1.0,seir,central,1.0,0.3,1.636281,0.537046,0.241449,0.424209,0.042785,1.276521,0.674637
BOLIVIA,CHUQUISACA,2014-11-09,nb,3,1.0,seir,alt,1.0,0.3,1.636281,0.517303,0.258259,0.464203,0.048579,1.556787,0.876607
BOLIVIA,CHUQUISACA,2014-11-09,nb,3,1.0,hostvector_tempmort,central,1.0,0.3,1.636281,0.317318,0.18393,0.277616,0.028883,0.427771,0.172389
BOLIVIA,CHUQUISACA,2014-11-09,nb,3,1.0,hostvector_tempmort,alt,1.0,0.3,1.636281,0.422048,0.217456,0.313214,0.034332,0.429297,0.203396
BOLIVIA,CHUQUISACA,2014-11-09,nb,3,0.75,hostvector,central,1.0,0.3,1.636281,0.670425,0.274463,0.307747,0.038447,0.726683,0.432202
BOLIVIA,CHUQUISACA,2014-11-09,nb,3,0.75,hostvector,alt,1.0,0.3,1.636281,0.76646,0.326504,0.3388,0.04574,0.725916,0.510332
BOLIVIA,CHUQUISACA,2014-11-09,nb,3,0.75,seir,central,1.0,0.3,1.636281,0.537063,0.284114,0.424214,0.050345,1.276569,0.793877
BOLIVIA,CHUQUISACA,2014-11-09,nb,3,0.75,seir,alt,1.0,0.3,1.636281,0.517305,0.303894,0.464206,0.057163,1.556794,1.031509
BOLIVIA,CHUQUISACA,2014-11-09,nb,3,0.75,hostvector_tempmort,central,1.0,0.3,1.636281,0.317313,0.21643,0.277616,0.033986,0.427767,0.202848
BOLIVIA,CHUQUISACA,2014-11-09,nb,3,0.75,hostvector_tempmort,alt,1.0,0.3,1.636281,0.422025,0.255878,0.313208,0.040398,0.429275,0.239322
BOLIVIA,CHUQUISACA,2014-11-09,nb,5,1.0,hostvector,central,1.0,0.3,1.636281,0.089512,0.184553,0.426366,0.045304,0.233488,0.096917
BOLIVIA,CHUQUISACA,2014-11-09,nb,5,1.0,hostvector,alt,1.0,0.3,1.636281,0.150755,0.216301,0.510146,0.085137,0.221291,0.107852
BOLIVIA,CHUQUISACA,2014-11-09,nb,5,1.0,seir,central,1.0,0.3,1.636281,1.115521,0.673765,-0.644651,0.23412,2.644585,3.259916
BOLIVIA,CHUQUISACA,2014-11-09,nb,5,1.0,seir,alt,1.0,0.3,1.636281,1.079277,0.653478,-0.704833,0.227954,2.988211,3.601944
BOLIVIA,CHUQUISACA,2014-11-09,nb,5,1.0,hostvector_tempmort,central,1.0,0.3,1.636281,0.0,0.154705,0.44757,0.046098,0.24356,0.085033
BOLIVIA,CHUQUISACA,2014-11-09,nb,5,1.0,hostvector_tempmort,alt,1.0,0.3,1.636281,0.0,0.060438,0.536187,0.069648,0.19876,0.027458
BOLIVIA,CHUQUISACA,2014-11-09,nb,5,0.75,hostvector,central,1.0,0.3,1.636281,0.089505,0.217164,0.426365,0.05331,0.233485,0.114042
BOLIVIA,CHUQUISACA,2014-11-09,nb,5,0.75,hostvector,alt,1.0,0.3,1.636281,0.150804,0.254523,0.510158,0.100183,0.221314,0.126924
BOLIVIA,CHUQUISACA,2014-11-09,nb,5,0.75,seir,central,1.0,0.3,1.636281,1.115595,0.796954,-0.644644,0.276483,2.645011,3.855545
BOLIVIA,CHUQUISACA,2014-11-09,nb,5,0.75,seir,alt,1.0,0.3,1.636281,1.079202,0.781608,-0.704848,0.271519,2.987714,4.30118
BOLIVIA,CHUQUISACA,2014-11-09,nb,5,0.75,hostvector_tempmort,central,1.0,0.3,1.636281,0.0,0.181895,0.44757,0.053643,0.24356,0.099991
BOLIVIA,CHUQUISACA,2014-11-09,nb,5,0.75,hostvector_tempmort,alt,1.0,0.3,1.636281,0.0,0.203227,0.536188,0.094764,0.19876,0.091941
BOLIVIA,CHUQUISACA,2014-11-09,nb,7,1.0,hostvector,central,1.0,0.3,1.636281,1.63073,0.384553,-1.003459,0.143988,3.562271,2.63766
BOLIVIA,CHUQUISACA,2014-11-09,nb,7,1.0,hostvector,alt,1.0,0.3,1.636281,2.145869,0.486963,-1.348745,0.207205,7.779283,7.22368
BOLIVIA,CHUQUISACA,2014-11-09,nb,7,1.0,seir,central,1.0,0.3,1.636281,1.482746,0.399779,-0.930183,0.151814,5.678539,4.458775
BOLIVIA,CHUQUISACA,2014-11-09,nb,7,1.0,seir,alt,1.0,0.3,1.636281,1.504386,0.434973,-1.041501,0.19844,7.327368,6.237943
BOLIVIA,CHUQUISACA,2014-11-09,nb,7,1.0,hostvector_tempmort,central,1.0,0.3,1.636281,0.966998,0.287432,-0.735228,0.109194,1.19453,0.67155
BOLIVIA,CHUQUISACA,2014-11-09,nb,7,1.0,hostvector_tempmort,alt,1.0,0.3,1.636281,1.197454,0.355045,-0.955703,0.16231,1.48606,1.026291
BOLIVIA,CHUQUISACA,2014-11-09,nb,7,0.75,hostvector,central,1.0,0.3,1.636281,1.630695,0.452501,-1.003464,0.169432,3.562011,3.103494
BOLIVIA,CHUQUISACA,2014-11-09,nb,7,0.75,hostvector,alt,1.0,0.3,1.636281,2.145594,0.572943,-1.348859,0.243814,7.774618,8.494119
BOLIVIA,CHUQUISACA,2014-11-09,nb,7,0.75,seir,central,1.0,0.3,1.636281,1.482771,0.470421,-0.930187,0.178638,5.678817,5.246902
BOLIVIA,CHUQUISACA,2014-11-09,nb,7,0.75,seir,alt,1.0,0.3,1.636281,1.504473,0.511838,-1.041516,0.233503,7.328631,7.341515
BOLIVIA,CHUQUISACA,2014-11-09,nb,7,0.75,hostvector_tempmort,central,1.0,0.3,1.636281,0.967099,0.338227,-0.735245,0.128487,1.194767,0.790381
BOLIVIA,CHUQUISACA,2014-11-09,nb,7,0.75,hostvector_tempmort,alt,1.0,0.3,1.636281,1.197402,0.417778,-0.955719,0.190996,1.485893,1.207494
BOLIVIA,CHUQUISACA,2014-11-09,poisson,3,1.0,hostvector,central,1.0,0.3,1.636281,0.621774,0.226077,0.235291,0.04314,0.671728,0.336743
BOLIVIA,CHUQUISACA,2014-11-09,poisson,3,1.0,hostvector,alt,1.0,0.3,1.636281,0.737854,0.263709,0.257032,0.048274,0.703134,0.407986
BOLIVIA,CHUQUISACA,2014-11-09,poisson,3,1.0,seir,central,1.0,0.3,1.636281,0.554709,0.236846,0.350068,0.061109,1.338277,0.709458
BOLIVIA,CHUQUISACA,2014-11-09,poisson,3,1.0,seir,alt,1.0,0.3,1.636281,0.551198,0.246701,0.382397,0.066249,1.685746,0.92752
BOLIVIA,CHUQUISACA,2014-11-09,poisson,3,1.0,hostvector_tempmort,central,1.0,0.3,1.636281,0.310317,0.181869,0.22355,0.038686,0.428773,0.17496
BOLIVIA,CHUQUISACA,2014-11-09,poisson,3,1.0,hostvector_tempmort,alt,1.0,0.3,1.636281,0.417455,0.210546,0.250311,0.043299,0.433781,0.203602
BOLIVIA,CHUQUISACA,2014-11-09,poisson,3,0.75,hostvector,central,1.0,0.3,1.636281,0.621771,0.264652,0.235291,0.050501,0.671723,0.394198
BOLIVIA,CHUQUISACA,2014-11-09,poisson,3,0.75,hostvector,alt,1.0,0.3,1.636281,0.737857,0.308707,0.257033,0.056511,0.703137,0.477605
BOLIVIA,CHUQUISACA,2014-11-09,poisson,3,0.75,seir,central,1.0,0.3,1.636281,0.554706,0.277259,0.350068,0.071537,1.338267,0.830505
BOLIVIA,CHUQUISACA,2014-11-09,poisson,3,0.75,seir,alt,1.0,0.3,1.636281,0.551199,0.288796,0.3824,0.077553,1.685752,1.085787
BOLIVIA,CHUQUISACA,2014-11-09,poisson,3,0.75,hostvector_tempmort,central,1.0,0.3,1.636281,0.310315,0.2129,0.22355,0.045287,0.428771,0.204813
BOLIVIA,CHUQUISACA,2014-11-09,poisson,3,0.75,hostvector_tempmort,alt,1.0,0.3,1.636281,0.417461,0.24647,0.25031,0.050687,0.433787,0.238346
BOLIVIA,CHUQUISACA,2014-11-09,poisson,5,1.0,hostvector,central,1.0,0.3,1.636281,0.373078,0.20465,0.457683,0.071488,0.456626,0.213184
BOLIVIA,CHUQUISACA,2014-11-09,poisson,5,1.0,hostvector,alt,1.0,0.3,1.636281,0.459521,0.233018,0.509871,0.094875,0.453146,0.239752
BOLIVIA,CHUQUISACA,2014-11-09,poisson,5,1.0,seir,central,1.0,0.3,1.636281,0.06467,0.242681,0.80904,0.097169,0.609318,0.337235
BOLIVIA,CHUQUISACA,2014-11-09,poisson,5,1.0,seir,alt,1.0,0.3,1.636281,0.0,0.037991,0.899108,0.126938,0.681242,0.092912
BOLIVIA,CHUQUISACA,2014-11-09,poisson,5,1.0,hostvector_tempmort,central,1.0,0.3,1.636281,0.542963,0.321881,-0.323621,0.114968,0.507275,0.296051
BOLIVIA,CHUQUISACA,2014-11-09,poisson,5,1.0,hostvector_tempmort,alt,1.0,0.3,1.636281,0.119608,0.193484,0.506512,0.086089,0.266414,0.118493
BOLIVIA,CHUQUISACA,2014-11-09,poisson,5,0.75,hostvector,central,1.0,0.3,1.636281,0.373077,0.239569,0.457683,0.083686,0.456625,0.249558
BOLIVIA,CHUQUISACA,2014-11-09,poisson,5,0.75,hostvector,alt,1.0,0.3,1.636281,0.459517,0.272777,0.509871,0.111063,0.453142,0.280658
BOLIVIA,CHUQUISACA,2014-11-09,poisson,5,0.75,seir,central,1.0,0.3,1.636281,0.064676,0.284089,0.809041,0.113749,0.609327,0.394782
BOLIVIA,CHUQUISACA,2014-11-09,poisson,5,0.75,seir,alt,1.0,0.3,1.636281,0.002446,0.291999,0.899207,0.142568,0.685037,0.455358
BOLIVIA,CHUQUISACA,2014-11-09,poisson,5,0.75,hostvector_tempmort,central,1.0,0.3,1.636281,0.542961,0.376448,-0.323621,0.134613,0.507273,0.346286
BOLIVIA,CHUQUISACA,2014-11-09,poisson,5,0.75,hostvector_tempmort,alt,1.0,0.3,1.636281,0.119607,0.226498,0.506511,0.100778,0.266413,0.138711
BOLIVIA,CHUQUISACA,2014-11-09,poisson,7,1.0,hostvector,central,1.0,0.3,1.636281,1.412841,0.316779,-0.797465,0.174575,2.343168,1.424431
BOLIVIA,CHUQUISACA,2014-11-09,poisson,7,1.0,hostvector,alt,1.0,0.3,1.636281,1.689069,0.374791,-1.009713,0.229223,3.231597,2.31013
BOLIVIA,CHUQUISACA,2014-11-09,poisson,7,1.0,seir,central,1.0,0.3,1.636281,1.551933,0.353042,-0.815734,0.18724,6.466095,4.437602
BOLIVIA,CHUQUISACA,2014-11-09,poisson,7,1.0,seir,alt,1.0,0.3,1.636281,1.661679,0.383731,-0.919109,0.230992,9.882509,7.310876
BOLIVIA,CHUQUISACA,2014-11-09,poisson,7,1.0,hostvector_tempmort,central,1.0,0.3,1.636281,0.976133,0.25886,-0.638825,0.142798,1.210529,0.605244
BOLIVIA,CHUQUISACA,2014-11-09,poisson,7,1.0,hostvector_tempmort,alt,1.0,0.3,1.636281,1.224834,0.313624,-0.815663,0.197364,1.553781,0.929202
BOLIVIA,CHUQUISACA,2014-11-09,poisson,7,0.75,hostvector,central,1.0,0.3,1.636281,1.412837,0.370831,-0.797464,0.204362,2.343147,1.667464
BOLIVIA,CHUQUISACA,2014-11-09,poisson,7,0.75,hostvector,alt,1.0,0.3,1.636281,1.689038,0.43874,-1.009705,0.268333,3.231392,2.704128
BOLIVIA,CHUQUISACA,2014-11-09,poisson,7,0.75,seir,central,1.0,0.3,1.636281,1.551933,0.413281,-0.815734,0.219189,6.466091,5.194779
BOLIVIA,CHUQUISACA,2014-11-09,poisson,7,0.75,seir,alt,1.0,0.3,1.636281,1.661676,0.449207,-0.919107,0.270405,9.882441,8.558254
BOLIVIA,CHUQUISACA,2014-11-09,poisson,7,0.75,hostvector_tempmort,central,1.0,0.3,1.636281,0.976136,0.30303,-0.638826,0.167163,1.210536,0.70852
BOLIVIA,CHUQUISACA,2014-11-09,poisson,7,0.75,hostvector_tempmort,alt,1.0,0.3,1.636281,1.224834,0.367137,-0.815667,0.231041,1.553778,1.087748
BOLIVIA,BENI,2017-11-19,nb,3,1.0,hostvector,central,1.0,0.3,0.190768,2.313327,2.086448,0.15343,0.088075,0.358094,0.266544
BOLIVIA,BENI,2017-11-19,nb,3,1.0,hostvector,alt,1.0,0.3,0.190768,2.983671,2.593454,0.192525,0.112977,0.365487,0.331859
BOLIVIA,BENI,2017-11-19,nb,3,1.0,seir,central,1.0,0.3,0.190768,2.229687,1.968854,0.085862,0.06699,0.79526,0.562651
BOLIVIA,BENI,2017-11-19,nb,3,1.0,seir,alt,1.0,0.3,0.190768,2.241435,2.057553,0.092538,0.067245,0.999141,0.733739
BOLIVIA,BENI,2017-11-19,nb,3,1.0,hostvector_tempmort,central,1.0,0.3,0.190768,2.349285,2.074743,0.150711,0.08699,0.365759,0.270556
BOLIVIA,BENI,2017-11-19,nb,3,1.0,hostvector_tempmort,alt,1.0,0.3,0.190768,3.002352,2.581253,0.189582,0.111593,0.370821,0.334993
BOLIVIA,BENI,2017-11-19,nb,3,0.75,hostvector,central,1.0,0.3,0.190768,1.464725,2.52052,0.121249,0.106529,0.27251,0.243865
BOLIVIA,BENI,2017-11-19,nb,3,0.75,hostvector,alt,1.0,0.3,0.190768,1.602064,3.116749,0.139254,0.133486,0.234061,0.254793
BOLIVIA,BENI,2017-11-19,nb,3,0.75,seir,central,1.0,0.3,0.190768,1.654988,2.383362,0.067776,0.082606,0.658585,0.561652
BOLIVIA,BENI,2017-11-19,nb,3,0.75,seir,alt,1.0,0.3,0.190768,1.660585,2.486982,0.072954,0.083026,0.826131,0.73047
BOLIVIA,BENI,2017-11-19,nb,3,0.75,hostvector_tempmort,central,1.0,0.3,0.190768,1.521587,2.503967,0.119118,0.105291,0.280279,0.249038
BOLIVIA,BENI,2017-11-19,nb,3,0.75,hostvector_tempmort,alt,1.0,0.3,0.190768,1.653878,3.09798,0.137348,0.131951,0.24008,0.259689
BOLIVIA,BENI,2017-11-19,nb,5,1.0,hostvector,central,1.0,0.3,0.190768,1.688471,2.117069,0.060847,0.055345,0.327084,0.251624
BOLIVIA,BENI,2017-11-19,nb,5,1.0,hostvector,alt,1.0,0.3,0.190768,1.829398,2.478765,0.077024,0.063477,0.283304,0.254434
BOLIVIA,BENI,2017-11-19,nb,5,1.0,seir,central,1.0,0.3,0.190768,2.035559,2.022094,0.036668,0.050018,0.80325,0.587917
BOLIVIA,BENI,2017-11-19,nb,5,1.0,seir,alt,1.0,0.3,0.190768,1.898901,2.074256,0.046796,0.050248,0.956525,0.716692
BOLIVIA,BENI,2017-11-19,nb,5,1.0,hostvector_tempmort,central,1.0,0.3,0.190768,1.728118,2.106646,0.059989,0.054782,0.333656,0.255292
BOLIVIA,BENI,2017-11-19,nb,5,1.0,hostvector_tempmort,alt,1.0,0.3,0.190768,1.855695,2.469973,0.076221,0.06289,0.287424,0.257112
BOLIVIA,BENI,2017-11-19,nb,5,0.75,hostvector,central,1.0,0.3,0.190768,0.826106,2.560052,0.040363,0.067505,0.242188,0.225338
BOLIVIA,BENI,2017-11-19,nb,5,0.75,hostvector,alt,1.0,0.3,0.190768,0.554646,3.002871,0.048378,0.076549,0.181296,0.197644
BOLIVIA,BENI,2017-11-19,nb,5,0.75,seir,central,1.0,0.3,0.190768,1.453087,2.436166,0.021109,0.062546,0.65573,0.577781
BOLIVIA,BENI,2017-11-19,nb,5,0.75,seir,alt,1.0,0.3,0.190768,1.333897,2.49354,0.0302,0.063062,0.785472,0.707044
BOLIVIA,BENI,2017-11-19,nb,5,0.75,hostvector_tempmort,central,1.0,0.3,0.190768,0.893592,2.541956,0.039738,0.066854,0.249526,0.230406
BOLIVIA,BENI,2017-11-19,nb,5,0.75,hostvector_tempmort,alt,1.0,0.3,0.190768,0.621428,2.9841,0.047929,0.075876,0.186618,0.20207
BOLIVIA,BENI,2017-11-19,nb,7,1.0,hostvector,central,1.0,0.3,0.190768,1.236062,2.111924,0.066496,0.045195,0.285811,0.218334
BOLIVIA,BENI,2017-11-19,nb,7,1.0,hostvector,alt,1.0,0.3,0.190768,1.240643,2.441999,0.082105,0.048913,0.236759,0.209507
BOLIVIA,BENI,2017-11-19,nb,7,1.0,seir,central,1.0,0.3,0.190768,1.683595,2.049468,0.051915,0.051051,0.723371,0.531467
BOLIVIA,BENI,2017-11-19,nb,7,1.0,seir,alt,1.0,0.3,0.190768,1.493671,2.087387,0.064641,0.05196,0.851483,0.637165
BOLIVIA,BENI,2017-11-19,nb,7,1.0,hostvector_tempmort,central,1.0,0.3,0.190768,1.276974,2.102139,0.065791,0.044832,0.291581,0.221624
BOLIVIA,BENI,2017-11-19,nb,7,1.0,hostvector_tempmort,alt,1.0,0.3,0.190768,1.268922,2.434384,0.08148,0.048572,0.240307,0.211911
BOLIVIA,BENI,2017-11-19,nb,7,0.75,hostvector,central,1.0,0.3,0.190768,0.457703,2.566608,0.051673,0.056608,0.215703,0.200491
BOLIVIA,BENI,2017-11-19,nb,7,0.75,hostvector,alt,1.0,0.3,0.190768,0.096783,2.988392,0.061568,0.060912,0.156463,0.169859
BOLIVIA,BENI,2017-11-19,nb,7,0.75,seir,central,1.0,0.3,0.190768,1.198064,2.464265,0.038288,0.065427,0.605805,0.535434
BOLIVIA,BENI,2017-11-19,nb,7,0.75,seir,alt,1.0,0.3,0.190768,1.041226,2.501645,0.050056,0.066757,0.721014,0.647055
BOLIVIA,BENI,2017-11-19,nb,7,0.75,hostvector_tempmort,central,1.0,0.3,0.190768,0.529945,2.547789,0.051077,0.05618,0.222572,0.205264
BOLIVIA,BENI,2017-11-19,nb,7,0.75,hostvector_tempmort,alt,1.0,0.3,0.190768,0.169069,2.96867,0.061113,0.060512,0.161369,0.173948
BOLIVIA,BENI,2017-11-19,poisson,3,1.0,hostvector,central,1.0,0.3,0.190768,0.0,2.316924,0.050987,0.125863,0.170258,0.143982
BOLIVIA,BENI,2017-11-19,poisson,3,1.0,hostvector,alt,1.0,0.3,0.190768,0.0,2.686108,0.047128,0.146077,0.141744,0.137132
BOLIVIA,BENI,2017-11-19,poisson,3,1.0,seir,central,1.0,0.3,0.190768,0.0,,0.0194,,0.375996,
BOLIVIA,BENI,2017-11-19,poisson,3,1.0,seir,alt,1.0,0.3,0.190768,0.0,0.131687,0.015183,0.114572,0.475916,0.078984
BOLIVIA,BENI,2017-11-19,poisson,3,1.0,hostvector_tempmort,central,1.0,0.3,0.190768,0.0,2.29885,0.04797,0.124506,0.171715,0.14411
BOLIVIA,BENI,2017-11-19,poisson,3,1.0,hostvector_tempmort,alt,1.0,0.3,0.190768,0.0,2.734201,0.04391,0.144996,0.142908,0.140555
BOLIVIA,BENI,2017-11-19,poisson,3,0.75,hostvector,central,1.0,0.3,0.190768,0.0,2.928087,0.041586,0.15301,0.171887,0.182087
BOLIVIA,BENI,2017-11-19,poisson,3,0.75,hostvector,alt,1.0,0.3,0.190768,0.0,3.392123,0.038122,0.176594,0.142837,0.173381
BOLIVIA,BENI,2017-11-19,poisson,3,0.75,seir,central,1.0,0.3,0.190768,0.0,,0.009521,,0.38003,
BOLIVIA,BENI,2017-11-19,poisson,3,0.75,seir,alt,1.0,0.3,0.190768,0.0,0.160618,0.005198,0.138746,0.480916,0.098045
BOLIVIA,BENI,2017-11-19,poisson,3,0.75,hostvector_tempmort,central,1.0,0.3,0.190768,0.0,2.942724,0.038497,0.151618,0.173369,0.184405
BOLIVIA,BENI,2017-11-19,poisson,3,0.75,hostvector_tempmort,alt,1.0,0.3,0.190768,0.0,3.477248,0.034834,0.175362,0.144021,0.178996
BOLIVIA,BENI,2017-11-19,poisson,5,1.0,hostvector,central,1.0,0.3,0.190768,0.0,1.686747,-0.070695,0.081921,0.195945,0.129327
BOLIVIA,BENI,2017-11-19,poisson,5,1.0,hostvector,alt,1.0,0.3,0.190768,0.0,2.842615,-0.085255,0.095143,0.164053,0.179998
BOLIVIA,BENI,2017-11-19,poisson,5,1.0,seir,central,1.0,0.3,0.190768,0.0,0.090809,-0.069216,0.076857,0.411244,0.036735
BOLIVIA,BENI,2017-11-19,poisson,5,1.0,seir,alt,1.0,0.3,0.190768,0.0,2.523827,-0.064181,0.090338,0.512939,0.499745
BOLIVIA,BENI,2017-11-19,poisson,5,1.0,hostvector_tempmort,central,1.0,0.3,0.190768,0.0,0.294212,-0.069372,0.072033,0.196529,0.027317
BOLIVIA,BENI,2017-11-19,poisson,5,1.0,hostvector_tempmort,alt,1.0,0.3,0.190768,0.0,2.814936,-0.083988,0.09433,0.164469,0.178653
BOLIVIA,BENI,2017-11-19,poisson,5,0.75,hostvector,central,1.0,0.3,0.190768,0.0,3.211751,-0.086361,0.103664,0.197575,0.24525
BOLIVIA,BENI,2017-11-19,poisson,5,0.75,hostvector,alt,1.0,0.3,0.190768,0.0,3.627222,-0.101741,0.113737,0.165308,0.230705
BOLIVIA,BENI,2017-11-19,poisson,5,0.75,seir,central,1.0,0.3,0.190768,0.0,3.340758,-0.087884,0.110232,0.414917,0.534765
BOLIVIA,BENI,2017-11-19,poisson,5,0.75,seir,alt,1.0,0.3,0.190768,0.0,3.408524,-0.083056,0.1101,0.517075,0.677331
BOLIVIA,BENI,2017-11-19,poisson,5,0.75,hostvector_tempmort,central,1.0,0.3,0.190768,0.0,1.013887,-0.084926,0.096473,0.198147,0.080236
BOLIVIA,BENI,2017-11-19,poisson,5,0.75,hostvector_tempmort,alt,1.0,0.3,0.190768,0.0,3.613169,-0.100434,0.112725,0.165725,0.230311
BOLIVIA,BENI,2017-11-19,poisson,7,1.0,hostvector,central,1.0,0.3,0.190768,0.0,,-0.045223,,0.185041,
BOLIVIA,BENI,2017-11-19,poisson,7,1.0,hostvector,alt,1.0,0.3,0.190768,0.0,3.165938,-0.054245,0.103812,0.153597,0.181896
BOLIVIA,BENI,2017-11-19,poisson,7,1.0,seir,central,1.0,0.3,0.190768,0.0,2.94936,-0.042101,0.120839,0.387008,0.42152
BOLIVIA,BENI,2017-11-19,poisson,7,1.0,seir,alt,1.0,0.3,0.190768,0.0,1.620573,-0.034057,0.103744,0.485647,0.293878
BOLIVIA,BENI,2017-11-19,poisson,7,1.0,hostvector_tempmort,central,1.0,0.3,0.190768,0.0,2.70732,-0.043515,0.096371,0.185733,0.187693
BOLIVIA,BENI,2017-11-19,poisson,7,1.0,hostvector_tempmort,alt,1.0,0.3,0.190768,0.0,3.178549,-0.052666,0.10338,0.154087,0.183141
BOLIVIA,BENI,2017-11-19,poisson,7,0.75,hostvector,central,1.0,0.3,0.190768,0.0,3.587398,-0.064212,0.121993,0.184678,0.247474
BOLIVIA,BENI,2017-11-19,poisson,7,0.75,hostvector,alt,1.0,0.3,0.190768,0.0,3.980966,-0.075805,0.125337,0.153278,0.228367
BOLIVIA,BENI,2017-11-19,poisson,7,0.75,seir,central,1.0,0.3,0.190768,0.0,0.264659,-0.064468,0.124226,0.384554,0.04218
BOLIVIA,BENI,2017-11-19,poisson,7,0.75,seir,alt,1.0,0.3,0.190768,0.0,2.116837,-0.056087,0.147114,0.482155,0.378026
BOLIVIA,BENI,2017-11-19,poisson,7,0.75,hostvector_tempmort,central,1.0,0.3,0.190768,0.0,,-0.062174,,0.185364,
BOLIVIA,BENI,2017-11-19,poisson,7,0.75,hostvector_tempmort,alt,1.0,0.3,0.190768,0.0,1.826633,-0.073951,0.123091,0.153761,0.10537
BOLIVIA,TARIJA,2015-01-25,nb,3,1.0,hostvector,central,1.0,0.3,15.428951,3.016228,7.278875,2.698237,57.149026,321.720248,20474.599429
BOLIVIA,TARIJA,2015-01-25,nb,3,1.0,hostvector,alt,1.0,0.3,15.428951,4.660259,4.106677,5.560606,20.427407,877.078395,31742.191722
BOLIVIA,TARIJA,2015-01-25,nb,3,1.0,seir,central,1.0,0.3,15.428951,4.614823,2.634588,8.533309,61.242744,40.894277,3969.177093
BOLIVIA,TARIJA,2015-01-25,nb,3,1.0,seir,alt,1.0,0.3,15.428951,1.581836,5.511118,-0.81171,11.700315,5095.848008,44263.042787
BOLIVIA,TARIJA,2015-01-25,nb,3,1.0,hostvector_tempmort,central,1.0,0.3,15.428951,2.289649,8.89977,2.508251,66.775834,54.698171,3984.579699
BOLIVIA,TARIJA,2015-01-25,nb,3,1.0,hostvector_tempmort,alt,1.0,0.3,15.428951,6e-06,0.025593,0.101189,0.810712,1.509517,1.999949
BOLIVIA,TARIJA,2015-01-25,nb,3,0.75,hostvector,central,1.0,0.3,15.428951,3.016005,8.911842,2.698597,70.044989,321.321379,25074.075729
BOLIVIA,TARIJA,2015-01-25,nb,3,0.75,hostvector,alt,1.0,0.3,15.428951,4.661054,5.024595,5.560162,25.019768,879.556682,38969.400213
BOLIVIA,TARIJA,2015-01-25,nb,3,0.75,seir,central,1.0,0.3,15.428951,4.614497,3.205316,8.531053,75.038647,40.987784,4870.851025
BOLIVIA,TARIJA,2015-01-25,nb,3,0.75,seir,alt,1.0,0.3,15.428951,1.583242,6.752065,-0.807021,14.328418,5084.766508,54090.172583
BOLIVIA,TARIJA,2015-01-25,nb,3,0.75,hostvector_tempmort,central,1.0,0.3,15.428951,2.28922,10.737203,2.505506,80.163696,54.850968,4787.181483
BOLIVIA,TARIJA,2015-01-25,nb,3,0.75,hostvector_tempmort,alt,1.0,0.3,15.428951,7e-06,0.031346,0.100991,0.993327,1.510088,2.451205
BOLIVIA,TARIJA,2015-01-25,nb,5,1.0,hostvector,central,1.0,0.3,15.428951,4.118904,0.919229,0.625258,0.067688,374167.527086,1009251.819192
BOLIVIA,TARIJA,2015-01-25,nb,5,1.0,hostvector,alt,1.0,0.3,15.428951,2.4862,13.109338,-0.000524,6.265598,3232.712633,121989.788689
BOLIVIA,TARIJA,2015-01-25,nb,5,1.0,seir,central,1.0,0.3,15.428951,6.724911,5.953583,1.794082,2.061559,3806326891.846077,65948062193.261055
BOLIVIA,TARIJA,2015-01-25,nb,5,1.0,seir,alt,1.0,0.3,15.428951,3.497361,0.722003,0.743577,1.242898,676862.133375,1532653.786037
BOLIVIA,TARIJA,2015-01-25,nb,5,1.0,hostvector_tempmort,central,1.0,0.3,15.428951,3.525711,0.715272,0.670199,0.049577,75588.697269,159704.098149
BOLIVIA,TARIJA,2015-01-25,nb,5,1.0,hostvector_tempmort,alt,1.0,0.3,15.428951,4.175602,3.949515,0.702162,1.115422,431941.372829,4286710.114143
BOLIVIA,TARIJA,2015-01-25,nb,5,0.75,hostvector,central,1.0,0.3,15.428951,4.118988,1.12587,0.625259,0.082908,374261.102421,1236440.324577
BOLIVIA,TARIJA,2015-01-25,nb,5,0.75,hostvector,alt,1.0,0.3,15.428951,3.248693,14.68227,0.327011,8.164894,28553.426917,1162065.846523
BOLIVIA,TARIJA,2015-01-25,nb,5,0.75,seir,central,1.0,0.3,15.428951,6.723927,7.290263,1.793835,2.52447,3795432794.743596,80524347536.29651
BOLIVIA,TARIJA,2015-01-25,nb,5,0.75,seir,alt,1.0,0.3,15.428951,4.313261,17.41717,1.166714,8.309539,5161604.384336,250821809.105154
BOLIVIA,TARIJA,2015-01-25,nb,5,0.75,hostvector_tempmort,central,1.0,0.3,15.428951,3.525697,0.876022,0.6702,0.060719,75585.467914,195587.454571
BOLIVIA,TARIJA,2015-01-25,nb,5,0.75,hostvector_tempmort,alt,1.0,0.3,15.428951,4.177277,4.828063,0.702433,1.367538,433892.690054,5260804.193193
BOLIVIA,TARIJA,2015-01-25,nb,7,1.0,hostvector,central,1.0,0.3,15.428951,3.205527,0.784919,0.464532,0.036737,31680.879814,73867.954084
BOLIVIA,TARIJA,2015-01-25,nb,7,1.0,hostvector,alt,1.0,0.3,15.428951,4.186806,1.596975,0.494817,0.566424,485628.80326,1884119.108407
BOLIVIA,TARIJA,2015-01-25,nb,7,1.0,seir,central,1.0,0.3,15.428951,2.942084,4.169344,-1.438758,2.093614,10943.466153,101802.958877
BOLIVIA,TARIJA,2015-01-25,nb,7,1.0,seir,alt,1.0,0.3,15.428951,2.042992,2.517329,-1.499107,2.47537,3320.369994,29908.54584
BOLIVIA,TARIJA,2015-01-25,nb,7,1.0,hostvector_tempmort,central,1.0,0.3,15.428951,2.513009,0.618913,0.505498,0.024248,4806.018527,8903.82353
BOLIVIA,TARIJA,2015-01-25,nb,7,1.0,hostvector_tempmort,alt,1.0,0.3,15.428951,3.545997,2.252138,0.520105,0.417064,88774.983434,530171.272047
BOLIVIA,TARIJA,2015-01-25,nb,7,0.75,hostvector,central,1.0,0.3,15.428951,3.205676,0.961401,0.464541,0.044996,31694.633391,90515.527944
BOLIVIA,TARIJA,2015-01-25,nb,7,0.75,hostvector,alt,1.0,0.3,15.428951,2.519575,8.612684,0.000804,7.42911,3538.817402,99401.004941
BOLIVIA,TARIJA,2015-01-25,nb,7,0.75,seir,central,1.0,0.3,15.428951,2.942017,5.106456,-1.438714,2.56426,10941.872954,124666.488471
BOLIVIA,TARIJA,2015-01-25,nb,7,0.75,seir,alt,1.0,0.3,15.428951,2.043059,3.083785,-1.499216,3.032035,3320.790577,36642.148288
BOLIVIA,TARIJA,2015-01-25,nb,7,0.75,hostvector_tempmort,central,1.0,0.3,15.428951,2.512791,0.757884,0.505495,0.029696,4802.860961,10895.986257
BOLIVIA,TARIJA,2015-01-25,nb,7,0.75,hostvector_tempmort,alt,1.0,0.3,15.428951,3.54811,2.755017,0.520379,0.512076,89287.224167,651979.708833
BOLIVIA,TARIJA,2015-01-25,poisson,3,1.0,hostvector,central,1.0,0.3,15.428951,2.799716,26.227999,2.509185,155.71202,233.613036,35411.05348
BOLIVIA,TARIJA,2015-01-25,poisson,3,1.0,hostvector,alt,1.0,0.3,15.428951,1.986363,11.634336,-2.065392,29.686599,10720.021378,58036.129093
BOLIVIA,TARIJA,2015-01-25,poisson,3,1.0,seir,central,1.0,0.3,15.428951,0.0,,0.1003,,7.648054,
BOLIVIA,TARIJA,2015-01-25,poisson,3,1.0,seir,alt,1.0,0.3,15.428951,0.0,0.091427,-0.339017,2.20486,21.52184,69.042682
BOLIVIA,TARIJA,2015-01-25,poisson,3,1.0,hostvector_tempmort,central,1.0,0.3,15.428951,2.428378,9.887004,2.856393,95.829618,52.147609,5970.00072
BOLIVIA,TARIJA,2015-01-25,poisson,3,1.0,hostvector_tempmort,alt,1.0,0.3,15.428951,8.855121,25.821361,-0.309188,663.190864,6806931738.491162,4708472718915.095
BOLIVIA,TARIJA,2015-01-25,poisson,3,0.75,hostvector,central,1.0,0.3,15.428951,2.799751,31.805768,2.509306,188.850101,233.596123,42947.18063
BOLIVIA,TARIJA,2015-01-25,poisson,3,0.75,hostvector,alt,1.0,0.3,15.428951,1.986286,14.119681,-2.065203,36.025769,10715.370927,70345.162039
BOLIVIA,TARIJA,2015-01-25,poisson,3,0.75,seir,central,1.0,0.3,15.428951,0.0,0.023989,0.100315,0.518633,7.647849,6.153093
BOLIVIA,TARIJA,2015-01-25,poisson,3,0.75,seir,alt,1.0,0.3,15.428951,0.0,0.061642,-0.339022,1.455931,21.522007,45.41972
BOLIVIA,TARIJA,2015-01-25,poisson,3,0.75,hostvector_tempmort,central,1.0,0.3,15.428951,2.428361,11.997407,2.856285,116.257547,52.153346,7242.9201
BOLIVIA,TARIJA,2015-01-25,poisson,3,0.75,hostvector_tempmort,alt,1.0,0.3,15.428951,8.856794,33.253996,-0.310605,898.735409,6877065867.867537,6385225323807.482
BOLIVIA,TARIJA,2015-01-25,poisson,5,1.0,hostvector,central,1.0,0.3,15.428951,1.680184,0.570431,-0.267111,0.446603,268.274359,475.879272
BOLIVIA,TARIJA,2015-01-25,poisson,5,1.0,hostvector,alt,1.0,0.3,15.428951,0.128416,0.041376,-0.861251,0.441425,2.707606,0.526677
BOLIVIA,TARIJA,2015-01-25,poisson,5,1.0,seir,central,1.0,0.3,15.428951,2.038393,0.672077,-0.400534,1.251605,2825.23985,5341.269384
BOLIVIA,TARIJA,2015-01-25,poisson,5,1.0,seir,alt,1.0,0.3,15.428951,4.040294,52.681928,-0.833505,3.157059,1459872.907061,206751574.807894
BOLIVIA,TARIJA,2015-01-25,poisson,5,1.0,hostvector_tempmort,central,1.0,0.3,15.428951,1.442652,0.515274,-0.078428,0.351778,152.661515,244.625974
BOLIVIA,TARIJA,2015-01-25,poisson,5,1.0,hostvector_tempmort,alt,1.0,0.3,15.428951,2.007553,43185.833374,-3.799983,17683.831079,374.713114,45190658.487838
BOLIVIA,TARIJA,2015-01-25,poisson,5,0.75,hostvector,central,1.0,0.3,15.428951,1.680177,0.691748,-0.267105,0.541585,268.269054,577.075871
BOLIVIA,TARIJA,2015-01-25,poisson,5,0.75,hostvector,alt,1.0,0.3,15.428951,0.128679,0.046478,-0.85761,0.498407,2.71308,0.564723
BOLIVIA,TARIJA,2015-01-25,poisson,5,0.75,seir,central,1.0,0.3,15.428951,2.038404,0.814803,-0.400359,1.517571,2825.518588,6477.078827
BOLIVIA,TARIJA,2015-01-25,poisson,5,0.75,seir,alt,1.0,0.3,15.428951,4.03955,63.862656,-0.833337,3.821127,1457029.624821,250148534.395389
BOLIVIA,TARIJA,2015-01-25,poisson,5,0.75,hostvector_tempmort,central,1.0,0.3,15.428951,1.442683,0.624874,-0.078444,0.426602,152.676276,296.686753
BOLIVIA,TARIJA,2015-01-25,poisson,5,0.75,hostvector_tempmort,alt,1.0,0.3,15.428951,1.771393,121808.996915,-4.333111,69232.211773,169.11014,58063402.379871
BOLIVIA,TARIJA,2015-01-25,poisson,7,1.0,hostvector,central,1.0,0.3,15.428951,3.963779,5.064175,-1.54251,0.548138,35114.136153,349025.559801
BOLIVIA,TARIJA,2015-01-25,poisson,7,1.0,hostvector,alt,1.0,0.3,15.428951,9.901422,10903.764912,-13.593401,181493.725656,30587623.101761,2684798385549.9604
BOLIVIA,TARIJA,2015-01-25,poisson,7,1.0,seir,central,1.0,0.3,15.428951,4.49151,5.067324,-1.46468,0.898364,788837.610587,9629842.521773
BOLIVIA,TARIJA,2015-01-25,poisson,7,1.0,seir,alt,1.0,0.3,15.428951,6.737785,76438.518294,-11.952208,259945.111315,1568367.269857,500986989395.4698
BOLIVIA,TARIJA,2015-01-25,poisson,7,1.0,hostvector_tempmort,central,1.0,0.3,15.428951,1.513515,0.421059,-0.055932,0.508977,184.593007,270.428377
BOLIVIA,TARIJA,2015-01-25,poisson,7,1.0,hostvector_tempmort,alt,1.0,0.3,15.428951,2.963257,12.953378,-1.144837,6.35646,7342.542773,289903.644713
BOLIVIA,TARIJA,2015-01-25,poisson,7,0.75,hostvector,central,1.0,0.3,15.428951,3.963652,6.141028,-1.54251,0.66476,35104.457485,423167.199868
BOLIVIA,TARIJA,2015-01-25,poisson,7,0.75,hostvector,alt,1.0,0.3,15.428951,0.154974,0.049957,-2.079522,2.146355,0.88533,1.125061
BOLIVIA,TARIJA,2015-01-25,poisson,7,0.75,seir,central,1.0,0.3,15.428951,4.491496,6.145009,-1.464681,1.089428,788808.814071,11677430.23424
BOLIVIA,TARIJA,2015-01-25,poisson,7,0.75,seir,alt,1.0,0.3,15.428951,5.164751,467252.787483,-9.394939,672857.519626,112828.475485,186944878547.20117
BOLIVIA,TARIJA,2015-01-25,poisson,7,0.75,hostvector_tempmort,central,1.0,0.3,15.428951,1.513518,0.510623,-0.055873,0.617228,184.601155,327.967208
BOLIVIA,TARIJA,2015-01-25,poisson,7,0.75,hostvector_tempmort,alt,1.0,0.3,15.428951,2.963058,15.705115,-1.144897,7.707587,7338.214812,351285.951428
BOLIVIA,BOLIVIA,2019-11-10,nb,3,1.0,hostvector,central,1.0,0.3,0.213463,1.442129,0.348906,0.27007,0.081527,0.252324,0.029941
BOLIVIA,BOLIVIA,2019-11-10,nb,3,1.0,hostvector,alt,1.0,0.3,0.213463,2.233858,0.511985,0.386748,0.105787,0.248237,0.036824
BOLIVIA,BOLIVIA,2019-11-10,nb,3,1.0,seir,central,1.0,0.3,0.213463,0.822096,0.327079,0.152362,0.078541,0.47785,0.060806
BOLIVIA,BOLIVIA,2019-11-10,nb,3,1.0,seir,alt,1.0,0.3,0.213463,0.912216,0.370097,0.136887,0.078856,0.626475,0.086036
BOLIVIA,BOLIVIA,2019-11-10,nb,3,1.0,hostvector_tempmort,central,1.0,0.3,0.213463,1.417101,0.343829,0.259749,0.079305,0.25459,0.029946
BOLIVIA,BOLIVIA,2019-11-10,nb,3,1.0,hostvector_tempmort,alt,1.0,0.3,0.213463,2.175542,0.505727,0.371224,0.103776,0.248737,0.036834
BOLIVIA,BOLIVIA,2019-11-10,nb,3,0.75,hostvector,central,1.0,0.3,0.213463,0.522832,0.595303,0.186848,0.080697,0.199151,0.037868
BOLIVIA,BOLIVIA,2019-11-10,nb,3,0.75,hostvector,alt,1.0,0.3,0.213463,0.620021,0.704368,0.227233,0.094251,0.165705,0.035778
BOLIVIA,BOLIVIA,2019-11-10,nb,3,0.75,seir,central,1.0,0.3,0.213463,0.136718,0.635156,0.104003,0.075884,0.398936,0.084873
BOLIVIA,BOLIVIA,2019-11-10,nb,3,0.75,seir,alt,1.0,0.3,0.213463,0.163312,0.653327,0.090733,0.073671,0.510021,0.111702
BOLIVIA,BOLIVIA,2019-11-10,nb,3,0.75,hostvector_tempmort,central,1.0,0.3,0.213463,0.602142,0.594031,0.185319,0.080476,0.206319,0.039158
BOLIVIA,BOLIVIA,2019-11-10,nb,3,0.75,hostvector_tempmort,alt,1.0,0.3,0.213463,0.669954,0.701445,0.223715,0.093866,0.170147,0.036669
BOLIVIA,BOLIVIA,2019-11-10,nb,5,1.0,hostvector,central,1.0,0.3,0.213463,1.479558,0.458393,-0.012862,0.04914,0.314234,0.050148
BOLIVIA,BOLIVIA,2019-11-10,nb,5,1.0,hostvector,alt,1.0,0.3,0.213463,1.968332,0.620716,-0.020191,0.06059,0.308362,0.065867
BOLIVIA,BOLIVIA,2019-11-10,nb,5,1.0,seir,central,1.0,0.3,0.213463,1.194388,0.403018,-0.043964,0.044181,0.617724,0.087195
BOLIVIA,BOLIVIA,2019-11-10,nb,5,1.0,seir,alt,1.0,0.3,0.213463,1.270544,0.46537,-0.039246,0.04501,0.793687,0.128113
BOLIVIA,BOLIVIA,2019-11-10,nb,5,1.0,hostvector_tempmort,central,1.0,0.3,0.213463,1.474719,0.450937,-0.013142,0.047753,0.316514,0.049679
BOLIVIA,BOLIVIA,2019-11-10,nb,5,1.0,hostvector_tempmort,alt,1.0,0.3,0.213463,1.948272,0.616111,-0.019937,0.059173,0.308724,0.065464
BOLIVIA,BOLIVIA,2019-11-10,nb,5,0.75,hostvector,central,1.0,0.3,0.213463,0.0,1.9e-05,0.02691,0.042962,0.188562,0.005862
BOLIVIA,BOLIVIA,2019-11-10,nb,5,0.75,hostvector,alt,1.0,0.3,0.213463,5e-06,0.931173,0.02908,0.058815,0.156264,0.051513
BOLIVIA,BOLIVIA,2019-11-10,nb,5,0.75,seir,central,1.0,0.3,0.213463,0.152461,0.774797,-0.008023,0.046754,0.433572,0.117112
BOLIVIA,BOLIVIA,2019-11-10,nb,5,0.75,seir,alt,1.0,0.3,0.213463,0.139717,0.816576,-0.002606,0.046699,0.540211,0.153746
BOLIVIA,BOLIVIA,2019-11-10,nb,5,0.75,hostvector_tempmort,central,1.0,0.3,0.213463,0.116189,0.793293,0.022452,0.050774,0.198006,0.055424
BOLIVIA,BOLIVIA,2019-11-10,nb,5,0.75,hostvector_tempmort,alt,1.0,0.3,0.213463,0.0,0.8638,0.028874,0.056403,0.157428,0.048437
BOLIVIA,BOLIVIA,2019-11-10,nb,7,1.0,hostvector,central,1.0,0.3,0.213463,2.153706,0.574695,-0.07088,0.035407,0.395474,0.074795
BOLIVIA,BOLIVIA,2019-11-10,nb,7,1.0,hostvector,alt,1.0,0.3,0.213463,2.910692,0.811633,-0.09253,0.044986,0.423784,0.112778
BOLIVIA,BOLIVIA,2019-11-10,nb,7,1.0,seir,central,1.0,0.3,0.213463,1.805663,0.498788,-0.080455,0.033076,0.746917,0.121106
BOLIVIA,BOLIVIA,2019-11-10,nb,7,1.0,seir,alt,1.0,0.3,0.213463,2.021974,0.627468,-0.081357,0.036639,1.004446,0.204523
BOLIVIA,BOLIVIA,2019-11-10,nb,7,1.0,hostvector_tempmort,central,1.0,0.3,0.213463,2.134291,0.569045,-0.068107,0.034662,0.39617,0.074214
BOLIVIA,BOLIVIA,2019-11-10,nb,7,1.0,hostvector_tempmort,alt,1.0,0.3,0.213463,2.880176,0.811132,-0.089406,0.044331,0.422582,0.112438
BOLIVIA,BOLIVIA,2019-11-10,nb,7,0.75,hostvector,central,1.0,0.3,0.213463,0.969495,1.076718,-0.040122,0.044214,0.266181,0.096835
BOLIVIA,BOLIVIA,2019-11-10,nb,7,0.75,hostvector,alt,1.0,0.3,0.213463,0.98367,1.319375,-0.045174,0.052647,0.222136,0.099019
BOLIVIA,BOLIVIA,2019-11-10,nb,7,0.75,seir,central,1.0,0.3,0.213463,1.318641,1.030222,-0.062193,0.042271,0.639616,0.219603
BOLIVIA,BOLIVIA,2019-11-10,nb,7,0.75,seir,alt,1.0,0.3,0.213463,1.270334,1.135888,-0.055014,0.045121,0.787607,0.297578
BOLIVIA,BOLIVIA,2019-11-10,nb,7,0.75,hostvector_tempmort,central,1.0,0.3,0.213463,1.106304,1.05989,-0.042687,0.043517,0.280854,0.100462
BOLIVIA,BOLIVIA,2019-11-10,nb,7,0.75,hostvector_tempmort,alt,1.0,0.3,0.213463,1.081507,1.301395,-0.046483,0.051885,0.231146,0.101528
BOLIVIA,BOLIVIA,2019-11-10,poisson,3,1.0,hostvector,central,1.0,0.3,0.213463,0.626568,0.417136,0.203303,0.068984,0.201711,0.023779
BOLIVIA,BOLIVIA,2019-11-10,poisson,3,1.0,hostvector,alt,1.0,0.3,0.213463,0.831866,0.504152,0.246966,0.078042,0.173325,0.023888
BOLIVIA,BOLIVIA,2019-11-10,poisson,3,1.0,seir,central,1.0,0.3,0.213463,0.618226,0.455762,0.231657,0.088081,0.412448,0.054363
BOLIVIA,BOLIVIA,2019-11-10,poisson,3,1.0,seir,alt,1.0,0.3,0.213463,0.718848,0.490212,0.233774,0.095329,0.532605,0.073527
BOLIVIA,BOLIVIA,2019-11-10,poisson,3,1.0,hostvector_tempmort,central,1.0,0.3,0.213463,0.746223,0.416853,0.206277,0.069424,0.210753,0.024756
BOLIVIA,BOLIVIA,2019-11-10,poisson,3,1.0,hostvector_tempmort,alt,1.0,0.3,0.213463,0.924323,0.503575,0.247513,0.078547,0.179731,0.024663
BOLIVIA,BOLIVIA,2019-11-10,poisson,3,0.75,hostvector,central,1.0,0.3,0.213463,0.590949,0.510477,0.20101,0.08315,0.199751,0.029047
BOLIVIA,BOLIVIA,2019-11-10,poisson,3,0.75,hostvector,alt,1.0,0.3,0.213463,0.768341,0.61266,0.244105,0.093494,0.170074,0.028766
BOLIVIA,BOLIVIA,2019-11-10,poisson,3,0.75,seir,central,1.0,0.3,0.213463,0.631316,0.563637,0.22959,0.106606,0.415399,0.067914
BOLIVIA,BOLIVIA,2019-11-10,poisson,3,0.75,seir,alt,1.0,0.3,0.213463,0.731716,0.605747,0.231506,0.115371,0.536433,0.091957
BOLIVIA,BOLIVIA,2019-11-10,poisson,3,0.75,hostvector_tempmort,central,1.0,0.3,0.213463,0.716749,0.510024,0.204406,0.083764,0.209041,0.030284
BOLIVIA,BOLIVIA,2019-11-10,poisson,3,0.75,hostvector_tempmort,alt,1.0,0.3,0.213463,0.867693,0.611904,0.245106,0.094194,0.176683,0.029749
BOLIVIA,BOLIVIA,2019-11-10,poisson,5,1.0,hostvector,central,1.0,0.3,0.213463,0.234256,0.45604,0.018091,0.062267,0.203983,0.033314
BOLIVIA,BOLIVIA,2019-11-10,poisson,5,1.0,hostvector,alt,1.0,0.3,0.213463,0.192004,0.542113,0.028714,0.069455,0.165727,0.032043
BOLIVIA,BOLIVIA,2019-11-10,poisson,5,1.0,seir,central,1.0,0.3,0.213463,0.301139,0.499148,-0.01482,0.068382,0.459022,0.084066
BOLIVIA,BOLIVIA,2019-11-10,poisson,5,1.0,seir,alt,1.0,0.3,0.213463,0.34385,0.523877,-0.01958,0.067994,0.588238,0.113739
BOLIVIA,BOLIVIA,2019-11-10,poisson,5,1.0,hostvector_tempmort,central,1.0,0.3,0.213463,0.351757,0.456424,0.013899,0.062494,0.214393,0.035035
BOLIVIA,BOLIVIA,2019-11-10,poisson,5,1.0,hostvector_tempmort,alt,1.0,0.3,0.213463,0.2877,0.540125,0.024434,0.069391,0.172869,0.033288
BOLIVIA,BOLIVIA,2019-11-10,poisson,5,0.75,hostvector,central,1.0,0.3,0.213463,0.197655,0.560028,0.018744,0.075511,0.201573,0.040693
BOLIVIA,BOLIVIA,2019-11-10,poisson,5,0.75,hostvector,alt,1.0,0.3,0.213463,0.130944,0.662978,0.031524,0.084203,0.162072,0.038602
BOLIVIA,BOLIVIA,2019-11-10,poisson,5,0.75,seir,central,1.0,0.3,0.213463,0.305339,0.617735,-0.016638,0.082629,0.461343,0.104812
BOLIVIA,BOLIVIA,2019-11-10,poisson,5,0.75,seir,alt,1.0,0.3,0.213463,0.351528,0.648838,-0.021355,0.082251,0.591754,0.142115
BOLIVIA,BOLIVIA,2019-11-10,poisson,5,0.75,hostvector_tempmort,central,1.0,0.3,0.213463,0.323007,0.560061,0.014238,0.07583,0.212456,0.042879
BOLIVIA,BOLIVIA,2019-11-10,poisson,5,0.75,hostvector_tempmort,alt,1.0,0.3,0.213463,0.234495,0.66037,0.026849,0.084155,0.169548,0.040204
BOLIVIA,BOLIVIA,2019-11-10,poisson,7,1.0,hostvector,central,1.0,0.3,0.213463,1.40286,0.571232,-0.109626,0.039029,0.324471,0.064294
BOLIVIA,BOLIVIA,2019-11-10,poisson,7,1.0,hostvector,alt,1.0,0.3,0.213463,1.735492,0.697052,-0.131481,0.044791,0.303225,0.072947
BOLIVIA,BOLIVIA,2019-11-10,poisson,7,1.0,seir,central,1.0,0.3,0.213463,1.658972,0.654874,-0.123217,0.043498,0.750688,0.168576
BOLIVIA,BOLIVIA,2019-11-10,poisson,7,1.0,seir,alt,1.0,0.3,0.213463,1.881723,0.729431,-0.12774,0.045742,1.010395,0.251493
BOLIVIA,BOLIVIA,2019-11-10,poisson,7,1.0,hostvector_tempmort,central,1.0,0.3,0.213463,1.528662,0.569634,-0.110668,0.038934,0.340836,0.067321
BOLIVIA,BOLIVIA,2019-11-10,poisson,7,1.0,hostvector_tempmort,alt,1.0,0.3,0.213463,1.82669,0.694708,-0.131289,0.044662,0.314546,0.075392
BOLIVIA,BOLIVIA,2019-11-10,poisson,7,0.75,hostvector,central,1.0,0.3,0.213463,1.388423,0.696313,-0.109108,0.047209,0.323085,0.078132
BOLIVIA,BOLIVIA,2019-11-10,poisson,7,0.75,hostvector,alt,1.0,0.3,0.213463,1.704097,0.84735,-0.130411,0.054076,0.300061,0.08786
BOLIVIA,BOLIVIA,2019-11-10,poisson,7,0.75,seir,central,1.0,0.3,0.213463,1.682398,0.798689,-0.123216,0.052476,0.757568,0.20762
BOLIVIA,BOLIVIA,2019-11-10,poisson,7,0.75,seir,alt,1.0,0.3,0.213463,1.902537,0.888046,-0.127501,0.055174,1.018488,0.308814
BOLIVIA,BOLIVIA,2019-11-10,poisson,7,0.75,hostvector_tempmort,central,1.0,0.3,0.213463,1.519134,0.694124,-0.110355,0.047104,0.33994,0.081912
BOLIVIA,BOLIVIA,2019-11-10,poisson,7,0.75,hostvector_tempmort,alt,1.0,0.3,0.213463,1.800388,0.84415,-0.130453,0.05392,0.311797,0.090915
BOLIVIA,PANDO,2018-12-02,nb,3,1.0,hostvector,central,1.0,0.3,0.174348,0.0,,0.249909,,0.119181,
BOLIVIA,PANDO,2018-12-02,nb,3,1.0,hostvector,alt,1.0,0.3,0.174348,0.00068,2.958665,0.345568,0.157064,0.089907,0.106597
BOLIVIA,PANDO,2018-12-02,nb,3,1.0,seir,central,1.0,0.3,0.174348,2.7e-05,2.561865,0.183186,0.09362,0.259078,0.269072
BOLIVIA,PANDO,2018-12-02,nb,3,1.0,seir,alt,1.0,0.3,0.174348,0.0,2.823215,0.187589,0.095894,0.324086,0.372068
BOLIVIA,PANDO,2018-12-02,nb,3,1.0,hostvector_tempmort,central,1.0,0.3,0.174348,0.0,,0.247349,,0.119525,
BOLIVIA,PANDO,2018-12-02,nb,3,1.0,hostvector_tempmort,alt,1.0,0.3,0.174348,8.3e-05,2.958121,0.341829,0.156046,0.090227,0.107004
BOLIVIA,PANDO,2018-12-02,nb,3,0.75,hostvector,central,1.0,0.3,0.174348,0.341717,2.85119,0.177377,0.143053,0.146456,0.173502
BOLIVIA,PANDO,2018-12-02,nb,3,0.75,hostvector,alt,1.0,0.3,0.174348,0.628542,3.437696,0.24454,0.185356,0.12786,0.180802
BOLIVIA,PANDO,2018-12-02,nb,3,0.75,seir,central,1.0,0.3,0.174348,0.478406,3.333661,0.094616,0.13331,0.340637,0.47765
BOLIVIA,PANDO,2018-12-02,nb,3,0.75,seir,alt,1.0,0.3,0.174348,0.441393,3.641225,0.093939,0.135418,0.420382,0.64337
BOLIVIA,PANDO,2018-12-02,nb,3,0.75,hostvector_tempmort,central,1.0,0.3,0.174348,0.314226,2.845317,0.172243,0.142368,0.14547,0.172042
BOLIVIA,PANDO,2018-12-02,nb,3,0.75,hostvector_tempmort,alt,1.0,0.3,0.174348,0.598664,3.432563,0.238506,0.184398,0.126943,0.179303
BOLIVIA,PANDO,2018-12-02,nb,5,1.0,hostvector,central,1.0,0.3,0.174348,0.0,2.374077,0.193408,0.107576,0.131604,0.128904
BOLIVIA,PANDO,2018-12-02,nb,5,1.0,hostvector,alt,1.0,0.3,0.174348,0.0,,0.252187,,0.103362,
BOLIVIA,PANDO,2018-12-02,nb,5,1.0,seir,central,1.0,0.3,0.174348,0.0,2.130517,0.155367,0.087124,0.278132,0.245228
BOLIVIA,PANDO,2018-12-02,nb,5,1.0,seir,alt,1.0,0.3,0.174348,0.0,2.525313,0.16168,0.093356,0.347787,0.361855
BOLIVIA,PANDO,2018-12-02,nb,5,1.0,hostvector_tempmort,central,1.0,0.3,0.174348,1.1e-05,2.381965,0.191413,0.107247,0.131872,0.129599
BOLIVIA,PANDO,2018-12-02,nb,5,1.0,hostvector_tempmort,alt,1.0,0.3,0.174348,0.0,,0.249645,,0.103609,
BOLIVIA,PANDO,2018-12-02,nb,5,0.75,hostvector,central,1.0,0.3,0.174348,2e-06,2.820945,0.068694,0.124193,0.141712,0.168466
BOLIVIA,PANDO,2018-12-02,nb,5,0.75,hostvector,alt,1.0,0.3,0.174348,0.0,3.359273,0.08952,0.15586,0.113932,0.160421
BOLIVIA,PANDO,2018-12-02,nb,5,0.75,seir,central,1.0,0.3,0.174348,0.440927,3.338878,0.013019,0.129444,0.361853,0.510595
BOLIVIA,PANDO,2018-12-02,nb,5,0.75,seir,alt,1.0,0.3,0.174348,0.432744,3.641278,0.015824,0.132456,0.450366,0.691913
BOLIVIA,PANDO,2018-12-02,nb,5,0.75,hostvector_tempmort,central,1.0,0.3,0.174348,0.0,2.830654,0.06495,0.126255,0.14214,0.168738
BOLIVIA,PANDO,2018-12-02,nb,5,0.75,hostvector_tempmort,alt,1.0,0.3,0.174348,0.0,3.363529,0.085789,0.154952,0.114272,0.161163
BOLIVIA,PANDO,2018-12-02,nb,7,1.0,hostvector,central,1.0,0.3,0.174348,0.0,2.352363,0.181616,0.101172,0.139754,0.139103
BOLIVIA,PANDO,2018-12-02,nb,7,1.0,hostvector,alt,1.0,0.3,0.174348,0.0,0.208695,0.223048,0.081339,0.111934,0.010132
BOLIVIA,PANDO,2018-12-02,nb,7,1.0,seir,central,1.0,0.3,0.174348,2e-06,2.548403,0.167056,0.092359,0.291447,0.312308
BOLIVIA,PANDO,2018-12-02,nb,7,1.0,seir,alt,1.0,0.3,0.174348,0.0,2.766064,0.176187,0.096851,0.364923,0.424378
BOLIVIA,PANDO,2018-12-02,nb,7,1.0,hostvector_tempmort,central,1.0,0.3,0.174348,1e-06,2.371472,0.180046,0.100594,0.139949,0.140489
BOLIVIA,PANDO,2018-12-02,nb,7,1.0,hostvector_tempmort,alt,1.0,0.3,0.174348,0.0,0.000133,0.22126,0.07841,0.112105,0.005868
BOLIVIA,PANDO,2018-12-02,nb,7,0.75,hostvector,central,1.0,0.3,0.174348,3e-06,2.870618,0.085992,0.11192,0.143853,0.175818
BOLIVIA,PANDO,2018-12-02,nb,7,0.75,hostvector,alt,1.0,0.3,0.174348,1.4e-05,3.451927,0.103668,0.137052,0.116315,0.171021
BOLIVIA,PANDO,2018-12-02,nb,7,0.75,seir,central,1.0,0.3,0.174348,0.45898,3.347856,0.057691,0.125645,0.36218,0.511878
BOLIVIA,PANDO,2018-12-02,nb,7,0.75,seir,alt,1.0,0.3,0.174348,0.478546,3.658248,0.066719,0.129932,0.456309,0.704011
BOLIVIA,PANDO,2018-12-02,nb,7,0.75,hostvector_tempmort,central,1.0,0.3,0.174348,3e-06,2.863726,0.082986,0.111527,0.144096,0.175673
BOLIVIA,PANDO,2018-12-02,nb,7,0.75,hostvector_tempmort,alt,1.0,0.3,0.174348,8e-06,3.447149,0.10089,0.136455,0.116506,0.17106
BOLIVIA,PANDO,2018-12-02,poisson,3,1.0,hostvector,central,1.0,0.3,0.174348,1.922246,2.313005,0.233165,0.121347,0.282632,0.269026
BOLIVIA,PANDO,2018-12-02,poisson,3,1.0,hostvector,alt,1.0,0.3,0.174348,2.522841,2.859644,0.319167,0.157813,0.279547,0.326642
BOLIVIA,PANDO,2018-12-02,poisson,3,1.0,seir,central,1.0,0.3,0.174348,1.897158,2.551981,0.170179,0.111206,0.599666,0.634156
BOLIVIA,PANDO,2018-12-02,poisson,3,1.0,seir,alt,1.0,0.3,0.174348,1.919998,2.822291,0.174044,0.115049,0.756667,0.885822
BOLIVIA,PANDO,2018-12-02,poisson,3,1.0,hostvector_tempmort,central,1.0,0.3,0.174348,1.89468,2.308145,0.228945,0.120739,0.280466,0.266452
BOLIVIA,PANDO,2018-12-02,poisson,3,1.0,hostvector_tempmort,alt,1.0,0.3,0.174348,2.499781,2.855698,0.314473,0.1571,0.278024,0.324491
BOLIVIA,PANDO,2018-12-02,poisson,3,0.75,hostvector,central,1.0,0.3,0.174348,1.937408,2.713512,0.215601,0.160028,0.288465,0.322879
BOLIVIA,PANDO,2018-12-02,poisson,3,0.75,hostvector,alt,1.0,0.3,0.174348,2.516885,3.340554,0.291062,0.201396,0.285063,0.389728
BOLIVIA,PANDO,2018-12-02,poisson,3,0.75,seir,central,1.0,0.3,0.174348,1.970491,3.012486,0.148356,0.153195,0.629142,0.790214
BOLIVIA,PANDO,2018-12-02,poisson,3,0.75,seir,alt,1.0,0.3,0.174348,1.989551,3.329875,0.152251,0.157889,0.792245,1.099971
BOLIVIA,PANDO,2018-12-02,poisson,3,0.75,hostvector_tempmort,central,1.0,0.3,0.174348,1.90981,2.707324,0.2108,0.159424,0.286381,0.319898
BOLIVIA,PANDO,2018-12-02,poisson,3,0.75,hostvector_tempmort,alt,1.0,0.3,0.174348,2.49265,3.335427,0.286129,0.200716,0.283418,0.386971
BOLIVIA,PANDO,2018-12-02,poisson,5,1.0,hostvector,central,1.0,0.3,0.174348,0.938289,2.149934,0.151262,0.116048,0.20665,0.186065
BOLIVIA,PANDO,2018-12-02,poisson,5,1.0,hostvector,alt,1.0,0.3,0.174348,1.115263,2.580917,0.192606,0.145749,0.177695,0.19113
BOLIVIA,PANDO,2018-12-02,poisson,5,1.0,seir,central,1.0,0.3,0.174348,1.144335,2.459325,0.119837,0.111608,0.471249,0.487134
BOLIVIA,PANDO,2018-12-02,poisson,5,1.0,seir,alt,1.0,0.3,0.174348,1.155495,2.714737,0.127265,0.116182,0.590692,0.673848
BOLIVIA,PANDO,2018-12-02,poisson,5,1.0,hostvector_tempmort,central,1.0,0.3,0.174348,0.922562,2.146027,0.148173,0.115436,0.205779,0.184971
BOLIVIA,PANDO,2018-12-02,poisson,5,1.0,hostvector_tempmort,alt,1.0,0.3,0.174348,1.105301,2.578365,0.189581,0.145077,0.177378,0.190638
BOLIVIA,PANDO,2018-12-02,poisson,5,0.75,hostvector,central,1.0,0.3,0.174348,1.081922,2.54963,0.113049,0.150763,0.224675,0.241759
BOLIVIA,PANDO,2018-12-02,poisson,5,0.75,hostvector,alt,1.0,0.3,0.174348,1.275258,3.049437,0.145957,0.181772,0.195591,0.250291
BOLIVIA,PANDO,2018-12-02,poisson,5,0.75,seir,central,1.0,0.3,0.174348,1.434647,2.958805,0.07025,0.157534,0.54702,0.687259
BOLIVIA,PANDO,2018-12-02,poisson,5,0.75,seir,alt,1.0,0.3,0.174348,1.429337,3.255996,0.078929,0.163139,0.679795,0.938225
BOLIVIA,PANDO,2018-12-02,poisson,5,0.75,hostvector_tempmort,central,1.0,0.3,0.174348,1.069006,2.545135,0.109216,0.150206,0.224086,0.240763
BOLIVIA,PANDO,2018-12-02,poisson,5,0.75,hostvector_tempmort,alt,1.0,0.3,0.174348,1.264306,3.045609,0.142401,0.181164,0.195209,0.249545
BOLIVIA,PANDO,2018-12-02,poisson,7,1.0,hostvector,central,1.0,0.3,0.174348,1.288347,2.189587,0.172411,0.112742,0.249254,0.232115
BOLIVIA,PANDO,2018-12-02,poisson,7,1.0,hostvector,alt,1.0,0.3,0.174348,1.678827,2.692345,0.213461,0.137516,0.237519,0.271738
BOLIVIA,PANDO,2018-12-02,poisson,7,1.0,seir,central,1.0,0.3,0.174348,1.47592,2.484134,0.159574,0.119896,0.55796,0.587855
BOLIVIA,PANDO,2018-12-02,poisson,7,1.0,seir,alt,1.0,0.3,0.174348,1.633273,2.766519,0.177107,0.126739,0.744663,0.873355
BOLIVIA,PANDO,2018-12-02,poisson,7,1.0,hostvector_tempmort,central,1.0,0.3,0.174348,1.266826,2.185043,0.169299,0.112331,0.247379,0.229896
BOLIVIA,PANDO,2018-12-02,poisson,7,1.0,hostvector_tempmort,alt,1.0,0.3,0.174348,1.66197,2.688078,0.210609,0.137094,0.236191,0.269805
BOLIVIA,PANDO,2018-12-02,poisson,7,0.75,hostvector,central,1.0,0.3,0.174348,1.360412,2.576686,0.144619,0.145391,0.259166,0.284566
BOLIVIA,PANDO,2018-12-02,poisson,7,0.75,hostvector,alt,1.0,0.3,0.174348,1.760133,3.149681,0.178867,0.170916,0.248571,0.333261
BOLIVIA,PANDO,2018-12-02,poisson,7,0.75,seir,central,1.0,0.3,0.174348,1.599306,2.948069,0.125322,0.167195,0.592133,0.741938
BOLIVIA,PANDO,2018-12-02,poisson,7,0.75,seir,alt,1.0,0.3,0.174348,1.709834,3.267228,0.147381,0.174778,0.77355,1.072843
BOLIVIA,PANDO,2018-12-02,poisson,7,0.75,hostvector_tempmort,central,1.0,0.3,0.174348,1.340559,2.571276,0.140853,0.145119,0.257437,0.282087
BOLIVIA,PANDO,2018-12-02,poisson,7,0.75,hostvector_tempmort,alt,1.0,0.3,0.174348,1.741901,3.143955,0.175597,0.170608,0.24705,0.330636
ARGENTINA,ARGENTINA,2013-12-29,nb,3,1.0,hostvector,central,1.0,0.3,0.427918,0.0,0.914487,0.262077,0.105218,0.235643,0.123277
ARGENTINA,ARGENTINA,2013-12-29,nb,3,1.0,hostvector,alt,1.0,0.3,0.427918,3e-06,0.887733,0.308145,0.117092,0.196445,0.099701
ARGENTINA,ARGENTINA,2013-12-29,nb,3,1.0,seir,central,1.0,0.3,0.427918,9e-06,1.181984,0.496011,0.155301,0.725509,0.48886
ARGENTINA,ARGENTINA,2013-12-29,nb,3,1.0,seir,alt,1.0,0.3,0.427918,5.332694,2.757534,0.229942,0.30013,4.254706,4.883819
ARGENTINA,ARGENTINA,2013-12-29,nb,3,1.0,hostvector_tempmort,central,1.0,0.3,0.427918,0.0,0.717071,0.257308,0.08516,0.236464,0.096771
ARGENTINA,ARGENTINA,2013-12-29,nb,3,1.0,hostvector_tempmort,alt,1.0,0.3,0.427918,0.0,0.589986,0.304042,0.083129,0.197194,0.066718
ARGENTINA,ARGENTINA,2013-12-29,nb,3,0.75,hostvector,central,1.0,0.3,0.427918,0.0,0.023761,0.262065,0.049306,0.235644,0.009531
ARGENTINA,ARGENTINA,2013-12-29,nb,3,0.75,hostvector,alt,1.0,0.3,0.427918,1.4e-05,1.028497,0.308063,0.136612,0.196445,0.115556
ARGENTINA,ARGENTINA,2013-12-29,nb,3,0.75,seir,central,1.0,0.3,0.427918,9e-06,1.647695,0.496009,0.21164,0.725509,0.680798
ARGENTINA,ARGENTINA,2013-12-29,nb,3,0.75,seir,alt,1.0,0.3,0.427918,5.333529,3.299961,0.230075,0.358866,4.25671,5.842756
ARGENTINA,ARGENTINA,2013-12-29,nb,3,0.75,hostvector_tempmort,central,1.0,0.3,0.427918,0.0,1.196454,0.25731,0.140853,0.236464,0.161347
ARGENTINA,ARGENTINA,2013-12-29,nb,3,0.75,hostvector_tempmort,alt,1.0,0.3,0.427918,1e-06,2.370138,0.304043,0.301258,0.197194,0.266703
ARGENTINA,ARGENTINA,2013-12-29,nb,5,1.0,hostvector,central,1.0,0.3,0.427918,1.734628,0.817845,-0.593376,0.188147,0.153887,0.15704
ARGENTINA,ARGENTINA,2013-12-29,nb,5,1.0,hostvector,alt,1.0,0.3,0.427918,2e-06,0.601277,0.841474,0.104477,0.33531,0.138972
ARGENTINA,ARGENTINA,2013-12-29,nb,5,1.0,seir,central,1.0,0.3,0.427918,1.399745,1.087777,-0.570295,0.182323,0.271586,0.139824
ARGENTINA,ARGENTINA,2013-12-29,nb,5,1.0,seir,alt,1.0,0.3,0.427918,1.381808,1.651783,-0.681995,0.267591,0.33092,0.200149
ARGENTINA,ARGENTINA,2013-12-29,nb,5,1.0,hostvector_tempmort,central,1.0,0.3,0.427918,1.183028,0.729695,-0.636753,0.185941,0.109201,0.132378
ARGENTINA,ARGENTINA,2013-12-29,nb,5,1.0,hostvector_tempmort,alt,1.0,0.3,0.427918,0.0,0.045031,0.85331,0.016552,0.339615,0.016383
ARGENTINA,ARGENTINA,2013-12-29,nb,5,0.75,hostvector,central,1.0,0.3,0.427918,1.734713,0.978663,-0.593343,0.224924,0.153898,0.188105
ARGENTINA,ARGENTINA,2013-12-29,nb,5,0.75,hostvector,alt,1.0,0.3,0.427918,1e-06,0.71993,0.841474,0.125098,0.33531,0.166396
ARGENTINA,ARGENTINA,2013-12-29,nb,5,0.75,seir,central,1.0,0.3,0.427918,1.399504,1.300018,-0.570359,0.217908,0.271539,0.167088
ARGENTINA,ARGENTINA,2013-12-29,nb,5,0.75,seir,alt,1.0,0.3,0.427918,1.381577,1.973859,-0.682044,0.319813,0.330873,0.239171
ARGENTINA,ARGENTINA,2013-12-29,nb,5,0.75,hostvector_tempmort,central,1.0,0.3,0.427918,1.182922,0.882854,-0.636772,0.221848,0.109193,0.169545
ARGENTINA,ARGENTINA,2013-12-29,nb,5,0.75,hostvector_tempmort,alt,1.0,0.3,0.427918,0.0,0.69997,0.85331,0.12132,0.339615,0.163941
ARGENTINA,ARGENTINA,2013-12-29,nb,7,1.0,hostvector,central,1.0,0.3,0.427918,3.201394,2.807013,-0.585617,0.362638,0.382784,0.32916
ARGENTINA,ARGENTINA,2013-12-29,nb,7,1.0,hostvector,alt,1.0,0.3,0.427918,4.429754,3.630363,-0.979564,0.522343,0.44472,0.542309
ARGENTINA,ARGENTINA,2013-12-29,nb,7,1.0,seir,central,1.0,0.3,0.427918,0.113104,1.405988,-0.572601,0.156437,0.362397,0.205418
ARGENTINA,ARGENTINA,2013-12-29,nb,7,1.0,seir,alt,1.0,0.3,0.427918,1.188158,3.619051,-0.83303,0.28791,0.644421,0.837239
ARGENTINA,ARGENTINA,2013-12-29,nb,7,1.0,hostvector_tempmort,central,1.0,0.3,0.427918,3.3e-05,0.937776,-0.625347,0.151412,0.143007,0.059626
ARGENTINA,ARGENTINA,2013-12-29,nb,7,1.0,hostvector_tempmort,alt,1.0,0.3,0.427918,4.235609,4.565776,-0.927445,0.598524,0.414104,0.652201
ARGENTINA,ARGENTINA,2013-12-29,nb,7,0.75,hostvector,central,1.0,0.3,0.427918,3.201405,3.353876,-0.585663,0.433062,0.38278,0.39343
ARGENTINA,ARGENTINA,2013-12-29,nb,7,0.75,hostvector,alt,1.0,0.3,0.427918,4.429729,4.335477,-0.979525,0.619194,0.444721,0.645615
ARGENTINA,ARGENTINA,2013-12-29,nb,7,0.75,seir,central,1.0,0.3,0.427918,0.112834,1.682093,-0.572587,0.18697,0.362362,0.24573
ARGENTINA,ARGENTINA,2013-12-29,nb,7,0.75,seir,alt,1.0,0.3,0.427918,1.191159,4.330292,-0.833,0.344144,0.645165,1.002748
ARGENTINA,ARGENTINA,2013-12-29,nb,7,0.75,hostvector_tempmort,central,1.0,0.3,0.427918,5.2e-05,1.127495,-0.625336,0.181139,0.14301,0.071661
ARGENTINA,ARGENTINA,2013-12-29,nb,7,0.75,hostvector_tempmort,alt,1.0,0.3,0.427918,1.960093,2.432598,-1.035644,0.322526,0.232616,0.226335
ARGENTINA,ARGENTINA,2013-12-29,poisson,3,1.0,hostvector,central,1.0,0.3,0.427918,0.0,1.666264,0.470613,0.284872,0.253682,0.246869
ARGENTINA,ARGENTINA,2013-12-29,poisson,3,1.0,hostvector,alt,1.0,0.3,0.427918,0.0,1.690572,0.624055,0.306741,0.226235,0.224007
ARGENTINA,ARGENTINA,2013-12-29,poisson,3,1.0,seir,central,1.0,0.3,0.427918,0.0,1.44364,0.818791,0.269178,0.845183,0.704926
ARGENTINA,ARGENTINA,2013-12-29,poisson,3,1.0,seir,alt,1.0,0.3,0.427918,1.261499,1.835707,-0.197922,0.251606,0.426799,0.352621
ARGENTINA,ARGENTINA,2013-12-29,poisson,3,1.0,hostvector_tempmort,central,1.0,0.3,0.427918,0.0,1.794726,0.468418,0.303797,0.25426,0.266296
ARGENTINA,ARGENTINA,2013-12-29,poisson,3,1.0,hostvector_tempmort,alt,1.0,0.3,0.427918,0.0,1.522615,0.621953,0.291331,0.226697,0.204294
ARGENTINA,ARGENTINA,2013-12-29,poisson,3,0.75,hostvector,central,1.0,0.3,0.427918,0.0,1.255679,0.470611,0.231556,0.253681,0.186815
ARGENTINA,ARGENTINA,2013-12-29,poisson,3,0.75,hostvector,alt,1.0,0.3,0.427918,0.0,2.943225,0.624056,0.518297,0.226235,0.391498
ARGENTINA,ARGENTINA,2013-12-29,poisson,3,0.75,seir,central,1.0,0.3,0.427918,0.0,2.154789,0.818824,0.419379,0.845202,1.079419
ARGENTINA,ARGENTINA,2013-12-29,poisson,3,0.75,seir,alt,1.0,0.3,0.427918,1.261587,2.179994,-0.197909,0.298583,0.426821,0.418453
ARGENTINA,ARGENTINA,2013-12-29,poisson,3,0.75,hostvector_tempmort,central,1.0,0.3,0.427918,0.0,2.275203,0.468391,0.383979,0.254255,0.337722
ARGENTINA,ARGENTINA,2013-12-29,poisson,3,0.75,hostvector_tempmort,alt,1.0,0.3,0.427918,0.0,2.953021,0.621953,0.519535,0.226696,0.393489
ARGENTINA,ARGENTINA,2013-12-29,poisson,5,1.0,hostvector,central,1.0,0.3,0.427918,0.05255,0.35616,-0.662902,0.186282,0.050952,0.120823
ARGENTINA,ARGENTINA,2013-12-29,poisson,5,1.0,hostvector,alt,1.0,0.3,0.427918,0.0,,0.538375,,0.243209,
ARGENTINA,ARGENTINA,2013-12-29,poisson,5,1.0,seir,central,1.0,0.3,0.427918,0.069364,1.073964,-0.63705,0.248923,0.168358,0.075527
ARGENTINA,ARGENTINA,2013-12-29,poisson,5,1.0,seir,alt,1.0,0.3,0.427918,0.035455,0.899766,-0.676649,0.279843,0.21963,0.09074
ARGENTINA,ARGENTINA,2013-12-29,poisson,5,1.0,hostvector_tempmort,central,1.0,0.3,0.427918,0.0,1.044312,-0.634778,0.2787,0.051134,0.122228
ARGENTINA,ARGENTINA,2013-12-29,poisson,5,1.0,hostvector_tempmort,alt,1.0,0.3,0.427918,0.0,0.685338,0.549221,0.308083,0.246029,0.126643
ARGENTINA,ARGENTINA,2013-12-29,poisson,5,0.75,hostvector,central,1.0,0.3,0.427918,0.049424,0.438793,-0.663598,0.222665,0.050824,0.143139
ARGENTINA,ARGENTINA,2013-12-29,poisson,5,0.75,hostvector,alt,1.0,0.3,0.427918,0.0,0.754392,0.538371,0.367562,0.243207,0.142803
ARGENTINA,ARGENTINA,2013-12-29,poisson,5,0.75,seir,central,1.0,0.3,0.427918,0.068174,1.29926,-0.637085,0.295907,0.168324,0.090138
ARGENTINA,ARGENTINA,2013-12-29,poisson,5,0.75,seir,alt,1.0,0.3,0.427918,0.03259,1.112769,-0.676794,0.332672,0.21948,0.108978
ARGENTINA,ARGENTINA,2013-12-29,poisson,5,0.75,hostvector_tempmort,central,1.0,0.3,0.427918,0.0,1.085603,-0.634777,0.305488,0.051135,0.143681
ARGENTINA,ARGENTINA,2013-12-29,poisson,5,0.75,hostvector_tempmort,alt,1.0,0.3,0.427918,0.0,0.8245,0.549221,0.359807,0.246029,0.149465
ARGENTINA,ARGENTINA,2013-12-29,poisson,7,1.0,hostvector,central,1.0,0.3,0.427918,0.0,0.558156,-0.807695,0.209287,0.124804,0.02758
ARGENTINA,ARGENTINA,2013-12-29,poisson,7,1.0,hostvector,alt,1.0,0.3,0.427918,0.0,0.681225,-0.981878,0.26448,0.09478,0.026267
ARGENTINA,ARGENTINA,2013-12-29,poisson,7,1.0,seir,central,1.0,0.3,0.427918,0.0,2.647572,-0.74888,0.374234,0.303281,0.277441
ARGENTINA,ARGENTINA,2013-12-29,poisson,7,1.0,seir,alt,1.0,0.3,0.427918,0.0,2.143006,-0.8624,0.401013,0.380267,0.282597
ARGENTINA,ARGENTINA,2013-12-29,poisson,7,1.0,hostvector_tempmort,central,1.0,0.3,0.427918,0.0,2.230971,-0.788018,0.406624,0.125824,0.101319
ARGENTINA,ARGENTINA,2013-12-29,poisson,7,1.0,hostvector_tempmort,alt,1.0,0.3,0.427918,0.0,2.300295,-0.960637,0.485523,0.095692,0.080292
ARGENTINA,ARGENTINA,2013-12-29,poisson,7,0.75,hostvector,central,1.0,0.3,0.427918,0.0,0.72141,-0.807671,0.249518,0.124805,0.035446
ARGENTINA,ARGENTINA,2013-12-29,poisson,7,0.75,hostvector,alt,1.0,0.3,0.427918,0.0,0.928262,-0.98171,0.323966,0.094784,0.034952
ARGENTINA,ARGENTINA,2013-12-29,poisson,7,0.75,seir,central,1.0,0.3,0.427918,0.0,3.239169,-0.74888,0.457582,0.303281,0.338923
ARGENTINA,ARGENTINA,2013-12-29,poisson,7,0.75,seir,alt,1.0,0.3,0.427918,0.0,1.775719,-0.862397,0.463466,0.380267,0.230194
ARGENTINA,ARGENTINA,2013-12-29,poisson,7,0.75,hostvector_tempmort,central,1.0,0.3,0.427918,0.0,1.321759,-0.788018,0.302759,0.125824,0.061671
ARGENTINA,ARGENTINA,2013-12-29,poisson,7,0.75,hostvector_tempmort,alt,1.0,0.3,0.427918,0.0,3.249196,-0.960636,0.652296,0.095692,0.113386
BOLIVIA,CHUQUISACA,2016-11-20,nb,3,1.0,hostvector,central,1.0,0.3,2.055566,0.0,0.884031,0.084834,0.42712,0.347036,0.528215
BOLIVIA,CHUQUISACA,2016-11-20,nb,3,1.0,hostvector,alt,1.0,0.3,2.055566,2e-06,1.42813,0.32092,0.872441,0.362816,0.809047
BOLIVIA,CHUQUISACA,2016-11-20,nb,3,1.0,seir,central,1.0,0.3,2.055566,1.25111,0.989528,-0.49551,0.920158,5.341102,8.285015
BOLIVIA,CHUQUISACA,2016-11-20,nb,3,1.0,seir,alt,1.0,0.3,2.055566,1.430511,1.389272,-0.040828,1.208831,13.862879,28.009143
BOLIVIA,CHUQUISACA,2016-11-20,nb,3,1.0,hostvector_tempmort,central,1.0,0.3,2.055566,0.0,0.694991,0.109843,0.534561,0.392456,0.432212
BOLIVIA,CHUQUISACA,2016-11-20,nb,3,1.0,hostvector_tempmort,alt,1.0,0.3,2.055566,0.0,0.94756,0.322281,0.653965,0.396062,0.615872
BOLIVIA,CHUQUISACA,2016-11-20,nb,3,0.75,hostvector,central,1.0,0.3,2.055566,1e-06,1.09529,0.084749,0.515451,0.347015,0.654883
BOLIVIA,CHUQUISACA,2016-11-20,nb,3,0.75,hostvector,alt,1.0,0.3,2.055566,0.0,1.10151,0.320964,0.88087,0.362827,0.645279
BOLIVIA,CHUQUISACA,2016-11-20,nb,3,0.75,seir,central,1.0,0.3,2.055566,1.251107,1.191549,-0.495549,1.108021,5.340909,9.976117
BOLIVIA,CHUQUISACA,2016-11-20,nb,3,0.75,seir,alt,1.0,0.3,2.055566,1.429297,1.672672,-0.039328,1.45547,13.84893,33.688449
BOLIVIA,CHUQUISACA,2016-11-20,nb,3,0.75,hostvector_tempmort,central,1.0,0.3,2.055566,0.0,0.749935,0.109755,0.618569,0.392431,0.473224
BOLIVIA,CHUQUISACA,2016-11-20,nb,3,0.75,hostvector_tempmort,alt,1.0,0.3,2.055566,0.0,1.518239,0.322293,0.934738,0.396065,0.940764
BOLIVIA,CHUQUISACA,2016-11-20,nb,5,1.0,hostvector,central,1.0,0.3,2.055566,8e-06,0.845354,0.076976,0.651666,0.349596,0.53989
BOLIVIA,CHUQUISACA,2016-11-20,nb,5,1.0,hostvector,alt,1.0,0.3,2.055566,4e-05,1.070783,0.156442,1.365432,0.328894,0.641907
BOLIVIA,CHUQUISACA,2016-11-20,nb,5,1.0,seir,central,1.0,0.3,2.055566,0.937556,1.343404,-5.408042,3.439013,0.027206,0.145186
BOLIVIA,CHUQUISACA,2016-11-20,nb,5,1.0,seir,alt,1.0,0.3,2.055566,0.527802,1.486416,-7.586757,2.942934,0.002061,0.010185
BOLIVIA,CHUQUISACA,2016-11-20,nb,5,1.0,hostvector_tempmort,central,1.0,0.3,2.055566,2e-06,0.808184,0.090368,0.843718,0.39244,0.516259
BOLIVIA,CHUQUISACA,2016-11-20,nb,5,1.0,hostvector_tempmort,alt,1.0,0.3,2.055566,2e-06,0.98524,0.183372,1.334657,0.367065,0.6441
BOLIVIA,CHUQUISACA,2016-11-20,nb,5,0.75,hostvector,central,1.0,0.3,2.055566,2e-06,1.021348,0.076868,0.784886,0.349559,0.651903
BOLIVIA,CHUQUISACA,2016-11-20,nb,5,0.75,hostvector,alt,1.0,0.3,2.055566,0.000128,1.29155,0.156395,1.644426,0.328933,0.774484
BOLIVIA,CHUQUISACA,2016-11-20,nb,5,0.75,seir,central,1.0,0.3,2.055566,0.937492,1.617636,-5.407666,4.141254,0.027212,0.17487
BOLIVIA,CHUQUISACA,2016-11-20,nb,5,0.75,seir,alt,1.0,0.3,2.055566,0.527696,1.789874,-7.586984,3.543683,0.00206,0.012259
BOLIVIA,CHUQUISACA,2016-11-20,nb,5,0.75,hostvector_tempmort,central,1.0,0.3,2.055566,2e-06,0.965283,0.090178,1.014332,0.392374,0.617733
BOLIVIA,CHUQUISACA,2016-11-20,nb,5,0.75,hostvector_tempmort,alt,1.0,0.3,2.055566,2.1e-05,1.190733,0.183132,1.607729,0.366997,0.777263
BOLIVIA,CHUQUISACA,2016-11-20,nb,7,1.0,hostvector,central,1.0,0.3,2.055566,0.0,0.514136,-1.621054,2.873158,0.074013,0.237505
BOLIVIA,CHUQUISACA,2016-11-20,nb,7,1.0,hostvector,alt,1.0,0.3,2.055566,0.0,0.031553,-2.79225,3.495966,0.022498,0.071679
BOLIVIA,CHUQUISACA,2016-11-20,nb,7,1.0,seir,central,1.0,0.3,2.055566,0.0,1.538417,-3.122831,3.845059,0.045006,0.276542
BOLIVIA,CHUQUISACA,2016-11-20,nb,7,1.0,seir,alt,1.0,0.3,2.055566,0.0,0.930896,-5.789779,4.411773,0.005205,0.027425
BOLIVIA,CHUQUISACA,2016-11-20,nb,7,1.0,hostvector_tempmort,central,1.0,0.3,2.055566,0.0,0.786212,-0.970648,2.606142,0.148287,0.523821
BOLIVIA,CHUQUISACA,2016-11-20,nb,7,1.0,hostvector_tempmort,alt,1.0,0.3,2.055566,0.0,0.411522,-2.489367,3.304737,0.032189,0.108535
BOLIVIA,CHUQUISACA,2016-11-20,nb,7,0.75,hostvector,central,1.0,0.3,2.055566,0.0,0.802318,-1.621383,3.742905,0.073991,0.330685
BOLIVIA,CHUQUISACA,2016-11-20,nb,7,0.75,hostvector,alt,1.0,0.3,2.055566,0.0,0.625387,-2.792552,4.570397,0.022492,0.106473
BOLIVIA,CHUQUISACA,2016-11-20,nb,7,0.75,seir,central,1.0,0.3,2.055566,0.0,1.735566,-3.122809,4.355857,0.045007,0.31118
BOLIVIA,CHUQUISACA,2016-11-20,nb,7,0.75,seir,alt,1.0,0.3,2.055566,0.0,1.804624,-5.789968,6.53299,0.005205,0.045749
BOLIVIA,CHUQUISACA,2016-11-20,nb,7,0.75,hostvector_tempmort,central,1.0,0.3,2.055566,0.0,1.514057,-0.970488,4.262221,0.148309,0.953015
BOLIVIA,CHUQUISACA,2016-11-20,nb,7,0.75,hostvector_tempmort,alt,1.0,0.3,2.055566,0.0,1.69583,-2.489279,5.986215,0.032192,0.262443
BOLIVIA,CHUQUISACA,2016-11-20,poisson,3,1.0,hostvector,central,1.0,0.3,2.055566,0.0,0.280832,-1.864954,1.011235,0.088763,0.073211
BOLIVIA,CHUQUISACA,2016-11-20,poisson,3,1.0,hostvector,alt,1.0,0.3,2.055566,0.0,0.139421,-1.579149,0.996581,0.095145,0.070132
BOLIVIA,CHUQUISACA,2016-11-20,poisson,3,1.0,seir,central,1.0,0.3,2.055566,0.0,0.996691,-2.045684,1.502347,0.182313,0.323668
BOLIVIA,CHUQUISACA,2016-11-20,poisson,3,1.0,seir,alt,1.0,0.3,2.055566,0.0,0.029965,-1.320769,1.998576,0.406443,0.608946
BOLIVIA,CHUQUISACA,2016-11-20,poisson,3,1.0,hostvector_tempmort,central,1.0,0.3,2.055566,0.0,0.811742,-1.824672,1.075485,0.099193,0.135515
BOLIVIA,CHUQUISACA,2016-11-20,poisson,3,1.0,hostvector_tempmort,alt,1.0,0.3,2.055566,0.0,1.070896,-1.573159,1.088456,0.102403,0.180326
BOLIVIA,CHUQUISACA,2016-11-20,poisson,3,0.75,hostvector,central,1.0,0.3,2.055566,0.0,0.803935,-1.86512,1.249643,0.088752,0.130674
BOLIVIA,CHUQUISACA,2016-11-20,poisson,3,0.75,hostvector,alt,1.0,0.3,2.055566,0.0,0.592048,-1.580735,1.214144,0.095034,0.11793
BOLIVIA,CHUQUISACA,2016-11-20,poisson,3,0.75,seir,central,1.0,0.3,2.055566,0.0,1.455498,-2.045674,1.855327,0.182314,0.442335
BOLIVIA,CHUQUISACA,2016-11-20,poisson,3,0.75,seir,alt,1.0,0.3,2.055566,0.0,0.010902,-1.320756,1.772759,0.406447,0.532248
BOLIVIA,CHUQUISACA,2016-11-20,poisson,3,0.75,hostvector_tempmort,central,1.0,0.3,2.055566,0.0,1.185782,-1.824676,1.340577,0.099193,0.188021
BOLIVIA,CHUQUISACA,2016-11-20,poisson,3,0.75,hostvector_tempmort,alt,1.0,0.3,2.055566,0.0,0.954375,-1.573159,1.24612,0.102403,0.170505
BOLIVIA,CHUQUISACA,2016-11-20,poisson,5,1.0,hostvector,central,1.0,0.3,2.055566,1e-06,0.868409,-5.193467,2.344425,0.002517,0.00777
BOLIVIA,CHUQUISACA,2016-11-20,poisson,5,1.0,hostvector,alt,1.0,0.3,2.055566,0.0,0.839002,-6.621127,2.545275,0.000578,0.001716
BOLIVIA,CHUQUISACA,2016-11-20,poisson,5,1.0,seir,central,1.0,0.3,2.055566,0.0,1.088752,-4.953644,3.090929,0.007316,0.029735
BOLIVIA,CHUQUISACA,2016-11-20,poisson,5,1.0,seir,alt,1.0,0.3,2.055566,0.0,0.466105,-5.81247,2.985232,0.004204,0.012983
BOLIVIA,CHUQUISACA,2016-11-20,poisson,5,1.0,hostvector_tempmort,central,1.0,0.3,2.055566,1.1e-05,0.851777,-4.343919,2.284293,0.006139,0.018494
BOLIVIA,CHUQUISACA,2016-11-20,poisson,5,1.0,hostvector_tempmort,alt,1.0,0.3,2.055566,0.0,1.072581,-5.673069,2.534021,0.001525,0.004834
BOLIVIA,CHUQUISACA,2016-11-20,poisson,5,0.75,hostvector,central,1.0,0.3,2.055566,0.0,1.049142,-5.193785,2.802749,0.002516,0.009327
BOLIVIA,CHUQUISACA,2016-11-20,poisson,5,0.75,hostvector,alt,1.0,0.3,2.055566,0.0,1.268364,-6.622203,3.042119,0.000577,0.002227
BOLIVIA,CHUQUISACA,2016-11-20,poisson,5,0.75,seir,central,1.0,0.3,2.055566,1e-06,1.308171,-4.954098,3.695541,0.007312,0.035615
BOLIVIA,CHUQUISACA,2016-11-20,poisson,5,0.75,seir,alt,1.0,0.3,2.055566,0.0,1.512072,-5.812563,3.586984,0.004204,0.019969
BOLIVIA,CHUQUISACA,2016-11-20,poisson,5,0.75,hostvector_tempmort,central,1.0,0.3,2.055566,1.9e-05,1.018082,-4.343696,2.730461,0.00614,0.02211
BOLIVIA,CHUQUISACA,2016-11-20,poisson,5,0.75,hostvector_tempmort,alt,1.0,0.3,2.055566,0.0,1.281898,-5.672774,3.028999,0.001525,0.005777
BOLIVIA,CHUQUISACA,2016-11-20,poisson,7,1.0,hostvector,central,1.0,0.3,2.055566,0.011096,0.002755,2.785752,0.263606,4.20906,1.202749
BOLIVIA,CHUQUISACA,2016-11-20,poisson,7,1.0,hostvector,alt,1.0,0.3,2.055566,0.012608,0.015145,2.548147,0.059155,2.999084,0.688611
BOLIVIA,CHUQUISACA,2016-11-20,poisson,7,1.0,seir,central,1.0,0.3,2.055566,0.0,1.148759,0.955038,2.35062,1.974868,8.021523
BOLIVIA,CHUQUISACA,2016-11-20,poisson,7,1.0,seir,alt,1.0,0.3,2.055566,0.0,0.053664,0.671959,3.35865,2.012223,6.197235
BOLIVIA,CHUQUISACA,2016-11-20,poisson,7,1.0,hostvector_tempmort,central,1.0,0.3,2.055566,0.012511,0.008262,2.91658,,5.308915,
BOLIVIA,CHUQUISACA,2016-11-20,poisson,7,1.0,hostvector_tempmort,alt,1.0,0.3,2.055566,0.006989,0.000177,2.914897,0.037924,4.515645,0.125874
BOLIVIA,CHUQUISACA,2016-11-20,poisson,7,0.75,hostvector,central,1.0,0.3,2.055566,0.011104,,2.786131,0.479425,4.211086,
BOLIVIA,CHUQUISACA,2016-11-20,poisson,7,0.75,hostvector,alt,1.0,0.3,2.055566,0.012612,,2.548898,,3.001237,
BOLIVIA,CHUQUISACA,2016-11-20,poisson,7,0.75,seir,central,1.0,0.3,2.055566,0.0,0.032504,0.961394,1.79459,1.986659,3.381938
BOLIVIA,CHUQUISACA,2016-11-20,poisson,7,0.75,seir,alt,1.0,0.3,2.055566,0.0,,0.672929,,2.01404,
BOLIVIA,CHUQUISACA,2016-11-20,poisson,7,0.75,hostvector_tempmort,central,1.0,0.3,2.055566,0.012559,0.000306,2.916798,0.107841,5.31061,0.403975
BOLIVIA,CHUQUISACA,2016-11-20,poisson,7,0.75,hostvector_tempmort,alt,1.0,0.3,2.055566,0.006985,0.000317,2.915131,0.085641,4.519221,0.200257
BOLIVIA,TARIJA,2019-12-01,nb,3,1.0,hostvector,central,1.0,0.3,6.258277,0.0,0.652197,-0.662406,1.020912,0.501325,0.928574
BOLIVIA,TARIJA,2019-12-01,nb,3,1.0,hostvector,alt,1.0,0.3,6.258277,0.106524,1.680473,-1.075628,1.394992,0.70305,3.577866
BOLIVIA,TARIJA,2019-12-01,nb,3,1.0,seir,central,1.0,0.3,6.258277,0.395189,1.989224,-0.949661,1.204199,4.115656,23.098118
BOLIVIA,TARIJA,2019-12-01,nb,3,1.0,seir,alt,1.0,0.3,6.258277,0.903003,1.94016,-1.658682,1.704553,28.666187,167.942807
BOLIVIA,TARIJA,2019-12-01,nb,3,1.0,hostvector_tempmort,central,1.0,0.3,6.258277,0.000139,1.496489,-0.631234,0.96248,0.595382,2.552495
BOLIVIA,TARIJA,2019-12-01,nb,3,1.0,hostvector_tempmort,alt,1.0,0.3,6.258277,0.133438,1.482533,-1.018254,1.274292,0.859178,3.864968
BOLIVIA,TARIJA,2019-12-01,nb,3,0.75,hostvector,central,1.0,0.3,6.258277,0.0,0.011466,-0.658821,1.319399,0.500765,0.250362
BOLIVIA,TARIJA,2019-12-01,nb,3,0.75,hostvector,alt,1.0,0.3,6.258277,0.107993,2.020381,-1.0759,1.677192,0.706049,4.319899
BOLIVIA,TARIJA,2019-12-01,nb,3,0.75,seir,central,1.0,0.3,6.258277,0.397296,2.392493,-0.950197,1.448871,4.140571,27.951009
BOLIVIA,TARIJA,2019-12-01,nb,3,0.75,seir,alt,1.0,0.3,6.258277,0.910608,2.33541,-1.66355,2.053305,29.335815,206.901504
BOLIVIA,TARIJA,2019-12-01,nb,3,0.75,hostvector_tempmort,central,1.0,0.3,6.258277,0.0,,-0.63106,,0.595121,
BOLIVIA,TARIJA,2019-12-01,nb,3,0.75,hostvector_tempmort,alt,1.0,0.3,6.258277,0.1315,1.780599,-1.01719,1.530135,0.854144,4.614646
BOLIVIA,TARIJA,2019-12-01,nb,5,1.0,hostvector,central,1.0,0.3,6.258277,0.024494,1.194128,0.709326,0.824016,0.380623,1.188988
BOLIVIA,TARIJA,2019-12-01,nb,5,1.0,hostvector,alt,1.0,0.3,6.258277,5e-06,0.527169,0.820277,0.778853,0.32169,0.448277
BOLIVIA,TARIJA,2019-12-01,nb,5,1.0,seir,central,1.0,0.3,6.258277,0.010665,0.408666,0.812408,0.420327,0.995486,1.095365
BOLIVIA,TARIJA,2019-12-01,nb,5,1.0,seir,alt,1.0,0.3,6.258277,0.285894,1.544521,0.982704,0.527537,2.755547,11.724825
BOLIVIA,TARIJA,2019-12-01,nb,5,1.0,hostvector_tempmort,central,1.0,0.3,6.258277,0.0,,0.561269,,0.453692,
BOLIVIA,TARIJA,2019-12-01,nb,5,1.0,hostvector_tempmort,alt,1.0,0.3,6.258277,2.9e-05,1.260787,0.68544,0.602229,0.389546,1.331751
BOLIVIA,TARIJA,2019-12-01,nb,5,0.75,hostvector,central,1.0,0.3,6.258277,0.025564,1.437376,0.709933,0.992534,0.381673,1.434894
BOLIVIA,TARIJA,2019-12-01,nb,5,0.75,hostvector,alt,1.0,0.3,6.258277,2e-06,1.802561,0.82036,1.298168,0.321683,1.519729
BOLIVIA,TARIJA,2019-12-01,nb,5,0.75,seir,central,1.0,0.3,6.258277,0.016207,0.509462,0.811545,0.507913,1.010673,1.387631
BOLIVIA,TARIJA,2019-12-01,nb,5,0.75,seir,alt,1.0,0.3,6.258277,0.286536,1.856679,0.982642,0.63409,2.760421,14.11927
BOLIVIA,TARIJA,2019-12-01,nb,5,0.75,hostvector_tempmort,central,1.0,0.3,6.258277,0.0,1.1e-05,0.561251,0.630428,0.453689,0.071649
BOLIVIA,TARIJA,2019-12-01,nb,5,0.75,hostvector_tempmort,alt,1.0,0.3,6.258277,9e-06,1.502396,0.685184,0.721543,0.389536,1.586912
BOLIVIA,TARIJA,2019-12-01,nb,7,1.0,hostvector,central,1.0,0.3,6.258277,0.000255,1.83004,0.433686,0.593229,0.5272,2.768206
BOLIVIA,TARIJA,2019-12-01,nb,7,1.0,hostvector,alt,1.0,0.3,6.258277,3.3e-05,1.703661,0.699993,0.722643,0.57268,2.926371
BOLIVIA,TARIJA,2019-12-01,nb,7,1.0,seir,central,1.0,0.3,6.258277,0.0,5.1e-05,0.547315,0.514982,1.410501,0.573594
BOLIVIA,TARIJA,2019-12-01,nb,7,1.0,seir,alt,1.0,0.3,6.258277,0.101265,1.604816,0.91103,0.59475,3.185491,14.894912
BOLIVIA,TARIJA,2019-12-01,nb,7,1.0,hostvector_tempmort,central,1.0,0.3,6.258277,0.0,0.010573,0.399665,0.704941,0.621466,0.345126
BOLIVIA,TARIJA,2019-12-01,nb,7,1.0,hostvector_tempmort,alt,1.0,0.3,6.258277,1.3e-05,1.398929,0.647916,0.573161,0.64378,2.68299
BOLIVIA,TARIJA,2019-12-01,nb,7,0.75,hostvector,central,1.0,0.3,6.258277,0.001054,2.203473,0.433827,0.713473,0.528383,3.340577
BOLIVIA,TARIJA,2019-12-01,nb,7,0.75,hostvector,alt,1.0,0.3,6.258277,8e-06,2.031426,0.700038,0.865965,0.572655,3.489979
BOLIVIA,TARIJA,2019-12-01,nb,7,0.75,seir,central,1.0,0.3,6.258277,0.0,0.217085,0.548281,0.565468,1.4114,0.937392
BOLIVIA,TARIJA,2019-12-01,nb,7,0.75,seir,alt,1.0,0.3,6.258277,0.096501,1.928111,0.911039,0.714373,3.143228,17.658393
BOLIVIA,TARIJA,2019-12-01,nb,7,0.75,hostvector_tempmort,central,1.0,0.3,6.258277,0.00036,1.916034,0.399953,0.600356,0.622141,3.409068
BOLIVIA,TARIJA,2019-12-01,nb,7,0.75,hostvector_tempmort,alt,1.0,0.3,6.258277,9.9e-05,1.696906,0.647352,0.690905,0.643666,3.25352
BOLIVIA,TARIJA,2019-12-01,poisson,3,1.0,hostvector,central,1.0,0.3,6.258277,0.0,0.335572,-0.131868,0.369226,0.443602,0.41105
BOLIVIA,TARIJA,2019-12-01,poisson,3,1.0,hostvector,alt,1.0,0.3,6.258277,0.0,0.019817,-0.166528,0.477019,0.401157,0.046511
BOLIVIA,TARIJA,2019-12-01,poisson,3,1.0,seir,central,1.0,0.3,6.258277,0.0,0.008471,-0.4877,0.465644,1.202443,0.109573
BOLIVIA,TARIJA,2019-12-01,poisson,3,1.0,seir,alt,1.0,0.3,6.258277,0.0,0.042964,-0.705771,0.572403,1.663965,0.294137
BOLIVIA,TARIJA,2019-12-01,poisson,3,1.0,hostvector_tempmort,central,1.0,0.3,6.258277,0.0,0.01227,-0.138082,0.42232,0.531642,0.033862
BOLIVIA,TARIJA,2019-12-01,poisson,3,1.0,hostvector_tempmort,alt,1.0,0.3,6.258277,0.0,0.408447,-0.193566,0.433784,0.465916,0.538662
BOLIVIA,TARIJA,2019-12-01,poisson,3,0.75,hostvector,central,1.0,0.3,6.258277,0.0,0.257503,-0.131869,0.425519,0.443606,0.316548
BOLIVIA,TARIJA,2019-12-01,poisson,3,0.75,hostvector,alt,1.0,0.3,6.258277,0.0,0.012481,-0.166405,0.559769,0.401147,0.050987
BOLIVIA,TARIJA,2019-12-01,poisson,3,0.75,seir,central,1.0,0.3,6.258277,0.0,0.013117,-0.487695,0.508425,1.20244,0.130027
BOLIVIA,TARIJA,2019-12-01,poisson,3,0.75,seir,alt,1.0,0.3,6.258277,0.0,0.431014,-0.705783,0.685022,1.66397,2.040907
BOLIVIA,TARIJA,2019-12-01,poisson,3,0.75,hostvector_tempmort,central,1.0,0.3,6.258277,0.0,0.081443,-0.138038,0.804578,0.53164,0.069025
BOLIVIA,TARIJA,2019-12-01,poisson,3,0.75,hostvector_tempmort,alt,1.0,0.3,6.258277,0.0,0.119584,-0.193604,0.513707,0.465921,0.167397
BOLIVIA,TARIJA,2019-12-01,poisson,5,1.0,hostvector,central,1.0,0.3,6.258277,0.0,0.210205,-0.348361,0.501487,0.508771,0.315544
BOLIVIA,TARIJA,2019-12-01,poisson,5,1.0,hostvector,alt,1.0,0.3,6.258277,0.0,,-0.021272,,0.397623,
BOLIVIA,TARIJA,2019-12-01,poisson,5,1.0,seir,central,1.0,0.3,6.258277,0.0,0.351069,-0.368245,0.646556,1.367707,1.381915
BOLIVIA,TARIJA,2019-12-01,poisson,5,1.0,seir,alt,1.0,0.3,6.258277,0.0,0.545496,0.304525,0.665465,1.362814,2.09515
BOLIVIA,TARIJA,2019-12-01,poisson,5,1.0,hostvector_tempmort,central,1.0,0.3,6.258277,0.0,0.233197,-0.271354,0.455222,0.590313,0.395757
BOLIVIA,TARIJA,2019-12-01,poisson,5,1.0,hostvector_tempmort,alt,1.0,0.3,6.258277,0.0,0.40989,0.030059,0.515386,0.450693,0.520185
BOLIVIA,TARIJA,2019-12-01,poisson,5,0.75,hostvector,central,1.0,0.3,6.258277,0.0,0.273886,-0.348387,0.598214,0.508777,0.405066
BOLIVIA,TARIJA,2019-12-01,poisson,5,0.75,hostvector,alt,1.0,0.3,6.258277,0.0,0.359566,-0.021303,0.679648,0.39763,0.411527
BOLIVIA,TARIJA,2019-12-01,poisson,5,0.75,seir,central,1.0,0.3,6.258277,0.0,,-0.368224,,1.367695,
BOLIVIA,TARIJA,2019-12-01,poisson,5,0.75,seir,alt,1.0,0.3,6.258277,0.0,0.599042,0.304519,0.792198,1.362816,2.308377
BOLIVIA,TARIJA,2019-12-01,poisson,5,0.75,hostvector_tempmort,central,1.0,0.3,6.258277,0.0,0.030517,-0.271355,0.541847,0.590314,0.150945
BOLIVIA,TARIJA,2019-12-01,poisson,5,0.75,hostvector_tempmort,alt,1.0,0.3,6.258277,0.0,0.419723,0.030172,0.612579,0.450672,0.536791
BOLIVIA,TARIJA,2019-12-01,poisson,7,1.0,hostvector,central,1.0,0.3,6.258277,0.0,0.025226,0.049547,0.210794,0.442375,0.047042
BOLIVIA,TARIJA,2019-12-01,poisson,7,1.0,hostvector,alt,1.0,0.3,6.258277,0.0,0.375711,0.076714,0.276351,0.399512,0.424145
BOLIVIA,TARIJA,2019-12-01,poisson,7,1.0,seir,central,1.0,0.3,6.258277,0.0,0.420295,0.26022,0.276623,1.203742,1.393949
BOLIVIA,TARIJA,2019-12-01,poisson,7,1.0,seir,alt,1.0,0.3,6.258277,0.0,0.309916,0.404002,0.331265,1.666601,1.468607
BOLIVIA,TARIJA,2019-12-01,poisson,7,1.0,hostvector_tempmort,central,1.0,0.3,6.258277,0.0,0.250354,0.055466,0.197404,0.530228,0.367992
BOLIVIA,TARIJA,2019-12-01,poisson,7,1.0,hostvector_tempmort,alt,1.0,0.3,6.258277,0.0,0.36699,0.095595,0.253426,0.464201,0.482399
BOLIVIA,TARIJA,2019-12-01,poisson,7,0.75,hostvector,central,1.0,0.3,6.258277,0.0,,0.049585,,0.442372,
BOLIVIA,TARIJA,2019-12-01,poisson,7,0.75,hostvector,alt,1.0,0.3,6.258277,0.0,0.50545,0.076719,0.330488,0.399512,0.56947
BOLIVIA,TARIJA,2019-12-01,poisson,7,0.75,seir,central,1.0,0.3,6.258277,0.0,0.509762,0.260215,0.328097,1.203739,1.6936
BOLIVIA,TARIJA,2019-12-01,poisson,7,0.75,seir,alt,1.0,0.3,6.258277,0.0,0.672003,0.40399,0.39772,1.666593,3.167758
BOLIVIA,TARIJA,2019-12-01,poisson,7,0.75,hostvector_tempmort,central,1.0,0.3,6.258277,0.0,0.276449,0.055478,0.236103,0.53023,0.405298
BOLIVIA,TARIJA,2019-12-01,poisson,7,0.75,hostvector_tempmort,alt,1.0,0.3,6.258277,0.0,0.451492,0.095582,0.302665,0.464198,0.59256
BOLIVIA,BENI,2018-08-19,nb,3,1.0,hostvector,central,1.0,0.3,0.1686,1.830071,0.737284,0.335161,0.038562,0.219725,0.050425
BOLIVIA,BENI,2018-08-19,nb,3,1.0,hostvector,alt,1.0,0.3,0.1686,2.530969,0.9288,0.409671,0.048253,0.215582,0.062087
BOLIVIA,BENI,2018-08-19,nb,3,1.0,seir,central,1.0,0.3,0.1686,1.350417,0.709298,0.303201,0.036203,0.390399,0.08664
BOLIVIA,BENI,2018-08-19,nb,3,1.0,seir,alt,1.0,0.3,0.1686,1.439138,0.759692,0.307484,0.037642,0.5032,0.119404
BOLIVIA,BENI,2018-08-19,nb,3,1.0,hostvector_tempmort,central,1.0,0.3,0.1686,1.893569,0.733757,0.321939,0.038486,0.229239,0.052217
BOLIVIA,BENI,2018-08-19,nb,3,1.0,hostvector_tempmort,alt,1.0,0.3,0.1686,2.599793,0.911776,0.396809,0.047609,0.225386,0.063504
BOLIVIA,BENI,2018-08-19,nb,3,0.75,hostvector,central,1.0,0.3,0.1686,1.744032,1.02201,0.337953,0.05354,0.214139,0.068033
BOLIVIA,BENI,2018-08-19,nb,3,0.75,hostvector,alt,1.0,0.3,0.1686,1.696754,1.189022,0.371616,0.061323,0.166682,0.061844
BOLIVIA,BENI,2018-08-19,nb,3,0.75,seir,central,1.0,0.3,0.1686,2.618152,1.107761,0.376937,0.056818,0.579601,0.199004
BOLIVIA,BENI,2018-08-19,nb,3,0.75,seir,alt,1.0,0.3,0.1686,2.657284,1.124761,0.376726,0.057242,0.73591,0.25658
BOLIVIA,BENI,2018-08-19,nb,3,0.75,hostvector_tempmort,central,1.0,0.3,0.1686,2.050978,0.991315,0.337125,0.05267,0.240868,0.073943
BOLIVIA,BENI,2018-08-19,nb,3,0.75,hostvector_tempmort,alt,1.0,0.3,0.1686,1.997643,1.151483,0.369726,0.060342,0.187321,0.066983
BOLIVIA,BENI,2018-08-19,nb,5,1.0,hostvector,central,1.0,0.3,0.1686,0.804348,0.633225,0.260824,0.029554,0.17186,0.03532
BOLIVIA,BENI,2018-08-19,nb,5,1.0,hostvector,alt,1.0,0.3,0.1686,1.117825,0.813914,0.30564,0.036983,0.15225,0.040269
BOLIVIA,BENI,2018-08-19,nb,5,1.0,seir,central,1.0,0.3,0.1686,0.487964,0.592182,0.24647,0.027746,0.317746,0.060888
BOLIVIA,BENI,2018-08-19,nb,5,1.0,seir,alt,1.0,0.3,0.1686,0.46322,0.61765,0.24576,0.028092,0.395292,0.078966
BOLIVIA,BENI,2018-08-19,nb,5,1.0,hostvector_tempmort,central,1.0,0.3,0.1686,0.881893,0.620471,0.250242,0.029076,0.179307,0.036019
BOLIVIA,BENI,2018-08-19,nb,5,1.0,hostvector_tempmort,alt,1.0,0.3,0.1686,1.196828,0.791438,0.295428,0.036244,0.15891,0.040747
BOLIVIA,BENI,2018-08-19,nb,5,0.75,hostvector,central,1.0,0.3,0.1686,0.075964,0.858471,0.236694,0.039035,0.135804,0.038168
BOLIVIA,BENI,2018-08-19,nb,5,0.75,hostvector,alt,1.0,0.3,0.1686,2e-06,1.00429,0.263063,0.044395,0.105836,0.03494
BOLIVIA,BENI,2018-08-19,nb,5,0.75,seir,central,1.0,0.3,0.1686,0.207178,0.932579,0.24482,0.041749,0.291028,0.088472
BOLIVIA,BENI,2018-08-19,nb,5,0.75,seir,alt,1.0,0.3,0.1686,0.098968,0.945416,0.23914,0.041854,0.352183,0.108602
BOLIVIA,BENI,2018-08-19,nb,5,0.75,hostvector_tempmort,central,1.0,0.3,0.1686,0.377688,0.836533,0.235163,0.03884,0.152509,0.041615
BOLIVIA,BENI,2018-08-19,nb,5,0.75,hostvector_tempmort,alt,1.0,0.3,0.1686,0.217238,0.972715,0.258184,0.043942,0.115671,0.036844
BOLIVIA,BENI,2018-08-19,nb,7,1.0,hostvector,central,1.0,0.3,0.1686,0.0,0.625925,0.204671,0.026253,0.139543,0.029048
BOLIVIA,BENI,2018-08-19,nb,7,1.0,hostvector,alt,1.0,0.3,0.1686,0.0,0.797739,0.231481,0.031811,0.11265,0.030047
BOLIVIA,BENI,2018-08-19,nb,7,1.0,seir,central,1.0,0.3,0.1686,1e-06,0.616195,0.202152,0.02578,0.285201,0.057917
BOLIVIA,BENI,2018-08-19,nb,7,1.0,seir,alt,1.0,0.3,0.1686,3e-06,0.634118,0.202036,0.025908,0.357469,0.074643
BOLIVIA,BENI,2018-08-19,nb,7,1.0,hostvector_tempmort,central,1.0,0.3,0.1686,0.008965,0.597636,0.194514,0.025272,0.141916,0.028159
BOLIVIA,BENI,2018-08-19,nb,7,1.0,hostvector_tempmort,alt,1.0,0.3,0.1686,0.041897,0.760527,0.222123,0.030747,0.115785,0.029375
BOLIVIA,BENI,2018-08-19,nb,7,0.75,hostvector,central,1.0,0.3,0.1686,0.0,0.583336,0.199863,0.031546,0.139582,0.027199
BOLIVIA,BENI,2018-08-19,nb,7,0.75,hostvector,alt,1.0,0.3,0.1686,0.0,0.07178,0.221807,0.032024,0.112559,0.003866
BOLIVIA,BENI,2018-08-19,nb,7,0.75,seir,central,1.0,0.3,0.1686,0.0,0.928485,0.206381,0.038709,0.286262,0.088653
BOLIVIA,BENI,2018-08-19,nb,7,0.75,seir,alt,1.0,0.3,0.1686,0.0,,0.206342,,0.358808,
BOLIVIA,BENI,2018-08-19,nb,7,0.75,hostvector_tempmort,central,1.0,0.3,0.1686,0.0,0.028385,0.190533,0.027496,0.141568,0.002542
BOLIVIA,BENI,2018-08-19,nb,7,0.75,hostvector_tempmort,alt,1.0,0.3,0.1686,0.0,0.930605,0.212739,0.039394,0.114111,0.035662
BOLIVIA,BENI,2018-08-19,poisson,3,1.0,hostvector,central,1.0,0.3,0.1686,1.511496,2.589732,0.212364,0.106457,0.233525,0.195914
BOLIVIA,BENI,2018-08-19,poisson,3,1.0,hostvector,alt,1.0,0.3,0.1686,1.873391,3.21887,0.24064,0.126474,0.213567,0.223534
BOLIVIA,BENI,2018-08-19,poisson,3,1.0,seir,central,1.0,0.3,0.1686,1.763439,2.383148,0.259913,0.103762,0.496009,0.37689
BOLIVIA,BENI,2018-08-19,poisson,3,1.0,seir,alt,1.0,0.3,0.1686,2.3938,2.615128,0.290935,0.111361,0.74798,0.619985
BOLIVIA,BENI,2018-08-19,poisson,3,1.0,hostvector_tempmort,central,1.0,0.3,0.1686,1.464196,2.505167,0.207559,0.103343,0.232188,0.1882
BOLIVIA,BENI,2018-08-19,poisson,3,1.0,hostvector_tempmort,alt,1.0,0.3,0.1686,1.810945,3.098545,0.236402,0.122501,0.210893,0.212218
BOLIVIA,BENI,2018-08-19,poisson,3,0.75,hostvector,central,1.0,0.3,0.1686,1.136666,3.84807,0.20284,0.146226,0.20796,0.259566
BOLIVIA,BENI,2018-08-19,poisson,3,0.75,hostvector,alt,1.0,0.3,0.1686,0.823329,4.413838,0.208505,0.158881,0.15276,0.220805
BOLIVIA,BENI,2018-08-19,poisson,3,0.75,seir,central,1.0,0.3,0.1686,3.31285,3.615677,0.323858,0.153477,0.809099,0.924669
BOLIVIA,BENI,2018-08-19,poisson,3,0.75,seir,alt,1.0,0.3,0.1686,3.994664,3.667165,0.356563,0.156351,1.238767,1.42974
BOLIVIA,BENI,2018-08-19,poisson,3,0.75,hostvector_tempmort,central,1.0,0.3,0.1686,1.172605,3.703244,0.20094,0.142119,0.212348,0.254622
BOLIVIA,BENI,2018-08-19,poisson,3,0.75,hostvector_tempmort,alt,1.0,0.3,0.1686,0.827919,4.243829,0.206384,0.154626,0.154179,0.213885
BOLIVIA,BENI,2018-08-19,poisson,5,1.0,hostvector,central,1.0,0.3,0.1686,1.005401,1.434148,0.211318,0.046974,0.190481,0.091042
BOLIVIA,BENI,2018-08-19,poisson,5,1.0,hostvector,alt,1.0,0.3,0.1686,1.203123,1.73297,0.23482,0.054465,0.16439,0.095291
BOLIVIA,BENI,2018-08-19,poisson,5,1.0,seir,central,1.0,0.3,0.1686,0.644473,1.337815,0.218397,0.045192,0.341849,0.151463
BOLIVIA,BENI,2018-08-19,poisson,5,1.0,seir,alt,1.0,0.3,0.1686,0.61749,1.360404,0.21666,0.04463,0.424248,0.191154
BOLIVIA,BENI,2018-08-19,poisson,5,1.0,hostvector_tempmort,central,1.0,0.3,0.1686,1.044935,1.418467,0.206679,0.046456,0.19543,0.092102
BOLIVIA,BENI,2018-08-19,poisson,5,1.0,hostvector_tempmort,alt,1.0,0.3,0.1686,1.225405,1.704543,0.230272,0.053801,0.167503,0.095212
BOLIVIA,BENI,2018-08-19,poisson,5,0.75,hostvector,central,1.0,0.3,0.1686,0.586585,1.913201,0.203593,0.057165,0.16591,0.105847
BOLIVIA,BENI,2018-08-19,poisson,5,0.75,hostvector,alt,1.0,0.3,0.1686,0.54224,2.257908,0.222127,0.06506,0.131937,0.099853
BOLIVIA,BENI,2018-08-19,poisson,5,0.75,seir,central,1.0,0.3,0.1686,0.541401,1.861303,0.218033,0.056522,0.331148,0.204126
BOLIVIA,BENI,2018-08-19,poisson,5,0.75,seir,alt,1.0,0.3,0.1686,0.497202,1.867298,0.215639,0.055701,0.408566,0.252798
BOLIVIA,BENI,2018-08-19,poisson,5,0.75,hostvector_tempmort,central,1.0,0.3,0.1686,0.708098,1.871103,0.20046,0.056582,0.175,0.108827
BOLIVIA,BENI,2018-08-19,poisson,5,0.75,hostvector_tempmort,alt,1.0,0.3,0.1686,0.644038,2.203348,0.218805,0.064413,0.138151,0.101668
BOLIVIA,BENI,2018-08-19,poisson,7,1.0,hostvector,central,1.0,0.3,0.1686,0.0,0.314377,0.134343,0.029586,0.144746,0.01653
BOLIVIA,BENI,2018-08-19,poisson,7,1.0,hostvector,alt,1.0,0.3,0.1686,0.0,1.444339,0.148226,0.034023,0.117649,0.059139
BOLIVIA,BENI,2018-08-19,poisson,7,1.0,seir,central,1.0,0.3,0.1686,0.0,0.077516,0.13926,0.030714,0.296892,0.013255
BOLIVIA,BENI,2018-08-19,poisson,7,1.0,seir,alt,1.0,0.3,0.1686,0.0,1.224552,0.139127,0.030498,0.372314,0.157706
BOLIVIA,BENI,2018-08-19,poisson,7,1.0,hostvector_tempmort,central,1.0,0.3,0.1686,0.0,0.08068,0.131328,0.028585,0.146148,0.006359
BOLIVIA,BENI,2018-08-19,poisson,7,1.0,hostvector_tempmort,alt,1.0,0.3,0.1686,0.0,1.390287,0.145235,0.033255,0.118693,0.057236
BOLIVIA,BENI,2018-08-19,poisson,7,0.75,hostvector,central,1.0,0.3,0.1686,0.0,1.624325,0.1341,0.035024,0.145089,0.081806
BOLIVIA,BENI,2018-08-19,poisson,7,0.75,hostvector,alt,1.0,0.3,0.1686,0.0,0.186342,0.147513,0.04004,0.117919,0.009881
BOLIVIA,BENI,2018-08-19,poisson,7,0.75,seir,central,1.0,0.3,0.1686,0.0,1.660118,0.141843,0.036229,0.297931,0.171196
BOLIVIA,BENI,2018-08-19,poisson,7,0.75,seir,alt,1.0,0.3,0.1686,0.0,1.654299,0.142269,0.036021,0.373527,0.213884
BOLIVIA,BENI,2018-08-19,poisson,7,0.75,hostvector_tempmort,central,1.0,0.3,0.1686,0.0,0.340297,0.131366,0.033231,0.146502,0.017926
BOLIVIA,BENI,2018-08-19,poisson,7,0.75,hostvector_tempmort,alt,1.0,0.3,0.1686,0.0,0.128715,0.144788,0.037656,0.118971,0.007291
BOLIVIA,SANTA CRUZ,2017-12-03,nb,3,1.0,hostvector,central,1.0,0.3,0.205624,1.284331,1.779808,0.436041,0.143218,0.18575,0.171788
BOLIVIA,SANTA CRUZ,2017-12-03,nb,3,1.0,hostvector,alt,1.0,0.3,0.205624,2.254428,1.504904,0.466238,0.160738,0.225941,0.182163
BOLIVIA,SANTA CRUZ,2017-12-03,nb,3,1.0,seir,central,1.0,0.3,0.205624,0.858736,1.768616,0.370492,0.073555,0.372274,0.308293
BOLIVIA,SANTA CRUZ,2017-12-03,nb,3,1.0,seir,alt,1.0,0.3,0.205624,1.141344,1.930764,0.40887,0.074585,0.516247,0.454006
BOLIVIA,SANTA CRUZ,2017-12-03,nb,3,1.0,hostvector_tempmort,central,1.0,0.3,0.205624,1.208476,1.835688,0.431623,0.141731,0.181144,0.171787
BOLIVIA,SANTA CRUZ,2017-12-03,nb,3,1.0,hostvector_tempmort,alt,1.0,0.3,0.205624,2.166635,1.568958,0.466888,0.161623,0.218008,0.182379
BOLIVIA,SANTA CRUZ,2017-12-03,nb,3,0.75,hostvector,central,1.0,0.3,0.205624,1.227808,2.163397,0.439759,0.172698,0.180428,0.202859
BOLIVIA,SANTA CRUZ,2017-12-03,nb,3,0.75,hostvector,alt,1.0,0.3,0.205624,2.179443,1.838178,0.472253,0.194778,0.217218,0.214229
BOLIVIA,SANTA CRUZ,2017-12-03,nb,3,0.75,seir,central,1.0,0.3,0.205624,0.847891,2.100255,0.370646,0.087078,0.370431,0.364274
BOLIVIA,SANTA CRUZ,2017-12-03,nb,3,0.75,seir,alt,1.0,0.3,0.205624,1.134905,2.287444,0.408879,0.088239,0.514781,0.536343
BOLIVIA,SANTA CRUZ,2017-12-03,nb,3,0.75,hostvector_tempmort,central,1.0,0.3,0.205624,1.163795,2.217787,0.434437,0.170161,0.177054,0.202877
BOLIVIA,SANTA CRUZ,2017-12-03,nb,3,0.75,hostvector_tempmort,alt,1.0,0.3,0.205624,2.103634,1.906258,0.471809,0.195102,0.210942,0.214645
BOLIVIA,SANTA CRUZ,2017-12-03,nb,5,1.0,hostvector,central,1.0,0.3,0.205624,9e-06,2.023856,0.370378,0.148168,0.139417,0.135708
BOLIVIA,SANTA CRUZ,2017-12-03,nb,5,1.0,hostvector,alt,1.0,0.3,0.205624,4e-06,1.951309,0.431192,0.16299,0.109754,0.104322
BOLIVIA,SANTA CRUZ,2017-12-03,nb,5,1.0,seir,central,1.0,0.3,0.205624,0.0,0.000289,0.391804,0.066503,0.314597,0.023289
BOLIVIA,SANTA CRUZ,2017-12-03,nb,5,1.0,seir,alt,1.0,0.3,0.205624,4e-06,2.054025,0.471886,0.09184,0.381403,0.353387
BOLIVIA,SANTA CRUZ,2017-12-03,nb,5,1.0,hostvector_tempmort,central,1.0,0.3,0.205624,7e-06,2.003942,0.367943,0.144138,0.140081,0.134698
BOLIVIA,SANTA CRUZ,2017-12-03,nb,5,1.0,hostvector_tempmort,alt,1.0,0.3,0.205624,9e-06,2.080998,0.429252,0.169083,0.110264,0.111407
BOLIVIA,SANTA CRUZ,2017-12-03,nb,5,0.75,hostvector,central,1.0,0.3,0.205624,0.0,2.054584,0.369936,0.152615,0.139465,0.137629
BOLIVIA,SANTA CRUZ,2017-12-03,nb,5,0.75,hostvector,alt,1.0,0.3,0.205624,0.0,0.01521,0.429367,0.077533,0.109911,0.010417
BOLIVIA,SANTA CRUZ,2017-12-03,nb,5,0.75,seir,central,1.0,0.3,0.205624,0.0,,0.391712,,0.314617,
BOLIVIA,SANTA CRUZ,2017-12-03,nb,5,0.75,seir,alt,1.0,0.3,0.205624,0.0,,0.471788,,0.381428,
BOLIVIA,SANTA CRUZ,2017-12-03,nb,5,0.75,hostvector_tempmort,central,1.0,0.3,0.205624,5.9e-05,2.486272,0.367619,0.177238,0.140119,0.167077
BOLIVIA,SANTA CRUZ,2017-12-03,nb,5,0.75,hostvector_tempmort,alt,1.0,0.3,0.205624,0.0,1.571816,0.427873,0.136613,0.110383,0.084554
BOLIVIA,SANTA CRUZ,2017-12-03,nb,7,1.0,hostvector,central,1.0,0.3,0.205624,0.483772,2.911234,0.340469,0.260089,0.204776,0.272722
BOLIVIA,SANTA CRUZ,2017-12-03,nb,7,1.0,hostvector,alt,1.0,0.3,0.205624,0.275682,3.667322,0.39603,0.333324,0.150896,0.253494
BOLIVIA,SANTA CRUZ,2017-12-03,nb,7,1.0,seir,central,1.0,0.3,0.205624,0.0,0.000637,0.572068,0.086618,0.364863,0.021059
BOLIVIA,SANTA CRUZ,2017-12-03,nb,7,1.0,seir,alt,1.0,0.3,0.205624,0.0,0.014876,0.68921,0.091795,0.449182,0.025958
BOLIVIA,SANTA CRUZ,2017-12-03,nb,7,1.0,hostvector_tempmort,central,1.0,0.3,0.205624,0.506879,2.869342,0.341626,0.255842,0.207293,0.27194
BOLIVIA,SANTA CRUZ,2017-12-03,nb,7,1.0,hostvector_tempmort,alt,1.0,0.3,0.205624,0.266374,3.662624,0.399583,0.332015,0.150564,0.252428
BOLIVIA,SANTA CRUZ,2017-12-03,nb,7,0.75,hostvector,central,1.0,0.3,0.205624,0.468737,3.477547,0.341537,0.31052,0.203404,0.323593
BOLIVIA,SANTA CRUZ,2017-12-03,nb,7,0.75,hostvector,alt,1.0,0.3,0.205624,0.208172,4.558282,0.400683,0.413067,0.14643,0.305713
BOLIVIA,SANTA CRUZ,2017-12-03,nb,7,0.75,seir,central,1.0,0.3,0.205624,5.9e-05,2.922551,0.57204,0.226279,0.364876,0.479337
BOLIVIA,SANTA CRUZ,2017-12-03,nb,7,0.75,seir,alt,1.0,0.3,0.205624,0.0,,0.689193,,0.449185,
BOLIVIA,SANTA CRUZ,2017-12-03,nb,7,0.75,hostvector_tempmort,central,1.0,0.3,0.205624,0.497915,3.415404,0.342239,0.304405,0.206468,0.322402
BOLIVIA,SANTA CRUZ,2017-12-03,nb,7,0.75,hostvector_tempmort,alt,1.0,0.3,0.205624,0.214608,4.498103,0.403176,0.406848,0.147133,0.302916
BOLIVIA,SANTA CRUZ,2017-12-03,poisson,3,1.0,hostvector,central,1.0,0.3,0.205624,0.19189,2.527905,0.35226,0.162445,0.130091,0.170014
BOLIVIA,SANTA CRUZ,2017-12-03,poisson,3,1.0,hostvector,alt,1.0,0.3,0.205624,0.787965,2.45593,0.366056,0.193624,0.138438,0.18054
BOLIVIA,SANTA CRUZ,2017-12-03,poisson,3,1.0,seir,central,1.0,0.3,0.205624,0.553569,2.15745,0.366394,0.081613,0.329775,0.33587
BOLIVIA,SANTA CRUZ,2017-12-03,poisson,3,1.0,seir,alt,1.0,0.3,0.205624,0.631374,2.132893,0.403027,0.083087,0.4165,0.414893
BOLIVIA,SANTA CRUZ,2017-12-03,poisson,3,1.0,hostvector_tempmort,central,1.0,0.3,0.205624,0.158726,2.535114,0.350103,0.158912,0.128723,0.168041
BOLIVIA,SANTA CRUZ,2017-12-03,poisson,3,1.0,hostvector_tempmort,alt,1.0,0.3,0.205624,0.690399,2.534767,0.370544,0.195545,0.132081,0.1772
BOLIVIA,SANTA CRUZ,2017-12-03,poisson,3,0.75,hostvector,central,1.0,0.3,0.205624,0.16542,3.015993,0.353656,0.192896,0.128348,0.200066
BOLIVIA,SANTA CRUZ,2017-12-03,poisson,3,0.75,hostvector,alt,1.0,0.3,0.205624,0.741814,2.959509,0.369162,0.232267,0.135125,0.212361
BOLIVIA,SANTA CRUZ,2017-12-03,poisson,3,0.75,seir,central,1.0,0.3,0.205624,0.552671,2.536368,0.366401,0.095908,0.329639,0.39469
BOLIVIA,SANTA CRUZ,2017-12-03,poisson,3,0.75,seir,alt,1.0,0.3,0.205624,0.630574,2.506957,0.403032,0.097639,0.416349,0.487474
BOLIVIA,SANTA CRUZ,2017-12-03,poisson,3,0.75,hostvector_tempmort,central,1.0,0.3,0.205624,0.139395,3.013053,0.351084,0.188174,0.127467,0.197729
BOLIVIA,SANTA CRUZ,2017-12-03,poisson,3,0.75,hostvector_tempmort,alt,1.0,0.3,0.205624,0.651821,3.040801,0.373078,0.233696,0.129444,0.208331
BOLIVIA,SANTA CRUZ,2017-12-03,poisson,5,1.0,hostvector,central,1.0,0.3,0.205624,0.0,1.231279,0.347572,0.091037,0.145229,0.086383
BOLIVIA,SANTA CRUZ,2017-12-03,poisson,5,1.0,hostvector,alt,1.0,0.3,0.205624,0.0,1.442379,0.383902,0.113867,0.116958,0.082271
BOLIVIA,SANTA CRUZ,2017-12-03,poisson,5,1.0,seir,central,1.0,0.3,0.205624,0.0,1.80009,0.477769,0.087318,0.299023,0.249336
BOLIVIA,SANTA CRUZ,2017-12-03,poisson,5,1.0,seir,alt,1.0,0.3,0.205624,0.0,0.191934,0.522494,0.068915,0.369508,0.038705
BOLIVIA,SANTA CRUZ,2017-12-03,poisson,5,1.0,hostvector_tempmort,central,1.0,0.3,0.205624,0.0,0.013179,0.347506,0.053196,0.145495,0.007652
BOLIVIA,SANTA CRUZ,2017-12-03,poisson,5,1.0,hostvector_tempmort,alt,1.0,0.3,0.205624,0.0,,0.384089,,0.117157,
BOLIVIA,SANTA CRUZ,2017-12-03,poisson,5,0.75,hostvector,central,1.0,0.3,0.205624,0.0,2.096882,0.347541,0.143444,0.145232,0.147204
BOLIVIA,SANTA CRUZ,2017-12-03,poisson,5,0.75,hostvector,alt,1.0,0.3,0.205624,0.0,0.019366,0.383755,0.072651,0.116971,0.008327
BOLIVIA,SANTA CRUZ,2017-12-03,poisson,5,0.75,seir,central,1.0,0.3,0.205624,0.0,1.898629,0.477768,0.097945,0.299023,0.263054
BOLIVIA,SANTA CRUZ,2017-12-03,poisson,5,0.75,seir,alt,1.0,0.3,0.205624,0.0,0.051183,0.522492,0.080251,0.369509,0.025362
BOLIVIA,SANTA CRUZ,2017-12-03,poisson,5,0.75,hostvector_tempmort,central,1.0,0.3,0.205624,0.0,0.013623,0.347483,0.069477,0.145498,0.008872
BOLIVIA,SANTA CRUZ,2017-12-03,poisson,5,0.75,hostvector_tempmort,alt,1.0,0.3,0.205624,0.0,2.194256,0.383978,0.15863,0.117167,0.124683
BOLIVIA,SANTA CRUZ,2017-12-03,poisson,7,1.0,hostvector,central,1.0,0.3,0.205624,0.439934,3.005314,0.289318,0.234573,0.213427,0.293065
BOLIVIA,SANTA CRUZ,2017-12-03,poisson,7,1.0,hostvector,alt,1.0,0.3,0.205624,0.410502,3.714464,0.308222,0.288744,0.173576,0.294322
BOLIVIA,SANTA CRUZ,2017-12-03,poisson,7,1.0,seir,central,1.0,0.3,0.205624,0.0,,0.521663,,0.378887,
BOLIVIA,SANTA CRUZ,2017-12-03,poisson,7,1.0,seir,alt,1.0,0.3,0.205624,0.0,0.224005,0.576112,0.111642,0.476374,0.056096
BOLIVIA,SANTA CRUZ,2017-12-03,poisson,7,1.0,hostvector_tempmort,central,1.0,0.3,0.205624,0.463019,2.988182,0.289678,0.232376,0.215899,0.294628
BOLIVIA,SANTA CRUZ,2017-12-03,poisson,7,1.0,hostvector_tempmort,alt,1.0,0.3,0.205624,0.413281,3.695079,0.310069,0.286519,0.17396,0.293304
BOLIVIA,SANTA CRUZ,2017-12-03,poisson,7,0.75,hostvector,central,1.0,0.3,0.205624,0.438821,3.533833,0.289386,0.275792,0.21332,0.34443
BOLIVIA,SANTA CRUZ,2017-12-03,poisson,7,0.75,hostvector,alt,1.0,0.3,0.205624,0.405988,4.377601,0.308477,0.34013,0.173225,0.34616
BOLIVIA,SANTA CRUZ,2017-12-03,poisson,7,0.75,seir,central,1.0,0.3,0.205624,0.0,3.453782,0.521661,0.224127,0.378887,0.590069
BOLIVIA,SANTA CRUZ,2017-12-03,poisson,7,0.75,seir,alt,1.0,0.3,0.205624,0.0,2.55534,0.576111,0.184257,0.476374,0.547388
BOLIVIA,SANTA CRUZ,2017-12-03,poisson,7,0.75,hostvector_tempmort,central,1.0,0.3,0.205624,0.462343,3.51299,0.289716,0.273164,0.215833,0.346267
BOLIVIA,SANTA CRUZ,2017-12-03,poisson,7,0.75,hostvector_tempmort,alt,1.0,0.3,0.205624,0.409484,4.351729,0.31029,0.337314,0.173663,0.344833
BOLIVIA,BENI,2021-12-05,nb,3,1.0,hostvector,central,1.0,0.3,0.172695,0.0,1.855735,0.084625,0.069697,0.174972,0.110221
BOLIVIA,BENI,2021-12-05,nb,3,1.0,hostvector,alt,1.0,0.3,0.172695,1e-06,2.22693,0.089223,0.091443,0.145484,0.115506
BOLIVIA,BENI,2021-12-05,nb,3,1.0,seir,central,1.0,0.3,0.172695,0.0,1.067727,0.169414,0.106911,0.329334,0.111022
BOLIVIA,BENI,2021-12-05,nb,3,1.0,seir,alt,1.0,0.3,0.172695,0.0,0.079428,0.191758,0.119735,0.401346,0.060327
BOLIVIA,BENI,2021-12-05,nb,3,1.0,hostvector_tempmort,central,1.0,0.3,0.172695,0.0,1.641154,0.086431,0.067795,0.175889,0.097942
BOLIVIA,BENI,2021-12-05,nb,3,1.0,hostvector_tempmort,alt,1.0,0.3,0.172695,0.0,1.906535,0.090838,0.08525,0.146122,0.099527
BOLIVIA,BENI,2021-12-05,nb,3,0.75,hostvector,central,1.0,0.3,0.172695,0.0,2.054867,0.081335,0.078159,0.175369,0.122405
BOLIVIA,BENI,2021-12-05,nb,3,0.75,hostvector,alt,1.0,0.3,0.172695,0.0,2.51579,0.087085,0.104522,0.145218,0.130472
BOLIVIA,BENI,2021-12-05,nb,3,0.75,seir,central,1.0,0.3,0.172695,0.0,0.653997,0.172698,0.134021,0.329416,0.07177
BOLIVIA,BENI,2021-12-05,nb,3,0.75,seir,alt,1.0,0.3,0.172695,0.0,,0.193753,,0.401968,
BOLIVIA,BENI,2021-12-05,nb,3,0.75,hostvector_tempmort,central,1.0,0.3,0.172695,0.0,2.263061,0.083337,0.080702,0.176318,0.135844
BOLIVIA,BENI,2021-12-05,nb,3,0.75,hostvector_tempmort,alt,1.0,0.3,0.172695,0.0,2.604515,0.088783,0.104635,0.145898,0.135396
BOLIVIA,BENI,2021-12-05,nb,5,1.0,hostvector,central,1.0,0.3,0.172695,6e-05,1.918795,0.259291,0.146375,0.138593,0.078549
BOLIVIA,BENI,2021-12-05,nb,5,1.0,hostvector,alt,1.0,0.3,0.172695,9e-06,2.008591,0.304145,0.160249,0.111119,0.071375
BOLIVIA,BENI,2021-12-05,nb,5,1.0,seir,central,1.0,0.3,0.172695,0.0,,0.076265,,0.361261,
BOLIVIA,BENI,2021-12-05,nb,5,1.0,seir,alt,1.0,0.3,0.172695,0.0,0.000324,0.057897,0.105878,0.466028,0.064586
BOLIVIA,BENI,2021-12-05,nb,5,1.0,hostvector_tempmort,central,1.0,0.3,0.172695,3.6e-05,1.918812,0.25482,0.144887,0.140396,0.079591
BOLIVIA,BENI,2021-12-05,nb,5,1.0,hostvector_tempmort,alt,1.0,0.3,0.172695,1.2e-05,2.002854,0.300702,0.159205,0.112255,0.071765
BOLIVIA,BENI,2021-12-05,nb,5,0.75,hostvector,central,1.0,0.3,0.172695,1e-06,2.464949,0.249134,0.178165,0.140499,0.099967
BOLIVIA,BENI,2021-12-05,nb,5,0.75,hostvector,alt,1.0,0.3,0.172695,0.0,0.081264,0.276269,0.18193,0.114706,0.024906
BOLIVIA,BENI,2021-12-05,nb,5,0.75,seir,central,1.0,0.3,0.172695,0.0,0.000957,0.074909,0.135128,0.363257,0.062311
BOLIVIA,BENI,2021-12-05,nb,5,0.75,seir,alt,1.0,0.3,0.172695,0.0,2.935248,0.055681,0.127626,0.469014,0.409699
BOLIVIA,BENI,2021-12-05,nb,5,0.75,hostvector_tempmort,central,1.0,0.3,0.172695,0.0,1.741295,0.245889,0.20198,0.142135,0.062785
BOLIVIA,BENI,2021-12-05,nb,5,0.75,hostvector_tempmort,alt,1.0,0.3,0.172695,4e-06,2.328294,0.274912,0.180786,0.115615,0.085988
BOLIVIA,BENI,2021-12-05,nb,7,1.0,hostvector,central,1.0,0.3,0.172695,1e-05,1.953803,0.012331,0.05797,0.186957,0.114504
BOLIVIA,BENI,2021-12-05,nb,7,1.0,hostvector,alt,1.0,0.3,0.172695,0.583049,2.242719,0.036998,0.078489,0.185032,0.129625
BOLIVIA,BENI,2021-12-05,nb,7,1.0,seir,central,1.0,0.3,0.172695,1e-06,2.122862,-0.040142,0.046912,0.41523,0.278397
BOLIVIA,BENI,2021-12-05,nb,7,1.0,seir,alt,1.0,0.3,0.172695,2e-06,2.361558,-0.037127,0.04617,0.520449,0.383737
BOLIVIA,BENI,2021-12-05,nb,7,1.0,hostvector_tempmort,central,1.0,0.3,0.172695,6e-06,1.938969,0.009698,0.057397,0.18873,0.114726
BOLIVIA,BENI,2021-12-05,nb,7,1.0,hostvector_tempmort,alt,1.0,0.3,0.172695,0.593189,2.240972,0.034465,0.077631,0.18719,0.131055
BOLIVIA,BENI,2021-12-05,nb,7,0.75,hostvector,central,1.0,0.3,0.172695,1e-06,2.402056,0.006636,0.070506,0.187804,0.14124
BOLIVIA,BENI,2021-12-05,nb,7,0.75,hostvector,alt,1.0,0.3,0.172695,0.233077,2.509515,0.018605,0.091368,0.166882,0.130962
BOLIVIA,BENI,2021-12-05,nb,7,0.75,seir,central,1.0,0.3,0.172695,0.0,,-0.042514,,0.416595,
BOLIVIA,BENI,2021-12-05,nb,7,0.75,seir,alt,1.0,0.3,0.172695,0.0,0.006358,-0.039126,0.057611,0.521932,0.031991
BOLIVIA,BENI,2021-12-05,nb,7,0.75,hostvector_tempmort,central,1.0,0.3,0.172695,5e-06,2.387668,0.004642,0.06992,0.189525,0.141706
BOLIVIA,BENI,2021-12-05,nb,7,0.75,hostvector_tempmort,alt,1.0,0.3,0.172695,0.26501,2.515025,0.017375,0.090565,0.169922,0.133644
BOLIVIA,BENI,2021-12-05,poisson,3,1.0,hostvector,central,1.0,0.3,0.172695,0.0,0.48785,0.124094,0.059493,0.173341,0.032055
BOLIVIA,BENI,2021-12-05,poisson,3,1.0,hostvector,alt,1.0,0.3,0.172695,0.0,1.798301,0.142223,0.078324,0.141827,0.091892
BOLIVIA,BENI,2021-12-05,poisson,3,1.0,seir,central,1.0,0.3,0.172695,0.0,0.586031,0.213903,0.090347,0.3226,0.072822
BOLIVIA,BENI,2021-12-05,poisson,3,1.0,seir,alt,1.0,0.3,0.172695,0.0,2.302884,0.248723,0.105086,0.384337,0.26844
BOLIVIA,BENI,2021-12-05,poisson,3,1.0,hostvector_tempmort,central,1.0,0.3,0.172695,0.0,1.820344,0.125946,0.067923,0.174165,0.111127
BOLIVIA,BENI,2021-12-05,poisson,3,1.0,hostvector_tempmort,alt,1.0,0.3,0.172695,0.0,1.155298,0.143805,0.069755,0.142405,0.059591
BOLIVIA,BENI,2021-12-05,poisson,3,0.75,hostvector,central,1.0,0.3,0.172695,0.0,1.006109,0.123496,0.076671,0.173497,0.065432
BOLIVIA,BENI,2021-12-05,poisson,3,0.75,hostvector,alt,1.0,0.3,0.172695,0.0,2.796263,0.142675,0.105791,0.141708,0.142685
BOLIVIA,BENI,2021-12-05,poisson,3,0.75,seir,central,1.0,0.3,0.172695,0.0,0.148459,0.211637,0.114075,0.323936,0.049621
BOLIVIA,BENI,2021-12-05,poisson,3,0.75,seir,alt,1.0,0.3,0.172695,0.0,2.81865,0.246087,0.124986,0.386137,0.332101
BOLIVIA,BENI,2021-12-05,poisson,3,0.75,hostvector_tempmort,central,1.0,0.3,0.172695,0.0,2.308946,0.125273,0.086029,0.174344,0.142564
BOLIVIA,BENI,2021-12-05,poisson,3,0.75,hostvector_tempmort,alt,1.0,0.3,0.172695,0.0,2.796192,0.144163,0.104258,0.142308,0.142853
BOLIVIA,BENI,2021-12-05,poisson,5,1.0,hostvector,central,1.0,0.3,0.172695,0.444391,2.394515,0.110811,0.150676,0.198209,0.128358
BOLIVIA,BENI,2021-12-05,poisson,5,1.0,hostvector,alt,1.0,0.3,0.172695,1.024449,2.334289,0.145657,0.154742,0.192142,0.125913
BOLIVIA,BENI,2021-12-05,poisson,5,1.0,seir,central,1.0,0.3,0.172695,1e-06,3.083997,0.047907,0.133974,0.399742,0.342081
BOLIVIA,BENI,2021-12-05,poisson,5,1.0,seir,alt,1.0,0.3,0.172695,0.0,0.436112,0.054326,0.092042,0.500113,0.089883
BOLIVIA,BENI,2021-12-05,poisson,5,1.0,hostvector_tempmort,central,1.0,0.3,0.172695,0.511021,2.407794,0.110286,0.150803,0.204173,0.132756
BOLIVIA,BENI,2021-12-05,poisson,5,1.0,hostvector_tempmort,alt,1.0,0.3,0.172695,1.085114,2.356364,0.145455,0.155478,0.197259,0.130019
BOLIVIA,BENI,2021-12-05,poisson,5,0.75,hostvector,central,1.0,0.3,0.172695,0.45749,2.85744,0.110087,0.179575,0.199374,0.154296
BOLIVIA,BENI,2021-12-05,poisson,5,0.75,hostvector,alt,1.0,0.3,0.172695,1.013627,2.775296,0.144544,0.184357,0.191754,0.149652
BOLIVIA,BENI,2021-12-05,poisson,5,0.75,seir,central,1.0,0.3,0.172695,0.0,3.075456,0.048297,0.147068,0.40014,0.341744
BOLIVIA,BENI,2021-12-05,poisson,5,0.75,seir,alt,1.0,0.3,0.172695,0.0,0.084424,0.055219,0.109707,0.500276,0.082261
BOLIVIA,BENI,2021-12-05,poisson,5,0.75,hostvector_tempmort,central,1.0,0.3,0.172695,0.525967,2.873134,0.109633,0.179723,0.205487,0.159643
BOLIVIA,BENI,2021-12-05,poisson,5,0.75,hostvector_tempmort,alt,1.0,0.3,0.172695,1.074786,2.801273,0.144345,0.185222,0.196904,0.154541
BOLIVIA,BENI,2021-12-05,poisson,7,1.0,hostvector,central,1.0,0.3,0.172695,0.0,2.403175,0.010037,0.085123,0.196702,0.144877
BOLIVIA,BENI,2021-12-05,poisson,7,1.0,hostvector,alt,1.0,0.3,0.172695,1.192692,3.087749,0.047562,0.11676,0.235572,0.22137
BOLIVIA,BENI,2021-12-05,poisson,7,1.0,seir,central,1.0,0.3,0.172695,0.0,2.146587,-0.005512,0.059086,0.43032,0.288073
BOLIVIA,BENI,2021-12-05,poisson,7,1.0,seir,alt,1.0,0.3,0.172695,0.0,2.594571,0.003946,0.062923,0.538495,0.434281
BOLIVIA,BENI,2021-12-05,poisson,7,1.0,hostvector_tempmort,central,1.0,0.3,0.172695,0.0,2.379929,0.007883,0.084171,0.19848,0.144789
BOLIVIA,BENI,2021-12-05,poisson,7,1.0,hostvector_tempmort,alt,1.0,0.3,0.172695,1.216791,3.076149,0.046239,0.115666,0.239199,0.22402
BOLIVIA,BENI,2021-12-05,poisson,7,0.75,hostvector,central,1.0,0.3,0.172695,1e-06,2.895229,0.010801,0.103161,0.196696,0.174457
BOLIVIA,BENI,2021-12-05,poisson,7,0.75,hostvector,alt,1.0,0.3,0.172695,1.205889,3.708023,0.048277,0.140802,0.236561,0.266894
BOLIVIA,BENI,2021-12-05,poisson,7,0.75,seir,central,1.0,0.3,0.172695,0.0,2.826029,-0.002933,0.073244,0.430027,0.378278
BOLIVIA,BENI,2021-12-05,poisson,7,0.75,seir,alt,1.0,0.3,0.172695,0.0,3.179543,0.006914,0.076604,0.538099,0.531561
BOLIVIA,BENI,2021-12-05,poisson,7,0.75,hostvector_tempmort,central,1.0,0.3,0.172695,1e-05,2.882883,0.008698,0.102332,0.19847,0.175321
BOLIVIA,BENI,2021-12-05,poisson,7,0.75,hostvector_tempmort,alt,1.0,0.3,0.172695,1.233046,3.693592,0.047121,0.139462,0.24042,0.270296
BOLIVIA,SANTA CRUZ,2020-08-16,nb,3,1.0,hostvector,central,1.0,0.3,0.173546,1.027521,0.399124,0.30589,0.033803,0.172706,0.018852
BOLIVIA,SANTA CRUZ,2020-08-16,nb,3,1.0,hostvector,alt,1.0,0.3,0.173546,1.181946,0.461624,0.356432,0.039966,0.144853,0.018973
BOLIVIA,SANTA CRUZ,2020-08-16,nb,3,1.0,seir,central,1.0,0.3,0.173546,0.69187,0.451715,0.299139,0.036638,0.32196,0.039342
BOLIVIA,SANTA CRUZ,2020-08-16,nb,3,1.0,seir,alt,1.0,0.3,0.173546,0.552932,0.448573,0.295479,0.037002,0.389404,0.048073
BOLIVIA,SANTA CRUZ,2020-08-16,nb,3,1.0,hostvector_tempmort,central,1.0,0.3,0.173546,1.096961,0.397902,0.284796,0.033678,0.180945,0.01958
BOLIVIA,SANTA CRUZ,2020-08-16,nb,3,1.0,hostvector_tempmort,alt,1.0,0.3,0.173546,1.256841,0.454587,0.33637,0.039401,0.152256,0.019559
BOLIVIA,SANTA CRUZ,2020-08-16,nb,3,0.75,hostvector,central,1.0,0.3,0.173546,1.451646,0.507651,0.319498,0.04452,0.186769,0.023711
BOLIVIA,SANTA CRUZ,2020-08-16,nb,3,0.75,hostvector,alt,1.0,0.3,0.173546,1.556848,0.573332,0.354299,0.04988,0.151888,0.021539
BOLIVIA,SANTA CRUZ,2020-08-16,nb,3,0.75,seir,central,1.0,0.3,0.173546,1.691477,0.655445,0.389277,0.058824,0.430157,0.077411
BOLIVIA,SANTA CRUZ,2020-08-16,nb,3,0.75,seir,alt,1.0,0.3,0.173546,1.45738,0.667135,0.381647,0.06245,0.5108,0.09777
BOLIVIA,SANTA CRUZ,2020-08-16,nb,3,0.75,hostvector_tempmort,central,1.0,0.3,0.173546,1.58497,0.496952,0.309146,0.043767,0.200575,0.024776
BOLIVIA,SANTA CRUZ,2020-08-16,nb,3,0.75,hostvector_tempmort,alt,1.0,0.3,0.173546,1.667016,0.560907,0.342143,0.049036,0.162179,0.022422
BOLIVIA,SANTA CRUZ,2020-08-16,nb,5,1.0,hostvector,central,1.0,0.3,0.173546,0.0,0.22234,0.26622,0.037522,0.135447,0.00901
BOLIVIA,SANTA CRUZ,2020-08-16,nb,5,1.0,hostvector,alt,1.0,0.3,0.173546,0.0,0.369728,0.303687,0.044727,0.108066,0.012112
BOLIVIA,SANTA CRUZ,2020-08-16,nb,5,1.0,seir,central,1.0,0.3,0.173546,0.0,,0.280692,,0.282658,
BOLIVIA,SANTA CRUZ,2020-08-16,nb,5,1.0,seir,alt,1.0,0.3,0.173546,0.0,0.012975,0.280783,0.043668,0.3544,0.008308
BOLIVIA,SANTA CRUZ,2020-08-16,nb,5,1.0,hostvector_tempmort,central,1.0,0.3,0.173546,0.0,0.301929,0.243348,0.034125,0.13839,0.012366
BOLIVIA,SANTA CRUZ,2020-08-16,nb,5,1.0,hostvector_tempmort,alt,1.0,0.3,0.173546,0.0,,0.280988,,0.110504,
BOLIVIA,SANTA CRUZ,2020-08-16,nb,5,0.75,hostvector,central,1.0,0.3,0.173546,0.0,0.516749,0.216931,0.050054,0.125568,0.014899
BOLIVIA,SANTA CRUZ,2020-08-16,nb,5,0.75,hostvector,alt,1.0,0.3,0.173546,0.0,,0.245009,,0.099258,
BOLIVIA,SANTA CRUZ,2020-08-16,nb,5,0.75,seir,central,1.0,0.3,0.173546,0.0,0.001275,0.230808,0.054311,0.255655,0.014773
BOLIVIA,SANTA CRUZ,2020-08-16,nb,5,0.75,seir,alt,1.0,0.3,0.173546,0.0,0.001053,0.227424,0.055411,0.317739,0.018555
BOLIVIA,SANTA CRUZ,2020-08-16,nb,5,0.75,hostvector_tempmort,central,1.0,0.3,0.173546,0.0,,0.210652,,0.131287,
BOLIVIA,SANTA CRUZ,2020-08-16,nb,5,0.75,hostvector_tempmort,alt,1.0,0.3,0.173546,0.0,0.537031,0.23662,0.053793,0.103485,0.0128
BOLIVIA,SANTA CRUZ,2020-08-16,nb,7,1.0,hostvector,central,1.0,0.3,0.173546,0.0,0.00812,0.124014,0.077631,0.13408,0.007071
BOLIVIA,SANTA CRUZ,2020-08-16,nb,7,1.0,hostvector,alt,1.0,0.3,0.173546,0.0,0.828004,0.143729,0.093825,0.107807,0.021619
BOLIVIA,SANTA CRUZ,2020-08-16,nb,7,1.0,seir,central,1.0,0.3,0.173546,0.0,,0.082766,,0.264384,
BOLIVIA,SANTA CRUZ,2020-08-16,nb,7,1.0,seir,alt,1.0,0.3,0.173546,0.0,,0.068437,,0.327176,
BOLIVIA,SANTA CRUZ,2020-08-16,nb,7,1.0,hostvector_tempmort,central,1.0,0.3,0.173546,0.0,0.628455,0.137539,0.072526,0.139058,0.02175
BOLIVIA,SANTA CRUZ,2020-08-16,nb,7,1.0,hostvector_tempmort,alt,1.0,0.3,0.173546,0.0,0.701173,0.152708,0.084439,0.111306,0.019824
BOLIVIA,SANTA CRUZ,2020-08-16,nb,7,0.75,hostvector,central,1.0,0.3,0.173546,0.0,0.925519,0.104814,0.08554,0.11908,0.020379
BOLIVIA,SANTA CRUZ,2020-08-16,nb,7,0.75,hostvector,alt,1.0,0.3,0.173546,0.0,1.063014,0.115898,0.100231,0.094157,0.018378
BOLIVIA,SANTA CRUZ,2020-08-16,nb,7,0.75,seir,central,1.0,0.3,0.173546,0.0,0.795277,0.121953,0.086262,0.241028,0.041259
BOLIVIA,SANTA CRUZ,2020-08-16,nb,7,0.75,seir,alt,1.0,0.3,0.173546,0.0,0.765244,0.119307,0.086115,0.300941,0.050719
BOLIVIA,SANTA CRUZ,2020-08-16,nb,7,0.75,hostvector_tempmort,central,1.0,0.3,0.173546,0.0,0.821662,0.102888,0.078097,0.122344,0.018729
BOLIVIA,SANTA CRUZ,2020-08-16,nb,7,0.75,hostvector_tempmort,alt,1.0,0.3,0.173546,0.0,0.991172,0.112692,0.091777,0.096602,0.017415
BOLIVIA,SANTA CRUZ,2020-08-16,poisson,3,1.0,hostvector,central,1.0,0.3,0.173546,1.097003,0.477129,0.32896,0.040031,0.178031,0.024937
BOLIVIA,SANTA CRUZ,2020-08-16,poisson,3,1.0,hostvector,alt,1.0,0.3,0.173546,1.388113,0.568748,0.389368,0.047294,0.1553,0.026527
BOLIVIA,SANTA CRUZ,2020-08-16,poisson,3,1.0,seir,central,1.0,0.3,0.173546,0.838758,0.504571,0.32688,0.041389,0.33859,0.048942
BOLIVIA,SANTA CRUZ,2020-08-16,poisson,3,1.0,seir,alt,1.0,0.3,0.173546,0.81358,0.519156,0.329894,0.042546,0.422721,0.06364
BOLIVIA,SANTA CRUZ,2020-08-16,poisson,3,1.0,hostvector_tempmort,central,1.0,0.3,0.173546,1.150842,0.479937,0.309784,0.040366,0.186248,0.026222
BOLIVIA,SANTA CRUZ,2020-08-16,poisson,3,1.0,hostvector_tempmort,alt,1.0,0.3,0.173546,1.441154,0.566975,0.370297,0.047301,0.162613,0.027662
BOLIVIA,SANTA CRUZ,2020-08-16,poisson,3,0.75,hostvector,central,1.0,0.3,0.173546,1.477023,0.547539,0.338748,0.052538,0.192881,0.032144
BOLIVIA,SANTA CRUZ,2020-08-16,poisson,3,0.75,hostvector,alt,1.0,0.3,0.173546,1.638118,0.620753,0.38354,0.059099,0.160817,0.030736
BOLIVIA,SANTA CRUZ,2020-08-16,poisson,3,0.75,seir,central,1.0,0.3,0.173546,1.577712,0.634193,0.377034,0.061351,0.414398,0.080672
BOLIVIA,SANTA CRUZ,2020-08-16,poisson,3,0.75,seir,alt,1.0,0.3,0.173546,1.477978,0.645171,0.378971,0.063811,0.510656,0.103631
BOLIVIA,SANTA CRUZ,2020-08-16,poisson,3,0.75,hostvector_tempmort,central,1.0,0.3,0.173546,1.612288,0.536997,0.328902,0.051801,0.207449,0.033826
BOLIVIA,SANTA CRUZ,2020-08-16,poisson,3,0.75,hostvector_tempmort,alt,1.0,0.3,0.173546,1.74956,0.608489,0.371707,0.05828,0.171951,0.032177
BOLIVIA,SANTA CRUZ,2020-08-16,poisson,5,1.0,hostvector,central,1.0,0.3,0.173546,0.0,0.404983,0.26699,0.035641,0.137394,0.017775
BOLIVIA,SANTA CRUZ,2020-08-16,poisson,5,1.0,hostvector,alt,1.0,0.3,0.173546,0.0,,0.303639,,0.109895,
BOLIVIA,SANTA CRUZ,2020-08-16,poisson,5,1.0,seir,central,1.0,0.3,0.173546,0.0,,0.283523,,0.288193,
BOLIVIA,SANTA CRUZ,2020-08-16,poisson,5,1.0,seir,alt,1.0,0.3,0.173546,0.0,0.493618,0.284939,0.041881,0.362083,0.055312
BOLIVIA,SANTA CRUZ,2020-08-16,poisson,5,1.0,hostvector_tempmort,central,1.0,0.3,0.173546,0.0,0.375495,0.248074,0.033047,0.140165,0.016675
BOLIVIA,SANTA CRUZ,2020-08-16,poisson,5,1.0,hostvector_tempmort,alt,1.0,0.3,0.173546,0.0,0.442441,0.284607,0.039784,0.112142,0.016047
BOLIVIA,SANTA CRUZ,2020-08-16,poisson,5,0.75,hostvector,central,1.0,0.3,0.173546,0.0,0.017864,0.268299,0.055306,0.136683,0.00652
BOLIVIA,SANTA CRUZ,2020-08-16,poisson,5,0.75,hostvector,alt,1.0,0.3,0.173546,0.0,0.03329,0.302834,0.064358,0.109074,0.005435
BOLIVIA,SANTA CRUZ,2020-08-16,poisson,5,0.75,seir,central,1.0,0.3,0.173546,0.0,0.553753,0.260034,0.068592,0.276353,0.047106
BOLIVIA,SANTA CRUZ,2020-08-16,poisson,5,0.75,seir,alt,1.0,0.3,0.173546,0.0,0.068958,0.249993,0.070502,0.341838,0.02801
BOLIVIA,SANTA CRUZ,2020-08-16,poisson,5,0.75,hostvector_tempmort,central,1.0,0.3,0.173546,0.0,0.417358,0.254758,0.053097,0.140074,0.01888
BOLIVIA,SANTA CRUZ,2020-08-16,poisson,5,0.75,hostvector_tempmort,alt,1.0,0.3,0.173546,0.0,0.095662,0.287908,0.059426,0.11166,0.006213
BOLIVIA,SANTA CRUZ,2020-08-16,poisson,7,1.0,hostvector,central,1.0,0.3,0.173546,0.0,0.011469,0.21815,0.066631,0.147041,0.005608
BOLIVIA,SANTA CRUZ,2020-08-16,poisson,7,1.0,hostvector,alt,1.0,0.3,0.173546,0.0,0.674428,0.244735,0.073651,0.118884,0.026464
BOLIVIA,SANTA CRUZ,2020-08-16,poisson,7,1.0,seir,central,1.0,0.3,0.173546,0.0,0.776858,0.214025,0.081662,0.303733,0.070802
BOLIVIA,SANTA CRUZ,2020-08-16,poisson,7,1.0,seir,alt,1.0,0.3,0.173546,0.0,0.826704,0.208209,0.085711,0.379169,0.093153
BOLIVIA,SANTA CRUZ,2020-08-16,poisson,7,1.0,hostvector_tempmort,central,1.0,0.3,0.173546,0.0,0.549549,0.202857,0.060053,0.14853,0.026859
BOLIVIA,SANTA CRUZ,2020-08-16,poisson,7,1.0,hostvector_tempmort,alt,1.0,0.3,0.173546,0.0,0.616772,0.229977,0.068742,0.120091,0.025001
BOLIVIA,SANTA CRUZ,2020-08-16,poisson,7,0.75,hostvector,central,1.0,0.3,0.173546,0.0,0.919797,0.092826,0.102893,0.120414,0.022522
BOLIVIA,SANTA CRUZ,2020-08-16,poisson,7,0.75,hostvector,alt,1.0,0.3,0.173546,0.0,1.047188,0.104789,0.117877,0.095534,0.020242
BOLIVIA,SANTA CRUZ,2020-08-16,poisson,7,0.75,seir,central,1.0,0.3,0.173546,0.0,0.916575,0.09944,0.099966,0.242731,0.048973
BOLIVIA,SANTA CRUZ,2020-08-16,poisson,7,0.75,seir,alt,1.0,0.3,0.173546,0.0,,0.098051,,0.303426,
BOLIVIA,SANTA CRUZ,2020-08-16,poisson,7,0.75,hostvector_tempmort,central,1.0,0.3,0.173546,0.0,0.838421,0.079426,0.095265,0.122371,0.02081
BOLIVIA,SANTA CRUZ,2020-08-16,poisson,7,0.75,hostvector_tempmort,alt,1.0,0.3,0.173546,0.0,0.978635,0.091505,0.11186,0.097035,0.019089
BOLIVIA,BOLIVIA,2022-11-06,nb,3,1.0,hostvector,central,1.0,0.3,0.240875,0.497977,0.366645,0.288811,0.024929,0.19583,0.028978
BOLIVIA,BOLIVIA,2022-11-06,nb,3,1.0,hostvector,alt,1.0,0.3,0.240875,1.051351,0.499528,0.368177,0.03645,0.199632,0.040175
BOLIVIA,BOLIVIA,2022-11-06,nb,3,1.0,seir,central,1.0,0.3,0.240875,0.043524,0.311575,0.263903,0.021066,0.346805,0.042522
BOLIVIA,BOLIVIA,2022-11-06,nb,3,1.0,seir,alt,1.0,0.3,0.240875,0.194756,0.377924,0.279227,0.024147,0.463793,0.068615
BOLIVIA,BOLIVIA,2022-11-06,nb,3,1.0,hostvector_tempmort,central,1.0,0.3,0.240875,6.2e-05,0.421434,0.242191,0.028589,0.161716,0.027727
BOLIVIA,BOLIVIA,2022-11-06,nb,3,1.0,hostvector_tempmort,alt,1.0,0.3,0.240875,0.626369,0.580538,0.322321,0.04181,0.169945,0.039989
BOLIVIA,BOLIVIA,2022-11-06,nb,3,0.75,hostvector,central,1.0,0.3,0.240875,0.766809,0.580812,0.300247,0.046216,0.217646,0.051042
BOLIVIA,BOLIVIA,2022-11-06,nb,3,0.75,hostvector,alt,1.0,0.3,0.240875,0.682804,0.692812,0.322372,0.055944,0.171414,0.048222
BOLIVIA,BOLIVIA,2022-11-06,nb,3,0.75,seir,central,1.0,0.3,0.240875,1.32381,0.536231,0.353276,0.043645,0.576619,0.122495
BOLIVIA,BOLIVIA,2022-11-06,nb,3,0.75,seir,alt,1.0,0.3,0.240875,1.345106,0.553956,0.364248,0.046439,0.732002,0.160604
BOLIVIA,BOLIVIA,2022-11-06,nb,3,0.75,hostvector_tempmort,central,1.0,0.3,0.240875,0.89693,0.561511,0.297029,0.045253,0.231709,0.052378
BOLIVIA,BOLIVIA,2022-11-06,nb,3,0.75,hostvector_tempmort,alt,1.0,0.3,0.240875,0.804121,0.673067,0.319224,0.055037,0.181911,0.049555
BOLIVIA,BOLIVIA,2022-11-06,nb,5,1.0,hostvector,central,1.0,0.3,0.240875,0.0,0.179145,0.245464,0.016796,0.174894,0.013356
BOLIVIA,BOLIVIA,2022-11-06,nb,5,1.0,hostvector,alt,1.0,0.3,0.240875,0.033227,0.387153,0.277115,0.028299,0.145896,0.024263
BOLIVIA,BOLIVIA,2022-11-06,nb,5,1.0,seir,central,1.0,0.3,0.240875,1.9e-05,0.310932,0.273189,0.020605,0.378947,0.047413
BOLIVIA,BOLIVIA,2022-11-06,nb,5,1.0,seir,alt,1.0,0.3,0.240875,0.0,,0.287612,,0.480201,
BOLIVIA,BOLIVIA,2022-11-06,nb,5,1.0,hostvector_tempmort,central,1.0,0.3,0.240875,4e-06,0.413008,0.226522,0.027981,0.175369,0.030662
BOLIVIA,BOLIVIA,2022-11-06,nb,5,1.0,hostvector_tempmort,alt,1.0,0.3,0.240875,0.0,0.439337,0.258088,0.031502,0.144415,0.027165
BOLIVIA,BOLIVIA,2022-11-06,nb,5,0.75,hostvector,central,1.0,0.3,0.240875,0.0,0.404924,0.233054,0.035183,0.173592,0.030255
BOLIVIA,BOLIVIA,2022-11-06,nb,5,0.75,hostvector,alt,1.0,0.3,0.240875,0.0,0.413296,0.25097,0.041219,0.142278,0.025695
BOLIVIA,BOLIVIA,2022-11-06,nb,5,0.75,seir,central,1.0,0.3,0.240875,0.000114,0.5158,0.279091,0.043619,0.37905,0.083105
BOLIVIA,BOLIVIA,2022-11-06,nb,5,0.75,seir,alt,1.0,0.3,0.240875,0.0,8.2e-05,0.288564,0.033043,0.478935,0.012257
BOLIVIA,BOLIVIA,2022-11-06,nb,5,0.75,hostvector_tempmort,central,1.0,0.3,0.240875,0.0,0.513059,0.223544,0.041304,0.174693,0.038618
BOLIVIA,BOLIVIA,2022-11-06,nb,5,0.75,hostvector_tempmort,alt,1.0,0.3,0.240875,0.0,0.374037,0.242116,0.035166,0.143172,0.022992
BOLIVIA,BOLIVIA,2022-11-06,nb,7,1.0,hostvector,central,1.0,0.3,0.240875,0.0,0.290458,0.275101,0.027149,0.186932,0.023922
BOLIVIA,BOLIVIA,2022-11-06,nb,7,1.0,hostvector,alt,1.0,0.3,0.240875,0.0,0.171611,0.30041,0.024396,0.153968,0.011887
BOLIVIA,BOLIVIA,2022-11-06,nb,7,1.0,seir,central,1.0,0.3,0.240875,0.0,,0.338246,,0.420647,
BOLIVIA,BOLIVIA,2022-11-06,nb,7,1.0,seir,alt,1.0,0.3,0.240875,0.0,0.027961,0.357508,0.032549,0.535356,0.012626
BOLIVIA,BOLIVIA,2022-11-06,nb,7,1.0,hostvector_tempmort,central,1.0,0.3,0.240875,0.0,0.474651,0.255156,0.041844,0.186672,0.039511
BOLIVIA,BOLIVIA,2022-11-06,nb,7,1.0,hostvector_tempmort,alt,1.0,0.3,0.240875,4e-06,0.471492,0.283185,0.043507,0.154039,0.03267
BOLIVIA,BOLIVIA,2022-11-06,nb,7,0.75,hostvector,central,1.0,0.3,0.240875,0.0,0.000479,0.256205,0.036687,0.184595,0.00436
BOLIVIA,BOLIVIA,2022-11-06,nb,7,0.75,hostvector,alt,1.0,0.3,0.240875,0.0,0.44883,0.270942,0.058684,0.151451,0.031049
BOLIVIA,BOLIVIA,2022-11-06,nb,7,0.75,seir,central,1.0,0.3,0.240875,0.0,0.000268,0.328575,0.050487,0.416253,0.01513
BOLIVIA,BOLIVIA,2022-11-06,nb,7,0.75,seir,alt,1.0,0.3,0.240875,0.0,,0.341874,,0.527448,
BOLIVIA,BOLIVIA,2022-11-06,nb,7,0.75,hostvector_tempmort,central,1.0,0.3,0.240875,0.0,0.467908,0.247182,0.05119,0.185354,0.039373
BOLIVIA,BOLIVIA,2022-11-06,nb,7,0.75,hostvector_tempmort,alt,1.0,0.3,0.240875,0.0,,0.262796,,0.152083,
BOLIVIA,BOLIVIA,2022-11-06,poisson,3,1.0,hostvector,central,1.0,0.3,0.240875,1.767278,0.43238,0.361735,0.031444,0.32473,0.059644
BOLIVIA,BOLIVIA,2022-11-06,poisson,3,1.0,hostvector,alt,1.0,0.3,0.240875,1.939166,0.510651,0.406094,0.037442,0.283442,0.061395
BOLIVIA,BOLIVIA,2022-11-06,poisson,3,1.0,seir,central,1.0,0.3,0.240875,1.987089,0.44175,0.40939,0.034435,0.748105,0.13922
BOLIVIA,BOLIVIA,2022-11-06,poisson,3,1.0,seir,alt,1.0,0.3,0.240875,2.104215,0.461831,0.432566,0.03724,0.986274,0.191275
BOLIVIA,BOLIVIA,2022-11-06,poisson,3,1.0,hostvector_tempmort,central,1.0,0.3,0.240875,1.816485,0.42854,0.356286,0.031342,0.334012,0.06061
BOLIVIA,BOLIVIA,2022-11-06,poisson,3,1.0,hostvector_tempmort,alt,1.0,0.3,0.240875,1.988547,0.504534,0.400832,0.037208,0.291576,0.062193
BOLIVIA,BOLIVIA,2022-11-06,poisson,3,0.75,hostvector,central,1.0,0.3,0.240875,1.756105,0.510638,0.360187,0.037623,0.323244,0.070085
BOLIVIA,BOLIVIA,2022-11-06,poisson,3,0.75,hostvector,alt,1.0,0.3,0.240875,1.91782,0.598337,0.402115,0.044484,0.281071,0.071319
BOLIVIA,BOLIVIA,2022-11-06,poisson,3,0.75,seir,central,1.0,0.3,0.240875,2.037864,0.515315,0.414409,0.040667,0.764092,0.165815
BOLIVIA,BOLIVIA,2022-11-06,poisson,3,0.75,seir,alt,1.0,0.3,0.240875,2.151131,0.543164,0.437421,0.044382,1.005753,0.229347
BOLIVIA,BOLIVIA,2022-11-06,poisson,3,0.75,hostvector_tempmort,central,1.0,0.3,0.240875,1.808468,0.503365,0.355136,0.037288,0.332909,0.07093
BOLIVIA,BOLIVIA,2022-11-06,poisson,3,0.75,hostvector_tempmort,alt,1.0,0.3,0.240875,1.969367,0.590853,0.397278,0.044167,0.289372,0.072268
BOLIVIA,BOLIVIA,2022-11-06,poisson,5,1.0,hostvector,central,1.0,0.3,0.240875,1.651455,0.579676,0.319556,0.038944,0.360231,0.092788
BOLIVIA,BOLIVIA,2022-11-06,poisson,5,1.0,hostvector,alt,1.0,0.3,0.240875,1.81914,0.658297,0.355074,0.045462,0.318899,0.093227
BOLIVIA,BOLIVIA,2022-11-06,poisson,5,1.0,seir,central,1.0,0.3,0.240875,1.950097,0.654194,0.381923,0.049617,0.885497,0.257032
BOLIVIA,BOLIVIA,2022-11-06,poisson,5,1.0,seir,alt,1.0,0.3,0.240875,2.087039,0.704164,0.406384,0.055565,1.18783,0.372113
BOLIVIA,BOLIVIA,2022-11-06,poisson,5,1.0,hostvector_tempmort,central,1.0,0.3,0.240875,1.6868,0.568943,0.316401,0.03862,0.367136,0.092672
BOLIVIA,BOLIVIA,2022-11-06,poisson,5,1.0,hostvector_tempmort,alt,1.0,0.3,0.240875,1.850067,0.646617,0.352113,0.045056,0.32436,0.093007
BOLIVIA,BOLIVIA,2022-11-06,poisson,5,0.75,hostvector,central,1.0,0.3,0.240875,1.653601,0.683806,0.319504,0.046821,0.360563,0.109598
BOLIVIA,BOLIVIA,2022-11-06,poisson,5,0.75,hostvector,alt,1.0,0.3,0.240875,1.815467,0.773935,0.353283,0.054409,0.318339,0.109434
BOLIVIA,BOLIVIA,2022-11-06,poisson,5,0.75,seir,central,1.0,0.3,0.240875,2.010858,0.775381,0.388345,0.059808,0.910649,0.313793
BOLIVIA,BOLIVIA,2022-11-06,poisson,5,0.75,seir,alt,1.0,0.3,0.240875,2.144005,0.839448,0.412514,0.067349,1.219491,0.456173
BOLIVIA,BOLIVIA,2022-11-06,poisson,5,0.75,hostvector_tempmort,central,1.0,0.3,0.240875,1.690951,0.668571,0.316685,0.046232,0.367813,0.109145
BOLIVIA,BOLIVIA,2022-11-06,poisson,5,0.75,hostvector_tempmort,alt,1.0,0.3,0.240875,1.847419,0.759536,0.350645,0.053854,0.323939,0.109131
BOLIVIA,BOLIVIA,2022-11-06,poisson,7,1.0,hostvector,central,1.0,0.3,0.240875,1.093533,0.957237,0.237065,0.063638,0.310673,0.138427
BOLIVIA,BOLIVIA,2022-11-06,poisson,7,1.0,hostvector,alt,1.0,0.3,0.240875,0.927905,1.024466,0.251271,0.069023,0.238152,0.114071
BOLIVIA,BOLIVIA,2022-11-06,poisson,7,1.0,seir,central,1.0,0.3,0.240875,1.672796,1.111741,0.282506,0.08332,0.879548,0.453143
BOLIVIA,BOLIVIA,2022-11-06,poisson,7,1.0,seir,alt,1.0,0.3,0.240875,1.590191,1.125867,0.294265,0.085389,1.070732,0.561579
BOLIVIA,BOLIVIA,2022-11-06,poisson,7,1.0,hostvector_tempmort,central,1.0,0.3,0.240875,1.109959,0.927918,0.234863,0.062395,0.313438,0.135287
BOLIVIA,BOLIVIA,2022-11-06,poisson,7,1.0,hostvector_tempmort,alt,1.0,0.3,0.240875,0.943507,0.998805,0.249267,0.068013,0.24021,0.112094
BOLIVIA,BOLIVIA,2022-11-06,poisson,7,0.75,hostvector,central,1.0,0.3,0.240875,1.07311,1.127908,0.231543,0.076544,0.307085,0.161396
BOLIVIA,BOLIVIA,2022-11-06,poisson,7,0.75,hostvector,alt,1.0,0.3,0.240875,0.929996,1.205521,0.245002,0.082522,0.237821,0.134068
BOLIVIA,BOLIVIA,2022-11-06,poisson,7,0.75,seir,central,1.0,0.3,0.240875,1.634089,1.329813,0.279199,0.100547,0.862611,0.533713
BOLIVIA,BOLIVIA,2022-11-06,poisson,7,0.75,seir,alt,1.0,0.3,0.240875,1.533196,1.341315,0.28954,0.102703,1.04055,0.652771
BOLIVIA,BOLIVIA,2022-11-06,poisson,7,0.75,hostvector_tempmort,central,1.0,0.3,0.240875,1.092439,1.092247,0.229916,0.074939,0.310291,0.157815
BOLIVIA,BOLIVIA,2022-11-06,poisson,7,0.75,hostvector_tempmort,alt,1.0,0.3,0.240875,0.946968,1.174143,0.243563,0.081212,0.240062,0.131716
BOLIVIA,BENI,2020-09-20,nb,3,1.0,hostvector,central,1.0,0.3,0.16515,0.964364,0.440294,0.314722,0.030451,0.160816,0.017021
BOLIVIA,BENI,2020-09-20,nb,3,1.0,hostvector,alt,1.0,0.3,0.16515,1.204708,0.496303,0.366781,0.03419,0.135484,0.01625
BOLIVIA,BENI,2020-09-20,nb,3,1.0,seir,central,1.0,0.3,0.16515,0.649316,0.528366,0.298107,0.036498,0.308398,0.038586
BOLIVIA,BENI,2020-09-20,nb,3,1.0,seir,alt,1.0,0.3,0.16515,0.616047,0.530099,0.298896,0.037056,0.384379,0.048182
BOLIVIA,BENI,2020-09-20,nb,3,1.0,hostvector_tempmort,central,1.0,0.3,0.16515,1.233072,0.437833,0.303733,0.031044,0.180294,0.018741
BOLIVIA,BENI,2020-09-20,nb,3,1.0,hostvector_tempmort,alt,1.0,0.3,0.16515,1.456478,0.478673,0.355013,0.033962,0.151269,0.017251
BOLIVIA,BENI,2020-09-20,nb,3,0.75,hostvector,central,1.0,0.3,0.16515,1.178198,0.456345,0.331785,0.032498,0.169243,0.018532
BOLIVIA,BENI,2020-09-20,nb,3,0.75,hostvector,alt,1.0,0.3,0.16515,1.284977,0.559404,0.373043,0.039409,0.138115,0.018648
BOLIVIA,BENI,2020-09-20,nb,3,0.75,seir,central,1.0,0.3,0.16515,1.093364,0.453597,0.334432,0.032748,0.342646,0.036801
BOLIVIA,BENI,2020-09-20,nb,3,0.75,seir,alt,1.0,0.3,0.16515,1.047149,0.458463,0.334919,0.033545,0.425804,0.046182
BOLIVIA,BENI,2020-09-20,nb,3,0.75,hostvector_tempmort,central,1.0,0.3,0.16515,1.465407,0.437884,0.322864,0.031951,0.19051,0.019785
BOLIVIA,BENI,2020-09-20,nb,3,0.75,hostvector_tempmort,alt,1.0,0.3,0.16515,1.555063,0.531429,0.363082,0.038547,0.154853,0.019591
BOLIVIA,BENI,2020-09-20,nb,5,1.0,hostvector,central,1.0,0.3,0.16515,0.0,0.368634,0.239093,0.023354,0.139234,0.013604
BOLIVIA,BENI,2020-09-20,nb,5,1.0,hostvector,alt,1.0,0.3,0.16515,0.0,0.235282,0.269258,0.02084,0.111957,0.00709
BOLIVIA,BENI,2020-09-20,nb,5,1.0,seir,central,1.0,0.3,0.16515,0.0,,0.25422,,0.291706,
BOLIVIA,BENI,2020-09-20,nb,5,1.0,seir,alt,1.0,0.3,0.16515,0.0,0.516236,0.261098,0.034779,0.367335,0.049486
BOLIVIA,BENI,2020-09-20,nb,5,1.0,hostvector_tempmort,central,1.0,0.3,0.16515,0.0,0.336784,0.216469,0.0217,0.144866,0.012769
BOLIVIA,BENI,2020-09-20,nb,5,1.0,hostvector_tempmort,alt,1.0,0.3,0.16515,0.0,0.36799,0.246864,0.023717,0.116387,0.011278
BOLIVIA,BENI,2020-09-20,nb,5,0.75,hostvector,central,1.0,0.3,0.16515,0.0,0.080372,0.24526,0.016301,0.139341,0.003559
BOLIVIA,BENI,2020-09-20,nb,5,0.75,hostvector,alt,1.0,0.3,0.16515,0.0,0.417155,0.273351,0.026651,0.112001,0.012539
BOLIVIA,BENI,2020-09-20,nb,5,0.75,seir,central,1.0,0.3,0.16515,0.0,0.006813,0.268169,0.018614,0.292521,0.003887
BOLIVIA,BENI,2020-09-20,nb,5,0.75,seir,alt,1.0,0.3,0.16515,0.0,0.419567,0.276332,0.030184,0.36857,0.040197
BOLIVIA,BENI,2020-09-20,nb,5,0.75,hostvector_tempmort,central,1.0,0.3,0.16515,0.0,0.34607,0.222296,0.022945,0.144999,0.013157
BOLIVIA,BENI,2020-09-20,nb,5,0.75,hostvector_tempmort,alt,1.0,0.3,0.16515,0.0,0.412,0.250722,0.02684,0.116446,0.012653
BOLIVIA,BENI,2020-09-20,nb,7,1.0,hostvector,central,1.0,0.3,0.16515,0.0,0.233993,0.238107,0.026588,0.151783,0.010385
BOLIVIA,BENI,2020-09-20,nb,7,1.0,hostvector,alt,1.0,0.3,0.16515,0.0,0.324669,0.262583,0.026932,0.123161,0.011477
BOLIVIA,BENI,2020-09-20,nb,7,1.0,seir,central,1.0,0.3,0.16515,0.0,0.32079,0.289952,0.045279,0.327341,0.031565
BOLIVIA,BENI,2020-09-20,nb,7,1.0,seir,alt,1.0,0.3,0.16515,0.0,0.45993,0.310111,0.051609,0.415106,0.055071
BOLIVIA,BENI,2020-09-20,nb,7,1.0,hostvector_tempmort,central,1.0,0.3,0.16515,0.0,0.238755,0.21909,0.022488,0.156362,0.010525
BOLIVIA,BENI,2020-09-20,nb,7,1.0,hostvector_tempmort,alt,1.0,0.3,0.16515,0.0,0.131009,0.24457,0.020901,0.126711,0.004822
BOLIVIA,BENI,2020-09-20,nb,7,0.75,hostvector,central,1.0,0.3,0.16515,0.0,0.445297,0.249659,0.029985,0.152264,0.019328
BOLIVIA,BENI,2020-09-20,nb,7,0.75,hostvector,alt,1.0,0.3,0.16515,0.0,0.599174,0.273681,0.03907,0.123482,0.021074
BOLIVIA,BENI,2020-09-20,nb,7,0.75,seir,central,1.0,0.3,0.16515,0.0,,0.316973,,0.330524,
BOLIVIA,BENI,2020-09-20,nb,7,0.75,seir,alt,1.0,0.3,0.16515,0.0,,0.34117,,0.419975,
BOLIVIA,BENI,2020-09-20,nb,7,0.75,hostvector_tempmort,central,1.0,0.3,0.16515,0.0,0.004043,0.230357,0.020449,0.156904,0.002074
BOLIVIA,BENI,2020-09-20,nb,7,0.75,hostvector_tempmort,alt,1.0,0.3,0.16515,0.0,0.305053,0.255099,0.029268,0.12707,0.01131
BOLIVIA,BENI,2020-09-20,poisson,3,1.0,hostvector,central,1.0,0.3,0.16515,0.926402,0.481438,0.296478,0.028725,0.159797,0.019576
BOLIVIA,BENI,2020-09-20,poisson,3,1.0,hostvector,alt,1.0,0.3,0.16515,1.062552,0.585546,0.335673,0.034442,0.131564,0.019697
BOLIVIA,BENI,2020-09-20,poisson,3,1.0,seir,central,1.0,0.3,0.16515,0.636886,0.491623,0.293485,0.029989,0.307511,0.038033
BOLIVIA,BENI,2020-09-20,poisson,3,1.0,seir,alt,1.0,0.3,0.16515,0.58677,0.498328,0.293749,0.030806,0.38181,0.047777
BOLIVIA,BENI,2020-09-20,poisson,3,1.0,hostvector_tempmort,central,1.0,0.3,0.16515,1.149503,0.470598,0.285853,0.028717,0.176948,0.02087
BOLIVIA,BENI,2020-09-20,poisson,3,1.0,hostvector_tempmort,alt,1.0,0.3,0.16515,1.2643,0.564232,0.324029,0.034139,0.144856,0.020548
BOLIVIA,BENI,2020-09-20,poisson,3,0.75,hostvector,central,1.0,0.3,0.16515,0.951633,0.577075,0.297974,0.03456,0.160808,0.023582
BOLIVIA,BENI,2020-09-20,poisson,3,0.75,hostvector,alt,1.0,0.3,0.16515,1.023804,0.703106,0.333185,0.041454,0.130287,0.023409
BOLIVIA,BENI,2020-09-20,poisson,3,0.75,seir,central,1.0,0.3,0.16515,0.76543,0.558148,0.301763,0.034373,0.317492,0.044539
BOLIVIA,BENI,2020-09-20,poisson,3,0.75,seir,alt,1.0,0.3,0.16515,0.713642,0.566278,0.302194,0.035408,0.394035,0.055987
BOLIVIA,BENI,2020-09-20,poisson,3,0.75,hostvector_tempmort,central,1.0,0.3,0.16515,1.188203,0.5589,0.288279,0.034285,0.178649,0.025
BOLIVIA,BENI,2020-09-20,poisson,3,0.75,hostvector_tempmort,alt,1.0,0.3,0.16515,1.241425,0.674795,0.322465,0.040988,0.144036,0.024423
BOLIVIA,BENI,2020-09-20,poisson,5,1.0,hostvector,central,1.0,0.3,0.16515,0.0,0.306609,0.210565,0.02073,0.143155,0.012689
BOLIVIA,BENI,2020-09-20,poisson,5,1.0,hostvector,alt,1.0,0.3,0.16515,0.0,0.43921,0.233785,0.025201,0.115681,0.014714
BOLIVIA,BENI,2020-09-20,poisson,5,1.0,seir,central,1.0,0.3,0.16515,0.0,0.061214,0.240245,0.023843,0.30093,0.007007
BOLIVIA,BENI,2020-09-20,poisson,5,1.0,seir,alt,1.0,0.3,0.16515,0.0,0.399094,0.250674,0.028219,0.379005,0.043092
BOLIVIA,BENI,2020-09-20,poisson,5,1.0,hostvector_tempmort,central,1.0,0.3,0.16515,0.0,0.399011,0.196019,0.021499,0.147695,0.016615
BOLIVIA,BENI,2020-09-20,poisson,5,1.0,hostvector_tempmort,alt,1.0,0.3,0.16515,0.0,0.258529,0.219547,0.021049,0.119187,0.008912
BOLIVIA,BENI,2020-09-20,poisson,5,0.75,hostvector,central,1.0,0.3,0.16515,0.0,0.290243,0.212236,0.024481,0.143166,0.012138
BOLIVIA,BENI,2020-09-20,poisson,5,0.75,hostvector,alt,1.0,0.3,0.16515,0.0,0.62739,0.234794,0.031764,0.115685,0.020937
BOLIVIA,BENI,2020-09-20,poisson,5,0.75,seir,central,1.0,0.3,0.16515,0.0,0.550567,0.245088,0.032058,0.301138,0.047073
BOLIVIA,BENI,2020-09-20,poisson,5,0.75,seir,alt,1.0,0.3,0.16515,0.0,0.006405,0.25608,0.025874,0.379326,0.006694
BOLIVIA,BENI,2020-09-20,poisson,5,0.75,hostvector_tempmort,central,1.0,0.3,0.16515,0.0,0.446218,0.19758,0.0242,0.147716,0.018511
BOLIVIA,BENI,2020-09-20,poisson,5,0.75,hostvector_tempmort,alt,1.0,0.3,0.16515,0.0,,0.220496,,0.119195,
BOLIVIA,BENI,2020-09-20,poisson,7,1.0,hostvector,central,1.0,0.3,0.16515,0.0,0.006182,0.224837,0.031416,0.159598,0.002823
BOLIVIA,BENI,2020-09-20,poisson,7,1.0,hostvector,alt,1.0,0.3,0.16515,0.0,0.327059,0.244678,0.030344,0.130117,0.013296
BOLIVIA,BENI,2020-09-20,poisson,7,1.0,seir,central,1.0,0.3,0.16515,0.0,0.052304,0.309991,0.060178,0.34948,0.010838
BOLIVIA,BENI,2020-09-20,poisson,7,1.0,seir,alt,1.0,0.3,0.16515,0.0,0.032669,0.340061,0.066322,0.443726,0.014905
BOLIVIA,BENI,2020-09-20,poisson,7,1.0,hostvector_tempmort,central,1.0,0.3,0.16515,0.0,0.024509,0.213529,0.024924,0.162867,0.00299
BOLIVIA,BENI,2020-09-20,poisson,7,1.0,hostvector_tempmort,alt,1.0,0.3,0.16515,0.0,0.435234,0.233913,0.028955,0.132614,0.017644
BOLIVIA,BENI,2020-09-20,poisson,7,0.75,hostvector,central,1.0,0.3,0.16515,0.0,0.616031,0.230401,0.035706,0.159758,0.030231
BOLIVIA,BENI,2020-09-20,poisson,7,0.75,hostvector,alt,1.0,0.3,0.16515,0.0,0.68596,0.250357,0.037884,0.130232,0.027474
BOLIVIA,BENI,2020-09-20,poisson,7,0.75,seir,central,1.0,0.3,0.16515,0.0,0.600313,0.32281,0.046294,0.350837,0.065807
BOLIVIA,BENI,2020-09-20,poisson,7,0.75,seir,alt,1.0,0.3,0.16515,0.0,0.116277,0.352956,0.042183,0.445552,0.020065
BOLIVIA,BENI,2020-09-20,poisson,7,0.75,hostvector_tempmort,central,1.0,0.3,0.16515,0.0,0.540876,0.218843,0.033609,0.163061,0.026883
BOLIVIA,BENI,2020-09-20,poisson,7,0.75,hostvector_tempmort,alt,1.0,0.3,0.16515,0.0,0.020597,0.239255,0.032987,0.132752,0.002945
BRAZIL,BRAZIL,2015-11-08,nb,3,1.0,hostvector,central,1.0,0.3,0.323299,0.0,,-0.351051,,0.295162,
BRAZIL,BRAZIL,2015-11-08,nb,3,1.0,hostvector,alt,1.0,0.3,0.323299,0.0,1.5e-05,-0.198325,0.452514,0.228161,0.076287
BRAZIL,BRAZIL,2015-11-08,nb,3,1.0,seir,central,1.0,0.3,0.323299,0.0,,-0.420411,,0.668846,
BRAZIL,BRAZIL,2015-11-08,nb,3,1.0,seir,alt,1.0,0.3,0.323299,0.0,4.2e-05,-0.456576,0.254944,0.866422,0.237748
BRAZIL,BRAZIL,2015-11-08,nb,3,1.0,hostvector_tempmort,central,1.0,0.3,0.323299,5.6e-05,0.574221,-0.567055,0.480728,0.333335,0.224142
BRAZIL,BRAZIL,2015-11-08,nb,3,1.0,hostvector_tempmort,alt,1.0,0.3,0.323299,0.0,,-0.571241,,0.278514,
BRAZIL,BRAZIL,2015-11-08,nb,3,0.75,hostvector,central,1.0,0.3,0.323299,0.001343,2.335224,0.439037,0.839084,0.18298,0.365959
BRAZIL,BRAZIL,2015-11-08,nb,3,0.75,hostvector,alt,1.0,0.3,0.323299,0.0,,1.006878,,0.108962,
BRAZIL,BRAZIL,2015-11-08,nb,3,0.75,seir,central,1.0,0.3,0.323299,0.0,0.183032,0.103982,0.776427,0.487386,0.236899
BRAZIL,BRAZIL,2015-11-08,nb,3,0.75,seir,alt,1.0,0.3,0.323299,0.000629,3.872675,0.488312,1.067661,0.494521,1.579369
BRAZIL,BRAZIL,2015-11-08,nb,3,0.75,hostvector_tempmort,central,1.0,0.3,0.323299,2.2e-05,2.493718,0.43069,0.837385,0.184018,0.381537
BRAZIL,BRAZIL,2015-11-08,nb,3,0.75,hostvector_tempmort,alt,1.0,0.3,0.323299,0.000335,3.884678,1.055791,0.902726,0.105826,0.30703
BRAZIL,BRAZIL,2015-11-08,nb,5,1.0,hostvector,central,1.0,0.3,0.323299,0.372367,0.587229,-0.708799,0.252424,0.477783,0.250473
BRAZIL,BRAZIL,2015-11-08,nb,5,1.0,hostvector,alt,1.0,0.3,0.323299,0.648718,0.901045,-0.738943,0.268279,0.505172,0.377602
BRAZIL,BRAZIL,2015-11-08,nb,5,1.0,seir,central,1.0,0.3,0.323299,0.482003,,-0.874345,,1.227659,
BRAZIL,BRAZIL,2015-11-08,nb,5,1.0,seir,alt,1.0,0.3,0.323299,0.414166,,-0.845581,,1.460365,
BRAZIL,BRAZIL,2015-11-08,nb,5,1.0,hostvector_tempmort,central,1.0,0.3,0.323299,0.0,0.03186,-0.663731,0.139985,0.356476,0.044735
BRAZIL,BRAZIL,2015-11-08,nb,5,1.0,hostvector_tempmort,alt,1.0,0.3,0.323299,0.001891,0.317582,-0.691647,0.226938,0.30694,0.092476
BRAZIL,BRAZIL,2015-11-08,nb,5,0.75,hostvector,central,1.0,0.3,0.323299,3e-06,1.58789,-0.639839,0.282832,0.350438,0.430286
BRAZIL,BRAZIL,2015-11-08,nb,5,0.75,hostvector,alt,1.0,0.3,0.323299,0.339588,2.054367,-0.688866,0.320004,0.391727,0.630879
BRAZIL,BRAZIL,2015-11-08,nb,5,0.75,seir,central,1.0,0.3,0.323299,0.0,0.456175,-0.7897,0.257807,0.824383,0.309048
BRAZIL,BRAZIL,2015-11-08,nb,5,0.75,seir,alt,1.0,0.3,0.323299,0.001084,2.152949,-0.752645,0.285602,1.029185,1.714305
BRAZIL,BRAZIL,2015-11-08,nb,5,0.75,hostvector_tempmort,central,1.0,0.3,0.323299,0.0,,-0.646239,,0.352698,
BRAZIL,BRAZIL,2015-11-08,nb,5,0.75,hostvector_tempmort,alt,1.0,0.3,0.323299,0.121161,2.03222,-0.675944,0.277054,0.332354,0.527059
BRAZIL,BRAZIL,2015-11-08,nb,7,1.0,hostvector,central,1.0,0.3,0.323299,0.0,0.046948,-0.312867,0.164849,0.27529,0.036365
BRAZIL,BRAZIL,2015-11-08,nb,7,1.0,hostvector,alt,1.0,0.3,0.323299,1.1e-05,0.259714,-0.262388,0.221487,0.233997,0.055738
BRAZIL,BRAZIL,2015-11-08,nb,7,1.0,seir,central,1.0,0.3,0.323299,0.0,0.000176,-0.388955,0.232046,0.609532,0.128719
BRAZIL,BRAZIL,2015-11-08,nb,7,1.0,seir,alt,1.0,0.3,0.323299,0.0,,-0.386806,,0.765691,
BRAZIL,BRAZIL,2015-11-08,nb,7,1.0,hostvector_tempmort,central,1.0,0.3,0.323299,0.0,9.3e-05,-0.463133,0.167657,0.279851,0.042837
BRAZIL,BRAZIL,2015-11-08,nb,7,1.0,hostvector_tempmort,alt,1.0,0.3,0.323299,0.0,,-0.421642,,0.238131,
BRAZIL,BRAZIL,2015-11-08,nb,7,0.75,hostvector,central,1.0,0.3,0.323299,0.001119,1.884348,-0.260972,0.212328,0.274226,0.377783
BRAZIL,BRAZIL,2015-11-08,nb,7,0.75,hostvector,alt,1.0,0.3,0.323299,0.036064,2.535387,-0.260082,0.231463,0.239367,0.444342
BRAZIL,BRAZIL,2015-11-08,nb,7,0.75,seir,central,1.0,0.3,0.323299,1e-06,1.982931,-0.313428,0.234055,0.614748,0.87622
BRAZIL,BRAZIL,2015-11-08,nb,7,0.75,seir,alt,1.0,0.3,0.323299,0.000691,2.761676,-0.297445,0.229439,0.775591,1.571723
BRAZIL,BRAZIL,2015-11-08,nb,7,0.75,hostvector_tempmort,central,1.0,0.3,0.323299,0.0,9e-06,-0.268091,0.221645,0.275763,0.029953
BRAZIL,BRAZIL,2015-11-08,nb,7,0.75,hostvector_tempmort,alt,1.0,0.3,0.323299,4e-06,2.309071,-0.2634,0.221324,0.234576,0.401584
BRAZIL,BRAZIL,2015-11-08,poisson,3,1.0,hostvector,central,1.0,0.3,0.323299,0.0,2.932455,-0.100359,1.037236,0.250001,0.554506
BRAZIL,BRAZIL,2015-11-08,poisson,3,1.0,hostvector,alt,1.0,0.3,0.323299,0.0,3.070236,-0.107284,1.195916,0.210928,0.490487
BRAZIL,BRAZIL,2015-11-08,poisson,3,1.0,seir,central,1.0,0.3,0.323299,0.0,3.453694,-0.092853,1.396948,0.568507,1.504151
BRAZIL,BRAZIL,2015-11-08,poisson,3,1.0,seir,alt,1.0,0.3,0.323299,0.0,2.992169,-0.158337,1.479452,0.735365,1.708706
BRAZIL,BRAZIL,2015-11-08,poisson,3,1.0,hostvector_tempmort,central,1.0,0.3,0.323299,0.0,2.802493,-0.094253,1.027266,0.251199,0.53433
BRAZIL,BRAZIL,2015-11-08,poisson,3,1.0,hostvector_tempmort,alt,1.0,0.3,0.323299,0.0,3.242513,-0.102044,1.188826,0.211716,0.514931
BRAZIL,BRAZIL,2015-11-08,poisson,3,0.75,hostvector,central,1.0,0.3,0.323299,0.0,3.634361,-0.099565,1.24487,0.24992,0.684152
BRAZIL,BRAZIL,2015-11-08,poisson,3,0.75,hostvector,alt,1.0,0.3,0.323299,0.0,4.238764,-0.107584,1.435876,0.210951,0.669569
BRAZIL,BRAZIL,2015-11-08,poisson,3,0.75,seir,central,1.0,0.3,0.323299,0.0,0.689572,-0.089865,1.924967,0.56788,0.616766
BRAZIL,BRAZIL,2015-11-08,poisson,3,0.75,seir,alt,1.0,0.3,0.323299,0.0,3.313979,-0.155448,1.773565,0.734571,1.888679
BRAZIL,BRAZIL,2015-11-08,poisson,3,0.75,hostvector_tempmort,central,1.0,0.3,0.323299,0.0,3.605514,-0.093031,1.231376,0.251077,0.682326
BRAZIL,BRAZIL,2015-11-08,poisson,3,0.75,hostvector_tempmort,alt,1.0,0.3,0.323299,0.0,4.22658,-0.101403,1.422725,0.211662,0.669925
BRAZIL,BRAZIL,2015-11-08,poisson,5,1.0,hostvector,central,1.0,0.3,0.323299,2.691882,,-1.584546,,5.133241,
BRAZIL,BRAZIL,2015-11-08,poisson,5,1.0,hostvector,alt,1.0,0.3,0.323299,2.259176,,-1.580311,,3.222341,
BRAZIL,BRAZIL,2015-11-08,poisson,5,1.0,seir,central,1.0,0.3,0.323299,3.233978,,-1.848931,,21.960906,
BRAZIL,BRAZIL,2015-11-08,poisson,5,1.0,seir,alt,1.0,0.3,0.323299,2.677392,,-1.773437,,17.898747,
BRAZIL,BRAZIL,2015-11-08,poisson,5,1.0,hostvector_tempmort,central,1.0,0.3,0.323299,2.673691,,-1.580238,,5.084036,
BRAZIL,BRAZIL,2015-11-08,poisson,5,1.0,hostvector_tempmort,alt,1.0,0.3,0.323299,2.315049,,-1.581989,,3.369159,
BRAZIL,BRAZIL,2015-11-08,poisson,5,0.75,hostvector,central,1.0,0.3,0.323299,2.694745,,-1.584562,,5.144585,
BRAZIL,BRAZIL,2015-11-08,poisson,5,0.75,hostvector,alt,1.0,0.3,0.323299,2.263205,,-1.580412,,3.232276,
BRAZIL,BRAZIL,2015-11-08,poisson,5,0.75,seir,central,1.0,0.3,0.323299,3.232896,,-1.848711,,21.944499,
BRAZIL,BRAZIL,2015-11-08,poisson,5,0.75,seir,alt,1.0,0.3,0.323299,2.680603,,-1.773482,,17.942652,
BRAZIL,BRAZIL,2015-11-08,poisson,5,0.75,hostvector_tempmort,central,1.0,0.3,0.323299,2.676731,,-1.580288,,5.095898,
BRAZIL,BRAZIL,2015-11-08,poisson,5,0.75,hostvector_tempmort,alt,1.0,0.3,0.323299,2.319412,,-1.582074,,3.380445,
BRAZIL,BRAZIL,2015-11-08,poisson,7,1.0,hostvector,central,1.0,0.3,0.323299,0.0,3.06949,0.220992,0.45657,0.209648,0.463915
BRAZIL,BRAZIL,2015-11-08,poisson,7,1.0,hostvector,alt,1.0,0.3,0.323299,0.0,3.476688,0.224139,0.496341,0.176461,0.44042
BRAZIL,BRAZIL,2015-11-08,poisson,7,1.0,seir,central,1.0,0.3,0.323299,1e-06,3.775557,0.279776,0.558161,0.463477,1.250976
BRAZIL,BRAZIL,2015-11-08,poisson,7,1.0,seir,alt,1.0,0.3,0.323299,0.0,4.084855,0.294649,0.553602,0.582204,1.691211
BRAZIL,BRAZIL,2015-11-08,poisson,7,1.0,hostvector_tempmort,central,1.0,0.3,0.323299,0.0,2.990972,0.219384,0.451684,0.211472,0.456326
BRAZIL,BRAZIL,2015-11-08,poisson,7,1.0,hostvector_tempmort,alt,1.0,0.3,0.323299,0.0,3.6493,0.221968,0.494613,0.177794,0.465723
BRAZIL,BRAZIL,2015-11-08,poisson,7,0.75,hostvector,central,1.0,0.3,0.323299,0.0,3.923655,0.221063,0.550003,0.209652,0.592375
BRAZIL,BRAZIL,2015-11-08,poisson,7,0.75,hostvector,alt,1.0,0.3,0.323299,0.0,4.619854,0.224213,0.600477,0.176457,0.584695
BRAZIL,BRAZIL,2015-11-08,poisson,7,0.75,seir,central,1.0,0.3,0.323299,0.0,4.787241,0.279982,0.67151,0.463477,1.584603
BRAZIL,BRAZIL,2015-11-08,poisson,7,0.75,seir,alt,1.0,0.3,0.323299,0.0,4.920954,0.294785,0.661614,0.582231,2.037646
BRAZIL,BRAZIL,2015-11-08,poisson,7,0.75,hostvector_tempmort,central,1.0,0.3,0.323299,0.0,3.885701,0.219465,0.544474,0.211478,0.591919
BRAZIL,BRAZIL,2015-11-08,poisson,7,0.75,hostvector_tempmort,alt,1.0,0.3,0.323299,0.0,4.604294,0.222038,0.595028,0.177795,0.587145
BOLIVIA,COCHABAMBA,2017-11-05,nb,3,1.0,hostvector,central,1.0,0.3,3.523879,0.003628,0.542147,2.387374,0.0,3.228308,3.278054
BOLIVIA,COCHABAMBA,2017-11-05,nb,3,1.0,hostvector,alt,1.0,0.3,3.523879,0.0,,1.110477,,1.40498,
BOLIVIA,COCHABAMBA,2017-11-05,nb,3,1.0,seir,central,1.0,0.3,3.523879,0.000321,2.599789,1.162766,8.245389,4.278617,41.647408
BOLIVIA,COCHABAMBA,2017-11-05,nb,3,1.0,seir,alt,1.0,0.3,3.523879,0.00158,43.910944,-2.434956,188.994799,0.635604,127.726831
BOLIVIA,COCHABAMBA,2017-11-05,nb,3,1.0,hostvector_tempmort,central,1.0,0.3,3.523879,0.019687,0.007717,2.484061,0.086097,3.744462,0.098553
BOLIVIA,COCHABAMBA,2017-11-05,nb,3,1.0,hostvector_tempmort,alt,1.0,0.3,3.523879,0.002378,59.614024,1.09791,266.041429,1.459824,407.14521
BOLIVIA,COCHABAMBA,2017-11-05,nb,3,0.75,hostvector,central,1.0,0.3,3.523879,0.003628,0.666393,2.387374,0.0,3.228308,4.030683
BOLIVIA,COCHABAMBA,2017-11-05,nb,3,0.75,hostvector,alt,1.0,0.3,3.523879,0.0,,1.102314,,1.397848,
BOLIVIA,COCHABAMBA,2017-11-05,nb,3,0.75,seir,central,1.0,0.3,3.523879,0.000275,3.173376,1.161029,10.030958,4.273422,50.746866
BOLIVIA,COCHABAMBA,2017-11-05,nb,3,0.75,seir,alt,1.0,0.3,3.523879,0.001791,51.860513,-2.425543,223.1801,0.639602,151.785716
BOLIVIA,COCHABAMBA,2017-11-05,nb,3,0.75,hostvector_tempmort,central,1.0,0.3,3.523879,0.019571,1.181125,2.484018,0.0,3.743496,8.272349
BOLIVIA,COCHABAMBA,2017-11-05,nb,3,0.75,hostvector_tempmort,alt,1.0,0.3,3.523879,0.002584,74.234984,1.10513,331.250373,1.46699,509.457768
BOLIVIA,COCHABAMBA,2017-11-05,nb,5,1.0,hostvector,central,1.0,0.3,3.523879,0.00266,0.005156,-10.55595,0.272392,0.001373,0.000289
BOLIVIA,COCHABAMBA,2017-11-05,nb,5,1.0,hostvector,alt,1.0,0.3,3.523879,13.557464,65.997438,-21.035871,2123.729005,127003.080206,142262240.007324
BOLIVIA,COCHABAMBA,2017-11-05,nb,5,1.0,seir,central,1.0,0.3,3.523879,0.005967,5.42363,-11.394899,29.97926,0.002388,0.019519
BOLIVIA,COCHABAMBA,2017-11-05,nb,5,1.0,seir,alt,1.0,0.3,3.523879,4.126399,1991.320093,-19.94847,8757.494096,0.050539,72.450691
BOLIVIA,COCHABAMBA,2017-11-05,nb,5,1.0,hostvector_tempmort,central,1.0,0.3,3.523879,0.001874,6.12499,-9.52564,31.44054,0.002683,0.020197
BOLIVIA,COCHABAMBA,2017-11-05,nb,5,1.0,hostvector_tempmort,alt,1.0,0.3,3.523879,13.957642,50.745301,-22.697863,1564.0347,111958.042932,92251379.868038
BOLIVIA,COCHABAMBA,2017-11-05,nb,5,0.75,hostvector,central,1.0,0.3,3.523879,0.003216,0.047312,-10.411084,0.610548,0.001528,0.000494
BOLIVIA,COCHABAMBA,2017-11-05,nb,5,0.75,hostvector,alt,1.0,0.3,3.523879,13.557544,85.682149,-21.040143,2608.213484,126702.827343,173182975.485452
BOLIVIA,COCHABAMBA,2017-11-05,nb,5,0.75,seir,central,1.0,0.3,3.523879,0.007449,6.502506,-11.404656,35.979901,0.002381,0.023375
BOLIVIA,COCHABAMBA,2017-11-05,nb,5,0.75,seir,alt,1.0,0.3,3.523879,4.12963,2470.054212,-19.965631,10862.405186,0.050332,89.487664
BOLIVIA,COCHABAMBA,2017-11-05,nb,5,0.75,hostvector_tempmort,central,1.0,0.3,3.523879,0.001565,6.472078,-9.522017,33.343976,0.002687,0.021836
BOLIVIA,COCHABAMBA,2017-11-05,nb,5,0.75,hostvector_tempmort,alt,1.0,0.3,3.523879,13.957428,60.450959,-22.695961,1858.624704,112038.315485,109679643.307861
BOLIVIA,COCHABAMBA,2017-11-05,nb,7,1.0,hostvector,central,1.0,0.3,3.523879,0.002929,1.201084,3.124281,0.0,4.199954,9.378504
BOLIVIA,COCHABAMBA,2017-11-05,nb,7,1.0,hostvector,alt,1.0,0.3,3.523879,0.000948,0.000454,-14.27551,0.083012,0.000208,
BOLIVIA,COCHABAMBA,2017-11-05,nb,7,1.0,seir,central,1.0,0.3,3.523879,2.1e-05,1.1848,2.723244,1.910962,9.627049,25.707069
BOLIVIA,COCHABAMBA,2017-11-05,nb,7,1.0,seir,alt,1.0,0.3,3.523879,0.002421,71.722415,-26.680581,8191.189336,1e-06,0.003179
BOLIVIA,COCHABAMBA,2017-11-05,nb,7,1.0,hostvector_tempmort,central,1.0,0.3,3.523879,0.004089,0.035436,2.603224,,3.330961,
BOLIVIA,COCHABAMBA,2017-11-05,nb,7,1.0,hostvector_tempmort,alt,1.0,0.3,3.523879,0.000116,15.966075,-15.315156,1091.352962,0.000119,0.070586
BOLIVIA,COCHABAMBA,2017-11-05,nb,7,0.75,hostvector,central,1.0,0.3,3.523879,0.0045,0.013355,3.124955,0.138122,4.213858,0.23276
BOLIVIA,COCHABAMBA,2017-11-05,nb,7,0.75,hostvector,alt,1.0,0.3,3.523879,0.0007,0.057319,-14.222738,,0.000215,
BOLIVIA,COCHABAMBA,2017-11-05,nb,7,0.75,seir,central,1.0,0.3,3.523879,3e-06,0.712794,2.723423,2.279628,9.627731,19.68711
BOLIVIA,COCHABAMBA,2017-11-05,nb,7,0.75,seir,alt,1.0,0.3,3.523879,0.001175,78.903421,-26.667563,9021.11602,1e-06,0.003519
BOLIVIA,COCHABAMBA,2017-11-05,nb,7,0.75,hostvector_tempmort,central,1.0,0.3,3.523879,0.004042,0.042447,2.602762,,3.329202,
BOLIVIA,COCHABAMBA,2017-11-05,nb,7,0.75,hostvector_tempmort,alt,1.0,0.3,3.523879,0.000169,19.868707,-15.322103,1356.825346,0.000119,0.087411
BOLIVIA,COCHABAMBA,2017-11-05,poisson,3,1.0,hostvector,central,1.0,0.3,3.523879,2.121238,1.598766,-23.492105,6.657629,5e-06,3.4e-05
BOLIVIA,COCHABAMBA,2017-11-05,poisson,3,1.0,hostvector,alt,1.0,0.3,3.523879,6e-06,1.199158,-34.341408,6.629207,0.0,0.0
BOLIVIA,COCHABAMBA,2017-11-05,poisson,3,1.0,seir,central,1.0,0.3,3.523879,0.0,0.505027,2.057016,0.794374,6.519198,7.420509
BOLIVIA,COCHABAMBA,2017-11-05,poisson,3,1.0,seir,alt,1.0,0.3,3.523879,4.693596,30.655034,-61.839223,99.361794,0.0,0.0
BOLIVIA,COCHABAMBA,2017-11-05,poisson,3,1.0,hostvector_tempmort,central,1.0,0.3,3.523879,6e-06,2.030393,-31.746014,8.107685,0.0,0.0
BOLIVIA,COCHABAMBA,2017-11-05,poisson,3,1.0,hostvector_tempmort,alt,1.0,0.3,3.523879,0.000239,9.439056,-35.017162,28.113623,0.0,0.0
BOLIVIA,COCHABAMBA,2017-11-05,poisson,3,0.75,hostvector,central,1.0,0.3,3.523879,2.121112,1.90178,-23.492588,7.919223,5e-06,4e-05
BOLIVIA,COCHABAMBA,2017-11-05,poisson,3,0.75,hostvector,alt,1.0,0.3,3.523879,0.231707,0.223468,-32.633037,2.284976,0.0,0.0
BOLIVIA,COCHABAMBA,2017-11-05,poisson,3,0.75,seir,central,1.0,0.3,3.523879,0.0,0.030819,2.057109,0.943991,6.519584,4.078925
BOLIVIA,COCHABAMBA,2017-11-05,poisson,3,0.75,seir,alt,1.0,0.3,3.523879,4.693596,,-61.839223,,0.0,
BOLIVIA,COCHABAMBA,2017-11-05,poisson,3,0.75,hostvector_tempmort,central,1.0,0.3,3.523879,4e-06,2.414016,-31.746026,9.639498,0.0,0.0
BOLIVIA,COCHABAMBA,2017-11-05,poisson,3,0.75,hostvector_tempmort,alt,1.0,0.3,3.523879,0.000221,11.233665,-35.016897,33.458248,0.0,0.0
BOLIVIA,COCHABAMBA,2017-11-05,poisson,5,1.0,hostvector,central,1.0,0.3,3.523879,14.102375,0.811164,-43.022674,3.612381,0.670708,0.489271
BOLIVIA,COCHABAMBA,2017-11-05,poisson,5,1.0,hostvector,alt,1.0,0.3,3.523879,0.141671,0.013548,-8.995739,0.211318,0.004254,0.000763
BOLIVIA,COCHABAMBA,2017-11-05,poisson,5,1.0,seir,central,1.0,0.3,3.523879,2.512947,5.680057,-24.161347,29.503244,0.000137,0.000955
BOLIVIA,COCHABAMBA,2017-11-05,poisson,5,1.0,seir,alt,1.0,0.3,3.523879,4.553482,450.379251,-29.72127,2147.861871,0.000308,0.131621
BOLIVIA,COCHABAMBA,2017-11-05,poisson,5,1.0,hostvector_tempmort,central,1.0,0.3,3.523879,14.311227,0.704319,-44.948656,3.288415,0.338274,0.239667
BOLIVIA,COCHABAMBA,2017-11-05,poisson,5,1.0,hostvector_tempmort,alt,1.0,0.3,3.523879,16.458325,1.351641,-47.023189,7.687272,5.907496,13.08611
BOLIVIA,COCHABAMBA,2017-11-05,poisson,5,0.75,hostvector,central,1.0,0.3,3.523879,14.102541,0.965489,-43.023405,4.29976,0.670624,0.582319
BOLIVIA,COCHABAMBA,2017-11-05,poisson,5,0.75,hostvector,alt,1.0,0.3,3.523879,0.122381,0.015255,-8.922901,0.255376,0.004269,0.000914
BOLIVIA,COCHABAMBA,2017-11-05,poisson,5,0.75,seir,central,1.0,0.3,3.523879,2.511479,6.754508,-24.153874,35.084116,0.000137,0.001137
BOLIVIA,COCHABAMBA,2017-11-05,poisson,5,0.75,seir,alt,1.0,0.3,3.523879,4.553347,536.318807,-29.720979,2557.715457,0.000308,0.156725
BOLIVIA,COCHABAMBA,2017-11-05,poisson,5,0.75,hostvector_tempmort,central,1.0,0.3,3.523879,14.311451,0.838326,-44.949554,3.914225,0.338235,0.285259
BOLIVIA,COCHABAMBA,2017-11-05,poisson,5,0.75,hostvector_tempmort,alt,1.0,0.3,3.523879,16.458324,1.682162,-47.023081,9.689435,5.907868,16.510182
BOLIVIA,COCHABAMBA,2017-11-05,poisson,7,1.0,hostvector,central,1.0,0.3,3.523879,7.35023,0.606842,4.272164,2.759534,1953358.629001,1351415.550539
BOLIVIA,COCHABAMBA,2017-11-05,poisson,7,1.0,hostvector,alt,1.0,0.3,3.523879,0.000354,0.187729,-15.936741,0.779155,6.4e-05,2.5e-05
BOLIVIA,COCHABAMBA,2017-11-05,poisson,7,1.0,seir,central,1.0,0.3,3.523879,0.0,0.062006,-8.79483,18.648409,0.010937,0.117379
BOLIVIA,COCHABAMBA,2017-11-05,poisson,7,1.0,seir,alt,1.0,0.3,3.523879,8e-06,1.916563,-33.429598,1120.445904,0.0,7e-06
BOLIVIA,COCHABAMBA,2017-11-05,poisson,7,1.0,hostvector_tempmort,central,1.0,0.3,3.523879,0.003067,0.016295,2.246999,,2.342381,
BOLIVIA,COCHABAMBA,2017-11-05,poisson,7,1.0,hostvector_tempmort,alt,1.0,0.3,3.523879,0.000281,,-20.007649,,7e-06,
BOLIVIA,COCHABAMBA,2017-11-05,poisson,7,0.75,hostvector,central,1.0,0.3,3.523879,7.350306,0.722421,4.271881,3.285012,1953329.729263,1608388.431976
BOLIVIA,COCHABAMBA,2017-11-05,poisson,7,0.75,hostvector,alt,1.0,0.3,3.523879,0.000353,0.333832,-15.937264,1.416631,6.4e-05,3.6e-05
BOLIVIA,COCHABAMBA,2017-11-05,poisson,7,0.75,seir,central,1.0,0.3,3.523879,0.0,0.385224,-8.792949,13.461309,0.010949,0.086003
BOLIVIA,COCHABAMBA,2017-11-05,poisson,7,0.75,seir,alt,1.0,0.3,3.523879,9e-06,2.283925,-33.429192,1334.82043,0.0,9e-06
BOLIVIA,COCHABAMBA,2017-11-05,poisson,7,0.75,hostvector_tempmort,central,1.0,0.3,3.523879,0.003122,0.034355,2.245985,3.763925,2.340461,4.893274
BOLIVIA,COCHABAMBA,2017-11-05,poisson,7,0.75,hostvector_tempmort,alt,1.0,0.3,3.523879,0.000279,0.154086,-19.994861,2.002542,7e-06,4e-06
BRAZIL,BRAZIL,2018-12-02,nb,3,1.0,hostvector,central,1.0,0.3,0.321633,0.004039,1.213564,0.506385,0.125233,0.144963,0.113557
BRAZIL,BRAZIL,2018-12-02,nb,3,1.0,hostvector,alt,1.0,0.3,0.321633,0.973845,1.7761,0.685572,0.18705,0.201734,0.222237
BRAZIL,BRAZIL,2018-12-02,nb,3,1.0,seir,central,1.0,0.3,0.321633,0.000236,1.907346,0.421932,0.314396,0.374898,0.427872
BRAZIL,BRAZIL,2018-12-02,nb,3,1.0,seir,alt,1.0,0.3,0.321633,0.000123,,0.499207,,0.470564,
BRAZIL,BRAZIL,2018-12-02,nb,3,1.0,hostvector_tempmort,central,1.0,0.3,0.321633,0.001033,1.464372,0.392189,0.135335,0.155564,0.147503
BRAZIL,BRAZIL,2018-12-02,nb,3,1.0,hostvector_tempmort,alt,1.0,0.3,0.321633,0.006504,1.677988,0.548322,0.168322,0.116446,0.123745
BRAZIL,BRAZIL,2018-12-02,nb,3,0.75,hostvector,central,1.0,0.3,0.321633,7.1e-05,1.699095,0.513767,0.172102,0.14405,0.155324
BRAZIL,BRAZIL,2018-12-02,nb,3,0.75,hostvector,alt,1.0,0.3,0.321633,0.007705,2.122512,0.600963,0.22494,0.112331,0.149381
BRAZIL,BRAZIL,2018-12-02,nb,3,0.75,seir,central,1.0,0.3,0.321633,0.0,,0.469474,,0.37167,
BRAZIL,BRAZIL,2018-12-02,nb,3,0.75,seir,alt,1.0,0.3,0.321633,0.0,2.2e-05,0.600948,0.326312,0.45362,0.093135
BRAZIL,BRAZIL,2018-12-02,nb,3,0.75,hostvector_tempmort,central,1.0,0.3,0.321633,6.8e-05,1.895622,0.446181,0.183165,0.150614,0.181092
BRAZIL,BRAZIL,2018-12-02,nb,3,0.75,hostvector_tempmort,alt,1.0,0.3,0.321633,8e-06,2.217161,0.566148,0.229974,0.114713,0.159967
BRAZIL,BRAZIL,2018-12-02,nb,5,1.0,hostvector,central,1.0,0.3,0.321633,0.0,,0.642557,,0.16453,
BRAZIL,BRAZIL,2018-12-02,nb,5,1.0,hostvector,alt,1.0,0.3,0.321633,0.000393,1.271806,0.71283,0.193023,0.130638,0.108461
BRAZIL,BRAZIL,2018-12-02,nb,5,1.0,seir,central,1.0,0.3,0.321633,1.264746,1.715111,-0.029756,0.587939,0.815411,0.564768
BRAZIL,BRAZIL,2018-12-02,nb,5,1.0,seir,alt,1.0,0.3,0.321633,1.337883,,-0.06111,,1.075591,
BRAZIL,BRAZIL,2018-12-02,nb,5,1.0,hostvector_tempmort,central,1.0,0.3,0.321633,1.755148,1.331168,-0.174771,0.475206,0.518458,0.28243
BRAZIL,BRAZIL,2018-12-02,nb,5,1.0,hostvector_tempmort,alt,1.0,0.3,0.321633,0.0,,0.645305,,0.135353,
BRAZIL,BRAZIL,2018-12-02,nb,5,0.75,hostvector,central,1.0,0.3,0.321633,0.0,0.221082,0.666329,0.164064,0.16296,0.032619
BRAZIL,BRAZIL,2018-12-02,nb,5,0.75,hostvector,alt,1.0,0.3,0.321633,5.5e-05,1.898188,0.704267,0.312366,0.13153,0.158904
BRAZIL,BRAZIL,2018-12-02,nb,5,0.75,seir,central,1.0,0.3,0.321633,1.100621,2.283279,-0.081109,0.765056,0.753712,0.751296
BRAZIL,BRAZIL,2018-12-02,nb,5,0.75,seir,alt,1.0,0.3,0.321633,1.100777,,-0.145385,,0.953934,
BRAZIL,BRAZIL,2018-12-02,nb,5,0.75,hostvector_tempmort,central,1.0,0.3,0.321633,0.000116,1.856487,0.599883,0.289231,0.168611,0.198999
BRAZIL,BRAZIL,2018-12-02,nb,5,0.75,hostvector_tempmort,alt,1.0,0.3,0.321633,1.9e-05,2.024371,0.681484,0.349544,0.133321,0.170192
BRAZIL,BRAZIL,2018-12-02,nb,7,1.0,hostvector,central,1.0,0.3,0.321633,2.054286,1.031908,-0.363935,0.532827,0.566418,0.36763
BRAZIL,BRAZIL,2018-12-02,nb,7,1.0,hostvector,alt,1.0,0.3,0.321633,3.337213,1.29243,-0.298031,0.67718,0.990448,0.741557
BRAZIL,BRAZIL,2018-12-02,nb,7,1.0,seir,central,1.0,0.3,0.321633,1.094529,1.241457,-0.347927,0.690563,0.691321,0.30192
BRAZIL,BRAZIL,2018-12-02,nb,7,1.0,seir,alt,1.0,0.3,0.321633,1.131545,,-0.358869,,0.884476,
BRAZIL,BRAZIL,2018-12-02,nb,7,1.0,hostvector_tempmort,central,1.0,0.3,0.321633,1.442695,0.753376,-0.460765,0.388805,0.387336,0.168474
BRAZIL,BRAZIL,2018-12-02,nb,7,1.0,hostvector_tempmort,alt,1.0,0.3,0.321633,2.66967,1.408012,-0.406801,0.593582,0.656128,0.54889
BRAZIL,BRAZIL,2018-12-02,nb,7,0.75,hostvector,central,1.0,0.3,0.321633,1.645598,1.559935,-0.4812,0.593956,0.434849,0.408221
BRAZIL,BRAZIL,2018-12-02,nb,7,0.75,hostvector,alt,1.0,0.3,0.321633,2.715981,1.986734,-0.448095,0.836614,0.666798,0.919225
BRAZIL,BRAZIL,2018-12-02,nb,7,0.75,seir,central,1.0,0.3,0.321633,0.642634,1.719433,-0.517032,1.069289,0.520318,0.358945
BRAZIL,BRAZIL,2018-12-02,nb,7,0.75,seir,alt,1.0,0.3,0.321633,0.635451,,-0.540628,,0.646879,
BRAZIL,BRAZIL,2018-12-02,nb,7,0.75,hostvector_tempmort,central,1.0,0.3,0.321633,1.230939,1.338927,-0.539714,0.512578,0.336843,0.259226
BRAZIL,BRAZIL,2018-12-02,nb,7,0.75,hostvector_tempmort,alt,1.0,0.3,0.321633,2.306502,1.800705,-0.505571,0.732443,0.521116,0.622196
BRAZIL,BRAZIL,2018-12-02,poisson,3,1.0,hostvector,central,1.0,0.3,0.321633,3.216507,2.486141,1.51395,0.694307,0.663652,0.804913
BRAZIL,BRAZIL,2018-12-02,poisson,3,1.0,hostvector,alt,1.0,0.3,0.321633,3.776157,3.03543,1.643084,0.877456,0.732912,1.089545
BRAZIL,BRAZIL,2018-12-02,poisson,3,1.0,seir,central,1.0,0.3,0.321633,2.117322,2.628523,1.960514,0.714396,0.762832,0.981004
BRAZIL,BRAZIL,2018-12-02,poisson,3,1.0,seir,alt,1.0,0.3,0.321633,2.210233,2.729315,2.107035,0.781535,0.983583,1.302793
BRAZIL,BRAZIL,2018-12-02,poisson,3,1.0,hostvector_tempmort,central,1.0,0.3,0.321633,3.138845,2.465181,1.506262,0.687912,0.639354,0.769807
BRAZIL,BRAZIL,2018-12-02,poisson,3,1.0,hostvector_tempmort,alt,1.0,0.3,0.321633,3.70201,3.006681,1.637823,0.868901,0.706416,1.041091
BRAZIL,BRAZIL,2018-12-02,poisson,3,0.75,hostvector,central,1.0,0.3,0.321633,3.217459,2.967244,1.51414,0.828673,0.663979,0.961124
BRAZIL,BRAZIL,2018-12-02,poisson,3,0.75,hostvector,alt,1.0,0.3,0.321633,3.776468,3.634315,1.64307,1.050159,0.733047,1.304817
BRAZIL,BRAZIL,2018-12-02,poisson,3,0.75,seir,central,1.0,0.3,0.321633,2.116937,3.134993,1.96047,0.852056,0.762686,1.169807
BRAZIL,BRAZIL,2018-12-02,poisson,3,0.75,seir,alt,1.0,0.3,0.321633,2.210511,3.268156,2.107188,0.935847,0.98369,1.560154
BRAZIL,BRAZIL,2018-12-02,poisson,3,0.75,hostvector_tempmort,central,1.0,0.3,0.321633,3.137668,2.94154,1.506062,0.820849,0.638965,0.918024
BRAZIL,BRAZIL,2018-12-02,poisson,3,0.75,hostvector_tempmort,alt,1.0,0.3,0.321633,3.701904,3.60024,1.637738,1.040495,0.706395,1.246584
BRAZIL,BRAZIL,2018-12-02,poisson,5,1.0,hostvector,central,1.0,0.3,0.321633,1.075734,900.073999,1.895914,128.000459,0.216425,104.848657
BRAZIL,BRAZIL,2018-12-02,poisson,5,1.0,hostvector,alt,1.0,0.3,0.321633,1.006728,1.401264,1.906143,0.211675,0.160901,0.12451
BRAZIL,BRAZIL,2018-12-02,poisson,5,1.0,seir,central,1.0,0.3,0.321633,0.0,3.040825,0.183608,0.657879,0.330843,0.491179
BRAZIL,BRAZIL,2018-12-02,poisson,5,1.0,seir,alt,1.0,0.3,0.321633,0.0,4.006396,0.138298,0.688473,0.415305,0.813893
BRAZIL,BRAZIL,2018-12-02,poisson,5,1.0,hostvector_tempmort,central,1.0,0.3,0.321633,1.037273,891.053115,1.899749,126.04342,0.21277,102.061831
BRAZIL,BRAZIL,2018-12-02,poisson,5,1.0,hostvector_tempmort,alt,1.0,0.3,0.321633,0.969784,1.389209,1.907778,0.208028,0.158319,0.121537
BRAZIL,BRAZIL,2018-12-02,poisson,5,0.75,hostvector,central,1.0,0.3,0.321633,1.075793,1078.134415,1.895912,153.327458,0.216432,125.594607
BRAZIL,BRAZIL,2018-12-02,poisson,5,0.75,hostvector,alt,1.0,0.3,0.321633,1.006299,1.67836,1.906084,0.253526,0.160862,0.149098
BRAZIL,BRAZIL,2018-12-02,poisson,5,0.75,seir,central,1.0,0.3,0.321633,0.0,,0.181274,,0.330667,
BRAZIL,BRAZIL,2018-12-02,poisson,5,0.75,seir,alt,1.0,0.3,0.321633,0.0,5.773152,0.135641,0.844008,0.415024,1.173802
BRAZIL,BRAZIL,2018-12-02,poisson,5,0.75,hostvector_tempmort,central,1.0,0.3,0.321633,1.036231,1067.253668,1.899628,150.978609,0.212651,122.179303
BRAZIL,BRAZIL,2018-12-02,poisson,5,0.75,hostvector_tempmort,alt,1.0,0.3,0.321633,0.962096,1287.681241,1.909684,189.545957,0.157604,112.349304
BRAZIL,BRAZIL,2018-12-02,poisson,7,1.0,hostvector,central,1.0,0.3,0.321633,0.277044,0.960276,-0.761536,0.636157,0.174475,0.051538
BRAZIL,BRAZIL,2018-12-02,poisson,7,1.0,hostvector,alt,1.0,0.3,0.321633,0.447035,1.19606,-0.902637,0.732374,0.152039,0.055143
BRAZIL,BRAZIL,2018-12-02,poisson,7,1.0,seir,central,1.0,0.3,0.321633,3e-05,1.128926,-0.703875,0.818976,0.329339,0.120687
BRAZIL,BRAZIL,2018-12-02,poisson,7,1.0,seir,alt,1.0,0.3,0.321633,0.0,,-0.718104,,0.411577,
BRAZIL,BRAZIL,2018-12-02,poisson,7,1.0,hostvector_tempmort,central,1.0,0.3,0.321633,0.105612,,-0.769992,,0.157918,
BRAZIL,BRAZIL,2018-12-02,poisson,7,1.0,hostvector_tempmort,alt,1.0,0.3,0.321633,0.260633,1.107941,-0.915123,0.719581,0.136418,0.04448
BRAZIL,BRAZIL,2018-12-02,poisson,7,0.75,hostvector,central,1.0,0.3,0.321633,0.0,3.084526,-0.917971,0.791001,0.146383,0.215733
BRAZIL,BRAZIL,2018-12-02,poisson,7,0.75,hostvector,alt,1.0,0.3,0.321633,0.0,2.484956,-1.084227,0.897084,0.114366,0.12967
BRAZIL,BRAZIL,2018-12-02,poisson,7,0.75,seir,central,1.0,0.3,0.321633,0.0,,-0.803407,,0.327757,
BRAZIL,BRAZIL,2018-12-02,poisson,7,0.75,seir,alt,1.0,0.3,0.321633,6.6e-05,7.447555,-0.820223,1.122062,0.409352,1.468052
BRAZIL,BRAZIL,2018-12-02,poisson,7,0.75,hostvector_tempmort,central,1.0,0.3,0.321633,0.0,,-0.899341,,0.147499,
BRAZIL,BRAZIL,2018-12-02,poisson,7,0.75,hostvector_tempmort,alt,1.0,0.3,0.321633,0.0,3.195574,-1.069563,0.898449,0.115322,0.1734
BRAZIL,BRAZIL,2013-12-29,nb,3,1.0,hostvector,central,1.0,0.3,0.312472,2.224744,0.531273,0.303514,0.206589,0.485622,0.108219
BRAZIL,BRAZIL,2013-12-29,nb,3,1.0,hostvector,alt,1.0,0.3,0.312472,4.142773,0.819961,0.250411,0.234418,0.898768,0.28322
BRAZIL,BRAZIL,2013-12-29,nb,3,1.0,seir,central,1.0,0.3,0.312472,1.095446,0.450351,0.44599,0.242191,0.602336,0.111692
BRAZIL,BRAZIL,2013-12-29,nb,3,1.0,seir,alt,1.0,0.3,0.312472,1.425194,0.555193,0.54471,0.290109,0.825217,0.18552
BRAZIL,BRAZIL,2013-12-29,nb,3,1.0,hostvector_tempmort,central,1.0,0.3,0.312472,1.692197,0.529126,0.313478,0.204147,0.39211,0.087577
BRAZIL,BRAZIL,2013-12-29,nb,3,1.0,hostvector_tempmort,alt,1.0,0.3,0.312472,3.475538,0.809831,0.274101,0.236337,0.699691,0.228614
BRAZIL,BRAZIL,2013-12-29,nb,3,0.75,hostvector,central,1.0,0.3,0.312472,2.20801,0.631586,0.29979,0.245358,0.483484,0.128121
BRAZIL,BRAZIL,2013-12-29,nb,3,0.75,hostvector,alt,1.0,0.3,0.312472,4.072978,0.969755,0.242309,0.27789,0.881343,0.330357
BRAZIL,BRAZIL,2013-12-29,nb,3,0.75,seir,central,1.0,0.3,0.312472,1.098474,0.537545,0.444243,0.288855,0.603425,0.133375
BRAZIL,BRAZIL,2013-12-29,nb,3,0.75,seir,alt,1.0,0.3,0.312472,1.417437,0.660811,0.544417,0.345644,0.823176,0.220336
BRAZIL,BRAZIL,2013-12-29,nb,3,0.75,hostvector_tempmort,central,1.0,0.3,0.312472,1.694406,0.631001,0.313114,0.243305,0.392453,0.104473
BRAZIL,BRAZIL,2013-12-29,nb,3,0.75,hostvector_tempmort,alt,1.0,0.3,0.312472,3.456697,0.963151,0.270647,0.281168,0.695942,0.270722
BRAZIL,BRAZIL,2013-12-29,nb,5,1.0,hostvector,central,1.0,0.3,0.312472,2.400911,0.695619,0.010789,0.256572,0.586096,0.111671
BRAZIL,BRAZIL,2013-12-29,nb,5,1.0,hostvector,alt,1.0,0.3,0.312472,4.871011,1.048029,0.298579,0.353144,1.140258,0.295261
BRAZIL,BRAZIL,2013-12-29,nb,5,1.0,seir,central,1.0,0.3,0.312472,0.884373,0.606892,-0.145593,0.232083,0.744425,0.108314
BRAZIL,BRAZIL,2013-12-29,nb,5,1.0,seir,alt,1.0,0.3,0.312472,0.987208,0.807054,-0.198996,0.267251,1.025988,0.201844
BRAZIL,BRAZIL,2013-12-29,nb,5,1.0,hostvector_tempmort,central,1.0,0.3,0.312472,1.494805,0.728569,-0.155097,0.25879,0.445724,0.0964
BRAZIL,BRAZIL,2013-12-29,nb,5,1.0,hostvector_tempmort,alt,1.0,0.3,0.312472,4.00471,1.131667,0.135276,0.364886,0.898176,0.267773
BRAZIL,BRAZIL,2013-12-29,nb,5,0.75,hostvector,central,1.0,0.3,0.312472,2.360901,0.831516,-0.007072,0.308937,0.581357,0.132471
BRAZIL,BRAZIL,2013-12-29,nb,5,0.75,hostvector,alt,1.0,0.3,0.312472,4.782735,1.262531,0.271261,0.42755,1.119581,0.350117
BRAZIL,BRAZIL,2013-12-29,nb,5,0.75,seir,central,1.0,0.3,0.312472,0.845527,0.725556,-0.154096,0.276848,0.738263,0.128289
BRAZIL,BRAZIL,2013-12-29,nb,5,0.75,seir,alt,1.0,0.3,0.312472,0.94863,0.968196,-0.216405,0.320507,1.020355,0.241525
BRAZIL,BRAZIL,2013-12-29,nb,5,0.75,hostvector_tempmort,central,1.0,0.3,0.312472,1.482748,0.871268,-0.158343,0.309331,0.444318,0.114956
BRAZIL,BRAZIL,2013-12-29,nb,5,0.75,hostvector_tempmort,alt,1.0,0.3,0.312472,3.962556,1.352512,0.122131,0.437566,0.889237,0.317666
BRAZIL,BRAZIL,2013-12-29,nb,7,1.0,hostvector,central,1.0,0.3,0.312472,2.281601,0.700294,-0.060293,0.188284,0.610046,0.13126
BRAZIL,BRAZIL,2013-12-29,nb,7,1.0,hostvector,alt,1.0,0.3,0.312472,4.261649,1.017062,-0.081107,0.242674,1.163019,0.350263
BRAZIL,BRAZIL,2013-12-29,nb,7,1.0,seir,central,1.0,0.3,0.312472,1.27806,0.580246,0.134613,0.291697,0.647915,0.233473
BRAZIL,BRAZIL,2013-12-29,nb,7,1.0,seir,alt,1.0,0.3,0.312472,1.542594,0.629237,0.168353,0.345029,0.86254,0.417958
BRAZIL,BRAZIL,2013-12-29,nb,7,1.0,hostvector_tempmort,central,1.0,0.3,0.312472,1.670252,0.708277,-0.07194,0.165791,0.485004,0.104906
BRAZIL,BRAZIL,2013-12-29,nb,7,1.0,hostvector_tempmort,alt,1.0,0.3,0.312472,3.4874,1.030961,-0.1112,0.212012,0.909207,0.275353
BRAZIL,BRAZIL,2013-12-29,nb,7,0.75,hostvector,central,1.0,0.3,0.312472,2.253238,0.836422,-0.06759,0.220475,0.60898,0.15488
BRAZIL,BRAZIL,2013-12-29,nb,7,0.75,hostvector,alt,1.0,0.3,0.312472,4.12545,1.222516,-0.096035,0.281365,1.131973,0.396519
BRAZIL,BRAZIL,2013-12-29,nb,7,0.75,seir,central,1.0,0.3,0.312472,1.278087,0.692788,0.136687,0.34847,0.645673,0.278514
BRAZIL,BRAZIL,2013-12-29,nb,7,0.75,seir,alt,1.0,0.3,0.312472,1.537608,0.604329,0.170153,0.175486,0.858922,0.305498
BRAZIL,BRAZIL,2013-12-29,nb,7,0.75,hostvector_tempmort,central,1.0,0.3,0.312472,1.653592,0.843062,-0.072859,0.196336,0.482443,0.124348
BRAZIL,BRAZIL,2013-12-29,nb,7,0.75,hostvector_tempmort,alt,1.0,0.3,0.312472,3.449558,1.229158,-0.114947,0.249644,0.900717,0.325714
BRAZIL,BRAZIL,2013-12-29,poisson,3,1.0,hostvector,central,1.0,0.3,0.312472,2.527986,0.687915,0.699884,0.176763,0.482574,0.150631
BRAZIL,BRAZIL,2013-12-29,poisson,3,1.0,hostvector,alt,1.0,0.3,0.312472,2.818153,0.745103,0.83815,0.205094,0.437001,0.147572
BRAZIL,BRAZIL,2013-12-29,poisson,3,1.0,seir,central,1.0,0.3,0.312472,3.18663,0.791262,0.708215,0.246315,1.416056,0.515505
BRAZIL,BRAZIL,2013-12-29,poisson,3,1.0,seir,alt,1.0,0.3,0.312472,3.560571,0.806877,0.836047,0.279446,2.05379,0.759475
BRAZIL,BRAZIL,2013-12-29,poisson,3,1.0,hostvector_tempmort,central,1.0,0.3,0.312472,2.542368,0.68866,0.698517,0.177083,0.487618,0.152355
BRAZIL,BRAZIL,2013-12-29,poisson,3,1.0,hostvector_tempmort,alt,1.0,0.3,0.312472,2.832442,0.744821,0.836864,0.20511,0.441223,0.148926
BRAZIL,BRAZIL,2013-12-29,poisson,3,0.75,hostvector,central,1.0,0.3,0.312472,2.527984,0.813952,0.699884,0.209149,0.482574,0.178229
BRAZIL,BRAZIL,2013-12-29,poisson,3,0.75,hostvector,alt,1.0,0.3,0.312472,2.81814,0.881618,0.838146,0.24267,0.436999,0.174609
BRAZIL,BRAZIL,2013-12-29,poisson,3,0.75,seir,central,1.0,0.3,0.312472,3.186723,0.936249,0.708218,0.291449,1.416111,0.609987
BRAZIL,BRAZIL,2013-12-29,poisson,3,0.75,seir,alt,1.0,0.3,0.312472,3.560576,0.954711,0.836056,0.330645,2.053785,0.898621
BRAZIL,BRAZIL,2013-12-29,poisson,3,0.75,hostvector_tempmort,central,1.0,0.3,0.312472,2.54237,0.814834,0.698516,0.209528,0.487619,0.180269
BRAZIL,BRAZIL,2013-12-29,poisson,3,0.75,hostvector_tempmort,alt,1.0,0.3,0.312472,2.832455,0.881286,0.836863,0.24269,0.441225,0.176213
BRAZIL,BRAZIL,2013-12-29,poisson,5,1.0,hostvector,central,1.0,0.3,0.312472,4.036224,2.168784,-0.027357,0.488382,1.167142,0.753623
BRAZIL,BRAZIL,2013-12-29,poisson,5,1.0,hostvector,alt,1.0,0.3,0.312472,6.124869,2.639962,0.262448,0.622944,1.997333,1.547831
BRAZIL,BRAZIL,2013-12-29,poisson,5,1.0,seir,central,1.0,0.3,0.312472,2.903371,2.974882,-0.276734,0.543349,1.928444,1.74724
BRAZIL,BRAZIL,2013-12-29,poisson,5,1.0,seir,alt,1.0,0.3,0.312472,4.068674,3.014914,-0.090082,0.574559,3.654038,3.263754
BRAZIL,BRAZIL,2013-12-29,poisson,5,1.0,hostvector_tempmort,central,1.0,0.3,0.312472,3.993621,2.170848,-0.036409,0.488518,1.157121,0.748045
BRAZIL,BRAZIL,2013-12-29,poisson,5,1.0,hostvector_tempmort,alt,1.0,0.3,0.312472,6.076854,2.643582,0.253322,0.623736,1.974756,1.532452
BRAZIL,BRAZIL,2013-12-29,poisson,5,0.75,hostvector,central,1.0,0.3,0.312472,4.035947,2.566196,-0.027436,0.577874,1.16706,0.891667
BRAZIL,BRAZIL,2013-12-29,poisson,5,0.75,hostvector,alt,1.0,0.3,0.312472,6.12469,3.123692,0.262415,0.737089,1.997214,1.831336
BRAZIL,BRAZIL,2013-12-29,poisson,5,0.75,seir,central,1.0,0.3,0.312472,2.903391,3.339387,-0.27674,0.625006,1.928464,1.944927
BRAZIL,BRAZIL,2013-12-29,poisson,5,0.75,seir,alt,1.0,0.3,0.312472,4.068698,4.177642,-0.090075,0.782737,3.65406,4.556092
BRAZIL,BRAZIL,2013-12-29,poisson,5,0.75,hostvector_tempmort,central,1.0,0.3,0.312472,3.993721,2.568615,-0.036396,0.57803,1.157168,0.885146
BRAZIL,BRAZIL,2013-12-29,poisson,5,0.75,hostvector_tempmort,alt,1.0,0.3,0.312472,6.076674,3.127934,0.253278,0.73802,1.974649,1.813129
BRAZIL,BRAZIL,2013-12-29,poisson,7,1.0,hostvector,central,1.0,0.3,0.312472,3.606045,0.76507,-0.36783,0.084811,1.668661,0.500507
BRAZIL,BRAZIL,2013-12-29,poisson,7,1.0,hostvector,alt,1.0,0.3,0.312472,4.017635,0.879648,-0.42997,0.09691,1.81644,0.639601
BRAZIL,BRAZIL,2013-12-29,poisson,7,1.0,seir,central,1.0,0.3,0.312472,3.797759,0.899917,-0.493289,0.15611,5.159614,1.94395
BRAZIL,BRAZIL,2013-12-29,poisson,7,1.0,seir,alt,1.0,0.3,0.312472,3.989846,0.934458,-0.681547,0.188329,9.614216,4.161571
BRAZIL,BRAZIL,2013-12-29,poisson,7,1.0,hostvector_tempmort,central,1.0,0.3,0.312472,3.617573,0.768336,-0.367917,0.085534,1.684653,0.506036
BRAZIL,BRAZIL,2013-12-29,poisson,7,1.0,hostvector_tempmort,alt,1.0,0.3,0.312472,4.023266,0.880763,-0.430633,0.097425,1.829924,0.643799
BRAZIL,BRAZIL,2013-12-29,poisson,7,0.75,hostvector,central,1.0,0.3,0.312472,3.606033,0.905243,-0.367828,0.10035,1.668651,0.592204
BRAZIL,BRAZIL,2013-12-29,poisson,7,0.75,hostvector,alt,1.0,0.3,0.312472,4.017618,1.04081,-0.429967,0.114665,1.816419,0.756776
BRAZIL,BRAZIL,2013-12-29,poisson,7,0.75,seir,central,1.0,0.3,0.312472,3.797718,1.064804,-0.493298,0.184711,5.159592,2.300122
BRAZIL,BRAZIL,2013-12-29,poisson,7,0.75,seir,alt,1.0,0.3,0.312472,3.98991,1.105631,-0.681504,0.222826,9.613845,4.923654
BRAZIL,BRAZIL,2013-12-29,poisson,7,0.75,hostvector_tempmort,central,1.0,0.3,0.312472,3.617542,0.909102,-0.367919,0.101204,1.684634,0.598742
BRAZIL,BRAZIL,2013-12-29,poisson,7,0.75,hostvector_tempmort,alt,1.0,0.3,0.312472,4.023287,1.042136,-0.430631,0.115275,1.829934,0.761758
CAMBODIA,CAMBODIA,2013-03-17,nb,3,1.0,hostvector,central,1.0,0.3,0.149618,0.0,0.678587,0.148821,0.071712,0.121089,0.016901
CAMBODIA,CAMBODIA,2013-03-17,nb,3,1.0,hostvector,alt,1.0,0.3,0.149618,0.0,0.586491,0.174346,0.068833,0.095856,0.011627
CAMBODIA,CAMBODIA,2013-03-17,nb,3,1.0,seir,central,1.0,0.3,0.149618,0.0,0.767222,0.134717,0.08225,0.246156,0.038665
CAMBODIA,CAMBODIA,2013-03-17,nb,3,1.0,seir,alt,1.0,0.3,0.149618,0.0,0.427595,0.13341,0.055103,0.308063,0.027857
CAMBODIA,CAMBODIA,2013-03-17,nb,3,1.0,hostvector_tempmort,central,1.0,0.3,0.149618,0.224395,0.664607,0.114083,0.0716,0.134827,0.018434
CAMBODIA,CAMBODIA,2013-03-17,nb,3,1.0,hostvector_tempmort,alt,1.0,0.3,0.149618,0.164564,0.766804,0.131971,0.081838,0.105599,0.016621
CAMBODIA,CAMBODIA,2013-03-17,nb,3,0.75,hostvector,central,1.0,0.3,0.149618,0.632144,1.525226,0.228233,0.141615,0.140503,0.041378
CAMBODIA,CAMBODIA,2013-03-17,nb,3,0.75,hostvector,alt,1.0,0.3,0.149618,0.654091,1.783221,0.256211,0.16167,0.111832,0.03822
CAMBODIA,CAMBODIA,2013-03-17,nb,3,0.75,seir,central,1.0,0.3,0.149618,1.098757,1.738473,0.262599,0.165945,0.31439,0.105589
CAMBODIA,CAMBODIA,2013-03-17,nb,3,0.75,seir,alt,1.0,0.3,0.149618,1.036637,1.780093,0.256955,0.170049,0.389367,0.133601
CAMBODIA,CAMBODIA,2013-03-17,nb,3,0.75,hostvector_tempmort,central,1.0,0.3,0.149618,1.285171,1.489462,0.23427,0.140473,0.170306,0.048807
CAMBODIA,CAMBODIA,2013-03-17,nb,3,0.75,hostvector_tempmort,alt,1.0,0.3,0.149618,1.276028,1.711753,0.257976,0.15869,0.135014,0.044139
CAMBODIA,CAMBODIA,2013-03-17,nb,5,1.0,hostvector,central,1.0,0.3,0.149618,0.0,0.823949,0.121558,0.077535,0.122229,0.021506
CAMBODIA,CAMBODIA,2013-03-17,nb,5,1.0,hostvector,alt,1.0,0.3,0.149618,0.0,0.957307,0.1417,0.08814,0.097021,0.019799
CAMBODIA,CAMBODIA,2013-03-17,nb,5,1.0,seir,central,1.0,0.3,0.149618,0.0,0.885729,0.111809,0.085953,0.248073,0.046707
CAMBODIA,CAMBODIA,2013-03-17,nb,5,1.0,seir,alt,1.0,0.3,0.149618,0.0,0.902828,0.111046,0.087373,0.310458,0.059376
CAMBODIA,CAMBODIA,2013-03-17,nb,5,1.0,hostvector_tempmort,central,1.0,0.3,0.149618,0.0,,0.07323,,0.129292,
CAMBODIA,CAMBODIA,2013-03-17,nb,5,1.0,hostvector_tempmort,alt,1.0,0.3,0.149618,0.0,0.003746,0.092831,0.031051,0.102696,0.001714
CAMBODIA,CAMBODIA,2013-03-17,nb,5,0.75,hostvector,central,1.0,0.3,0.149618,0.0,1.108218,0.169048,0.114978,0.129129,0.031752
CAMBODIA,CAMBODIA,2013-03-17,nb,5,0.75,hostvector,alt,1.0,0.3,0.149618,0.0,0.124024,0.194355,0.05856,0.103124,0.005478
CAMBODIA,CAMBODIA,2013-03-17,nb,5,0.75,seir,central,1.0,0.3,0.149618,0.0,0.020715,0.165995,0.063662,0.26431,0.017166
CAMBODIA,CAMBODIA,2013-03-17,nb,5,0.75,seir,alt,1.0,0.3,0.149618,0.0,,0.168103,,0.331945,
CAMBODIA,CAMBODIA,2013-03-17,nb,5,0.75,hostvector_tempmort,central,1.0,0.3,0.149618,0.0,1.045098,0.116903,0.114095,0.136113,0.031875
CAMBODIA,CAMBODIA,2013-03-17,nb,5,0.75,hostvector_tempmort,alt,1.0,0.3,0.149618,0.0,1.19642,0.142845,0.127091,0.108894,0.028888
CAMBODIA,CAMBODIA,2013-03-17,nb,7,1.0,hostvector,central,1.0,0.3,0.149618,0.0,0.711294,0.099773,0.058994,0.123119,0.019003
CAMBODIA,CAMBODIA,2013-03-17,nb,7,1.0,hostvector,alt,1.0,0.3,0.149618,0.0,0.036876,0.115706,0.036282,0.09789,0.0026
CAMBODIA,CAMBODIA,2013-03-17,nb,7,1.0,seir,central,1.0,0.3,0.149618,0.0,0.005104,0.093503,0.033324,0.249856,0.005766
CAMBODIA,CAMBODIA,2013-03-17,nb,7,1.0,seir,alt,1.0,0.3,0.149618,0.0,0.384944,0.093596,0.040713,0.31281,0.025163
CAMBODIA,CAMBODIA,2013-03-17,nb,7,1.0,hostvector_tempmort,central,1.0,0.3,0.149618,0.0,0.507544,0.059125,0.050649,0.129706,0.014806
CAMBODIA,CAMBODIA,2013-03-17,nb,7,1.0,hostvector_tempmort,alt,1.0,0.3,0.149618,0.0,0.001632,0.07524,0.030196,0.103139,0.001862
CAMBODIA,CAMBODIA,2013-03-17,nb,7,0.75,hostvector,central,1.0,0.3,0.149618,0.0,0.019882,0.198916,0.064753,0.136978,0.007443
CAMBODIA,CAMBODIA,2013-03-17,nb,7,0.75,hostvector,alt,1.0,0.3,0.149618,0.0,0.022421,0.225773,0.063204,0.110071,0.006917
CAMBODIA,CAMBODIA,2013-03-17,nb,7,0.75,seir,central,1.0,0.3,0.149618,0.0,0.005997,0.208671,0.073427,0.284662,0.021376
CAMBODIA,CAMBODIA,2013-03-17,nb,7,0.75,seir,alt,1.0,0.3,0.149618,0.0,0.013799,0.216682,0.074947,0.359618,0.02742
CAMBODIA,CAMBODIA,2013-03-17,nb,7,0.75,hostvector_tempmort,central,1.0,0.3,0.149618,0.0,0.035091,0.144121,0.061955,0.142568,0.007504
CAMBODIA,CAMBODIA,2013-03-17,nb,7,0.75,hostvector_tempmort,alt,1.0,0.3,0.149618,0.0,0.834334,0.172985,0.101146,0.114792,0.023336
CAMBODIA,CAMBODIA,2013-03-17,poisson,3,1.0,hostvector,central,1.0,0.3,0.149618,0.0,0.609476,0.118005,0.064398,0.122168,0.016439
CAMBODIA,CAMBODIA,2013-03-17,poisson,3,1.0,hostvector,alt,1.0,0.3,0.149618,0.0,0.605658,0.13649,0.067034,0.097064,0.012971
CAMBODIA,CAMBODIA,2013-03-17,poisson,3,1.0,seir,central,1.0,0.3,0.149618,0.0,0.529344,0.116608,0.062435,0.246977,0.02861
CAMBODIA,CAMBODIA,2013-03-17,poisson,3,1.0,seir,alt,1.0,0.3,0.149618,0.0,0.012503,0.116967,0.047979,0.308808,0.006588
CAMBODIA,CAMBODIA,2013-03-17,poisson,3,1.0,hostvector_tempmort,central,1.0,0.3,0.149618,0.0,0.562538,0.079344,0.06117,0.128883,0.015709
CAMBODIA,CAMBODIA,2013-03-17,poisson,3,1.0,hostvector_tempmort,alt,1.0,0.3,0.149618,0.0,0.676932,0.098059,0.072312,0.102347,0.014864
CAMBODIA,CAMBODIA,2013-03-17,poisson,3,0.75,hostvector,central,1.0,0.3,0.149618,0.0,1.622494,0.167074,0.152002,0.12471,0.039883
CAMBODIA,CAMBODIA,2013-03-17,poisson,3,0.75,hostvector,alt,1.0,0.3,0.149618,0.0,1.880835,0.190952,0.173175,0.099082,0.036597
CAMBODIA,CAMBODIA,2013-03-17,poisson,3,0.75,seir,central,1.0,0.3,0.149618,0.0,1.765794,0.168518,0.169707,0.255024,0.088765
CAMBODIA,CAMBODIA,2013-03-17,poisson,3,0.75,seir,alt,1.0,0.3,0.149618,0.0,1.81065,0.168504,0.173866,0.319777,0.113659
CAMBODIA,CAMBODIA,2013-03-17,poisson,3,0.75,hostvector_tempmort,central,1.0,0.3,0.149618,0.0,0.149733,0.122781,0.060341,0.133203,0.006475
CAMBODIA,CAMBODIA,2013-03-17,poisson,3,0.75,hostvector_tempmort,alt,1.0,0.3,0.149618,0.0,1.751723,0.146855,0.165259,0.105973,0.036519
CAMBODIA,CAMBODIA,2013-03-17,poisson,5,1.0,hostvector,central,1.0,0.3,0.149618,0.0,0.816069,0.096703,0.070499,0.122709,0.021864
CAMBODIA,CAMBODIA,2013-03-17,poisson,5,1.0,hostvector,alt,1.0,0.3,0.149618,0.0,1.013843,0.112019,0.084333,0.097594,0.021496
CAMBODIA,CAMBODIA,2013-03-17,poisson,5,1.0,seir,central,1.0,0.3,0.149618,0.0,0.836114,0.094183,0.075233,0.248187,0.045298
CAMBODIA,CAMBODIA,2013-03-17,poisson,5,1.0,seir,alt,1.0,0.3,0.149618,0.0,0.885672,0.093574,0.077592,0.310513,0.058988
CAMBODIA,CAMBODIA,2013-03-17,poisson,5,1.0,hostvector_tempmort,central,1.0,0.3,0.149618,0.0,0.785886,0.060042,0.069305,0.129291,0.021946
CAMBODIA,CAMBODIA,2013-03-17,poisson,5,1.0,hostvector_tempmort,alt,1.0,0.3,0.149618,0.0,0.922238,0.075283,0.08049,0.102769,0.020465
CAMBODIA,CAMBODIA,2013-03-17,poisson,5,0.75,hostvector,central,1.0,0.3,0.149618,0.0,1.419979,0.151839,0.124095,0.129118,0.03979
CAMBODIA,CAMBODIA,2013-03-17,poisson,5,0.75,hostvector,alt,1.0,0.3,0.149618,0.0,,0.172733,,0.103191,
CAMBODIA,CAMBODIA,2013-03-17,poisson,5,0.75,seir,central,1.0,0.3,0.149618,0.0,0.054123,0.160252,0.058023,0.264826,0.011206
CAMBODIA,CAMBODIA,2013-03-17,poisson,5,0.75,seir,alt,1.0,0.3,0.149618,0.0,0.20011,0.162205,0.066522,0.332405,0.020055
CAMBODIA,CAMBODIA,2013-03-17,poisson,5,0.75,hostvector_tempmort,central,1.0,0.3,0.149618,0.0,1.324567,0.11371,0.120989,0.136412,0.039296
CAMBODIA,CAMBODIA,2013-03-17,poisson,5,0.75,hostvector_tempmort,alt,1.0,0.3,0.149618,0.0,1.518613,0.135523,0.134175,0.109049,0.035549
CAMBODIA,CAMBODIA,2013-03-17,poisson,7,1.0,hostvector,central,1.0,0.3,0.149618,0.0,0.783728,0.071336,0.059098,0.123922,0.021894
CAMBODIA,CAMBODIA,2013-03-17,poisson,7,1.0,hostvector,alt,1.0,0.3,0.149618,0.0,1.074427,0.082281,0.073291,0.098742,0.023712
CAMBODIA,CAMBODIA,2013-03-17,poisson,7,1.0,seir,central,1.0,0.3,0.149618,0.0,0.207841,0.069109,0.034379,0.250717,0.011285
CAMBODIA,CAMBODIA,2013-03-17,poisson,7,1.0,seir,alt,1.0,0.3,0.149618,0.0,0.001376,0.068361,0.034251,0.313816,0.006774
CAMBODIA,CAMBODIA,2013-03-17,poisson,7,1.0,hostvector_tempmort,central,1.0,0.3,0.149618,0.0,0.661202,0.042529,0.051467,0.129991,0.019191
CAMBODIA,CAMBODIA,2013-03-17,poisson,7,1.0,hostvector_tempmort,alt,1.0,0.3,0.149618,0.0,0.984638,0.053784,0.069488,0.103476,0.022543
CAMBODIA,CAMBODIA,2013-03-17,poisson,7,0.75,hostvector,central,1.0,0.3,0.149618,0.0,0.263341,0.159831,0.047793,0.135341,0.007585
CAMBODIA,CAMBODIA,2013-03-17,poisson,7,0.75,hostvector,alt,1.0,0.3,0.149618,0.0,1.062734,0.179988,0.086906,0.108733,0.02677
CAMBODIA,CAMBODIA,2013-03-17,poisson,7,0.75,seir,central,1.0,0.3,0.149618,0.0,,0.17824,,0.281449,
CAMBODIA,CAMBODIA,2013-03-17,poisson,7,0.75,seir,alt,1.0,0.3,0.149618,0.0,0.185431,0.184013,0.05998,0.354814,0.021009
CAMBODIA,CAMBODIA,2013-03-17,poisson,7,0.75,hostvector_tempmort,central,1.0,0.3,0.149618,0.0,0.511281,0.128416,0.048716,0.141869,0.014397
CAMBODIA,CAMBODIA,2013-03-17,poisson,7,0.75,hostvector_tempmort,alt,1.0,0.3,0.149618,0.0,0.264225,0.14975,0.057373,0.113939,0.008786
COLOMBIA,SUCRE,2002-02-24,nb,3,1.0,hostvector,central,1.0,0.3,0.117199,1.750743,3.311052,0.355271,0.102587,0.147044,0.061793
COLOMBIA,SUCRE,2002-02-24,nb,3,1.0,hostvector,alt,1.0,0.3,0.117199,1.892931,3.941378,0.443806,0.134811,0.115459,0.053739
COLOMBIA,SUCRE,2002-02-24,nb,3,1.0,seir,central,1.0,0.3,0.117199,1.734541,3.565511,0.31795,0.102833,0.300202,0.145953
COLOMBIA,SUCRE,2002-02-24,nb,3,1.0,seir,alt,1.0,0.3,0.117199,1.356773,3.583656,0.313527,0.102118,0.358535,0.177966
COLOMBIA,SUCRE,2002-02-24,nb,3,1.0,hostvector_tempmort,central,1.0,0.3,0.117199,2.040386,3.219364,0.323117,0.093853,0.165284,0.068772
COLOMBIA,SUCRE,2002-02-24,nb,3,1.0,hostvector_tempmort,alt,1.0,0.3,0.117199,2.16162,3.824365,0.392063,0.115938,0.130576,0.061874
COLOMBIA,SUCRE,2002-02-24,nb,3,0.75,hostvector,central,1.0,0.3,0.117199,2.083309,3.513748,0.387081,0.102882,0.185213,0.121454
COLOMBIA,SUCRE,2002-02-24,nb,3,0.75,hostvector,alt,1.0,0.3,0.117199,1.962726,4.177922,0.457824,0.120416,0.141769,0.113454
COLOMBIA,SUCRE,2002-02-24,nb,3,0.75,seir,central,1.0,0.3,0.117199,2.597164,3.89929,0.384054,0.119714,0.423926,0.304175
COLOMBIA,SUCRE,2002-02-24,nb,3,0.75,seir,alt,1.0,0.3,0.117199,2.194961,4.000674,0.376659,0.121922,0.496834,0.367233
COLOMBIA,SUCRE,2002-02-24,nb,3,0.75,hostvector_tempmort,central,1.0,0.3,0.117199,2.419573,3.392812,0.35966,0.097468,0.208465,0.129546
COLOMBIA,SUCRE,2002-02-24,nb,3,0.75,hostvector_tempmort,alt,1.0,0.3,0.117199,2.307995,3.994939,0.417903,0.110753,0.160974,0.118824
COLOMBIA,SUCRE,2002-02-24,nb,5,1.0,hostvector,central,1.0,0.3,0.117199,0.599074,3.512209,0.23568,0.092305,0.127449,0.06462
COLOMBIA,SUCRE,2002-02-24,nb,5,1.0,hostvector,alt,1.0,0.3,0.117199,0.957121,4.260431,0.277358,0.109858,0.104909,0.063168
COLOMBIA,SUCRE,2002-02-24,nb,5,1.0,seir,central,1.0,0.3,0.117199,0.393489,3.7047,0.219597,0.101256,0.250661,0.133801
COLOMBIA,SUCRE,2002-02-24,nb,5,1.0,seir,alt,1.0,0.3,0.117199,0.0,3.720451,0.217626,0.100925,0.297168,0.161442
COLOMBIA,SUCRE,2002-02-24,nb,5,1.0,hostvector_tempmort,central,1.0,0.3,0.117199,0.858071,3.3877,0.219158,0.086801,0.141946,0.069506
COLOMBIA,SUCRE,2002-02-24,nb,5,1.0,hostvector_tempmort,alt,1.0,0.3,0.117199,1.046159,4.075174,0.256267,0.101439,0.114179,0.066533
COLOMBIA,SUCRE,2002-02-24,nb,5,0.75,hostvector,central,1.0,0.3,0.117199,0.0,3.336325,0.305575,0.112067,0.135511,0.084476
COLOMBIA,SUCRE,2002-02-24,nb,5,0.75,hostvector,alt,1.0,0.3,0.117199,0.0,0.293916,0.356144,0.122238,0.10846,0.019952
COLOMBIA,SUCRE,2002-02-24,nb,5,0.75,seir,central,1.0,0.3,0.117199,0.0,3.534796,0.307481,0.138981,0.283198,0.192659
COLOMBIA,SUCRE,2002-02-24,nb,5,0.75,seir,alt,1.0,0.3,0.117199,0.0,3.56919,0.315133,0.140243,0.362015,0.247197
COLOMBIA,SUCRE,2002-02-24,nb,5,0.75,hostvector_tempmort,central,1.0,0.3,0.117199,0.0,1.192707,0.282622,0.107214,0.143026,0.038695
COLOMBIA,SUCRE,2002-02-24,nb,5,0.75,hostvector_tempmort,alt,1.0,0.3,0.117199,0.0,3.715048,0.330373,0.120944,0.114749,0.07855
COLOMBIA,SUCRE,2002-02-24,nb,7,1.0,hostvector,central,1.0,0.3,0.117199,1.138234,4.351023,0.106081,0.153555,0.127379,0.064244
COLOMBIA,SUCRE,2002-02-24,nb,7,1.0,hostvector,alt,1.0,0.3,0.117199,1.523745,5.193607,0.13151,0.173822,0.105352,0.061968
COLOMBIA,SUCRE,2002-02-24,nb,7,1.0,seir,central,1.0,0.3,0.117199,1.027039,4.655299,0.092795,0.176845,0.252106,0.139911
COLOMBIA,SUCRE,2002-02-24,nb,7,1.0,seir,alt,1.0,0.3,0.117199,0.838326,4.845477,0.087702,0.183547,0.304835,0.172187
COLOMBIA,SUCRE,2002-02-24,nb,7,1.0,hostvector_tempmort,central,1.0,0.3,0.117199,1.407873,3.02773,0.097182,0.110391,0.141899,0.064518
COLOMBIA,SUCRE,2002-02-24,nb,7,1.0,hostvector_tempmort,alt,1.0,0.3,0.117199,1.696041,5.023865,0.119113,0.167316,0.115367,0.06557
COLOMBIA,SUCRE,2002-02-24,nb,7,0.75,hostvector,central,1.0,0.3,0.117199,1e-06,3.864158,0.126347,0.351308,0.10571,0.13684
COLOMBIA,SUCRE,2002-02-24,nb,7,0.75,hostvector,alt,1.0,0.3,0.117199,1e-06,4.535238,0.148062,0.408553,0.081754,0.138915
COLOMBIA,SUCRE,2002-02-24,nb,7,0.75,seir,central,1.0,0.3,0.117199,0.0,,0.117204,,0.213756,
COLOMBIA,SUCRE,2002-02-24,nb,7,0.75,seir,alt,1.0,0.3,0.117199,0.0,2.710663,0.116124,0.309735,0.267506,0.257514
COLOMBIA,SUCRE,2002-02-24,nb,7,0.75,hostvector_tempmort,central,1.0,0.3,0.117199,1e-06,3.680978,0.114222,0.340521,0.112539,0.134623
COLOMBIA,SUCRE,2002-02-24,nb,7,0.75,hostvector_tempmort,alt,1.0,0.3,0.117199,1e-06,4.310159,0.13406,0.397266,0.087088,0.13421
COLOMBIA,SUCRE,2002-02-24,poisson,3,1.0,hostvector,central,1.0,0.3,0.117199,3.598109,4.267422,0.373031,0.139204,0.175659,0.067624
COLOMBIA,SUCRE,2002-02-24,poisson,3,1.0,hostvector,alt,1.0,0.3,0.117199,3.939134,5.127527,0.493662,0.193841,0.1332,0.04942
COLOMBIA,SUCRE,2002-02-24,poisson,3,1.0,seir,central,1.0,0.3,0.117199,3.544465,4.545362,0.311026,0.129932,0.373789,0.204775
COLOMBIA,SUCRE,2002-02-24,poisson,3,1.0,seir,alt,1.0,0.3,0.117199,3.142733,4.57957,0.3047,0.128562,0.448136,0.254736
COLOMBIA,SUCRE,2002-02-24,poisson,3,1.0,hostvector_tempmort,central,1.0,0.3,0.117199,3.796318,4.140496,0.336281,0.12669,0.198155,0.080108
COLOMBIA,SUCRE,2002-02-24,poisson,3,1.0,hostvector_tempmort,alt,1.0,0.3,0.117199,4.290207,4.970106,0.420829,0.161578,0.157551,0.061468
COLOMBIA,SUCRE,2002-02-24,poisson,3,0.75,hostvector,central,1.0,0.3,0.117199,5.894595,4.627195,0.421673,0.097892,0.335113,0.253376
COLOMBIA,SUCRE,2002-02-24,poisson,3,0.75,hostvector,alt,1.0,0.3,0.117199,7.315235,5.796962,0.495551,0.115545,0.319522,0.296513
COLOMBIA,SUCRE,2002-02-24,poisson,3,0.75,seir,central,1.0,0.3,0.117199,5.826306,4.951865,0.413762,0.111891,0.708376,0.584791
COLOMBIA,SUCRE,2002-02-24,poisson,3,0.75,seir,alt,1.0,0.3,0.117199,5.344363,5.14774,0.403369,0.114274,0.823124,0.708522
COLOMBIA,SUCRE,2002-02-24,poisson,3,0.75,hostvector_tempmort,central,1.0,0.3,0.117199,6.105872,4.480734,0.39473,0.092883,0.369957,0.268908
COLOMBIA,SUCRE,2002-02-24,poisson,3,0.75,hostvector_tempmort,alt,1.0,0.3,0.117199,7.522622,5.631081,0.458384,0.106102,0.356405,0.316755
COLOMBIA,SUCRE,2002-02-24,poisson,5,1.0,hostvector,central,1.0,0.3,0.117199,2.882625,4.500757,0.209824,0.12716,0.167045,0.087032
COLOMBIA,SUCRE,2002-02-24,poisson,5,1.0,hostvector,alt,1.0,0.3,0.117199,3.404589,5.457302,0.25278,0.149025,0.139492,0.082805
COLOMBIA,SUCRE,2002-02-24,poisson,5,1.0,seir,central,1.0,0.3,0.117199,2.742511,4.688489,0.182359,0.136261,0.332591,0.195039
COLOMBIA,SUCRE,2002-02-24,poisson,5,1.0,seir,alt,1.0,0.3,0.117199,2.551905,4.772677,0.170954,0.138829,0.403023,0.240304
COLOMBIA,SUCRE,2002-02-24,poisson,5,1.0,hostvector_tempmort,central,1.0,0.3,0.117199,3.094886,4.341384,0.192901,0.120574,0.184893,0.093794
COLOMBIA,SUCRE,2002-02-24,poisson,5,1.0,hostvector_tempmort,alt,1.0,0.3,0.117199,3.558213,5.253732,0.23034,0.140014,0.153259,0.089311
COLOMBIA,SUCRE,2002-02-24,poisson,5,0.75,hostvector,central,1.0,0.3,0.117199,0.307052,3.847128,0.242918,0.124342,0.134041,0.097981
COLOMBIA,SUCRE,2002-02-24,poisson,5,0.75,hostvector,alt,1.0,0.3,0.117199,0.622362,4.634101,0.289058,0.13801,0.113308,0.097377
COLOMBIA,SUCRE,2002-02-24,poisson,5,0.75,seir,central,1.0,0.3,0.117199,0.0,3.902529,0.218604,0.156955,0.250273,0.192842
COLOMBIA,SUCRE,2002-02-24,poisson,5,0.75,seir,alt,1.0,0.3,0.117199,0.0,3.992506,0.214221,0.163079,0.312437,0.245877
COLOMBIA,SUCRE,2002-02-24,poisson,5,0.75,hostvector_tempmort,central,1.0,0.3,0.117199,0.532276,3.687341,0.225807,0.119703,0.147631,0.102701
COLOMBIA,SUCRE,2002-02-24,poisson,5,0.75,hostvector_tempmort,alt,1.0,0.3,0.117199,0.572593,4.373947,0.265495,0.133072,0.118966,0.096492
COLOMBIA,SUCRE,2002-02-24,poisson,7,1.0,hostvector,central,1.0,0.3,0.117199,1.463174,4.494494,0.095447,0.160222,0.135381,0.070389
COLOMBIA,SUCRE,2002-02-24,poisson,7,1.0,hostvector,alt,1.0,0.3,0.117199,1.811456,5.349142,0.116143,0.183134,0.111401,0.067363
COLOMBIA,SUCRE,2002-02-24,poisson,7,1.0,seir,central,1.0,0.3,0.117199,1.414273,,0.087872,,0.270218,
COLOMBIA,SUCRE,2002-02-24,poisson,7,1.0,seir,alt,1.0,0.3,0.117199,1.321009,4.956125,0.085459,0.183774,0.332228,0.192043
COLOMBIA,SUCRE,2002-02-24,poisson,7,1.0,hostvector_tempmort,central,1.0,0.3,0.117199,1.724771,4.355988,0.087766,0.153256,0.150462,0.07561
COLOMBIA,SUCRE,2002-02-24,poisson,7,1.0,hostvector_tempmort,alt,1.0,0.3,0.117199,2.007536,5.179675,0.106333,0.175072,0.122336,0.071495
COLOMBIA,SUCRE,2002-02-24,poisson,7,0.75,hostvector,central,1.0,0.3,0.117199,0.0,3.742127,0.102099,0.304027,0.104474,0.121242
COLOMBIA,SUCRE,2002-02-24,poisson,7,0.75,hostvector,alt,1.0,0.3,0.117199,1e-06,4.409863,0.120333,0.356547,0.08075,0.121979
COLOMBIA,SUCRE,2002-02-24,poisson,7,0.75,seir,central,1.0,0.3,0.117199,0.0,4.247284,0.095194,0.302905,0.210903,0.179681
COLOMBIA,SUCRE,2002-02-24,poisson,7,0.75,seir,alt,1.0,0.3,0.117199,0.0,4.390772,0.094964,0.309603,0.263975,0.223294
COLOMBIA,SUCRE,2002-02-24,poisson,7,0.75,hostvector_tempmort,central,1.0,0.3,0.117199,0.0,3.57758,0.090452,0.294,0.111205,0.119311
COLOMBIA,SUCRE,2002-02-24,poisson,7,0.75,hostvector_tempmort,alt,1.0,0.3,0.117199,1e-06,4.201974,0.107154,0.34504,0.085996,0.117872
CAMBODIA,CAMBODIA,2011-03-27,nb,3,1.0,hostvector,central,1.0,0.3,0.171145,1.437847,0.969276,0.327457,0.071766,0.195076,0.046169
CAMBODIA,CAMBODIA,2011-03-27,nb,3,1.0,hostvector,alt,1.0,0.3,0.171145,1.754577,1.170693,0.380656,0.087497,0.169481,0.048337
CAMBODIA,CAMBODIA,2011-03-27,nb,3,1.0,seir,central,1.0,0.3,0.171145,1.684396,0.949279,0.353461,0.072496,0.427514,0.099052
CAMBODIA,CAMBODIA,2011-03-27,nb,3,1.0,seir,alt,1.0,0.3,0.171145,1.882449,0.987244,0.377805,0.078522,0.562875,0.135599
CAMBODIA,CAMBODIA,2011-03-27,nb,3,1.0,hostvector_tempmort,central,1.0,0.3,0.171145,1.822064,0.926178,0.330531,0.069824,0.22109,0.0498
CAMBODIA,CAMBODIA,2011-03-27,nb,3,1.0,hostvector_tempmort,alt,1.0,0.3,0.171145,2.125939,1.110127,0.383911,0.084689,0.191238,0.051486
CAMBODIA,CAMBODIA,2011-03-27,nb,3,0.75,hostvector,central,1.0,0.3,0.171145,2.295224,1.301328,0.472223,0.124085,0.246784,0.078724
CAMBODIA,CAMBODIA,2011-03-27,nb,3,0.75,hostvector,alt,1.0,0.3,0.171145,2.472902,1.489281,0.522065,0.139778,0.20755,0.075354
CAMBODIA,CAMBODIA,2011-03-27,nb,3,0.75,seir,central,1.0,0.3,0.171145,3.102895,1.325732,0.557256,0.132079,0.625412,0.204575
CAMBODIA,CAMBODIA,2011-03-27,nb,3,0.75,seir,alt,1.0,0.3,0.171145,3.15532,1.316769,0.569292,0.13327,0.795501,0.258556
CAMBODIA,CAMBODIA,2011-03-27,nb,3,0.75,hostvector_tempmort,central,1.0,0.3,0.171145,2.723955,1.238345,0.47813,0.12027,0.282574,0.085606
CAMBODIA,CAMBODIA,2011-03-27,nb,3,0.75,hostvector_tempmort,alt,1.0,0.3,0.171145,2.891589,1.408485,0.527815,0.135068,0.236828,0.081115
CAMBODIA,CAMBODIA,2011-03-27,nb,5,1.0,hostvector,central,1.0,0.3,0.171145,0.505971,1.038868,0.277444,0.082152,0.163372,0.044159
CAMBODIA,CAMBODIA,2011-03-27,nb,5,1.0,hostvector,alt,1.0,0.3,0.171145,0.411277,1.227908,0.295217,0.095203,0.128759,0.041201
CAMBODIA,CAMBODIA,2011-03-27,nb,5,1.0,seir,central,1.0,0.3,0.171145,0.903978,1.046598,0.324363,0.086582,0.37576,0.102291
CAMBODIA,CAMBODIA,2011-03-27,nb,5,1.0,seir,alt,1.0,0.3,0.171145,0.965901,1.074842,0.335126,0.090879,0.47923,0.134094
CAMBODIA,CAMBODIA,2011-03-27,nb,5,1.0,hostvector_tempmort,central,1.0,0.3,0.171145,0.941973,1.003986,0.284032,0.080955,0.188006,0.049
CAMBODIA,CAMBODIA,2011-03-27,nb,5,1.0,hostvector_tempmort,alt,1.0,0.3,0.171145,0.859166,1.175984,0.303236,0.093407,0.148515,0.045374
CAMBODIA,CAMBODIA,2011-03-27,nb,5,0.75,hostvector,central,1.0,0.3,0.171145,1.470513,1.634443,0.491702,0.17827,0.224207,0.09845
CAMBODIA,CAMBODIA,2011-03-27,nb,5,0.75,hostvector,alt,1.0,0.3,0.171145,1.535412,1.857882,0.543941,0.200852,0.185411,0.092329
CAMBODIA,CAMBODIA,2011-03-27,nb,5,0.75,seir,central,1.0,0.3,0.171145,2.483176,1.832813,0.645289,0.216874,0.62623,0.313481
CAMBODIA,CAMBODIA,2011-03-27,nb,5,0.75,seir,alt,1.0,0.3,0.171145,2.699607,1.865353,0.682264,0.22529,0.83693,0.427428
CAMBODIA,CAMBODIA,2011-03-27,nb,5,0.75,hostvector_tempmort,central,1.0,0.3,0.171145,1.96904,1.593071,0.502579,0.175785,0.262373,0.112282
CAMBODIA,CAMBODIA,2011-03-27,nb,5,0.75,hostvector_tempmort,alt,1.0,0.3,0.171145,2.043393,1.79638,0.554536,0.19702,0.217338,0.104605
CAMBODIA,CAMBODIA,2011-03-27,nb,7,1.0,hostvector,central,1.0,0.3,0.171145,5e-06,0.890005,0.256374,0.07017,0.147417,0.034929
CAMBODIA,CAMBODIA,2011-03-27,nb,7,1.0,hostvector,alt,1.0,0.3,0.171145,1e-06,1.031012,0.280792,0.078927,0.119327,0.032782
CAMBODIA,CAMBODIA,2011-03-27,nb,7,1.0,seir,central,1.0,0.3,0.171145,0.401233,0.905799,0.318213,0.075297,0.34385,0.083065
CAMBODIA,CAMBODIA,2011-03-27,nb,7,1.0,seir,alt,1.0,0.3,0.171145,0.440696,0.916977,0.328018,0.077677,0.436657,0.106886
CAMBODIA,CAMBODIA,2011-03-27,nb,7,1.0,hostvector_tempmort,central,1.0,0.3,0.171145,0.391862,0.864611,0.257953,0.069315,0.167707,0.038487
CAMBODIA,CAMBODIA,2011-03-27,nb,7,1.0,hostvector_tempmort,alt,1.0,0.3,0.171145,0.232486,0.994011,0.271886,0.078086,0.130007,0.034349
CAMBODIA,CAMBODIA,2011-03-27,nb,7,0.75,hostvector,central,1.0,0.3,0.171145,1.059616,1.8214,0.544983,0.246624,0.21669,0.112899
CAMBODIA,CAMBODIA,2011-03-27,nb,7,0.75,hostvector,alt,1.0,0.3,0.171145,1.268645,1.998516,0.639699,0.265822,0.188578,0.106608
CAMBODIA,CAMBODIA,2011-03-27,nb,7,0.75,seir,central,1.0,0.3,0.171145,0.0,,0.287643,,0.31101,
CAMBODIA,CAMBODIA,2011-03-27,nb,7,0.75,seir,alt,1.0,0.3,0.171145,0.0,1.914925,0.278094,0.304437,0.387026,0.226069
CAMBODIA,CAMBODIA,2011-03-27,nb,7,0.75,hostvector_tempmort,central,1.0,0.3,0.171145,1.06249,1.821433,0.46843,0.255337,0.218158,0.115096
CAMBODIA,CAMBODIA,2011-03-27,nb,7,0.75,hostvector_tempmort,alt,1.0,0.3,0.171145,1.391294,2.002944,0.579354,0.271123,0.196982,0.112383
CAMBODIA,CAMBODIA,2011-03-27,poisson,3,1.0,hostvector,central,1.0,0.3,0.171145,3.551593,1.914365,0.424075,0.120051,0.346333,0.173557
CAMBODIA,CAMBODIA,2011-03-27,poisson,3,1.0,hostvector,alt,1.0,0.3,0.171145,4.396076,2.237338,0.493358,0.13957,0.346312,0.201639
CAMBODIA,CAMBODIA,2011-03-27,poisson,3,1.0,seir,central,1.0,0.3,0.171145,3.665788,2.148993,0.457051,0.139399,0.734482,0.413381
CAMBODIA,CAMBODIA,2011-03-27,poisson,3,1.0,seir,alt,1.0,0.3,0.171145,4.053683,2.322857,0.482928,0.150813,1.017285,0.616925
CAMBODIA,CAMBODIA,2011-03-27,poisson,3,1.0,hostvector_tempmort,central,1.0,0.3,0.171145,3.702552,1.868804,0.420498,0.118458,0.368298,0.179656
CAMBODIA,CAMBODIA,2011-03-27,poisson,3,1.0,hostvector_tempmort,alt,1.0,0.3,0.171145,4.505573,2.183843,0.488522,0.137612,0.363698,0.206164
CAMBODIA,CAMBODIA,2011-03-27,poisson,3,0.75,hostvector,central,1.0,0.3,0.171145,1.952504,2.372241,0.423691,0.140373,0.229561,0.139056
CAMBODIA,CAMBODIA,2011-03-27,poisson,3,0.75,hostvector,alt,1.0,0.3,0.171145,2.364291,2.718661,0.482136,0.160015,0.205609,0.142585
CAMBODIA,CAMBODIA,2011-03-27,poisson,3,0.75,seir,central,1.0,0.3,0.171145,2.249513,2.493829,0.47773,0.149455,0.512954,0.32592
CAMBODIA,CAMBODIA,2011-03-27,poisson,3,0.75,seir,alt,1.0,0.3,0.171145,2.38385,2.495322,0.495017,0.15033,0.666928,0.423773
CAMBODIA,CAMBODIA,2011-03-27,poisson,3,0.75,hostvector_tempmort,central,1.0,0.3,0.171145,2.282942,2.28011,0.427155,0.137391,0.256234,0.148612
CAMBODIA,CAMBODIA,2011-03-27,poisson,3,0.75,hostvector_tempmort,alt,1.0,0.3,0.171145,2.660622,2.600912,0.484448,0.156144,0.22715,0.150083
CAMBODIA,CAMBODIA,2011-03-27,poisson,5,1.0,hostvector,central,1.0,0.3,0.171145,0.0,2.219893,0.112836,0.123349,0.151198,0.093266
CAMBODIA,CAMBODIA,2011-03-27,poisson,5,1.0,hostvector,alt,1.0,0.3,0.171145,0.0,2.884395,0.122964,0.157448,0.12326,0.099195
CAMBODIA,CAMBODIA,2011-03-27,poisson,5,1.0,seir,central,1.0,0.3,0.171145,0.0,0.5467,0.13081,0.086888,0.311435,0.047927
CAMBODIA,CAMBODIA,2011-03-27,poisson,5,1.0,seir,alt,1.0,0.3,0.171145,0.0,2.659825,0.138369,0.157467,0.389446,0.289137
CAMBODIA,CAMBODIA,2011-03-27,poisson,5,1.0,hostvector_tempmort,central,1.0,0.3,0.171145,0.0,2.355282,0.10466,0.132714,0.153751,0.100766
CAMBODIA,CAMBODIA,2011-03-27,poisson,5,1.0,hostvector_tempmort,alt,1.0,0.3,0.171145,0.0,2.759066,0.115716,0.153434,0.125131,0.096054
CAMBODIA,CAMBODIA,2011-03-27,poisson,5,0.75,hostvector,central,1.0,0.3,0.171145,0.0,3.051365,0.357182,0.214664,0.155651,0.131001
CAMBODIA,CAMBODIA,2011-03-27,poisson,5,0.75,hostvector,alt,1.0,0.3,0.171145,0.0,3.470773,0.394234,0.23926,0.126895,0.121907
CAMBODIA,CAMBODIA,2011-03-27,poisson,5,0.75,seir,central,1.0,0.3,0.171145,0.0,3.199261,0.466396,0.256662,0.332376,0.292256
CAMBODIA,CAMBODIA,2011-03-27,poisson,5,0.75,seir,alt,1.0,0.3,0.171145,0.0,3.095108,0.497086,0.260602,0.419482,0.357754
CAMBODIA,CAMBODIA,2011-03-27,poisson,5,0.75,hostvector_tempmort,central,1.0,0.3,0.171145,0.0,2.896132,0.340853,0.209634,0.158968,0.126685
CAMBODIA,CAMBODIA,2011-03-27,poisson,5,0.75,hostvector_tempmort,alt,1.0,0.3,0.171145,0.0,3.289891,0.378976,0.233129,0.129419,0.117214
CAMBODIA,CAMBODIA,2011-03-27,poisson,7,1.0,hostvector,central,1.0,0.3,0.171145,0.0,1.46034,0.144361,0.084426,0.153741,0.065858
CAMBODIA,CAMBODIA,2011-03-27,poisson,7,1.0,hostvector,alt,1.0,0.3,0.171145,0.0,1.66685,0.154137,0.094634,0.125453,0.061196
CAMBODIA,CAMBODIA,2011-03-27,poisson,7,1.0,seir,central,1.0,0.3,0.171145,0.0,0.084888,0.184366,0.088142,0.320013,0.01597
CAMBODIA,CAMBODIA,2011-03-27,poisson,7,1.0,seir,alt,1.0,0.3,0.171145,0.0,0.136664,0.195891,0.08285,0.401534,0.019672
CAMBODIA,CAMBODIA,2011-03-27,poisson,7,1.0,hostvector_tempmort,central,1.0,0.3,0.171145,0.0,1.371654,0.137593,0.081878,0.156031,0.062495
CAMBODIA,CAMBODIA,2011-03-27,poisson,7,1.0,hostvector_tempmort,alt,1.0,0.3,0.171145,0.0,1.662963,0.14796,0.1013,0.127149,0.062041
CAMBODIA,CAMBODIA,2011-03-27,poisson,7,0.75,hostvector,central,1.0,0.3,0.171145,0.818219,2.515527,0.742264,0.269674,0.217785,0.155846
CAMBODIA,CAMBODIA,2011-03-27,poisson,7,0.75,hostvector,alt,1.0,0.3,0.171145,3.871522,2.978062,1.241264,0.368718,0.426339,0.35869
CAMBODIA,CAMBODIA,2011-03-27,poisson,7,0.75,seir,central,1.0,0.3,0.171145,3.093313,2.578462,1.211154,0.305399,0.945507,0.693371
CAMBODIA,CAMBODIA,2011-03-27,poisson,7,0.75,seir,alt,1.0,0.3,0.171145,4.709098,2.642098,1.452751,0.331297,1.897601,1.422169
CAMBODIA,CAMBODIA,2011-03-27,poisson,7,0.75,hostvector_tempmort,central,1.0,0.3,0.171145,1.477994,2.456435,0.779764,0.268672,0.268638,0.187133
CAMBODIA,CAMBODIA,2011-03-27,poisson,7,0.75,hostvector_tempmort,alt,1.0,0.3,0.171145,4.320157,2.905438,1.248878,0.364561,0.494347,0.405024
BRAZIL,BRAZIL,2020-11-15,nb,3,1.0,hostvector,central,1.0,0.3,0.305055,3.798697,1.401672,-0.919616,0.487276,4.169678,4.34529
BRAZIL,BRAZIL,2020-11-15,nb,3,1.0,hostvector,alt,1.0,0.3,0.305055,4.964438,1.551976,-0.794096,0.433544,7.019886,8.042512
BRAZIL,BRAZIL,2020-11-15,nb,3,1.0,seir,central,1.0,0.3,0.305055,3.285803,1.609319,-1.06146,0.683209,6.41798,7.954679
BRAZIL,BRAZIL,2020-11-15,nb,3,1.0,seir,alt,1.0,0.3,0.305055,3.672345,0.792888,-1.145535,0.175699,10.480926,4.88905
BRAZIL,BRAZIL,2020-11-15,nb,3,1.0,hostvector_tempmort,central,1.0,0.3,0.305055,4.225391,,-1.330204,,6.110157,
BRAZIL,BRAZIL,2020-11-15,nb,3,1.0,hostvector_tempmort,alt,1.0,0.3,0.305055,4.725133,1.680962,-0.996852,0.556093,6.710131,8.356874
BRAZIL,BRAZIL,2020-11-15,nb,3,0.75,hostvector,central,1.0,0.3,0.305055,4.073473,2.008927,-1.048343,0.78537,5.218347,7.803294
BRAZIL,BRAZIL,2020-11-15,nb,3,0.75,hostvector,alt,1.0,0.3,0.305055,5.313038,2.035827,-0.931191,0.632704,9.371364,14.123828
BRAZIL,BRAZIL,2020-11-15,nb,3,0.75,seir,central,1.0,0.3,0.305055,3.30416,1.975652,-1.071763,0.850166,6.520134,9.944837
BRAZIL,BRAZIL,2020-11-15,nb,3,0.75,seir,alt,1.0,0.3,0.305055,3.66782,0.891067,-1.147551,0.209626,10.462343,5.584475
BRAZIL,BRAZIL,2020-11-15,nb,3,0.75,hostvector_tempmort,central,1.0,0.3,0.305055,3.774992,2.092512,-1.178971,0.911013,4.495885,6.922294
BRAZIL,BRAZIL,2020-11-15,nb,3,0.75,hostvector_tempmort,alt,1.0,0.3,0.305055,4.726774,1.997528,-0.999109,0.661916,6.72381,9.950522
BRAZIL,BRAZIL,2020-11-15,nb,5,1.0,hostvector,central,1.0,0.3,0.305055,2.1662,1.025561,-0.363445,0.376208,0.94308,0.669257
BRAZIL,BRAZIL,2020-11-15,nb,5,1.0,hostvector,alt,1.0,0.3,0.305055,3.781105,1.356661,-0.415778,0.392448,2.252907,2.084768
BRAZIL,BRAZIL,2020-11-15,nb,5,1.0,seir,central,1.0,0.3,0.305055,1.47698,0.942543,-0.381688,0.462595,1.234676,0.801204
BRAZIL,BRAZIL,2020-11-15,nb,5,1.0,seir,alt,1.0,0.3,0.305055,2.148351,1.242324,-0.634002,0.613491,2.474041,2.048687
BRAZIL,BRAZIL,2020-11-15,nb,5,1.0,hostvector_tempmort,central,1.0,0.3,0.305055,1.667708,0.933279,-0.388644,0.38151,0.69326,0.450151
BRAZIL,BRAZIL,2020-11-15,nb,5,1.0,hostvector_tempmort,alt,1.0,0.3,0.305055,3.270961,1.341976,-0.51702,0.436216,1.692949,1.544523
BRAZIL,BRAZIL,2020-11-15,nb,5,0.75,hostvector,central,1.0,0.3,0.305055,2.093448,1.201334,-0.348395,0.437011,0.897628,0.747597
BRAZIL,BRAZIL,2020-11-15,nb,5,0.75,hostvector,alt,1.0,0.3,0.305055,3.825921,1.648884,-0.451239,0.493867,2.346976,2.641765
BRAZIL,BRAZIL,2020-11-15,nb,5,0.75,seir,central,1.0,0.3,0.305055,1.481944,1.118349,-0.389019,0.550141,1.242425,0.955879
BRAZIL,BRAZIL,2020-11-15,nb,5,0.75,seir,alt,1.0,0.3,0.305055,2.152033,1.475875,-0.637249,0.729608,2.482245,2.44128
BRAZIL,BRAZIL,2020-11-15,nb,5,0.75,hostvector_tempmort,central,1.0,0.3,0.305055,1.675275,1.11043,-0.398789,0.457368,0.699795,0.540237
BRAZIL,BRAZIL,2020-11-15,nb,5,0.75,hostvector_tempmort,alt,1.0,0.3,0.305055,3.134508,1.549213,-0.496866,0.499696,1.552425,1.638749
BRAZIL,BRAZIL,2020-11-15,nb,7,1.0,hostvector,central,1.0,0.3,0.305055,1.624191,0.873926,-0.185524,0.475329,0.587887,0.319462
BRAZIL,BRAZIL,2020-11-15,nb,7,1.0,hostvector,alt,1.0,0.3,0.305055,3.186122,1.196982,-0.322496,0.50958,1.349563,1.009149
BRAZIL,BRAZIL,2020-11-15,nb,7,1.0,seir,central,1.0,0.3,0.305055,0.848757,0.798549,-0.100789,0.674462,0.742956,0.329741
BRAZIL,BRAZIL,2020-11-15,nb,7,1.0,seir,alt,1.0,0.3,0.305055,1.040076,0.92948,-0.237014,0.807721,1.055881,0.52452
BRAZIL,BRAZIL,2020-11-15,nb,7,1.0,hostvector_tempmort,central,1.0,0.3,0.305055,1.195871,0.777625,-0.297569,0.52736,0.453925,0.211688
BRAZIL,BRAZIL,2020-11-15,nb,7,1.0,hostvector_tempmort,alt,1.0,0.3,0.305055,2.844019,1.123719,-0.616635,0.57142,1.117007,0.751285
BRAZIL,BRAZIL,2020-11-15,nb,7,0.75,hostvector,central,1.0,0.3,0.305055,1.597352,1.036843,-0.180279,0.562786,0.577207,0.3725
BRAZIL,BRAZIL,2020-11-15,nb,7,0.75,hostvector,alt,1.0,0.3,0.305055,3.295565,1.434776,-0.401577,0.651006,1.458901,1.294045
BRAZIL,BRAZIL,2020-11-15,nb,7,0.75,seir,central,1.0,0.3,0.305055,0.847273,0.946294,-0.099729,0.803525,0.741938,0.390055
BRAZIL,BRAZIL,2020-11-15,nb,7,0.75,seir,alt,1.0,0.3,0.305055,1.724648,,-0.768228,,1.533157,
BRAZIL,BRAZIL,2020-11-15,nb,7,0.75,hostvector_tempmort,central,1.0,0.3,0.305055,1.197417,0.92078,-0.299318,0.625162,0.454717,0.250999
BRAZIL,BRAZIL,2020-11-15,nb,7,0.75,hostvector_tempmort,alt,1.0,0.3,0.305055,2.827841,1.326472,-0.624869,0.675492,1.107109,0.878231
BRAZIL,BRAZIL,2020-11-15,poisson,3,1.0,hostvector,central,1.0,0.3,0.305055,1.942543,8.240762,-0.374273,0.882672,1.156839,6.751517
BRAZIL,BRAZIL,2020-11-15,poisson,3,1.0,hostvector,alt,1.0,0.3,0.305055,3.107199,9.59746,-0.456348,0.931109,2.184212,14.702354
BRAZIL,BRAZIL,2020-11-15,poisson,3,1.0,seir,central,1.0,0.3,0.305055,0.0,,-0.063327,,0.615881,
BRAZIL,BRAZIL,2020-11-15,poisson,3,1.0,seir,alt,1.0,0.3,0.305055,10.681899,49.917301,2.116741,4.308561,234.908169,7686.255741
BRAZIL,BRAZIL,2020-11-15,poisson,3,1.0,hostvector_tempmort,central,1.0,0.3,0.305055,1.83749,8.25301,-0.37012,0.887552,1.080621,6.319113
BRAZIL,BRAZIL,2020-11-15,poisson,3,1.0,hostvector_tempmort,alt,1.0,0.3,0.305055,3.031426,9.638695,-0.45206,0.937209,2.079225,14.06057
BRAZIL,BRAZIL,2020-11-15,poisson,3,0.75,hostvector,central,1.0,0.3,0.305055,1.941973,9.725785,-0.374216,1.041713,1.15637,7.964938
BRAZIL,BRAZIL,2020-11-15,poisson,3,0.75,hostvector,alt,1.0,0.3,0.305055,3.107149,11.327113,-0.456301,1.098882,2.184073,17.35088
BRAZIL,BRAZIL,2020-11-15,poisson,3,0.75,seir,central,1.0,0.3,0.305055,0.0,0.059991,-0.063185,0.635454,0.615855,0.304507
BRAZIL,BRAZIL,2020-11-15,poisson,3,0.75,seir,alt,1.0,0.3,0.305055,10.655573,58.874747,2.117527,5.085849,230.912976,8912.522508
BRAZIL,BRAZIL,2020-11-15,poisson,3,0.75,hostvector_tempmort,central,1.0,0.3,0.305055,0.610343,159.24811,2.391849,23.292617,0.099061,11.158892
BRAZIL,BRAZIL,2020-11-15,poisson,3,0.75,hostvector_tempmort,alt,1.0,0.3,0.305055,3.03175,11.375682,-0.452038,1.106081,2.079634,16.59765
BRAZIL,BRAZIL,2020-11-15,poisson,5,1.0,hostvector,central,1.0,0.3,0.305055,4.250864,6.253425,-1.065294,2.453066,5.063472,21.384249
BRAZIL,BRAZIL,2020-11-15,poisson,5,1.0,hostvector,alt,1.0,0.3,0.305055,7.077252,8.180719,-1.31854,1.930287,28.634973,155.806529
BRAZIL,BRAZIL,2020-11-15,poisson,5,1.0,seir,central,1.0,0.3,0.305055,1.161981,3.977038,-1.101416,1.612545,1.375447,3.58114
BRAZIL,BRAZIL,2020-11-15,poisson,5,1.0,seir,alt,1.0,0.3,0.305055,2.061024,4.675262,-1.431706,1.564072,3.103954,9.439837
BRAZIL,BRAZIL,2020-11-15,poisson,5,1.0,hostvector_tempmort,central,1.0,0.3,0.305055,4.082819,6.216522,-1.052969,2.500919,4.539475,19.078905
BRAZIL,BRAZIL,2020-11-15,poisson,5,1.0,hostvector_tempmort,alt,1.0,0.3,0.305055,7.04341,8.202316,-1.321635,1.97965,28.075324,153.238191
BRAZIL,BRAZIL,2020-11-15,poisson,5,0.75,hostvector,central,1.0,0.3,0.305055,4.248951,7.380835,-1.064922,2.894062,5.057041,25.208035
BRAZIL,BRAZIL,2020-11-15,poisson,5,0.75,hostvector,alt,1.0,0.3,0.305055,7.077025,9.653812,-1.318864,2.27911,28.631735,183.841396
BRAZIL,BRAZIL,2020-11-15,poisson,5,0.75,seir,central,1.0,0.3,0.305055,1.024793,3.97962,-1.255166,2.224683,1.24805,3.207905
BRAZIL,BRAZIL,2020-11-15,poisson,5,0.75,seir,alt,1.0,0.3,0.305055,1.494506,5.98865,-1.436975,2.737007,2.128948,8.361074
BRAZIL,BRAZIL,2020-11-15,poisson,5,0.75,hostvector_tempmort,central,1.0,0.3,0.305055,4.083777,7.335618,-1.053238,2.952447,4.542313,22.527142
BRAZIL,BRAZIL,2020-11-15,poisson,5,0.75,hostvector_tempmort,alt,1.0,0.3,0.305055,7.043232,9.679255,-1.322045,2.337354,28.073909,180.820999
BRAZIL,BRAZIL,2020-11-15,poisson,7,1.0,hostvector,central,1.0,0.3,0.305055,0.2686,5.311932,-0.268714,2.048518,0.308041,1.070111
BRAZIL,BRAZIL,2020-11-15,poisson,7,1.0,hostvector,alt,1.0,0.3,0.305055,1.995387,6.945546,-0.515133,2.116207,0.820494,3.728176
BRAZIL,BRAZIL,2020-11-15,poisson,7,1.0,seir,central,1.0,0.3,0.305055,0.003564,5.433946,0.714755,2.419676,0.58717,2.065703
BRAZIL,BRAZIL,2020-11-15,poisson,7,1.0,seir,alt,1.0,0.3,0.305055,0.478784,6.449141,0.9146,2.391285,1.022473,4.283608
BRAZIL,BRAZIL,2020-11-15,poisson,7,1.0,hostvector_tempmort,central,1.0,0.3,0.305055,0.172282,5.300628,-0.255058,2.053335,0.289822,1.004719
BRAZIL,BRAZIL,2020-11-15,poisson,7,1.0,hostvector_tempmort,alt,1.0,0.3,0.305055,1.926826,6.963108,-0.501919,2.128753,0.786172,3.58198
BRAZIL,BRAZIL,2020-11-15,poisson,7,0.75,hostvector,central,1.0,0.3,0.305055,0.274621,6.271706,-0.268905,2.418477,0.30924,1.26837
BRAZIL,BRAZIL,2020-11-15,poisson,7,0.75,hostvector,alt,1.0,0.3,0.305055,1.997226,8.199615,-0.515104,2.497773,0.821526,4.406869
BRAZIL,BRAZIL,2020-11-15,poisson,7,0.75,seir,central,1.0,0.3,0.305055,0.003487,6.413587,0.714825,2.855664,0.587137,2.437985
BRAZIL,BRAZIL,2020-11-15,poisson,7,0.75,seir,alt,1.0,0.3,0.305055,0.477192,7.609367,0.914347,2.82204,1.021431,5.049086
BRAZIL,BRAZIL,2020-11-15,poisson,7,0.75,hostvector_tempmort,central,1.0,0.3,0.305055,0.173423,6.257271,-0.254955,2.423345,0.290039,1.186944
BRAZIL,BRAZIL,2020-11-15,poisson,7,0.75,hostvector_tempmort,alt,1.0,0.3,0.305055,1.928247,8.219423,-0.501875,2.512438,0.786919,4.232275
COLOMBIA,CAQUETA,2002-05-19,nb,3,1.0,hostvector,central,1.0,0.3,0.188611,2.833324,0.507414,0.460032,0.063451,1.060868,0.476414
COLOMBIA,CAQUETA,2002-05-19,nb,3,1.0,hostvector,alt,1.0,0.3,0.188611,2.996063,0.585403,0.506829,0.069843,0.902382,0.457773
COLOMBIA,CAQUETA,2002-05-19,nb,3,1.0,seir,central,1.0,0.3,0.188611,3.995628,0.719365,0.549455,0.075341,6.253622,4.213833
COLOMBIA,CAQUETA,2002-05-19,nb,3,1.0,seir,alt,1.0,0.3,0.188611,4.081144,0.695252,0.555992,0.074662,8.416991,5.500282
COLOMBIA,CAQUETA,2002-05-19,nb,3,1.0,hostvector_tempmort,central,1.0,0.3,0.188611,2.710782,0.50356,0.458499,0.063572,0.987443,0.442148
COLOMBIA,CAQUETA,2002-05-19,nb,3,1.0,hostvector_tempmort,alt,1.0,0.3,0.188611,2.870255,0.574246,0.504945,0.069873,0.839573,0.420555
COLOMBIA,CAQUETA,2002-05-19,nb,3,0.75,hostvector,central,1.0,0.3,0.188611,1.732426,2.293403,0.384922,0.824847,0.304429,2.106535
COLOMBIA,CAQUETA,2002-05-19,nb,3,0.75,hostvector,alt,1.0,0.3,0.188611,2.184558,2.833908,0.4796,0.993656,0.311462,2.802469
COLOMBIA,CAQUETA,2002-05-19,nb,3,0.75,seir,central,1.0,0.3,0.188611,2.876253,2.762612,0.271964,0.607083,3.182746,7.306035
COLOMBIA,CAQUETA,2002-05-19,nb,3,0.75,seir,alt,1.0,0.3,0.188611,3.422004,3.129316,0.328481,0.631742,6.445194,16.602637
COLOMBIA,CAQUETA,2002-05-19,nb,3,0.75,hostvector_tempmort,central,1.0,0.3,0.188611,1.62219,2.294253,0.388512,0.779543,0.287604,1.853278
COLOMBIA,CAQUETA,2002-05-19,nb,3,0.75,hostvector_tempmort,alt,1.0,0.3,0.188611,2.089707,2.743227,0.488114,1.038264,0.29898,2.717589
COLOMBIA,CAQUETA,2002-05-19,nb,5,1.0,hostvector,central,1.0,0.3,0.188611,1.647012,,0.163731,,0.29658,
COLOMBIA,CAQUETA,2002-05-19,nb,5,1.0,hostvector,alt,1.0,0.3,0.188611,2.063341,1.521762,0.203525,0.129704,0.297143,0.645548
COLOMBIA,CAQUETA,2002-05-19,nb,5,1.0,seir,central,1.0,0.3,0.188611,1.501919,1.465538,0.152028,0.11106,0.543891,0.87036
COLOMBIA,CAQUETA,2002-05-19,nb,5,1.0,seir,alt,1.0,0.3,0.188611,1.498574,,0.144316,,0.678456,
COLOMBIA,CAQUETA,2002-05-19,nb,5,1.0,hostvector_tempmort,central,1.0,0.3,0.188611,1.492944,1.307116,0.161051,0.106959,0.271197,0.4543
COLOMBIA,CAQUETA,2002-05-19,nb,5,1.0,hostvector_tempmort,alt,1.0,0.3,0.188611,1.889525,1.476633,0.199684,0.122093,0.268817,0.574913
COLOMBIA,CAQUETA,2002-05-19,nb,5,0.75,hostvector,central,1.0,0.3,0.188611,0.936262,1.771556,0.068416,0.323643,0.280983,0.561002
COLOMBIA,CAQUETA,2002-05-19,nb,5,0.75,hostvector,alt,1.0,0.3,0.188611,1.095765,2.181497,0.102831,0.421958,0.247662,0.613927
COLOMBIA,CAQUETA,2002-05-19,nb,5,0.75,seir,central,1.0,0.3,0.188611,1.798379,1.752628,0.006472,0.268711,1.536163,2.678169
COLOMBIA,CAQUETA,2002-05-19,nb,5,0.75,seir,alt,1.0,0.3,0.188611,2.005079,1.872733,0.018529,0.271798,2.344813,4.300285
COLOMBIA,CAQUETA,2002-05-19,nb,5,0.75,hostvector_tempmort,central,1.0,0.3,0.188611,0.838311,1.736049,0.065701,0.315444,0.268437,0.51985
COLOMBIA,CAQUETA,2002-05-19,nb,5,0.75,hostvector_tempmort,alt,1.0,0.3,0.188611,1.006006,2.139109,0.101794,0.410413,0.238284,0.571447
COLOMBIA,CAQUETA,2002-05-19,nb,7,1.0,hostvector,central,1.0,0.3,0.188611,0.957809,0.894338,-0.054656,0.096889,0.17725,0.191977
COLOMBIA,CAQUETA,2002-05-19,nb,7,1.0,hostvector,alt,1.0,0.3,0.188611,1.265742,1.056985,-0.054477,0.115331,0.164524,0.220798
COLOMBIA,CAQUETA,2002-05-19,nb,7,1.0,seir,central,1.0,0.3,0.188611,0.748776,1.047931,-0.07135,0.103377,0.309524,0.347409
COLOMBIA,CAQUETA,2002-05-19,nb,7,1.0,seir,alt,1.0,0.3,0.188611,0.683133,1.054753,-0.088587,0.108525,0.368579,0.414004
COLOMBIA,CAQUETA,2002-05-19,nb,7,1.0,hostvector_tempmort,central,1.0,0.3,0.188611,0.804828,0.899423,-0.055752,0.096641,0.162193,0.175564
COLOMBIA,CAQUETA,2002-05-19,nb,7,1.0,hostvector_tempmort,alt,1.0,0.3,0.188611,1.089902,1.034766,-0.056965,0.114683,0.14855,0.194519
COLOMBIA,CAQUETA,2002-05-19,nb,7,0.75,hostvector,central,1.0,0.3,0.188611,0.909648,1.666946,-0.001516,0.288676,0.302445,0.557108
COLOMBIA,CAQUETA,2002-05-19,nb,7,0.75,hostvector,alt,1.0,0.3,0.188611,1.016131,1.993778,0.012516,0.38426,0.259289,0.567576
COLOMBIA,CAQUETA,2002-05-19,nb,7,0.75,seir,central,1.0,0.3,0.188611,1.826984,1.681613,-0.042406,0.224889,1.672989,2.937577
COLOMBIA,CAQUETA,2002-05-19,nb,7,0.75,seir,alt,1.0,0.3,0.188611,1.991905,1.751401,-0.037416,0.227503,2.469449,4.471507
COLOMBIA,CAQUETA,2002-05-19,nb,7,0.75,hostvector_tempmort,central,1.0,0.3,0.188611,0.818684,1.637449,-0.003685,0.284306,0.289806,0.5218
COLOMBIA,CAQUETA,2002-05-19,nb,7,0.75,hostvector_tempmort,alt,1.0,0.3,0.188611,0.932915,1.954507,0.011209,0.379043,0.250161,0.534013
COLOMBIA,CAQUETA,2002-05-19,poisson,3,1.0,hostvector,central,1.0,0.3,0.188611,2.725051,0.658883,0.414686,0.087785,0.973256,0.604773
COLOMBIA,CAQUETA,2002-05-19,poisson,3,1.0,hostvector,alt,1.0,0.3,0.188611,2.904608,0.73064,0.454485,0.097102,0.83106,0.575494
COLOMBIA,CAQUETA,2002-05-19,poisson,3,1.0,seir,central,1.0,0.3,0.188611,4.100598,0.909615,0.524676,0.095263,7.240723,6.168878
COLOMBIA,CAQUETA,2002-05-19,poisson,3,1.0,seir,alt,1.0,0.3,0.188611,4.145042,0.910247,0.524868,0.095655,9.431005,8.045156
COLOMBIA,CAQUETA,2002-05-19,poisson,3,1.0,hostvector_tempmort,central,1.0,0.3,0.188611,2.596789,0.663652,0.41335,0.088094,0.902367,0.565793
COLOMBIA,CAQUETA,2002-05-19,poisson,3,1.0,hostvector_tempmort,alt,1.0,0.3,0.188611,2.769855,0.730352,0.452602,0.097286,0.768938,0.533574
COLOMBIA,CAQUETA,2002-05-19,poisson,3,0.75,hostvector,central,1.0,0.3,0.188611,2.281077,,0.463591,,0.455339,
COLOMBIA,CAQUETA,2002-05-19,poisson,3,0.75,hostvector,alt,1.0,0.3,0.188611,2.759657,3.276485,0.549468,0.844259,0.471335,2.979196
COLOMBIA,CAQUETA,2002-05-19,poisson,3,0.75,seir,central,1.0,0.3,0.188611,7.479668,4.044448,0.678023,0.521927,173.751808,580.101608
COLOMBIA,CAQUETA,2002-05-19,poisson,3,0.75,seir,alt,1.0,0.3,0.188611,8.159009,4.500553,0.766848,0.557873,372.042478,1373.116004
COLOMBIA,CAQUETA,2002-05-19,poisson,3,0.75,hostvector_tempmort,central,1.0,0.3,0.188611,2.163473,,0.467587,,0.428217,
COLOMBIA,CAQUETA,2002-05-19,poisson,3,0.75,hostvector_tempmort,alt,1.0,0.3,0.188611,2.659619,3.127283,0.559465,0.887801,0.451564,3.054244
COLOMBIA,CAQUETA,2002-05-19,poisson,5,1.0,hostvector,central,1.0,0.3,0.188611,1.723016,1.236031,0.183338,0.12777,0.308582,0.553638
COLOMBIA,CAQUETA,2002-05-19,poisson,5,1.0,hostvector,alt,1.0,0.3,0.188611,2.152806,1.320471,0.224154,0.150547,0.309871,0.697465
COLOMBIA,CAQUETA,2002-05-19,poisson,5,1.0,seir,central,1.0,0.3,0.188611,1.496268,1.568233,0.176408,0.136739,0.539624,0.939037
COLOMBIA,CAQUETA,2002-05-19,poisson,5,1.0,seir,alt,1.0,0.3,0.188611,1.500133,1.607108,0.171216,0.13865,0.677135,1.203376
COLOMBIA,CAQUETA,2002-05-19,poisson,5,1.0,hostvector_tempmort,central,1.0,0.3,0.188611,1.565949,0.521263,0.180831,0.100054,0.281925,0.098489
COLOMBIA,CAQUETA,2002-05-19,poisson,5,1.0,hostvector_tempmort,alt,1.0,0.3,0.188611,1.969801,1.340411,0.22049,0.148099,0.27913,0.614591
COLOMBIA,CAQUETA,2002-05-19,poisson,5,0.75,hostvector,central,1.0,0.3,0.188611,0.901301,1.707622,0.234224,0.384272,0.15245,0.909781
COLOMBIA,CAQUETA,2002-05-19,poisson,5,0.75,hostvector,alt,1.0,0.3,0.188611,1.277357,1.784453,0.309498,0.517205,0.144334,0.802037
COLOMBIA,CAQUETA,2002-05-19,poisson,5,0.75,seir,central,1.0,0.3,0.188611,4.398067,2.581479,0.285818,0.317627,14.811848,35.952516
COLOMBIA,CAQUETA,2002-05-19,poisson,5,0.75,seir,alt,1.0,0.3,0.188611,4.584396,2.751937,0.326041,0.324547,21.27677,54.427505
COLOMBIA,CAQUETA,2002-05-19,poisson,5,0.75,hostvector_tempmort,central,1.0,0.3,0.188611,0.731905,1.909073,0.229133,0.365325,0.137871,0.844736
COLOMBIA,CAQUETA,2002-05-19,poisson,5,0.75,hostvector_tempmort,alt,1.0,0.3,0.188611,1.099966,1.618307,0.307983,0.502598,0.130471,0.741693
COLOMBIA,CAQUETA,2002-05-19,poisson,7,1.0,hostvector,central,1.0,0.3,0.188611,0.978344,0.676668,-0.069869,0.118817,0.177202,0.084669
COLOMBIA,CAQUETA,2002-05-19,poisson,7,1.0,hostvector,alt,1.0,0.3,0.188611,1.366061,0.959988,-0.063418,0.140304,0.173043,0.230836
COLOMBIA,CAQUETA,2002-05-19,poisson,7,1.0,seir,central,1.0,0.3,0.188611,0.579515,0.797466,-0.092233,0.132663,0.272747,0.192367
COLOMBIA,CAQUETA,2002-05-19,poisson,7,1.0,seir,alt,1.0,0.3,0.188611,0.452895,1.079371,-0.119407,0.142152,0.310412,0.369825
COLOMBIA,CAQUETA,2002-05-19,poisson,7,1.0,hostvector_tempmort,central,1.0,0.3,0.188611,0.812572,0.817692,-0.072111,0.117936,0.16081,0.166626
COLOMBIA,CAQUETA,2002-05-19,poisson,7,1.0,hostvector_tempmort,alt,1.0,0.3,0.188611,1.16883,0.944091,-0.068011,0.139973,0.154167,0.202447
COLOMBIA,CAQUETA,2002-05-19,poisson,7,0.75,hostvector,central,1.0,0.3,0.188611,0.383164,1.80295,0.153738,0.31399,0.101942,0.623044
COLOMBIA,CAQUETA,2002-05-19,poisson,7,0.75,hostvector,alt,1.0,0.3,0.188611,0.630205,1.170612,0.221486,0.416741,0.087197,0.493661
COLOMBIA,CAQUETA,2002-05-19,poisson,7,0.75,seir,central,1.0,0.3,0.188611,3.418117,2.447724,0.182703,0.321777,6.614864,16.191752
COLOMBIA,CAQUETA,2002-05-19,poisson,7,0.75,seir,alt,1.0,0.3,0.188611,3.358455,2.451315,0.203487,0.319005,7.667431,18.695045
COLOMBIA,CAQUETA,2002-05-19,poisson,7,0.75,hostvector_tempmort,central,1.0,0.3,0.188611,0.223083,2.057242,0.148083,0.303133,0.092879,0.588271
COLOMBIA,CAQUETA,2002-05-19,poisson,7,0.75,hostvector_tempmort,alt,1.0,0.3,0.188611,0.450882,1.254434,0.216605,0.403546,0.078731,0.45559
COSTA RICA,COSTA RICA,2023-05-14,nb,3,1.0,hostvector,central,1.0,0.3,0.200025,1.052179,0.552344,0.287874,0.035898,0.204515,0.056797
COSTA RICA,COSTA RICA,2023-05-14,nb,3,1.0,hostvector,alt,1.0,0.3,0.200025,1.029626,0.603821,0.37167,0.044233,0.155803,0.047253
COSTA RICA,COSTA RICA,2023-05-14,nb,3,1.0,seir,central,1.0,0.3,0.200025,0.766061,0.671644,0.241789,0.037923,0.368885,0.124372
COSTA RICA,COSTA RICA,2023-05-14,nb,3,1.0,seir,alt,1.0,0.3,0.200025,0.580288,0.71579,0.23943,0.039624,0.420269,0.1512
COSTA RICA,COSTA RICA,2023-05-14,nb,3,1.0,hostvector_tempmort,central,1.0,0.3,0.200025,1.045025,0.552374,0.28759,0.035789,0.203865,0.05662
COSTA RICA,COSTA RICA,2023-05-14,nb,3,1.0,hostvector_tempmort,alt,1.0,0.3,0.200025,1.025673,0.603621,0.371146,0.044066,0.155597,0.047178
COSTA RICA,COSTA RICA,2023-05-14,nb,3,0.75,hostvector,central,1.0,0.3,0.200025,0.967575,0.677431,0.299369,0.046021,0.194469,0.067351
COSTA RICA,COSTA RICA,2023-05-14,nb,3,0.75,hostvector,alt,1.0,0.3,0.200025,1.232077,0.754811,0.360038,0.054729,0.174295,0.067164
COSTA RICA,COSTA RICA,2023-05-14,nb,3,0.75,seir,central,1.0,0.3,0.200025,0.028754,0.812607,0.276108,0.048123,0.247677,0.102927
COSTA RICA,COSTA RICA,2023-05-14,nb,3,0.75,seir,alt,1.0,0.3,0.200025,0.0,0.81345,0.289291,0.049506,0.304723,0.126808
COSTA RICA,COSTA RICA,2023-05-14,nb,3,0.75,hostvector_tempmort,central,1.0,0.3,0.200025,0.944133,0.676581,0.299063,0.045896,0.19219,0.066478
COSTA RICA,COSTA RICA,2023-05-14,nb,3,0.75,hostvector_tempmort,alt,1.0,0.3,0.200025,1.21025,0.753719,0.359703,0.054594,0.1724,0.066339
COSTA RICA,COSTA RICA,2023-05-14,nb,5,1.0,hostvector,central,1.0,0.3,0.200025,0.0,0.384636,0.25376,0.036325,0.125069,0.024798
COSTA RICA,COSTA RICA,2023-05-14,nb,5,1.0,hostvector,alt,1.0,0.3,0.200025,0.0,0.022092,0.348883,0.035911,0.096474,0.002569
COSTA RICA,COSTA RICA,2023-05-14,nb,5,1.0,seir,central,1.0,0.3,0.200025,0.0,0.247872,0.214548,0.033013,0.262878,0.033585
COSTA RICA,COSTA RICA,2023-05-14,nb,5,1.0,seir,alt,1.0,0.3,0.200025,0.0,0.312907,0.2178,0.035808,0.329669,0.05346
COSTA RICA,COSTA RICA,2023-05-14,nb,5,1.0,hostvector_tempmort,central,1.0,0.3,0.200025,0.0,0.504084,0.253949,0.038806,0.12515,0.032628
COSTA RICA,COSTA RICA,2023-05-14,nb,5,1.0,hostvector_tempmort,alt,1.0,0.3,0.200025,0.0,0.132582,0.34875,0.035366,0.096554,0.007035
COSTA RICA,COSTA RICA,2023-05-14,nb,5,0.75,hostvector,central,1.0,0.3,0.200025,0.0,0.416609,0.239187,0.06269,0.125115,0.027389
COSTA RICA,COSTA RICA,2023-05-14,nb,5,0.75,hostvector,alt,1.0,0.3,0.200025,0.0,0.441139,0.304037,0.071893,0.097841,0.023292
COSTA RICA,COSTA RICA,2023-05-14,nb,5,0.75,seir,central,1.0,0.3,0.200025,0.0,0.178272,0.153476,0.069452,0.263928,0.026475
COSTA RICA,COSTA RICA,2023-05-14,nb,5,0.75,seir,alt,1.0,0.3,0.200025,0.0,,0.133254,,0.331898,
COSTA RICA,COSTA RICA,2023-05-14,nb,5,0.75,hostvector_tempmort,central,1.0,0.3,0.200025,0.0,0.489328,0.238115,0.062425,0.12523,0.032355
COSTA RICA,COSTA RICA,2023-05-14,nb,5,0.75,hostvector_tempmort,alt,1.0,0.3,0.200025,0.0,0.185882,0.30292,0.071975,0.097943,0.010142
COSTA RICA,COSTA RICA,2023-05-14,nb,7,1.0,hostvector,central,1.0,0.3,0.200025,0.0,0.244569,0.163506,0.053902,0.137228,0.018226
COSTA RICA,COSTA RICA,2023-05-14,nb,7,1.0,hostvector,alt,1.0,0.3,0.200025,0.0,0.774602,0.211864,0.06876,0.109564,0.045506
COSTA RICA,COSTA RICA,2023-05-14,nb,7,1.0,seir,central,1.0,0.3,0.200025,0.0,0.003346,0.119304,0.049473,0.285497,0.007385
COSTA RICA,COSTA RICA,2023-05-14,nb,7,1.0,seir,alt,1.0,0.3,0.200025,0.0,0.001807,0.112281,0.05169,0.358455,0.009417
COSTA RICA,COSTA RICA,2023-05-14,nb,7,1.0,hostvector_tempmort,central,1.0,0.3,0.200025,0.0,0.103342,0.163024,0.049678,0.137356,0.008286
COSTA RICA,COSTA RICA,2023-05-14,nb,7,1.0,hostvector_tempmort,alt,1.0,0.3,0.200025,0.0,0.185325,0.210894,0.063989,0.109684,0.011315
COSTA RICA,COSTA RICA,2023-05-14,nb,7,0.75,hostvector,central,1.0,0.3,0.200025,0.0,0.600458,-0.052982,0.061861,0.135604,0.043363
COSTA RICA,COSTA RICA,2023-05-14,nb,7,0.75,hostvector,alt,1.0,0.3,0.200025,0.0,1.872431,-0.05114,0.088022,0.109315,0.108294
COSTA RICA,COSTA RICA,2023-05-14,nb,7,0.75,seir,central,1.0,0.3,0.200025,0.0,0.000846,-0.096382,0.062147,0.276426,0.00578
COSTA RICA,COSTA RICA,2023-05-14,nb,7,0.75,seir,alt,1.0,0.3,0.200025,2e-06,2.196108,-0.104185,0.087358,0.345457,0.395246
COSTA RICA,COSTA RICA,2023-05-14,nb,7,0.75,hostvector_tempmort,central,1.0,0.3,0.200025,1e-06,1.681353,-0.053798,0.081337,0.135652,0.120226
COSTA RICA,COSTA RICA,2023-05-14,nb,7,0.75,hostvector_tempmort,alt,1.0,0.3,0.200025,0.0,0.802392,-0.052015,0.077583,0.109353,0.046382
COSTA RICA,COSTA RICA,2023-05-14,poisson,3,1.0,hostvector,central,1.0,0.3,0.200025,1.078316,0.611733,0.289147,0.039088,0.205295,0.06458
COSTA RICA,COSTA RICA,2023-05-14,poisson,3,1.0,hostvector,alt,1.0,0.3,0.200025,1.349127,0.702165,0.348807,0.04736,0.185166,0.066863
COSTA RICA,COSTA RICA,2023-05-14,poisson,3,1.0,seir,central,1.0,0.3,0.200025,0.480008,0.68656,0.283551,0.03988,0.307518,0.107988
COSTA RICA,COSTA RICA,2023-05-14,poisson,3,1.0,seir,alt,1.0,0.3,0.200025,0.235608,0.687301,0.287743,0.041258,0.339331,0.119283
COSTA RICA,COSTA RICA,2023-05-14,poisson,3,1.0,hostvector_tempmort,central,1.0,0.3,0.200025,1.050656,0.610748,0.288806,0.038991,0.202439,0.063582
COSTA RICA,COSTA RICA,2023-05-14,poisson,3,1.0,hostvector_tempmort,alt,1.0,0.3,0.200025,1.324803,0.700848,0.348457,0.047237,0.182909,0.065928
COSTA RICA,COSTA RICA,2023-05-14,poisson,3,0.75,hostvector,central,1.0,0.3,0.200025,1.079716,0.724637,0.28379,0.049888,0.20564,0.076675
COSTA RICA,COSTA RICA,2023-05-14,poisson,3,0.75,hostvector,alt,1.0,0.3,0.200025,1.37966,0.83353,0.334576,0.058985,0.188724,0.080935
COSTA RICA,COSTA RICA,2023-05-14,poisson,3,0.75,seir,central,1.0,0.3,0.200025,0.432143,0.800035,0.291884,0.051394,0.299694,0.122796
COSTA RICA,COSTA RICA,2023-05-14,poisson,3,0.75,seir,alt,1.0,0.3,0.200025,0.187206,0.797108,0.297312,0.053021,0.330561,0.134941
COSTA RICA,COSTA RICA,2023-05-14,poisson,3,0.75,hostvector_tempmort,central,1.0,0.3,0.200025,1.050932,0.723231,0.283652,0.049781,0.202651,0.075419
COSTA RICA,COSTA RICA,2023-05-14,poisson,3,0.75,hostvector_tempmort,alt,1.0,0.3,0.200025,1.353334,0.831835,0.334481,0.058869,0.186215,0.079702
COSTA RICA,COSTA RICA,2023-05-14,poisson,5,1.0,hostvector,central,1.0,0.3,0.200025,0.0,0.235114,0.326022,0.043266,0.119797,0.01515
COSTA RICA,COSTA RICA,2023-05-14,poisson,5,1.0,hostvector,alt,1.0,0.3,0.200025,0.0,0.509287,0.399055,0.048176,0.093162,0.025326
COSTA RICA,COSTA RICA,2023-05-14,poisson,5,1.0,seir,central,1.0,0.3,0.200025,0.0,0.467695,0.268785,0.049977,0.250188,0.061343
COSTA RICA,COSTA RICA,2023-05-14,poisson,5,1.0,seir,alt,1.0,0.3,0.200025,0.0,0.126676,0.26299,0.062991,0.313579,0.023677
COSTA RICA,COSTA RICA,2023-05-14,poisson,5,1.0,hostvector_tempmort,central,1.0,0.3,0.200025,0.0,0.318589,0.325799,0.04297,0.1199,0.02033
COSTA RICA,COSTA RICA,2023-05-14,poisson,5,1.0,hostvector_tempmort,alt,1.0,0.3,0.200025,0.0,0.476101,0.399186,0.047813,0.093238,0.023705
COSTA RICA,COSTA RICA,2023-05-14,poisson,5,0.75,hostvector,central,1.0,0.3,0.200025,0.0,0.621841,0.330476,0.058251,0.11966,0.039883
COSTA RICA,COSTA RICA,2023-05-14,poisson,5,0.75,hostvector,alt,1.0,0.3,0.200025,0.0,0.632704,0.399787,0.063664,0.093138,0.031517
COSTA RICA,COSTA RICA,2023-05-14,poisson,5,0.75,seir,central,1.0,0.3,0.200025,0.0,1.077539,0.239837,0.072414,0.250595,0.141324
COSTA RICA,COSTA RICA,2023-05-14,poisson,5,0.75,seir,alt,1.0,0.3,0.200025,0.0,1.145391,0.223176,0.076573,0.314268,0.188051
COSTA RICA,COSTA RICA,2023-05-14,poisson,5,0.75,hostvector_tempmort,central,1.0,0.3,0.200025,0.0,0.615994,0.329759,0.05852,0.119776,0.039515
COSTA RICA,COSTA RICA,2023-05-14,poisson,5,0.75,hostvector_tempmort,alt,1.0,0.3,0.200025,0.0,0.597312,0.399764,0.063626,0.093218,0.029855
COSTA RICA,COSTA RICA,2023-05-14,poisson,7,1.0,hostvector,central,1.0,0.3,0.200025,0.0,0.778632,0.092203,0.062969,0.130701,0.054503
COSTA RICA,COSTA RICA,2023-05-14,poisson,7,1.0,hostvector,alt,1.0,0.3,0.200025,0.0,0.894696,0.126853,0.07696,0.104163,0.050159
COSTA RICA,COSTA RICA,2023-05-14,poisson,7,1.0,seir,central,1.0,0.3,0.200025,0.0,0.646113,0.048199,0.062831,0.267485,0.09036
COSTA RICA,COSTA RICA,2023-05-14,poisson,7,1.0,seir,alt,1.0,0.3,0.200025,0.0,0.353005,0.035677,0.065948,0.335572,0.061458
COSTA RICA,COSTA RICA,2023-05-14,poisson,7,1.0,hostvector_tempmort,central,1.0,0.3,0.200025,0.0,,0.091225,,0.130809,
COSTA RICA,COSTA RICA,2023-05-14,poisson,7,1.0,hostvector_tempmort,alt,1.0,0.3,0.200025,0.0,0.850589,0.125347,0.076697,0.104263,0.047723
COSTA RICA,COSTA RICA,2023-05-14,poisson,7,0.75,hostvector,central,1.0,0.3,0.200025,0.0,1.695451,-0.070468,0.116665,0.130928,0.117225
COSTA RICA,COSTA RICA,2023-05-14,poisson,7,0.75,hostvector,alt,1.0,0.3,0.200025,0.0,1.89256,-0.074263,0.134214,0.105253,0.105831
COSTA RICA,COSTA RICA,2023-05-14,poisson,7,0.75,seir,central,1.0,0.3,0.200025,0.0,1.94631,-0.098672,0.121325,0.264459,0.268505
COSTA RICA,COSTA RICA,2023-05-14,poisson,7,0.75,seir,alt,1.0,0.3,0.200025,0.0,2.025504,-0.113635,0.123552,0.3313,0.349471
COSTA RICA,COSTA RICA,2023-05-14,poisson,7,0.75,hostvector_tempmort,central,1.0,0.3,0.200025,0.0,,-0.072435,,0.130986,
COSTA RICA,COSTA RICA,2023-05-14,poisson,7,0.75,hostvector_tempmort,alt,1.0,0.3,0.200025,0.0,0.154336,-0.076396,0.095105,0.105302,0.009009
DOMINICAN REPUBLIC,DISTRITO NACIONAL,2009-06-07,nb,3,1.0,hostvector,central,1.0,0.3,0.158455,5.50976,3.798923,0.440916,0.09806,0.407656,0.321705
DOMINICAN REPUBLIC,DISTRITO NACIONAL,2009-06-07,nb,3,1.0,hostvector,alt,1.0,0.3,0.158455,9.410489,5.514435,0.527974,0.119182,0.739522,0.855248
DOMINICAN REPUBLIC,DISTRITO NACIONAL,2009-06-07,nb,3,1.0,seir,central,1.0,0.3,0.158455,3.28341,3.052683,0.477517,0.103234,0.49428,0.313493
DOMINICAN REPUBLIC,DISTRITO NACIONAL,2009-06-07,nb,3,1.0,seir,alt,1.0,0.3,0.158455,3.974765,3.360583,0.490491,0.110306,0.70275,0.492927
DOMINICAN REPUBLIC,DISTRITO NACIONAL,2009-06-07,nb,3,1.0,hostvector_tempmort,central,1.0,0.3,0.158455,5.502752,3.652274,0.428909,0.095268,0.420426,0.318712
DOMINICAN REPUBLIC,DISTRITO NACIONAL,2009-06-07,nb,3,1.0,hostvector_tempmort,alt,1.0,0.3,0.158455,9.165893,5.29173,0.51378,0.116197,0.722475,0.800968
DOMINICAN REPUBLIC,DISTRITO NACIONAL,2009-06-07,nb,3,0.75,hostvector,central,1.0,0.3,0.158455,5.879359,5.32051,0.44529,0.116527,0.440977,0.49
DOMINICAN REPUBLIC,DISTRITO NACIONAL,2009-06-07,nb,3,0.75,hostvector,alt,1.0,0.3,0.158455,9.534687,7.430895,0.529138,0.140977,0.759727,1.188145
DOMINICAN REPUBLIC,DISTRITO NACIONAL,2009-06-07,nb,3,0.75,seir,central,1.0,0.3,0.158455,3.525627,4.370498,0.481005,0.12357,0.520958,0.476063
DOMINICAN REPUBLIC,DISTRITO NACIONAL,2009-06-07,nb,3,0.75,seir,alt,1.0,0.3,0.158455,4.450364,4.766153,0.49785,0.132642,0.778216,0.778533
DOMINICAN REPUBLIC,DISTRITO NACIONAL,2009-06-07,nb,3,0.75,hostvector_tempmort,central,1.0,0.3,0.158455,5.880229,5.126835,0.433372,0.1131,0.455542,0.487466
DOMINICAN REPUBLIC,DISTRITO NACIONAL,2009-06-07,nb,3,0.75,hostvector_tempmort,alt,1.0,0.3,0.158455,9.392375,7.167931,0.516088,0.137426,0.758473,1.143336
DOMINICAN REPUBLIC,DISTRITO NACIONAL,2009-06-07,nb,5,1.0,hostvector,central,1.0,0.3,0.158455,11.954526,6.679301,0.220605,0.110905,1.372767,1.859084
DOMINICAN REPUBLIC,DISTRITO NACIONAL,2009-06-07,nb,5,1.0,hostvector,alt,1.0,0.3,0.158455,15.133604,8.003005,0.226661,0.13516,2.410076,4.280105
DOMINICAN REPUBLIC,DISTRITO NACIONAL,2009-06-07,nb,5,1.0,seir,central,1.0,0.3,0.158455,3.67589,4.692237,0.211121,0.1353,0.538073,0.489807
DOMINICAN REPUBLIC,DISTRITO NACIONAL,2009-06-07,nb,5,1.0,seir,alt,1.0,0.3,0.158455,3.046786,4.590606,0.182504,0.138474,0.61681,0.550147
DOMINICAN REPUBLIC,DISTRITO NACIONAL,2009-06-07,nb,5,1.0,hostvector_tempmort,central,1.0,0.3,0.158455,12.041678,6.565462,0.214535,0.107797,1.444502,1.906559
DOMINICAN REPUBLIC,DISTRITO NACIONAL,2009-06-07,nb,5,1.0,hostvector_tempmort,alt,1.0,0.3,0.158455,15.355674,7.882103,0.219215,0.1309,2.575476,4.436815
DOMINICAN REPUBLIC,DISTRITO NACIONAL,2009-06-07,nb,5,0.75,hostvector,central,1.0,0.3,0.158455,13.35432,8.542709,0.216124,0.129824,1.822047,3.141363
DOMINICAN REPUBLIC,DISTRITO NACIONAL,2009-06-07,nb,5,0.75,hostvector,alt,1.0,0.3,0.158455,15.362097,10.191993,0.225352,0.159972,2.537929,5.782719
DOMINICAN REPUBLIC,DISTRITO NACIONAL,2009-06-07,nb,5,0.75,seir,central,1.0,0.3,0.158455,1.218977,6.914194,0.175504,0.165688,0.33476,0.453015
DOMINICAN REPUBLIC,DISTRITO NACIONAL,2009-06-07,nb,5,0.75,seir,alt,1.0,0.3,0.158455,7.2e-05,6.680878,0.136164,0.168577,0.340353,0.445678
DOMINICAN REPUBLIC,DISTRITO NACIONAL,2009-06-07,nb,5,0.75,hostvector_tempmort,central,1.0,0.3,0.158455,13.624237,8.38597,0.210245,0.125723,1.980427,3.306733
DOMINICAN REPUBLIC,DISTRITO NACIONAL,2009-06-07,nb,5,0.75,hostvector_tempmort,alt,1.0,0.3,0.158455,15.803405,9.999523,0.216489,0.15524,2.847872,6.267649
DOMINICAN REPUBLIC,DISTRITO NACIONAL,2009-06-07,nb,7,1.0,hostvector,central,1.0,0.3,0.158455,23.473677,5.989358,-0.04946,0.1247,13.435884,86.43853
DOMINICAN REPUBLIC,DISTRITO NACIONAL,2009-06-07,nb,7,1.0,hostvector,alt,1.0,0.3,0.158455,0.115689,3.909496,-0.157215,0.087904,0.151813,0.122282
DOMINICAN REPUBLIC,DISTRITO NACIONAL,2009-06-07,nb,7,1.0,seir,central,1.0,0.3,0.158455,3e-06,2.34613,-0.211735,0.080296,0.409962,0.193467
DOMINICAN REPUBLIC,DISTRITO NACIONAL,2009-06-07,nb,7,1.0,seir,alt,1.0,0.3,0.158455,0.0,0.016361,-0.235633,0.08693,0.52979,0.048612
DOMINICAN REPUBLIC,DISTRITO NACIONAL,2009-06-07,nb,7,1.0,hostvector_tempmort,central,1.0,0.3,0.158455,23.377281,5.970193,-0.042822,0.120693,13.782638,79.592094
DOMINICAN REPUBLIC,DISTRITO NACIONAL,2009-06-07,nb,7,1.0,hostvector_tempmort,alt,1.0,0.3,0.158455,0.370405,3.78357,-0.157779,0.085621,0.164482,0.127961
DOMINICAN REPUBLIC,DISTRITO NACIONAL,2009-06-07,nb,7,0.75,hostvector,central,1.0,0.3,0.158455,25.110587,6.319155,-0.071268,0.132798,19.102417,154.523231
DOMINICAN REPUBLIC,DISTRITO NACIONAL,2009-06-07,nb,7,0.75,hostvector,alt,1.0,0.3,0.158455,0.0,0.087863,-0.141013,0.102836,0.143894,0.013155
DOMINICAN REPUBLIC,DISTRITO NACIONAL,2009-06-07,nb,7,0.75,seir,central,1.0,0.3,0.158455,0.0,0.735851,-0.203823,0.094515,0.401977,0.059492
DOMINICAN REPUBLIC,DISTRITO NACIONAL,2009-06-07,nb,7,0.75,seir,alt,1.0,0.3,0.158455,0.0,,-0.227512,,0.519627,
DOMINICAN REPUBLIC,DISTRITO NACIONAL,2009-06-07,nb,7,0.75,hostvector_tempmort,central,1.0,0.3,0.158455,25.088838,6.227179,-0.064431,0.126875,19.915351,143.721662
DOMINICAN REPUBLIC,DISTRITO NACIONAL,2009-06-07,nb,7,0.75,hostvector_tempmort,alt,1.0,0.3,0.158455,0.0,0.0337,-0.145181,0.0951,0.148173,0.013074
DOMINICAN REPUBLIC,DISTRITO NACIONAL,2009-06-07,poisson,3,1.0,hostvector,central,1.0,0.3,0.158455,3.684961,5.318461,0.393447,0.102671,0.277543,0.31118
DOMINICAN REPUBLIC,DISTRITO NACIONAL,2009-06-07,poisson,3,1.0,hostvector,alt,1.0,0.3,0.158455,5.719172,6.984239,0.456467,0.124645,0.339185,0.501962
DOMINICAN REPUBLIC,DISTRITO NACIONAL,2009-06-07,poisson,3,1.0,seir,central,1.0,0.3,0.158455,3.305398,5.020316,0.438393,0.10952,0.49737,0.527667
DOMINICAN REPUBLIC,DISTRITO NACIONAL,2009-06-07,poisson,3,1.0,seir,alt,1.0,0.3,0.158455,4.574557,5.637242,0.457111,0.118999,0.798553,0.955674
DOMINICAN REPUBLIC,DISTRITO NACIONAL,2009-06-07,poisson,3,1.0,hostvector_tempmort,central,1.0,0.3,0.158455,3.945948,5.207137,0.385649,0.100235,0.302561,0.332026
DOMINICAN REPUBLIC,DISTRITO NACIONAL,2009-06-07,poisson,3,1.0,hostvector_tempmort,alt,1.0,0.3,0.158455,5.978067,6.853763,0.449078,0.121951,0.368243,0.534665
DOMINICAN REPUBLIC,DISTRITO NACIONAL,2009-06-07,poisson,3,0.75,hostvector,central,1.0,0.3,0.158455,2.919715,7.200631,0.383743,0.129334,0.235913,0.359175
DOMINICAN REPUBLIC,DISTRITO NACIONAL,2009-06-07,poisson,3,0.75,hostvector,alt,1.0,0.3,0.158455,4.525729,9.179447,0.441791,0.156456,0.262985,0.512434
DOMINICAN REPUBLIC,DISTRITO NACIONAL,2009-06-07,poisson,3,0.75,seir,central,1.0,0.3,0.158455,3.028345,6.89837,0.434411,0.138373,0.468894,0.686041
DOMINICAN REPUBLIC,DISTRITO NACIONAL,2009-06-07,poisson,3,0.75,seir,alt,1.0,0.3,0.158455,4.586814,7.62015,0.457272,0.150283,0.800778,1.299443
DOMINICAN REPUBLIC,DISTRITO NACIONAL,2009-06-07,poisson,3,0.75,hostvector_tempmort,central,1.0,0.3,0.158455,3.272765,7.047373,0.377162,0.126125,0.26226,0.390695
DOMINICAN REPUBLIC,DISTRITO NACIONAL,2009-06-07,poisson,3,0.75,hostvector_tempmort,alt,1.0,0.3,0.158455,4.940908,9.017089,0.436387,0.152901,0.295192,0.564942
DOMINICAN REPUBLIC,DISTRITO NACIONAL,2009-06-07,poisson,5,1.0,hostvector,central,1.0,0.3,0.158455,10.090101,7.516949,0.223515,0.104946,0.728362,0.964185
DOMINICAN REPUBLIC,DISTRITO NACIONAL,2009-06-07,poisson,5,1.0,hostvector,alt,1.0,0.3,0.158455,11.94164,8.502349,0.246904,0.123493,0.824597,1.332631
DOMINICAN REPUBLIC,DISTRITO NACIONAL,2009-06-07,poisson,5,1.0,seir,central,1.0,0.3,0.158455,1.881739,5.367009,0.192627,0.126731,0.332684,0.346154
DOMINICAN REPUBLIC,DISTRITO NACIONAL,2009-06-07,poisson,5,1.0,seir,alt,1.0,0.3,0.158455,1.315726,5.039376,0.174947,0.130974,0.379066,0.37116
DOMINICAN REPUBLIC,DISTRITO NACIONAL,2009-06-07,poisson,5,1.0,hostvector_tempmort,central,1.0,0.3,0.158455,10.284577,7.454411,0.216239,0.102181,0.791727,1.029728
DOMINICAN REPUBLIC,DISTRITO NACIONAL,2009-06-07,poisson,5,1.0,hostvector_tempmort,alt,1.0,0.3,0.158455,12.275499,8.408729,0.238267,0.12019,0.895212,1.431887
DOMINICAN REPUBLIC,DISTRITO NACIONAL,2009-06-07,poisson,5,0.75,hostvector,central,1.0,0.3,0.158455,9.782164,9.553455,0.22306,0.123569,0.694579,1.175211
DOMINICAN REPUBLIC,DISTRITO NACIONAL,2009-06-07,poisson,5,0.75,hostvector,alt,1.0,0.3,0.158455,11.114916,10.786577,0.247291,0.144262,0.727506,1.461393
DOMINICAN REPUBLIC,DISTRITO NACIONAL,2009-06-07,poisson,5,0.75,seir,central,1.0,0.3,0.158455,0.0,8.456698,0.169566,0.163316,0.22841,0.378193
DOMINICAN REPUBLIC,DISTRITO NACIONAL,2009-06-07,poisson,5,0.75,seir,alt,1.0,0.3,0.158455,0.0,0.012144,0.159618,0.124517,0.288782,0.068633
DOMINICAN REPUBLIC,DISTRITO NACIONAL,2009-06-07,poisson,5,0.75,hostvector_tempmort,central,1.0,0.3,0.158455,10.158715,9.42867,0.216759,0.120596,0.77099,1.265523
DOMINICAN REPUBLIC,DISTRITO NACIONAL,2009-06-07,poisson,5,0.75,hostvector_tempmort,alt,1.0,0.3,0.158455,11.680924,10.590319,0.239703,0.141265,0.811489,1.574326
DOMINICAN REPUBLIC,DISTRITO NACIONAL,2009-06-07,poisson,7,1.0,hostvector,central,1.0,0.3,0.158455,19.173934,6.58547,0.001231,0.10761,5.204138,25.297793
DOMINICAN REPUBLIC,DISTRITO NACIONAL,2009-06-07,poisson,7,1.0,hostvector,alt,1.0,0.3,0.158455,0.0,5.382748,-0.07759,0.103425,0.129452,0.14333
DOMINICAN REPUBLIC,DISTRITO NACIONAL,2009-06-07,poisson,7,1.0,seir,central,1.0,0.3,0.158455,0.0,0.303857,-0.149236,0.09371,0.367446,0.05306
DOMINICAN REPUBLIC,DISTRITO NACIONAL,2009-06-07,poisson,7,1.0,seir,alt,1.0,0.3,0.158455,0.0,3.612763,-0.17166,0.090309,0.476634,0.369695
DOMINICAN REPUBLIC,DISTRITO NACIONAL,2009-06-07,poisson,7,1.0,hostvector_tempmort,central,1.0,0.3,0.158455,0.0,3.881958,-0.078475,0.085929,0.1652,0.130346
DOMINICAN REPUBLIC,DISTRITO NACIONAL,2009-06-07,poisson,7,1.0,hostvector_tempmort,alt,1.0,0.3,0.158455,0.0,4.777777,-0.084805,0.098665,0.134133,0.131675
DOMINICAN REPUBLIC,DISTRITO NACIONAL,2009-06-07,poisson,7,0.75,hostvector,central,1.0,0.3,0.158455,0.0,0.664009,-0.064492,0.099732,0.155669,0.033376
DOMINICAN REPUBLIC,DISTRITO NACIONAL,2009-06-07,poisson,7,0.75,hostvector,alt,1.0,0.3,0.158455,0.0,0.09278,-0.066006,0.115511,0.125901,0.021369
DOMINICAN REPUBLIC,DISTRITO NACIONAL,2009-06-07,poisson,7,0.75,seir,central,1.0,0.3,0.158455,0.0,5.080049,-0.143342,0.106565,0.361014,0.396022
DOMINICAN REPUBLIC,DISTRITO NACIONAL,2009-06-07,poisson,7,0.75,seir,alt,1.0,0.3,0.158455,0.0,3.32323,-0.165849,0.10745,0.468507,0.339913
DOMINICAN REPUBLIC,DISTRITO NACIONAL,2009-06-07,poisson,7,0.75,hostvector_tempmort,central,1.0,0.3,0.158455,0.0,0.131667,-0.069616,0.102481,0.161356,0.025344
DOMINICAN REPUBLIC,DISTRITO NACIONAL,2009-06-07,poisson,7,0.75,hostvector_tempmort,alt,1.0,0.3,0.158455,0.0,0.150061,-0.073066,0.110976,0.130388,0.021276
COLOMBIA,ARAUCA,2002-11-10,nb,3,1.0,hostvector,central,1.0,0.3,0.150733,0.906091,0.571338,0.259591,0.05797,0.142677,0.018284
COLOMBIA,ARAUCA,2002-11-10,nb,3,1.0,hostvector,alt,1.0,0.3,0.150733,1.034653,0.688586,0.297187,0.068848,0.1152,0.017616
COLOMBIA,ARAUCA,2002-11-10,nb,3,1.0,seir,central,1.0,0.3,0.150733,0.787665,0.548779,0.253175,0.056538,0.282031,0.03527
COLOMBIA,ARAUCA,2002-11-10,nb,3,1.0,seir,alt,1.0,0.3,0.150733,0.78873,0.546996,0.252536,0.055999,0.353078,0.044025
COLOMBIA,ARAUCA,2002-11-10,nb,3,1.0,hostvector_tempmort,central,1.0,0.3,0.150733,1.455202,0.551219,0.271505,0.056899,0.173329,0.021101
COLOMBIA,ARAUCA,2002-11-10,nb,3,1.0,hostvector_tempmort,alt,1.0,0.3,0.150733,1.544505,0.66114,0.305701,0.067449,0.138834,0.020061
COLOMBIA,ARAUCA,2002-11-10,nb,3,0.75,hostvector,central,1.0,0.3,0.150733,0.673685,0.686281,0.228761,0.093217,0.132567,0.02963
COLOMBIA,ARAUCA,2002-11-10,nb,3,0.75,hostvector,alt,1.0,0.3,0.150733,0.771845,0.822873,0.262333,0.10748,0.106042,0.027912
COLOMBIA,ARAUCA,2002-11-10,nb,3,0.75,seir,central,1.0,0.3,0.150733,0.482412,0.692143,0.216809,0.100311,0.256851,0.060074
COLOMBIA,ARAUCA,2002-11-10,nb,3,0.75,seir,alt,1.0,0.3,0.150733,0.46702,0.694017,0.215909,0.101475,0.320408,0.0757
COLOMBIA,ARAUCA,2002-11-10,nb,3,0.75,hostvector_tempmort,central,1.0,0.3,0.150733,1.264672,0.655447,0.243331,0.090591,0.162824,0.034635
COLOMBIA,ARAUCA,2002-11-10,nb,3,0.75,hostvector_tempmort,alt,1.0,0.3,0.150733,1.317138,0.782978,0.272901,0.104749,0.128985,0.032278
COLOMBIA,ARAUCA,2002-11-10,nb,5,1.0,hostvector,central,1.0,0.3,0.150733,0.0,,0.163805,,0.118611,
COLOMBIA,ARAUCA,2002-11-10,nb,5,1.0,hostvector,alt,1.0,0.3,0.150733,0.0,0.218676,0.18806,0.030232,0.093509,0.004928
COLOMBIA,ARAUCA,2002-11-10,nb,5,1.0,seir,central,1.0,0.3,0.150733,0.0,,0.168306,,0.240607,
COLOMBIA,ARAUCA,2002-11-10,nb,5,1.0,seir,alt,1.0,0.3,0.150733,0.0,0.002347,0.168103,0.024189,0.301182,0.004668
COLOMBIA,ARAUCA,2002-11-10,nb,5,1.0,hostvector_tempmort,central,1.0,0.3,0.150733,0.044331,0.478238,0.125461,0.053909,0.127841,0.015091
COLOMBIA,ARAUCA,2002-11-10,nb,5,1.0,hostvector_tempmort,alt,1.0,0.3,0.150733,0.0,0.001877,0.145841,0.024682,0.099775,0.001466
COLOMBIA,ARAUCA,2002-11-10,nb,5,0.75,hostvector,central,1.0,0.3,0.150733,0.0,0.522346,0.185328,0.0752,0.116889,0.018514
COLOMBIA,ARAUCA,2002-11-10,nb,5,0.75,hostvector,alt,1.0,0.3,0.150733,0.0,0.624695,0.212023,0.088347,0.091943,0.017498
COLOMBIA,ARAUCA,2002-11-10,nb,5,0.75,seir,central,1.0,0.3,0.150733,0.0,,0.195707,,0.23691,
COLOMBIA,ARAUCA,2002-11-10,nb,5,0.75,seir,alt,1.0,0.3,0.150733,0.0,0.535314,0.197307,0.078454,0.296704,0.047006
COLOMBIA,ARAUCA,2002-11-10,nb,5,0.75,hostvector_tempmort,central,1.0,0.3,0.150733,0.022525,,0.137823,,0.124658,
COLOMBIA,ARAUCA,2002-11-10,nb,5,0.75,hostvector_tempmort,alt,1.0,0.3,0.150733,0.0,0.601321,0.163368,0.0809,0.097667,0.016076
COLOMBIA,ARAUCA,2002-11-10,nb,7,1.0,hostvector,central,1.0,0.3,0.150733,0.0,,0.136696,,0.120252,
COLOMBIA,ARAUCA,2002-11-10,nb,7,1.0,hostvector,alt,1.0,0.3,0.150733,0.0,0.50064,0.15831,0.063457,0.095261,0.012906
COLOMBIA,ARAUCA,2002-11-10,nb,7,1.0,seir,central,1.0,0.3,0.150733,0.0,0.000836,0.129813,0.037876,0.241548,0.007003
COLOMBIA,ARAUCA,2002-11-10,nb,7,1.0,seir,alt,1.0,0.3,0.150733,0.0,,0.126223,,0.301489,
COLOMBIA,ARAUCA,2002-11-10,nb,7,1.0,hostvector_tempmort,central,1.0,0.3,0.150733,0.0,,0.096427,,0.127172,
COLOMBIA,ARAUCA,2002-11-10,nb,7,1.0,hostvector_tempmort,alt,1.0,0.3,0.150733,0.0,0.010054,0.118468,0.03474,0.10069,0.002256
COLOMBIA,ARAUCA,2002-11-10,nb,7,0.75,hostvector,central,1.0,0.3,0.150733,0.0,0.557142,0.225835,0.089704,0.122408,0.016677
COLOMBIA,ARAUCA,2002-11-10,nb,7,0.75,hostvector,alt,1.0,0.3,0.150733,0.0,0.651059,0.259182,0.101491,0.097085,0.015316
COLOMBIA,ARAUCA,2002-11-10,nb,7,0.75,seir,central,1.0,0.3,0.150733,0.0,,0.238603,,0.248236,
COLOMBIA,ARAUCA,2002-11-10,nb,7,0.75,seir,alt,1.0,0.3,0.150733,0.0,,0.238951,,0.310643,
COLOMBIA,ARAUCA,2002-11-10,nb,7,0.75,hostvector_tempmort,central,1.0,0.3,0.150733,0.0,0.495459,0.157513,0.085417,0.127547,0.01602
COLOMBIA,ARAUCA,2002-11-10,nb,7,0.75,hostvector_tempmort,alt,1.0,0.3,0.150733,0.0,0.569149,0.191988,0.098606,0.101264,0.014937
COLOMBIA,ARAUCA,2002-11-10,poisson,3,1.0,hostvector,central,1.0,0.3,0.150733,1.401995,0.600784,0.308919,0.062773,0.158816,0.020781
COLOMBIA,ARAUCA,2002-11-10,poisson,3,1.0,hostvector,alt,1.0,0.3,0.150733,1.57887,0.704763,0.351193,0.072815,0.129398,0.019569
COLOMBIA,ARAUCA,2002-11-10,poisson,3,1.0,seir,central,1.0,0.3,0.150733,1.500747,0.606177,0.320172,0.063703,0.329889,0.044498
COLOMBIA,ARAUCA,2002-11-10,poisson,3,1.0,seir,alt,1.0,0.3,0.150733,1.54775,0.616966,0.321719,0.064053,0.417073,0.057145
COLOMBIA,ARAUCA,2002-11-10,poisson,3,1.0,hostvector_tempmort,central,1.0,0.3,0.150733,1.812457,0.58368,0.308816,0.061921,0.187207,0.023566
COLOMBIA,ARAUCA,2002-11-10,poisson,3,1.0,hostvector_tempmort,alt,1.0,0.3,0.150733,1.966198,0.682856,0.349231,0.071826,0.151898,0.022043
COLOMBIA,ARAUCA,2002-11-10,poisson,3,0.75,hostvector,central,1.0,0.3,0.150733,0.884978,0.658908,0.277203,0.070415,0.148647,0.024004
COLOMBIA,ARAUCA,2002-11-10,poisson,3,0.75,hostvector,alt,1.0,0.3,0.150733,1.002144,0.792373,0.316435,0.081227,0.120727,0.022839
COLOMBIA,ARAUCA,2002-11-10,poisson,3,0.75,seir,central,1.0,0.3,0.150733,0.792406,0.644225,0.279648,0.077396,0.298287,0.052061
COLOMBIA,ARAUCA,2002-11-10,poisson,3,0.75,seir,alt,1.0,0.3,0.150733,0.785015,0.646748,0.282371,0.078854,0.375365,0.066704
COLOMBIA,ARAUCA,2002-11-10,poisson,3,0.75,hostvector_tempmort,central,1.0,0.3,0.150733,1.473207,0.63161,0.277501,0.070698,0.177414,0.027955
COLOMBIA,ARAUCA,2002-11-10,poisson,3,0.75,hostvector_tempmort,alt,1.0,0.3,0.150733,1.547126,0.756415,0.313997,0.081393,0.143046,0.026077
COLOMBIA,ARAUCA,2002-11-10,poisson,5,1.0,hostvector,central,1.0,0.3,0.150733,0.0,0.651411,0.124345,0.065856,0.11883,0.018984
COLOMBIA,ARAUCA,2002-11-10,poisson,5,1.0,hostvector,alt,1.0,0.3,0.150733,0.0,0.75702,0.14335,0.075801,0.093874,0.017436
COLOMBIA,ARAUCA,2002-11-10,poisson,5,1.0,seir,central,1.0,0.3,0.150733,0.0,0.688258,0.125041,0.06938,0.240453,0.040441
COLOMBIA,ARAUCA,2002-11-10,poisson,5,1.0,seir,alt,1.0,0.3,0.150733,0.0,,0.123411,,0.30099,
COLOMBIA,ARAUCA,2002-11-10,poisson,5,1.0,hostvector_tempmort,central,1.0,0.3,0.150733,0.262526,0.620492,0.110016,0.064059,0.135133,0.020366
COLOMBIA,ARAUCA,2002-11-10,poisson,5,1.0,hostvector_tempmort,alt,1.0,0.3,0.150733,0.225269,0.716661,0.125598,0.073662,0.105805,0.018418
COLOMBIA,ARAUCA,2002-11-10,poisson,5,0.75,hostvector,central,1.0,0.3,0.150733,0.0,0.534976,0.145726,0.072298,0.116312,0.01862
COLOMBIA,ARAUCA,2002-11-10,poisson,5,0.75,hostvector,alt,1.0,0.3,0.150733,0.0,0.451994,0.369194,0.062697,0.117571,0.013236
COLOMBIA,ARAUCA,2002-11-10,poisson,5,0.75,seir,central,1.0,0.3,0.150733,0.0,0.555999,0.154251,0.071364,0.234997,0.036907
COLOMBIA,ARAUCA,2002-11-10,poisson,5,0.75,seir,alt,1.0,0.3,0.150733,0.0,0.557759,0.154803,0.072251,0.294235,0.046462
COLOMBIA,ARAUCA,2002-11-10,poisson,5,0.75,hostvector_tempmort,central,1.0,0.3,0.150733,0.0,0.509072,0.103652,0.072631,0.123801,0.019607
COLOMBIA,ARAUCA,2002-11-10,poisson,5,0.75,hostvector_tempmort,alt,1.0,0.3,0.150733,0.0,0.588761,0.125015,0.083969,0.097557,0.017948
COLOMBIA,ARAUCA,2002-11-10,poisson,7,1.0,hostvector,central,1.0,0.3,0.150733,0.0,0.157711,0.081158,0.032175,0.121264,0.005511
COLOMBIA,ARAUCA,2002-11-10,poisson,7,1.0,hostvector,alt,1.0,0.3,0.150733,0.0,0.006972,0.093574,0.031701,0.096283,0.002112
COLOMBIA,ARAUCA,2002-11-10,poisson,7,1.0,seir,central,1.0,0.3,0.150733,0.0,0.47308,0.079049,0.049127,0.244598,0.03231
COLOMBIA,ARAUCA,2002-11-10,poisson,7,1.0,seir,alt,1.0,0.3,0.150733,0.0,0.537443,0.076901,0.054844,0.305911,0.044138
COLOMBIA,ARAUCA,2002-11-10,poisson,7,1.0,hostvector_tempmort,central,1.0,0.3,0.150733,0.0,0.464286,0.048669,0.046996,0.127947,0.015743
COLOMBIA,ARAUCA,2002-11-10,poisson,7,1.0,hostvector_tempmort,alt,1.0,0.3,0.150733,0.0,0.008805,0.061697,0.029938,0.10148,0.001851
COLOMBIA,ARAUCA,2002-11-10,poisson,7,0.75,hostvector,central,1.0,0.3,0.150733,0.0,0.616714,0.164729,0.075452,0.121426,0.015937
COLOMBIA,ARAUCA,2002-11-10,poisson,7,0.75,hostvector,alt,1.0,0.3,0.150733,0.0,0.725207,0.186656,0.087836,0.096264,0.014827
COLOMBIA,ARAUCA,2002-11-10,poisson,7,0.75,seir,central,1.0,0.3,0.150733,0.0,,0.177245,,0.245804,
COLOMBIA,ARAUCA,2002-11-10,poisson,7,0.75,seir,alt,1.0,0.3,0.150733,0.0,0.021478,0.178198,0.044587,0.307835,0.007246
COLOMBIA,ARAUCA,2002-11-10,poisson,7,0.75,hostvector_tempmort,central,1.0,0.3,0.150733,0.0,0.523077,0.11369,0.071576,0.127273,0.015514
COLOMBIA,ARAUCA,2002-11-10,poisson,7,0.75,hostvector_tempmort,alt,1.0,0.3,0.150733,0.0,0.610765,0.137306,0.083048,0.10095,0.014304
BRAZIL,BRAZIL,2022-11-27,nb,3,1.0,hostvector,central,1.0,0.3,0.369823,3.401282,1.779696,-1.028312,0.720599,3.12986,9.808405
BRAZIL,BRAZIL,2022-11-27,nb,3,1.0,hostvector,alt,1.0,0.3,0.369823,5.245033,,-1.250366,,11.902186,
BRAZIL,BRAZIL,2022-11-27,nb,3,1.0,seir,central,1.0,0.3,0.369823,3.590921,1.912863,-1.343636,0.856331,10.340555,24.104888
BRAZIL,BRAZIL,2022-11-27,nb,3,1.0,seir,alt,1.0,0.3,0.369823,4.510663,2.399144,-1.655975,0.885855,35.84697,98.220371
BRAZIL,BRAZIL,2022-11-27,nb,3,1.0,hostvector_tempmort,central,1.0,0.3,0.369823,2.949242,1.890109,-1.173753,0.812384,2.542671,5.782905
BRAZIL,BRAZIL,2022-11-27,nb,3,1.0,hostvector_tempmort,alt,1.0,0.3,0.369823,7.962784,,-2.208675,,265.32579,
BRAZIL,BRAZIL,2022-11-27,nb,3,0.75,hostvector,central,1.0,0.3,0.369823,3.488909,2.381908,-1.176348,1.014872,3.813066,10.880409
BRAZIL,BRAZIL,2022-11-27,nb,3,0.75,hostvector,alt,1.0,0.3,0.369823,15.576529,,-3.905118,,431452.767839,
BRAZIL,BRAZIL,2022-11-27,nb,3,0.75,seir,central,1.0,0.3,0.369823,3.406437,2.357368,-1.323436,1.088302,8.675885,25.18007
BRAZIL,BRAZIL,2022-11-27,nb,3,0.75,seir,alt,1.0,0.3,0.369823,11.516524,3.08776,-3.844381,0.721706,68620.151477,207961.028672
BRAZIL,BRAZIL,2022-11-27,nb,3,0.75,hostvector_tempmort,central,1.0,0.3,0.369823,2.630022,2.261458,-1.082581,1.032639,1.789829,4.972632
BRAZIL,BRAZIL,2022-11-27,nb,3,0.75,hostvector_tempmort,alt,1.0,0.3,0.369823,13.968986,,-3.779956,,116230.27119,
BRAZIL,BRAZIL,2022-11-27,nb,5,1.0,hostvector,central,1.0,0.3,0.369823,1.293617,1.296759,0.205583,1.221847,0.209999,1.434433
BRAZIL,BRAZIL,2022-11-27,nb,5,1.0,hostvector,alt,1.0,0.3,0.369823,2.290871,2.180031,0.015247,1.505246,0.367645,2.322219
BRAZIL,BRAZIL,2022-11-27,nb,5,1.0,seir,central,1.0,0.3,0.369823,0.891545,1.418483,0.409163,1.059166,0.271499,1.558578
BRAZIL,BRAZIL,2022-11-27,nb,5,1.0,seir,alt,1.0,0.3,0.369823,1.063825,,0.519183,,0.385681,
BRAZIL,BRAZIL,2022-11-27,nb,5,1.0,hostvector_tempmort,central,1.0,0.3,0.369823,0.583175,0.943416,0.190587,0.884995,0.141941,0.904723
BRAZIL,BRAZIL,2022-11-27,nb,5,1.0,hostvector_tempmort,alt,1.0,0.3,0.369823,1.248317,1.519211,0.041282,1.396883,0.225039,1.786589
BRAZIL,BRAZIL,2022-11-27,nb,5,0.75,hostvector,central,1.0,0.3,0.369823,1.114175,1.290665,0.152558,1.275038,0.21543,1.589397
BRAZIL,BRAZIL,2022-11-27,nb,5,0.75,hostvector,alt,1.0,0.3,0.369823,1.978243,2.462652,-0.099023,1.986322,0.362855,3.493237
BRAZIL,BRAZIL,2022-11-27,nb,5,0.75,seir,central,1.0,0.3,0.369823,0.818414,0.699351,0.333231,0.728061,0.263304,0.223298
BRAZIL,BRAZIL,2022-11-27,nb,5,0.75,seir,alt,1.0,0.3,0.369823,0.948234,,0.413635,,0.359339,
BRAZIL,BRAZIL,2022-11-27,nb,5,0.75,hostvector_tempmort,central,1.0,0.3,0.369823,0.522417,0.99463,0.124399,0.980488,0.12844,1.115244
BRAZIL,BRAZIL,2022-11-27,nb,5,0.75,hostvector_tempmort,alt,1.0,0.3,0.369823,1.021991,1.669829,0.043639,1.510587,0.191984,1.787602
BRAZIL,BRAZIL,2022-11-27,nb,7,1.0,hostvector,central,1.0,0.3,0.369823,1.161302,0.714036,0.787909,0.649117,0.409987,0.491283
BRAZIL,BRAZIL,2022-11-27,nb,7,1.0,hostvector,alt,1.0,0.3,0.369823,1.529553,,0.927543,,0.50231,
BRAZIL,BRAZIL,2022-11-27,nb,7,1.0,seir,central,1.0,0.3,0.369823,0.7598,1.247823,0.830231,0.932908,0.963078,0.420748
BRAZIL,BRAZIL,2022-11-27,nb,7,1.0,seir,alt,1.0,0.3,0.369823,0.897141,1.324873,0.924603,0.915203,1.501194,0.887939
BRAZIL,BRAZIL,2022-11-27,nb,7,1.0,hostvector_tempmort,central,1.0,0.3,0.369823,0.662197,0.500023,0.709006,0.468235,0.237624,0.276201
BRAZIL,BRAZIL,2022-11-27,nb,7,1.0,hostvector_tempmort,alt,1.0,0.3,0.369823,0.968803,1.075936,0.956736,0.921228,0.334381,0.176808
BRAZIL,BRAZIL,2022-11-27,nb,7,0.75,hostvector,central,1.0,0.3,0.369823,1.061607,0.658603,0.727491,0.627342,0.338625,0.410095
BRAZIL,BRAZIL,2022-11-27,nb,7,0.75,hostvector,alt,1.0,0.3,0.369823,1.303689,1.536216,0.887651,1.136677,0.408466,0.28198
BRAZIL,BRAZIL,2022-11-27,nb,7,0.75,seir,central,1.0,0.3,0.369823,0.72967,1.445649,0.762198,1.130218,0.876509,0.483709
BRAZIL,BRAZIL,2022-11-27,nb,7,0.75,seir,alt,1.0,0.3,0.369823,0.792993,1.503472,0.906618,1.057175,1.355858,0.911371
BRAZIL,BRAZIL,2022-11-27,nb,7,0.75,hostvector_tempmort,central,1.0,0.3,0.369823,0.600415,0.718183,0.664946,0.814432,0.204557,0.604308
BRAZIL,BRAZIL,2022-11-27,nb,7,0.75,hostvector_tempmort,alt,1.0,0.3,0.369823,0.815817,1.207661,0.960212,1.155464,0.297314,0.178246
BRAZIL,BRAZIL,2022-11-27,poisson,3,1.0,hostvector,central,1.0,0.3,0.369823,24.773377,33.040833,-3.511495,5.164217,370702045.066525,8660763670.944866
BRAZIL,BRAZIL,2022-11-27,poisson,3,1.0,hostvector,alt,1.0,0.3,0.369823,36.513381,37.565743,-4.635944,5.210742,3946197020075.0327,112075615429728.34
BRAZIL,BRAZIL,2022-11-27,poisson,3,1.0,seir,central,1.0,0.3,0.369823,27.034889,24.580137,-3.239254,4.104862,10003110050.314575,201004490028.9814
BRAZIL,BRAZIL,2022-11-27,poisson,3,1.0,seir,alt,1.0,0.3,0.369823,36.016412,48.03717,-4.329151,8.506851,10686474581524.463,759759916983426.5
BRAZIL,BRAZIL,2022-11-27,poisson,3,1.0,hostvector_tempmort,central,1.0,0.3,0.369823,25.748013,36.569556,-3.552337,4.511118,847283734.744164,23024824063.06414
BRAZIL,BRAZIL,2022-11-27,poisson,3,1.0,hostvector_tempmort,alt,1.0,0.3,0.369823,37.306813,40.666356,-4.62052,4.860304,7616841665925.925,234672585447802.84
BRAZIL,BRAZIL,2022-11-27,poisson,3,0.75,hostvector,central,1.0,0.3,0.369823,24.774954,35.972022,-3.511659,5.054878,371191575.470188,9701951228.130196
BRAZIL,BRAZIL,2022-11-27,poisson,3,0.75,hostvector,alt,1.0,0.3,0.369823,31.324819,54.343953,-3.900684,8.789854,85800392652.28754,3543372741019.4077
BRAZIL,BRAZIL,2022-11-27,poisson,3,0.75,seir,central,1.0,0.3,0.369823,27.027842,28.981773,-3.236279,4.833275,9949743442.169338,235777600633.76108
BRAZIL,BRAZIL,2022-11-27,poisson,3,0.75,seir,alt,1.0,0.3,0.369823,36.016362,55.627529,-4.329201,9.629107,10686474581524.463,1215972309362340.2
BRAZIL,BRAZIL,2022-11-27,poisson,3,0.75,hostvector_tempmort,central,1.0,0.3,0.369823,25.667524,45.274858,-3.546317,6.396708,793318055.857991,25883702773.068634
BRAZIL,BRAZIL,2022-11-27,poisson,3,0.75,hostvector_tempmort,alt,1.0,0.3,0.369823,37.282616,49.016709,-4.618561,5.493052,7468332050078.35,278472414388159.8
BRAZIL,BRAZIL,2022-11-27,poisson,5,1.0,hostvector,central,1.0,0.3,0.369823,38.128098,,-3.04229,,10686474581524.463,
BRAZIL,BRAZIL,2022-11-27,poisson,5,1.0,hostvector,alt,1.0,0.3,0.369823,39.450226,41.60148,-3.243671,2.659716,10686474581524.463,1235312972246119.8
BRAZIL,BRAZIL,2022-11-27,poisson,5,1.0,seir,central,1.0,0.3,0.369823,36.859148,,-2.750241,,10686474581524.463,
BRAZIL,BRAZIL,2022-11-27,poisson,5,1.0,seir,alt,1.0,0.3,0.369823,36.634284,,-2.621758,,10686474581524.463,
BRAZIL,BRAZIL,2022-11-27,poisson,5,1.0,hostvector_tempmort,central,1.0,0.3,0.369823,38.862948,,-3.210195,,10686474581524.463,
BRAZIL,BRAZIL,2022-11-27,poisson,5,1.0,hostvector_tempmort,alt,1.0,0.3,0.369823,39.373164,,-3.232934,,10686474581524.463,
BRAZIL,BRAZIL,2022-11-27,poisson,5,0.75,hostvector,central,1.0,0.3,0.369823,38.928903,71.986969,-3.205822,4.17928,10686474581524.463,4711520200118677.0
BRAZIL,BRAZIL,2022-11-27,poisson,5,0.75,hostvector,alt,1.0,0.3,0.369823,39.450233,51.582951,-3.243691,3.384249,10686474581524.463,1017234320363890.4
BRAZIL,BRAZIL,2022-11-27,poisson,5,0.75,seir,central,1.0,0.3,0.369823,36.860483,,-2.750448,,10686474581524.463,
BRAZIL,BRAZIL,2022-11-27,poisson,5,0.75,seir,alt,1.0,0.3,0.369823,37.639678,,-3.071168,,10686474581524.463,
BRAZIL,BRAZIL,2022-11-27,poisson,5,0.75,hostvector_tempmort,central,1.0,0.3,0.369823,38.862577,,-3.2106,,10686474581524.463,
BRAZIL,BRAZIL,2022-11-27,poisson,5,0.75,hostvector_tempmort,alt,1.0,0.3,0.369823,39.373147,59.442508,-3.232933,3.523497,10686474581524.463,1186622353619085.2
BRAZIL,BRAZIL,2022-11-27,poisson,7,1.0,hostvector,central,1.0,0.3,0.369823,12.267814,12.472483,-0.321745,1.817471,3021.618589,27384.285559
BRAZIL,BRAZIL,2022-11-27,poisson,7,1.0,hostvector,alt,1.0,0.3,0.369823,13.73535,11.786972,-0.306302,5.293104,11604.941752,105816.425654
BRAZIL,BRAZIL,2022-11-27,poisson,7,1.0,seir,central,1.0,0.3,0.369823,8.602374,28.761146,0.256051,5.978433,1357.804995,30139.41642
BRAZIL,BRAZIL,2022-11-27,poisson,7,1.0,seir,alt,1.0,0.3,0.369823,10.978623,27.213491,0.120597,5.020839,12369.047302,258623.971646
BRAZIL,BRAZIL,2022-11-27,poisson,7,1.0,hostvector_tempmort,central,1.0,0.3,0.369823,12.700083,13.138414,-0.377026,1.409635,4046.357883,38526.306121
BRAZIL,BRAZIL,2022-11-27,poisson,7,1.0,hostvector_tempmort,alt,1.0,0.3,0.369823,14.082267,11.998159,-0.351106,3.699254,14923.169433,135865.908671
BRAZIL,BRAZIL,2022-11-27,poisson,7,0.75,hostvector,central,1.0,0.3,0.369823,12.27128,14.718347,-0.321794,2.144209,3030.918541,32415.085149
BRAZIL,BRAZIL,2022-11-27,poisson,7,0.75,hostvector,alt,1.0,0.3,0.369823,13.71843,13.725287,-0.305427,5.775269,11443.175835,122978.311685
BRAZIL,BRAZIL,2022-11-27,poisson,7,0.75,seir,central,1.0,0.3,0.369823,9.452892,38.763734,0.174479,7.886737,2727.547483,81335.44947
BRAZIL,BRAZIL,2022-11-27,poisson,7,0.75,seir,alt,1.0,0.3,0.369823,5.985745,17.476139,0.581064,3.671612,197.933187,2706.816248
BRAZIL,BRAZIL,2022-11-27,poisson,7,0.75,hostvector_tempmort,central,1.0,0.3,0.369823,12.736986,15.525443,-0.379121,1.669665,4172.354607,46949.703838
BRAZIL,BRAZIL,2022-11-27,poisson,7,0.75,hostvector_tempmort,alt,1.0,0.3,0.369823,14.098326,13.866634,-0.352373,4.132762,15119.14624,161210.91425
DOMINICAN REPUBLIC,DOMINICAN REPUBLIC,2018-08-19,nb,3,1.0,hostvector,central,1.0,0.3,0.147049,1.28045,1.053988,0.279937,0.061762,0.162877,0.05448
DOMINICAN REPUBLIC,DOMINICAN REPUBLIC,2018-08-19,nb,3,1.0,hostvector,alt,1.0,0.3,0.147049,1.528041,1.411938,0.337068,0.073454,0.13391,0.059668
DOMINICAN REPUBLIC,DOMINICAN REPUBLIC,2018-08-19,nb,3,1.0,seir,central,1.0,0.3,0.147049,1.689596,0.813809,0.242086,0.058963,0.405871,0.10758
DOMINICAN REPUBLIC,DOMINICAN REPUBLIC,2018-08-19,nb,3,1.0,seir,alt,1.0,0.3,0.147049,1.831887,0.854626,0.239644,0.058012,0.530987,0.143956
DOMINICAN REPUBLIC,DOMINICAN REPUBLIC,2018-08-19,nb,3,1.0,hostvector_tempmort,central,1.0,0.3,0.147049,1.355928,1.035543,0.273375,0.060782,0.170404,0.055752
DOMINICAN REPUBLIC,DOMINICAN REPUBLIC,2018-08-19,nb,3,1.0,hostvector_tempmort,alt,1.0,0.3,0.147049,1.567114,1.381676,0.328001,0.072437,0.139033,0.060292
DOMINICAN REPUBLIC,DOMINICAN REPUBLIC,2018-08-19,nb,3,0.75,hostvector,central,1.0,0.3,0.147049,1.165439,2.233459,0.283365,0.065147,0.155969,0.107032
DOMINICAN REPUBLIC,DOMINICAN REPUBLIC,2018-08-19,nb,3,0.75,hostvector,alt,1.0,0.3,0.147049,1.478411,2.60955,0.334504,0.078027,0.131747,0.107484
DOMINICAN REPUBLIC,DOMINICAN REPUBLIC,2018-08-19,nb,3,0.75,seir,central,1.0,0.3,0.147049,0.873588,2.970865,0.230605,0.085898,0.320623,0.272708
DOMINICAN REPUBLIC,DOMINICAN REPUBLIC,2018-08-19,nb,3,0.75,seir,alt,1.0,0.3,0.147049,0.772916,3.062163,0.223827,0.087365,0.392142,0.342331
DOMINICAN REPUBLIC,DOMINICAN REPUBLIC,2018-08-19,nb,3,0.75,hostvector_tempmort,central,1.0,0.3,0.147049,1.241769,2.238199,0.275781,0.064336,0.163497,0.111586
DOMINICAN REPUBLIC,DOMINICAN REPUBLIC,2018-08-19,nb,3,0.75,hostvector_tempmort,alt,1.0,0.3,0.147049,1.644918,2.614248,0.327562,0.074187,0.141781,0.115178
DOMINICAN REPUBLIC,DOMINICAN REPUBLIC,2018-08-19,nb,5,1.0,hostvector,central,1.0,0.3,0.147049,2.159655,0.913349,0.158405,0.040645,0.265289,0.073796
DOMINICAN REPUBLIC,DOMINICAN REPUBLIC,2018-08-19,nb,5,1.0,hostvector,alt,1.0,0.3,0.147049,2.448142,1.127223,0.191358,0.047349,0.232223,0.07948
DOMINICAN REPUBLIC,DOMINICAN REPUBLIC,2018-08-19,nb,5,1.0,seir,central,1.0,0.3,0.147049,2.688694,0.846956,0.144245,0.043477,0.650535,0.167753
DOMINICAN REPUBLIC,DOMINICAN REPUBLIC,2018-08-19,nb,5,1.0,seir,alt,1.0,0.3,0.147049,2.768037,0.905692,0.141595,0.044241,0.833596,0.227909
DOMINICAN REPUBLIC,DOMINICAN REPUBLIC,2018-08-19,nb,5,1.0,hostvector_tempmort,central,1.0,0.3,0.147049,2.221822,0.902734,0.155745,0.040241,0.27421,0.075309
DOMINICAN REPUBLIC,DOMINICAN REPUBLIC,2018-08-19,nb,5,1.0,hostvector_tempmort,alt,1.0,0.3,0.147049,2.505611,1.114901,0.188588,0.046905,0.239469,0.080965
DOMINICAN REPUBLIC,DOMINICAN REPUBLIC,2018-08-19,nb,5,0.75,hostvector,central,1.0,0.3,0.147049,0.348276,2.581543,0.152996,0.062739,0.151569,0.118759
DOMINICAN REPUBLIC,DOMINICAN REPUBLIC,2018-08-19,nb,5,0.75,hostvector,alt,1.0,0.3,0.147049,0.573095,2.849405,0.183611,0.071227,0.130009,0.11269
DOMINICAN REPUBLIC,DOMINICAN REPUBLIC,2018-08-19,nb,5,0.75,seir,central,1.0,0.3,0.147049,0.324573,2.814214,0.125761,0.066935,0.319128,0.26884
DOMINICAN REPUBLIC,DOMINICAN REPUBLIC,2018-08-19,nb,5,0.75,seir,alt,1.0,0.3,0.147049,0.065424,2.875345,0.120696,0.068556,0.369906,0.318022
DOMINICAN REPUBLIC,DOMINICAN REPUBLIC,2018-08-19,nb,5,0.75,hostvector_tempmort,central,1.0,0.3,0.147049,0.442639,2.546852,0.149708,0.062347,0.158389,0.122271
DOMINICAN REPUBLIC,DOMINICAN REPUBLIC,2018-08-19,nb,5,0.75,hostvector_tempmort,alt,1.0,0.3,0.147049,0.656892,2.810932,0.180126,0.070842,0.135318,0.115533
DOMINICAN REPUBLIC,DOMINICAN REPUBLIC,2018-08-19,nb,7,1.0,hostvector,central,1.0,0.3,0.147049,2.399174,1.112757,0.093413,0.044794,0.317597,0.108379
DOMINICAN REPUBLIC,DOMINICAN REPUBLIC,2018-08-19,nb,7,1.0,hostvector,alt,1.0,0.3,0.147049,2.722828,1.346119,0.118177,0.053893,0.285835,0.118035
DOMINICAN REPUBLIC,DOMINICAN REPUBLIC,2018-08-19,nb,7,1.0,seir,central,1.0,0.3,0.147049,2.760159,1.095057,0.074436,0.046394,0.734515,0.244871
DOMINICAN REPUBLIC,DOMINICAN REPUBLIC,2018-08-19,nb,7,1.0,seir,alt,1.0,0.3,0.147049,2.731162,1.159442,0.069806,0.047489,0.909451,0.319937
DOMINICAN REPUBLIC,DOMINICAN REPUBLIC,2018-08-19,nb,7,1.0,hostvector_tempmort,central,1.0,0.3,0.147049,2.447857,1.100507,0.091897,0.044416,0.326085,0.110018
DOMINICAN REPUBLIC,DOMINICAN REPUBLIC,2018-08-19,nb,7,1.0,hostvector_tempmort,alt,1.0,0.3,0.147049,2.765887,1.332894,0.116641,0.053502,0.29263,0.119608
DOMINICAN REPUBLIC,DOMINICAN REPUBLIC,2018-08-19,nb,7,0.75,hostvector,central,1.0,0.3,0.147049,0.214943,2.367948,0.090129,0.066951,0.16036,0.118725
DOMINICAN REPUBLIC,DOMINICAN REPUBLIC,2018-08-19,nb,7,0.75,hostvector,alt,1.0,0.3,0.147049,0.528655,2.587127,0.112672,0.077484,0.143906,0.116413
DOMINICAN REPUBLIC,DOMINICAN REPUBLIC,2018-08-19,nb,7,0.75,seir,central,1.0,0.3,0.147049,0.0,0.262077,0.07083,0.037469,0.313602,0.025744
DOMINICAN REPUBLIC,DOMINICAN REPUBLIC,2018-08-19,nb,7,0.75,seir,alt,1.0,0.3,0.147049,3e-06,2.592574,0.073061,0.058904,0.392132,0.314512
DOMINICAN REPUBLIC,DOMINICAN REPUBLIC,2018-08-19,nb,7,0.75,hostvector_tempmort,central,1.0,0.3,0.147049,0.278086,2.327553,0.088038,0.066125,0.165475,0.120353
DOMINICAN REPUBLIC,DOMINICAN REPUBLIC,2018-08-19,nb,7,0.75,hostvector_tempmort,alt,1.0,0.3,0.147049,0.577733,2.544393,0.110477,0.076636,0.147687,0.117428
DOMINICAN REPUBLIC,DOMINICAN REPUBLIC,2018-08-19,poisson,3,1.0,hostvector,central,1.0,0.3,0.147049,1.29726,2.175011,0.226541,0.176072,0.188198,0.165069
DOMINICAN REPUBLIC,DOMINICAN REPUBLIC,2018-08-19,poisson,3,1.0,hostvector,alt,1.0,0.3,0.147049,1.36604,2.592254,0.235366,0.192872,0.160678,0.168763
DOMINICAN REPUBLIC,DOMINICAN REPUBLIC,2018-08-19,poisson,3,1.0,seir,central,1.0,0.3,0.147049,1.649663,2.050354,0.272305,0.16372,0.391133,0.318187
DOMINICAN REPUBLIC,DOMINICAN REPUBLIC,2018-08-19,poisson,3,1.0,seir,alt,1.0,0.3,0.147049,1.769439,2.130583,0.274622,0.159047,0.501831,0.407708
DOMINICAN REPUBLIC,DOMINICAN REPUBLIC,2018-08-19,poisson,3,1.0,hostvector_tempmort,central,1.0,0.3,0.147049,1.348844,2.150822,0.224267,0.172921,0.19358,0.167325
DOMINICAN REPUBLIC,DOMINICAN REPUBLIC,2018-08-19,poisson,3,1.0,hostvector_tempmort,alt,1.0,0.3,0.147049,1.404297,2.562936,0.234505,0.189885,0.16396,0.169798
DOMINICAN REPUBLIC,DOMINICAN REPUBLIC,2018-08-19,poisson,3,0.75,hostvector,central,1.0,0.3,0.147049,0.0,5.175734,0.129082,0.174529,0.147197,0.274859
DOMINICAN REPUBLIC,DOMINICAN REPUBLIC,2018-08-19,poisson,3,0.75,hostvector,alt,1.0,0.3,0.147049,0.0,5.326262,0.139769,0.195444,0.120781,0.239763
DOMINICAN REPUBLIC,DOMINICAN REPUBLIC,2018-08-19,poisson,3,0.75,seir,central,1.0,0.3,0.147049,0.0,6.750615,0.193294,0.209347,0.270954,0.581264
DOMINICAN REPUBLIC,DOMINICAN REPUBLIC,2018-08-19,poisson,3,0.75,seir,alt,1.0,0.3,0.147049,0.0,1.668543,0.203385,0.207615,0.332514,0.219711
DOMINICAN REPUBLIC,DOMINICAN REPUBLIC,2018-08-19,poisson,3,0.75,hostvector_tempmort,central,1.0,0.3,0.147049,0.0,5.061964,0.130154,0.172042,0.147943,0.270286
DOMINICAN REPUBLIC,DOMINICAN REPUBLIC,2018-08-19,poisson,3,0.75,hostvector_tempmort,alt,1.0,0.3,0.147049,0.0,1.882902,0.140996,0.153451,0.121256,0.086428
DOMINICAN REPUBLIC,DOMINICAN REPUBLIC,2018-08-19,poisson,5,1.0,hostvector,central,1.0,0.3,0.147049,2.988587,1.876414,0.122752,0.079271,0.375895,0.224453
DOMINICAN REPUBLIC,DOMINICAN REPUBLIC,2018-08-19,poisson,5,1.0,hostvector,alt,1.0,0.3,0.147049,3.388469,2.346807,0.165193,0.090817,0.336866,0.248082
DOMINICAN REPUBLIC,DOMINICAN REPUBLIC,2018-08-19,poisson,5,1.0,seir,central,1.0,0.3,0.147049,3.802797,1.760294,0.100592,0.086446,1.014071,0.580806
DOMINICAN REPUBLIC,DOMINICAN REPUBLIC,2018-08-19,poisson,5,1.0,seir,alt,1.0,0.3,0.147049,3.922541,1.898283,0.093071,0.085743,1.327981,0.809666
DOMINICAN REPUBLIC,DOMINICAN REPUBLIC,2018-08-19,poisson,5,1.0,hostvector_tempmort,central,1.0,0.3,0.147049,3.040288,1.866201,0.121683,0.078662,0.385928,0.228885
DOMINICAN REPUBLIC,DOMINICAN REPUBLIC,2018-08-19,poisson,5,1.0,hostvector_tempmort,alt,1.0,0.3,0.147049,3.436124,2.333738,0.163934,0.090074,0.345198,0.252492
DOMINICAN REPUBLIC,DOMINICAN REPUBLIC,2018-08-19,poisson,5,0.75,hostvector,central,1.0,0.3,0.147049,0.402485,6.427885,0.163448,0.140711,0.154719,0.30746
DOMINICAN REPUBLIC,DOMINICAN REPUBLIC,2018-08-19,poisson,5,0.75,hostvector,alt,1.0,0.3,0.147049,0.841563,7.157988,0.198129,0.160549,0.141672,0.313366
DOMINICAN REPUBLIC,DOMINICAN REPUBLIC,2018-08-19,poisson,5,0.75,seir,central,1.0,0.3,0.147049,1e-06,7.395724,0.134791,0.143174,0.289834,0.658645
DOMINICAN REPUBLIC,DOMINICAN REPUBLIC,2018-08-19,poisson,5,0.75,seir,alt,1.0,0.3,0.147049,1e-06,7.778475,0.133227,0.142927,0.364289,0.87023
DOMINICAN REPUBLIC,DOMINICAN REPUBLIC,2018-08-19,poisson,5,0.75,hostvector_tempmort,central,1.0,0.3,0.147049,0.490932,6.378673,0.160852,0.140007,0.161181,0.31748
DOMINICAN REPUBLIC,DOMINICAN REPUBLIC,2018-08-19,poisson,5,0.75,hostvector_tempmort,alt,1.0,0.3,0.147049,0.923171,7.105749,0.195427,0.159727,0.147166,0.322723
DOMINICAN REPUBLIC,DOMINICAN REPUBLIC,2018-08-19,poisson,7,1.0,hostvector,central,1.0,0.3,0.147049,3.559176,1.946328,0.037117,0.05851,0.533489,0.32509
DOMINICAN REPUBLIC,DOMINICAN REPUBLIC,2018-08-19,poisson,7,1.0,hostvector,alt,1.0,0.3,0.147049,4.21541,2.444895,0.06366,0.070046,0.53642,0.409638
DOMINICAN REPUBLIC,DOMINICAN REPUBLIC,2018-08-19,poisson,7,1.0,seir,central,1.0,0.3,0.147049,3.915867,1.907687,0.002863,0.061374,1.263641,0.755417
DOMINICAN REPUBLIC,DOMINICAN REPUBLIC,2018-08-19,poisson,7,1.0,seir,alt,1.0,0.3,0.147049,3.932399,2.043383,-0.003183,0.061498,1.595479,1.020292
DOMINICAN REPUBLIC,DOMINICAN REPUBLIC,2018-08-19,poisson,7,1.0,hostvector_tempmort,central,1.0,0.3,0.147049,3.599679,1.937926,0.036764,0.058232,0.544759,0.330444
DOMINICAN REPUBLIC,DOMINICAN REPUBLIC,2018-08-19,poisson,7,1.0,hostvector_tempmort,alt,1.0,0.3,0.147049,4.250437,2.43494,0.063304,0.069715,0.546275,0.415379
DOMINICAN REPUBLIC,DOMINICAN REPUBLIC,2018-08-19,poisson,7,0.75,hostvector,central,1.0,0.3,0.147049,1.492404,6.927979,0.07168,0.120458,0.261764,0.575155
DOMINICAN REPUBLIC,DOMINICAN REPUBLIC,2018-08-19,poisson,7,0.75,hostvector,alt,1.0,0.3,0.147049,2.224608,7.685519,0.096658,0.142437,0.270521,0.657813
DOMINICAN REPUBLIC,DOMINICAN REPUBLIC,2018-08-19,poisson,7,0.75,seir,central,1.0,0.3,0.147049,1e-06,7.652435,0.037151,0.112333,0.342624,0.833421
DOMINICAN REPUBLIC,DOMINICAN REPUBLIC,2018-08-19,poisson,7,0.75,seir,alt,1.0,0.3,0.147049,0.0,7.920186,0.038559,0.109819,0.429116,1.08154
DOMINICAN REPUBLIC,DOMINICAN REPUBLIC,2018-08-19,poisson,7,0.75,hostvector_tempmort,central,1.0,0.3,0.147049,1.544019,6.877905,0.070709,0.120016,0.268519,0.585516
DOMINICAN REPUBLIC,DOMINICAN REPUBLIC,2018-08-19,poisson,7,0.75,hostvector_tempmort,alt,1.0,0.3,0.147049,2.265543,7.627397,0.095729,0.141829,0.276263,0.666474
ECUADOR,ECUADOR,2015-01-18,nb,3,1.0,hostvector,central,1.0,0.3,0.164214,2.879701,1.541623,0.350293,0.0384,0.257296,0.102824
ECUADOR,ECUADOR,2015-01-18,nb,3,1.0,hostvector,alt,1.0,0.3,0.164214,3.411911,1.80236,0.407719,0.048482,0.230689,0.108636
ECUADOR,ECUADOR,2015-01-18,nb,3,1.0,seir,central,1.0,0.3,0.164214,4.46245,1.825117,0.326858,0.039965,0.836481,0.38844
ECUADOR,ECUADOR,2015-01-18,nb,3,1.0,seir,alt,1.0,0.3,0.164214,4.561314,1.867807,0.334,0.040277,1.071519,0.507882
ECUADOR,ECUADOR,2015-01-18,nb,3,1.0,hostvector_tempmort,central,1.0,0.3,0.164214,3.0618,1.521344,0.323872,0.037014,0.279632,0.109753
ECUADOR,ECUADOR,2015-01-18,nb,3,1.0,hostvector_tempmort,alt,1.0,0.3,0.164214,3.228154,1.742605,0.381843,0.044512,0.227586,0.103155
ECUADOR,ECUADOR,2015-01-18,nb,3,0.75,hostvector,central,1.0,0.3,0.164214,2.794988,1.692948,0.35896,0.049192,0.250939,0.110024
ECUADOR,ECUADOR,2015-01-18,nb,3,0.75,hostvector,alt,1.0,0.3,0.164214,2.992366,1.935281,0.395487,0.055794,0.209197,0.105277
ECUADOR,ECUADOR,2015-01-18,nb,3,0.75,seir,central,1.0,0.3,0.164214,4.182412,1.955039,0.364002,0.050008,0.760698,0.379982
ECUADOR,ECUADOR,2015-01-18,nb,3,0.75,seir,alt,1.0,0.3,0.164214,4.236603,2.019692,0.365217,0.049746,0.967748,0.498333
ECUADOR,ECUADOR,2015-01-18,nb,3,0.75,hostvector_tempmort,central,1.0,0.3,0.164214,3.006796,1.653515,0.347042,0.047605,0.272293,0.116158
ECUADOR,ECUADOR,2015-01-18,nb,3,0.75,hostvector_tempmort,alt,1.0,0.3,0.164214,3.130314,1.895653,0.383891,0.053795,0.222353,0.109189
ECUADOR,ECUADOR,2015-01-18,nb,5,1.0,hostvector,central,1.0,0.3,0.164214,1.880142,1.631537,0.229322,0.031157,0.234083,0.100453
ECUADOR,ECUADOR,2015-01-18,nb,5,1.0,hostvector,alt,1.0,0.3,0.164214,1.708876,1.75632,0.267278,0.040887,0.179619,0.08371
ECUADOR,ECUADOR,2015-01-18,nb,5,1.0,seir,central,1.0,0.3,0.164214,3.622345,2.104464,0.22198,0.030152,0.787146,0.430895
ECUADOR,ECUADOR,2015-01-18,nb,5,1.0,seir,alt,1.0,0.3,0.164214,3.6086,2.15389,0.229351,0.030781,0.98169,0.549204
ECUADOR,ECUADOR,2015-01-18,nb,5,1.0,hostvector_tempmort,central,1.0,0.3,0.164214,2.035242,1.664763,0.209744,0.029798,0.25023,0.109166
ECUADOR,ECUADOR,2015-01-18,nb,5,1.0,hostvector_tempmort,alt,1.0,0.3,0.164214,1.717798,1.792957,0.247855,0.037645,0.18464,0.087393
ECUADOR,ECUADOR,2015-01-18,nb,5,0.75,hostvector,central,1.0,0.3,0.164214,2.239969,1.809495,0.253477,0.040351,0.255061,0.120735
ECUADOR,ECUADOR,2015-01-18,nb,5,0.75,hostvector,alt,1.0,0.3,0.164214,1.873192,2.018505,0.275504,0.047723,0.187405,0.099536
ECUADOR,ECUADOR,2015-01-18,nb,5,0.75,seir,central,1.0,0.3,0.164214,3.875985,2.196972,0.271697,0.040988,0.82568,0.470758
ECUADOR,ECUADOR,2015-01-18,nb,5,0.75,seir,alt,1.0,0.3,0.164214,3.760016,2.257162,0.276536,0.04161,1.005159,0.588435
ECUADOR,ECUADOR,2015-01-18,nb,5,0.75,hostvector_tempmort,central,1.0,0.3,0.164214,2.455095,1.803597,0.243677,0.039255,0.275828,0.129768
ECUADOR,ECUADOR,2015-01-18,nb,5,0.75,hostvector_tempmort,alt,1.0,0.3,0.164214,2.063358,2.012551,0.266312,0.046066,0.201047,0.106108
ECUADOR,ECUADOR,2015-01-18,nb,7,1.0,hostvector,central,1.0,0.3,0.164214,1.75487,1.705811,0.167461,0.027829,0.251544,0.111841
ECUADOR,ECUADOR,2015-01-18,nb,7,1.0,hostvector,alt,1.0,0.3,0.164214,1.647908,1.746655,0.189189,0.035801,0.199674,0.091065
ECUADOR,ECUADOR,2015-01-18,nb,7,1.0,seir,central,1.0,0.3,0.164214,3.71837,2.367996,0.192887,0.02541,0.897278,0.555858
ECUADOR,ECUADOR,2015-01-18,nb,7,1.0,seir,alt,1.0,0.3,0.164214,3.816778,2.405087,0.205275,0.026077,1.155134,0.725903
ECUADOR,ECUADOR,2015-01-18,nb,7,1.0,hostvector_tempmort,central,1.0,0.3,0.164214,1.87039,1.769931,0.154563,0.026323,0.264106,0.121712
ECUADOR,ECUADOR,2015-01-18,nb,7,1.0,hostvector_tempmort,alt,1.0,0.3,0.164214,1.660894,1.826154,0.177907,0.033264,0.203865,0.097007
ECUADOR,ECUADOR,2015-01-18,nb,7,0.75,hostvector,central,1.0,0.3,0.164214,2.391767,2.009506,0.190797,0.036904,0.296638,0.154565
ECUADOR,ECUADOR,2015-01-18,nb,7,0.75,hostvector,alt,1.0,0.3,0.164214,2.060746,2.176646,0.202906,0.043507,0.222561,0.125765
ECUADOR,ECUADOR,2015-01-18,nb,7,0.75,seir,central,1.0,0.3,0.164214,4.870951,2.483322,0.252962,0.037538,1.207643,0.778266
ECUADOR,ECUADOR,2015-01-18,nb,7,0.75,seir,alt,1.0,0.3,0.164214,4.845352,2.488156,0.267353,0.038873,1.507812,0.973221
ECUADOR,ECUADOR,2015-01-18,nb,7,0.75,hostvector_tempmort,central,1.0,0.3,0.164214,2.585288,2.023976,0.184796,0.036036,0.317685,0.166533
ECUADOR,ECUADOR,2015-01-18,nb,7,0.75,hostvector_tempmort,alt,1.0,0.3,0.164214,2.233111,2.187147,0.198182,0.042292,0.236652,0.134184
ECUADOR,ECUADOR,2015-01-18,poisson,3,1.0,hostvector,central,1.0,0.3,0.164214,6.842648,2.307403,0.281102,0.084011,0.795872,0.499019
ECUADOR,ECUADOR,2015-01-18,poisson,3,1.0,hostvector,alt,1.0,0.3,0.164214,6.972496,2.484115,0.333118,0.089818,0.634468,0.419192
ECUADOR,ECUADOR,2015-01-18,poisson,3,1.0,seir,central,1.0,0.3,0.164214,6.986581,2.697479,0.350232,0.088883,1.631924,1.23797
ECUADOR,ECUADOR,2015-01-18,poisson,3,1.0,seir,alt,1.0,0.3,0.164214,6.984466,2.776163,0.363068,0.085187,2.015211,1.558715
ECUADOR,ECUADOR,2015-01-18,poisson,3,1.0,hostvector_tempmort,central,1.0,0.3,0.164214,6.876171,2.364693,0.279012,0.084344,0.816255,0.528574
ECUADOR,ECUADOR,2015-01-18,poisson,3,1.0,hostvector_tempmort,alt,1.0,0.3,0.164214,7.038485,2.551991,0.328765,0.089928,0.657208,0.449526
ECUADOR,ECUADOR,2015-01-18,poisson,3,0.75,hostvector,central,1.0,0.3,0.164214,7.134234,2.816284,0.272104,0.100731,0.869841,0.66678
ECUADOR,ECUADOR,2015-01-18,poisson,3,0.75,hostvector,alt,1.0,0.3,0.164214,7.346633,3.071979,0.322652,0.107665,0.709479,0.581732
ECUADOR,ECUADOR,2015-01-18,poisson,3,0.75,seir,central,1.0,0.3,0.164214,6.803327,3.316121,0.355747,0.108158,1.546324,1.445016
ECUADOR,ECUADOR,2015-01-18,poisson,3,0.75,seir,alt,1.0,0.3,0.164214,6.788141,3.410218,0.368682,0.103591,1.903147,1.812056
ECUADOR,ECUADOR,2015-01-18,poisson,3,0.75,hostvector_tempmort,central,1.0,0.3,0.164214,7.142608,2.846318,0.270678,0.100644,0.88599,0.690665
ECUADOR,ECUADOR,2015-01-18,poisson,3,0.75,hostvector_tempmort,alt,1.0,0.3,0.164214,7.395178,3.101987,0.318692,0.107229,0.731563,0.608946
ECUADOR,ECUADOR,2015-01-18,poisson,5,1.0,hostvector,central,1.0,0.3,0.164214,4.82415,3.543215,0.143533,0.095763,0.581961,0.579635
ECUADOR,ECUADOR,2015-01-18,poisson,5,1.0,hostvector,alt,1.0,0.3,0.164214,3.970805,4.008712,0.179117,0.112315,0.373181,0.420756
ECUADOR,ECUADOR,2015-01-18,poisson,5,1.0,seir,central,1.0,0.3,0.164214,8.023061,3.383952,0.134474,0.078082,2.999218,2.818356
ECUADOR,ECUADOR,2015-01-18,poisson,5,1.0,seir,alt,1.0,0.3,0.164214,7.924463,3.54017,0.145559,0.080713,3.654415,3.58951
ECUADOR,ECUADOR,2015-01-18,poisson,5,1.0,hostvector_tempmort,central,1.0,0.3,0.164214,5.20037,3.518461,0.133847,0.093533,0.657536,0.649391
ECUADOR,ECUADOR,2015-01-18,poisson,5,1.0,hostvector_tempmort,alt,1.0,0.3,0.164214,4.35984,4.008853,0.168747,0.110011,0.422521,0.475517
ECUADOR,ECUADOR,2015-01-18,poisson,5,0.75,hostvector,central,1.0,0.3,0.164214,5.107288,4.234324,0.142293,0.113768,0.629464,0.748745
ECUADOR,ECUADOR,2015-01-18,poisson,5,0.75,hostvector,alt,1.0,0.3,0.164214,4.441546,4.812777,0.174298,0.132938,0.425465,0.575118
ECUADOR,ECUADOR,2015-01-18,poisson,5,0.75,seir,central,1.0,0.3,0.164214,7.58499,4.096055,0.149692,0.097221,2.637267,3.007941
ECUADOR,ECUADOR,2015-01-18,poisson,5,0.75,seir,alt,1.0,0.3,0.164214,7.374834,4.284267,0.165064,0.101192,3.109508,3.707501
ECUADOR,ECUADOR,2015-01-18,poisson,5,0.75,hostvector_tempmort,central,1.0,0.3,0.164214,5.412567,4.173335,0.134901,0.110657,0.696791,0.815808
ECUADOR,ECUADOR,2015-01-18,poisson,5,0.75,hostvector_tempmort,alt,1.0,0.3,0.164214,4.745499,4.760343,0.1667,0.129545,0.470049,0.627474
ECUADOR,ECUADOR,2015-01-18,poisson,7,1.0,hostvector,central,1.0,0.3,0.164214,7.113445,3.316472,0.016378,0.095182,1.229346,1.08685
ECUADOR,ECUADOR,2015-01-18,poisson,7,1.0,hostvector,alt,1.0,0.3,0.164214,6.972485,3.776464,0.009195,0.11435,0.986476,0.993921
ECUADOR,ECUADOR,2015-01-18,poisson,7,1.0,seir,central,1.0,0.3,0.164214,10.415069,3.484118,0.083596,0.083545,6.252143,5.752418
ECUADOR,ECUADOR,2015-01-18,poisson,7,1.0,seir,alt,1.0,0.3,0.164214,10.480934,3.704796,0.094308,0.092287,8.008634,7.856796
ECUADOR,ECUADOR,2015-01-18,poisson,7,1.0,hostvector_tempmort,central,1.0,0.3,0.164214,7.394006,3.354923,0.013396,0.09377,1.344004,1.200217
ECUADOR,ECUADOR,2015-01-18,poisson,7,1.0,hostvector_tempmort,alt,1.0,0.3,0.164214,7.262772,3.825689,0.006617,0.113094,1.078867,1.099672
ECUADOR,ECUADOR,2015-01-18,poisson,7,0.75,hostvector,central,1.0,0.3,0.164214,7.682757,4.095739,0.020762,0.113317,1.422467,1.54925
ECUADOR,ECUADOR,2015-01-18,poisson,7,0.75,hostvector,alt,1.0,0.3,0.164214,7.764402,4.739577,0.01318,0.136414,1.20955,1.524097
ECUADOR,ECUADOR,2015-01-18,poisson,7,0.75,seir,central,1.0,0.3,0.164214,10.242589,4.02066,0.099439,0.104449,5.93818,6.317029
ECUADOR,ECUADOR,2015-01-18,poisson,7,0.75,seir,alt,1.0,0.3,0.164214,10.244183,4.232176,0.115404,0.116203,7.466721,8.388354
ECUADOR,ECUADOR,2015-01-18,poisson,7,0.75,hostvector_tempmort,central,1.0,0.3,0.164214,7.893154,4.083962,0.019785,0.110923,1.52564,1.654803
ECUADOR,ECUADOR,2015-01-18,poisson,7,0.75,hostvector_tempmort,alt,1.0,0.3,0.164214,7.94746,4.716619,0.013055,0.133958,1.285133,1.61002
BOLIVIA,BOLIVIA,2021-09-05,nb,3,1.0,hostvector,central,1.0,0.3,0.17769,1.43259,0.375716,0.294173,0.015881,0.206539,0.02525
BOLIVIA,BOLIVIA,2021-09-05,nb,3,1.0,hostvector,alt,1.0,0.3,0.17769,1.755981,0.396284,0.34043,0.016716,0.182395,0.023307
BOLIVIA,BOLIVIA,2021-09-05,nb,3,1.0,seir,central,1.0,0.3,0.17769,1.321046,0.569735,0.283623,0.022015,0.414666,0.077011
BOLIVIA,BOLIVIA,2021-09-05,nb,3,1.0,seir,alt,1.0,0.3,0.17769,1.335517,0.573349,0.288293,0.022091,0.522686,0.097377
BOLIVIA,BOLIVIA,2021-09-05,nb,3,1.0,hostvector_tempmort,central,1.0,0.3,0.17769,1.574896,0.393175,0.288727,0.016885,0.220196,0.028041
BOLIVIA,BOLIVIA,2021-09-05,nb,3,1.0,hostvector_tempmort,alt,1.0,0.3,0.17769,1.87211,0.395082,0.334943,0.016967,0.192625,0.024427
BOLIVIA,BOLIVIA,2021-09-05,nb,3,0.75,hostvector,central,1.0,0.3,0.17769,1.431254,0.444445,0.294108,0.018784,0.206454,0.029857
BOLIVIA,BOLIVIA,2021-09-05,nb,3,0.75,hostvector,alt,1.0,0.3,0.17769,1.750715,0.468273,0.340182,0.019748,0.182097,0.027499
BOLIVIA,BOLIVIA,2021-09-05,nb,3,0.75,seir,central,1.0,0.3,0.17769,1.318473,0.673802,0.283583,0.026031,0.414318,0.091005
BOLIVIA,BOLIVIA,2021-09-05,nb,3,0.75,seir,alt,1.0,0.3,0.17769,1.335146,0.678366,0.288276,0.026136,0.522624,0.115199
BOLIVIA,BOLIVIA,2021-09-05,nb,3,0.75,hostvector_tempmort,central,1.0,0.3,0.17769,1.573834,0.465131,0.288685,0.019974,0.220122,0.033162
BOLIVIA,BOLIVIA,2021-09-05,nb,3,0.75,hostvector_tempmort,alt,1.0,0.3,0.17769,1.8688,0.467082,0.334783,0.020056,0.192428,0.028851
BOLIVIA,BOLIVIA,2021-09-05,nb,5,1.0,hostvector,central,1.0,0.3,0.17769,0.0,0.044996,0.24526,0.018959,0.141246,0.00375
BOLIVIA,BOLIVIA,2021-09-05,nb,5,1.0,hostvector,alt,1.0,0.3,0.17769,0.108839,0.699548,0.277075,0.024059,0.118226,0.028177
BOLIVIA,BOLIVIA,2021-09-05,nb,5,1.0,seir,central,1.0,0.3,0.17769,1e-06,0.744877,0.263481,0.023678,0.297931,0.075136
BOLIVIA,BOLIVIA,2021-09-05,nb,5,1.0,seir,alt,1.0,0.3,0.17769,0.0,0.291467,0.276752,0.023515,0.374614,0.037843
BOLIVIA,BOLIVIA,2021-09-05,nb,5,1.0,hostvector_tempmort,central,1.0,0.3,0.17769,0.119316,0.607198,0.240279,0.021712,0.149284,0.030804
BOLIVIA,BOLIVIA,2021-09-05,nb,5,1.0,hostvector_tempmort,alt,1.0,0.3,0.17769,0.265062,0.684315,0.273393,0.024261,0.126416,0.029329
BOLIVIA,BOLIVIA,2021-09-05,nb,5,0.75,hostvector,central,1.0,0.3,0.17769,8.4e-05,0.71956,0.245201,0.025254,0.141253,0.034666
BOLIVIA,BOLIVIA,2021-09-05,nb,5,0.75,hostvector,alt,1.0,0.3,0.17769,0.102058,0.827409,0.276767,0.028448,0.117962,0.033256
BOLIVIA,BOLIVIA,2021-09-05,nb,5,0.75,seir,central,1.0,0.3,0.17769,2e-06,0.918267,0.263458,0.028296,0.297936,0.092566
BOLIVIA,BOLIVIA,2021-09-05,nb,5,0.75,seir,alt,1.0,0.3,0.17769,3e-06,0.944925,0.276737,0.030503,0.374617,0.119436
BOLIVIA,BOLIVIA,2021-09-05,nb,5,0.75,hostvector_tempmort,central,1.0,0.3,0.17769,0.117327,0.718534,0.240206,0.025688,0.149186,0.036428
BOLIVIA,BOLIVIA,2021-09-05,nb,5,0.75,hostvector_tempmort,alt,1.0,0.3,0.17769,0.26024,0.809552,0.273183,0.028694,0.126215,0.034643
BOLIVIA,BOLIVIA,2021-09-05,nb,7,1.0,hostvector,central,1.0,0.3,0.17769,1e-06,0.828564,0.259774,0.024632,0.153224,0.043845
BOLIVIA,BOLIVIA,2021-09-05,nb,7,1.0,hostvector,alt,1.0,0.3,0.17769,5e-06,0.93259,0.286718,0.027652,0.124792,0.040432
BOLIVIA,BOLIVIA,2021-09-05,nb,7,1.0,seir,central,1.0,0.3,0.17769,1e-06,1.081948,0.340315,0.033175,0.326068,0.120359
BOLIVIA,BOLIVIA,2021-09-05,nb,7,1.0,seir,alt,1.0,0.3,0.17769,0.0,,0.38324,,0.410562,
BOLIVIA,BOLIVIA,2021-09-05,nb,7,1.0,hostvector_tempmort,central,1.0,0.3,0.17769,1e-06,0.833336,0.253815,0.024917,0.155218,0.044606
BOLIVIA,BOLIVIA,2021-09-05,nb,7,1.0,hostvector_tempmort,alt,1.0,0.3,0.17769,0.0,0.141511,0.281097,0.024332,0.126296,0.006613
BOLIVIA,BOLIVIA,2021-09-05,nb,7,0.75,hostvector,central,1.0,0.3,0.17769,0.0,0.573731,0.259733,0.025204,0.153226,0.03053
BOLIVIA,BOLIVIA,2021-09-05,nb,7,0.75,hostvector,alt,1.0,0.3,0.17769,0.0,0.915733,0.286542,0.031755,0.124799,0.039772
BOLIVIA,BOLIVIA,2021-09-05,nb,7,0.75,seir,central,1.0,0.3,0.17769,0.0,0.024497,0.340332,0.037615,0.326065,0.019238
BOLIVIA,BOLIVIA,2021-09-05,nb,7,0.75,seir,alt,1.0,0.3,0.17769,3e-06,1.556907,0.383236,0.056494,0.410569,0.217797
BOLIVIA,BOLIVIA,2021-09-05,nb,7,0.75,hostvector_tempmort,central,1.0,0.3,0.17769,1e-06,0.987019,0.253788,0.029418,0.155219,0.052815
BOLIVIA,BOLIVIA,2021-09-05,nb,7,0.75,hostvector_tempmort,alt,1.0,0.3,0.17769,1e-06,1.089543,0.280974,0.032723,0.126301,0.047716
BOLIVIA,BOLIVIA,2021-09-05,poisson,3,1.0,hostvector,central,1.0,0.3,0.17769,1.134184,1.054566,0.295051,0.020946,0.183383,0.067609
BOLIVIA,BOLIVIA,2021-09-05,poisson,3,1.0,hostvector,alt,1.0,0.3,0.17769,1.367571,1.256018,0.33,0.024569,0.157795,0.069106
BOLIVIA,BOLIVIA,2021-09-05,poisson,3,1.0,seir,central,1.0,0.3,0.17769,1.255933,1.063666,0.323031,0.022189,0.3967,0.147052
BOLIVIA,BOLIVIA,2021-09-05,poisson,3,1.0,seir,alt,1.0,0.3,0.17769,1.417682,1.0996,0.333138,0.023765,0.527358,0.201699
BOLIVIA,BOLIVIA,2021-09-05,poisson,3,1.0,hostvector_tempmort,central,1.0,0.3,0.17769,1.304831,1.028255,0.291846,0.02093,0.197322,0.07064
BOLIVIA,BOLIVIA,2021-09-05,poisson,3,1.0,hostvector_tempmort,alt,1.0,0.3,0.17769,1.522654,1.219284,0.326744,0.024517,0.168771,0.071444
BOLIVIA,BOLIVIA,2021-09-05,poisson,3,0.75,hostvector,central,1.0,0.3,0.17769,1.133704,1.242907,0.295046,0.024686,0.183353,0.079671
BOLIVIA,BOLIVIA,2021-09-05,poisson,3,0.75,hostvector,alt,1.0,0.3,0.17769,1.365933,1.480421,0.329981,0.028955,0.157706,0.081408
BOLIVIA,BOLIVIA,2021-09-05,poisson,3,0.75,seir,central,1.0,0.3,0.17769,1.256057,1.253555,0.323033,0.026151,0.396717,0.173311
BOLIVIA,BOLIVIA,2021-09-05,poisson,3,0.75,seir,alt,1.0,0.3,0.17769,1.417841,1.29591,0.333138,0.028007,0.527388,0.237721
BOLIVIA,BOLIVIA,2021-09-05,poisson,3,0.75,hostvector_tempmort,central,1.0,0.3,0.17769,1.304631,1.211855,0.291844,0.024666,0.197308,0.083247
BOLIVIA,BOLIVIA,2021-09-05,poisson,3,0.75,hostvector_tempmort,alt,1.0,0.3,0.17769,1.521673,1.437042,0.326732,0.028894,0.168714,0.084176
BOLIVIA,BOLIVIA,2021-09-05,poisson,5,1.0,hostvector,central,1.0,0.3,0.17769,1.1e-05,1.791307,0.302338,0.034379,0.148386,0.09599
BOLIVIA,BOLIVIA,2021-09-05,poisson,5,1.0,hostvector,alt,1.0,0.3,0.17769,0.0,1.610638,0.346879,0.042272,0.119585,0.069658
BOLIVIA,BOLIVIA,2021-09-05,poisson,5,1.0,seir,central,1.0,0.3,0.17769,3.5e-05,4.363875,0.414869,0.101286,0.312732,0.491629
BOLIVIA,BOLIVIA,2021-09-05,poisson,5,1.0,seir,alt,1.0,0.3,0.17769,5e-06,3.195031,0.465354,0.088105,0.38976,0.447277
BOLIVIA,BOLIVIA,2021-09-05,poisson,5,1.0,hostvector_tempmort,central,1.0,0.3,0.17769,0.000108,1.736553,0.299644,0.034334,0.14977,0.093707
BOLIVIA,BOLIVIA,2021-09-05,poisson,5,1.0,hostvector_tempmort,alt,1.0,0.3,0.17769,1.4e-05,1.964772,0.344175,0.042133,0.120636,0.085491
BOLIVIA,BOLIVIA,2021-09-05,poisson,5,0.75,hostvector,central,1.0,0.3,0.17769,2.4e-05,2.112094,0.302339,0.040521,0.148387,0.11318
BOLIVIA,BOLIVIA,2021-09-05,poisson,5,0.75,hostvector,alt,1.0,0.3,0.17769,4e-06,2.402511,0.346877,0.049932,0.119585,0.103875
BOLIVIA,BOLIVIA,2021-09-05,poisson,5,0.75,seir,central,1.0,0.3,0.17769,4.9e-05,5.157276,0.415123,0.119715,0.312703,0.580941
BOLIVIA,BOLIVIA,2021-09-05,poisson,5,0.75,seir,alt,1.0,0.3,0.17769,2e-06,3.739922,0.465242,0.103732,0.38979,0.523643
BOLIVIA,BOLIVIA,2021-09-05,poisson,5,0.75,hostvector_tempmort,central,1.0,0.3,0.17769,0.000184,2.046683,0.299643,0.040464,0.149775,0.110445
BOLIVIA,BOLIVIA,2021-09-05,poisson,5,0.75,hostvector_tempmort,alt,1.0,0.3,0.17769,0.0,0.769701,0.344179,0.049072,0.120635,0.034168
BOLIVIA,BOLIVIA,2021-09-05,poisson,7,1.0,hostvector,central,1.0,0.3,0.17769,2.484039,20.035965,0.806475,0.548044,0.419687,3.051659
BOLIVIA,BOLIVIA,2021-09-05,poisson,7,1.0,hostvector,alt,1.0,0.3,0.17769,0.779081,4.518352,0.779448,0.068223,0.18414,0.303514
BOLIVIA,BOLIVIA,2021-09-05,poisson,7,1.0,seir,central,1.0,0.3,0.17769,1.660977,24.451427,1.311026,1.638693,0.661882,5.783338
BOLIVIA,BOLIVIA,2021-09-05,poisson,7,1.0,seir,alt,1.0,0.3,0.17769,1.608607,4.357459,1.33202,0.254268,0.818846,1.273516
BOLIVIA,BOLIVIA,2021-09-05,poisson,7,1.0,hostvector_tempmort,central,1.0,0.3,0.17769,1.35216,17.410625,0.801861,0.477196,0.278447,1.758692
BOLIVIA,BOLIVIA,2021-09-05,poisson,7,1.0,hostvector_tempmort,alt,1.0,0.3,0.17769,0.816065,4.468228,0.778275,0.070481,0.187996,0.305849
BOLIVIA,BOLIVIA,2021-09-05,poisson,7,0.75,hostvector,central,1.0,0.3,0.17769,2.610443,23.990723,0.806427,0.639093,0.440484,3.834636
BOLIVIA,BOLIVIA,2021-09-05,poisson,7,0.75,hostvector,alt,1.0,0.3,0.17769,0.77742,5.295707,0.779755,0.07877,0.183899,0.355257
BOLIVIA,BOLIVIA,2021-09-05,poisson,7,0.75,seir,central,1.0,0.3,0.17769,1.905527,29.056359,1.315516,1.926563,0.722565,7.509633
BOLIVIA,BOLIVIA,2021-09-05,poisson,7,0.75,seir,alt,1.0,0.3,0.17769,1.520875,5.124851,1.330356,0.299076,0.793563,1.45104
BOLIVIA,BOLIVIA,2021-09-05,poisson,7,0.75,hostvector_tempmort,central,1.0,0.3,0.17769,1.226742,19.682907,0.802048,0.522864,0.265377,1.894669
BOLIVIA,BOLIVIA,2021-09-05,poisson,7,0.75,hostvector_tempmort,alt,1.0,0.3,0.17769,0.524815,5.132796,0.777461,0.080013,0.168496,0.315034
COSTA RICA,COSTA RICA,2017-03-05,nb,3,1.0,hostvector,central,1.0,0.3,0.210859,0.949874,0.584598,0.324563,0.030425,0.203526,0.068771
COSTA RICA,COSTA RICA,2017-03-05,nb,3,1.0,hostvector,alt,1.0,0.3,0.210859,1.141258,0.722564,0.395438,0.038068,0.177576,0.07448
COSTA RICA,COSTA RICA,2017-03-05,nb,3,1.0,seir,central,1.0,0.3,0.210859,1.181317,0.586956,0.313841,0.029304,0.47731,0.16036
COSTA RICA,COSTA RICA,2017-03-05,nb,3,1.0,seir,alt,1.0,0.3,0.210859,1.256942,0.605243,0.322422,0.03095,0.624852,0.216213
COSTA RICA,COSTA RICA,2017-03-05,nb,3,1.0,hostvector_tempmort,central,1.0,0.3,0.210859,0.877847,0.583998,0.318856,0.03016,0.195648,0.066049
COSTA RICA,COSTA RICA,2017-03-05,nb,3,1.0,hostvector_tempmort,alt,1.0,0.3,0.210859,1.078016,0.72026,0.390059,0.037718,0.171582,0.071742
COSTA RICA,COSTA RICA,2017-03-05,nb,3,0.75,hostvector,central,1.0,0.3,0.210859,1.324816,1.047191,0.349533,0.058266,0.251779,0.148808
COSTA RICA,COSTA RICA,2017-03-05,nb,3,0.75,hostvector,alt,1.0,0.3,0.210859,1.372489,1.274616,0.401089,0.068538,0.202079,0.145557
COSTA RICA,COSTA RICA,2017-03-05,nb,3,0.75,seir,central,1.0,0.3,0.210859,2.068028,1.057139,0.368925,0.061495,0.788997,0.470043
COSTA RICA,COSTA RICA,2017-03-05,nb,3,0.75,seir,alt,1.0,0.3,0.210859,1.970834,1.082451,0.362322,0.062805,0.934767,0.569896
COSTA RICA,COSTA RICA,2017-03-05,nb,3,0.75,hostvector_tempmort,central,1.0,0.3,0.210859,1.307799,1.044567,0.348705,0.058071,0.249799,0.147264
COSTA RICA,COSTA RICA,2017-03-05,nb,3,0.75,hostvector_tempmort,alt,1.0,0.3,0.210859,1.358418,1.271548,0.400307,0.068316,0.200804,0.144283
COSTA RICA,COSTA RICA,2017-03-05,nb,5,1.0,hostvector,central,1.0,0.3,0.210859,0.0,0.823922,0.255156,0.039857,0.124713,0.06023
COSTA RICA,COSTA RICA,2017-03-05,nb,5,1.0,hostvector,alt,1.0,0.3,0.210859,0.0,0.259044,0.300593,0.0402,0.098432,0.014887
COSTA RICA,COSTA RICA,2017-03-05,nb,5,1.0,seir,central,1.0,0.3,0.210859,0.760812,0.858536,0.254928,0.041764,0.398137,0.197547
COSTA RICA,COSTA RICA,2017-03-05,nb,5,1.0,seir,alt,1.0,0.3,0.210859,0.675028,0.90311,0.248377,0.044388,0.474511,0.247686
COSTA RICA,COSTA RICA,2017-03-05,nb,5,1.0,hostvector_tempmort,central,1.0,0.3,0.210859,0.0,0.820645,0.253045,0.039226,0.124977,0.060102
COSTA RICA,COSTA RICA,2017-03-05,nb,5,1.0,hostvector_tempmort,alt,1.0,0.3,0.210859,0.0,0.233902,0.298377,0.041334,0.098659,0.013373
COSTA RICA,COSTA RICA,2017-03-05,nb,5,0.75,hostvector,central,1.0,0.3,0.210859,0.0,0.440396,0.221317,0.032708,0.125076,0.031241
COSTA RICA,COSTA RICA,2017-03-05,nb,5,0.75,hostvector,alt,1.0,0.3,0.210859,0.0,1.102859,0.258384,0.048817,0.099042,0.063048
COSTA RICA,COSTA RICA,2017-03-05,nb,5,0.75,seir,central,1.0,0.3,0.210859,0.0,0.936978,0.205971,0.045528,0.255485,0.137665
COSTA RICA,COSTA RICA,2017-03-05,nb,5,0.75,seir,alt,1.0,0.3,0.210859,0.0,0.406764,0.201909,0.038981,0.319889,0.07732
COSTA RICA,COSTA RICA,2017-03-05,nb,5,0.75,hostvector_tempmort,central,1.0,0.3,0.210859,0.0,0.898267,0.220875,0.041683,0.12531,0.064812
COSTA RICA,COSTA RICA,2017-03-05,nb,5,0.75,hostvector_tempmort,alt,1.0,0.3,0.210859,0.0,1.110017,0.257807,0.048315,0.09922,0.063505
COSTA RICA,COSTA RICA,2017-03-05,nb,7,1.0,hostvector,central,1.0,0.3,0.210859,0.0,0.342479,0.154938,0.03843,0.128962,0.025477
COSTA RICA,COSTA RICA,2017-03-05,nb,7,1.0,hostvector,alt,1.0,0.3,0.210859,0.0,1.194631,0.178908,0.052921,0.102963,0.072523
COSTA RICA,COSTA RICA,2017-03-05,nb,7,1.0,seir,central,1.0,0.3,0.210859,0.0,1.018074,0.141338,0.047924,0.261672,0.155805
COSTA RICA,COSTA RICA,2017-03-05,nb,7,1.0,seir,alt,1.0,0.3,0.210859,0.0,1.024624,0.136791,0.0479,0.327105,0.195614
COSTA RICA,COSTA RICA,2017-03-05,nb,7,1.0,hostvector_tempmort,central,1.0,0.3,0.210859,0.0,0.061406,0.153821,0.03918,0.129209,0.005751
COSTA RICA,COSTA RICA,2017-03-05,nb,7,1.0,hostvector_tempmort,alt,1.0,0.3,0.210859,0.0,1.207283,0.177661,0.054701,0.103158,0.073618
COSTA RICA,COSTA RICA,2017-03-05,nb,7,0.75,hostvector,central,1.0,0.3,0.210859,0.0,0.070438,0.142296,0.035964,0.128421,0.006996
COSTA RICA,COSTA RICA,2017-03-05,nb,7,0.75,hostvector,alt,1.0,0.3,0.210859,0.0,1.243383,0.163331,0.049682,0.10259,0.07422
COSTA RICA,COSTA RICA,2017-03-05,nb,7,0.75,seir,central,1.0,0.3,0.210859,0.0,0.140176,0.134477,0.034739,0.260632,0.020621
COSTA RICA,COSTA RICA,2017-03-05,nb,7,0.75,seir,alt,1.0,0.3,0.210859,0.0,0.51705,0.131857,0.038133,0.326043,0.098909
COSTA RICA,COSTA RICA,2017-03-05,nb,7,0.75,hostvector_tempmort,central,1.0,0.3,0.210859,0.0,0.951276,0.141727,0.041844,0.128647,0.071238
COSTA RICA,COSTA RICA,2017-03-05,nb,7,0.75,hostvector_tempmort,alt,1.0,0.3,0.210859,0.0,0.020199,0.162709,0.04035,0.10276,0.002785
COSTA RICA,COSTA RICA,2017-03-05,poisson,3,1.0,hostvector,central,1.0,0.3,0.210859,1.2433,0.787979,0.314837,0.036492,0.244339,0.113535
COSTA RICA,COSTA RICA,2017-03-05,poisson,3,1.0,hostvector,alt,1.0,0.3,0.210859,1.412591,0.929297,0.3714,0.043057,0.211766,0.116666
COSTA RICA,COSTA RICA,2017-03-05,poisson,3,1.0,seir,central,1.0,0.3,0.210859,1.273407,0.866092,0.322951,0.038287,0.506205,0.255457
COSTA RICA,COSTA RICA,2017-03-05,poisson,3,1.0,seir,alt,1.0,0.3,0.210859,1.157862,0.869062,0.330331,0.039666,0.592628,0.2999
COSTA RICA,COSTA RICA,2017-03-05,poisson,3,1.0,hostvector_tempmort,central,1.0,0.3,0.210859,1.197352,0.788997,0.311901,0.036343,0.238368,0.110872
COSTA RICA,COSTA RICA,2017-03-05,poisson,3,1.0,hostvector_tempmort,alt,1.0,0.3,0.210859,1.367291,0.929357,0.368486,0.042864,0.206674,0.113843
COSTA RICA,COSTA RICA,2017-03-05,poisson,3,0.75,hostvector,central,1.0,0.3,0.210859,0.541834,1.259587,0.273386,0.065091,0.165429,0.119685
COSTA RICA,COSTA RICA,2017-03-05,poisson,3,0.75,hostvector,alt,1.0,0.3,0.210859,0.614021,1.48717,0.311303,0.074182,0.136108,0.116764
COSTA RICA,COSTA RICA,2017-03-05,poisson,3,0.75,seir,central,1.0,0.3,0.210859,0.82088,1.347053,0.289409,0.07161,0.393886,0.302075
COSTA RICA,COSTA RICA,2017-03-05,poisson,3,0.75,seir,alt,1.0,0.3,0.210859,0.751689,1.385829,0.287835,0.073207,0.472971,0.372483
COSTA RICA,COSTA RICA,2017-03-05,poisson,3,0.75,hostvector_tempmort,central,1.0,0.3,0.210859,0.521935,1.260044,0.273319,0.064984,0.163789,0.118518
COSTA RICA,COSTA RICA,2017-03-05,poisson,3,0.75,hostvector_tempmort,alt,1.0,0.3,0.210859,0.597324,1.488258,0.311308,0.074064,0.134982,0.115855
COSTA RICA,COSTA RICA,2017-03-05,poisson,5,1.0,hostvector,central,1.0,0.3,0.210859,0.0,0.943567,0.264386,0.052971,0.122662,0.068691
COSTA RICA,COSTA RICA,2017-03-05,poisson,5,1.0,hostvector,alt,1.0,0.3,0.210859,0.0,1.039858,0.313938,0.062179,0.096551,0.059896
COSTA RICA,COSTA RICA,2017-03-05,poisson,5,1.0,seir,central,1.0,0.3,0.210859,0.843571,1.283124,0.22816,0.057022,0.411281,0.307991
COSTA RICA,COSTA RICA,2017-03-05,poisson,5,1.0,seir,alt,1.0,0.3,0.210859,0.784575,1.315658,0.220073,0.058534,0.497108,0.38136
COSTA RICA,COSTA RICA,2017-03-05,poisson,5,1.0,hostvector_tempmort,central,1.0,0.3,0.210859,0.0,0.962456,0.260178,0.052799,0.12299,0.070211
COSTA RICA,COSTA RICA,2017-03-05,poisson,5,1.0,hostvector_tempmort,alt,1.0,0.3,0.210859,0.0,1.083613,0.309418,0.061897,0.096839,0.062639
COSTA RICA,COSTA RICA,2017-03-05,poisson,5,0.75,hostvector,central,1.0,0.3,0.210859,0.0,1.248616,0.189184,0.053703,0.123798,0.088889
COSTA RICA,COSTA RICA,2017-03-05,poisson,5,0.75,hostvector,alt,1.0,0.3,0.210859,0.0,1.477,0.22141,0.061982,0.0981,0.083534
COSTA RICA,COSTA RICA,2017-03-05,poisson,5,0.75,seir,central,1.0,0.3,0.210859,0.0,1.213104,0.176781,0.055106,0.251682,0.173313
COSTA RICA,COSTA RICA,2017-03-05,poisson,5,0.75,seir,alt,1.0,0.3,0.210859,0.0,0.082287,0.17093,0.047795,0.314988,0.016398
COSTA RICA,COSTA RICA,2017-03-05,poisson,5,0.75,hostvector_tempmort,central,1.0,0.3,0.210859,0.0,1.256414,0.188702,0.053831,0.124005,0.089571
COSTA RICA,COSTA RICA,2017-03-05,poisson,5,0.75,hostvector_tempmort,alt,1.0,0.3,0.210859,0.0,0.801468,0.220861,0.059297,0.098256,0.045666
COSTA RICA,COSTA RICA,2017-03-05,poisson,7,1.0,hostvector,central,1.0,0.3,0.210859,1.760042,1.488601,0.076955,0.058497,0.35595,0.308194
COSTA RICA,COSTA RICA,2017-03-05,poisson,7,1.0,hostvector,alt,1.0,0.3,0.210859,1.562129,1.708104,0.094558,0.066483,0.253929,0.253704
COSTA RICA,COSTA RICA,2017-03-05,poisson,7,1.0,seir,central,1.0,0.3,0.210859,1.914265,1.532225,0.065073,0.060736,0.782693,0.696581
COSTA RICA,COSTA RICA,2017-03-05,poisson,7,1.0,seir,alt,1.0,0.3,0.210859,1.679669,1.558621,0.057151,0.060781,0.853047,0.772674
COSTA RICA,COSTA RICA,2017-03-05,poisson,7,1.0,hostvector_tempmort,central,1.0,0.3,0.210859,1.727123,1.477034,0.074913,0.058114,0.349491,0.300106
COSTA RICA,COSTA RICA,2017-03-05,poisson,7,1.0,hostvector_tempmort,alt,1.0,0.3,0.210859,1.584944,1.702915,0.092033,0.066224,0.257611,0.256339
COSTA RICA,COSTA RICA,2017-03-05,poisson,7,0.75,hostvector,central,1.0,0.3,0.210859,0.0,0.36928,0.088696,0.040528,0.126937,0.027264
COSTA RICA,COSTA RICA,2017-03-05,poisson,7,0.75,hostvector,alt,1.0,0.3,0.210859,0.0,1.586303,0.102313,0.050077,0.101459,0.093463
COSTA RICA,COSTA RICA,2017-03-05,poisson,7,0.75,seir,central,1.0,0.3,0.210859,0.0,1.326644,0.081777,0.044358,0.256647,0.196153
COSTA RICA,COSTA RICA,2017-03-05,poisson,7,0.75,seir,alt,1.0,0.3,0.210859,0.0,0.611577,0.078091,0.041237,0.321102,0.116248
COSTA RICA,COSTA RICA,2017-03-05,poisson,7,0.75,hostvector_tempmort,central,1.0,0.3,0.210859,0.0,0.028728,0.087936,0.040406,0.127143,0.004327
COSTA RICA,COSTA RICA,2017-03-05,poisson,7,0.75,hostvector_tempmort,alt,1.0,0.3,0.210859,0.0,1.508095,0.101537,0.049405,0.101615,0.089064
DOMINICAN REPUBLIC,DOMINICAN REPUBLIC,2021-05-30,nb,3,1.0,hostvector,central,1.0,0.3,0.157648,5e-06,3.092631,0.268599,0.027354,0.125494,0.105264
DOMINICAN REPUBLIC,DOMINICAN REPUBLIC,2021-05-30,nb,3,1.0,hostvector,alt,1.0,0.3,0.157648,6.4e-05,4.503991,0.313106,0.051757,0.099436,0.12109
DOMINICAN REPUBLIC,DOMINICAN REPUBLIC,2021-05-30,nb,3,1.0,seir,central,1.0,0.3,0.157648,0.0,1.197941,0.245381,0.024286,0.261101,0.08503
DOMINICAN REPUBLIC,DOMINICAN REPUBLIC,2021-05-30,nb,3,1.0,seir,alt,1.0,0.3,0.157648,0.0,2.564664,0.245808,0.025488,0.327479,0.228331
DOMINICAN REPUBLIC,DOMINICAN REPUBLIC,2021-05-30,nb,3,1.0,hostvector_tempmort,central,1.0,0.3,0.157648,4e-06,3.123819,0.264504,0.027878,0.127944,0.108414
DOMINICAN REPUBLIC,DOMINICAN REPUBLIC,2021-05-30,nb,3,1.0,hostvector_tempmort,alt,1.0,0.3,0.157648,2.6e-05,4.475305,0.30822,0.052426,0.10129,0.122583
DOMINICAN REPUBLIC,DOMINICAN REPUBLIC,2021-05-30,nb,3,0.75,hostvector,central,1.0,0.3,0.157648,2.558033,3.093084,0.291563,0.030965,0.249386,0.207605
DOMINICAN REPUBLIC,DOMINICAN REPUBLIC,2021-05-30,nb,3,0.75,hostvector,alt,1.0,0.3,0.157648,3.447517,4.075596,0.338731,0.039195,0.251647,0.275455
DOMINICAN REPUBLIC,DOMINICAN REPUBLIC,2021-05-30,nb,3,0.75,seir,central,1.0,0.3,0.157648,4e-06,3.782265,0.274173,0.028781,0.259128,0.265656
DOMINICAN REPUBLIC,DOMINICAN REPUBLIC,2021-05-30,nb,3,0.75,seir,alt,1.0,0.3,0.157648,1e-06,3.856401,0.273154,0.028408,0.325299,0.340382
DOMINICAN REPUBLIC,DOMINICAN REPUBLIC,2021-05-30,nb,3,0.75,hostvector_tempmort,central,1.0,0.3,0.157648,2.609738,3.094498,0.287585,0.030564,0.257924,0.214851
DOMINICAN REPUBLIC,DOMINICAN REPUBLIC,2021-05-30,nb,3,0.75,hostvector_tempmort,alt,1.0,0.3,0.157648,3.49484,4.06148,0.334221,0.03868,0.259724,0.283386
DOMINICAN REPUBLIC,DOMINICAN REPUBLIC,2021-05-30,nb,5,1.0,hostvector,central,1.0,0.3,0.157648,6e-06,4.138539,0.210699,0.06488,0.137066,0.155448
DOMINICAN REPUBLIC,DOMINICAN REPUBLIC,2021-05-30,nb,5,1.0,hostvector,alt,1.0,0.3,0.157648,0.243159,4.212667,0.24991,0.087488,0.117833,0.13593
DOMINICAN REPUBLIC,DOMINICAN REPUBLIC,2021-05-30,nb,5,1.0,seir,central,1.0,0.3,0.157648,3e-06,4.128541,0.197927,0.027727,0.284462,0.319773
DOMINICAN REPUBLIC,DOMINICAN REPUBLIC,2021-05-30,nb,5,1.0,seir,alt,1.0,0.3,0.157648,1.2e-05,4.202822,0.201413,0.027323,0.356698,0.408395
DOMINICAN REPUBLIC,DOMINICAN REPUBLIC,2021-05-30,nb,5,1.0,hostvector_tempmort,central,1.0,0.3,0.157648,1e-06,3.996691,0.206891,0.063735,0.139471,0.152822
DOMINICAN REPUBLIC,DOMINICAN REPUBLIC,2021-05-30,nb,5,1.0,hostvector_tempmort,alt,1.0,0.3,0.157648,0.334106,4.169267,0.247551,0.085974,0.12277,0.140191
DOMINICAN REPUBLIC,DOMINICAN REPUBLIC,2021-05-30,nb,5,0.75,hostvector,central,1.0,0.3,0.157648,0.083216,4.975214,0.229233,0.087575,0.139885,0.190681
DOMINICAN REPUBLIC,DOMINICAN REPUBLIC,2021-05-30,nb,5,0.75,hostvector,alt,1.0,0.3,0.157648,0.585785,5.16978,0.265914,0.105278,0.129263,0.182876
DOMINICAN REPUBLIC,DOMINICAN REPUBLIC,2021-05-30,nb,5,0.75,seir,central,1.0,0.3,0.157648,0.0,5.225388,0.232378,0.050454,0.283454,0.404632
DOMINICAN REPUBLIC,DOMINICAN REPUBLIC,2021-05-30,nb,5,0.75,seir,alt,1.0,0.3,0.157648,1e-06,5.188875,0.236414,0.049336,0.355676,0.504476
DOMINICAN REPUBLIC,DOMINICAN REPUBLIC,2021-05-30,nb,5,0.75,hostvector_tempmort,central,1.0,0.3,0.157648,0.182311,4.887394,0.226743,0.085637,0.146271,0.195884
DOMINICAN REPUBLIC,DOMINICAN REPUBLIC,2021-05-30,nb,5,0.75,hostvector_tempmort,alt,1.0,0.3,0.157648,0.676385,5.106196,0.26337,0.103299,0.134676,0.188224
DOMINICAN REPUBLIC,DOMINICAN REPUBLIC,2021-05-30,nb,7,1.0,hostvector,central,1.0,0.3,0.157648,3e-06,4.340067,0.187545,0.106735,0.146362,0.17809
DOMINICAN REPUBLIC,DOMINICAN REPUBLIC,2021-05-30,nb,7,1.0,hostvector,alt,1.0,0.3,0.157648,0.235548,4.324035,0.223536,0.131523,0.126894,0.154249
DOMINICAN REPUBLIC,DOMINICAN REPUBLIC,2021-05-30,nb,7,1.0,seir,central,1.0,0.3,0.157648,7e-06,5.070342,0.193394,0.051665,0.305498,0.425901
DOMINICAN REPUBLIC,DOMINICAN REPUBLIC,2021-05-30,nb,7,1.0,seir,alt,1.0,0.3,0.157648,0.0,0.025045,0.201613,0.027463,0.383607,0.00992
DOMINICAN REPUBLIC,DOMINICAN REPUBLIC,2021-05-30,nb,7,1.0,hostvector_tempmort,central,1.0,0.3,0.157648,0.0,4.339814,0.183749,0.108723,0.148708,0.181003
DOMINICAN REPUBLIC,DOMINICAN REPUBLIC,2021-05-30,nb,7,1.0,hostvector_tempmort,alt,1.0,0.3,0.157648,0.320542,4.255061,0.222208,0.128923,0.131856,0.157741
DOMINICAN REPUBLIC,DOMINICAN REPUBLIC,2021-05-30,nb,7,0.75,hostvector,central,1.0,0.3,0.157648,1e-06,4.859873,0.209451,0.131301,0.146399,0.19987
DOMINICAN REPUBLIC,DOMINICAN REPUBLIC,2021-05-30,nb,7,0.75,hostvector,alt,1.0,0.3,0.157648,0.146337,5.055179,0.235489,0.15503,0.123773,0.176045
DOMINICAN REPUBLIC,DOMINICAN REPUBLIC,2021-05-30,nb,7,0.75,seir,central,1.0,0.3,0.157648,1e-06,5.287755,0.241279,0.087629,0.306645,0.450531
DOMINICAN REPUBLIC,DOMINICAN REPUBLIC,2021-05-30,nb,7,0.75,seir,alt,1.0,0.3,0.157648,0.0,5.149162,0.255391,0.087308,0.385642,0.552721
DOMINICAN REPUBLIC,DOMINICAN REPUBLIC,2021-05-30,nb,7,0.75,hostvector_tempmort,central,1.0,0.3,0.157648,0.0,2.171316,0.205375,0.068308,0.148747,0.091104
DOMINICAN REPUBLIC,DOMINICAN REPUBLIC,2021-05-30,nb,7,0.75,hostvector_tempmort,alt,1.0,0.3,0.157648,0.232221,4.963563,0.234122,0.151705,0.128651,0.179688
DOMINICAN REPUBLIC,DOMINICAN REPUBLIC,2021-05-30,poisson,3,1.0,hostvector,central,1.0,0.3,0.157648,0.0,6.389728,0.214534,0.047626,0.132495,0.230901
DOMINICAN REPUBLIC,DOMINICAN REPUBLIC,2021-05-30,poisson,3,1.0,hostvector,alt,1.0,0.3,0.157648,0.0,4.825194,0.237285,0.052416,0.106825,0.140981
DOMINICAN REPUBLIC,DOMINICAN REPUBLIC,2021-05-30,poisson,3,1.0,seir,central,1.0,0.3,0.157648,0.0,4.069787,0.228279,0.032825,0.269496,0.29866
DOMINICAN REPUBLIC,DOMINICAN REPUBLIC,2021-05-30,poisson,3,1.0,seir,alt,1.0,0.3,0.157648,2e-06,4.455731,0.229353,0.032317,0.337954,0.410379
DOMINICAN REPUBLIC,DOMINICAN REPUBLIC,2021-05-30,poisson,3,1.0,hostvector_tempmort,central,1.0,0.3,0.157648,0.0,5.559009,0.211324,0.045171,0.134895,0.204596
DOMINICAN REPUBLIC,DOMINICAN REPUBLIC,2021-05-30,poisson,3,1.0,hostvector_tempmort,alt,1.0,0.3,0.157648,0.0,4.77997,0.233951,0.05222,0.108586,0.14196
DOMINICAN REPUBLIC,DOMINICAN REPUBLIC,2021-05-30,poisson,3,0.75,hostvector,central,1.0,0.3,0.157648,0.0,7.938862,0.213798,0.058601,0.132495,0.286843
DOMINICAN REPUBLIC,DOMINICAN REPUBLIC,2021-05-30,poisson,3,0.75,hostvector,alt,1.0,0.3,0.157648,0.0,5.85956,0.235928,0.061635,0.106795,0.171167
DOMINICAN REPUBLIC,DOMINICAN REPUBLIC,2021-05-30,poisson,3,0.75,seir,central,1.0,0.3,0.157648,0.0,6.735328,0.230033,0.039902,0.26936,0.493609
DOMINICAN REPUBLIC,DOMINICAN REPUBLIC,2021-05-30,poisson,3,0.75,seir,alt,1.0,0.3,0.157648,0.0,6.618549,0.231284,0.039051,0.337767,0.608822
DOMINICAN REPUBLIC,DOMINICAN REPUBLIC,2021-05-30,poisson,3,0.75,hostvector_tempmort,central,1.0,0.3,0.157648,0.0,7.581284,0.210609,0.057894,0.134893,0.278917
DOMINICAN REPUBLIC,DOMINICAN REPUBLIC,2021-05-30,poisson,3,0.75,hostvector_tempmort,alt,1.0,0.3,0.157648,0.0,5.877873,0.232638,0.060124,0.108552,0.174532
DOMINICAN REPUBLIC,DOMINICAN REPUBLIC,2021-05-30,poisson,5,1.0,hostvector,central,1.0,0.3,0.157648,0.098767,6.466147,0.156173,0.097094,0.154813,0.274375
DOMINICAN REPUBLIC,DOMINICAN REPUBLIC,2021-05-30,poisson,5,1.0,hostvector,alt,1.0,0.3,0.157648,0.952207,6.630969,0.188858,0.108944,0.159302,0.289312
DOMINICAN REPUBLIC,DOMINICAN REPUBLIC,2021-05-30,poisson,5,1.0,seir,central,1.0,0.3,0.157648,0.0,2.781462,0.163592,0.038326,0.315248,0.240609
DOMINICAN REPUBLIC,DOMINICAN REPUBLIC,2021-05-30,poisson,5,1.0,seir,alt,1.0,0.3,0.157648,0.0,7.826805,0.171471,0.056305,0.395192,0.84921
DOMINICAN REPUBLIC,DOMINICAN REPUBLIC,2021-05-30,poisson,5,1.0,hostvector_tempmort,central,1.0,0.3,0.157648,0.171973,6.408874,0.154657,0.096231,0.160426,0.281799
DOMINICAN REPUBLIC,DOMINICAN REPUBLIC,2021-05-30,poisson,5,1.0,hostvector_tempmort,alt,1.0,0.3,0.157648,1.004395,6.580394,0.187158,0.108076,0.163868,0.295337
DOMINICAN REPUBLIC,DOMINICAN REPUBLIC,2021-05-30,poisson,5,0.75,hostvector,central,1.0,0.3,0.157648,0.129512,7.6713,0.16001,0.116039,0.155999,0.32801
DOMINICAN REPUBLIC,DOMINICAN REPUBLIC,2021-05-30,poisson,5,0.75,hostvector,alt,1.0,0.3,0.157648,0.921893,7.716453,0.190749,0.127464,0.157896,0.333734
DOMINICAN REPUBLIC,DOMINICAN REPUBLIC,2021-05-30,poisson,5,0.75,seir,central,1.0,0.3,0.157648,0.0,0.010334,0.1724,0.041665,0.314525,0.015724
DOMINICAN REPUBLIC,DOMINICAN REPUBLIC,2021-05-30,poisson,5,0.75,seir,alt,1.0,0.3,0.157648,0.0,11.802828,0.181765,0.092664,0.394117,1.276262
DOMINICAN REPUBLIC,DOMINICAN REPUBLIC,2021-05-30,poisson,5,0.75,hostvector_tempmort,central,1.0,0.3,0.157648,0.200534,7.595423,0.158457,0.114906,0.161558,0.336334
DOMINICAN REPUBLIC,DOMINICAN REPUBLIC,2021-05-30,poisson,5,0.75,hostvector_tempmort,alt,1.0,0.3,0.157648,0.972923,7.65663,0.189028,0.126434,0.162371,0.340534
DOMINICAN REPUBLIC,DOMINICAN REPUBLIC,2021-05-30,poisson,7,1.0,hostvector,central,1.0,0.3,0.157648,0.0,7.778932,0.102345,0.188617,0.169865,0.371325
DOMINICAN REPUBLIC,DOMINICAN REPUBLIC,2021-05-30,poisson,7,1.0,hostvector,alt,1.0,0.3,0.157648,1e-06,10.857527,0.116512,0.306275,0.139399,0.425211
DOMINICAN REPUBLIC,DOMINICAN REPUBLIC,2021-05-30,poisson,7,1.0,seir,central,1.0,0.3,0.157648,0.0,1.491695,0.112051,0.070406,0.361216,0.15148
DOMINICAN REPUBLIC,DOMINICAN REPUBLIC,2021-05-30,poisson,7,1.0,seir,alt,1.0,0.3,0.157648,0.0,8.636444,0.130623,0.108773,0.452265,1.090614
DOMINICAN REPUBLIC,DOMINICAN REPUBLIC,2021-05-30,poisson,7,1.0,hostvector_tempmort,central,1.0,0.3,0.157648,0.0,4.573352,0.100338,0.113473,0.172118,0.221487
DOMINICAN REPUBLIC,DOMINICAN REPUBLIC,2021-05-30,poisson,7,1.0,hostvector_tempmort,alt,1.0,0.3,0.157648,0.0,9.745409,0.114573,0.276927,0.141031,0.386151
DOMINICAN REPUBLIC,DOMINICAN REPUBLIC,2021-05-30,poisson,7,0.75,hostvector,central,1.0,0.3,0.157648,0.0,12.010203,0.112208,0.29671,0.169576,0.572337
DOMINICAN REPUBLIC,DOMINICAN REPUBLIC,2021-05-30,poisson,7,0.75,hostvector,alt,1.0,0.3,0.157648,0.0,12.907947,0.124852,0.36512,0.1392,0.504961
DOMINICAN REPUBLIC,DOMINICAN REPUBLIC,2021-05-30,poisson,7,0.75,seir,central,1.0,0.3,0.157648,0.0,13.345313,0.136887,0.182741,0.360563,1.344131
DOMINICAN REPUBLIC,DOMINICAN REPUBLIC,2021-05-30,poisson,7,0.75,seir,alt,1.0,0.3,0.157648,0.0,13.168384,0.164802,0.198813,0.451166,1.662755
DOMINICAN REPUBLIC,DOMINICAN REPUBLIC,2021-05-30,poisson,7,0.75,hostvector_tempmort,central,1.0,0.3,0.157648,0.0,12.033222,0.110113,0.29828,0.171828,0.581162
DOMINICAN REPUBLIC,DOMINICAN REPUBLIC,2021-05-30,poisson,7,0.75,hostvector_tempmort,alt,1.0,0.3,0.157648,0.0,13.056261,0.122903,0.364085,0.14083,0.5165
ECUADOR,ORELLANA,2019-12-29,nb,3,1.0,hostvector,central,1.0,0.3,0.182108,1.801246,1.525696,0.392836,0.130455,0.2488,0.129669
ECUADOR,ORELLANA,2019-12-29,nb,3,1.0,hostvector,alt,1.0,0.3,0.182108,2.329544,1.866374,0.476681,0.157206,0.240053,0.151195
ECUADOR,ORELLANA,2019-12-29,nb,3,1.0,seir,central,1.0,0.3,0.182108,1.642506,1.614632,0.40437,0.134915,0.476401,0.266261
ECUADOR,ORELLANA,2019-12-29,nb,3,1.0,seir,alt,1.0,0.3,0.182108,1.509663,1.673999,0.393506,0.138865,0.559654,0.320363
ECUADOR,ORELLANA,2019-12-29,nb,3,1.0,hostvector_tempmort,central,1.0,0.3,0.182108,1.830613,1.516504,0.392132,0.12975,0.252795,0.130905
ECUADOR,ORELLANA,2019-12-29,nb,3,1.0,hostvector_tempmort,alt,1.0,0.3,0.182108,2.349577,1.85518,0.474953,0.156366,0.242973,0.152075
ECUADOR,ORELLANA,2019-12-29,nb,3,0.75,hostvector,central,1.0,0.3,0.182108,0.0,1.862082,0.277273,0.137223,0.144372,0.094995
ECUADOR,ORELLANA,2019-12-29,nb,3,0.75,hostvector,alt,1.0,0.3,0.182108,0.0,2.382176,0.324459,0.168011,0.116983,0.099521
ECUADOR,ORELLANA,2019-12-29,nb,3,0.75,seir,central,1.0,0.3,0.182108,0.0,1.998549,0.298969,0.155326,0.2853,0.198112
ECUADOR,ORELLANA,2019-12-29,nb,3,0.75,seir,alt,1.0,0.3,0.182108,0.0,2.079239,0.298646,0.161418,0.349878,0.250296
ECUADOR,ORELLANA,2019-12-29,nb,3,0.75,hostvector_tempmort,central,1.0,0.3,0.182108,0.0,1.908033,0.274067,0.14098,0.145083,0.09801
ECUADOR,ORELLANA,2019-12-29,nb,3,0.75,hostvector_tempmort,alt,1.0,0.3,0.182108,1e-06,2.3666,0.320933,0.16725,0.117467,0.099289
ECUADOR,ORELLANA,2019-12-29,nb,5,1.0,hostvector,central,1.0,0.3,0.182108,0.0,0.93616,0.176921,0.06548,0.10547,0.025568
ECUADOR,ORELLANA,2019-12-29,nb,5,1.0,hostvector,alt,1.0,0.3,0.182108,0.0,0.350199,0.212948,0.065073,0.081926,0.012311
ECUADOR,ORELLANA,2019-12-29,nb,5,1.0,seir,central,1.0,0.3,0.182108,0.0,1.070031,0.192197,0.071834,0.213981,0.065073
ECUADOR,ORELLANA,2019-12-29,nb,5,1.0,seir,alt,1.0,0.3,0.182108,0.0,1.155345,0.190249,0.078223,0.26362,0.084525
ECUADOR,ORELLANA,2019-12-29,nb,5,1.0,hostvector_tempmort,central,1.0,0.3,0.182108,0.0,0.931862,0.174859,0.065068,0.106501,0.025818
ECUADOR,ORELLANA,2019-12-29,nb,5,1.0,hostvector_tempmort,alt,1.0,0.3,0.182108,0.0,0.120775,0.210365,0.056666,0.08267,0.01121
ECUADOR,ORELLANA,2019-12-29,nb,5,0.75,hostvector,central,1.0,0.3,0.182108,0.0,1.832968,0.23221,0.160997,0.097066,0.026316
ECUADOR,ORELLANA,2019-12-29,nb,5,0.75,hostvector,alt,1.0,0.3,0.182108,0.0,2.148173,0.273097,0.190587,0.074599,0.023459
ECUADOR,ORELLANA,2019-12-29,nb,5,0.75,seir,central,1.0,0.3,0.182108,0.0,1.44596,0.261144,0.126409,0.198627,0.065141
ECUADOR,ORELLANA,2019-12-29,nb,5,0.75,seir,alt,1.0,0.3,0.182108,0.0,2.265827,0.261091,0.194243,0.24535,0.119718
ECUADOR,ORELLANA,2019-12-29,nb,5,0.75,hostvector_tempmort,central,1.0,0.3,0.182108,0.0,0.30655,0.229348,0.07926,0.098304,0.019213
ECUADOR,ORELLANA,2019-12-29,nb,5,0.75,hostvector_tempmort,alt,1.0,0.3,0.182108,0.0,,0.269923,,0.07545,
ECUADOR,ORELLANA,2019-12-29,nb,7,1.0,hostvector,central,1.0,0.3,0.182108,0.0,0.964523,0.116497,0.055482,0.090485,0.016815
ECUADOR,ORELLANA,2019-12-29,nb,7,1.0,hostvector,alt,1.0,0.3,0.182108,0.0,1.175842,0.140922,0.069954,0.067758,0.017932
ECUADOR,ORELLANA,2019-12-29,nb,7,1.0,seir,central,1.0,0.3,0.182108,0.0,1.030323,0.12892,0.060286,0.182978,0.044623
ECUADOR,ORELLANA,2019-12-29,nb,7,1.0,seir,alt,1.0,0.3,0.182108,0.0,1.073829,0.126862,0.062835,0.228474,0.057212
ECUADOR,ORELLANA,2019-12-29,nb,7,1.0,hostvector_tempmort,central,1.0,0.3,0.182108,0.0,0.8673,0.115716,0.05398,0.090831,0.018355
ECUADOR,ORELLANA,2019-12-29,nb,7,1.0,hostvector_tempmort,alt,1.0,0.3,0.182108,0.0,1.115911,0.139689,0.067426,0.068032,0.017941
ECUADOR,ORELLANA,2019-12-29,nb,7,0.75,hostvector,central,1.0,0.3,0.182108,0.0,2.931067,0.112265,0.351364,0.090194,0.084491
ECUADOR,ORELLANA,2019-12-29,nb,7,0.75,hostvector,alt,1.0,0.3,0.182108,0.0,0.597883,0.134922,0.149532,0.067408,0.05226
ECUADOR,ORELLANA,2019-12-29,nb,7,0.75,seir,central,1.0,0.3,0.182108,0.0,2.510897,0.132691,0.278738,0.183914,0.064925
ECUADOR,ORELLANA,2019-12-29,nb,7,0.75,seir,alt,1.0,0.3,0.182108,0.0,,0.127876,,0.229088,
ECUADOR,ORELLANA,2019-12-29,nb,7,0.75,hostvector_tempmort,central,1.0,0.3,0.182108,0.0,2.542324,0.112997,0.288165,0.090671,0.070453
ECUADOR,ORELLANA,2019-12-29,nb,7,0.75,hostvector_tempmort,alt,1.0,0.3,0.182108,0.0,0.568339,0.13513,0.148771,0.067776,0.041275
ECUADOR,ORELLANA,2019-12-29,poisson,3,1.0,hostvector,central,1.0,0.3,0.182108,1.027698,1.693708,0.330146,0.142488,0.196097,0.117963
ECUADOR,ORELLANA,2019-12-29,poisson,3,1.0,hostvector,alt,1.0,0.3,0.182108,1.357172,2.054273,0.394896,0.167487,0.177526,0.129451
ECUADOR,ORELLANA,2019-12-29,poisson,3,1.0,seir,central,1.0,0.3,0.182108,0.973402,1.749591,0.350036,0.148615,0.381229,0.234799
ECUADOR,ORELLANA,2019-12-29,poisson,3,1.0,seir,alt,1.0,0.3,0.182108,0.93662,1.817921,0.345365,0.15349,0.461583,0.291685
ECUADOR,ORELLANA,2019-12-29,poisson,3,1.0,hostvector_tempmort,central,1.0,0.3,0.182108,1.063827,1.686088,0.329277,0.141987,0.199502,0.119406
ECUADOR,ORELLANA,2019-12-29,poisson,3,1.0,hostvector_tempmort,alt,1.0,0.3,0.182108,1.386919,2.045249,0.393332,0.166983,0.180103,0.130676
ECUADOR,ORELLANA,2019-12-29,poisson,3,0.75,hostvector,central,1.0,0.3,0.182108,0.0,0.118303,0.257709,0.066476,0.141191,0.013647
ECUADOR,ORELLANA,2019-12-29,poisson,3,0.75,hostvector,alt,1.0,0.3,0.182108,3e-06,2.58431,0.299346,0.191958,0.114208,0.107664
ECUADOR,ORELLANA,2019-12-29,poisson,3,0.75,seir,central,1.0,0.3,0.182108,0.0,2.12256,0.281459,0.17319,0.277154,0.209135
ECUADOR,ORELLANA,2019-12-29,poisson,3,0.75,seir,alt,1.0,0.3,0.182108,0.0,2.208418,0.281033,0.179032,0.339799,0.263771
ECUADOR,ORELLANA,2019-12-29,poisson,3,0.75,hostvector_tempmort,central,1.0,0.3,0.182108,0.0,2.090044,0.253841,0.163898,0.14175,0.107648
ECUADOR,ORELLANA,2019-12-29,poisson,3,0.75,hostvector_tempmort,alt,1.0,0.3,0.182108,0.0,2.57347,0.295336,0.191291,0.114584,0.107569
ECUADOR,ORELLANA,2019-12-29,poisson,5,1.0,hostvector,central,1.0,0.3,0.182108,0.0,0.033062,0.168542,0.050853,0.103203,0.013151
ECUADOR,ORELLANA,2019-12-29,poisson,5,1.0,hostvector,alt,1.0,0.3,0.182108,0.0,0.132059,0.199563,0.057823,0.07988,0.011368
ECUADOR,ORELLANA,2019-12-29,poisson,5,1.0,seir,central,1.0,0.3,0.182108,0.0,0.006736,0.189409,0.051725,0.208662,0.018681
ECUADOR,ORELLANA,2019-12-29,poisson,5,1.0,seir,alt,1.0,0.3,0.182108,0.0,,0.189625,,0.257026,
ECUADOR,ORELLANA,2019-12-29,poisson,5,1.0,hostvector_tempmort,central,1.0,0.3,0.182108,0.0,1.20256,0.165669,0.083949,0.104236,0.02832
ECUADOR,ORELLANA,2019-12-29,poisson,5,1.0,hostvector_tempmort,alt,1.0,0.3,0.182108,0.0,1.451072,0.19633,0.101872,0.080628,0.026058
ECUADOR,ORELLANA,2019-12-29,poisson,5,0.75,hostvector,central,1.0,0.3,0.182108,0.0,2.232574,0.197948,0.199909,0.096897,0.029709
ECUADOR,ORELLANA,2019-12-29,poisson,5,0.75,hostvector,alt,1.0,0.3,0.182108,0.0,2.645149,0.230296,0.23867,0.074688,0.0267
ECUADOR,ORELLANA,2019-12-29,poisson,5,0.75,seir,central,1.0,0.3,0.182108,0.0,1.907609,0.228474,0.164899,0.196177,0.08503
ECUADOR,ORELLANA,2019-12-29,poisson,5,0.75,seir,alt,1.0,0.3,0.182108,0.0,2.642356,0.230795,0.230528,0.240577,0.131436
ECUADOR,ORELLANA,2019-12-29,poisson,5,0.75,hostvector_tempmort,central,1.0,0.3,0.182108,0.0,0.191799,0.194307,0.077819,0.098164,0.020824
ECUADOR,ORELLANA,2019-12-29,poisson,5,0.75,hostvector_tempmort,alt,1.0,0.3,0.182108,0.0,0.006249,0.22651,0.093478,0.075567,0.022962
ECUADOR,ORELLANA,2019-12-29,poisson,7,1.0,hostvector,central,1.0,0.3,0.182108,0.0,1.193353,0.117843,0.077852,0.089372,0.018759
ECUADOR,ORELLANA,2019-12-29,poisson,7,1.0,hostvector,alt,1.0,0.3,0.182108,0.0,1.461949,0.140725,0.095344,0.066676,0.020793
ECUADOR,ORELLANA,2019-12-29,poisson,7,1.0,seir,central,1.0,0.3,0.182108,0.0,1.224003,0.141034,0.081729,0.181649,0.046756
ECUADOR,ORELLANA,2019-12-29,poisson,7,1.0,seir,alt,1.0,0.3,0.182108,0.0,1.239979,0.139335,0.083837,0.226724,0.059077
ECUADOR,ORELLANA,2019-12-29,poisson,7,1.0,hostvector_tempmort,central,1.0,0.3,0.182108,0.0,1.166376,0.117341,0.075865,0.089775,0.018719
ECUADOR,ORELLANA,2019-12-29,poisson,7,1.0,hostvector_tempmort,alt,1.0,0.3,0.182108,0.0,1.409436,0.139737,0.09288,0.066994,0.020672
ECUADOR,ORELLANA,2019-12-29,poisson,7,0.75,hostvector,central,1.0,0.3,0.182108,0.0,2.730756,0.112744,0.336655,0.088402,0.104138
ECUADOR,ORELLANA,2019-12-29,poisson,7,0.75,hostvector,alt,1.0,0.3,0.182108,0.0,1.93581,0.134069,0.244228,0.065715,0.086408
ECUADOR,ORELLANA,2019-12-29,poisson,7,0.75,seir,central,1.0,0.3,0.182108,0.0,2.13338,0.139394,0.257876,0.180931,0.076574
ECUADOR,ORELLANA,2019-12-29,poisson,7,0.75,seir,alt,1.0,0.3,0.182108,0.0,2.084813,0.137582,0.25794,0.225545,0.101889
ECUADOR,ORELLANA,2019-12-29,poisson,7,0.75,hostvector_tempmort,central,1.0,0.3,0.182108,0.0,2.68934,0.112732,0.333595,0.08891,0.103455
ECUADOR,ORELLANA,2019-12-29,poisson,7,0.75,hostvector_tempmort,alt,1.0,0.3,0.182108,0.0,3.507425,0.133596,0.433652,0.066112,0.135463
GUADELOUPE,GUADELOUPE,2019-11-03,nb,3,1.0,hostvector,central,1.0,0.3,0.121243,1.374493,,0.355163,,0.132373,
GUADELOUPE,GUADELOUPE,2019-11-03,nb,3,1.0,hostvector,alt,1.0,0.3,0.121243,1.388976,2.284004,0.436559,0.275457,0.09619,0.042541
GUADELOUPE,GUADELOUPE,2019-11-03,nb,3,1.0,seir,central,1.0,0.3,0.121243,1.821034,1.62681,0.345974,0.26636,0.318873,0.11294
GUADELOUPE,GUADELOUPE,2019-11-03,nb,3,1.0,seir,alt,1.0,0.3,0.121243,1.858332,1.579029,0.34425,0.255894,0.401254,0.14467
GUADELOUPE,GUADELOUPE,2019-11-03,nb,3,1.0,hostvector_tempmort,central,1.0,0.3,0.121243,1.61743,1.826167,0.348774,0.241389,0.145706,0.049998
GUADELOUPE,GUADELOUPE,2019-11-03,nb,3,1.0,hostvector_tempmort,alt,1.0,0.3,0.121243,1.657902,1.737621,0.42714,0.17622,0.107017,0.045643
GUADELOUPE,GUADELOUPE,2019-11-03,nb,3,0.75,hostvector,central,1.0,0.3,0.121243,0.819978,2.815277,0.37682,0.277511,0.109309,0.078957
GUADELOUPE,GUADELOUPE,2019-11-03,nb,3,0.75,hostvector,alt,1.0,0.3,0.121243,0.903717,3.152509,0.454943,0.219255,0.081329,0.069465
GUADELOUPE,GUADELOUPE,2019-11-03,nb,3,0.75,seir,central,1.0,0.3,0.121243,1.467154,,0.357927,,0.282923,
GUADELOUPE,GUADELOUPE,2019-11-03,nb,3,0.75,seir,alt,1.0,0.3,0.121243,1.494987,2.69998,0.356512,0.324208,0.354973,0.271557
GUADELOUPE,GUADELOUPE,2019-11-03,nb,3,0.75,hostvector_tempmort,central,1.0,0.3,0.121243,0.99412,2.246023,0.374151,0.232373,0.117444,0.084199
GUADELOUPE,GUADELOUPE,2019-11-03,nb,3,0.75,hostvector_tempmort,alt,1.0,0.3,0.121243,1.044907,3.453543,0.452249,0.325117,0.086471,0.07181
GUADELOUPE,GUADELOUPE,2019-11-03,nb,5,1.0,hostvector,central,1.0,0.3,0.121243,0.048783,1.037569,-0.005942,0.241553,0.147071,0.047818
GUADELOUPE,GUADELOUPE,2019-11-03,nb,5,1.0,hostvector,alt,1.0,0.3,0.121243,7e-06,1.181802,-0.010852,0.278925,0.118652,0.048269
GUADELOUPE,GUADELOUPE,2019-11-03,nb,5,1.0,seir,central,1.0,0.3,0.121243,0.512205,1.382379,0.027795,0.281456,0.333258,0.10787
GUADELOUPE,GUADELOUPE,2019-11-03,nb,5,1.0,seir,alt,1.0,0.3,0.121243,0.495948,1.443112,0.022831,0.294009,0.41678,0.135314
GUADELOUPE,GUADELOUPE,2019-11-03,nb,5,1.0,hostvector_tempmort,central,1.0,0.3,0.121243,0.278164,1.01497,-0.011746,0.239037,0.16075,0.050705
GUADELOUPE,GUADELOUPE,2019-11-03,nb,5,1.0,hostvector_tempmort,alt,1.0,0.3,0.121243,0.136327,1.134729,-0.026414,0.275413,0.126482,0.050148
GUADELOUPE,GUADELOUPE,2019-11-03,nb,5,0.75,hostvector,central,1.0,0.3,0.121243,0.678747,1.859604,-0.032079,0.276077,0.180716,0.110078
GUADELOUPE,GUADELOUPE,2019-11-03,nb,5,0.75,hostvector,alt,1.0,0.3,0.121243,0.697187,2.09794,-0.058442,0.316723,0.150772,0.10796
GUADELOUPE,GUADELOUPE,2019-11-03,nb,5,0.75,seir,central,1.0,0.3,0.121243,1.419545,2.230688,-0.01447,0.323636,0.449721,0.292228
GUADELOUPE,GUADELOUPE,2019-11-03,nb,5,0.75,seir,alt,1.0,0.3,0.121243,0.0,0.000491,-0.038376,0.337778,0.37609,0.131676
GUADELOUPE,GUADELOUPE,2019-11-03,nb,5,0.75,hostvector_tempmort,central,1.0,0.3,0.121243,0.850323,1.830019,-0.033303,0.274759,0.193215,0.115735
GUADELOUPE,GUADELOUPE,2019-11-03,nb,5,0.75,hostvector_tempmort,alt,1.0,0.3,0.121243,0.856952,2.062483,-0.05968,0.315662,0.16045,0.112928
GUADELOUPE,GUADELOUPE,2019-11-03,nb,7,1.0,hostvector,central,1.0,0.3,0.121243,0.161589,1.232456,0.02425,0.24618,0.148829,0.048373
GUADELOUPE,GUADELOUPE,2019-11-03,nb,7,1.0,hostvector,alt,1.0,0.3,0.121243,0.0,1.305937,0.02067,0.286301,0.115563,0.043322
GUADELOUPE,GUADELOUPE,2019-11-03,nb,7,1.0,seir,central,1.0,0.3,0.121243,1.076211,1.45791,0.132803,0.248686,0.364114,0.123937
GUADELOUPE,GUADELOUPE,2019-11-03,nb,7,1.0,seir,alt,1.0,0.3,0.121243,1.150763,1.501623,0.148338,0.254929,0.457623,0.156915
GUADELOUPE,GUADELOUPE,2019-11-03,nb,7,1.0,hostvector_tempmort,central,1.0,0.3,0.121243,0.426676,1.216321,0.029448,0.241318,0.162915,0.051675
GUADELOUPE,GUADELOUPE,2019-11-03,nb,7,1.0,hostvector_tempmort,alt,1.0,0.3,0.121243,0.259414,1.362333,0.023737,0.287627,0.126306,0.047795
GUADELOUPE,GUADELOUPE,2019-11-03,nb,7,0.75,hostvector,central,1.0,0.3,0.121243,1.021594,2.098296,0.072593,0.266177,0.183883,0.108141
GUADELOUPE,GUADELOUPE,2019-11-03,nb,7,0.75,hostvector,alt,1.0,0.3,0.121243,0.975427,2.323022,0.076597,0.316608,0.147333,0.099225
GUADELOUPE,GUADELOUPE,2019-11-03,nb,7,0.75,seir,central,1.0,0.3,0.121243,2.334249,2.488095,0.17219,0.268449,0.497654,0.32285
GUADELOUPE,GUADELOUPE,2019-11-03,nb,7,0.75,seir,alt,1.0,0.3,0.121243,2.523706,2.636187,0.192824,0.274611,0.639078,0.428641
GUADELOUPE,GUADELOUPE,2019-11-03,nb,7,0.75,hostvector_tempmort,central,1.0,0.3,0.121243,1.225403,2.076312,0.079579,0.262268,0.197089,0.11417
GUADELOUPE,GUADELOUPE,2019-11-03,nb,7,0.75,hostvector_tempmort,alt,1.0,0.3,0.121243,1.178625,2.300745,0.086678,0.311352,0.157388,0.104388
GUADELOUPE,GUADELOUPE,2019-11-03,poisson,3,1.0,hostvector,central,1.0,0.3,0.121243,0.0,2.433802,0.332084,0.20299,0.084824,0.051455
GUADELOUPE,GUADELOUPE,2019-11-03,poisson,3,1.0,hostvector,alt,1.0,0.3,0.121243,0.0,0.404652,0.401667,0.202151,0.061894,0.029309
GUADELOUPE,GUADELOUPE,2019-11-03,poisson,3,1.0,seir,central,1.0,0.3,0.121243,0.017555,,0.328367,,0.176324,
GUADELOUPE,GUADELOUPE,2019-11-03,poisson,3,1.0,seir,alt,1.0,0.3,0.121243,0.048467,,0.333156,,0.221034,
GUADELOUPE,GUADELOUPE,2019-11-03,poisson,3,1.0,hostvector_tempmort,central,1.0,0.3,0.121243,1e-06,2.414792,0.332793,0.202035,0.085964,0.051935
GUADELOUPE,GUADELOUPE,2019-11-03,poisson,3,1.0,hostvector_tempmort,alt,1.0,0.3,0.121243,0.0,3.032414,0.401401,0.239911,0.06278,0.045799
GUADELOUPE,GUADELOUPE,2019-11-03,poisson,3,0.75,hostvector,central,1.0,0.3,0.121243,0.0,3.895131,0.335268,0.240066,0.084605,0.07952
GUADELOUPE,GUADELOUPE,2019-11-03,poisson,3,0.75,hostvector,alt,1.0,0.3,0.121243,0.0,3.439259,0.401323,0.256467,0.06192,0.054997
GUADELOUPE,GUADELOUPE,2019-11-03,poisson,3,0.75,seir,central,1.0,0.3,0.121243,0.0,,0.337583,,0.174073,
GUADELOUPE,GUADELOUPE,2019-11-03,poisson,3,0.75,seir,alt,1.0,0.3,0.121243,0.0,3.592074,0.344189,0.264776,0.215721,0.196911
GUADELOUPE,GUADELOUPE,2019-11-03,poisson,3,0.75,hostvector_tempmort,central,1.0,0.3,0.121243,0.0,,0.33884,,0.085534,
GUADELOUPE,GUADELOUPE,2019-11-03,poisson,3,0.75,hostvector_tempmort,alt,1.0,0.3,0.121243,0.0,4.642327,0.404188,0.284885,0.062626,0.067924
GUADELOUPE,GUADELOUPE,2019-11-03,poisson,5,1.0,hostvector,central,1.0,0.3,0.121243,0.0,1.753029,0.126321,0.200091,0.122789,0.060522
GUADELOUPE,GUADELOUPE,2019-11-03,poisson,5,1.0,hostvector,alt,1.0,0.3,0.121243,0.0,2.047564,0.14808,0.233751,0.097965,0.057231
GUADELOUPE,GUADELOUPE,2019-11-03,poisson,5,1.0,seir,central,1.0,0.3,0.121243,0.0,1.837856,0.106031,0.219919,0.252017,0.124492
GUADELOUPE,GUADELOUPE,2019-11-03,poisson,5,1.0,seir,alt,1.0,0.3,0.121243,0.0,1.890295,0.097592,0.228761,0.31841,0.158558
GUADELOUPE,GUADELOUPE,2019-11-03,poisson,5,1.0,hostvector_tempmort,central,1.0,0.3,0.121243,0.0,1.379017,0.113944,0.195491,0.12622,0.05162
GUADELOUPE,GUADELOUPE,2019-11-03,poisson,5,1.0,hostvector_tempmort,alt,1.0,0.3,0.121243,0.0,1.978201,0.135051,0.231744,0.100607,0.057383
GUADELOUPE,GUADELOUPE,2019-11-03,poisson,5,0.75,hostvector,central,1.0,0.3,0.121243,0.0,2.509446,0.11831,0.233943,0.123098,0.086004
GUADELOUPE,GUADELOUPE,2019-11-03,poisson,5,0.75,hostvector,alt,1.0,0.3,0.121243,0.0,3.03017,0.134656,0.273373,0.098428,0.084015
GUADELOUPE,GUADELOUPE,2019-11-03,poisson,5,0.75,seir,central,1.0,0.3,0.121243,0.0,2.938759,0.104605,0.258414,0.251896,0.196222
GUADELOUPE,GUADELOUPE,2019-11-03,poisson,5,0.75,seir,alt,1.0,0.3,0.121243,0.0,3.032908,0.095136,0.26962,0.318465,0.251784
GUADELOUPE,GUADELOUPE,2019-11-03,poisson,5,0.75,hostvector_tempmort,central,1.0,0.3,0.121243,0.0,2.558151,0.110565,0.232076,0.126238,0.090129
GUADELOUPE,GUADELOUPE,2019-11-03,poisson,5,0.75,hostvector_tempmort,alt,1.0,0.3,0.121243,0.0,2.954598,0.12659,0.271115,0.100817,0.084243
GUADELOUPE,GUADELOUPE,2019-11-03,poisson,7,1.0,hostvector,central,1.0,0.3,0.121243,0.0,1.100002,-0.207402,0.204938,0.162413,0.059835
GUADELOUPE,GUADELOUPE,2019-11-03,poisson,7,1.0,hostvector,alt,1.0,0.3,0.121243,0.0,1.654458,-0.333037,0.253145,0.140758,0.07625
GUADELOUPE,GUADELOUPE,2019-11-03,poisson,7,1.0,seir,central,1.0,0.3,0.121243,0.0,1.583335,-0.11922,0.212701,0.312861,0.139839
GUADELOUPE,GUADELOUPE,2019-11-03,poisson,7,1.0,seir,alt,1.0,0.3,0.121243,0.0,1.616151,-0.114754,0.219859,0.390466,0.176609
GUADELOUPE,GUADELOUPE,2019-11-03,poisson,7,1.0,hostvector_tempmort,central,1.0,0.3,0.121243,0.0,1.341647,-0.210587,0.205516,0.164784,0.069104
GUADELOUPE,GUADELOUPE,2019-11-03,poisson,7,1.0,hostvector_tempmort,alt,1.0,0.3,0.121243,0.0,1.607195,-0.32438,0.249861,0.14184,0.074487
GUADELOUPE,GUADELOUPE,2019-11-03,poisson,7,0.75,hostvector,central,1.0,0.3,0.121243,0.0,1.284509,-0.221607,0.269733,0.161975,0.073133
GUADELOUPE,GUADELOUPE,2019-11-03,poisson,7,0.75,hostvector,alt,1.0,0.3,0.121243,0.0,2.540892,-0.317538,0.293602,0.138224,0.109071
GUADELOUPE,GUADELOUPE,2019-11-03,poisson,7,0.75,seir,central,1.0,0.3,0.121243,0.0,2.499502,-0.152001,0.249722,0.317041,0.226963
GUADELOUPE,GUADELOUPE,2019-11-03,poisson,7,0.75,seir,alt,1.0,0.3,0.121243,0.0,2.604835,-0.148581,0.258776,0.396221,0.293051
GUADELOUPE,GUADELOUPE,2019-11-03,poisson,7,0.75,hostvector_tempmort,central,1.0,0.3,0.121243,0.0,2.19044,-0.220517,0.240951,0.164382,0.108832
GUADELOUPE,GUADELOUPE,2019-11-03,poisson,7,0.75,hostvector_tempmort,alt,1.0,0.3,0.121243,0.0,2.48463,-0.31329,0.290722,0.139917,0.107767
ECUADOR,ECUADOR,2018-11-11,nb,3,1.0,hostvector,central,1.0,0.3,0.139721,3.270131,1.117071,0.371903,0.038987,0.24417,0.066691
ECUADOR,ECUADOR,2018-11-11,nb,3,1.0,hostvector,alt,1.0,0.3,0.139721,4.936139,1.265569,0.475782,0.045873,0.281679,0.08651
ECUADOR,ECUADOR,2018-11-11,nb,3,1.0,seir,central,1.0,0.3,0.139721,1.368634,1.272579,0.289299,0.042788,0.320542,0.10058
ECUADOR,ECUADOR,2018-11-11,nb,3,1.0,seir,alt,1.0,0.3,0.139721,1.403013,1.331569,0.288697,0.044817,0.405817,0.133111
ECUADOR,ECUADOR,2018-11-11,nb,3,1.0,hostvector_tempmort,central,1.0,0.3,0.139721,2.979777,1.098354,0.344215,0.038041,0.235888,0.063412
ECUADOR,ECUADOR,2018-11-11,nb,3,1.0,hostvector_tempmort,alt,1.0,0.3,0.139721,4.453307,1.244697,0.439712,0.044458,0.26028,0.078746
ECUADOR,ECUADOR,2018-11-11,nb,3,0.75,hostvector,central,1.0,0.3,0.139721,2.281959,1.496695,0.334633,0.053866,0.192638,0.070237
ECUADOR,ECUADOR,2018-11-11,nb,3,0.75,hostvector,alt,1.0,0.3,0.139721,3.213315,1.614241,0.410432,0.059159,0.186812,0.073186
ECUADOR,ECUADOR,2018-11-11,nb,3,0.75,seir,central,1.0,0.3,0.139721,0.691148,1.822519,0.264628,0.064167,0.27189,0.121539
ECUADOR,ECUADOR,2018-11-11,nb,3,0.75,seir,alt,1.0,0.3,0.139721,0.692714,1.894264,0.26274,0.066732,0.341478,0.15862
ECUADOR,ECUADOR,2018-11-11,nb,3,0.75,hostvector_tempmort,central,1.0,0.3,0.139721,2.081165,1.489663,0.310501,0.053398,0.190083,0.069017
ECUADOR,ECUADOR,2018-11-11,nb,3,0.75,hostvector_tempmort,alt,1.0,0.3,0.139721,2.923961,1.611217,0.381728,0.058584,0.180676,0.070702
ECUADOR,ECUADOR,2018-11-11,nb,5,1.0,hostvector,central,1.0,0.3,0.139721,0.0,0.004207,0.20968,0.014273,0.121804,0.002049
ECUADOR,ECUADOR,2018-11-11,nb,5,1.0,hostvector,alt,1.0,0.3,0.139721,2.8e-05,0.863779,0.248726,0.022728,0.096028,0.021907
ECUADOR,ECUADOR,2018-11-11,nb,5,1.0,seir,central,1.0,0.3,0.139721,1e-06,0.878895,0.193361,0.022503,0.25121,0.057766
ECUADOR,ECUADOR,2018-11-11,nb,5,1.0,seir,alt,1.0,0.3,0.139721,0.0,0.002833,0.193261,0.013901,0.314829,0.005145
ECUADOR,ECUADOR,2018-11-11,nb,5,1.0,hostvector_tempmort,central,1.0,0.3,0.139721,3e-06,0.754416,0.195953,0.019401,0.125258,0.024814
ECUADOR,ECUADOR,2018-11-11,nb,5,1.0,hostvector_tempmort,alt,1.0,0.3,0.139721,3e-06,0.85171,0.233172,0.022198,0.098777,0.022168
ECUADOR,ECUADOR,2018-11-11,nb,5,0.75,hostvector,central,1.0,0.3,0.139721,0.0,0.566931,0.203688,0.019728,0.122139,0.018186
ECUADOR,ECUADOR,2018-11-11,nb,5,0.75,hostvector,alt,1.0,0.3,0.139721,0.0,0.992255,0.236359,0.027404,0.096596,0.025165
ECUADOR,ECUADOR,2018-11-11,nb,5,0.75,seir,central,1.0,0.3,0.139721,0.0,,0.194169,,0.25112,
ECUADOR,ECUADOR,2018-11-11,nb,5,0.75,seir,alt,1.0,0.3,0.139721,0.0,,0.194101,,0.314716,
ECUADOR,ECUADOR,2018-11-11,nb,5,0.75,hostvector_tempmort,central,1.0,0.3,0.139721,0.0,0.902761,0.190661,0.024364,0.125558,0.029571
ECUADOR,ECUADOR,2018-11-11,nb,5,0.75,hostvector_tempmort,alt,1.0,0.3,0.139721,0.0,0.995171,0.222514,0.026831,0.09927,0.025834
ECUADOR,ECUADOR,2018-11-11,nb,7,1.0,hostvector,central,1.0,0.3,0.139721,0.0,0.637775,0.170189,0.014659,0.131044,0.0226
ECUADOR,ECUADOR,2018-11-11,nb,7,1.0,hostvector,alt,1.0,0.3,0.139721,0.0,0.509215,0.200629,0.016273,0.104806,0.014522
ECUADOR,ECUADOR,2018-11-11,nb,7,1.0,seir,central,1.0,0.3,0.139721,0.0,0.007769,0.159428,0.014358,0.26897,0.004235
ECUADOR,ECUADOR,2018-11-11,nb,7,1.0,seir,alt,1.0,0.3,0.139721,0.0,,0.160959,,0.336862,
ECUADOR,ECUADOR,2018-11-11,nb,7,1.0,hostvector_tempmort,central,1.0,0.3,0.139721,0.0,0.00789,0.159681,0.013242,0.134067,0.001883
ECUADOR,ECUADOR,2018-11-11,nb,7,1.0,hostvector_tempmort,alt,1.0,0.3,0.139721,0.0,0.268163,0.188953,0.015362,0.107151,0.007932
ECUADOR,ECUADOR,2018-11-11,nb,7,0.75,hostvector,central,1.0,0.3,0.139721,0.0,0.001083,0.169248,0.016424,0.131079,0.002148
ECUADOR,ECUADOR,2018-11-11,nb,7,0.75,hostvector,alt,1.0,0.3,0.139721,0.0,0.563798,0.194455,0.019326,0.104988,0.016095
ECUADOR,ECUADOR,2018-11-11,nb,7,0.75,seir,central,1.0,0.3,0.139721,0.0,0.023664,0.16474,0.017467,0.268613,0.00486
ECUADOR,ECUADOR,2018-11-11,nb,7,0.75,seir,alt,1.0,0.3,0.139721,0.0,,0.166393,,0.336437,
ECUADOR,ECUADOR,2018-11-11,nb,7,0.75,hostvector_tempmort,central,1.0,0.3,0.139721,0.0,0.739289,0.159086,0.01858,0.134089,0.026716
ECUADOR,ECUADOR,2018-11-11,nb,7,0.75,hostvector_tempmort,alt,1.0,0.3,0.139721,0.0,0.406161,0.183978,0.018292,0.107297,0.011975
ECUADOR,ECUADOR,2018-11-11,poisson,3,1.0,hostvector,central,1.0,0.3,0.139721,4.056521,1.522175,0.374441,0.053168,0.306119,0.117863
ECUADOR,ECUADOR,2018-11-11,poisson,3,1.0,hostvector,alt,1.0,0.3,0.139721,5.020238,1.635407,0.427055,0.06104,0.308069,0.126016
ECUADOR,ECUADOR,2018-11-11,poisson,3,1.0,seir,central,1.0,0.3,0.139721,3.419626,1.766773,0.364467,0.057383,0.52886,0.236558
ECUADOR,ECUADOR,2018-11-11,poisson,3,1.0,seir,alt,1.0,0.3,0.139721,3.313089,1.79991,0.359956,0.05786,0.645747,0.293978
ECUADOR,ECUADOR,2018-11-11,poisson,3,1.0,hostvector_tempmort,central,1.0,0.3,0.139721,3.921053,1.512469,0.360044,0.051905,0.304025,0.116339
ECUADOR,ECUADOR,2018-11-11,poisson,3,1.0,hostvector_tempmort,alt,1.0,0.3,0.139721,4.74795,1.634123,0.412192,0.059146,0.294039,0.120673
ECUADOR,ECUADOR,2018-11-11,poisson,3,0.75,hostvector,central,1.0,0.3,0.139721,3.972034,1.82976,0.372114,0.063419,0.299678,0.138639
ECUADOR,ECUADOR,2018-11-11,poisson,3,0.75,hostvector,alt,1.0,0.3,0.139721,4.742704,1.968605,0.420759,0.072107,0.286848,0.141674
ECUADOR,ECUADOR,2018-11-11,poisson,3,0.75,seir,central,1.0,0.3,0.139721,3.545309,2.099704,0.369078,0.068493,0.545151,0.289244
ECUADOR,ECUADOR,2018-11-11,poisson,3,0.75,seir,alt,1.0,0.3,0.139721,3.415091,2.135933,0.363775,0.068998,0.661803,0.356935
ECUADOR,ECUADOR,2018-11-11,poisson,3,0.75,hostvector_tempmort,central,1.0,0.3,0.139721,3.885279,1.815178,0.359019,0.062011,0.301315,0.138243
ECUADOR,ECUADOR,2018-11-11,poisson,3,0.75,hostvector_tempmort,alt,1.0,0.3,0.139721,4.546319,1.964161,0.407116,0.070133,0.279363,0.138002
ECUADOR,ECUADOR,2018-11-11,poisson,5,1.0,hostvector,central,1.0,0.3,0.139721,0.0,0.320311,0.175242,0.027726,0.126831,0.012695
ECUADOR,ECUADOR,2018-11-11,poisson,5,1.0,hostvector,alt,1.0,0.3,0.139721,0.0,1.19403,0.201167,0.032702,0.100939,0.03428
ECUADOR,ECUADOR,2018-11-11,poisson,5,1.0,seir,central,1.0,0.3,0.139721,0.0,1.330092,0.167935,0.030433,0.262006,0.097236
ECUADOR,ECUADOR,2018-11-11,poisson,5,1.0,seir,alt,1.0,0.3,0.139721,0.0,,0.168193,,0.328274,
ECUADOR,ECUADOR,2018-11-11,poisson,5,1.0,hostvector_tempmort,central,1.0,0.3,0.139721,0.0,0.911379,0.166248,0.027315,0.129902,0.033431
ECUADOR,ECUADOR,2018-11-11,poisson,5,1.0,hostvector_tempmort,alt,1.0,0.3,0.139721,0.0,0.439893,0.191947,0.031289,0.103264,0.013802
ECUADOR,ECUADOR,2018-11-11,poisson,5,0.75,hostvector,central,1.0,0.3,0.139721,0.0,1.360153,0.173915,0.033534,0.126973,0.04867
ECUADOR,ECUADOR,2018-11-11,poisson,5,0.75,hostvector,alt,1.0,0.3,0.139721,0.0,1.440737,0.198565,0.038486,0.101137,0.041345
ECUADOR,ECUADOR,2018-11-11,poisson,5,0.75,seir,central,1.0,0.3,0.139721,0.0,1.338159,0.168758,0.035357,0.26181,0.097747
ECUADOR,ECUADOR,2018-11-11,poisson,5,0.75,seir,alt,1.0,0.3,0.139721,0.0,1.547681,0.169033,0.036134,0.328026,0.141183
ECUADOR,ECUADOR,2018-11-11,poisson,5,0.75,hostvector_tempmort,central,1.0,0.3,0.139721,0.0,0.65425,0.165251,0.031872,0.130013,0.024824
ECUADOR,ECUADOR,2018-11-11,poisson,5,0.75,hostvector_tempmort,alt,1.0,0.3,0.139721,0.0,1.060191,0.189753,0.036966,0.103442,0.031083
ECUADOR,ECUADOR,2018-11-11,poisson,7,1.0,hostvector,central,1.0,0.3,0.139721,0.0,0.487391,0.111159,0.025634,0.142079,0.021008
ECUADOR,ECUADOR,2018-11-11,poisson,7,1.0,hostvector,alt,1.0,0.3,0.139721,0.0,0.030001,0.126957,0.029198,0.11478,0.00524
ECUADOR,ECUADOR,2018-11-11,poisson,7,1.0,seir,central,1.0,0.3,0.139721,0.0,0.329025,0.10832,0.027109,0.294592,0.030617
ECUADOR,ECUADOR,2018-11-11,poisson,7,1.0,seir,alt,1.0,0.3,0.139721,0.0,,0.111777,,0.368115,
ECUADOR,ECUADOR,2018-11-11,poisson,7,1.0,hostvector_tempmort,central,1.0,0.3,0.139721,0.0,0.606368,0.105674,0.024771,0.144687,0.02603
ECUADOR,ECUADOR,2018-11-11,poisson,7,1.0,hostvector_tempmort,alt,1.0,0.3,0.139721,0.0,0.006471,0.12156,0.028443,0.116733,0.005081
ECUADOR,ECUADOR,2018-11-11,poisson,7,0.75,hostvector,central,1.0,0.3,0.139721,0.0,0.166797,0.110785,0.030755,0.142123,0.009561
ECUADOR,ECUADOR,2018-11-11,poisson,7,0.75,hostvector,alt,1.0,0.3,0.139721,0.0,1.407447,0.125376,0.035789,0.114917,0.047567
ECUADOR,ECUADOR,2018-11-11,poisson,7,0.75,seir,central,1.0,0.3,0.139721,0.0,0.017019,0.110112,0.032512,0.294127,0.014876
ECUADOR,ECUADOR,2018-11-11,poisson,7,0.75,seir,alt,1.0,0.3,0.139721,0.0,1.69114,0.113703,0.032484,0.367507,0.18002
ECUADOR,ECUADOR,2018-11-11,poisson,7,0.75,hostvector_tempmort,central,1.0,0.3,0.139721,0.0,1.392538,0.105561,0.029686,0.144702,0.058718
ECUADOR,ECUADOR,2018-11-11,poisson,7,0.75,hostvector_tempmort,alt,1.0,0.3,0.139721,0.0,1.10106,0.12036,0.033825,0.116841,0.037714
GUATEMALA,GUATEMALA,2014-06-29,nb,3,1.0,hostvector,central,1.0,0.3,0.319091,2.199181,0.495771,0.255937,0.099434,0.709548,0.220153
GUATEMALA,GUATEMALA,2014-06-29,nb,3,1.0,hostvector,alt,1.0,0.3,0.319091,2.995353,0.811589,0.401299,0.124097,1.067262,0.479096
GUATEMALA,GUATEMALA,2014-06-29,nb,3,1.0,seir,central,1.0,0.3,0.319091,2.00795,0.869009,0.188481,0.109006,1.244938,0.62962
GUATEMALA,GUATEMALA,2014-06-29,nb,3,1.0,seir,alt,1.0,0.3,0.319091,2.062906,0.871631,0.18945,0.114442,1.628671,0.839098
GUATEMALA,GUATEMALA,2014-06-29,nb,3,1.0,hostvector_tempmort,central,1.0,0.3,0.319091,1.68991,0.639211,0.184359,0.103175,0.467638,0.155289
GUATEMALA,GUATEMALA,2014-06-29,nb,3,1.0,hostvector_tempmort,alt,1.0,0.3,0.319091,2.344096,0.906797,0.289265,0.132724,0.633628,0.27767
GUATEMALA,GUATEMALA,2014-06-29,nb,3,0.75,hostvector,central,1.0,0.3,0.319091,2.009226,0.749495,0.224155,0.134942,0.596902,0.229837
GUATEMALA,GUATEMALA,2014-06-29,nb,3,0.75,hostvector,alt,1.0,0.3,0.319091,2.553505,0.987052,0.279722,0.154003,0.736516,0.366614
GUATEMALA,GUATEMALA,2014-06-29,nb,3,0.75,seir,central,1.0,0.3,0.319091,2.033122,0.762799,0.246455,0.120972,1.262052,0.590018
GUATEMALA,GUATEMALA,2014-06-29,nb,3,0.75,seir,alt,1.0,0.3,0.319091,2.152515,0.812759,0.26463,0.121416,1.736899,0.887538
GUATEMALA,GUATEMALA,2014-06-29,nb,3,0.75,hostvector_tempmort,central,1.0,0.3,0.319091,1.634392,0.737013,0.20188,0.133939,0.44053,0.151234
GUATEMALA,GUATEMALA,2014-06-29,nb,3,0.75,hostvector_tempmort,alt,1.0,0.3,0.319091,2.139136,0.907829,0.258684,0.153807,0.525744,0.239529
GUATEMALA,GUATEMALA,2014-06-29,nb,5,1.0,hostvector,central,1.0,0.3,0.319091,2.106482,0.569156,0.075119,0.111753,0.682241,0.230113
GUATEMALA,GUATEMALA,2014-06-29,nb,5,1.0,hostvector,alt,1.0,0.3,0.319091,2.738885,0.986869,0.127235,0.153069,0.904443,0.46735
GUATEMALA,GUATEMALA,2014-06-29,nb,5,1.0,seir,central,1.0,0.3,0.319091,1.997037,0.295032,0.075109,0.100008,1.277192,0.383318
GUATEMALA,GUATEMALA,2014-06-29,nb,5,1.0,seir,alt,1.0,0.3,0.319091,2.041393,0.771773,0.056735,0.105835,1.661907,0.770374
GUATEMALA,GUATEMALA,2014-06-29,nb,5,1.0,hostvector_tempmort,central,1.0,0.3,0.319091,1.670037,0.560382,0.053138,0.094609,0.476137,0.14393
GUATEMALA,GUATEMALA,2014-06-29,nb,5,1.0,hostvector_tempmort,alt,1.0,0.3,0.319091,2.218791,0.854939,0.071822,0.127235,0.59684,0.255233
GUATEMALA,GUATEMALA,2014-06-29,nb,5,0.75,hostvector,central,1.0,0.3,0.319091,1.656702,0.602742,-0.005594,0.150555,0.45124,0.187485
GUATEMALA,GUATEMALA,2014-06-29,nb,5,0.75,hostvector,alt,1.0,0.3,0.319091,2.111567,1.169293,-0.020119,0.159425,0.52276,0.299261
GUATEMALA,GUATEMALA,2014-06-29,nb,5,0.75,seir,central,1.0,0.3,0.319091,1.719933,0.517184,0.0498,0.123684,0.980217,0.399475
GUATEMALA,GUATEMALA,2014-06-29,nb,5,0.75,seir,alt,1.0,0.3,0.319091,1.753957,0.754354,0.038284,0.145654,1.261847,0.657369
GUATEMALA,GUATEMALA,2014-06-29,nb,5,0.75,hostvector_tempmort,central,1.0,0.3,0.319091,1.325718,0.660967,0.002685,0.116716,0.344399,0.130934
GUATEMALA,GUATEMALA,2014-06-29,nb,5,0.75,hostvector_tempmort,alt,1.0,0.3,0.319091,1.714105,1.111199,-0.010352,0.157773,0.375272,0.196509
GUATEMALA,GUATEMALA,2014-06-29,nb,7,1.0,hostvector,central,1.0,0.3,0.319091,2.235764,0.851865,-0.075673,0.117159,0.806028,0.311541
GUATEMALA,GUATEMALA,2014-06-29,nb,7,1.0,hostvector,alt,1.0,0.3,0.319091,2.993504,1.217217,-0.076229,0.170115,1.234541,0.717102
GUATEMALA,GUATEMALA,2014-06-29,nb,7,1.0,seir,central,1.0,0.3,0.319091,2.05656,0.894531,-0.06585,0.10825,1.39858,0.708775
GUATEMALA,GUATEMALA,2014-06-29,nb,7,1.0,seir,alt,1.0,0.3,0.319091,2.105175,0.87651,-0.084977,0.109949,1.825624,0.909691
GUATEMALA,GUATEMALA,2014-06-29,nb,7,1.0,hostvector_tempmort,central,1.0,0.3,0.319091,1.742526,0.572138,-0.068347,0.10145,0.526858,0.154674
GUATEMALA,GUATEMALA,2014-06-29,nb,7,1.0,hostvector_tempmort,alt,1.0,0.3,0.319091,2.385813,1.001543,-0.094412,0.139199,0.734944,0.331554
GUATEMALA,GUATEMALA,2014-06-29,nb,7,0.75,hostvector,central,1.0,0.3,0.319091,1.671296,1.114224,-0.093129,0.127853,0.465951,0.205572
GUATEMALA,GUATEMALA,2014-06-29,nb,7,0.75,hostvector,alt,1.0,0.3,0.319091,2.20399,0.811137,-0.129212,0.119597,0.58613,0.306448
GUATEMALA,GUATEMALA,2014-06-29,nb,7,0.75,seir,central,1.0,0.3,0.319091,1.654647,1.213517,-0.070131,0.129077,0.941216,0.648003
GUATEMALA,GUATEMALA,2014-06-29,nb,7,0.75,seir,alt,1.0,0.3,0.319091,1.707765,1.318279,-0.081157,0.134486,1.234104,0.928166
GUATEMALA,GUATEMALA,2014-06-29,nb,7,0.75,hostvector_tempmort,central,1.0,0.3,0.319091,1.306442,1.027384,-0.077634,0.117296,0.343193,0.136218
GUATEMALA,GUATEMALA,2014-06-29,nb,7,0.75,hostvector_tempmort,alt,1.0,0.3,0.319091,1.745784,1.301221,-0.108062,0.140892,0.394928,0.192045
GUATEMALA,GUATEMALA,2014-06-29,poisson,3,1.0,hostvector,central,1.0,0.3,0.319091,2.102178,1.404804,0.233932,0.104831,0.666604,0.572642
GUATEMALA,GUATEMALA,2014-06-29,poisson,3,1.0,hostvector,alt,1.0,0.3,0.319091,2.497339,1.745622,0.265318,0.124445,0.724818,0.767177
GUATEMALA,GUATEMALA,2014-06-29,poisson,3,1.0,seir,central,1.0,0.3,0.319091,2.200733,,0.268637,,1.482045,
GUATEMALA,GUATEMALA,2014-06-29,poisson,3,1.0,seir,alt,1.0,0.3,0.319091,2.175542,1.512888,0.268126,0.101176,1.795915,1.891447
GUATEMALA,GUATEMALA,2014-06-29,poisson,3,1.0,hostvector_tempmort,central,1.0,0.3,0.319091,1.838785,0.532424,0.2297,0.113511,0.543621,0.272803
GUATEMALA,GUATEMALA,2014-06-29,poisson,3,1.0,hostvector_tempmort,alt,1.0,0.3,0.319091,2.207234,,0.261471,,0.577195,
GUATEMALA,GUATEMALA,2014-06-29,poisson,3,0.75,hostvector,central,1.0,0.3,0.319091,2.075399,1.719736,0.231079,0.124826,0.650239,0.685611
GUATEMALA,GUATEMALA,2014-06-29,poisson,3,0.75,hostvector,alt,1.0,0.3,0.319091,2.440684,2.09688,0.259197,0.148647,0.688013,0.87516
GUATEMALA,GUATEMALA,2014-06-29,poisson,3,0.75,seir,central,1.0,0.3,0.319091,2.199073,1.748533,0.268826,0.117068,1.479682,1.805318
GUATEMALA,GUATEMALA,2014-06-29,poisson,3,0.75,seir,alt,1.0,0.3,0.319091,2.169362,1.860324,0.267885,0.120247,1.785575,2.318186
GUATEMALA,GUATEMALA,2014-06-29,poisson,3,0.75,hostvector_tempmort,central,1.0,0.3,0.319091,1.831217,1.630371,0.229092,0.120664,0.539788,0.537945
GUATEMALA,GUATEMALA,2014-06-29,poisson,3,0.75,hostvector_tempmort,alt,1.0,0.3,0.319091,2.179854,2.031172,0.258677,0.143247,0.562766,0.690557
GUATEMALA,GUATEMALA,2014-06-29,poisson,5,1.0,hostvector,central,1.0,0.3,0.319091,1.355871,0.704555,0.045149,0.095761,0.334589,0.168868
GUATEMALA,GUATEMALA,2014-06-29,poisson,5,1.0,hostvector,alt,1.0,0.3,0.319091,1.664953,,0.047851,,0.336518,
GUATEMALA,GUATEMALA,2014-06-29,poisson,5,1.0,seir,central,1.0,0.3,0.319091,1.417437,0.500731,0.079243,0.094101,0.724729,0.329258
GUATEMALA,GUATEMALA,2014-06-29,poisson,5,1.0,seir,alt,1.0,0.3,0.319091,1.418784,1.568581,0.074002,0.107122,0.903086,0.927401
GUATEMALA,GUATEMALA,2014-06-29,poisson,5,1.0,hostvector_tempmort,central,1.0,0.3,0.319091,1.093631,1.271507,0.048626,0.096264,0.273104,0.18356
GUATEMALA,GUATEMALA,2014-06-29,poisson,5,1.0,hostvector_tempmort,alt,1.0,0.3,0.319091,1.363028,1.528522,0.050916,0.116862,0.264994,0.204181
GUATEMALA,GUATEMALA,2014-06-29,poisson,5,0.75,hostvector,central,1.0,0.3,0.319091,1.26174,1.765319,0.044983,0.119179,0.306098,0.284704
GUATEMALA,GUATEMALA,2014-06-29,poisson,5,0.75,hostvector,alt,1.0,0.3,0.319091,1.532601,0.798182,0.047472,0.135385,0.297166,0.218867
GUATEMALA,GUATEMALA,2014-06-29,poisson,5,0.75,seir,central,1.0,0.3,0.319091,1.35408,0.548879,0.080438,0.108235,0.682554,0.36637
GUATEMALA,GUATEMALA,2014-06-29,poisson,5,0.75,seir,alt,1.0,0.3,0.319091,1.351868,2.07265,0.075896,0.127635,0.847768,1.155064
GUATEMALA,GUATEMALA,2014-06-29,poisson,5,0.75,hostvector_tempmort,central,1.0,0.3,0.319091,1.023389,,0.04844,,0.255491,
GUATEMALA,GUATEMALA,2014-06-29,poisson,5,0.75,hostvector_tempmort,alt,1.0,0.3,0.319091,1.26612,2.035685,0.050854,0.137677,0.241808,0.24347
GUATEMALA,GUATEMALA,2014-06-29,poisson,7,1.0,hostvector,central,1.0,0.3,0.319091,1.520535,1.666899,-0.053125,0.11875,0.398164,0.31854
GUATEMALA,GUATEMALA,2014-06-29,poisson,7,1.0,hostvector,alt,1.0,0.3,0.319091,1.914586,2.076345,-0.068321,0.145743,0.436585,0.423156
GUATEMALA,GUATEMALA,2014-06-29,poisson,7,1.0,seir,central,1.0,0.3,0.319091,1.617662,1.797019,-0.054861,0.115439,0.896678,1.028021
GUATEMALA,GUATEMALA,2014-06-29,poisson,7,1.0,seir,alt,1.0,0.3,0.319091,1.691597,1.910588,-0.069526,0.119194,1.200555,1.475461
GUATEMALA,GUATEMALA,2014-06-29,poisson,7,1.0,hostvector_tempmort,central,1.0,0.3,0.319091,1.215741,1.560821,-0.045569,0.11146,0.311421,0.230508
GUATEMALA,GUATEMALA,2014-06-29,poisson,7,1.0,hostvector_tempmort,alt,1.0,0.3,0.319091,1.556642,1.944308,-0.060055,0.135908,0.324987,0.287808
GUATEMALA,GUATEMALA,2014-06-29,poisson,7,0.75,hostvector,central,1.0,0.3,0.319091,1.400631,2.130334,-0.044475,0.138983,0.354721,0.36143
GUATEMALA,GUATEMALA,2014-06-29,poisson,7,0.75,hostvector,alt,1.0,0.3,0.319091,1.737164,2.595723,-0.056393,0.16877,0.368188,0.435786
GUATEMALA,GUATEMALA,2014-06-29,poisson,7,0.75,seir,central,1.0,0.3,0.319091,1.545369,2.306017,-0.048595,0.136478,0.836501,1.239961
GUATEMALA,GUATEMALA,2014-06-29,poisson,7,0.75,seir,alt,1.0,0.3,0.319091,1.622798,2.456808,-0.063242,0.140859,1.123899,1.789124
GUATEMALA,GUATEMALA,2014-06-29,poisson,7,0.75,hostvector_tempmort,central,1.0,0.3,0.319091,1.128311,2.014773,-0.039141,0.131418,0.286207,0.273551
GUATEMALA,GUATEMALA,2014-06-29,poisson,7,0.75,hostvector_tempmort,alt,1.0,0.3,0.319091,1.431063,2.46666,-0.051157,0.159274,0.287944,0.318802
HONDURAS,HONDURAS,2018-09-02,nb,3,1.0,hostvector,central,1.0,0.3,0.203092,1.032323,,0.292002,,0.207818,
HONDURAS,HONDURAS,2018-09-02,nb,3,1.0,hostvector,alt,1.0,0.3,0.203092,1.25389,0.289618,0.346199,0.059339,0.18413,0.056297
HONDURAS,HONDURAS,2018-09-02,nb,3,1.0,seir,central,1.0,0.3,0.203092,1.165124,0.260369,0.274708,0.064505,0.496805,0.139252
HONDURAS,HONDURAS,2018-09-02,nb,3,1.0,seir,alt,1.0,0.3,0.203092,1.212729,0.257754,0.273376,0.063473,0.645775,0.175774
HONDURAS,HONDURAS,2018-09-02,nb,3,1.0,hostvector_tempmort,central,1.0,0.3,0.203092,0.959223,0.214515,0.286106,0.044817,0.200871,0.042308
HONDURAS,HONDURAS,2018-09-02,nb,3,1.0,hostvector_tempmort,alt,1.0,0.3,0.203092,1.175856,,0.338352,,0.177587,
HONDURAS,HONDURAS,2018-09-02,nb,3,0.75,hostvector,central,1.0,0.3,0.203092,0.518328,0.670436,0.27826,0.060268,0.140056,0.078521
HONDURAS,HONDURAS,2018-09-02,nb,3,0.75,hostvector,alt,1.0,0.3,0.203092,0.591974,,0.327569,,0.110975,
HONDURAS,HONDURAS,2018-09-02,nb,3,0.75,seir,central,1.0,0.3,0.203092,0.991242,0.724013,0.271364,0.07066,0.433228,0.250566
HONDURAS,HONDURAS,2018-09-02,nb,3,0.75,seir,alt,1.0,0.3,0.203092,1.109718,0.749636,0.272378,0.070549,0.594136,0.349087
HONDURAS,HONDURAS,2018-09-02,nb,3,0.75,hostvector_tempmort,central,1.0,0.3,0.203092,0.420075,0.660395,0.271942,0.063185,0.132723,0.073045
HONDURAS,HONDURAS,2018-09-02,nb,3,0.75,hostvector_tempmort,alt,1.0,0.3,0.203092,0.509512,0.781929,0.319887,0.037602,0.106603,0.064382
HONDURAS,HONDURAS,2018-09-02,nb,5,1.0,hostvector,central,1.0,0.3,0.203092,1.873354,0.332038,0.185617,0.040603,0.516016,0.149861
HONDURAS,HONDURAS,2018-09-02,nb,5,1.0,hostvector,alt,1.0,0.3,0.203092,2.245664,0.460774,0.228372,0.046217,0.530703,0.206729
HONDURAS,HONDURAS,2018-09-02,nb,5,1.0,seir,central,1.0,0.3,0.203092,1.9717,0.281658,0.152521,0.047074,1.195819,0.295662
HONDURAS,HONDURAS,2018-09-02,nb,5,1.0,seir,alt,1.0,0.3,0.203092,1.997886,0.289043,0.149343,0.047534,1.528558,0.381747
HONDURAS,HONDURAS,2018-09-02,nb,5,1.0,hostvector_tempmort,central,1.0,0.3,0.203092,1.777951,0.324003,0.182275,0.040617,0.487392,0.138657
HONDURAS,HONDURAS,2018-09-02,nb,5,1.0,hostvector_tempmort,alt,1.0,0.3,0.203092,2.146011,0.446648,0.222661,0.045948,0.500891,0.190167
HONDURAS,HONDURAS,2018-09-02,nb,5,0.75,hostvector,central,1.0,0.3,0.203092,1.155867,0.819979,0.151845,0.051929,0.30495,0.198288
HONDURAS,HONDURAS,2018-09-02,nb,5,0.75,hostvector,alt,1.0,0.3,0.203092,1.257802,1.010683,0.176395,0.059565,0.261541,0.210338
HONDURAS,HONDURAS,2018-09-02,nb,5,0.75,seir,central,1.0,0.3,0.203092,1.597479,0.86829,0.137329,0.058411,0.903387,0.606791
HONDURAS,HONDURAS,2018-09-02,nb,5,0.75,seir,alt,1.0,0.3,0.203092,1.600497,0.918049,0.134508,0.059867,1.134214,0.800412
HONDURAS,HONDURAS,2018-09-02,nb,5,0.75,hostvector_tempmort,central,1.0,0.3,0.203092,1.043563,0.813393,0.149337,0.051473,0.283688,0.183111
HONDURAS,HONDURAS,2018-09-02,nb,5,0.75,hostvector_tempmort,alt,1.0,0.3,0.203092,1.153744,1.001384,0.173241,0.059033,0.244692,0.195065
HONDURAS,HONDURAS,2018-09-02,nb,7,1.0,hostvector,central,1.0,0.3,0.203092,2.239942,0.631668,0.146501,0.05261,0.740051,0.367852
HONDURAS,HONDURAS,2018-09-02,nb,7,1.0,hostvector,alt,1.0,0.3,0.203092,2.247812,0.883076,0.158895,0.071067,0.575633,0.396322
HONDURAS,HONDURAS,2018-09-02,nb,7,1.0,seir,central,1.0,0.3,0.203092,2.40122,0.404784,0.096385,0.047019,1.887795,0.600428
HONDURAS,HONDURAS,2018-09-02,nb,7,1.0,seir,alt,1.0,0.3,0.203092,2.378826,0.420397,0.092161,0.048446,2.3193,0.761563
HONDURAS,HONDURAS,2018-09-02,nb,7,1.0,hostvector_tempmort,central,1.0,0.3,0.203092,2.175441,0.616061,0.144107,0.051388,0.717711,0.348605
HONDURAS,HONDURAS,2018-09-02,nb,7,1.0,hostvector_tempmort,alt,1.0,0.3,0.203092,2.200338,0.862225,0.156815,0.069216,0.565771,0.380869
HONDURAS,HONDURAS,2018-09-02,nb,7,0.75,hostvector,central,1.0,0.3,0.203092,1.268525,1.06044,0.066101,0.057006,0.382752,0.316441
HONDURAS,HONDURAS,2018-09-02,nb,7,0.75,hostvector,alt,1.0,0.3,0.203092,1.369357,1.278981,0.074452,0.065792,0.334548,0.333916
HONDURAS,HONDURAS,2018-09-02,nb,7,0.75,seir,central,1.0,0.3,0.203092,1.442838,1.117129,0.05524,0.062984,0.911011,0.786028
HONDURAS,HONDURAS,2018-09-02,nb,7,0.75,seir,alt,1.0,0.3,0.203092,1.315066,1.173856,0.049264,0.065373,1.031565,0.933812
HONDURAS,HONDURAS,2018-09-02,nb,7,0.75,hostvector_tempmort,central,1.0,0.3,0.203092,1.158997,1.05254,0.064759,0.056471,0.356431,0.292632
HONDURAS,HONDURAS,2018-09-02,nb,7,0.75,hostvector_tempmort,alt,1.0,0.3,0.203092,1.265627,1.268016,0.072798,0.065161,0.312622,0.3095
HONDURAS,HONDURAS,2018-09-02,poisson,3,1.0,hostvector,central,1.0,0.3,0.203092,1.012594,,0.290621,,0.20546,
HONDURAS,HONDURAS,2018-09-02,poisson,3,1.0,hostvector,alt,1.0,0.3,0.203092,1.220659,,0.342952,,0.180577,
HONDURAS,HONDURAS,2018-09-02,poisson,3,1.0,seir,central,1.0,0.3,0.203092,1.069555,0.273531,0.300201,0.069924,0.435243,0.149832
HONDURAS,HONDURAS,2018-09-02,poisson,3,1.0,seir,alt,1.0,0.3,0.203092,1.112053,0.266068,0.30179,0.068612,0.558833,0.185444
HONDURAS,HONDURAS,2018-09-02,poisson,3,1.0,hostvector_tempmort,central,1.0,0.3,0.203092,0.941465,,0.284903,,0.198853,
HONDURAS,HONDURAS,2018-09-02,poisson,3,1.0,hostvector_tempmort,alt,1.0,0.3,0.203092,1.146564,0.268415,0.335565,0.077249,0.174594,0.065186
HONDURAS,HONDURAS,2018-09-02,poisson,3,0.75,hostvector,central,1.0,0.3,0.203092,0.755471,0.640247,0.284599,0.070051,0.168668,0.097804
HONDURAS,HONDURAS,2018-09-02,poisson,3,0.75,hostvector,alt,1.0,0.3,0.203092,0.89442,0.772072,0.334556,0.080021,0.140776,0.098221
HONDURAS,HONDURAS,2018-09-02,poisson,3,0.75,seir,central,1.0,0.3,0.203092,0.88607,0.679243,0.296499,0.030724,0.377884,0.204284
HONDURAS,HONDURAS,2018-09-02,poisson,3,0.75,seir,alt,1.0,0.3,0.203092,0.961913,0.703922,0.299228,0.069983,0.497556,0.298283
HONDURAS,HONDURAS,2018-09-02,poisson,3,0.75,hostvector_tempmort,central,1.0,0.3,0.203092,0.65469,0.63272,0.278389,0.067895,0.159517,0.090871
HONDURAS,HONDURAS,2018-09-02,poisson,3,0.75,hostvector_tempmort,alt,1.0,0.3,0.203092,0.809762,0.765474,0.327086,0.07903,0.134968,0.093223
HONDURAS,HONDURAS,2018-09-02,poisson,5,1.0,hostvector,central,1.0,0.3,0.203092,1.919444,0.394168,0.148626,0.036622,0.557965,0.198658
HONDURAS,HONDURAS,2018-09-02,poisson,5,1.0,hostvector,alt,1.0,0.3,0.203092,2.21061,0.503158,0.190076,0.042368,0.533377,0.234752
HONDURAS,HONDURAS,2018-09-02,poisson,5,1.0,seir,central,1.0,0.3,0.203092,2.135252,0.339556,0.095571,0.04565,1.4983,0.498243
HONDURAS,HONDURAS,2018-09-02,poisson,5,1.0,seir,alt,1.0,0.3,0.203092,2.17977,0.348011,0.089522,0.046009,1.959512,0.66043
HONDURAS,HONDURAS,2018-09-02,poisson,5,1.0,hostvector_tempmort,central,1.0,0.3,0.203092,1.831381,0.391228,0.144277,0.036751,0.531524,0.18878
HONDURAS,HONDURAS,2018-09-02,poisson,5,1.0,hostvector_tempmort,alt,1.0,0.3,0.203092,2.123964,0.497884,0.18377,0.042136,0.509861,0.223014
HONDURAS,HONDURAS,2018-09-02,poisson,5,0.75,hostvector,central,1.0,0.3,0.203092,1.42843,0.883918,0.100125,0.054479,0.416123,0.306968
HONDURAS,HONDURAS,2018-09-02,poisson,5,0.75,hostvector,alt,1.0,0.3,0.203092,1.56912,1.10866,0.120364,0.063827,0.369986,0.341859
HONDURAS,HONDURAS,2018-09-02,poisson,5,0.75,seir,central,1.0,0.3,0.203092,1.6707,0.931068,0.080269,0.05644,1.061268,0.810091
HONDURAS,HONDURAS,2018-09-02,poisson,5,0.75,seir,alt,1.0,0.3,0.203092,1.64722,1.007033,0.075247,0.057143,1.312497,1.074895
HONDURAS,HONDURAS,2018-09-02,poisson,5,0.75,hostvector_tempmort,central,1.0,0.3,0.203092,1.316521,0.8768,0.097231,0.054024,0.387645,0.283733
HONDURAS,HONDURAS,2018-09-02,poisson,5,0.75,hostvector_tempmort,alt,1.0,0.3,0.203092,1.471007,1.097455,0.116575,0.063253,0.348397,0.31868
HONDURAS,HONDURAS,2018-09-02,poisson,7,1.0,hostvector,central,1.0,0.3,0.203092,2.058973,0.623778,0.084682,0.045667,0.684572,0.342673
HONDURAS,HONDURAS,2018-09-02,poisson,7,1.0,hostvector,alt,1.0,0.3,0.203092,2.157141,0.827302,0.10384,0.059021,0.571107,0.375645
HONDURAS,HONDURAS,2018-09-02,poisson,7,1.0,seir,central,1.0,0.3,0.203092,2.456982,0.431003,0.023454,0.039788,2.230997,0.801708
HONDURAS,HONDURAS,2018-09-02,poisson,7,1.0,seir,alt,1.0,0.3,0.203092,2.451259,0.447182,0.017975,0.041045,2.792748,1.036811
HONDURAS,HONDURAS,2018-09-02,poisson,7,1.0,hostvector_tempmort,central,1.0,0.3,0.203092,1.986086,0.614354,0.081623,0.044778,0.660015,0.326053
HONDURAS,HONDURAS,2018-09-02,poisson,7,1.0,hostvector_tempmort,alt,1.0,0.3,0.203092,2.091227,0.8132,0.099911,0.057683,0.554073,0.358825
HONDURAS,HONDURAS,2018-09-02,poisson,7,0.75,hostvector,central,1.0,0.3,0.203092,1.824266,1.07014,-0.007067,0.048833,0.684794,0.584727
HONDURAS,HONDURAS,2018-09-02,poisson,7,0.75,hostvector,alt,1.0,0.3,0.203092,2.105191,1.342057,-0.009677,0.057304,0.700118,0.750965
HONDURAS,HONDURAS,2018-09-02,poisson,7,0.75,seir,central,1.0,0.3,0.203092,1.66716,1.117187,-0.017394,0.051077,1.256247,1.109605
HONDURAS,HONDURAS,2018-09-02,poisson,7,0.75,seir,alt,1.0,0.3,0.203092,1.552109,1.203888,-0.021476,0.052756,1.434837,1.365073
HONDURAS,HONDURAS,2018-09-02,poisson,7,0.75,hostvector_tempmort,central,1.0,0.3,0.203092,1.693892,1.056145,-0.007822,0.048264,0.626645,0.528029
HONDURAS,HONDURAS,2018-09-02,poisson,7,0.75,hostvector_tempmort,alt,1.0,0.3,0.203092,1.980583,1.320896,-0.010695,0.056618,0.643105,0.678903
EL SALVADOR,EL SALVADOR,2014-03-16,nb,3,1.0,hostvector,central,1.0,0.3,0.156702,1.36277,0.484876,0.366143,0.035476,0.174066,0.020366
EL SALVADOR,EL SALVADOR,2014-03-16,nb,3,1.0,hostvector,alt,1.0,0.3,0.156702,1.630645,0.525197,0.436331,0.042495,0.146303,0.018288
EL SALVADOR,EL SALVADOR,2014-03-16,nb,3,1.0,seir,central,1.0,0.3,0.156702,1.253304,0.594617,0.358971,0.03821,0.34971,0.050375
EL SALVADOR,EL SALVADOR,2014-03-16,nb,3,1.0,seir,alt,1.0,0.3,0.156702,1.176386,0.591873,0.361536,0.038541,0.430964,0.061879
EL SALVADOR,EL SALVADOR,2014-03-16,nb,3,1.0,hostvector_tempmort,central,1.0,0.3,0.156702,1.46142,0.476549,0.355392,0.034508,0.183963,0.021166
EL SALVADOR,EL SALVADOR,2014-03-16,nb,3,1.0,hostvector_tempmort,alt,1.0,0.3,0.156702,1.677948,0.515178,0.420476,0.04097,0.152774,0.018791
EL SALVADOR,EL SALVADOR,2014-03-16,nb,3,0.75,hostvector,central,1.0,0.3,0.156702,1.908829,0.87431,0.337566,0.052779,0.190633,0.031407
EL SALVADOR,EL SALVADOR,2014-03-16,nb,3,0.75,hostvector,alt,1.0,0.3,0.156702,2.232299,0.959436,0.400419,0.062347,0.161492,0.028589
EL SALVADOR,EL SALVADOR,2014-03-16,nb,3,0.75,seir,central,1.0,0.3,0.156702,1.869169,1.095592,0.330924,0.06101,0.388055,0.08164
EL SALVADOR,EL SALVADOR,2014-03-16,nb,3,0.75,seir,alt,1.0,0.3,0.156702,1.841012,1.102856,0.329788,0.060429,0.482494,0.102505
EL SALVADOR,EL SALVADOR,2014-03-16,nb,3,0.75,hostvector_tempmort,central,1.0,0.3,0.156702,2.016794,0.644026,0.326225,0.047943,0.201913,0.025733
EL SALVADOR,EL SALVADOR,2014-03-16,nb,3,0.75,hostvector_tempmort,alt,1.0,0.3,0.156702,2.293554,0.885313,0.384207,0.050343,0.169197,0.029257
EL SALVADOR,EL SALVADOR,2014-03-16,nb,5,1.0,hostvector,central,1.0,0.3,0.156702,0.309902,0.468186,0.325753,0.039619,0.142839,0.017338
EL SALVADOR,EL SALVADOR,2014-03-16,nb,5,1.0,hostvector,alt,1.0,0.3,0.156702,0.454061,0.516452,0.378534,0.046268,0.117722,0.015576
EL SALVADOR,EL SALVADOR,2014-03-16,nb,5,1.0,seir,central,1.0,0.3,0.156702,0.0,,0.334175,,0.275846,
EL SALVADOR,EL SALVADOR,2014-03-16,nb,5,1.0,seir,alt,1.0,0.3,0.156702,0.0,0.546942,0.340363,0.044379,0.346933,0.04965
EL SALVADOR,EL SALVADOR,2014-03-16,nb,5,1.0,hostvector_tempmort,central,1.0,0.3,0.156702,0.444336,0.457611,0.317756,0.03844,0.151943,0.018006
EL SALVADOR,EL SALVADOR,2014-03-16,nb,5,1.0,hostvector_tempmort,alt,1.0,0.3,0.156702,0.550265,0.50477,0.366966,0.044675,0.123954,0.016037
EL SALVADOR,EL SALVADOR,2014-03-16,nb,5,0.75,hostvector,central,1.0,0.3,0.156702,0.440426,1.771842,0.323765,0.092184,0.144531,0.047085
EL SALVADOR,EL SALVADOR,2014-03-16,nb,5,0.75,hostvector,alt,1.0,0.3,0.156702,0.516736,2.025692,0.380583,0.109452,0.117163,0.04329
EL SALVADOR,EL SALVADOR,2014-03-16,nb,5,0.75,seir,central,1.0,0.3,0.156702,0.661294,2.229315,0.302316,0.11042,0.306101,0.124299
EL SALVADOR,EL SALVADOR,2014-03-16,nb,5,0.75,seir,alt,1.0,0.3,0.156702,0.590477,2.261072,0.299912,0.110077,0.377439,0.156262
EL SALVADOR,EL SALVADOR,2014-03-16,nb,5,0.75,hostvector_tempmort,central,1.0,0.3,0.156702,0.64622,1.762546,0.311181,0.090425,0.155782,0.050313
EL SALVADOR,EL SALVADOR,2014-03-16,nb,5,0.75,hostvector_tempmort,alt,1.0,0.3,0.156702,0.688957,2.014086,0.36371,0.106433,0.125175,0.045889
EL SALVADOR,EL SALVADOR,2014-03-16,nb,7,1.0,hostvector,central,1.0,0.3,0.156702,0.0,0.617721,0.316897,0.05971,0.139231,0.023692
EL SALVADOR,EL SALVADOR,2014-03-16,nb,7,1.0,hostvector,alt,1.0,0.3,0.156702,0.0,0.000651,0.350834,0.036211,0.111212,0.002068
EL SALVADOR,EL SALVADOR,2014-03-16,nb,7,1.0,seir,central,1.0,0.3,0.156702,0.0,0.001263,0.367818,0.051954,0.295382,0.009199
EL SALVADOR,EL SALVADOR,2014-03-16,nb,7,1.0,seir,alt,1.0,0.3,0.156702,0.0,0.606492,0.366668,0.069781,0.370345,0.061875
EL SALVADOR,EL SALVADOR,2014-03-16,nb,7,1.0,hostvector_tempmort,central,1.0,0.3,0.156702,1e-06,0.608824,0.298116,0.057897,0.142513,0.023858
EL SALVADOR,EL SALVADOR,2014-03-16,nb,7,1.0,hostvector_tempmort,alt,1.0,0.3,0.156702,1e-06,0.693001,0.332008,0.066159,0.113791,0.021515
EL SALVADOR,EL SALVADOR,2014-03-16,nb,7,0.75,hostvector,central,1.0,0.3,0.156702,0.367564,0.873599,0.239247,0.063986,0.140856,0.031285
EL SALVADOR,EL SALVADOR,2014-03-16,nb,7,0.75,hostvector,alt,1.0,0.3,0.156702,0.428149,3.200484,0.276425,0.148844,0.114062,0.066667
EL SALVADOR,EL SALVADOR,2014-03-16,nb,7,0.75,seir,central,1.0,0.3,0.156702,0.258583,2.761445,0.233725,0.125107,0.279617,0.146143
EL SALVADOR,EL SALVADOR,2014-03-16,nb,7,0.75,seir,alt,1.0,0.3,0.156702,0.188596,1.066458,0.226558,0.070504,0.343216,0.092634
EL SALVADOR,EL SALVADOR,2014-03-16,nb,7,0.75,hostvector_tempmort,central,1.0,0.3,0.156702,0.561588,0.841487,0.233701,0.061457,0.151959,0.03283
EL SALVADOR,EL SALVADOR,2014-03-16,nb,7,0.75,hostvector_tempmort,alt,1.0,0.3,0.156702,0.595147,3.09281,0.268225,0.143524,0.122037,0.069017
EL SALVADOR,EL SALVADOR,2014-03-16,poisson,3,1.0,hostvector,central,1.0,0.3,0.156702,2.793102,1.042177,0.55316,0.098564,0.241235,0.05867
EL SALVADOR,EL SALVADOR,2014-03-16,poisson,3,1.0,hostvector,alt,1.0,0.3,0.156702,3.300172,1.122207,0.660144,0.116634,0.210428,0.052935
EL SALVADOR,EL SALVADOR,2014-03-16,poisson,3,1.0,seir,central,1.0,0.3,0.156702,2.767302,1.226588,0.551683,0.10394,0.503406,0.148351
EL SALVADOR,EL SALVADOR,2014-03-16,poisson,3,1.0,seir,alt,1.0,0.3,0.156702,2.799225,1.233569,0.56117,0.105574,0.636362,0.188224
EL SALVADOR,EL SALVADOR,2014-03-16,poisson,3,1.0,hostvector_tempmort,central,1.0,0.3,0.156702,2.875885,1.028646,0.539172,0.096528,0.254453,0.061275
EL SALVADOR,EL SALVADOR,2014-03-16,poisson,3,1.0,hostvector_tempmort,alt,1.0,0.3,0.156702,3.345409,1.111115,0.640749,0.113781,0.22049,0.055317
EL SALVADOR,EL SALVADOR,2014-03-16,poisson,3,0.75,hostvector,central,1.0,0.3,0.156702,2.901729,0.748738,0.47519,0.071804,0.238127,0.037201
EL SALVADOR,EL SALVADOR,2014-03-16,poisson,3,0.75,hostvector,alt,1.0,0.3,0.156702,3.313653,0.799582,0.555207,0.081577,0.203387,0.032937
EL SALVADOR,EL SALVADOR,2014-03-16,poisson,3,0.75,seir,central,1.0,0.3,0.156702,2.971829,0.944674,0.485741,0.083229,0.503068,0.099515
EL SALVADOR,EL SALVADOR,2014-03-16,poisson,3,0.75,seir,alt,1.0,0.3,0.156702,2.941534,0.97583,0.485174,0.076993,0.625073,0.126848
EL SALVADOR,EL SALVADOR,2014-03-16,poisson,3,0.75,hostvector_tempmort,central,1.0,0.3,0.156702,2.988032,0.747353,0.462437,0.071137,0.251252,0.039078
EL SALVADOR,EL SALVADOR,2014-03-16,poisson,3,0.75,hostvector_tempmort,alt,1.0,0.3,0.156702,3.363407,0.807065,0.538117,0.080518,0.213033,0.034716
EL SALVADOR,EL SALVADOR,2014-03-16,poisson,5,1.0,hostvector,central,1.0,0.3,0.156702,0.0,0.914829,0.317409,0.088152,0.13343,0.032006
EL SALVADOR,EL SALVADOR,2014-03-16,poisson,5,1.0,hostvector,alt,1.0,0.3,0.156702,0.0,0.969143,0.352109,0.101879,0.106385,0.026938
EL SALVADOR,EL SALVADOR,2014-03-16,poisson,5,1.0,seir,central,1.0,0.3,0.156702,0.0,0.995172,0.372528,0.096384,0.28011,0.073679
EL SALVADOR,EL SALVADOR,2014-03-16,poisson,5,1.0,seir,alt,1.0,0.3,0.156702,0.0,0.997807,0.385463,0.098503,0.352074,0.092597
EL SALVADOR,EL SALVADOR,2014-03-16,poisson,5,1.0,hostvector_tempmort,central,1.0,0.3,0.156702,0.0,0.903273,0.300324,0.086053,0.136869,0.032402
EL SALVADOR,EL SALVADOR,2014-03-16,poisson,5,1.0,hostvector_tempmort,alt,1.0,0.3,0.156702,0.0,1.015609,0.335345,0.099322,0.109049,0.028758
EL SALVADOR,EL SALVADOR,2014-03-16,poisson,5,0.75,hostvector,central,1.0,0.3,0.156702,0.663362,1.176967,0.375991,0.106073,0.147109,0.031802
EL SALVADOR,EL SALVADOR,2014-03-16,poisson,5,0.75,hostvector,alt,1.0,0.3,0.156702,0.776391,1.297361,0.439553,0.12236,0.119138,0.027848
EL SALVADOR,EL SALVADOR,2014-03-16,poisson,5,0.75,seir,central,1.0,0.3,0.156702,0.505972,,0.373658,,0.291571,
EL SALVADOR,EL SALVADOR,2014-03-16,poisson,5,0.75,seir,alt,1.0,0.3,0.156702,0.410643,1.525385,0.365584,0.128788,0.356311,0.098493
EL SALVADOR,EL SALVADOR,2014-03-16,poisson,5,0.75,hostvector_tempmort,central,1.0,0.3,0.156702,0.80508,1.169498,0.366133,0.103742,0.156881,0.033672
EL SALVADOR,EL SALVADOR,2014-03-16,poisson,5,0.75,hostvector_tempmort,alt,1.0,0.3,0.156702,0.887254,1.287974,0.425427,0.119304,0.126078,0.029311
EL SALVADOR,EL SALVADOR,2014-03-16,poisson,7,1.0,hostvector,central,1.0,0.3,0.156702,0.0,0.882673,0.297251,0.105624,0.142293,0.03574
EL SALVADOR,EL SALVADOR,2014-03-16,poisson,7,1.0,hostvector,alt,1.0,0.3,0.156702,0.0,1.031589,0.323248,0.120495,0.114358,0.033114
EL SALVADOR,EL SALVADOR,2014-03-16,poisson,7,1.0,seir,central,1.0,0.3,0.156702,0.0,0.992445,0.345584,0.137701,0.30126,0.088114
EL SALVADOR,EL SALVADOR,2014-03-16,poisson,7,1.0,seir,alt,1.0,0.3,0.156702,0.0,0.389113,0.351218,0.150905,0.378118,0.053143
EL SALVADOR,EL SALVADOR,2014-03-16,poisson,7,1.0,hostvector_tempmort,central,1.0,0.3,0.156702,0.0,,0.283463,,0.145109,
EL SALVADOR,EL SALVADOR,2014-03-16,poisson,7,1.0,hostvector_tempmort,alt,1.0,0.3,0.156702,0.0,0.591746,0.310293,0.120253,0.116507,0.020537
EL SALVADOR,EL SALVADOR,2014-03-16,poisson,7,0.75,hostvector,central,1.0,0.3,0.156702,0.0,2.374278,0.319379,0.14325,0.130778,0.062343
EL SALVADOR,EL SALVADOR,2014-03-16,poisson,7,0.75,hostvector,alt,1.0,0.3,0.156702,0.0,0.570196,0.366095,0.133294,0.10437,0.014386
EL SALVADOR,EL SALVADOR,2014-03-16,poisson,7,0.75,seir,central,1.0,0.3,0.156702,0.0,0.756523,0.33123,0.135332,0.26891,0.045093
EL SALVADOR,EL SALVADOR,2014-03-16,poisson,7,0.75,seir,alt,1.0,0.3,0.156702,0.0,1.818089,0.323994,0.138024,0.336479,0.130469
EL SALVADOR,EL SALVADOR,2014-03-16,poisson,7,0.75,hostvector_tempmort,central,1.0,0.3,0.156702,0.0,0.70541,0.295372,0.105436,0.133731,0.024578
EL SALVADOR,EL SALVADOR,2014-03-16,poisson,7,0.75,hostvector_tempmort,alt,1.0,0.3,0.156702,0.0,2.589538,0.34105,0.155785,0.106686,0.054778
GUATEMALA,GUATEMALA,2019-04-28,nb,3,1.0,hostvector,central,1.0,0.3,0.310655,0.000117,0.920796,0.355079,0.058036,0.137751,0.104324
GUATEMALA,GUATEMALA,2019-04-28,nb,3,1.0,hostvector,alt,1.0,0.3,0.310655,0.32048,0.679502,0.47748,0.048498,0.138216,0.076378
GUATEMALA,GUATEMALA,2019-04-28,nb,3,1.0,seir,central,1.0,0.3,0.310655,1.424749,0.481828,0.111498,0.060319,0.944905,0.36277
GUATEMALA,GUATEMALA,2019-04-28,nb,3,1.0,seir,alt,1.0,0.3,0.310655,1.679686,0.46764,0.095809,0.058555,1.44894,0.537245
GUATEMALA,GUATEMALA,2019-04-28,nb,3,1.0,hostvector_tempmort,central,1.0,0.3,0.310655,0.142824,1.366204,0.278258,0.110545,0.160629,0.181035
GUATEMALA,GUATEMALA,2019-04-28,nb,3,1.0,hostvector_tempmort,alt,1.0,0.3,0.310655,0.250689,0.859768,0.400216,0.057287,0.13623,0.096151
GUATEMALA,GUATEMALA,2019-04-28,nb,3,0.75,hostvector,central,1.0,0.3,0.310655,1.35544,1.757495,0.14731,0.121139,0.433722,0.61724
GUATEMALA,GUATEMALA,2019-04-28,nb,3,0.75,hostvector,alt,1.0,0.3,0.310655,1.8e-05,0.459313,0.731074,0.132638,0.098596,0.036713
GUATEMALA,GUATEMALA,2019-04-28,nb,3,0.75,seir,central,1.0,0.3,0.310655,1.684129,1.407336,0.054134,0.067672,1.176287,1.311077
GUATEMALA,GUATEMALA,2019-04-28,nb,3,0.75,seir,alt,1.0,0.3,0.310655,1.921981,1.407088,0.051835,0.063498,1.774593,1.97328
GUATEMALA,GUATEMALA,2019-04-28,nb,3,0.75,hostvector_tempmort,central,1.0,0.3,0.310655,1.12816,1.762755,0.155221,0.124864,0.365858,0.522859
GUATEMALA,GUATEMALA,2019-04-28,nb,3,0.75,hostvector_tempmort,alt,1.0,0.3,0.310655,1e-06,0.456862,0.752064,0.131322,0.099583,0.036866
GUATEMALA,GUATEMALA,2019-04-28,nb,5,1.0,hostvector,central,1.0,0.3,0.310655,2.681477,0.407398,0.043599,0.039524,1.2799,0.403314
GUATEMALA,GUATEMALA,2019-04-28,nb,5,1.0,hostvector,alt,1.0,0.3,0.310655,3.953453,0.586175,0.064246,0.047134,2.879372,1.307955
GUATEMALA,GUATEMALA,2019-04-28,nb,5,1.0,seir,central,1.0,0.3,0.310655,2.102344,0.363876,0.009002,0.038667,1.641446,0.457172
GUATEMALA,GUATEMALA,2019-04-28,nb,5,1.0,seir,alt,1.0,0.3,0.310655,2.246956,0.37074,0.003688,0.037687,2.296911,0.65141
GUATEMALA,GUATEMALA,2019-04-28,nb,5,1.0,hostvector_tempmort,central,1.0,0.3,0.310655,2.126417,0.368641,0.037144,0.037744,0.83407,0.237926
GUATEMALA,GUATEMALA,2019-04-28,nb,5,1.0,hostvector_tempmort,alt,1.0,0.3,0.310655,3.260447,0.516588,0.048388,0.043578,1.68015,0.673372
GUATEMALA,GUATEMALA,2019-04-28,nb,5,0.75,hostvector,central,1.0,0.3,0.310655,2.293747,1.332296,0.020165,0.039945,0.944265,0.994705
GUATEMALA,GUATEMALA,2019-04-28,nb,5,0.75,hostvector,alt,1.0,0.3,0.310655,3.036124,1.50647,0.025019,0.042271,1.396729,1.662472
GUATEMALA,GUATEMALA,2019-04-28,nb,5,0.75,seir,central,1.0,0.3,0.310655,2.011019,1.411875,-0.010225,0.039812,1.533902,1.706278
GUATEMALA,GUATEMALA,2019-04-28,nb,5,0.75,seir,alt,1.0,0.3,0.310655,2.164497,1.415091,-0.009921,0.038273,2.162044,2.408122
GUATEMALA,GUATEMALA,2019-04-28,nb,5,0.75,hostvector_tempmort,central,1.0,0.3,0.310655,2.094798,1.325273,0.018574,0.040056,0.816166,0.855448
GUATEMALA,GUATEMALA,2019-04-28,nb,5,0.75,hostvector_tempmort,alt,1.0,0.3,0.310655,2.842649,1.500188,0.022769,0.042405,1.210417,1.434982
GUATEMALA,GUATEMALA,2019-04-28,nb,7,1.0,hostvector,central,1.0,0.3,0.310655,2.927239,0.37899,-0.01365,0.029334,1.538353,0.442513
GUATEMALA,GUATEMALA,2019-04-28,nb,7,1.0,hostvector,alt,1.0,0.3,0.310655,4.220028,0.561699,-0.001214,0.035802,3.530022,1.514179
GUATEMALA,GUATEMALA,2019-04-28,nb,7,1.0,seir,central,1.0,0.3,0.310655,2.317425,0.330005,-0.039537,0.028923,1.907842,0.472578
GUATEMALA,GUATEMALA,2019-04-28,nb,7,1.0,seir,alt,1.0,0.3,0.310655,2.4459,0.340693,-0.040933,0.028407,2.632369,0.674027
GUATEMALA,GUATEMALA,2019-04-28,nb,7,1.0,hostvector_tempmort,central,1.0,0.3,0.310655,2.364914,0.334313,-0.017073,0.027461,0.996638,0.252549
GUATEMALA,GUATEMALA,2019-04-28,nb,7,1.0,hostvector_tempmort,alt,1.0,0.3,0.310655,3.51522,0.485146,-0.011064,0.032401,2.03499,0.75362
GUATEMALA,GUATEMALA,2019-04-28,nb,7,0.75,hostvector,central,1.0,0.3,0.310655,2.608465,1.195372,-0.019401,0.027483,1.198632,1.124648
GUATEMALA,GUATEMALA,2019-04-28,nb,7,0.75,hostvector,alt,1.0,0.3,0.310655,3.253099,1.38941,-0.015303,0.029532,1.642672,1.793804
GUATEMALA,GUATEMALA,2019-04-28,nb,7,0.75,seir,central,1.0,0.3,0.310655,2.38558,1.273561,-0.042942,0.028679,2.022707,2.016374
GUATEMALA,GUATEMALA,2019-04-28,nb,7,0.75,seir,alt,1.0,0.3,0.310655,2.506878,1.287781,-0.041658,0.02819,2.777688,2.798065
GUATEMALA,GUATEMALA,2019-04-28,nb,7,0.75,hostvector_tempmort,central,1.0,0.3,0.310655,2.426896,1.179705,-0.021619,0.027486,1.049568,0.971631
GUATEMALA,GUATEMALA,2019-04-28,nb,7,0.75,hostvector_tempmort,alt,1.0,0.3,0.310655,3.074332,1.369641,-0.018192,0.029526,1.43855,1.547928
GUATEMALA,GUATEMALA,2019-04-28,poisson,3,1.0,hostvector,central,1.0,0.3,0.310655,1.534818,1.224615,0.250856,0.147348,0.475244,0.468102
GUATEMALA,GUATEMALA,2019-04-28,poisson,3,1.0,hostvector,alt,1.0,0.3,0.310655,0.222589,0.991893,0.525108,0.135234,0.124622,0.099137
GUATEMALA,GUATEMALA,2019-04-28,poisson,3,1.0,seir,central,1.0,0.3,0.310655,1.251143,0.818246,0.190036,0.117613,0.785664,0.504408
GUATEMALA,GUATEMALA,2019-04-28,poisson,3,1.0,seir,alt,1.0,0.3,0.310655,1.463205,0.848235,0.184996,0.118456,1.162425,0.769761
GUATEMALA,GUATEMALA,2019-04-28,poisson,3,1.0,hostvector_tempmort,central,1.0,0.3,0.310655,1.045661,1.306184,0.252583,0.15402,0.326041,0.34452
GUATEMALA,GUATEMALA,2019-04-28,poisson,3,1.0,hostvector_tempmort,alt,1.0,0.3,0.310655,0.112606,1.060964,0.495137,0.13902,0.116699,0.09977
GUATEMALA,GUATEMALA,2019-04-28,poisson,3,0.75,hostvector,central,1.0,0.3,0.310655,1.630906,2.233461,0.246819,0.179761,0.513131,0.910717
GUATEMALA,GUATEMALA,2019-04-28,poisson,3,0.75,hostvector,alt,1.0,0.3,0.310655,0.114256,0.97036,0.665527,0.232347,0.109807,0.084686
GUATEMALA,GUATEMALA,2019-04-28,poisson,3,0.75,seir,central,1.0,0.3,0.310655,1.194569,2.097096,0.190168,0.16368,0.750798,1.229962
GUATEMALA,GUATEMALA,2019-04-28,poisson,3,0.75,seir,alt,1.0,0.3,0.310655,1.426538,2.110637,0.186962,0.163218,1.128007,1.856677
GUATEMALA,GUATEMALA,2019-04-28,poisson,3,0.75,hostvector_tempmort,central,1.0,0.3,0.310655,1.460435,2.192207,0.255258,0.176208,0.452858,0.788549
GUATEMALA,GUATEMALA,2019-04-28,poisson,3,0.75,hostvector_tempmort,alt,1.0,0.3,0.310655,2.2e-05,0.959769,0.673881,0.231581,0.101463,0.07732
GUATEMALA,GUATEMALA,2019-04-28,poisson,5,1.0,hostvector,central,1.0,0.3,0.310655,2.016306,0.794507,0.017192,0.077554,0.737569,0.45726
GUATEMALA,GUATEMALA,2019-04-28,poisson,5,1.0,hostvector,alt,1.0,0.3,0.310655,2.905127,1.033901,0.020151,0.088596,1.222306,0.987477
GUATEMALA,GUATEMALA,2019-04-28,poisson,5,1.0,seir,central,1.0,0.3,0.310655,1.442157,0.716663,-0.001121,0.077697,0.950604,0.528421
GUATEMALA,GUATEMALA,2019-04-28,poisson,5,1.0,seir,alt,1.0,0.3,0.310655,1.523349,0.745219,-0.010191,0.076607,1.26906,0.733499
GUATEMALA,GUATEMALA,2019-04-28,poisson,5,1.0,hostvector_tempmort,central,1.0,0.3,0.310655,1.624269,0.761726,0.014278,0.075797,0.547372,0.325658
GUATEMALA,GUATEMALA,2019-04-28,poisson,5,1.0,hostvector_tempmort,alt,1.0,0.3,0.310655,2.425083,1.000126,0.014065,0.086383,0.844853,0.661123
GUATEMALA,GUATEMALA,2019-04-28,poisson,5,0.75,hostvector,central,1.0,0.3,0.310655,1.254502,2.108336,0.008967,0.09357,0.403832,0.673506
GUATEMALA,GUATEMALA,2019-04-28,poisson,5,0.75,hostvector,alt,1.0,0.3,0.310655,2.01163,2.470763,0.006617,0.105069,0.603323,1.179143
GUATEMALA,GUATEMALA,2019-04-28,poisson,5,0.75,seir,central,1.0,0.3,0.310655,0.270941,1.998727,-0.010478,0.093944,0.378057,0.594954
GUATEMALA,GUATEMALA,2019-04-28,poisson,5,0.75,seir,alt,1.0,0.3,0.310655,0.41565,1.986005,-0.018027,0.091941,0.530761,0.829285
GUATEMALA,GUATEMALA,2019-04-28,poisson,5,0.75,hostvector_tempmort,central,1.0,0.3,0.310655,1.021165,2.075157,0.008622,0.092019,0.3396,0.557625
GUATEMALA,GUATEMALA,2019-04-28,poisson,5,0.75,hostvector_tempmort,alt,1.0,0.3,0.310655,1.7538,2.433017,0.005523,0.103256,0.496682,0.95621
GUATEMALA,GUATEMALA,2019-04-28,poisson,7,1.0,hostvector,central,1.0,0.3,0.310655,1.939521,0.736598,-0.077185,0.045306,0.699988,0.401365
GUATEMALA,GUATEMALA,2019-04-28,poisson,7,1.0,hostvector,alt,1.0,0.3,0.310655,2.786552,0.958141,-0.079167,0.050068,1.122043,0.838511
GUATEMALA,GUATEMALA,2019-04-28,poisson,7,1.0,seir,central,1.0,0.3,0.310655,1.421512,0.675131,-0.096273,0.048555,0.939627,0.490996
GUATEMALA,GUATEMALA,2019-04-28,poisson,7,1.0,seir,alt,1.0,0.3,0.310655,1.528628,0.705303,-0.096034,0.047623,1.276651,0.697133
GUATEMALA,GUATEMALA,2019-04-28,poisson,7,1.0,hostvector_tempmort,central,1.0,0.3,0.310655,1.55042,0.705582,-0.079053,0.044465,0.52073,0.286182
GUATEMALA,GUATEMALA,2019-04-28,poisson,7,1.0,hostvector_tempmort,alt,1.0,0.3,0.310655,2.314651,0.925533,-0.08275,0.048965,0.780315,0.563859
GUATEMALA,GUATEMALA,2019-04-28,poisson,7,0.75,hostvector,central,1.0,0.3,0.310655,1.107108,1.992643,-0.080195,0.053037,0.362891,0.570629
GUATEMALA,GUATEMALA,2019-04-28,poisson,7,0.75,hostvector,alt,1.0,0.3,0.310655,1.669181,2.387752,-0.085098,0.058093,0.464044,0.875489
GUATEMALA,GUATEMALA,2019-04-28,poisson,7,0.75,seir,central,1.0,0.3,0.310655,0.482384,1.853253,-0.096395,0.057419,0.449366,0.653989
GUATEMALA,GUATEMALA,2019-04-28,poisson,7,0.75,seir,alt,1.0,0.3,0.310655,0.671332,1.836984,-0.095394,0.056271,0.651249,0.938656
GUATEMALA,GUATEMALA,2019-04-28,poisson,7,0.75,hostvector_tempmort,central,1.0,0.3,0.310655,0.909156,1.947444,-0.081402,0.052333,0.313864,0.482294
GUATEMALA,GUATEMALA,2019-04-28,poisson,7,0.75,hostvector_tempmort,alt,1.0,0.3,0.310655,1.464484,2.328124,-0.086818,0.057219,0.398433,0.732804
LAO PEOPLE'S DEMOCRATIC REPUBLIC,LAO PEOPLE'S DEMOCRATIC REPUBLIC,2018-03-25,nb,3,1.0,hostvector,central,1.0,0.3,0.164547,0.88061,0.826057,0.327726,0.054981,0.157662,0.03529
LAO PEOPLE'S DEMOCRATIC REPUBLIC,LAO PEOPLE'S DEMOCRATIC REPUBLIC,2018-03-25,nb,3,1.0,hostvector,alt,1.0,0.3,0.164547,1.813112,1.086653,0.45254,0.080995,0.156205,0.044903
LAO PEOPLE'S DEMOCRATIC REPUBLIC,LAO PEOPLE'S DEMOCRATIC REPUBLIC,2018-03-25,nb,3,1.0,seir,central,1.0,0.3,0.164547,0.339534,0.758261,0.273932,0.042382,0.289148,0.060848
LAO PEOPLE'S DEMOCRATIC REPUBLIC,LAO PEOPLE'S DEMOCRATIC REPUBLIC,2018-03-25,nb,3,1.0,seir,alt,1.0,0.3,0.164547,0.412345,0.833513,0.284742,0.046487,0.369385,0.084404
LAO PEOPLE'S DEMOCRATIC REPUBLIC,LAO PEOPLE'S DEMOCRATIC REPUBLIC,2018-03-25,nb,3,1.0,hostvector_tempmort,central,1.0,0.3,0.164547,0.932832,0.826032,0.311683,0.054148,0.164538,0.036684
LAO PEOPLE'S DEMOCRATIC REPUBLIC,LAO PEOPLE'S DEMOCRATIC REPUBLIC,2018-03-25,nb,3,1.0,hostvector_tempmort,alt,1.0,0.3,0.164547,1.853951,1.089115,0.433671,0.079868,0.162739,0.046703
LAO PEOPLE'S DEMOCRATIC REPUBLIC,LAO PEOPLE'S DEMOCRATIC REPUBLIC,2018-03-25,nb,3,0.75,hostvector,central,1.0,0.3,0.164547,1.149517,1.475463,0.361977,0.115811,0.167584,0.063369
LAO PEOPLE'S DEMOCRATIC REPUBLIC,LAO PEOPLE'S DEMOCRATIC REPUBLIC,2018-03-25,nb,3,0.75,hostvector,alt,1.0,0.3,0.164547,1.687651,1.836869,0.455276,0.15611,0.150505,0.069644
LAO PEOPLE'S DEMOCRATIC REPUBLIC,LAO PEOPLE'S DEMOCRATIC REPUBLIC,2018-03-25,nb,3,0.75,seir,central,1.0,0.3,0.164547,0.680591,1.515046,0.31428,0.104434,0.313721,0.124567
LAO PEOPLE'S DEMOCRATIC REPUBLIC,LAO PEOPLE'S DEMOCRATIC REPUBLIC,2018-03-25,nb,3,0.75,seir,alt,1.0,0.3,0.164547,0.793353,1.676004,0.327579,0.118547,0.405222,0.17713
LAO PEOPLE'S DEMOCRATIC REPUBLIC,LAO PEOPLE'S DEMOCRATIC REPUBLIC,2018-03-25,nb,3,0.75,hostvector_tempmort,central,1.0,0.3,0.164547,1.287918,1.472442,0.350712,0.11452,0.178881,0.067458
LAO PEOPLE'S DEMOCRATIC REPUBLIC,LAO PEOPLE'S DEMOCRATIC REPUBLIC,2018-03-25,nb,3,0.75,hostvector_tempmort,alt,1.0,0.3,0.164547,1.843512,1.838938,0.444297,0.15434,0.161446,0.074783
LAO PEOPLE'S DEMOCRATIC REPUBLIC,LAO PEOPLE'S DEMOCRATIC REPUBLIC,2018-03-25,nb,5,1.0,hostvector,central,1.0,0.3,0.164547,1.023333,0.907642,0.286146,0.049644,0.183805,0.046845
LAO PEOPLE'S DEMOCRATIC REPUBLIC,LAO PEOPLE'S DEMOCRATIC REPUBLIC,2018-03-25,nb,5,1.0,hostvector,alt,1.0,0.3,0.164547,1.854156,1.194861,0.371216,0.068597,0.185414,0.061959
LAO PEOPLE'S DEMOCRATIC REPUBLIC,LAO PEOPLE'S DEMOCRATIC REPUBLIC,2018-03-25,nb,5,1.0,seir,central,1.0,0.3,0.164547,0.617082,0.8334,0.265973,0.042717,0.343525,0.080516
LAO PEOPLE'S DEMOCRATIC REPUBLIC,LAO PEOPLE'S DEMOCRATIC REPUBLIC,2018-03-25,nb,5,1.0,seir,alt,1.0,0.3,0.164547,0.76665,0.936377,0.280709,0.04851,0.449707,0.11796
LAO PEOPLE'S DEMOCRATIC REPUBLIC,LAO PEOPLE'S DEMOCRATIC REPUBLIC,2018-03-25,nb,5,1.0,hostvector_tempmort,central,1.0,0.3,0.164547,1.071248,0.906788,0.273467,0.049362,0.19044,0.048379
LAO PEOPLE'S DEMOCRATIC REPUBLIC,LAO PEOPLE'S DEMOCRATIC REPUBLIC,2018-03-25,nb,5,1.0,hostvector_tempmort,alt,1.0,0.3,0.164547,1.887653,1.195036,0.357775,0.06838,0.191241,0.063781
LAO PEOPLE'S DEMOCRATIC REPUBLIC,LAO PEOPLE'S DEMOCRATIC REPUBLIC,2018-03-25,nb,5,0.75,hostvector,central,1.0,0.3,0.164547,1.212504,1.733615,0.306509,0.112645,0.193506,0.092803
LAO PEOPLE'S DEMOCRATIC REPUBLIC,LAO PEOPLE'S DEMOCRATIC REPUBLIC,2018-03-25,nb,5,0.75,hostvector,alt,1.0,0.3,0.164547,1.499315,2.14456,0.354838,0.142423,0.168061,0.0995
LAO PEOPLE'S DEMOCRATIC REPUBLIC,LAO PEOPLE'S DEMOCRATIC REPUBLIC,2018-03-25,nb,5,0.75,seir,central,1.0,0.3,0.164547,1.311703,1.856901,0.322095,0.119291,0.416938,0.215868
LAO PEOPLE'S DEMOCRATIC REPUBLIC,LAO PEOPLE'S DEMOCRATIC REPUBLIC,2018-03-25,nb,5,0.75,seir,alt,1.0,0.3,0.164547,1.528794,2.126198,0.34148,0.140359,0.556592,0.330375
LAO PEOPLE'S DEMOCRATIC REPUBLIC,LAO PEOPLE'S DEMOCRATIC REPUBLIC,2018-03-25,nb,5,0.75,hostvector_tempmort,central,1.0,0.3,0.164547,1.34631,1.729498,0.298376,0.112244,0.205329,0.098187
LAO PEOPLE'S DEMOCRATIC REPUBLIC,LAO PEOPLE'S DEMOCRATIC REPUBLIC,2018-03-25,nb,5,0.75,hostvector_tempmort,alt,1.0,0.3,0.164547,1.645939,2.141931,0.347883,0.141968,0.178845,0.105702
LAO PEOPLE'S DEMOCRATIC REPUBLIC,LAO PEOPLE'S DEMOCRATIC REPUBLIC,2018-03-25,nb,7,1.0,hostvector,central,1.0,0.3,0.164547,1.246488,0.961015,0.281809,0.049042,0.211891,0.058644
LAO PEOPLE'S DEMOCRATIC REPUBLIC,LAO PEOPLE'S DEMOCRATIC REPUBLIC,2018-03-25,nb,7,1.0,hostvector,alt,1.0,0.3,0.164547,1.949222,1.235447,0.348595,0.063446,0.210188,0.075054
LAO PEOPLE'S DEMOCRATIC REPUBLIC,LAO PEOPLE'S DEMOCRATIC REPUBLIC,2018-03-25,nb,7,1.0,seir,central,1.0,0.3,0.164547,1.052467,0.913659,0.279961,0.048774,0.420393,0.110002
LAO PEOPLE'S DEMOCRATIC REPUBLIC,LAO PEOPLE'S DEMOCRATIC REPUBLIC,2018-03-25,nb,7,1.0,seir,alt,1.0,0.3,0.164547,1.251993,1.039817,0.295869,0.055961,0.560334,0.167502
LAO PEOPLE'S DEMOCRATIC REPUBLIC,LAO PEOPLE'S DEMOCRATIC REPUBLIC,2018-03-25,nb,7,1.0,hostvector_tempmort,central,1.0,0.3,0.164547,1.284543,0.960056,0.269979,0.049084,0.218163,0.060253
LAO PEOPLE'S DEMOCRATIC REPUBLIC,LAO PEOPLE'S DEMOCRATIC REPUBLIC,2018-03-25,nb,7,1.0,hostvector_tempmort,alt,1.0,0.3,0.164547,1.974692,1.235821,0.336743,0.063689,0.215485,0.076882
LAO PEOPLE'S DEMOCRATIC REPUBLIC,LAO PEOPLE'S DEMOCRATIC REPUBLIC,2018-03-25,nb,7,0.75,hostvector,central,1.0,0.3,0.164547,1.114664,1.871695,0.277019,0.113605,0.204082,0.111127
LAO PEOPLE'S DEMOCRATIC REPUBLIC,LAO PEOPLE'S DEMOCRATIC REPUBLIC,2018-03-25,nb,7,0.75,hostvector,alt,1.0,0.3,0.164547,1.175296,2.26867,0.303307,0.137574,0.167947,0.11092
LAO PEOPLE'S DEMOCRATIC REPUBLIC,LAO PEOPLE'S DEMOCRATIC REPUBLIC,2018-03-25,nb,7,0.75,seir,central,1.0,0.3,0.164547,1.547986,2.170607,0.315597,0.13818,0.487307,0.310934
LAO PEOPLE'S DEMOCRATIC REPUBLIC,LAO PEOPLE'S DEMOCRATIC REPUBLIC,2018-03-25,nb,7,0.75,seir,alt,1.0,0.3,0.164547,1.573235,2.494901,0.319631,0.161086,0.616959,0.454346
LAO PEOPLE'S DEMOCRATIC REPUBLIC,LAO PEOPLE'S DEMOCRATIC REPUBLIC,2018-03-25,nb,7,0.75,hostvector_tempmort,central,1.0,0.3,0.164547,1.219379,1.865446,0.268535,0.113543,0.214201,0.116244
LAO PEOPLE'S DEMOCRATIC REPUBLIC,LAO PEOPLE'S DEMOCRATIC REPUBLIC,2018-03-25,nb,7,0.75,hostvector_tempmort,alt,1.0,0.3,0.164547,1.282366,2.26351,0.295587,0.137606,0.176265,0.116131
LAO PEOPLE'S DEMOCRATIC REPUBLIC,LAO PEOPLE'S DEMOCRATIC REPUBLIC,2018-03-25,poisson,3,1.0,hostvector,central,1.0,0.3,0.164547,0.814988,1.643042,0.291407,0.14557,0.159799,0.073233
LAO PEOPLE'S DEMOCRATIC REPUBLIC,LAO PEOPLE'S DEMOCRATIC REPUBLIC,2018-03-25,poisson,3,1.0,hostvector,alt,1.0,0.3,0.164547,1.111937,1.986477,0.342894,0.178076,0.137817,0.075487
LAO PEOPLE'S DEMOCRATIC REPUBLIC,LAO PEOPLE'S DEMOCRATIC REPUBLIC,2018-03-25,poisson,3,1.0,seir,central,1.0,0.3,0.164547,0.431113,1.675945,0.278593,0.144663,0.297217,0.140189
LAO PEOPLE'S DEMOCRATIC REPUBLIC,LAO PEOPLE'S DEMOCRATIC REPUBLIC,2018-03-25,poisson,3,1.0,seir,alt,1.0,0.3,0.164547,0.373822,1.784717,0.281992,0.154903,0.365776,0.18152
LAO PEOPLE'S DEMOCRATIC REPUBLIC,LAO PEOPLE'S DEMOCRATIC REPUBLIC,2018-03-25,poisson,3,1.0,hostvector_tempmort,central,1.0,0.3,0.164547,0.928463,1.635442,0.284286,0.144759,0.168568,0.076504
LAO PEOPLE'S DEMOCRATIC REPUBLIC,LAO PEOPLE'S DEMOCRATIC REPUBLIC,2018-03-25,poisson,3,1.0,hostvector_tempmort,alt,1.0,0.3,0.164547,1.212979,1.97768,0.335778,0.177102,0.14469,0.078473
LAO PEOPLE'S DEMOCRATIC REPUBLIC,LAO PEOPLE'S DEMOCRATIC REPUBLIC,2018-03-25,poisson,3,0.75,hostvector,central,1.0,0.3,0.164547,0.796759,2.131722,0.289752,0.193136,0.159064,0.092719
LAO PEOPLE'S DEMOCRATIC REPUBLIC,LAO PEOPLE'S DEMOCRATIC REPUBLIC,2018-03-25,poisson,3,0.75,hostvector,alt,1.0,0.3,0.164547,0.968169,2.542294,0.328987,0.231629,0.133013,0.091774
LAO PEOPLE'S DEMOCRATIC REPUBLIC,LAO PEOPLE'S DEMOCRATIC REPUBLIC,2018-03-25,poisson,3,0.75,seir,central,1.0,0.3,0.164547,0.491227,2.264794,0.284637,0.202487,0.301697,0.187417
LAO PEOPLE'S DEMOCRATIC REPUBLIC,LAO PEOPLE'S DEMOCRATIC REPUBLIC,2018-03-25,poisson,3,0.75,seir,alt,1.0,0.3,0.164547,0.38715,2.420546,0.283449,0.217546,0.366965,0.241329
LAO PEOPLE'S DEMOCRATIC REPUBLIC,LAO PEOPLE'S DEMOCRATIC REPUBLIC,2018-03-25,poisson,3,0.75,hostvector_tempmort,central,1.0,0.3,0.164547,0.920879,2.119728,0.283589,0.192007,0.168245,0.097105
LAO PEOPLE'S DEMOCRATIC REPUBLIC,LAO PEOPLE'S DEMOCRATIC REPUBLIC,2018-03-25,poisson,3,0.75,hostvector_tempmort,alt,1.0,0.3,0.164547,1.085033,2.528511,0.323269,0.230333,0.140203,0.095764
LAO PEOPLE'S DEMOCRATIC REPUBLIC,LAO PEOPLE'S DEMOCRATIC REPUBLIC,2018-03-25,poisson,5,1.0,hostvector,central,1.0,0.3,0.164547,0.183454,1.546844,0.189322,0.119552,0.148942,0.0697
LAO PEOPLE'S DEMOCRATIC REPUBLIC,LAO PEOPLE'S DEMOCRATIC REPUBLIC,2018-03-25,poisson,5,1.0,hostvector,alt,1.0,0.3,0.164547,0.254833,1.86056,0.213633,0.14086,0.122761,0.068697
LAO PEOPLE'S DEMOCRATIC REPUBLIC,LAO PEOPLE'S DEMOCRATIC REPUBLIC,2018-03-25,poisson,5,1.0,seir,central,1.0,0.3,0.164547,0.0,1.548363,0.198592,0.12996,0.290966,0.136231
LAO PEOPLE'S DEMOCRATIC REPUBLIC,LAO PEOPLE'S DEMOCRATIC REPUBLIC,2018-03-25,poisson,5,1.0,seir,alt,1.0,0.3,0.164547,0.0,1.669102,0.205339,0.139099,0.36354,0.181439
LAO PEOPLE'S DEMOCRATIC REPUBLIC,LAO PEOPLE'S DEMOCRATIC REPUBLIC,2018-03-25,poisson,5,1.0,hostvector_tempmort,central,1.0,0.3,0.164547,0.27103,1.541318,0.181458,0.11896,0.155577,0.072219
LAO PEOPLE'S DEMOCRATIC REPUBLIC,LAO PEOPLE'S DEMOCRATIC REPUBLIC,2018-03-25,poisson,5,1.0,hostvector_tempmort,alt,1.0,0.3,0.164547,0.330904,1.852458,0.206096,0.140164,0.127633,0.070792
LAO PEOPLE'S DEMOCRATIC REPUBLIC,LAO PEOPLE'S DEMOCRATIC REPUBLIC,2018-03-25,poisson,5,0.75,hostvector,central,1.0,0.3,0.164547,0.0,2.079725,0.166653,0.165422,0.14211,0.087745
LAO PEOPLE'S DEMOCRATIC REPUBLIC,LAO PEOPLE'S DEMOCRATIC REPUBLIC,2018-03-25,poisson,5,0.75,hostvector,alt,1.0,0.3,0.164547,0.0,2.474634,0.182362,0.192904,0.115039,0.084191
LAO PEOPLE'S DEMOCRATIC REPUBLIC,LAO PEOPLE'S DEMOCRATIC REPUBLIC,2018-03-25,poisson,5,0.75,seir,central,1.0,0.3,0.164547,1e-06,2.241456,0.183703,0.192172,0.292876,0.19384
LAO PEOPLE'S DEMOCRATIC REPUBLIC,LAO PEOPLE'S DEMOCRATIC REPUBLIC,2018-03-25,poisson,5,0.75,seir,alt,1.0,0.3,0.164547,0.0,2.397026,0.189492,0.206516,0.365943,0.256876
LAO PEOPLE'S DEMOCRATIC REPUBLIC,LAO PEOPLE'S DEMOCRATIC REPUBLIC,2018-03-25,poisson,5,0.75,hostvector_tempmort,central,1.0,0.3,0.164547,0.0,2.042228,0.154698,0.162443,0.144621,0.087506
LAO PEOPLE'S DEMOCRATIC REPUBLIC,LAO PEOPLE'S DEMOCRATIC REPUBLIC,2018-03-25,poisson,5,0.75,hostvector_tempmort,alt,1.0,0.3,0.164547,0.0,2.443197,0.171336,0.190734,0.116918,0.08423
LAO PEOPLE'S DEMOCRATIC REPUBLIC,LAO PEOPLE'S DEMOCRATIC REPUBLIC,2018-03-25,poisson,7,1.0,hostvector,central,1.0,0.3,0.164547,0.977868,1.730129,0.261872,0.122944,0.193879,0.102543
LAO PEOPLE'S DEMOCRATIC REPUBLIC,LAO PEOPLE'S DEMOCRATIC REPUBLIC,2018-03-25,poisson,7,1.0,hostvector,alt,1.0,0.3,0.164547,1.330558,2.082251,0.304807,0.142469,0.174004,0.110591
LAO PEOPLE'S DEMOCRATIC REPUBLIC,LAO PEOPLE'S DEMOCRATIC REPUBLIC,2018-03-25,poisson,7,1.0,seir,central,1.0,0.3,0.164547,0.733549,1.816822,0.260996,0.141584,0.375257,0.207845
LAO PEOPLE'S DEMOCRATIC REPUBLIC,LAO PEOPLE'S DEMOCRATIC REPUBLIC,2018-03-25,poisson,7,1.0,seir,alt,1.0,0.3,0.164547,0.749007,1.955366,0.264339,0.150393,0.472214,0.280439
LAO PEOPLE'S DEMOCRATIC REPUBLIC,LAO PEOPLE'S DEMOCRATIC REPUBLIC,2018-03-25,poisson,7,1.0,hostvector_tempmort,central,1.0,0.3,0.164547,1.075326,1.722182,0.253531,0.122433,0.203004,0.106649
LAO PEOPLE'S DEMOCRATIC REPUBLIC,LAO PEOPLE'S DEMOCRATIC REPUBLIC,2018-03-25,poisson,7,1.0,hostvector_tempmort,alt,1.0,0.3,0.164547,1.422357,2.07325,0.296786,0.141985,0.181739,0.114737
LAO PEOPLE'S DEMOCRATIC REPUBLIC,LAO PEOPLE'S DEMOCRATIC REPUBLIC,2018-03-25,poisson,7,0.75,hostvector,central,1.0,0.3,0.164547,0.856526,2.22271,0.251745,0.160811,0.187076,0.126509
LAO PEOPLE'S DEMOCRATIC REPUBLIC,LAO PEOPLE'S DEMOCRATIC REPUBLIC,2018-03-25,poisson,7,0.75,hostvector,alt,1.0,0.3,0.164547,1.141297,2.646287,0.289585,0.185222,0.164596,0.132335
LAO PEOPLE'S DEMOCRATIC REPUBLIC,LAO PEOPLE'S DEMOCRATIC REPUBLIC,2018-03-25,poisson,7,0.75,seir,central,1.0,0.3,0.164547,0.530224,2.43403,0.243481,0.190534,0.353185,0.261122
LAO PEOPLE'S DEMOCRATIC REPUBLIC,LAO PEOPLE'S DEMOCRATIC REPUBLIC,2018-03-25,poisson,7,0.75,seir,alt,1.0,0.3,0.164547,0.463397,2.62542,0.240273,0.202867,0.433616,0.344857
LAO PEOPLE'S DEMOCRATIC REPUBLIC,LAO PEOPLE'S DEMOCRATIC REPUBLIC,2018-03-25,poisson,7,0.75,hostvector_tempmort,central,1.0,0.3,0.164547,0.958167,2.211676,0.243679,0.16013,0.196119,0.131743
LAO PEOPLE'S DEMOCRATIC REPUBLIC,LAO PEOPLE'S DEMOCRATIC REPUBLIC,2018-03-25,poisson,7,0.75,hostvector_tempmort,alt,1.0,0.3,0.164547,1.238033,2.63467,0.281889,0.184569,0.172156,0.137541
JAMAICA,JAMAICA,2019-06-09,nb,3,1.0,hostvector,central,1.0,0.3,0.145917,2.707961,7.193873,0.251369,0.107318,0.178168,0.176822
JAMAICA,JAMAICA,2019-06-09,nb,3,1.0,hostvector,alt,1.0,0.3,0.145917,3.275786,8.890796,0.296905,0.128235,0.153015,0.183618
JAMAICA,JAMAICA,2019-06-09,nb,3,1.0,seir,central,1.0,0.3,0.145917,0.412265,6.392781,0.245198,0.105916,0.260613,0.261759
JAMAICA,JAMAICA,2019-06-09,nb,3,1.0,seir,alt,1.0,0.3,0.145917,0.468754,6.322054,0.250281,0.107306,0.330812,0.330403
JAMAICA,JAMAICA,2019-06-09,nb,3,1.0,hostvector_tempmort,central,1.0,0.3,0.145917,2.863865,6.761015,0.242739,0.103655,0.194503,0.185177
JAMAICA,JAMAICA,2019-06-09,nb,3,1.0,hostvector_tempmort,alt,1.0,0.3,0.145917,3.537328,8.239072,0.287153,0.123089,0.169332,0.190484
JAMAICA,JAMAICA,2019-06-09,nb,3,0.75,hostvector,central,1.0,0.3,0.145917,5.628759,12.51695,0.176843,0.330346,0.356965,0.866931
JAMAICA,JAMAICA,2019-06-09,nb,3,0.75,hostvector,alt,1.0,0.3,0.145917,6.789443,14.694577,0.208296,0.384654,0.35284,1.002303
JAMAICA,JAMAICA,2019-06-09,nb,3,0.75,seir,central,1.0,0.3,0.145917,4.440624,13.687531,0.175317,0.366204,0.59216,1.592792
JAMAICA,JAMAICA,2019-06-09,nb,3,0.75,seir,alt,1.0,0.3,0.145917,4.263144,14.313893,0.166464,0.383258,0.710711,2.006047
JAMAICA,JAMAICA,2019-06-09,nb,3,0.75,hostvector_tempmort,central,1.0,0.3,0.145917,5.62221,12.08273,0.164531,0.321001,0.369526,0.869394
JAMAICA,JAMAICA,2019-06-09,nb,3,0.75,hostvector_tempmort,alt,1.0,0.3,0.145917,6.6773,14.207976,0.192091,0.374914,0.356125,0.982827
JAMAICA,JAMAICA,2019-06-09,nb,5,1.0,hostvector,central,1.0,0.3,0.145917,4.165458,9.593868,0.322015,0.22883,0.23854,0.323714
JAMAICA,JAMAICA,2019-06-09,nb,5,1.0,hostvector,alt,1.0,0.3,0.145917,4.818953,12.850013,0.373182,0.279733,0.208417,0.357276
JAMAICA,JAMAICA,2019-06-09,nb,5,1.0,seir,central,1.0,0.3,0.145917,4.41478,8.706411,0.330886,0.249281,0.508801,0.68868
JAMAICA,JAMAICA,2019-06-09,nb,5,1.0,seir,alt,1.0,0.3,0.145917,4.566995,9.066975,0.333724,0.269854,0.655533,0.939625
JAMAICA,JAMAICA,2019-06-09,nb,5,1.0,hostvector_tempmort,central,1.0,0.3,0.145917,4.347536,9.644747,0.310051,0.231091,0.259766,0.356401
JAMAICA,JAMAICA,2019-06-09,nb,5,1.0,hostvector_tempmort,alt,1.0,0.3,0.145917,4.981604,12.053315,0.359446,0.273344,0.226398,0.373704
JAMAICA,JAMAICA,2019-06-09,nb,5,0.75,hostvector,central,1.0,0.3,0.145917,1e-06,14.560328,-0.162822,0.492144,0.097121,0.241512
JAMAICA,JAMAICA,2019-06-09,nb,5,0.75,hostvector,alt,1.0,0.3,0.145917,1e-06,17.138122,-0.19534,0.569939,0.072833,0.20597
JAMAICA,JAMAICA,2019-06-09,nb,5,0.75,seir,central,1.0,0.3,0.145917,1e-06,15.560273,-0.187309,0.590603,0.201666,0.565039
JAMAICA,JAMAICA,2019-06-09,nb,5,0.75,seir,alt,1.0,0.3,0.145917,0.0,0.054217,-0.224175,0.342635,0.249045,0.082613
JAMAICA,JAMAICA,2019-06-09,nb,5,0.75,hostvector_tempmort,central,1.0,0.3,0.145917,0.0,1.521202,-0.175214,0.288364,0.102464,0.051207
JAMAICA,JAMAICA,2019-06-09,nb,5,0.75,hostvector_tempmort,alt,1.0,0.3,0.145917,0.0,15.825402,-0.209084,0.562367,0.076833,0.20387
JAMAICA,JAMAICA,2019-06-09,nb,7,1.0,hostvector,central,1.0,0.3,0.145917,0.0,10.47353,-0.050111,0.286598,0.105182,0.171598
JAMAICA,JAMAICA,2019-06-09,nb,7,1.0,hostvector,alt,1.0,0.3,0.145917,0.0,14.511649,-0.058485,0.369926,0.081613,0.181407
JAMAICA,JAMAICA,2019-06-09,nb,7,1.0,seir,central,1.0,0.3,0.145917,0.0,,-0.056221,,0.211136,
JAMAICA,JAMAICA,2019-06-09,nb,7,1.0,seir,alt,1.0,0.3,0.145917,0.0,,-0.058074,,0.263728,
JAMAICA,JAMAICA,2019-06-09,nb,7,1.0,hostvector_tempmort,central,1.0,0.3,0.145917,0.0,10.474677,-0.064005,0.28109,0.109839,0.180156
JAMAICA,JAMAICA,2019-06-09,nb,7,1.0,hostvector_tempmort,alt,1.0,0.3,0.145917,0.0,0.667124,-0.07137,0.212019,0.08517,0.024666
JAMAICA,JAMAICA,2019-06-09,nb,7,0.75,hostvector,central,1.0,0.3,0.145917,0.0,3.397499,-0.521566,0.360957,0.101909,0.064708
JAMAICA,JAMAICA,2019-06-09,nb,7,0.75,hostvector,alt,1.0,0.3,0.145917,0.0,,-0.631893,,0.075449,
JAMAICA,JAMAICA,2019-06-09,nb,7,0.75,seir,central,1.0,0.3,0.145917,0.0,,-0.532012,,0.213492,
JAMAICA,JAMAICA,2019-06-09,nb,7,0.75,seir,alt,1.0,0.3,0.145917,0.0,0.000747,-0.515348,0.352409,0.270156,0.043095
JAMAICA,JAMAICA,2019-06-09,nb,7,0.75,hostvector_tempmort,central,1.0,0.3,0.145917,0.0,0.00354,-0.503421,0.29627,0.108537,0.017414
JAMAICA,JAMAICA,2019-06-09,nb,7,0.75,hostvector_tempmort,alt,1.0,0.3,0.145917,0.0,,-0.600937,,0.081011,
JAMAICA,JAMAICA,2019-06-09,poisson,3,1.0,hostvector,central,1.0,0.3,0.145917,3.299524,9.598461,0.308111,0.116511,0.197088,0.253843
JAMAICA,JAMAICA,2019-06-09,poisson,3,1.0,hostvector,alt,1.0,0.3,0.145917,3.989965,11.718025,0.364057,0.14178,0.172654,0.266729
JAMAICA,JAMAICA,2019-06-09,poisson,3,1.0,seir,central,1.0,0.3,0.145917,3.557645,7.889844,0.318689,0.114206,0.420737,0.469048
JAMAICA,JAMAICA,2019-06-09,poisson,3,1.0,seir,alt,1.0,0.3,0.145917,3.825093,7.80396,0.324853,0.116327,0.553953,0.614571
JAMAICA,JAMAICA,2019-06-09,poisson,3,1.0,hostvector_tempmort,central,1.0,0.3,0.145917,3.598087,9.020171,0.299101,0.1113,0.219864,0.267926
JAMAICA,JAMAICA,2019-06-09,poisson,3,1.0,hostvector_tempmort,alt,1.0,0.3,0.145917,4.29031,10.973791,0.353212,0.134462,0.193004,0.282036
JAMAICA,JAMAICA,2019-06-09,poisson,3,0.75,hostvector,central,1.0,0.3,0.145917,7.28014,12.083247,0.219764,0.341689,0.467848,1.127446
JAMAICA,JAMAICA,2019-06-09,poisson,3,0.75,hostvector,alt,1.0,0.3,0.145917,8.541523,14.298428,0.252631,0.403724,0.465209,1.326544
JAMAICA,JAMAICA,2019-06-09,poisson,3,0.75,seir,central,1.0,0.3,0.145917,7.441384,13.06284,0.258476,0.361818,1.035441,2.68865
JAMAICA,JAMAICA,2019-06-09,poisson,3,0.75,seir,alt,1.0,0.3,0.145917,6.98951,13.679934,0.241614,0.378099,1.174078,3.200249
JAMAICA,JAMAICA,2019-06-09,poisson,3,0.75,hostvector_tempmort,central,1.0,0.3,0.145917,7.198983,11.661035,0.204445,0.331008,0.476812,1.113127
JAMAICA,JAMAICA,2019-06-09,poisson,3,0.75,hostvector_tempmort,alt,1.0,0.3,0.145917,8.275366,13.826059,0.230868,0.392541,0.454143,1.259839
JAMAICA,JAMAICA,2019-06-09,poisson,5,1.0,hostvector,central,1.0,0.3,0.145917,3.985254,11.139206,0.258011,0.222864,0.235042,0.364593
JAMAICA,JAMAICA,2019-06-09,poisson,5,1.0,hostvector,alt,1.0,0.3,0.145917,4.703366,13.622001,0.301857,0.262688,0.209765,0.387474
JAMAICA,JAMAICA,2019-06-09,poisson,5,1.0,seir,central,1.0,0.3,0.145917,4.18148,9.654736,0.262987,0.231428,0.494324,0.72269
JAMAICA,JAMAICA,2019-06-09,poisson,5,1.0,seir,alt,1.0,0.3,0.145917,4.186982,9.69668,0.257572,0.243725,0.618676,0.92222
JAMAICA,JAMAICA,2019-06-09,poisson,5,1.0,hostvector_tempmort,central,1.0,0.3,0.145917,4.174878,10.529735,0.248442,0.216913,0.255922,0.380051
JAMAICA,JAMAICA,2019-06-09,poisson,5,1.0,hostvector_tempmort,alt,1.0,0.3,0.145917,4.850233,12.796819,0.289996,0.255775,0.226552,0.400209
JAMAICA,JAMAICA,2019-06-09,poisson,5,0.75,hostvector,central,1.0,0.3,0.145917,0.0,13.490223,-0.173174,0.461058,0.094081,0.210303
JAMAICA,JAMAICA,2019-06-09,poisson,5,0.75,hostvector,alt,1.0,0.3,0.145917,0.0,15.829771,-0.207746,0.518104,0.068817,0.171745
JAMAICA,JAMAICA,2019-06-09,poisson,5,0.75,seir,central,1.0,0.3,0.145917,0.0,6.603381,-0.186827,0.336077,0.205696,0.252197
JAMAICA,JAMAICA,2019-06-09,poisson,5,0.75,seir,alt,1.0,0.3,0.145917,0.0,1.301971,-0.214066,0.324125,0.257131,0.092616
JAMAICA,JAMAICA,2019-06-09,poisson,5,0.75,hostvector_tempmort,central,1.0,0.3,0.145917,0.0,12.95191,-0.182911,0.452296,0.100292,0.219805
JAMAICA,JAMAICA,2019-06-09,poisson,5,0.75,hostvector_tempmort,alt,1.0,0.3,0.145917,0.0,14.700476,-0.217586,0.513153,0.074095,0.177768
JAMAICA,JAMAICA,2019-06-09,poisson,7,1.0,hostvector,central,1.0,0.3,0.145917,0.0,12.749518,-0.048492,0.294816,0.105807,0.202655
JAMAICA,JAMAICA,2019-06-09,poisson,7,1.0,hostvector,alt,1.0,0.3,0.145917,0.0,15.228722,-0.056507,0.34157,0.082204,0.18467
JAMAICA,JAMAICA,2019-06-09,poisson,7,1.0,seir,central,1.0,0.3,0.145917,0.0,12.026654,-0.054341,0.300665,0.212664,0.407835
JAMAICA,JAMAICA,2019-06-09,poisson,7,1.0,seir,alt,1.0,0.3,0.145917,0.0,12.001568,-0.057116,0.308404,0.265694,0.512358
JAMAICA,JAMAICA,2019-06-09,poisson,7,1.0,hostvector_tempmort,central,1.0,0.3,0.145917,0.0,11.985566,-0.064192,0.281531,0.110312,0.199836
JAMAICA,JAMAICA,2019-06-09,poisson,7,1.0,hostvector_tempmort,alt,1.0,0.3,0.145917,0.0,14.423973,-0.0713,0.335819,0.085644,0.184447
JAMAICA,JAMAICA,2019-06-09,poisson,7,0.75,hostvector,central,1.0,0.3,0.145917,0.0,0.41093,-0.475527,0.387962,0.103316,0.024605
JAMAICA,JAMAICA,2019-06-09,poisson,7,0.75,hostvector,alt,1.0,0.3,0.145917,0.0,1.323566,-0.571804,0.416602,0.077168,0.029254
JAMAICA,JAMAICA,2019-06-09,poisson,7,0.75,seir,central,1.0,0.3,0.145917,0.0,,-0.503415,,0.215733,
JAMAICA,JAMAICA,2019-06-09,poisson,7,0.75,seir,alt,1.0,0.3,0.145917,0.0,6.673791,-0.498209,0.380969,0.271053,0.341728
JAMAICA,JAMAICA,2019-06-09,poisson,7,0.75,hostvector_tempmort,central,1.0,0.3,0.145917,0.0,7.664873,-0.463944,0.387984,0.109588,0.150336
JAMAICA,JAMAICA,2019-06-09,poisson,7,0.75,hostvector_tempmort,alt,1.0,0.3,0.145917,0.0,9.324344,-0.55172,0.452932,0.082215,0.142025
LAO PEOPLE'S DEMOCRATIC REPUBLIC,LAO PEOPLE'S DEMOCRATIC REPUBLIC,2020-03-15,nb,3,1.0,hostvector,central,1.0,0.3,0.172428,1.168519,0.47264,0.304629,0.022329,0.179399,0.017891
LAO PEOPLE'S DEMOCRATIC REPUBLIC,LAO PEOPLE'S DEMOCRATIC REPUBLIC,2020-03-15,nb,3,1.0,hostvector,alt,1.0,0.3,0.172428,1.626387,0.610499,0.364442,0.02912,0.159144,0.020582
LAO PEOPLE'S DEMOCRATIC REPUBLIC,LAO PEOPLE'S DEMOCRATIC REPUBLIC,2020-03-15,nb,3,1.0,seir,central,1.0,0.3,0.172428,0.947152,0.46309,0.312912,0.022365,0.357148,0.033978
LAO PEOPLE'S DEMOCRATIC REPUBLIC,LAO PEOPLE'S DEMOCRATIC REPUBLIC,2020-03-15,nb,3,1.0,seir,alt,1.0,0.3,0.172428,1.070851,0.508737,0.328381,0.024696,0.461084,0.048265
LAO PEOPLE'S DEMOCRATIC REPUBLIC,LAO PEOPLE'S DEMOCRATIC REPUBLIC,2020-03-15,nb,3,1.0,hostvector_tempmort,central,1.0,0.3,0.172428,1.371245,0.467391,0.280087,0.022546,0.196133,0.019139
LAO PEOPLE'S DEMOCRATIC REPUBLIC,LAO PEOPLE'S DEMOCRATIC REPUBLIC,2020-03-15,nb,3,1.0,hostvector_tempmort,alt,1.0,0.3,0.172428,1.822667,0.59827,0.341488,0.029226,0.173483,0.021762
LAO PEOPLE'S DEMOCRATIC REPUBLIC,LAO PEOPLE'S DEMOCRATIC REPUBLIC,2020-03-15,nb,3,0.75,hostvector,central,1.0,0.3,0.172428,0.806455,0.711436,0.286274,0.04206,0.166209,0.025341
LAO PEOPLE'S DEMOCRATIC REPUBLIC,LAO PEOPLE'S DEMOCRATIC REPUBLIC,2020-03-15,nb,3,0.75,hostvector,alt,1.0,0.3,0.172428,0.919778,0.844561,0.323068,0.049835,0.137032,0.024863
LAO PEOPLE'S DEMOCRATIC REPUBLIC,LAO PEOPLE'S DEMOCRATIC REPUBLIC,2020-03-15,nb,3,0.75,seir,central,1.0,0.3,0.172428,0.925562,0.832908,0.316205,0.053364,0.356106,0.063519
LAO PEOPLE'S DEMOCRATIC REPUBLIC,LAO PEOPLE'S DEMOCRATIC REPUBLIC,2020-03-15,nb,3,0.75,seir,alt,1.0,0.3,0.172428,0.96371,0.932494,0.324379,0.061622,0.451115,0.090585
LAO PEOPLE'S DEMOCRATIC REPUBLIC,LAO PEOPLE'S DEMOCRATIC REPUBLIC,2020-03-15,nb,3,0.75,hostvector_tempmort,central,1.0,0.3,0.172428,1.136,0.709699,0.267978,0.043109,0.186712,0.028207
LAO PEOPLE'S DEMOCRATIC REPUBLIC,LAO PEOPLE'S DEMOCRATIC REPUBLIC,2020-03-15,nb,3,0.75,hostvector_tempmort,alt,1.0,0.3,0.172428,1.236588,0.837378,0.3052,0.050736,0.153295,0.02737
LAO PEOPLE'S DEMOCRATIC REPUBLIC,LAO PEOPLE'S DEMOCRATIC REPUBLIC,2020-03-15,nb,5,1.0,hostvector,central,1.0,0.3,0.172428,1.232219,0.545325,0.337611,0.026326,0.198265,0.023764
LAO PEOPLE'S DEMOCRATIC REPUBLIC,LAO PEOPLE'S DEMOCRATIC REPUBLIC,2020-03-15,nb,5,1.0,hostvector,alt,1.0,0.3,0.172428,1.63812,0.695325,0.395783,0.035109,0.176254,0.027247
LAO PEOPLE'S DEMOCRATIC REPUBLIC,LAO PEOPLE'S DEMOCRATIC REPUBLIC,2020-03-15,nb,5,1.0,seir,central,1.0,0.3,0.172428,1.322625,0.544377,0.37065,0.032009,0.427122,0.049303
LAO PEOPLE'S DEMOCRATIC REPUBLIC,LAO PEOPLE'S DEMOCRATIC REPUBLIC,2020-03-15,nb,5,1.0,seir,alt,1.0,0.3,0.172428,1.50744,0.620652,0.391416,0.03791,0.561809,0.075135
LAO PEOPLE'S DEMOCRATIC REPUBLIC,LAO PEOPLE'S DEMOCRATIC REPUBLIC,2020-03-15,nb,5,1.0,hostvector_tempmort,central,1.0,0.3,0.172428,1.452654,0.536325,0.314545,0.027017,0.21637,0.025318
LAO PEOPLE'S DEMOCRATIC REPUBLIC,LAO PEOPLE'S DEMOCRATIC REPUBLIC,2020-03-15,nb,5,1.0,hostvector_tempmort,alt,1.0,0.3,0.172428,1.853849,0.680343,0.375592,0.03556,0.192008,0.028842
LAO PEOPLE'S DEMOCRATIC REPUBLIC,LAO PEOPLE'S DEMOCRATIC REPUBLIC,2020-03-15,nb,5,0.75,hostvector,central,1.0,0.3,0.172428,1.056932,0.874681,0.33345,0.058016,0.191088,0.038202
LAO PEOPLE'S DEMOCRATIC REPUBLIC,LAO PEOPLE'S DEMOCRATIC REPUBLIC,2020-03-15,nb,5,0.75,hostvector,alt,1.0,0.3,0.172428,1.172856,1.035966,0.370589,0.069259,0.158923,0.03771
LAO PEOPLE'S DEMOCRATIC REPUBLIC,LAO PEOPLE'S DEMOCRATIC REPUBLIC,2020-03-15,nb,5,0.75,seir,central,1.0,0.3,0.172428,1.048681,1.150347,0.350185,0.088079,0.400641,0.107473
LAO PEOPLE'S DEMOCRATIC REPUBLIC,LAO PEOPLE'S DEMOCRATIC REPUBLIC,2020-03-15,nb,5,0.75,seir,alt,1.0,0.3,0.172428,0.871902,1.280536,0.338467,0.099213,0.482395,0.145217
LAO PEOPLE'S DEMOCRATIC REPUBLIC,LAO PEOPLE'S DEMOCRATIC REPUBLIC,2020-03-15,nb,5,0.75,hostvector_tempmort,central,1.0,0.3,0.172428,1.361704,0.871755,0.313822,0.059852,0.212498,0.042266
LAO PEOPLE'S DEMOCRATIC REPUBLIC,LAO PEOPLE'S DEMOCRATIC REPUBLIC,2020-03-15,nb,5,0.75,hostvector_tempmort,alt,1.0,0.3,0.172428,1.45259,1.027008,0.351251,0.070634,0.175547,0.041188
LAO PEOPLE'S DEMOCRATIC REPUBLIC,LAO PEOPLE'S DEMOCRATIC REPUBLIC,2020-03-15,nb,7,1.0,hostvector,central,1.0,0.3,0.172428,1.577791,0.649306,0.395455,0.040036,0.232356,0.034424
LAO PEOPLE'S DEMOCRATIC REPUBLIC,LAO PEOPLE'S DEMOCRATIC REPUBLIC,2020-03-15,nb,7,1.0,hostvector,alt,1.0,0.3,0.172428,1.818889,0.836753,0.450888,0.052923,0.201081,0.038971
LAO PEOPLE'S DEMOCRATIC REPUBLIC,LAO PEOPLE'S DEMOCRATIC REPUBLIC,2020-03-15,nb,7,1.0,seir,central,1.0,0.3,0.172428,1.780535,0.616055,0.429937,0.043328,0.51492,0.070497
LAO PEOPLE'S DEMOCRATIC REPUBLIC,LAO PEOPLE'S DEMOCRATIC REPUBLIC,2020-03-15,nb,7,1.0,seir,alt,1.0,0.3,0.172428,1.941698,0.693874,0.451821,0.049287,0.675932,0.106069
LAO PEOPLE'S DEMOCRATIC REPUBLIC,LAO PEOPLE'S DEMOCRATIC REPUBLIC,2020-03-15,nb,7,1.0,hostvector_tempmort,central,1.0,0.3,0.172428,1.743961,0.618897,0.367613,0.039297,0.248813,0.035003
LAO PEOPLE'S DEMOCRATIC REPUBLIC,LAO PEOPLE'S DEMOCRATIC REPUBLIC,2020-03-15,nb,7,1.0,hostvector_tempmort,alt,1.0,0.3,0.172428,1.99177,0.797861,0.426822,0.051606,0.215656,0.039692
LAO PEOPLE'S DEMOCRATIC REPUBLIC,LAO PEOPLE'S DEMOCRATIC REPUBLIC,2020-03-15,nb,7,0.75,hostvector,central,1.0,0.3,0.172428,0.916226,1.053419,0.339367,0.081985,0.197209,0.050361
LAO PEOPLE'S DEMOCRATIC REPUBLIC,LAO PEOPLE'S DEMOCRATIC REPUBLIC,2020-03-15,nb,7,0.75,hostvector,alt,1.0,0.3,0.172428,0.839054,1.20852,0.36568,0.092326,0.157826,0.046236
LAO PEOPLE'S DEMOCRATIC REPUBLIC,LAO PEOPLE'S DEMOCRATIC REPUBLIC,2020-03-15,nb,7,0.75,seir,central,1.0,0.3,0.172428,1.070062,1.231194,0.365123,0.102287,0.429286,0.130023
LAO PEOPLE'S DEMOCRATIC REPUBLIC,LAO PEOPLE'S DEMOCRATIC REPUBLIC,2020-03-15,nb,7,0.75,seir,alt,1.0,0.3,0.172428,0.937696,1.30308,0.358867,0.107853,0.522,0.168051
LAO PEOPLE'S DEMOCRATIC REPUBLIC,LAO PEOPLE'S DEMOCRATIC REPUBLIC,2020-03-15,nb,7,0.75,hostvector_tempmort,central,1.0,0.3,0.172428,1.17744,1.003133,0.317298,0.079992,0.215968,0.052504
LAO PEOPLE'S DEMOCRATIC REPUBLIC,LAO PEOPLE'S DEMOCRATIC REPUBLIC,2020-03-15,nb,7,0.75,hostvector_tempmort,alt,1.0,0.3,0.172428,1.086729,1.152608,0.344478,0.090105,0.172122,0.04804
LAO PEOPLE'S DEMOCRATIC REPUBLIC,LAO PEOPLE'S DEMOCRATIC REPUBLIC,2020-03-15,poisson,3,1.0,hostvector,central,1.0,0.3,0.172428,0.734174,0.600323,0.313756,0.034494,0.161671,0.022819
LAO PEOPLE'S DEMOCRATIC REPUBLIC,LAO PEOPLE'S DEMOCRATIC REPUBLIC,2020-03-15,poisson,3,1.0,hostvector,alt,1.0,0.3,0.172428,0.939744,0.729258,0.354821,0.040262,0.135852,0.023279
LAO PEOPLE'S DEMOCRATIC REPUBLIC,LAO PEOPLE'S DEMOCRATIC REPUBLIC,2020-03-15,poisson,3,1.0,seir,central,1.0,0.3,0.172428,0.683883,0.615062,0.3725,0.042689,0.332996,0.047407
LAO PEOPLE'S DEMOCRATIC REPUBLIC,LAO PEOPLE'S DEMOCRATIC REPUBLIC,2020-03-15,poisson,3,1.0,seir,alt,1.0,0.3,0.172428,0.849762,0.665175,0.396462,0.047859,0.43373,0.06624
LAO PEOPLE'S DEMOCRATIC REPUBLIC,LAO PEOPLE'S DEMOCRATIC REPUBLIC,2020-03-15,poisson,3,1.0,hostvector_tempmort,central,1.0,0.3,0.172428,1.011588,0.591418,0.297996,0.03465,0.179554,0.02464
LAO PEOPLE'S DEMOCRATIC REPUBLIC,LAO PEOPLE'S DEMOCRATIC REPUBLIC,2020-03-15,poisson,3,1.0,hostvector_tempmort,alt,1.0,0.3,0.172428,1.221593,0.712802,0.339926,0.040279,0.150774,0.024891
LAO PEOPLE'S DEMOCRATIC REPUBLIC,LAO PEOPLE'S DEMOCRATIC REPUBLIC,2020-03-15,poisson,3,0.75,hostvector,central,1.0,0.3,0.172428,0.77098,0.752367,0.316984,0.045512,0.16301,0.028653
LAO PEOPLE'S DEMOCRATIC REPUBLIC,LAO PEOPLE'S DEMOCRATIC REPUBLIC,2020-03-15,poisson,3,0.75,hostvector,alt,1.0,0.3,0.172428,0.936555,0.895192,0.355388,0.052755,0.135747,0.028393
LAO PEOPLE'S DEMOCRATIC REPUBLIC,LAO PEOPLE'S DEMOCRATIC REPUBLIC,2020-03-15,poisson,3,0.75,seir,central,1.0,0.3,0.172428,0.892474,0.801396,0.390709,0.058617,0.349147,0.064428
LAO PEOPLE'S DEMOCRATIC REPUBLIC,LAO PEOPLE'S DEMOCRATIC REPUBLIC,2020-03-15,poisson,3,0.75,seir,alt,1.0,0.3,0.172428,1.083323,0.864714,0.418354,0.06615,0.457256,0.090346
LAO PEOPLE'S DEMOCRATIC REPUBLIC,LAO PEOPLE'S DEMOCRATIC REPUBLIC,2020-03-15,poisson,3,0.75,hostvector_tempmort,central,1.0,0.3,0.172428,1.071985,0.742098,0.302939,0.045743,0.181995,0.031168
LAO PEOPLE'S DEMOCRATIC REPUBLIC,LAO PEOPLE'S DEMOCRATIC REPUBLIC,2020-03-15,poisson,3,0.75,hostvector_tempmort,alt,1.0,0.3,0.172428,1.236946,0.878289,0.341759,0.052867,0.151284,0.030619
LAO PEOPLE'S DEMOCRATIC REPUBLIC,LAO PEOPLE'S DEMOCRATIC REPUBLIC,2020-03-15,poisson,5,1.0,hostvector,central,1.0,0.3,0.172428,1.631225,0.901274,0.400797,0.067217,0.216906,0.046604
LAO PEOPLE'S DEMOCRATIC REPUBLIC,LAO PEOPLE'S DEMOCRATIC REPUBLIC,2020-03-15,poisson,5,1.0,hostvector,alt,1.0,0.3,0.172428,2.05913,1.067948,0.463,0.078984,0.193369,0.04893
LAO PEOPLE'S DEMOCRATIC REPUBLIC,LAO PEOPLE'S DEMOCRATIC REPUBLIC,2020-03-15,poisson,5,1.0,seir,central,1.0,0.3,0.172428,1.512776,0.997448,0.408644,0.095188,0.446593,0.106894
LAO PEOPLE'S DEMOCRATIC REPUBLIC,LAO PEOPLE'S DEMOCRATIC REPUBLIC,2020-03-15,poisson,5,1.0,seir,alt,1.0,0.3,0.172428,1.588496,1.098696,0.418792,0.105963,0.570483,0.150284
LAO PEOPLE'S DEMOCRATIC REPUBLIC,LAO PEOPLE'S DEMOCRATIC REPUBLIC,2020-03-15,poisson,5,1.0,hostvector_tempmort,central,1.0,0.3,0.172428,1.844771,0.889524,0.381528,0.067597,0.236348,0.049789
LAO PEOPLE'S DEMOCRATIC REPUBLIC,LAO PEOPLE'S DEMOCRATIC REPUBLIC,2020-03-15,poisson,5,1.0,hostvector_tempmort,alt,1.0,0.3,0.172428,2.268195,1.052755,0.44521,0.078936,0.210147,0.052059
LAO PEOPLE'S DEMOCRATIC REPUBLIC,LAO PEOPLE'S DEMOCRATIC REPUBLIC,2020-03-15,poisson,5,0.75,hostvector,central,1.0,0.3,0.172428,2.117019,1.173765,0.454929,0.093525,0.242913,0.06738
LAO PEOPLE'S DEMOCRATIC REPUBLIC,LAO PEOPLE'S DEMOCRATIC REPUBLIC,2020-03-15,poisson,5,0.75,hostvector,alt,1.0,0.3,0.172428,2.61146,1.373608,0.525834,0.110232,0.219461,0.070604
LAO PEOPLE'S DEMOCRATIC REPUBLIC,LAO PEOPLE'S DEMOCRATIC REPUBLIC,2020-03-15,poisson,5,0.75,seir,central,1.0,0.3,0.172428,1.692661,1.414965,0.431014,0.140951,0.466477,0.159073
LAO PEOPLE'S DEMOCRATIC REPUBLIC,LAO PEOPLE'S DEMOCRATIC REPUBLIC,2020-03-15,poisson,5,0.75,seir,alt,1.0,0.3,0.172428,1.593468,1.530663,0.418878,0.153699,0.57114,0.210863
LAO PEOPLE'S DEMOCRATIC REPUBLIC,LAO PEOPLE'S DEMOCRATIC REPUBLIC,2020-03-15,poisson,5,0.75,hostvector_tempmort,central,1.0,0.3,0.172428,2.319523,1.165794,0.433827,0.094134,0.264128,0.072439
LAO PEOPLE'S DEMOCRATIC REPUBLIC,LAO PEOPLE'S DEMOCRATIC REPUBLIC,2020-03-15,poisson,5,0.75,hostvector_tempmort,alt,1.0,0.3,0.172428,2.796362,1.362897,0.503906,0.110037,0.237351,0.075422
LAO PEOPLE'S DEMOCRATIC REPUBLIC,LAO PEOPLE'S DEMOCRATIC REPUBLIC,2020-03-15,poisson,7,1.0,hostvector,central,1.0,0.3,0.172428,3.150206,1.32729,0.423569,0.108604,0.33349,0.10673
LAO PEOPLE'S DEMOCRATIC REPUBLIC,LAO PEOPLE'S DEMOCRATIC REPUBLIC,2020-03-15,poisson,7,1.0,hostvector,alt,1.0,0.3,0.172428,3.528489,1.563051,0.483292,0.12478,0.297209,0.111421
LAO PEOPLE'S DEMOCRATIC REPUBLIC,LAO PEOPLE'S DEMOCRATIC REPUBLIC,2020-03-15,poisson,7,1.0,seir,central,1.0,0.3,0.172428,3.696578,1.504695,0.479209,0.132704,0.799979,0.293756
LAO PEOPLE'S DEMOCRATIC REPUBLIC,LAO PEOPLE'S DEMOCRATIC REPUBLIC,2020-03-15,poisson,7,1.0,seir,alt,1.0,0.3,0.172428,4.013745,1.666771,0.516851,0.144454,1.086269,0.44236
LAO PEOPLE'S DEMOCRATIC REPUBLIC,LAO PEOPLE'S DEMOCRATIC REPUBLIC,2020-03-15,poisson,7,1.0,hostvector_tempmort,central,1.0,0.3,0.172428,3.235959,1.294833,0.402341,0.106262,0.349753,0.109064
LAO PEOPLE'S DEMOCRATIC REPUBLIC,LAO PEOPLE'S DEMOCRATIC REPUBLIC,2020-03-15,poisson,7,1.0,hostvector_tempmort,alt,1.0,0.3,0.172428,3.61366,1.523833,0.463041,0.122086,0.311211,0.113588
LAO PEOPLE'S DEMOCRATIC REPUBLIC,LAO PEOPLE'S DEMOCRATIC REPUBLIC,2020-03-15,poisson,7,0.75,hostvector,central,1.0,0.3,0.172428,3.176608,1.813024,0.425719,0.150088,0.335639,0.147548
LAO PEOPLE'S DEMOCRATIC REPUBLIC,LAO PEOPLE'S DEMOCRATIC REPUBLIC,2020-03-15,poisson,7,0.75,hostvector,alt,1.0,0.3,0.172428,3.424252,2.061408,0.47327,0.168596,0.289724,0.143992
LAO PEOPLE'S DEMOCRATIC REPUBLIC,LAO PEOPLE'S DEMOCRATIC REPUBLIC,2020-03-15,poisson,7,0.75,seir,central,1.0,0.3,0.172428,3.924536,2.146758,0.498632,0.186229,0.8467,0.446596
LAO PEOPLE'S DEMOCRATIC REPUBLIC,LAO PEOPLE'S DEMOCRATIC REPUBLIC,2020-03-15,poisson,7,0.75,seir,alt,1.0,0.3,0.172428,4.092286,2.271865,0.523506,0.195563,1.107629,0.618508
LAO PEOPLE'S DEMOCRATIC REPUBLIC,LAO PEOPLE'S DEMOCRATIC REPUBLIC,2020-03-15,poisson,7,0.75,hostvector_tempmort,central,1.0,0.3,0.172428,3.267811,1.770055,0.404969,0.146863,0.352477,0.151162
LAO PEOPLE'S DEMOCRATIC REPUBLIC,LAO PEOPLE'S DEMOCRATIC REPUBLIC,2020-03-15,poisson,7,0.75,hostvector_tempmort,alt,1.0,0.3,0.172428,3.504568,2.013906,0.452703,0.165057,0.302996,0.147005
FRENCH GUIANA,FRENCH GUIANA,2020-01-05,nb,3,1.0,hostvector,central,1.0,0.3,0.149556,0.955711,1.43695,0.273099,0.022256,0.149361,0.068809
FRENCH GUIANA,FRENCH GUIANA,2020-01-05,nb,3,1.0,hostvector,alt,1.0,0.3,0.149556,0.000178,1.803428,0.31317,0.025887,0.084986,0.049177
FRENCH GUIANA,FRENCH GUIANA,2020-01-05,nb,3,1.0,seir,central,1.0,0.3,0.149556,2.297167,1.415405,0.279082,0.023133,0.47062,0.213613
FRENCH GUIANA,FRENCH GUIANA,2020-01-05,nb,3,1.0,seir,alt,1.0,0.3,0.149556,2.606975,1.420384,0.28266,0.022973,0.651203,0.296593
FRENCH GUIANA,FRENCH GUIANA,2020-01-05,nb,3,1.0,hostvector_tempmort,central,1.0,0.3,0.149556,1.312423,1.412412,0.271639,0.022098,0.169643,0.076788
FRENCH GUIANA,FRENCH GUIANA,2020-01-05,nb,3,1.0,hostvector_tempmort,alt,1.0,0.3,0.149556,0.385813,1.765377,0.310691,0.02563,0.097468,0.05518
FRENCH GUIANA,FRENCH GUIANA,2020-01-05,nb,3,0.75,hostvector,central,1.0,0.3,0.149556,0.081851,2.114253,0.266773,0.0249,0.112918,0.076506
FRENCH GUIANA,FRENCH GUIANA,2020-01-05,nb,3,0.75,hostvector,alt,1.0,0.3,0.149556,0.0,2.55183,0.309997,0.029371,0.084969,0.069501
FRENCH GUIANA,FRENCH GUIANA,2020-01-05,nb,3,0.75,seir,central,1.0,0.3,0.149556,0.440197,2.058466,0.270329,0.025181,0.260049,0.171541
FRENCH GUIANA,FRENCH GUIANA,2020-01-05,nb,3,0.75,seir,alt,1.0,0.3,0.149556,0.741662,2.053291,0.274541,0.024825,0.358842,0.236134
FRENCH GUIANA,FRENCH GUIANA,2020-01-05,nb,3,0.75,hostvector_tempmort,central,1.0,0.3,0.149556,0.328634,2.089563,0.264861,0.024696,0.123836,0.082895
FRENCH GUIANA,FRENCH GUIANA,2020-01-05,nb,3,0.75,hostvector_tempmort,alt,1.0,0.3,0.149556,1.9e-05,2.517715,0.305632,0.02874,0.086129,0.069504
FRENCH GUIANA,FRENCH GUIANA,2020-01-05,nb,5,1.0,hostvector,central,1.0,0.3,0.149556,9.494847,2.756246,0.363139,0.04539,2.449566,2.153359
FRENCH GUIANA,FRENCH GUIANA,2020-01-05,nb,5,1.0,hostvector,alt,1.0,0.3,0.149556,10.005634,3.51751,0.411263,0.05518,2.2555,2.529584
FRENCH GUIANA,FRENCH GUIANA,2020-01-05,nb,5,1.0,seir,central,1.0,0.3,0.149556,10.152317,2.702458,0.359541,0.044754,6.267675,5.414544
FRENCH GUIANA,FRENCH GUIANA,2020-01-05,nb,5,1.0,seir,alt,1.0,0.3,0.149556,10.503095,2.738621,0.363031,0.045077,8.808781,7.714421
FRENCH GUIANA,FRENCH GUIANA,2020-01-05,nb,5,1.0,hostvector_tempmort,central,1.0,0.3,0.149556,9.73936,2.710165,0.361291,0.044977,2.681655,2.317608
FRENCH GUIANA,FRENCH GUIANA,2020-01-05,nb,5,1.0,hostvector_tempmort,alt,1.0,0.3,0.149556,10.349111,3.449943,0.409734,0.054696,2.548676,2.802813
FRENCH GUIANA,FRENCH GUIANA,2020-01-05,nb,5,0.75,hostvector,central,1.0,0.3,0.149556,9.985607,4.480578,0.373307,0.061009,2.862761,4.094522
FRENCH GUIANA,FRENCH GUIANA,2020-01-05,nb,5,0.75,hostvector,alt,1.0,0.3,0.149556,10.895736,5.665422,0.422781,0.07617,2.995791,5.415315
FRENCH GUIANA,FRENCH GUIANA,2020-01-05,nb,5,0.75,seir,central,1.0,0.3,0.149556,9.19063,3.96361,0.36136,0.053804,4.601781,5.834618
FRENCH GUIANA,FRENCH GUIANA,2020-01-05,nb,5,0.75,seir,alt,1.0,0.3,0.149556,9.335163,3.975894,0.363086,0.053569,6.054233,7.703538
FRENCH GUIANA,FRENCH GUIANA,2020-01-05,nb,5,0.75,hostvector_tempmort,central,1.0,0.3,0.149556,10.118194,4.436067,0.370681,0.060536,3.023679,4.281287
FRENCH GUIANA,FRENCH GUIANA,2020-01-05,nb,5,0.75,hostvector_tempmort,alt,1.0,0.3,0.149556,11.052687,5.605472,0.42006,0.075524,3.188764,5.702493
FRENCH GUIANA,FRENCH GUIANA,2020-01-05,nb,7,1.0,hostvector,central,1.0,0.3,0.149556,6e-06,5.966998,0.188039,0.078847,0.126447,0.244482
FRENCH GUIANA,FRENCH GUIANA,2020-01-05,nb,7,1.0,hostvector,alt,1.0,0.3,0.149556,0.0,0.687031,0.229948,0.035612,0.100258,0.02266
FRENCH GUIANA,FRENCH GUIANA,2020-01-05,nb,7,1.0,seir,central,1.0,0.3,0.149556,0.0,0.085443,0.178504,0.032555,0.261492,0.00985
FRENCH GUIANA,FRENCH GUIANA,2020-01-05,nb,7,1.0,seir,alt,1.0,0.3,0.149556,2e-06,5.916792,0.180671,0.085482,0.328184,0.633136
FRENCH GUIANA,FRENCH GUIANA,2020-01-05,nb,7,1.0,hostvector_tempmort,central,1.0,0.3,0.149556,0.000122,5.942165,0.181992,0.079244,0.127857,0.246225
FRENCH GUIANA,FRENCH GUIANA,2020-01-05,nb,7,1.0,hostvector_tempmort,alt,1.0,0.3,0.149556,5e-05,6.943568,0.223031,0.085846,0.101376,0.22779
FRENCH GUIANA,FRENCH GUIANA,2020-01-05,nb,7,0.75,hostvector,central,1.0,0.3,0.149556,0.0,0.019929,0.220962,0.044073,0.12638,0.004248
FRENCH GUIANA,FRENCH GUIANA,2020-01-05,nb,7,0.75,hostvector,alt,1.0,0.3,0.149556,0.0,9.012669,0.254019,0.105066,0.100123,0.291565
FRENCH GUIANA,FRENCH GUIANA,2020-01-05,nb,7,0.75,seir,central,1.0,0.3,0.149556,0.0,5.796808,0.228096,0.089674,0.262498,0.493748
FRENCH GUIANA,FRENCH GUIANA,2020-01-05,nb,7,0.75,seir,alt,1.0,0.3,0.149556,0.0,0.002868,0.232356,0.049536,0.329528,0.011248
FRENCH GUIANA,FRENCH GUIANA,2020-01-05,nb,7,0.75,hostvector_tempmort,central,1.0,0.3,0.149556,0.0,0.01631,0.216648,0.043871,0.127817,0.003613
FRENCH GUIANA,FRENCH GUIANA,2020-01-05,nb,7,0.75,hostvector_tempmort,alt,1.0,0.3,0.149556,1e-06,8.909966,0.249704,0.106026,0.101242,0.291568
FRENCH GUIANA,FRENCH GUIANA,2020-01-05,poisson,3,1.0,hostvector,central,1.0,0.3,0.149556,2.510567,1.930396,0.287942,0.030719,0.246133,0.150164
FRENCH GUIANA,FRENCH GUIANA,2020-01-05,poisson,3,1.0,hostvector,alt,1.0,0.3,0.149556,2.046426,2.341564,0.325257,0.036299,0.164145,0.12144
FRENCH GUIANA,FRENCH GUIANA,2020-01-05,poisson,3,1.0,seir,central,1.0,0.3,0.149556,4.187382,1.934065,0.302021,0.030783,0.865437,0.529675
FRENCH GUIANA,FRENCH GUIANA,2020-01-05,poisson,3,1.0,seir,alt,1.0,0.3,0.149556,4.470783,1.974079,0.303006,0.030657,1.189438,0.74324
FRENCH GUIANA,FRENCH GUIANA,2020-01-05,poisson,3,1.0,hostvector_tempmort,central,1.0,0.3,0.149556,2.773878,1.904128,0.286539,0.030399,0.271249,0.163193
FRENCH GUIANA,FRENCH GUIANA,2020-01-05,poisson,3,1.0,hostvector_tempmort,alt,1.0,0.3,0.149556,2.365243,2.307617,0.323895,0.035884,0.184163,0.134226
FRENCH GUIANA,FRENCH GUIANA,2020-01-05,poisson,3,0.75,hostvector,central,1.0,0.3,0.149556,2.891744,2.645654,0.290593,0.037224,0.277744,0.232368
FRENCH GUIANA,FRENCH GUIANA,2020-01-05,poisson,3,0.75,hostvector,alt,1.0,0.3,0.149556,2.835725,3.140178,0.331119,0.044059,0.210768,0.209089
FRENCH GUIANA,FRENCH GUIANA,2020-01-05,poisson,3,0.75,seir,central,1.0,0.3,0.149556,4.082275,2.666314,0.301239,0.036902,0.837056,0.706722
FRENCH GUIANA,FRENCH GUIANA,2020-01-05,poisson,3,0.75,seir,alt,1.0,0.3,0.149556,4.335931,2.720661,0.302072,0.036691,1.139619,0.982069
FRENCH GUIANA,FRENCH GUIANA,2020-01-05,poisson,3,0.75,hostvector_tempmort,central,1.0,0.3,0.149556,3.09694,2.616181,0.288763,0.036849,0.300492,0.24855
FRENCH GUIANA,FRENCH GUIANA,2020-01-05,poisson,3,0.75,hostvector_tempmort,alt,1.0,0.3,0.149556,3.070954,3.105214,0.329133,0.043578,0.23028,0.225849
FRENCH GUIANA,FRENCH GUIANA,2020-01-05,poisson,5,1.0,hostvector,central,1.0,0.3,0.149556,8.459372,4.362575,0.291941,0.059023,1.847644,2.564486
FRENCH GUIANA,FRENCH GUIANA,2020-01-05,poisson,5,1.0,hostvector,alt,1.0,0.3,0.149556,8.569706,5.439594,0.319635,0.071498,1.516967,2.624515
FRENCH GUIANA,FRENCH GUIANA,2020-01-05,poisson,5,1.0,seir,central,1.0,0.3,0.149556,10.794998,4.387757,0.322932,0.06003,8.051642,11.254562
FRENCH GUIANA,FRENCH GUIANA,2020-01-05,poisson,5,1.0,seir,alt,1.0,0.3,0.149556,11.06249,4.546316,0.325555,0.061331,11.026033,15.976287
FRENCH GUIANA,FRENCH GUIANA,2020-01-05,poisson,5,1.0,hostvector_tempmort,central,1.0,0.3,0.149556,8.677594,4.311325,0.291133,0.058538,2.003975,2.748437
FRENCH GUIANA,FRENCH GUIANA,2020-01-05,poisson,5,1.0,hostvector_tempmort,alt,1.0,0.3,0.149556,8.824435,5.376401,0.319039,0.070935,1.663917,2.844846
FRENCH GUIANA,FRENCH GUIANA,2020-01-05,poisson,5,0.75,hostvector,central,1.0,0.3,0.149556,8.946653,6.323348,0.296999,0.079116,2.157476,4.340559
FRENCH GUIANA,FRENCH GUIANA,2020-01-05,poisson,5,0.75,hostvector,alt,1.0,0.3,0.149556,9.233974,7.585175,0.326248,0.094252,1.873786,4.520099
FRENCH GUIANA,FRENCH GUIANA,2020-01-05,poisson,5,0.75,seir,central,1.0,0.3,0.149556,10.728027,6.373072,0.322883,0.078933,7.882502,16.001748
FRENCH GUIANA,FRENCH GUIANA,2020-01-05,poisson,5,0.75,seir,alt,1.0,0.3,0.149556,10.788316,6.544167,0.323651,0.079972,10.105502,21.074076
FRENCH GUIANA,FRENCH GUIANA,2020-01-05,poisson,5,0.75,hostvector_tempmort,central,1.0,0.3,0.149556,9.078208,6.272039,0.295355,0.078594,2.276342,4.542068
FRENCH GUIANA,FRENCH GUIANA,2020-01-05,poisson,5,0.75,hostvector_tempmort,alt,1.0,0.3,0.149556,9.374539,7.527035,0.324561,0.093651,1.981964,4.743873
FRENCH GUIANA,FRENCH GUIANA,2020-01-05,poisson,7,1.0,hostvector,central,1.0,0.3,0.149556,0.0,,0.142532,,0.136802,
FRENCH GUIANA,FRENCH GUIANA,2020-01-05,poisson,7,1.0,hostvector,alt,1.0,0.3,0.149556,0.0,0.026438,0.163142,0.036476,0.109972,0.00339
FRENCH GUIANA,FRENCH GUIANA,2020-01-05,poisson,7,1.0,seir,central,1.0,0.3,0.149556,0.0,1.895102,0.145543,0.042635,0.284243,0.174663
FRENCH GUIANA,FRENCH GUIANA,2020-01-05,poisson,7,1.0,seir,alt,1.0,0.3,0.149556,0.0,8.416527,0.147895,0.112464,0.35723,0.976733
FRENCH GUIANA,FRENCH GUIANA,2020-01-05,poisson,7,1.0,hostvector_tempmort,central,1.0,0.3,0.149556,0.0,0.90783,0.139369,0.034368,0.138204,0.040843
FRENCH GUIANA,FRENCH GUIANA,2020-01-05,poisson,7,1.0,hostvector_tempmort,alt,1.0,0.3,0.149556,0.0,0.143984,0.159987,0.036001,0.111043,0.006099
FRENCH GUIANA,FRENCH GUIANA,2020-01-05,poisson,7,0.75,hostvector,central,1.0,0.3,0.149556,0.0,0.19715,0.148222,0.042261,0.136995,0.010225
FRENCH GUIANA,FRENCH GUIANA,2020-01-05,poisson,7,0.75,hostvector,alt,1.0,0.3,0.149556,0.0,0.010184,0.167191,0.044283,0.110072,0.003768
FRENCH GUIANA,FRENCH GUIANA,2020-01-05,poisson,7,0.75,seir,central,1.0,0.3,0.149556,0.0,9.589074,0.156453,0.125205,0.285482,0.889014
FRENCH GUIANA,FRENCH GUIANA,2020-01-05,poisson,7,0.75,seir,alt,1.0,0.3,0.149556,0.0,0.207534,0.159543,0.052776,0.35894,0.030781
FRENCH GUIANA,FRENCH GUIANA,2020-01-05,poisson,7,0.75,hostvector_tempmort,central,1.0,0.3,0.149556,0.0,,0.145391,,0.138414,
FRENCH GUIANA,FRENCH GUIANA,2020-01-05,poisson,7,0.75,hostvector_tempmort,alt,1.0,0.3,0.149556,0.0,9.555904,0.164432,0.111808,0.111156,0.343432
HONDURAS,HONDURAS,2021-04-25,nb,3,1.0,hostvector,central,1.0,0.3,0.227875,0.14573,0.631173,0.264977,0.051334,0.134278,0.052281
HONDURAS,HONDURAS,2021-04-25,nb,3,1.0,hostvector,alt,1.0,0.3,0.227875,1e-06,0.673614,0.31011,0.065576,0.096859,0.040679
HONDURAS,HONDURAS,2021-04-25,nb,3,1.0,seir,central,1.0,0.3,0.227875,0.533016,0.677533,0.273673,0.039632,0.347078,0.140173
HONDURAS,HONDURAS,2021-04-25,nb,3,1.0,seir,alt,1.0,0.3,0.227875,0.465094,0.699997,0.27691,0.040272,0.418081,0.174548
HONDURAS,HONDURAS,2021-04-25,nb,3,1.0,hostvector_tempmort,central,1.0,0.3,0.227875,0.108725,0.633653,0.259136,0.049341,0.131415,0.051193
HONDURAS,HONDURAS,2021-04-25,nb,3,1.0,hostvector_tempmort,alt,1.0,0.3,0.227875,1e-06,0.682963,0.305999,0.063089,0.09707,0.041178
HONDURAS,HONDURAS,2021-04-25,nb,3,0.75,hostvector,central,1.0,0.3,0.227875,0.009977,0.898697,0.2727,0.060792,0.124371,0.06848
HONDURAS,HONDURAS,2021-04-25,nb,3,0.75,hostvector,alt,1.0,0.3,0.227875,1.2e-05,1.059432,0.313569,0.073083,0.097513,0.06369
HONDURAS,HONDURAS,2021-04-25,nb,3,0.75,seir,central,1.0,0.3,0.227875,0.306642,0.894382,0.293845,0.06731,0.306605,0.162579
HONDURAS,HONDURAS,2021-04-25,nb,3,0.75,seir,alt,1.0,0.3,0.227875,0.23076,0.906518,0.297828,0.06826,0.367465,0.198023
HONDURAS,HONDURAS,2021-04-25,nb,3,0.75,hostvector_tempmort,central,1.0,0.3,0.227875,0.0,0.565821,0.268743,0.055307,0.123822,0.042687
HONDURAS,HONDURAS,2021-04-25,nb,3,0.75,hostvector_tempmort,alt,1.0,0.3,0.227875,3e-06,1.055393,0.310706,0.071482,0.097738,0.0634
HONDURAS,HONDURAS,2021-04-25,nb,5,1.0,hostvector,central,1.0,0.3,0.227875,0.0,0.422171,0.293376,0.055946,0.133195,0.036502
HONDURAS,HONDURAS,2021-04-25,nb,5,1.0,hostvector,alt,1.0,0.3,0.227875,0.0,0.054806,0.351145,0.034083,0.106229,0.003718
HONDURAS,HONDURAS,2021-04-25,nb,5,1.0,seir,central,1.0,0.3,0.227875,0.0,0.492157,0.303964,0.04902,0.277662,0.085914
HONDURAS,HONDURAS,2021-04-25,nb,5,1.0,seir,alt,1.0,0.3,0.227875,0.0,0.548363,0.316505,0.052094,0.349275,0.120186
HONDURAS,HONDURAS,2021-04-25,nb,5,1.0,hostvector_tempmort,central,1.0,0.3,0.227875,0.0,0.000127,0.292643,0.027301,0.133564,0.001371
HONDURAS,HONDURAS,2021-04-25,nb,5,1.0,hostvector_tempmort,alt,1.0,0.3,0.227875,0.0,0.036079,0.349437,0.033362,0.106563,0.002583
HONDURAS,HONDURAS,2021-04-25,nb,5,0.75,hostvector,central,1.0,0.3,0.227875,0.0,0.834769,0.249455,0.075373,0.130077,0.06501
HONDURAS,HONDURAS,2021-04-25,nb,5,0.75,hostvector,alt,1.0,0.3,0.227875,0.0,0.929499,0.28804,0.085893,0.1036,0.058226
HONDURAS,HONDURAS,2021-04-25,nb,5,0.75,seir,central,1.0,0.3,0.227875,0.0,0.008187,0.243939,0.084228,0.265428,0.013496
HONDURAS,HONDURAS,2021-04-25,nb,5,0.75,seir,alt,1.0,0.3,0.227875,0.0,1.072818,0.23168,0.093995,0.329269,0.198259
HONDURAS,HONDURAS,2021-04-25,nb,5,0.75,hostvector_tempmort,central,1.0,0.3,0.227875,0.0,0.855665,0.240914,0.07683,0.129831,0.065918
HONDURAS,HONDURAS,2021-04-25,nb,5,0.75,hostvector_tempmort,alt,1.0,0.3,0.227875,0.0,0.977524,0.280647,0.087508,0.103537,0.060786
HONDURAS,HONDURAS,2021-04-25,nb,7,1.0,hostvector,central,1.0,0.3,0.227875,0.0,0.719005,0.136035,0.074656,0.13469,0.058845
HONDURAS,HONDURAS,2021-04-25,nb,7,1.0,hostvector,alt,1.0,0.3,0.227875,0.0,0.690602,0.146543,0.087991,0.107716,0.045517
HONDURAS,HONDURAS,2021-04-25,nb,7,1.0,seir,central,1.0,0.3,0.227875,0.0,0.011271,0.153099,0.073248,0.278312,0.011861
HONDURAS,HONDURAS,2021-04-25,nb,7,1.0,seir,alt,1.0,0.3,0.227875,0.0,0.004468,0.132065,0.076068,0.344773,0.015603
HONDURAS,HONDURAS,2021-04-25,nb,7,1.0,hostvector_tempmort,central,1.0,0.3,0.227875,0.0,,0.12341,,0.134101,
HONDURAS,HONDURAS,2021-04-25,nb,7,1.0,hostvector_tempmort,alt,1.0,0.3,0.227875,0.0,0.759699,0.133402,0.086233,0.107284,0.049053
HONDURAS,HONDURAS,2021-04-25,nb,7,0.75,hostvector,central,1.0,0.3,0.227875,0.0,0.306318,-0.037765,0.063816,0.110069,0.022882
HONDURAS,HONDURAS,2021-04-25,nb,7,0.75,hostvector,alt,1.0,0.3,0.227875,0.0,0.392738,-0.046249,0.059304,0.08595,0.019972
HONDURAS,HONDURAS,2021-04-25,nb,7,0.75,seir,central,1.0,0.3,0.227875,0.033903,0.359607,-0.018358,0.065806,0.229331,0.057943
HONDURAS,HONDURAS,2021-04-25,nb,7,0.75,seir,alt,1.0,0.3,0.227875,6e-06,1.137444,-0.026978,0.089362,0.279656,0.169251
HONDURAS,HONDURAS,2021-04-25,nb,7,0.75,hostvector_tempmort,central,1.0,0.3,0.227875,0.0,0.829241,-0.028034,0.071982,0.111241,0.049181
HONDURAS,HONDURAS,2021-04-25,nb,7,0.75,hostvector_tempmort,alt,1.0,0.3,0.227875,0.0,1.132423,-0.037518,0.089277,0.086812,0.051057
HONDURAS,HONDURAS,2021-04-25,poisson,3,1.0,hostvector,central,1.0,0.3,0.227875,0.560512,0.785103,0.276384,0.052841,0.173018,0.081909
HONDURAS,HONDURAS,2021-04-25,poisson,3,1.0,hostvector,alt,1.0,0.3,0.227875,0.550763,0.916978,0.32599,0.069235,0.136122,0.075948
HONDURAS,HONDURAS,2021-04-25,poisson,3,1.0,seir,central,1.0,0.3,0.227875,0.718004,0.770846,0.278899,0.048061,0.387376,0.1753
HONDURAS,HONDURAS,2021-04-25,poisson,3,1.0,seir,alt,1.0,0.3,0.227875,0.691101,0.793429,0.286522,0.048741,0.478343,0.223077
HONDURAS,HONDURAS,2021-04-25,poisson,3,1.0,hostvector_tempmort,central,1.0,0.3,0.227875,0.487528,0.771644,0.266375,0.050763,0.165536,0.076747
HONDURAS,HONDURAS,2021-04-25,poisson,3,1.0,hostvector_tempmort,alt,1.0,0.3,0.227875,0.514131,0.915131,0.316582,0.065906,0.133238,0.073924
HONDURAS,HONDURAS,2021-04-25,poisson,3,0.75,hostvector,central,1.0,0.3,0.227875,0.694631,1.054887,0.280834,0.080016,0.188091,0.118057
HONDURAS,HONDURAS,2021-04-25,poisson,3,0.75,hostvector,alt,1.0,0.3,0.227875,0.758737,1.27186,0.328987,0.091438,0.154819,0.118304
HONDURAS,HONDURAS,2021-04-25,poisson,3,0.75,seir,central,1.0,0.3,0.227875,0.793399,1.034775,0.293962,0.094871,0.407804,0.244199
HONDURAS,HONDURAS,2021-04-25,poisson,3,0.75,seir,alt,1.0,0.3,0.227875,0.736356,1.048843,0.307704,0.093316,0.49554,0.302584
HONDURAS,HONDURAS,2021-04-25,poisson,3,0.75,hostvector_tempmort,central,1.0,0.3,0.227875,0.623869,1.031957,0.270673,0.080729,0.180179,0.110102
HONDURAS,HONDURAS,2021-04-25,poisson,3,0.75,hostvector_tempmort,alt,1.0,0.3,0.227875,0.707654,1.248126,0.319565,0.091569,0.150193,0.112169
HONDURAS,HONDURAS,2021-04-25,poisson,5,1.0,hostvector,central,1.0,0.3,0.227875,0.0,0.520683,0.302042,0.063761,0.133882,0.044976
HONDURAS,HONDURAS,2021-04-25,poisson,5,1.0,hostvector,alt,1.0,0.3,0.227875,0.0,0.567526,0.344852,0.076851,0.106599,0.039187
HONDURAS,HONDURAS,2021-04-25,poisson,5,1.0,seir,central,1.0,0.3,0.227875,0.031246,0.650393,0.345367,0.059711,0.286856,0.115882
HONDURAS,HONDURAS,2021-04-25,poisson,5,1.0,seir,alt,1.0,0.3,0.227875,0.0,0.679992,0.353913,0.061261,0.3535,0.149208
HONDURAS,HONDURAS,2021-04-25,poisson,5,1.0,hostvector_tempmort,central,1.0,0.3,0.227875,0.0,0.532053,0.301088,0.062404,0.134217,0.045858
HONDURAS,HONDURAS,2021-04-25,poisson,5,1.0,hostvector_tempmort,alt,1.0,0.3,0.227875,0.0,0.580788,0.344235,0.075596,0.106919,0.040083
HONDURAS,HONDURAS,2021-04-25,poisson,5,0.75,hostvector,central,1.0,0.3,0.227875,0.0,0.931445,0.318921,0.075302,0.134597,0.078398
HONDURAS,HONDURAS,2021-04-25,poisson,5,0.75,hostvector,alt,1.0,0.3,0.227875,0.0,1.02391,0.359552,0.089367,0.107087,0.069113
HONDURAS,HONDURAS,2021-04-25,poisson,5,0.75,seir,central,1.0,0.3,0.227875,0.0,1.120499,0.36366,0.091527,0.283295,0.18893
HONDURAS,HONDURAS,2021-04-25,poisson,5,0.75,seir,alt,1.0,0.3,0.227875,0.0,1.163748,0.366213,0.09558,0.354927,0.245601
HONDURAS,HONDURAS,2021-04-25,poisson,5,0.75,hostvector_tempmort,central,1.0,0.3,0.227875,0.0,0.967571,0.312898,0.074466,0.13475,0.080647
HONDURAS,HONDURAS,2021-04-25,poisson,5,0.75,hostvector_tempmort,alt,1.0,0.3,0.227875,0.0,1.062636,0.354952,0.088269,0.107314,0.071503
HONDURAS,HONDURAS,2021-04-25,poisson,7,1.0,hostvector,central,1.0,0.3,0.227875,0.0,0.637825,0.254263,0.088054,0.140826,0.060079
HONDURAS,HONDURAS,2021-04-25,poisson,7,1.0,hostvector,alt,1.0,0.3,0.227875,0.0,0.695381,0.286827,0.103281,0.112992,0.052951
HONDURAS,HONDURAS,2021-04-25,poisson,7,1.0,seir,central,1.0,0.3,0.227875,0.0,0.825354,0.252349,0.093669,0.291715,0.152611
HONDURAS,HONDURAS,2021-04-25,poisson,7,1.0,seir,alt,1.0,0.3,0.227875,0.0,0.859468,0.246326,0.097746,0.364419,0.19787
HONDURAS,HONDURAS,2021-04-25,poisson,7,1.0,hostvector_tempmort,central,1.0,0.3,0.227875,0.0,0.655877,0.249685,0.08684,0.141075,0.061397
HONDURAS,HONDURAS,2021-04-25,poisson,7,1.0,hostvector_tempmort,alt,1.0,0.3,0.227875,0.0,0.708258,0.282733,0.101438,0.113265,0.053712
HONDURAS,HONDURAS,2021-04-25,poisson,7,0.75,hostvector,central,1.0,0.3,0.227875,0.538194,,0.009717,,0.163585,
HONDURAS,HONDURAS,2021-04-25,poisson,7,0.75,hostvector,alt,1.0,0.3,0.227875,0.616034,1.048665,0.007517,0.144717,0.135413,0.075804
HONDURAS,HONDURAS,2021-04-25,poisson,7,0.75,seir,central,1.0,0.3,0.227875,0.530717,0.968867,0.01264,0.129355,0.328941,0.172058
HONDURAS,HONDURAS,2021-04-25,poisson,7,0.75,seir,alt,1.0,0.3,0.227875,0.485295,0.977851,0.001972,0.1299,0.397554,0.210545
HONDURAS,HONDURAS,2021-04-25,poisson,7,0.75,hostvector_tempmort,central,1.0,0.3,0.227875,0.441207,0.875893,0.010564,0.123929,0.154467,0.072071
HONDURAS,HONDURAS,2021-04-25,poisson,7,0.75,hostvector_tempmort,alt,1.0,0.3,0.227875,0.527081,1.023443,0.008717,0.142492,0.128522,0.070153
COLOMBIA,TOLIMA,2002-04-07,nb,3,1.0,hostvector,central,1.0,0.3,0.190911,1.037851,0.231709,0.296442,0.02166,0.194644,0.031734
COLOMBIA,TOLIMA,2002-04-07,nb,3,1.0,hostvector,alt,1.0,0.3,0.190911,1.140502,0.287099,0.337111,0.02396,0.157748,0.032131
COLOMBIA,TOLIMA,2002-04-07,nb,3,1.0,seir,central,1.0,0.3,0.190911,1.111481,0.231034,0.315778,0.024293,0.41257,0.066356
COLOMBIA,TOLIMA,2002-04-07,nb,3,1.0,seir,alt,1.0,0.3,0.190911,1.107264,0.233648,0.315837,0.024295,0.513334,0.083619
COLOMBIA,TOLIMA,2002-04-07,nb,3,1.0,hostvector_tempmort,central,1.0,0.3,0.190911,0.964975,0.227986,0.29397,0.021404,0.18759,0.030127
COLOMBIA,TOLIMA,2002-04-07,nb,3,1.0,hostvector_tempmort,alt,1.0,0.3,0.190911,1.063826,0.282364,0.333983,0.023683,0.151705,0.030436
COLOMBIA,TOLIMA,2002-04-07,nb,3,0.75,hostvector,central,1.0,0.3,0.190911,1.188063,0.426664,0.306284,0.027421,0.21837,0.069497
COLOMBIA,TOLIMA,2002-04-07,nb,3,0.75,hostvector,alt,1.0,0.3,0.190911,1.330886,0.517833,0.348792,0.030839,0.182627,0.070529
COLOMBIA,TOLIMA,2002-04-07,nb,3,0.75,seir,central,1.0,0.3,0.190911,1.372707,0.435637,0.331187,0.029916,0.503545,0.162961
COLOMBIA,TOLIMA,2002-04-07,nb,3,0.75,seir,alt,1.0,0.3,0.190911,1.398464,0.447038,0.332526,0.030132,0.641134,0.213059
COLOMBIA,TOLIMA,2002-04-07,nb,3,0.75,hostvector_tempmort,central,1.0,0.3,0.190911,1.090751,0.419845,0.302669,0.027113,0.20656,0.064801
COLOMBIA,TOLIMA,2002-04-07,nb,3,0.75,hostvector_tempmort,alt,1.0,0.3,0.190911,1.235112,0.509069,0.3448,0.030471,0.173096,0.06584
COLOMBIA,TOLIMA,2002-04-07,nb,5,1.0,hostvector,central,1.0,0.3,0.190911,0.436015,0.279495,0.227014,0.028909,0.130844,0.026621
COLOMBIA,TOLIMA,2002-04-07,nb,5,1.0,hostvector,alt,1.0,0.3,0.190911,0.480875,0.340829,0.267565,0.031608,0.102131,0.025675
COLOMBIA,TOLIMA,2002-04-07,nb,5,1.0,seir,central,1.0,0.3,0.190911,0.397874,0.288793,0.225667,0.03369,0.25772,0.053316
COLOMBIA,TOLIMA,2002-04-07,nb,5,1.0,seir,alt,1.0,0.3,0.190911,0.224592,0.247589,0.224436,0.034464,0.281465,0.046311
COLOMBIA,TOLIMA,2002-04-07,nb,5,1.0,hostvector_tempmort,central,1.0,0.3,0.190911,0.372771,0.27639,0.225238,0.028755,0.126948,0.025557
COLOMBIA,TOLIMA,2002-04-07,nb,5,1.0,hostvector_tempmort,alt,1.0,0.3,0.190911,0.415279,0.337233,0.265331,0.031493,0.098948,0.024635
COLOMBIA,TOLIMA,2002-04-07,nb,5,0.75,hostvector,central,1.0,0.3,0.190911,0.246942,0.259033,0.223045,0.033811,0.112764,0.019997
COLOMBIA,TOLIMA,2002-04-07,nb,5,0.75,hostvector,alt,1.0,0.3,0.190911,0.254404,0.278825,0.263355,0.037485,0.08543,0.015454
COLOMBIA,TOLIMA,2002-04-07,nb,5,0.75,seir,central,1.0,0.3,0.190911,0.248726,,0.223129,,0.229457,
COLOMBIA,TOLIMA,2002-04-07,nb,5,0.75,seir,alt,1.0,0.3,0.190911,0.205854,,0.216956,,0.278904,
COLOMBIA,TOLIMA,2002-04-07,nb,5,0.75,hostvector_tempmort,central,1.0,0.3,0.190911,0.178385,0.233929,0.220916,0.033858,0.10893,0.01646
COLOMBIA,TOLIMA,2002-04-07,nb,5,0.75,hostvector_tempmort,alt,1.0,0.3,0.190911,0.184881,0.621542,0.260771,0.039267,0.082495,0.040524
COLOMBIA,TOLIMA,2002-04-07,nb,7,1.0,hostvector,central,1.0,0.3,0.190911,0.0,0.304275,0.082536,0.035769,0.10556,0.023724
COLOMBIA,TOLIMA,2002-04-07,nb,7,1.0,hostvector,alt,1.0,0.3,0.190911,0.0,0.274921,0.102909,0.041585,0.081783,0.017035
COLOMBIA,TOLIMA,2002-04-07,nb,7,1.0,seir,central,1.0,0.3,0.190911,0.0,0.304053,0.073025,0.036971,0.212457,0.047371
COLOMBIA,TOLIMA,2002-04-07,nb,7,1.0,seir,alt,1.0,0.3,0.190911,0.0,0.182835,0.0683,0.036796,0.266317,0.035375
COLOMBIA,TOLIMA,2002-04-07,nb,7,1.0,hostvector_tempmort,central,1.0,0.3,0.190911,0.0,0.218145,0.082721,0.035538,0.107199,0.017406
COLOMBIA,TOLIMA,2002-04-07,nb,7,1.0,hostvector_tempmort,alt,1.0,0.3,0.190911,0.0,0.360705,0.102344,0.041511,0.083066,0.022211
COLOMBIA,TOLIMA,2002-04-07,nb,7,0.75,hostvector,central,1.0,0.3,0.190911,0.0,0.621511,0.08893,0.043869,0.103136,0.051661
COLOMBIA,TOLIMA,2002-04-07,nb,7,0.75,hostvector,alt,1.0,0.3,0.190911,0.0,0.035334,0.107747,0.05012,0.079589,0.005127
COLOMBIA,TOLIMA,2002-04-07,nb,7,0.75,seir,central,1.0,0.3,0.190911,0.0,0.593297,0.081749,0.045265,0.208095,0.098671
COLOMBIA,TOLIMA,2002-04-07,nb,7,0.75,seir,alt,1.0,0.3,0.190911,0.0,0.199522,0.076537,0.044375,0.260978,0.043242
COLOMBIA,TOLIMA,2002-04-07,nb,7,0.75,hostvector_tempmort,central,1.0,0.3,0.190911,0.0,0.144774,0.089239,0.042395,0.105079,0.013087
COLOMBIA,TOLIMA,2002-04-07,nb,7,0.75,hostvector_tempmort,alt,1.0,0.3,0.190911,0.0,0.724958,0.107493,0.051032,0.081098,0.047339
COLOMBIA,TOLIMA,2002-04-07,poisson,3,1.0,hostvector,central,1.0,0.3,0.190911,1.193453,0.221237,0.319117,0.022239,0.213962,0.033742
COLOMBIA,TOLIMA,2002-04-07,poisson,3,1.0,hostvector,alt,1.0,0.3,0.190911,1.323456,0.271263,0.358784,0.024449,0.17669,0.034505
COLOMBIA,TOLIMA,2002-04-07,poisson,3,1.0,seir,central,1.0,0.3,0.190911,1.301686,0.22429,0.345886,0.025302,0.462945,0.072911
COLOMBIA,TOLIMA,2002-04-07,poisson,3,1.0,seir,alt,1.0,0.3,0.190911,1.291534,0.229184,0.346164,0.025572,0.573301,0.092425
COLOMBIA,TOLIMA,2002-04-07,poisson,3,1.0,hostvector_tempmort,central,1.0,0.3,0.190911,1.106587,0.218227,0.314214,0.021969,0.204507,0.03188
COLOMBIA,TOLIMA,2002-04-07,poisson,3,1.0,hostvector_tempmort,alt,1.0,0.3,0.190911,1.234275,0.267329,0.353465,0.024171,0.168742,0.032546
COLOMBIA,TOLIMA,2002-04-07,poisson,3,0.75,hostvector,central,1.0,0.3,0.190911,1.194847,0.386818,0.320048,0.02631,0.214017,0.06403
COLOMBIA,TOLIMA,2002-04-07,poisson,3,0.75,hostvector,alt,1.0,0.3,0.190911,1.342582,0.473038,0.360113,0.029237,0.179345,0.065698
COLOMBIA,TOLIMA,2002-04-07,poisson,3,0.75,seir,central,1.0,0.3,0.190911,1.387759,0.400253,0.349454,0.029542,0.495675,0.152091
COLOMBIA,TOLIMA,2002-04-07,poisson,3,0.75,seir,alt,1.0,0.3,0.190911,1.40822,0.413024,0.350749,0.029888,0.629189,0.199231
COLOMBIA,TOLIMA,2002-04-07,poisson,3,0.75,hostvector_tempmort,central,1.0,0.3,0.190911,1.089501,0.381382,0.314656,0.02604,0.201521,0.059574
COLOMBIA,TOLIMA,2002-04-07,poisson,3,0.75,hostvector_tempmort,alt,1.0,0.3,0.190911,1.237658,0.46596,0.354366,0.028926,0.169117,0.06116
COLOMBIA,TOLIMA,2002-04-07,poisson,5,1.0,hostvector,central,1.0,0.3,0.190911,0.429113,0.316635,0.221346,0.032758,0.130371,0.030052
COLOMBIA,TOLIMA,2002-04-07,poisson,5,1.0,hostvector,alt,1.0,0.3,0.190911,0.526596,0.377296,0.260452,0.035541,0.10601,0.029458
COLOMBIA,TOLIMA,2002-04-07,poisson,5,1.0,seir,central,1.0,0.3,0.190911,0.323982,0.332719,0.217321,0.037602,0.244162,0.058281
COLOMBIA,TOLIMA,2002-04-07,poisson,5,1.0,seir,alt,1.0,0.3,0.190911,0.27201,0.344545,0.211042,0.038333,0.294843,0.073107
COLOMBIA,TOLIMA,2002-04-07,poisson,5,1.0,hostvector_tempmort,central,1.0,0.3,0.190911,0.360633,0.313203,0.218668,0.032418,0.126045,0.028778
COLOMBIA,TOLIMA,2002-04-07,poisson,5,1.0,hostvector_tempmort,alt,1.0,0.3,0.190911,0.454988,0.37325,0.257198,0.035255,0.102317,0.028164
COLOMBIA,TOLIMA,2002-04-07,poisson,5,0.75,hostvector,central,1.0,0.3,0.190911,0.273808,0.616632,0.212032,0.04381,0.115585,0.05625
COLOMBIA,TOLIMA,2002-04-07,poisson,5,0.75,hostvector,alt,1.0,0.3,0.190911,0.317377,0.745343,0.250794,0.048687,0.089885,0.053451
COLOMBIA,TOLIMA,2002-04-07,poisson,5,0.75,seir,central,1.0,0.3,0.190911,0.237223,0.627603,0.207554,0.049134,0.229308,0.111205
COLOMBIA,TOLIMA,2002-04-07,poisson,5,0.75,seir,alt,1.0,0.3,0.190911,0.188643,0.653462,0.200375,0.050702,0.277863,0.140327
COLOMBIA,TOLIMA,2002-04-07,poisson,5,0.75,hostvector_tempmort,central,1.0,0.3,0.190911,0.200582,0.607698,0.208811,0.043342,0.111337,0.053421
COLOMBIA,TOLIMA,2002-04-07,poisson,5,0.75,hostvector_tempmort,alt,1.0,0.3,0.190911,0.241392,0.734883,0.246908,0.048293,0.086468,0.050715
COLOMBIA,TOLIMA,2002-04-07,poisson,7,1.0,hostvector,central,1.0,0.3,0.190911,0.0,0.340652,0.094167,0.036058,0.104157,0.026209
COLOMBIA,TOLIMA,2002-04-07,poisson,7,1.0,hostvector,alt,1.0,0.3,0.190911,0.0,0.421281,0.116293,0.041929,0.080418,0.025201
COLOMBIA,TOLIMA,2002-04-07,poisson,7,1.0,seir,central,1.0,0.3,0.190911,0.0,0.333505,0.086682,0.037158,0.209646,0.051965
COLOMBIA,TOLIMA,2002-04-07,poisson,7,1.0,seir,alt,1.0,0.3,0.190911,0.0,,0.082181,,0.262694,
COLOMBIA,TOLIMA,2002-04-07,poisson,7,1.0,hostvector_tempmort,central,1.0,0.3,0.190911,0.0,0.344498,0.095825,0.035971,0.105594,0.026903
COLOMBIA,TOLIMA,2002-04-07,poisson,7,1.0,hostvector_tempmort,alt,1.0,0.3,0.190911,0.0,0.416659,0.117357,0.041738,0.081541,0.025248
COLOMBIA,TOLIMA,2002-04-07,poisson,7,0.75,hostvector,central,1.0,0.3,0.190911,0.0,0.568832,0.092305,0.045266,0.101422,0.04609
COLOMBIA,TOLIMA,2002-04-07,poisson,7,0.75,hostvector,alt,1.0,0.3,0.190911,0.0,0.689832,0.112337,0.052693,0.077936,0.043167
COLOMBIA,TOLIMA,2002-04-07,poisson,7,0.75,seir,central,1.0,0.3,0.190911,0.0,0.555409,0.086059,0.046614,0.20478,0.089213
COLOMBIA,TOLIMA,2002-04-07,poisson,7,0.75,seir,alt,1.0,0.3,0.190911,0.0,0.540281,0.081017,0.046734,0.256768,0.10776
COLOMBIA,TOLIMA,2002-04-07,poisson,7,0.75,hostvector_tempmort,central,1.0,0.3,0.190911,0.0,0.558031,0.094142,0.044636,0.103099,0.045859
COLOMBIA,TOLIMA,2002-04-07,poisson,7,0.75,hostvector_tempmort,alt,1.0,0.3,0.190911,0.0,0.692883,0.113671,0.052815,0.079251,0.043878
LAO PEOPLE'S DEMOCRATIC REPUBLIC,LAO PEOPLE'S DEMOCRATIC REPUBLIC,2022-04-10,nb,3,1.0,hostvector,central,1.0,0.3,0.192394,4.5e-05,1.551881,0.339555,0.04843,0.141967,0.063782
LAO PEOPLE'S DEMOCRATIC REPUBLIC,LAO PEOPLE'S DEMOCRATIC REPUBLIC,2022-04-10,nb,3,1.0,hostvector,alt,1.0,0.3,0.192394,6e-06,1.977521,0.391099,0.046729,0.113835,0.064857
LAO PEOPLE'S DEMOCRATIC REPUBLIC,LAO PEOPLE'S DEMOCRATIC REPUBLIC,2022-04-10,nb,3,1.0,seir,central,1.0,0.3,0.192394,0.0,0.082017,0.346428,0.037099,0.298901,0.011941
LAO PEOPLE'S DEMOCRATIC REPUBLIC,LAO PEOPLE'S DEMOCRATIC REPUBLIC,2022-04-10,nb,3,1.0,seir,alt,1.0,0.3,0.192394,3.3e-05,1.543954,0.361977,0.067544,0.375023,0.166792
LAO PEOPLE'S DEMOCRATIC REPUBLIC,LAO PEOPLE'S DEMOCRATIC REPUBLIC,2022-04-10,nb,3,1.0,hostvector_tempmort,central,1.0,0.3,0.192394,6e-06,1.554116,0.337336,0.048172,0.144403,0.06495
LAO PEOPLE'S DEMOCRATIC REPUBLIC,LAO PEOPLE'S DEMOCRATIC REPUBLIC,2022-04-10,nb,3,1.0,hostvector_tempmort,alt,1.0,0.3,0.192394,3.9e-05,1.983364,0.387878,0.04653,0.115685,0.066106
LAO PEOPLE'S DEMOCRATIC REPUBLIC,LAO PEOPLE'S DEMOCRATIC REPUBLIC,2022-04-10,nb,3,0.75,hostvector,central,1.0,0.3,0.192394,0.0,0.114499,0.292947,0.055705,0.143146,0.005935
LAO PEOPLE'S DEMOCRATIC REPUBLIC,LAO PEOPLE'S DEMOCRATIC REPUBLIC,2022-04-10,nb,3,0.75,hostvector,alt,1.0,0.3,0.192394,0.0,2.385409,0.32353,0.059952,0.115587,0.079325
LAO PEOPLE'S DEMOCRATIC REPUBLIC,LAO PEOPLE'S DEMOCRATIC REPUBLIC,2022-04-10,nb,3,0.75,seir,central,1.0,0.3,0.192394,0.0,,0.326246,,0.298917,
LAO PEOPLE'S DEMOCRATIC REPUBLIC,LAO PEOPLE'S DEMOCRATIC REPUBLIC,2022-04-10,nb,3,0.75,seir,alt,1.0,0.3,0.192394,0.0,0.406896,0.332646,0.065882,0.37518,0.045306
LAO PEOPLE'S DEMOCRATIC REPUBLIC,LAO PEOPLE'S DEMOCRATIC REPUBLIC,2022-04-10,nb,3,0.75,hostvector_tempmort,central,1.0,0.3,0.192394,2e-06,2.076576,0.290202,0.056716,0.14559,0.087022
LAO PEOPLE'S DEMOCRATIC REPUBLIC,LAO PEOPLE'S DEMOCRATIC REPUBLIC,2022-04-10,nb,3,0.75,hostvector_tempmort,alt,1.0,0.3,0.192394,0.0,0.993468,0.320069,0.056294,0.117426,0.034129
LAO PEOPLE'S DEMOCRATIC REPUBLIC,LAO PEOPLE'S DEMOCRATIC REPUBLIC,2022-04-10,nb,5,1.0,hostvector,central,1.0,0.3,0.192394,0.0,1.835796,0.296512,0.045494,0.158289,0.083174
LAO PEOPLE'S DEMOCRATIC REPUBLIC,LAO PEOPLE'S DEMOCRATIC REPUBLIC,2022-04-10,nb,5,1.0,hostvector,alt,1.0,0.3,0.192394,0.0,0.006418,0.329341,0.036136,0.128848,0.003809
LAO PEOPLE'S DEMOCRATIC REPUBLIC,LAO PEOPLE'S DEMOCRATIC REPUBLIC,2022-04-10,nb,5,1.0,seir,central,1.0,0.3,0.192394,7e-06,2.160566,0.339547,0.088701,0.338636,0.203958
LAO PEOPLE'S DEMOCRATIC REPUBLIC,LAO PEOPLE'S DEMOCRATIC REPUBLIC,2022-04-10,nb,5,1.0,seir,alt,1.0,0.3,0.192394,1.2e-05,2.34919,0.359615,0.091464,0.427205,0.280042
LAO PEOPLE'S DEMOCRATIC REPUBLIC,LAO PEOPLE'S DEMOCRATIC REPUBLIC,2022-04-10,nb,5,1.0,hostvector_tempmort,central,1.0,0.3,0.192394,0.0,0.867023,0.294972,0.038027,0.160833,0.040294
LAO PEOPLE'S DEMOCRATIC REPUBLIC,LAO PEOPLE'S DEMOCRATIC REPUBLIC,2022-04-10,nb,5,1.0,hostvector_tempmort,alt,1.0,0.3,0.192394,0.0,0.280897,0.327312,0.035116,0.130745,0.009982
LAO PEOPLE'S DEMOCRATIC REPUBLIC,LAO PEOPLE'S DEMOCRATIC REPUBLIC,2022-04-10,nb,5,0.75,hostvector,central,1.0,0.3,0.192394,0.0,0.126843,0.260879,0.056627,0.157903,0.007272
LAO PEOPLE'S DEMOCRATIC REPUBLIC,LAO PEOPLE'S DEMOCRATIC REPUBLIC,2022-04-10,nb,5,0.75,hostvector,alt,1.0,0.3,0.192394,0.0,2.755183,0.284085,0.077393,0.128785,0.102037
LAO PEOPLE'S DEMOCRATIC REPUBLIC,LAO PEOPLE'S DEMOCRATIC REPUBLIC,2022-04-10,nb,5,0.75,seir,central,1.0,0.3,0.192394,0.0,0.22544,0.312344,0.07347,0.336208,0.023868
LAO PEOPLE'S DEMOCRATIC REPUBLIC,LAO PEOPLE'S DEMOCRATIC REPUBLIC,2022-04-10,nb,5,0.75,seir,alt,1.0,0.3,0.192394,6e-06,3.518486,0.321601,0.108074,0.423056,0.418799
LAO PEOPLE'S DEMOCRATIC REPUBLIC,LAO PEOPLE'S DEMOCRATIC REPUBLIC,2022-04-10,nb,5,0.75,hostvector_tempmort,central,1.0,0.3,0.192394,0.0,2.789952,0.259226,0.073741,0.160426,0.128268
LAO PEOPLE'S DEMOCRATIC REPUBLIC,LAO PEOPLE'S DEMOCRATIC REPUBLIC,2022-04-10,nb,5,0.75,hostvector_tempmort,alt,1.0,0.3,0.192394,0.0,0.008165,0.281929,0.060093,0.130655,0.003975
LAO PEOPLE'S DEMOCRATIC REPUBLIC,LAO PEOPLE'S DEMOCRATIC REPUBLIC,2022-04-10,nb,7,1.0,hostvector,central,1.0,0.3,0.192394,0.0,0.131311,0.296093,0.028069,0.176378,0.008401
LAO PEOPLE'S DEMOCRATIC REPUBLIC,LAO PEOPLE'S DEMOCRATIC REPUBLIC,2022-04-10,nb,7,1.0,hostvector,alt,1.0,0.3,0.192394,2e-06,1.92401,0.316429,0.029933,0.144588,0.080224
LAO PEOPLE'S DEMOCRATIC REPUBLIC,LAO PEOPLE'S DEMOCRATIC REPUBLIC,2022-04-10,nb,7,1.0,seir,central,1.0,0.3,0.192394,6.946478,1.175462,-0.210128,0.058707,1.861656,0.650643
LAO PEOPLE'S DEMOCRATIC REPUBLIC,LAO PEOPLE'S DEMOCRATIC REPUBLIC,2022-04-10,nb,7,1.0,seir,alt,1.0,0.3,0.192394,7.557142,2.614863,-0.220398,0.300908,2.737367,1.474399
LAO PEOPLE'S DEMOCRATIC REPUBLIC,LAO PEOPLE'S DEMOCRATIC REPUBLIC,2022-04-10,nb,7,1.0,hostvector_tempmort,central,1.0,0.3,0.192394,1.7e-05,2.112936,0.294891,0.028126,0.179061,0.10799
LAO PEOPLE'S DEMOCRATIC REPUBLIC,LAO PEOPLE'S DEMOCRATIC REPUBLIC,2022-04-10,nb,7,1.0,hostvector_tempmort,alt,1.0,0.3,0.192394,2e-06,1.916399,0.315147,0.029302,0.146575,0.080981
LAO PEOPLE'S DEMOCRATIC REPUBLIC,LAO PEOPLE'S DEMOCRATIC REPUBLIC,2022-04-10,nb,7,0.75,hostvector,central,1.0,0.3,0.192394,6.410198,3.764312,-0.204195,0.316319,0.785325,0.722935
LAO PEOPLE'S DEMOCRATIC REPUBLIC,LAO PEOPLE'S DEMOCRATIC REPUBLIC,2022-04-10,nb,7,0.75,hostvector,alt,1.0,0.3,0.192394,2e-06,3.294006,0.284335,0.084326,0.143074,0.133055
LAO PEOPLE'S DEMOCRATIC REPUBLIC,LAO PEOPLE'S DEMOCRATIC REPUBLIC,2022-04-10,nb,7,0.75,seir,central,1.0,0.3,0.192394,6.997647,4.5752,-0.212002,0.354541,1.887635,2.06314
LAO PEOPLE'S DEMOCRATIC REPUBLIC,LAO PEOPLE'S DEMOCRATIC REPUBLIC,2022-04-10,nb,7,0.75,seir,alt,1.0,0.3,0.192394,7.323964,4.614289,-0.220494,0.170396,2.564867,3.137773
LAO PEOPLE'S DEMOCRATIC REPUBLIC,LAO PEOPLE'S DEMOCRATIC REPUBLIC,2022-04-10,nb,7,0.75,hostvector_tempmort,central,1.0,0.3,0.192394,6.431018,3.697955,-0.201897,0.309479,0.803444,0.728407
LAO PEOPLE'S DEMOCRATIC REPUBLIC,LAO PEOPLE'S DEMOCRATIC REPUBLIC,2022-04-10,nb,7,0.75,hostvector_tempmort,alt,1.0,0.3,0.192394,2e-06,3.27456,0.283549,0.082765,0.145051,0.134118
LAO PEOPLE'S DEMOCRATIC REPUBLIC,LAO PEOPLE'S DEMOCRATIC REPUBLIC,2022-04-10,poisson,3,1.0,hostvector,central,1.0,0.3,0.192394,0.0,2.468565,0.391084,0.075217,0.135277,0.095419
LAO PEOPLE'S DEMOCRATIC REPUBLIC,LAO PEOPLE'S DEMOCRATIC REPUBLIC,2022-04-10,poisson,3,1.0,hostvector,alt,1.0,0.3,0.192394,0.0,3.011705,0.428814,0.086312,0.108439,0.092866
LAO PEOPLE'S DEMOCRATIC REPUBLIC,LAO PEOPLE'S DEMOCRATIC REPUBLIC,2022-04-10,poisson,3,1.0,seir,central,1.0,0.3,0.192394,0.0,0.312773,0.463017,0.081448,0.280361,0.029253
LAO PEOPLE'S DEMOCRATIC REPUBLIC,LAO PEOPLE'S DEMOCRATIC REPUBLIC,2022-04-10,poisson,3,1.0,seir,alt,1.0,0.3,0.192394,0.0,2.159743,0.477736,0.081884,0.351271,0.217221
LAO PEOPLE'S DEMOCRATIC REPUBLIC,LAO PEOPLE'S DEMOCRATIC REPUBLIC,2022-04-10,poisson,3,1.0,hostvector_tempmort,central,1.0,0.3,0.192394,0.0,2.473496,0.386759,0.07369,0.137772,0.09733
LAO PEOPLE'S DEMOCRATIC REPUBLIC,LAO PEOPLE'S DEMOCRATIC REPUBLIC,2022-04-10,poisson,3,1.0,hostvector_tempmort,alt,1.0,0.3,0.192394,0.0,0.036724,0.423763,0.084112,0.110347,0.008088
LAO PEOPLE'S DEMOCRATIC REPUBLIC,LAO PEOPLE'S DEMOCRATIC REPUBLIC,2022-04-10,poisson,3,0.75,hostvector,central,1.0,0.3,0.192394,0.0,3.364426,0.389739,0.091691,0.135347,0.129351
LAO PEOPLE'S DEMOCRATIC REPUBLIC,LAO PEOPLE'S DEMOCRATIC REPUBLIC,2022-04-10,poisson,3,0.75,hostvector,alt,1.0,0.3,0.192394,0.0,3.902493,0.426074,0.105738,0.108569,0.120073
LAO PEOPLE'S DEMOCRATIC REPUBLIC,LAO PEOPLE'S DEMOCRATIC REPUBLIC,2022-04-10,poisson,3,0.75,seir,central,1.0,0.3,0.192394,0.0,,0.465876,,0.280055,
LAO PEOPLE'S DEMOCRATIC REPUBLIC,LAO PEOPLE'S DEMOCRATIC REPUBLIC,2022-04-10,poisson,3,0.75,seir,alt,1.0,0.3,0.192394,0.0,3.891432,0.479154,0.099776,0.351073,0.387705
LAO PEOPLE'S DEMOCRATIC REPUBLIC,LAO PEOPLE'S DEMOCRATIC REPUBLIC,2022-04-10,poisson,3,0.75,hostvector_tempmort,central,1.0,0.3,0.192394,0.0,0.211596,0.385148,0.090652,0.137858,0.013427
LAO PEOPLE'S DEMOCRATIC REPUBLIC,LAO PEOPLE'S DEMOCRATIC REPUBLIC,2022-04-10,poisson,3,0.75,hostvector_tempmort,alt,1.0,0.3,0.192394,0.0,4.266431,0.420773,0.104193,0.11049,0.133387
LAO PEOPLE'S DEMOCRATIC REPUBLIC,LAO PEOPLE'S DEMOCRATIC REPUBLIC,2022-04-10,poisson,5,1.0,hostvector,central,1.0,0.3,0.192394,0.0,3.222394,0.236765,0.080905,0.167445,0.154253
LAO PEOPLE'S DEMOCRATIC REPUBLIC,LAO PEOPLE'S DEMOCRATIC REPUBLIC,2022-04-10,poisson,5,1.0,hostvector,alt,1.0,0.3,0.192394,0.0,3.944486,0.252235,0.086993,0.137767,0.155085
LAO PEOPLE'S DEMOCRATIC REPUBLIC,LAO PEOPLE'S DEMOCRATIC REPUBLIC,2022-04-10,poisson,5,1.0,seir,central,1.0,0.3,0.192394,0.0,2.823052,0.324519,0.101806,0.3573,0.287856
LAO PEOPLE'S DEMOCRATIC REPUBLIC,LAO PEOPLE'S DEMOCRATIC REPUBLIC,2022-04-10,poisson,5,1.0,seir,alt,1.0,0.3,0.192394,0.0,3.084884,0.355815,0.103601,0.449488,0.395718
LAO PEOPLE'S DEMOCRATIC REPUBLIC,LAO PEOPLE'S DEMOCRATIC REPUBLIC,2022-04-10,poisson,5,1.0,hostvector_tempmort,central,1.0,0.3,0.192394,0.0,0.064579,0.235586,0.075494,0.169983,0.009737
LAO PEOPLE'S DEMOCRATIC REPUBLIC,LAO PEOPLE'S DEMOCRATIC REPUBLIC,2022-04-10,poisson,5,1.0,hostvector_tempmort,alt,1.0,0.3,0.192394,0.0,1.819931,0.250875,0.084225,0.139633,0.073013
LAO PEOPLE'S DEMOCRATIC REPUBLIC,LAO PEOPLE'S DEMOCRATIC REPUBLIC,2022-04-10,poisson,5,0.75,hostvector,central,1.0,0.3,0.192394,0.0,4.11978,0.23275,0.09852,0.167504,0.196512
LAO PEOPLE'S DEMOCRATIC REPUBLIC,LAO PEOPLE'S DEMOCRATIC REPUBLIC,2022-04-10,poisson,5,0.75,hostvector,alt,1.0,0.3,0.192394,0.0,3.45245,0.247631,0.105304,0.137834,0.135319
LAO PEOPLE'S DEMOCRATIC REPUBLIC,LAO PEOPLE'S DEMOCRATIC REPUBLIC,2022-04-10,poisson,5,0.75,seir,central,1.0,0.3,0.192394,0.0,,0.325187,,0.357192,
LAO PEOPLE'S DEMOCRATIC REPUBLIC,LAO PEOPLE'S DEMOCRATIC REPUBLIC,2022-04-10,poisson,5,0.75,seir,alt,1.0,0.3,0.192394,0.0,4.713032,0.357332,0.125381,0.44937,0.603681
LAO PEOPLE'S DEMOCRATIC REPUBLIC,LAO PEOPLE'S DEMOCRATIC REPUBLIC,2022-04-10,poisson,5,0.75,hostvector_tempmort,central,1.0,0.3,0.192394,0.0,4.155621,0.231371,0.096908,0.170047,0.201639
LAO PEOPLE'S DEMOCRATIC REPUBLIC,LAO PEOPLE'S DEMOCRATIC REPUBLIC,2022-04-10,poisson,5,0.75,hostvector_tempmort,alt,1.0,0.3,0.192394,0.0,4.744538,0.246052,0.10546,0.139704,0.188986
LAO PEOPLE'S DEMOCRATIC REPUBLIC,LAO PEOPLE'S DEMOCRATIC REPUBLIC,2022-04-10,poisson,7,1.0,hostvector,central,1.0,0.3,0.192394,3.092885,3.376596,-0.510688,0.378239,0.349306,0.309124
LAO PEOPLE'S DEMOCRATIC REPUBLIC,LAO PEOPLE'S DEMOCRATIC REPUBLIC,2022-04-10,poisson,7,1.0,hostvector,alt,1.0,0.3,0.192394,0.0,5.604818,0.049382,0.196952,0.15935,0.251017
LAO PEOPLE'S DEMOCRATIC REPUBLIC,LAO PEOPLE'S DEMOCRATIC REPUBLIC,2022-04-10,poisson,7,1.0,seir,central,1.0,0.3,0.192394,2.786913,3.61732,-0.533748,0.435247,0.657814,0.576239
LAO PEOPLE'S DEMOCRATIC REPUBLIC,LAO PEOPLE'S DEMOCRATIC REPUBLIC,2022-04-10,poisson,7,1.0,seir,alt,1.0,0.3,0.192394,2.625859,3.907936,-0.556925,0.465647,0.776565,0.75072
LAO PEOPLE'S DEMOCRATIC REPUBLIC,LAO PEOPLE'S DEMOCRATIC REPUBLIC,2022-04-10,poisson,7,1.0,hostvector_tempmort,central,1.0,0.3,0.192394,3.128186,3.334376,-0.503203,0.36833,0.358311,0.312063
LAO PEOPLE'S DEMOCRATIC REPUBLIC,LAO PEOPLE'S DEMOCRATIC REPUBLIC,2022-04-10,poisson,7,1.0,hostvector_tempmort,alt,1.0,0.3,0.192394,0.0,5.293734,0.053258,0.180534,0.161208,0.239982
LAO PEOPLE'S DEMOCRATIC REPUBLIC,LAO PEOPLE'S DEMOCRATIC REPUBLIC,2022-04-10,poisson,7,0.75,hostvector,central,1.0,0.3,0.192394,0.324742,6.11894,-0.531986,0.497031,0.158172,0.26455
LAO PEOPLE'S DEMOCRATIC REPUBLIC,LAO PEOPLE'S DEMOCRATIC REPUBLIC,2022-04-10,poisson,7,0.75,hostvector,alt,1.0,0.3,0.192394,0.392433,8.212319,-0.617518,0.63987,0.129245,0.287667
LAO PEOPLE'S DEMOCRATIC REPUBLIC,LAO PEOPLE'S DEMOCRATIC REPUBLIC,2022-04-10,poisson,7,0.75,seir,central,1.0,0.3,0.192394,1e-06,6.579895,-0.558555,0.582028,0.29614,0.514284
LAO PEOPLE'S DEMOCRATIC REPUBLIC,LAO PEOPLE'S DEMOCRATIC REPUBLIC,2022-04-10,poisson,7,0.75,seir,alt,1.0,0.3,0.192394,0.0,7.511165,-0.570739,0.607405,0.366209,0.729081
LAO PEOPLE'S DEMOCRATIC REPUBLIC,LAO PEOPLE'S DEMOCRATIC REPUBLIC,2022-04-10,poisson,7,0.75,hostvector_tempmort,central,1.0,0.3,0.192394,0.390531,6.001012,-0.52411,0.48192,0.163731,0.268478
LAO PEOPLE'S DEMOCRATIC REPUBLIC,LAO PEOPLE'S DEMOCRATIC REPUBLIC,2022-04-10,poisson,7,0.75,hostvector_tempmort,alt,1.0,0.3,0.192394,0.417163,8.07209,-0.609312,0.624773,0.132051,0.289044
MEXICO,VERACRUZ,2005-05-22,nb,3,1.0,hostvector,central,1.0,0.3,0.200704,2.896824,1.486577,0.278867,0.104937,0.322929,0.119598
MEXICO,VERACRUZ,2005-05-22,nb,3,1.0,hostvector,alt,1.0,0.3,0.200704,4.16224,1.964002,0.385226,0.127627,0.358608,0.174421
MEXICO,VERACRUZ,2005-05-22,nb,3,1.0,seir,central,1.0,0.3,0.200704,2.529508,1.164099,0.208501,0.106677,0.624981,0.172292
MEXICO,VERACRUZ,2005-05-22,nb,3,1.0,seir,alt,1.0,0.3,0.200704,2.860321,1.322971,0.236725,0.110178,0.85241,0.267802
MEXICO,VERACRUZ,2005-05-22,nb,3,1.0,hostvector_tempmort,central,1.0,0.3,0.200704,2.948103,1.416582,0.251529,0.100646,0.336852,0.117712
MEXICO,VERACRUZ,2005-05-22,nb,3,1.0,hostvector_tempmort,alt,1.0,0.3,0.200704,4.171161,1.882245,0.358583,0.12339,0.369832,0.170977
MEXICO,VERACRUZ,2005-05-22,nb,3,0.75,hostvector,central,1.0,0.3,0.200704,2.417319,1.963631,0.258205,0.127821,0.287673,0.141543
MEXICO,VERACRUZ,2005-05-22,nb,3,0.75,hostvector,alt,1.0,0.3,0.200704,3.035537,2.635466,0.32311,0.154557,0.27366,0.1811
MEXICO,VERACRUZ,2005-05-22,nb,3,0.75,seir,central,1.0,0.3,0.200704,2.554293,1.603583,0.212897,0.13162,0.630346,0.24227
MEXICO,VERACRUZ,2005-05-22,nb,3,0.75,seir,alt,1.0,0.3,0.200704,2.92542,1.848108,0.243096,0.140426,0.868139,0.386485
MEXICO,VERACRUZ,2005-05-22,nb,3,0.75,hostvector_tempmort,central,1.0,0.3,0.200704,2.558811,1.871932,0.23428,0.123614,0.3068,0.14254
MEXICO,VERACRUZ,2005-05-22,nb,3,0.75,hostvector_tempmort,alt,1.0,0.3,0.200704,3.178858,2.499965,0.301702,0.150745,0.291611,0.181343
MEXICO,VERACRUZ,2005-05-22,nb,5,1.0,hostvector,central,1.0,0.3,0.200704,3.015621,1.442076,0.198405,0.097775,0.365121,0.128224
MEXICO,VERACRUZ,2005-05-22,nb,5,1.0,hostvector,alt,1.0,0.3,0.200704,3.906733,1.899408,0.275204,0.113648,0.383647,0.181762
MEXICO,VERACRUZ,2005-05-22,nb,5,1.0,seir,central,1.0,0.3,0.200704,2.691438,1.148664,0.143853,0.101342,0.691038,0.18231
MEXICO,VERACRUZ,2005-05-22,nb,5,1.0,seir,alt,1.0,0.3,0.200704,2.871044,1.284827,0.167164,0.102857,0.915561,0.27833
MEXICO,VERACRUZ,2005-05-22,nb,5,1.0,hostvector_tempmort,central,1.0,0.3,0.200704,3.015072,1.376126,0.178017,0.094386,0.371925,0.124363
MEXICO,VERACRUZ,2005-05-22,nb,5,1.0,hostvector_tempmort,alt,1.0,0.3,0.200704,3.871249,1.822619,0.255726,0.110235,0.386986,0.175698
MEXICO,VERACRUZ,2005-05-22,nb,5,0.75,hostvector,central,1.0,0.3,0.200704,2.24852,1.892408,0.164677,0.11582,0.299158,0.14126
MEXICO,VERACRUZ,2005-05-22,nb,5,0.75,hostvector,alt,1.0,0.3,0.200704,2.419533,2.494592,0.201533,0.130288,0.259873,0.16563
MEXICO,VERACRUZ,2005-05-22,nb,5,0.75,seir,central,1.0,0.3,0.200704,2.438846,1.577666,0.133639,0.122739,0.648774,0.24582
MEXICO,VERACRUZ,2005-05-22,nb,5,0.75,seir,alt,1.0,0.3,0.200704,2.584107,1.759797,0.154324,0.12664,0.850751,0.367849
MEXICO,VERACRUZ,2005-05-22,nb,5,0.75,hostvector_tempmort,central,1.0,0.3,0.200704,2.343811,1.803276,0.147758,0.112485,0.312361,0.140259
MEXICO,VERACRUZ,2005-05-22,nb,5,0.75,hostvector_tempmort,alt,1.0,0.3,0.200704,2.526058,2.365468,0.187072,0.127348,0.271861,0.163864
MEXICO,VERACRUZ,2005-05-22,nb,7,1.0,hostvector,central,1.0,0.3,0.200704,2.816097,1.390722,0.199086,0.087437,0.369014,0.126319
MEXICO,VERACRUZ,2005-05-22,nb,7,1.0,hostvector,alt,1.0,0.3,0.200704,3.529861,1.814929,0.261763,0.098051,0.376394,0.173846
MEXICO,VERACRUZ,2005-05-22,nb,7,1.0,seir,central,1.0,0.3,0.200704,2.532306,1.131716,0.159562,0.094256,0.701825,0.181584
MEXICO,VERACRUZ,2005-05-22,nb,7,1.0,seir,alt,1.0,0.3,0.200704,2.663914,1.241555,0.18105,0.092988,0.923858,0.271605
MEXICO,VERACRUZ,2005-05-22,nb,7,1.0,hostvector_tempmort,central,1.0,0.3,0.200704,2.832273,1.328892,0.181035,0.084841,0.375544,0.122693
MEXICO,VERACRUZ,2005-05-22,nb,7,1.0,hostvector_tempmort,alt,1.0,0.3,0.200704,3.520825,1.737183,0.24526,0.09542,0.380363,0.168091
MEXICO,VERACRUZ,2005-05-22,nb,7,0.75,hostvector,central,1.0,0.3,0.200704,1.965722,1.830725,0.172018,0.100479,0.293642,0.135857
MEXICO,VERACRUZ,2005-05-22,nb,7,0.75,hostvector,alt,1.0,0.3,0.200704,1.987772,2.426107,0.202535,0.108783,0.246915,0.156016
MEXICO,VERACRUZ,2005-05-22,nb,7,0.75,seir,central,1.0,0.3,0.200704,2.207756,1.531301,0.152566,0.111076,0.64628,0.238218
MEXICO,VERACRUZ,2005-05-22,nb,7,0.75,seir,alt,1.0,0.3,0.200704,2.313333,1.669068,0.17087,0.111251,0.842816,0.347791
MEXICO,VERACRUZ,2005-05-22,nb,7,0.75,hostvector_tempmort,central,1.0,0.3,0.200704,2.098973,1.74235,0.156814,0.098324,0.308321,0.135612
MEXICO,VERACRUZ,2005-05-22,nb,7,0.75,hostvector_tempmort,alt,1.0,0.3,0.200704,2.15482,2.279745,0.189995,0.107164,0.261501,0.154965
MEXICO,VERACRUZ,2005-05-22,poisson,3,1.0,hostvector,central,1.0,0.3,0.200704,9.268239,5.528513,0.403569,0.328318,1.718082,2.520673
MEXICO,VERACRUZ,2005-05-22,poisson,3,1.0,hostvector,alt,1.0,0.3,0.200704,12.428688,7.830811,0.619705,0.469251,3.096198,6.335915
MEXICO,VERACRUZ,2005-05-22,poisson,3,1.0,seir,central,1.0,0.3,0.200704,11.092845,7.175283,0.391297,0.43336,5.829566,11.052312
MEXICO,VERACRUZ,2005-05-22,poisson,3,1.0,seir,alt,1.0,0.3,0.200704,14.841176,18.57757,0.54675,1.095931,19.635132,95.808511
MEXICO,VERACRUZ,2005-05-22,poisson,3,1.0,hostvector_tempmort,central,1.0,0.3,0.200704,9.342419,5.458073,0.393148,0.325662,1.787715,2.585304
MEXICO,VERACRUZ,2005-05-22,poisson,3,1.0,hostvector_tempmort,alt,1.0,0.3,0.200704,12.37349,7.764859,0.600094,0.465897,3.118815,6.327838
MEXICO,VERACRUZ,2005-05-22,poisson,3,0.75,hostvector,central,1.0,0.3,0.200704,9.622664,6.809196,0.417315,0.401611,1.885101,3.401946
MEXICO,VERACRUZ,2005-05-22,poisson,3,0.75,hostvector,alt,1.0,0.3,0.200704,12.696067,9.644782,0.635767,0.57863,3.312584,8.339023
MEXICO,VERACRUZ,2005-05-22,poisson,3,0.75,seir,central,1.0,0.3,0.200704,11.532336,8.877634,0.407661,0.532172,6.546184,15.347474
MEXICO,VERACRUZ,2005-05-22,poisson,3,0.75,seir,alt,1.0,0.3,0.200704,14.979402,23.068204,0.554078,1.361928,20.358656,123.322829
MEXICO,VERACRUZ,2005-05-22,poisson,3,0.75,hostvector_tempmort,central,1.0,0.3,0.200704,9.680578,6.714323,0.406437,0.397967,1.953135,3.470814
MEXICO,VERACRUZ,2005-05-22,poisson,3,0.75,hostvector_tempmort,alt,1.0,0.3,0.200704,12.629069,9.57276,0.61522,0.574821,3.327458,8.31419
MEXICO,VERACRUZ,2005-05-22,poisson,5,1.0,hostvector,central,1.0,0.3,0.200704,6.865099,8.420199,-0.173131,0.505417,0.971672,2.152806
MEXICO,VERACRUZ,2005-05-22,poisson,5,1.0,hostvector,alt,1.0,0.3,0.200704,8.45955,18.525594,-0.149573,1.010062,1.230865,6.02554
MEXICO,VERACRUZ,2005-05-22,poisson,5,1.0,seir,central,1.0,0.3,0.200704,6.824858,6.094354,-0.191396,0.354748,1.975085,3.167456
MEXICO,VERACRUZ,2005-05-22,poisson,5,1.0,seir,alt,1.0,0.3,0.200704,8.579711,12.536011,-0.141188,0.573101,3.975434,13.263878
MEXICO,VERACRUZ,2005-05-22,poisson,5,1.0,hostvector_tempmort,central,1.0,0.3,0.200704,6.880095,8.047138,-0.170795,0.47885,0.991338,2.099584
MEXICO,VERACRUZ,2005-05-22,poisson,5,1.0,hostvector_tempmort,alt,1.0,0.3,0.200704,8.454405,17.840003,-0.147467,0.965404,1.246655,5.878694
MEXICO,VERACRUZ,2005-05-22,poisson,5,0.75,hostvector,central,1.0,0.3,0.200704,6.993262,10.838386,-0.171057,0.633529,1.005306,2.869546
MEXICO,VERACRUZ,2005-05-22,poisson,5,0.75,hostvector,alt,1.0,0.3,0.200704,8.522046,23.408783,-0.148664,1.246162,1.251509,7.746955
MEXICO,VERACRUZ,2005-05-22,poisson,5,0.75,seir,central,1.0,0.3,0.200704,7.089426,7.925553,-0.186923,0.444386,2.119894,4.428267
MEXICO,VERACRUZ,2005-05-22,poisson,5,0.75,seir,alt,1.0,0.3,0.200704,8.789562,16.362489,-0.137808,0.734832,4.207202,18.333917
MEXICO,VERACRUZ,2005-05-22,poisson,5,0.75,hostvector_tempmort,central,1.0,0.3,0.200704,7.011958,10.365134,-0.168772,0.601302,1.026633,2.803107
MEXICO,VERACRUZ,2005-05-22,poisson,5,0.75,hostvector_tempmort,alt,1.0,0.3,0.200704,8.523358,22.598304,-0.146431,1.195309,1.269761,7.589906
MEXICO,VERACRUZ,2005-05-22,poisson,7,1.0,hostvector,central,1.0,0.3,0.200704,7.907553,7.977457,-0.040139,0.343607,1.293665,2.699973
MEXICO,VERACRUZ,2005-05-22,poisson,7,1.0,hostvector,alt,1.0,0.3,0.200704,9.277073,16.151542,-0.030459,0.664077,1.549403,6.573217
MEXICO,VERACRUZ,2005-05-22,poisson,7,1.0,seir,central,1.0,0.3,0.200704,8.424838,6.707303,-0.035726,0.267253,3.035433,5.342985
MEXICO,VERACRUZ,2005-05-22,poisson,7,1.0,seir,alt,1.0,0.3,0.200704,10.102095,14.836497,-0.025115,0.514137,6.007412,23.514269
MEXICO,VERACRUZ,2005-05-22,poisson,7,1.0,hostvector_tempmort,central,1.0,0.3,0.200704,7.927306,7.662897,-0.039032,0.32805,1.321364,2.65018
MEXICO,VERACRUZ,2005-05-22,poisson,7,1.0,hostvector_tempmort,alt,1.0,0.3,0.200704,9.271919,15.545481,-0.029115,0.635508,1.569276,6.410822
MEXICO,VERACRUZ,2005-05-22,poisson,7,0.75,hostvector,central,1.0,0.3,0.200704,8.08328,10.553692,-0.041334,0.447509,1.354891,3.739993
MEXICO,VERACRUZ,2005-05-22,poisson,7,0.75,hostvector,alt,1.0,0.3,0.200704,9.381288,20.949394,-0.031012,0.847848,1.592625,8.764431
MEXICO,VERACRUZ,2005-05-22,poisson,7,0.75,seir,central,1.0,0.3,0.200704,8.727797,8.802932,-0.03754,0.343916,3.290211,7.601737
MEXICO,VERACRUZ,2005-05-22,poisson,7,0.75,seir,alt,1.0,0.3,0.200704,10.262277,19.25202,-0.025767,0.663119,6.271248,31.852475
MEXICO,VERACRUZ,2005-05-22,poisson,7,0.75,hostvector_tempmort,central,1.0,0.3,0.200704,8.103035,10.124164,-0.040197,0.427058,1.383953,3.666309
MEXICO,VERACRUZ,2005-05-22,poisson,7,0.75,hostvector_tempmort,alt,1.0,0.3,0.200704,9.378088,20.180138,-0.029667,0.81284,1.613922,8.559527
EL SALVADOR,EL SALVADOR,2021-12-12,nb,3,1.0,hostvector,central,1.0,0.3,0.154107,1.166197,0.501377,0.296919,0.012748,0.161979,0.024731
EL SALVADOR,EL SALVADOR,2021-12-12,nb,3,1.0,hostvector,alt,1.0,0.3,0.154107,1.498226,0.608763,0.350859,0.014968,0.13896,0.025612
EL SALVADOR,EL SALVADOR,2021-12-12,nb,3,1.0,seir,central,1.0,0.3,0.154107,0.785867,0.517109,0.295099,0.013957,0.294506,0.046641
EL SALVADOR,EL SALVADOR,2021-12-12,nb,3,1.0,seir,alt,1.0,0.3,0.154107,0.788703,0.514946,0.295221,0.013964,0.369319,0.058311
EL SALVADOR,EL SALVADOR,2021-12-12,nb,3,1.0,hostvector_tempmort,central,1.0,0.3,0.154107,1.323468,0.495411,0.292291,0.012561,0.172829,0.026023
EL SALVADOR,EL SALVADOR,2021-12-12,nb,3,1.0,hostvector_tempmort,alt,1.0,0.3,0.154107,1.647317,0.600781,0.345127,0.014717,0.147915,0.02685
EL SALVADOR,EL SALVADOR,2021-12-12,nb,3,0.75,hostvector,central,1.0,0.3,0.154107,0.918273,0.566534,0.312053,0.020304,0.151393,0.025492
EL SALVADOR,EL SALVADOR,2021-12-12,nb,3,0.75,hostvector,alt,1.0,0.3,0.154107,1.262538,0.715009,0.360921,0.022699,0.130041,0.027468
EL SALVADOR,EL SALVADOR,2021-12-12,nb,3,0.75,seir,central,1.0,0.3,0.154107,0.399512,0.557564,0.326579,0.02342,0.266324,0.04449
EL SALVADOR,EL SALVADOR,2021-12-12,nb,3,0.75,seir,alt,1.0,0.3,0.154107,0.392385,0.557125,0.326486,0.023407,0.332943,0.055681
EL SALVADOR,EL SALVADOR,2021-12-12,nb,3,0.75,hostvector_tempmort,central,1.0,0.3,0.154107,1.088431,0.559095,0.30675,0.019988,0.162133,0.026879
EL SALVADOR,EL SALVADOR,2021-12-12,nb,3,0.75,hostvector_tempmort,alt,1.0,0.3,0.154107,1.426296,0.704431,0.354649,0.022305,0.139017,0.028855
EL SALVADOR,EL SALVADOR,2021-12-12,nb,5,1.0,hostvector,central,1.0,0.3,0.154107,1.458943,0.662152,0.278461,0.016411,0.185791,0.037301
EL SALVADOR,EL SALVADOR,2021-12-12,nb,5,1.0,hostvector,alt,1.0,0.3,0.154107,1.80098,0.81931,0.323279,0.019369,0.161646,0.039901
EL SALVADOR,EL SALVADOR,2021-12-12,nb,5,1.0,seir,central,1.0,0.3,0.154107,1.193447,0.656813,0.283342,0.017608,0.349575,0.070007
EL SALVADOR,EL SALVADOR,2021-12-12,nb,5,1.0,seir,alt,1.0,0.3,0.154107,5.033285,0.937084,0.216188,0.029232,1.323993,0.3724
EL SALVADOR,EL SALVADOR,2021-12-12,nb,5,1.0,hostvector_tempmort,central,1.0,0.3,0.154107,1.606436,0.654986,0.274562,0.016225,0.197403,0.039142
EL SALVADOR,EL SALVADOR,2021-12-12,nb,5,1.0,hostvector_tempmort,alt,1.0,0.3,0.154107,1.942149,0.809631,0.318746,0.019136,0.171348,0.041729
EL SALVADOR,EL SALVADOR,2021-12-12,nb,5,0.75,hostvector,central,1.0,0.3,0.154107,0.918204,0.774268,0.319249,0.030277,0.161684,0.037048
EL SALVADOR,EL SALVADOR,2021-12-12,nb,5,0.75,hostvector,alt,1.0,0.3,0.154107,1.143358,1.000393,0.362289,0.034803,0.135779,0.0401
EL SALVADOR,EL SALVADOR,2021-12-12,nb,5,0.75,seir,central,1.0,0.3,0.154107,0.629993,0.724555,0.339668,0.033145,0.305077,0.065616
EL SALVADOR,EL SALVADOR,2021-12-12,nb,5,0.75,seir,alt,1.0,0.3,0.154107,0.670829,0.730171,0.339785,0.033541,0.387177,0.084016
EL SALVADOR,EL SALVADOR,2021-12-12,nb,5,0.75,hostvector_tempmort,central,1.0,0.3,0.154107,1.084783,0.765202,0.31413,0.029868,0.172746,0.039043
EL SALVADOR,EL SALVADOR,2021-12-12,nb,5,0.75,hostvector_tempmort,alt,1.0,0.3,0.154107,1.30975,0.98701,0.35652,0.03429,0.145017,0.042161
EL SALVADOR,EL SALVADOR,2021-12-12,nb,7,1.0,hostvector,central,1.0,0.3,0.154107,2.400558,0.812387,0.273636,0.021786,0.261046,0.063705
EL SALVADOR,EL SALVADOR,2021-12-12,nb,7,1.0,hostvector,alt,1.0,0.3,0.154107,2.996261,1.015323,0.317442,0.02606,0.246834,0.074544
EL SALVADOR,EL SALVADOR,2021-12-12,nb,7,1.0,seir,central,1.0,0.3,0.154107,2.116656,0.793473,0.280889,0.023225,0.490189,0.117686
EL SALVADOR,EL SALVADOR,2021-12-12,nb,7,1.0,seir,alt,1.0,0.3,0.154107,5.405262,,0.18881,,1.529286,
EL SALVADOR,EL SALVADOR,2021-12-12,nb,7,1.0,hostvector_tempmort,central,1.0,0.3,0.154107,2.523038,0.803371,0.270485,0.021553,0.274891,0.066273
EL SALVADOR,EL SALVADOR,2021-12-12,nb,7,1.0,hostvector_tempmort,alt,1.0,0.3,0.154107,3.105555,1.002867,0.313896,0.025759,0.258704,0.077103
EL SALVADOR,EL SALVADOR,2021-12-12,nb,7,0.75,hostvector,central,1.0,0.3,0.154107,1.80843,0.932736,0.34151,0.042425,0.229969,0.062328
EL SALVADOR,EL SALVADOR,2021-12-12,nb,7,0.75,hostvector,alt,1.0,0.3,0.154107,2.27798,1.19294,0.385898,0.047599,0.209959,0.072381
EL SALVADOR,EL SALVADOR,2021-12-12,nb,7,0.75,seir,central,1.0,0.3,0.154107,1.544575,0.856682,0.374921,0.046312,0.443584,0.111134
EL SALVADOR,EL SALVADOR,2021-12-12,nb,7,0.75,seir,alt,1.0,0.3,0.154107,1.60618,0.848304,0.382066,0.046383,0.569154,0.141348
EL SALVADOR,EL SALVADOR,2021-12-12,nb,7,0.75,hostvector_tempmort,central,1.0,0.3,0.154107,1.938769,0.920387,0.337476,0.041775,0.24268,0.064839
EL SALVADOR,EL SALVADOR,2021-12-12,nb,7,0.75,hostvector_tempmort,alt,1.0,0.3,0.154107,2.396995,1.175249,0.381602,0.04685,0.220675,0.074874
EL SALVADOR,EL SALVADOR,2021-12-12,poisson,3,1.0,hostvector,central,1.0,0.3,0.154107,0.41163,1.002341,0.274581,0.0342,0.129523,0.039426
EL SALVADOR,EL SALVADOR,2021-12-12,poisson,3,1.0,hostvector,alt,1.0,0.3,0.154107,0.605622,1.14549,0.330709,0.043929,0.106531,0.036674
EL SALVADOR,EL SALVADOR,2021-12-12,poisson,3,1.0,seir,central,1.0,0.3,0.154107,0.24177,1.058038,0.266714,0.031617,0.251448,0.081442
EL SALVADOR,EL SALVADOR,2021-12-12,poisson,3,1.0,seir,alt,1.0,0.3,0.154107,0.274992,1.063203,0.269058,0.03181,0.317874,0.103509
EL SALVADOR,EL SALVADOR,2021-12-12,poisson,3,1.0,hostvector_tempmort,central,1.0,0.3,0.154107,0.551916,0.99355,0.270249,0.033947,0.1375,0.04142
EL SALVADOR,EL SALVADOR,2021-12-12,poisson,3,1.0,hostvector_tempmort,alt,1.0,0.3,0.154107,0.733783,1.135226,0.325133,0.043432,0.112697,0.038393
EL SALVADOR,EL SALVADOR,2021-12-12,poisson,3,0.75,hostvector,central,1.0,0.3,0.154107,0.112855,1.465976,0.314185,0.05649,0.116704,0.050519
EL SALVADOR,EL SALVADOR,2021-12-12,poisson,3,0.75,hostvector,alt,1.0,0.3,0.154107,0.133045,1.823745,0.371022,0.065249,0.090608,0.048912
EL SALVADOR,EL SALVADOR,2021-12-12,poisson,3,0.75,seir,central,1.0,0.3,0.154107,0.0,1.386878,0.314575,0.060526,0.23096,0.094242
EL SALVADOR,EL SALVADOR,2021-12-12,poisson,3,0.75,seir,alt,1.0,0.3,0.154107,0.0,1.393613,0.310347,0.060701,0.288689,0.118669
EL SALVADOR,EL SALVADOR,2021-12-12,poisson,3,0.75,hostvector_tempmort,central,1.0,0.3,0.154107,0.304218,1.451064,0.307394,0.055551,0.125796,0.053707
EL SALVADOR,EL SALVADOR,2021-12-12,poisson,3,0.75,hostvector_tempmort,alt,1.0,0.3,0.154107,0.336183,1.802213,0.36221,0.063904,0.098062,0.052069
EL SALVADOR,EL SALVADOR,2021-12-12,poisson,5,1.0,hostvector,central,1.0,0.3,0.154107,0.0,0.05388,0.225671,0.030326,0.120224,0.00308
EL SALVADOR,EL SALVADOR,2021-12-12,poisson,5,1.0,hostvector,alt,1.0,0.3,0.154107,0.0,1.234985,0.258644,0.040413,0.094818,0.035661
EL SALVADOR,EL SALVADOR,2021-12-12,poisson,5,1.0,seir,central,1.0,0.3,0.154107,0.0,1.149389,0.232937,0.033511,0.244534,0.085995
EL SALVADOR,EL SALVADOR,2021-12-12,poisson,5,1.0,seir,alt,1.0,0.3,0.154107,0.0,1.169054,0.23376,0.033976,0.306077,0.109595
EL SALVADOR,EL SALVADOR,2021-12-12,poisson,5,1.0,hostvector_tempmort,central,1.0,0.3,0.154107,0.0,1.073698,0.219701,0.03344,0.122182,0.040009
EL SALVADOR,EL SALVADOR,2021-12-12,poisson,5,1.0,hostvector_tempmort,alt,1.0,0.3,0.154107,0.0,1.219514,0.252147,0.0398,0.09633,0.035757
EL SALVADOR,EL SALVADOR,2021-12-12,poisson,5,0.75,hostvector,central,1.0,0.3,0.154107,0.0,1.774043,0.230433,0.055918,0.117457,0.060688
EL SALVADOR,EL SALVADOR,2021-12-12,poisson,5,0.75,hostvector,alt,1.0,0.3,0.154107,0.0,2.18625,0.262312,0.064314,0.092357,0.058811
EL SALVADOR,EL SALVADOR,2021-12-12,poisson,5,0.75,seir,central,1.0,0.3,0.154107,0.0,1.706928,0.236768,0.05969,0.238263,0.118332
EL SALVADOR,EL SALVADOR,2021-12-12,poisson,5,0.75,seir,alt,1.0,0.3,0.154107,0.0,1.728398,0.232038,0.060016,0.298177,0.150145
EL SALVADOR,EL SALVADOR,2021-12-12,poisson,5,0.75,hostvector_tempmort,central,1.0,0.3,0.154107,0.0,1.741354,0.225963,0.054993,0.119383,0.060427
EL SALVADOR,EL SALVADOR,2021-12-12,poisson,5,0.75,hostvector_tempmort,alt,1.0,0.3,0.154107,0.0,2.139534,0.257271,0.063134,0.093844,0.058403
EL SALVADOR,EL SALVADOR,2021-12-12,poisson,7,1.0,hostvector,central,1.0,0.3,0.154107,0.0,1.372915,0.181354,0.037671,0.126924,0.053441
EL SALVADOR,EL SALVADOR,2021-12-12,poisson,7,1.0,hostvector,alt,1.0,0.3,0.154107,0.0,1.560163,0.203017,0.044214,0.101244,0.048337
EL SALVADOR,EL SALVADOR,2021-12-12,poisson,7,1.0,seir,central,1.0,0.3,0.154107,0.0,1.434359,0.194792,0.038017,0.257601,0.113263
EL SALVADOR,EL SALVADOR,2021-12-12,poisson,7,1.0,seir,alt,1.0,0.3,0.154107,0.0,1.451863,0.195634,0.038143,0.322251,0.143416
EL SALVADOR,EL SALVADOR,2021-12-12,poisson,7,1.0,hostvector_tempmort,central,1.0,0.3,0.154107,0.0,1.352957,0.176628,0.037258,0.128807,0.053403
EL SALVADOR,EL SALVADOR,2021-12-12,poisson,7,1.0,hostvector_tempmort,alt,1.0,0.3,0.154107,0.0,1.554452,0.198255,0.043547,0.10266,0.048819
EL SALVADOR,EL SALVADOR,2021-12-12,poisson,7,0.75,hostvector,central,1.0,0.3,0.154107,0.0,2.203716,0.13863,0.060863,0.122985,0.077889
EL SALVADOR,EL SALVADOR,2021-12-12,poisson,7,0.75,hostvector,alt,1.0,0.3,0.154107,0.0,2.610086,0.155206,0.069109,0.097836,0.073326
EL SALVADOR,EL SALVADOR,2021-12-12,poisson,7,0.75,seir,central,1.0,0.3,0.154107,0.123482,2.142756,0.149961,0.066161,0.257777,0.158652
EL SALVADOR,EL SALVADOR,2021-12-12,poisson,7,0.75,seir,alt,1.0,0.3,0.154107,0.28222,2.129214,0.149695,0.06647,0.338144,0.207018
EL SALVADOR,EL SALVADOR,2021-12-12,poisson,7,0.75,hostvector_tempmort,central,1.0,0.3,0.154107,0.08718,2.179542,0.136202,0.059953,0.128218,0.080254
EL SALVADOR,EL SALVADOR,2021-12-12,poisson,7,0.75,hostvector_tempmort,alt,1.0,0.3,0.154107,0.046686,2.572773,0.152412,0.06819,0.100671,0.074291
MEXICO,BAJA CALIFORNIA SUR,2003-06-08,nb,3,1.0,hostvector,central,1.0,0.3,0.263355,1.342751,4.320708,0.155978,0.20196,0.306296,0.236786
MEXICO,BAJA CALIFORNIA SUR,2003-06-08,nb,3,1.0,hostvector,alt,1.0,0.3,0.263355,6.8e-05,5.234232,0.108045,0.264587,0.205837,0.195407
MEXICO,BAJA CALIFORNIA SUR,2003-06-08,nb,3,1.0,seir,central,1.0,0.3,0.263355,1.605319,4.99791,0.237507,0.220074,0.725015,0.638235
MEXICO,BAJA CALIFORNIA SUR,2003-06-08,nb,3,1.0,seir,alt,1.0,0.3,0.263355,1.068697,5.497126,0.264889,0.270482,0.843366,0.820196
MEXICO,BAJA CALIFORNIA SUR,2003-06-08,nb,3,1.0,hostvector_tempmort,central,1.0,0.3,0.263355,1.492755,4.25215,0.151424,0.199816,0.325546,0.246637
MEXICO,BAJA CALIFORNIA SUR,2003-06-08,nb,3,1.0,hostvector_tempmort,alt,1.0,0.3,0.263355,0.264932,5.069929,0.110639,0.257464,0.222188,0.203248
MEXICO,BAJA CALIFORNIA SUR,2003-06-08,nb,3,0.75,hostvector,central,1.0,0.3,0.263355,1.026611,5.381588,0.141085,0.2516,0.289745,0.279752
MEXICO,BAJA CALIFORNIA SUR,2003-06-08,nb,3,0.75,hostvector,alt,1.0,0.3,0.263355,0.0,0.099625,0.100907,0.120992,0.205747,0.022675
MEXICO,BAJA CALIFORNIA SUR,2003-06-08,nb,3,0.75,seir,central,1.0,0.3,0.263355,1.533718,5.96541,0.234236,0.262187,0.716031,0.752655
MEXICO,BAJA CALIFORNIA SUR,2003-06-08,nb,3,0.75,seir,alt,1.0,0.3,0.263355,0.973233,6.542377,0.259596,0.321524,0.829267,0.960385
MEXICO,BAJA CALIFORNIA SUR,2003-06-08,nb,3,0.75,hostvector_tempmort,central,1.0,0.3,0.263355,1.255999,5.219887,0.140093,0.24534,0.312333,0.291073
MEXICO,BAJA CALIFORNIA SUR,2003-06-08,nb,3,0.75,hostvector_tempmort,alt,1.0,0.3,0.263355,0.000368,6.333032,0.092829,0.327349,0.211915,0.24276
MEXICO,BAJA CALIFORNIA SUR,2003-06-08,nb,5,1.0,hostvector,central,1.0,0.3,0.263355,2.562359,4.167964,0.370427,0.322365,0.423669,0.358259
MEXICO,BAJA CALIFORNIA SUR,2003-06-08,nb,5,1.0,hostvector,alt,1.0,0.3,0.263355,2.635908,5.050797,0.413885,0.480333,0.369896,0.38558
MEXICO,BAJA CALIFORNIA SUR,2003-06-08,nb,5,1.0,seir,central,1.0,0.3,0.263355,3.078389,4.844823,0.715605,0.394568,1.204135,1.19317
MEXICO,BAJA CALIFORNIA SUR,2003-06-08,nb,5,1.0,seir,alt,1.0,0.3,0.263355,3.19122,3.729562,-0.940855,0.570122,0.632808,0.511152
MEXICO,BAJA CALIFORNIA SUR,2003-06-08,nb,5,1.0,hostvector_tempmort,central,1.0,0.3,0.263355,2.769002,4.044589,0.372124,0.316189,0.45496,0.372468
MEXICO,BAJA CALIFORNIA SUR,2003-06-08,nb,5,1.0,hostvector_tempmort,alt,1.0,0.3,0.263355,2.840263,4.901072,0.418681,0.469384,0.395157,0.398922
MEXICO,BAJA CALIFORNIA SUR,2003-06-08,nb,5,0.75,hostvector,central,1.0,0.3,0.263355,2.511788,4.958074,0.365845,0.383857,0.419367,0.422033
MEXICO,BAJA CALIFORNIA SUR,2003-06-08,nb,5,0.75,hostvector,alt,1.0,0.3,0.263355,2.597447,5.977761,0.409126,0.567737,0.366855,0.452682
MEXICO,BAJA CALIFORNIA SUR,2003-06-08,nb,5,0.75,seir,central,1.0,0.3,0.263355,3.065707,5.73226,0.714236,0.467028,1.20092,1.408111
MEXICO,BAJA CALIFORNIA SUR,2003-06-08,nb,5,0.75,seir,alt,1.0,0.3,0.263355,2.795752,,-0.981986,,0.582112,
MEXICO,BAJA CALIFORNIA SUR,2003-06-08,nb,5,0.75,hostvector_tempmort,central,1.0,0.3,0.263355,2.729412,4.801859,0.368475,0.375687,0.451337,0.438837
MEXICO,BAJA CALIFORNIA SUR,2003-06-08,nb,5,0.75,hostvector_tempmort,alt,1.0,0.3,0.263355,2.80683,5.796241,0.414447,0.554299,0.392313,0.468444
MEXICO,BAJA CALIFORNIA SUR,2003-06-08,nb,7,1.0,hostvector,central,1.0,0.3,0.263355,2.501456,3.033216,-1.473501,0.808278,0.141307,0.103019
MEXICO,BAJA CALIFORNIA SUR,2003-06-08,nb,7,1.0,hostvector,alt,1.0,0.3,0.263355,3.658481,2.764155,-1.798426,1.347397,0.119821,0.11247
MEXICO,BAJA CALIFORNIA SUR,2003-06-08,nb,7,1.0,seir,central,1.0,0.3,0.263355,0.992648,3.002707,-1.401255,0.989805,0.254162,0.201527
MEXICO,BAJA CALIFORNIA SUR,2003-06-08,nb,7,1.0,seir,alt,1.0,0.3,0.263355,1.009221,2.672955,-2.41358,4.102089,0.171843,0.412647
MEXICO,BAJA CALIFORNIA SUR,2003-06-08,nb,7,1.0,hostvector_tempmort,central,1.0,0.3,0.263355,2.250582,3.042155,-1.480193,0.824832,0.14109,0.104249
MEXICO,BAJA CALIFORNIA SUR,2003-06-08,nb,7,1.0,hostvector_tempmort,alt,1.0,0.3,0.263355,3.42403,2.789611,-1.852221,1.434915,0.115283,0.113924
MEXICO,BAJA CALIFORNIA SUR,2003-06-08,nb,7,0.75,hostvector,central,1.0,0.3,0.263355,2e-06,6.057307,-1.850104,1.332701,0.07662,0.114836
MEXICO,BAJA CALIFORNIA SUR,2003-06-08,nb,7,0.75,hostvector,alt,1.0,0.3,0.263355,5e-06,7.495344,-2.761441,3.512736,0.038218,0.106877
MEXICO,BAJA CALIFORNIA SUR,2003-06-08,nb,7,0.75,seir,central,1.0,0.3,0.263355,1.5e-05,6.899248,-1.490744,1.274102,0.205319,0.303688
MEXICO,BAJA CALIFORNIA SUR,2003-06-08,nb,7,0.75,seir,alt,1.0,0.3,0.263355,2.3e-05,8.157175,-2.72901,6.763463,0.12136,0.548934
MEXICO,BAJA CALIFORNIA SUR,2003-06-08,nb,7,0.75,hostvector_tempmort,central,1.0,0.3,0.263355,1e-06,5.97791,-1.826573,1.328381,0.080846,0.118764
MEXICO,BAJA CALIFORNIA SUR,2003-06-08,nb,7,0.75,hostvector_tempmort,alt,1.0,0.3,0.263355,7e-06,7.305748,-2.771012,3.641099,0.039174,0.110423
MEXICO,BAJA CALIFORNIA SUR,2003-06-08,poisson,3,1.0,hostvector,central,1.0,0.3,0.263355,2.904931,6.18087,0.318443,0.272686,0.330745,0.385302
MEXICO,BAJA CALIFORNIA SUR,2003-06-08,poisson,3,1.0,hostvector,alt,1.0,0.3,0.263355,2.503379,6.971278,0.316472,0.316217,0.255638,0.335058
MEXICO,BAJA CALIFORNIA SUR,2003-06-08,poisson,3,1.0,seir,central,1.0,0.3,0.263355,4.693047,7.222175,0.452842,0.308175,1.013638,1.380678
MEXICO,BAJA CALIFORNIA SUR,2003-06-08,poisson,3,1.0,seir,alt,1.0,0.3,0.263355,4.395406,7.43776,0.470981,0.328986,1.209123,1.693998
MEXICO,BAJA CALIFORNIA SUR,2003-06-08,poisson,3,1.0,hostvector_tempmort,central,1.0,0.3,0.263355,3.223639,5.996862,0.318652,0.266121,0.363628,0.409504
MEXICO,BAJA CALIFORNIA SUR,2003-06-08,poisson,3,1.0,hostvector_tempmort,alt,1.0,0.3,0.263355,2.882035,6.770892,0.321058,0.30896,0.282893,0.358724
MEXICO,BAJA CALIFORNIA SUR,2003-06-08,poisson,3,0.75,hostvector,central,1.0,0.3,0.263355,2.897192,7.271707,0.318063,0.320885,0.330279,0.452652
MEXICO,BAJA CALIFORNIA SUR,2003-06-08,poisson,3,0.75,hostvector,alt,1.0,0.3,0.263355,2.481912,8.209985,0.315322,0.372673,0.254647,0.393063
MEXICO,BAJA CALIFORNIA SUR,2003-06-08,poisson,3,0.75,seir,central,1.0,0.3,0.263355,4.69144,8.487251,0.452769,0.362172,1.013333,1.622034
MEXICO,BAJA CALIFORNIA SUR,2003-06-08,poisson,3,0.75,seir,alt,1.0,0.3,0.263355,4.393257,8.740564,0.470819,0.386633,1.208644,1.98994
MEXICO,BAJA CALIFORNIA SUR,2003-06-08,poisson,3,0.75,hostvector_tempmort,central,1.0,0.3,0.263355,3.217628,7.052105,0.318349,0.313006,0.36323,0.481029
MEXICO,BAJA CALIFORNIA SUR,2003-06-08,poisson,3,0.75,hostvector_tempmort,alt,1.0,0.3,0.263355,2.8676,7.967563,0.320252,0.363749,0.282163,0.421037
MEXICO,BAJA CALIFORNIA SUR,2003-06-08,poisson,5,1.0,hostvector,central,1.0,0.3,0.263355,7.885604,5.874414,0.985442,0.344594,1.24316,1.54664
MEXICO,BAJA CALIFORNIA SUR,2003-06-08,poisson,5,1.0,hostvector,alt,1.0,0.3,0.263355,6.855565,1.845583,1.42018,0.049699,0.938252,0.42134
MEXICO,BAJA CALIFORNIA SUR,2003-06-08,poisson,5,1.0,seir,central,1.0,0.3,0.263355,8.912198,6.853791,1.419028,0.414663,3.94929,5.76836
MEXICO,BAJA CALIFORNIA SUR,2003-06-08,poisson,5,1.0,seir,alt,1.0,0.3,0.263355,8.26018,6.754779,1.779444,0.741171,4.831825,7.216935
MEXICO,BAJA CALIFORNIA SUR,2003-06-08,poisson,5,1.0,hostvector_tempmort,central,1.0,0.3,0.263355,7.962979,5.692781,0.975792,0.337463,1.298123,1.564031
MEXICO,BAJA CALIFORNIA SUR,2003-06-08,poisson,5,1.0,hostvector_tempmort,alt,1.0,0.3,0.263355,7.492571,6.263429,1.369459,0.74399,1.079034,1.493714
MEXICO,BAJA CALIFORNIA SUR,2003-06-08,poisson,5,0.75,hostvector,central,1.0,0.3,0.263355,7.885452,6.903124,0.985432,0.404941,1.243111,1.817412
MEXICO,BAJA CALIFORNIA SUR,2003-06-08,poisson,5,0.75,hostvector,alt,1.0,0.3,0.263355,6.854415,2.176651,1.421706,0.059254,0.934578,0.493128
MEXICO,BAJA CALIFORNIA SUR,2003-06-08,poisson,5,0.75,seir,central,1.0,0.3,0.263355,8.912354,8.054184,1.419019,0.487282,3.949404,6.77884
MEXICO,BAJA CALIFORNIA SUR,2003-06-08,poisson,5,0.75,seir,alt,1.0,0.3,0.263355,8.259798,7.937478,1.779374,0.870882,4.831339,8.479616
MEXICO,BAJA CALIFORNIA SUR,2003-06-08,poisson,5,0.75,hostvector_tempmort,central,1.0,0.3,0.263355,7.96297,6.689806,0.975792,0.396566,1.298121,1.83795
MEXICO,BAJA CALIFORNIA SUR,2003-06-08,poisson,5,0.75,hostvector_tempmort,alt,1.0,0.3,0.263355,7.49268,7.359634,1.369393,0.874062,1.079014,1.755052
MEXICO,BAJA CALIFORNIA SUR,2003-06-08,poisson,7,1.0,hostvector,central,1.0,0.3,0.263355,0.862082,2.358697,-1.821179,1.616683,0.085167,0.092953
MEXICO,BAJA CALIFORNIA SUR,2003-06-08,poisson,7,1.0,hostvector,alt,1.0,0.3,0.263355,1.461211,2.949639,-2.172319,2.466193,0.067712,0.105604
MEXICO,BAJA CALIFORNIA SUR,2003-06-08,poisson,7,1.0,seir,central,1.0,0.3,0.263355,0.408418,2.334742,-2.063199,2.077461,0.141661,0.182655
MEXICO,BAJA CALIFORNIA SUR,2003-06-08,poisson,7,1.0,seir,alt,1.0,0.3,0.263355,0.395823,2.168851,-2.352231,3.123555,0.153811,0.27458
MEXICO,BAJA CALIFORNIA SUR,2003-06-08,poisson,7,1.0,hostvector_tempmort,central,1.0,0.3,0.263355,0.770693,2.300311,-1.84843,1.655755,0.085066,0.093803
MEXICO,BAJA CALIFORNIA SUR,2003-06-08,poisson,7,1.0,hostvector_tempmort,alt,1.0,0.3,0.263355,1.324159,2.854924,-2.188525,2.490987,0.06701,0.104852
MEXICO,BAJA CALIFORNIA SUR,2003-06-08,poisson,7,0.75,hostvector,central,1.0,0.3,0.263355,0.0,7.628255,-2.033782,2.34208,0.064719,0.142786
MEXICO,BAJA CALIFORNIA SUR,2003-06-08,poisson,7,0.75,hostvector,alt,1.0,0.3,0.263355,0.0,8.45261,-2.517864,3.637199,0.042745,0.123055
MEXICO,BAJA CALIFORNIA SUR,2003-06-08,poisson,7,0.75,seir,central,1.0,0.3,0.263355,0.0,,-2.169296,,0.12414,
MEXICO,BAJA CALIFORNIA SUR,2003-06-08,poisson,7,0.75,seir,alt,1.0,0.3,0.263355,0.0,9.524465,-2.454558,4.011321,0.135372,0.425158
MEXICO,BAJA CALIFORNIA SUR,2003-06-08,poisson,7,0.75,hostvector_tempmort,central,1.0,0.3,0.263355,1e-06,7.469206,-2.041896,2.359366,0.066468,0.144949
MEXICO,BAJA CALIFORNIA SUR,2003-06-08,poisson,7,0.75,hostvector_tempmort,alt,1.0,0.3,0.263355,0.0,8.310932,-2.503568,3.604446,0.044141,0.1252
GUYANA,GUYANA,2023-11-12,nb,3,1.0,hostvector,central,1.0,0.3,0.131052,1.810901,1.472185,0.300228,0.014228,0.155162,0.051395
GUYANA,GUYANA,2023-11-12,nb,3,1.0,hostvector,alt,1.0,0.3,0.131052,1.90695,1.805991,0.349214,0.016572,0.1207,0.049371
GUYANA,GUYANA,2023-11-12,nb,3,1.0,seir,central,1.0,0.3,0.131052,2.341907,1.503959,0.312141,0.015261,0.357458,0.120518
GUYANA,GUYANA,2023-11-12,nb,3,1.0,seir,alt,1.0,0.3,0.131052,2.454241,1.521993,0.312929,0.015235,0.459503,0.156503
GUYANA,GUYANA,2023-11-12,nb,3,1.0,hostvector_tempmort,central,1.0,0.3,0.131052,2.157719,1.411672,0.290699,0.013779,0.17446,0.055255
GUYANA,GUYANA,2023-11-12,nb,3,1.0,hostvector_tempmort,alt,1.0,0.3,0.131052,2.270066,1.718699,0.336965,0.015942,0.136669,0.052949
GUYANA,GUYANA,2023-11-12,nb,3,0.75,hostvector,central,1.0,0.3,0.131052,1.440744,2.517601,0.306677,0.050739,0.148373,0.117277
GUYANA,GUYANA,2023-11-12,nb,3,0.75,hostvector,alt,1.0,0.3,0.131052,1.103364,3.346107,0.351594,0.067391,0.100877,0.124821
GUYANA,GUYANA,2023-11-12,nb,3,0.75,seir,central,1.0,0.3,0.131052,3.515776,2.207584,0.353066,0.045571,0.542436,0.312062
GUYANA,GUYANA,2023-11-12,nb,3,0.75,seir,alt,1.0,0.3,0.131052,3.739508,2.196823,0.35882,0.045539,0.714141,0.406299
GUYANA,GUYANA,2023-11-12,nb,3,0.75,hostvector_tempmort,central,1.0,0.3,0.131052,2.068279,2.367175,0.302908,0.047959,0.181324,0.128838
GUYANA,GUYANA,2023-11-12,nb,3,0.75,hostvector_tempmort,alt,1.0,0.3,0.131052,1.63919,3.127549,0.342128,0.062831,0.118569,0.130877
GUYANA,GUYANA,2023-11-12,nb,5,1.0,hostvector,central,1.0,0.3,0.131052,0.850603,1.722905,0.32275,0.018897,0.132722,0.050324
GUYANA,GUYANA,2023-11-12,nb,5,1.0,hostvector,alt,1.0,0.3,0.131052,0.327254,2.091039,0.373491,0.02172,0.091167,0.042214
GUYANA,GUYANA,2023-11-12,nb,5,1.0,seir,central,1.0,0.3,0.131052,1.654272,1.845921,0.337309,0.020901,0.325075,0.132003
GUYANA,GUYANA,2023-11-12,nb,5,1.0,seir,alt,1.0,0.3,0.131052,1.802645,1.911321,0.337918,0.021376,0.421099,0.176888
GUYANA,GUYANA,2023-11-12,nb,5,1.0,hostvector_tempmort,central,1.0,0.3,0.131052,1.259167,1.674843,0.311764,0.018512,0.150865,0.055495
GUYANA,GUYANA,2023-11-12,nb,5,1.0,hostvector_tempmort,alt,1.0,0.3,0.131052,0.824864,2.021857,0.359378,0.021212,0.105909,0.047249
GUYANA,GUYANA,2023-11-12,nb,5,0.75,hostvector,central,1.0,0.3,0.131052,3.783273,3.152761,0.459867,0.084028,0.261797,0.260238
GUYANA,GUYANA,2023-11-12,nb,5,0.75,hostvector,alt,1.0,0.3,0.131052,3.959521,4.010304,0.526798,0.10289,0.21029,0.285904
GUYANA,GUYANA,2023-11-12,nb,5,0.75,seir,central,1.0,0.3,0.131052,4.894412,2.879412,0.500776,0.082297,0.705767,0.556636
GUYANA,GUYANA,2023-11-12,nb,5,0.75,seir,alt,1.0,0.3,0.131052,5.202881,2.88987,0.511012,0.083122,0.952678,0.749001
GUYANA,GUYANA,2023-11-12,nb,5,0.75,hostvector_tempmort,central,1.0,0.3,0.131052,4.170189,1.891541,0.44939,0.050689,0.296331,0.124886
GUYANA,GUYANA,2023-11-12,nb,5,0.75,hostvector_tempmort,alt,1.0,0.3,0.131052,4.422105,3.841166,0.514281,0.098978,0.242584,0.30623
GUYANA,GUYANA,2023-11-12,nb,7,1.0,hostvector,central,1.0,0.3,0.131052,0.252953,2.372497,0.347104,0.033176,0.123017,0.06292
GUYANA,GUYANA,2023-11-12,nb,7,1.0,hostvector,alt,1.0,0.3,0.131052,1.8e-05,2.790471,0.396902,0.038172,0.090624,0.054594
GUYANA,GUYANA,2023-11-12,nb,7,1.0,seir,central,1.0,0.3,0.131052,1.336573,2.575216,0.364818,0.035808,0.32101,0.178455
GUYANA,GUYANA,2023-11-12,nb,7,1.0,seir,alt,1.0,0.3,0.131052,1.542578,2.642681,0.364325,0.036162,0.420525,0.239831
GUYANA,GUYANA,2023-11-12,nb,7,1.0,hostvector_tempmort,central,1.0,0.3,0.131052,0.69831,2.300979,0.334677,0.032211,0.140566,0.069639
GUYANA,GUYANA,2023-11-12,nb,7,1.0,hostvector_tempmort,alt,1.0,0.3,0.131052,0.091329,2.728968,0.384544,0.036989,0.096008,0.056549
GUYANA,GUYANA,2023-11-12,nb,7,0.75,hostvector,central,1.0,0.3,0.131052,3.974368,4.639986,0.596772,0.176826,0.302765,0.408579
GUYANA,GUYANA,2023-11-12,nb,7,0.75,hostvector,alt,1.0,0.3,0.131052,4.17641,3.99866,0.696114,0.154943,0.250379,0.22754
GUYANA,GUYANA,2023-11-12,nb,7,0.75,seir,central,1.0,0.3,0.131052,4.81742,3.519735,0.611038,0.185042,0.74278,0.64914
GUYANA,GUYANA,2023-11-12,nb,7,0.75,seir,alt,1.0,0.3,0.131052,5.074473,3.512079,0.61588,0.176372,0.986127,0.835011
GUYANA,GUYANA,2023-11-12,nb,7,0.75,hostvector_tempmort,central,1.0,0.3,0.131052,4.291455,4.561307,0.575448,0.172424,0.335207,0.438114
GUYANA,GUYANA,2023-11-12,nb,7,0.75,hostvector_tempmort,alt,1.0,0.3,0.131052,4.569315,5.481464,0.670562,0.195469,0.282076,0.460675
GUYANA,GUYANA,2023-11-12,poisson,3,1.0,hostvector,central,1.0,0.3,0.131052,9.529154,1.146927,0.237657,0.027444,0.844694,0.209412
GUYANA,GUYANA,2023-11-12,poisson,3,1.0,hostvector,alt,1.0,0.3,0.131052,10.736703,1.248948,0.275699,0.031764,0.843276,0.227408
GUYANA,GUYANA,2023-11-12,poisson,3,1.0,seir,central,1.0,0.3,0.131052,10.187614,1.494191,0.254103,0.02849,2.005723,0.653306
GUYANA,GUYANA,2023-11-12,poisson,3,1.0,seir,alt,1.0,0.3,0.131052,10.141922,1.569452,0.256795,0.028503,2.485568,0.850215
GUYANA,GUYANA,2023-11-12,poisson,3,1.0,hostvector_tempmort,central,1.0,0.3,0.131052,9.484784,1.136032,0.230613,0.02656,0.869596,0.213525
GUYANA,GUYANA,2023-11-12,poisson,3,1.0,hostvector_tempmort,alt,1.0,0.3,0.131052,10.601669,1.239203,0.266758,0.030609,0.852077,0.22795
GUYANA,GUYANA,2023-11-12,poisson,3,0.75,hostvector,central,1.0,0.3,0.131052,1.033982,2.450613,0.297694,0.047008,0.129509,0.093536
GUYANA,GUYANA,2023-11-12,poisson,3,0.75,hostvector,alt,1.0,0.3,0.131052,0.937601,3.186551,0.348507,0.058949,0.096616,0.100397
GUYANA,GUYANA,2023-11-12,poisson,3,0.75,seir,central,1.0,0.3,0.131052,3.401288,2.206617,0.337031,0.046376,0.513802,0.273664
GUYANA,GUYANA,2023-11-12,poisson,3,0.75,seir,alt,1.0,0.3,0.131052,3.640885,2.215006,0.340516,0.04672,0.677413,0.359427
GUYANA,GUYANA,2023-11-12,poisson,3,0.75,hostvector_tempmort,central,1.0,0.3,0.131052,1.473601,2.329084,0.289184,0.045144,0.148614,0.099812
GUYANA,GUYANA,2023-11-12,poisson,3,0.75,hostvector_tempmort,alt,1.0,0.3,0.131052,1.431764,2.988217,0.337679,0.055477,0.112523,0.104899
GUYANA,GUYANA,2023-11-12,poisson,5,1.0,hostvector,central,1.0,0.3,0.131052,5.483051,1.453149,0.261088,0.029743,0.361845,0.114374
GUYANA,GUYANA,2023-11-12,poisson,5,1.0,hostvector,alt,1.0,0.3,0.131052,6.23609,1.583257,0.298777,0.034134,0.329403,0.113626
GUYANA,GUYANA,2023-11-12,poisson,5,1.0,seir,central,1.0,0.3,0.131052,6.020675,1.788864,0.276115,0.030659,0.837545,0.326865
GUYANA,GUYANA,2023-11-12,poisson,5,1.0,seir,alt,1.0,0.3,0.131052,6.216866,1.850876,0.275533,0.030529,1.09501,0.441719
GUYANA,GUYANA,2023-11-12,poisson,5,1.0,hostvector_tempmort,central,1.0,0.3,0.131052,5.577141,1.435814,0.252899,0.028834,0.383633,0.119707
GUYANA,GUYANA,2023-11-12,poisson,5,1.0,hostvector_tempmort,alt,1.0,0.3,0.131052,6.274253,1.56727,0.288618,0.032986,0.345271,0.117723
GUYANA,GUYANA,2023-11-12,poisson,5,0.75,hostvector,central,1.0,0.3,0.131052,3.532963,2.841816,0.429553,0.071401,0.242602,0.203844
GUYANA,GUYANA,2023-11-12,poisson,5,0.75,hostvector,alt,1.0,0.3,0.131052,3.776741,3.666587,0.496544,0.087297,0.197272,0.232763
GUYANA,GUYANA,2023-11-12,poisson,5,0.75,seir,central,1.0,0.3,0.131052,5.940502,2.584347,0.480994,0.074311,0.946308,0.610113
GUYANA,GUYANA,2023-11-12,poisson,5,0.75,seir,alt,1.0,0.3,0.131052,6.246104,2.602942,0.486478,0.074951,1.268091,0.817977
GUYANA,GUYANA,2023-11-12,poisson,5,0.75,hostvector_tempmort,central,1.0,0.3,0.131052,3.907496,2.714402,0.417942,0.069,0.273818,0.215594
GUYANA,GUYANA,2023-11-12,poisson,5,0.75,hostvector_tempmort,alt,1.0,0.3,0.131052,4.19784,3.464378,0.482222,0.083254,0.22545,0.242308
GUYANA,GUYANA,2023-11-12,poisson,7,1.0,hostvector,central,1.0,0.3,0.131052,5.386584,1.644158,0.247447,0.033788,0.366837,0.128852
GUYANA,GUYANA,2023-11-12,poisson,7,1.0,hostvector,alt,1.0,0.3,0.131052,6.00164,1.824851,0.279091,0.038382,0.326094,0.127127
GUYANA,GUYANA,2023-11-12,poisson,7,1.0,seir,central,1.0,0.3,0.131052,5.985781,2.049975,0.272023,0.035475,0.864829,0.380729
GUYANA,GUYANA,2023-11-12,poisson,7,1.0,seir,alt,1.0,0.3,0.131052,6.02135,2.143093,0.27273,0.035439,1.091373,0.502234
GUYANA,GUYANA,2023-11-12,poisson,7,1.0,hostvector_tempmort,central,1.0,0.3,0.131052,5.526426,1.615193,0.240023,0.032737,0.392231,0.135267
GUYANA,GUYANA,2023-11-12,poisson,7,1.0,hostvector_tempmort,alt,1.0,0.3,0.131052,6.083645,1.795163,0.270371,0.037125,0.344336,0.131946
GUYANA,GUYANA,2023-11-12,poisson,7,0.75,hostvector,central,1.0,0.3,0.131052,5.174254,4.409762,0.621801,0.165046,0.390673,0.52623
GUYANA,GUYANA,2023-11-12,poisson,7,0.75,hostvector,alt,1.0,0.3,0.131052,5.655567,5.5755,0.717572,0.188407,0.340391,0.629684
GUYANA,GUYANA,2023-11-12,poisson,7,0.75,seir,central,1.0,0.3,0.131052,6.157796,4.121018,0.613046,0.189564,0.985674,1.095834
GUYANA,GUYANA,2023-11-12,poisson,7,0.75,seir,alt,1.0,0.3,0.131052,6.505503,4.124685,0.622101,0.183691,1.337097,1.452036
GUYANA,GUYANA,2023-11-12,poisson,7,0.75,hostvector_tempmort,central,1.0,0.3,0.131052,5.464009,3.781343,0.602591,0.155092,0.430845,0.483224
GUYANA,GUYANA,2023-11-12,poisson,7,0.75,hostvector_tempmort,alt,1.0,0.3,0.131052,5.969643,5.311067,0.695471,0.18413,0.378113,0.644769
MEXICO,CHIAPAS,2005-05-08,nb,3,1.0,hostvector,central,1.0,0.3,0.355561,3.130646,2.26004,0.342329,0.154329,1.61447,2.52914
MEXICO,CHIAPAS,2005-05-08,nb,3,1.0,hostvector,alt,1.0,0.3,0.355561,4.101973,2.292214,0.430482,0.164366,2.623474,4.141776
MEXICO,CHIAPAS,2005-05-08,nb,3,1.0,seir,central,1.0,0.3,0.355561,1.788571,2.396416,0.239938,0.150803,1.34917,2.248753
MEXICO,CHIAPAS,2005-05-08,nb,3,1.0,seir,alt,1.0,0.3,0.355561,2.219744,2.738465,0.271219,0.171672,2.286819,4.344305
MEXICO,CHIAPAS,2005-05-08,nb,3,1.0,hostvector_tempmort,central,1.0,0.3,0.355561,2.765369,2.629107,0.318278,0.177119,1.259895,2.302116
MEXICO,CHIAPAS,2005-05-08,nb,3,1.0,hostvector_tempmort,alt,1.0,0.3,0.355561,3.8351,2.548133,0.410969,0.180608,2.193653,3.857706
MEXICO,CHIAPAS,2005-05-08,nb,3,0.75,hostvector,central,1.0,0.3,0.355561,3.147648,2.616131,0.343127,0.178507,1.633522,2.961756
MEXICO,CHIAPAS,2005-05-08,nb,3,0.75,hostvector,alt,1.0,0.3,0.355561,4.074198,2.660494,0.428205,0.190557,2.573845,4.717263
MEXICO,CHIAPAS,2005-05-08,nb,3,0.75,seir,central,1.0,0.3,0.355561,1.79238,2.808777,0.239903,0.176379,1.352526,2.642164
MEXICO,CHIAPAS,2005-05-08,nb,3,0.75,seir,alt,1.0,0.3,0.355561,2.181746,3.182501,0.268888,0.199249,2.227157,4.91777
MEXICO,CHIAPAS,2005-05-08,nb,3,0.75,hostvector_tempmort,central,1.0,0.3,0.355561,2.783312,3.041413,0.319149,0.204807,1.275659,2.696055
MEXICO,CHIAPAS,2005-05-08,nb,3,0.75,hostvector_tempmort,alt,1.0,0.3,0.355561,3.825289,2.951096,0.410063,0.209045,2.178823,4.437882
MEXICO,CHIAPAS,2005-05-08,nb,5,1.0,hostvector,central,1.0,0.3,0.355561,1.109856,1.560087,0.157032,0.093292,0.438246,0.498205
MEXICO,CHIAPAS,2005-05-08,nb,5,1.0,hostvector,alt,1.0,0.3,0.355561,1.616077,1.749903,0.194505,0.109503,0.529461,0.675262
MEXICO,CHIAPAS,2005-05-08,nb,5,1.0,seir,central,1.0,0.3,0.355561,0.273196,1.371307,0.131129,0.080354,0.514966,0.509547
MEXICO,CHIAPAS,2005-05-08,nb,5,1.0,seir,alt,1.0,0.3,0.355561,0.260728,1.475065,0.143904,0.085928,0.645103,0.686987
MEXICO,CHIAPAS,2005-05-08,nb,5,1.0,hostvector_tempmort,central,1.0,0.3,0.355561,0.70559,1.598947,0.134472,0.093324,0.328248,0.382958
MEXICO,CHIAPAS,2005-05-08,nb,5,1.0,hostvector_tempmort,alt,1.0,0.3,0.355561,1.310288,1.831172,0.175783,0.112432,0.425946,0.569263
MEXICO,CHIAPAS,2005-05-08,nb,5,0.75,hostvector,central,1.0,0.3,0.355561,1.096337,1.870966,0.155586,0.111361,0.4338,0.591538
MEXICO,CHIAPAS,2005-05-08,nb,5,0.75,hostvector,alt,1.0,0.3,0.355561,1.565302,2.095561,0.190432,0.13068,0.509959,0.779169
MEXICO,CHIAPAS,2005-05-08,nb,5,0.75,seir,central,1.0,0.3,0.355561,0.229236,1.665592,0.128287,0.09582,0.498579,0.599455
MEXICO,CHIAPAS,2005-05-08,nb,5,0.75,seir,alt,1.0,0.3,0.355561,0.198197,1.772388,0.140114,0.101951,0.616185,0.788749
MEXICO,CHIAPAS,2005-05-08,nb,5,0.75,hostvector_tempmort,central,1.0,0.3,0.355561,0.709474,1.922055,0.134068,0.111665,0.329093,0.461577
MEXICO,CHIAPAS,2005-05-08,nb,5,0.75,hostvector_tempmort,alt,1.0,0.3,0.355561,1.300478,2.184954,0.174485,0.133961,0.422758,0.674264
MEXICO,CHIAPAS,2005-05-08,nb,7,1.0,hostvector,central,1.0,0.3,0.355561,0.192074,1.161803,0.100498,0.071798,0.237938,0.207437
MEXICO,CHIAPAS,2005-05-08,nb,7,1.0,hostvector,alt,1.0,0.3,0.355561,0.42519,1.367012,0.117496,0.084922,0.236612,0.24388
MEXICO,CHIAPAS,2005-05-08,nb,7,1.0,seir,central,1.0,0.3,0.355561,0.0,0.794692,0.132982,0.091184,0.461581,0.274226
MEXICO,CHIAPAS,2005-05-08,nb,7,1.0,seir,alt,1.0,0.3,0.355561,2.9e-05,1.279653,0.158694,0.100562,0.591865,0.562226
MEXICO,CHIAPAS,2005-05-08,nb,7,1.0,hostvector_tempmort,central,1.0,0.3,0.355561,0.000109,1.174875,0.086949,0.073101,0.206784,0.182147
MEXICO,CHIAPAS,2005-05-08,nb,7,1.0,hostvector_tempmort,alt,1.0,0.3,0.355561,0.161069,1.390114,0.101459,0.08579,0.1947,0.204129
MEXICO,CHIAPAS,2005-05-08,nb,7,0.75,hostvector,central,1.0,0.3,0.355561,0.106269,1.413798,0.094266,0.086343,0.222713,0.236484
MEXICO,CHIAPAS,2005-05-08,nb,7,0.75,hostvector,alt,1.0,0.3,0.355561,0.314454,1.654972,0.108479,0.102398,0.217152,0.271228
MEXICO,CHIAPAS,2005-05-08,nb,7,0.75,seir,central,1.0,0.3,0.355561,1e-06,1.44636,0.128467,0.110939,0.460168,0.491782
MEXICO,CHIAPAS,2005-05-08,nb,7,0.75,seir,alt,1.0,0.3,0.355561,1.6e-05,1.565017,0.154241,0.122574,0.590032,0.68687
MEXICO,CHIAPAS,2005-05-08,nb,7,0.75,hostvector_tempmort,central,1.0,0.3,0.355561,1e-06,1.440653,0.084748,0.08907,0.206511,0.22326
MEXICO,CHIAPAS,2005-05-08,nb,7,0.75,hostvector_tempmort,alt,1.0,0.3,0.355561,0.092157,1.679776,0.095701,0.103249,0.184543,0.233964
MEXICO,CHIAPAS,2005-05-08,poisson,3,1.0,hostvector,central,1.0,0.3,0.355561,5.80214,3.831016,0.504203,0.180334,10.92575,29.958546
MEXICO,CHIAPAS,2005-05-08,poisson,3,1.0,hostvector,alt,1.0,0.3,0.355561,6.568373,4.002596,0.575962,0.206317,15.374596,43.726959
MEXICO,CHIAPAS,2005-05-08,poisson,3,1.0,seir,central,1.0,0.3,0.355561,5.615034,6.093076,0.512731,0.260838,20.555702,90.108313
MEXICO,CHIAPAS,2005-05-08,poisson,3,1.0,seir,alt,1.0,0.3,0.355561,5.569666,5.148071,0.536121,0.231508,24.952678,92.255536
MEXICO,CHIAPAS,2005-05-08,poisson,3,1.0,hostvector_tempmort,central,1.0,0.3,0.355561,5.686098,4.05146,0.496868,0.188608,10.158479,29.48296
MEXICO,CHIAPAS,2005-05-08,poisson,3,1.0,hostvector_tempmort,alt,1.0,0.3,0.355561,6.460198,4.055317,0.568723,0.206926,14.369366,41.445799
MEXICO,CHIAPAS,2005-05-08,poisson,3,0.75,hostvector,central,1.0,0.3,0.355561,5.802184,4.484122,0.504193,0.211077,10.926222,35.067402
MEXICO,CHIAPAS,2005-05-08,poisson,3,0.75,hostvector,alt,1.0,0.3,0.355561,6.565707,4.707412,0.575847,0.242637,15.345493,51.329776
MEXICO,CHIAPAS,2005-05-08,poisson,3,0.75,seir,central,1.0,0.3,0.355561,5.610951,7.106147,0.512628,0.304213,20.494791,104.778256
MEXICO,CHIAPAS,2005-05-08,poisson,3,0.75,seir,alt,1.0,0.3,0.355561,5.567589,6.056855,0.536044,0.272368,24.915602,108.379935
MEXICO,CHIAPAS,2005-05-08,poisson,3,0.75,hostvector_tempmort,central,1.0,0.3,0.355561,5.684322,4.730004,0.496816,0.220196,10.145464,34.376738
MEXICO,CHIAPAS,2005-05-08,poisson,3,0.75,hostvector_tempmort,alt,1.0,0.3,0.355561,6.457581,4.766338,0.568617,0.243198,14.342603,48.622044
MEXICO,CHIAPAS,2005-05-08,poisson,5,1.0,hostvector,central,1.0,0.3,0.355561,3.049029,4.741729,0.262161,0.163322,2.101476,7.476439
MEXICO,CHIAPAS,2005-05-08,poisson,5,1.0,hostvector,alt,1.0,0.3,0.355561,3.18647,4.887756,0.29118,0.180905,1.953922,7.160255
MEXICO,CHIAPAS,2005-05-08,poisson,5,1.0,seir,central,1.0,0.3,0.355561,1.6492,6.896661,0.316258,0.232944,1.640472,8.476538
MEXICO,CHIAPAS,2005-05-08,poisson,5,1.0,seir,alt,1.0,0.3,0.355561,1.695548,6.51876,0.375748,0.247989,2.163516,10.561324
MEXICO,CHIAPAS,2005-05-08,poisson,5,1.0,hostvector_tempmort,central,1.0,0.3,0.355561,2.948756,5.03624,0.259435,0.172112,1.966377,7.431505
MEXICO,CHIAPAS,2005-05-08,poisson,5,1.0,hostvector_tempmort,alt,1.0,0.3,0.355561,3.101495,4.993116,0.28927,0.183575,1.847411,6.917103
MEXICO,CHIAPAS,2005-05-08,poisson,5,0.75,hostvector,central,1.0,0.3,0.355561,3.054951,5.558891,0.262317,0.191469,2.110826,8.803872
MEXICO,CHIAPAS,2005-05-08,poisson,5,0.75,hostvector,alt,1.0,0.3,0.355561,3.192354,5.746119,0.29133,0.212695,1.962548,8.454852
MEXICO,CHIAPAS,2005-05-08,poisson,5,0.75,seir,central,1.0,0.3,0.355561,1.64842,8.064619,0.316202,0.272357,1.639527,9.906341
MEXICO,CHIAPAS,2005-05-08,poisson,5,0.75,seir,alt,1.0,0.3,0.355561,1.700857,7.665426,0.3759,0.291626,2.172102,12.468411
MEXICO,CHIAPAS,2005-05-08,poisson,5,0.75,hostvector_tempmort,central,1.0,0.3,0.355561,2.954014,5.885601,0.259564,0.20114,1.974166,8.71922
MEXICO,CHIAPAS,2005-05-08,poisson,5,0.75,hostvector_tempmort,alt,1.0,0.3,0.355561,3.104847,5.863076,0.289347,0.21557,1.852064,8.142737
MEXICO,CHIAPAS,2005-05-08,poisson,7,1.0,hostvector,central,1.0,0.3,0.355561,7e-06,5.677589,0.106659,0.217554,0.240365,1.054736
MEXICO,CHIAPAS,2005-05-08,poisson,7,1.0,hostvector,alt,1.0,0.3,0.355561,0.000145,6.218477,0.135853,0.255531,0.204384,0.983271
MEXICO,CHIAPAS,2005-05-08,poisson,7,1.0,seir,central,1.0,0.3,0.355561,0.002463,7.957425,0.349793,0.379816,0.615346,3.790141
MEXICO,CHIAPAS,2005-05-08,poisson,7,1.0,seir,alt,1.0,0.3,0.355561,1.189357,10.608956,0.647301,0.652408,2.229895,18.395711
MEXICO,CHIAPAS,2005-05-08,poisson,7,1.0,hostvector_tempmort,central,1.0,0.3,0.355561,7.3e-05,5.7552,0.10922,0.220799,0.242662,1.079436
MEXICO,CHIAPAS,2005-05-08,poisson,7,1.0,hostvector_tempmort,alt,1.0,0.3,0.355561,6.5e-05,6.270066,0.139946,0.258144,0.206217,1.000392
MEXICO,CHIAPAS,2005-05-08,poisson,7,0.75,hostvector,central,1.0,0.3,0.355561,7e-06,6.712463,0.106549,0.257177,0.240353,1.246949
MEXICO,CHIAPAS,2005-05-08,poisson,7,0.75,hostvector,alt,1.0,0.3,0.355561,2e-05,7.359275,0.135504,0.302502,0.204334,1.163423
MEXICO,CHIAPAS,2005-05-08,poisson,7,0.75,seir,central,1.0,0.3,0.355561,0.001175,9.416688,0.349821,0.449353,0.614757,4.48096
MEXICO,CHIAPAS,2005-05-08,poisson,7,0.75,seir,alt,1.0,0.3,0.355561,0.949755,12.297468,0.63176,0.752252,1.846302,17.652211
MEXICO,CHIAPAS,2005-05-08,poisson,7,0.75,hostvector_tempmort,central,1.0,0.3,0.355561,2e-05,6.803454,0.10915,0.260948,0.242646,1.275978
MEXICO,CHIAPAS,2005-05-08,poisson,7,0.75,hostvector_tempmort,alt,1.0,0.3,0.355561,8e-05,7.412678,0.139747,0.305217,0.206203,1.182648
MEXICO,GUERRERO,2006-06-18,nb,3,1.0,hostvector,central,1.0,0.3,0.178624,0.713575,3.472182,0.360151,0.223468,0.149524,0.206895
MEXICO,GUERRERO,2006-06-18,nb,3,1.0,hostvector,alt,1.0,0.3,0.178624,0.098997,4.618713,0.540679,0.290971,0.087229,0.164344
MEXICO,GUERRERO,2006-06-18,nb,3,1.0,seir,central,1.0,0.3,0.178624,1.155875,2.940182,0.285823,0.191599,0.368678,0.413556
MEXICO,GUERRERO,2006-06-18,nb,3,1.0,seir,alt,1.0,0.3,0.178624,1.228853,3.146219,0.302481,0.21064,0.471748,0.56657
MEXICO,GUERRERO,2006-06-18,nb,3,1.0,hostvector_tempmort,central,1.0,0.3,0.178624,0.685633,3.451446,0.360948,0.222608,0.148384,0.204061
MEXICO,GUERRERO,2006-06-18,nb,3,1.0,hostvector_tempmort,alt,1.0,0.3,0.178624,0.082041,4.600023,0.54006,0.290475,0.086965,0.163147
MEXICO,GUERRERO,2006-06-18,nb,3,0.75,hostvector,central,1.0,0.3,0.178624,1.863303,6.450819,0.31327,0.581172,0.240588,0.637568
MEXICO,GUERRERO,2006-06-18,nb,3,0.75,hostvector,alt,1.0,0.3,0.178624,2.085476,8.50889,0.426897,0.681743,0.201237,0.711785
MEXICO,GUERRERO,2006-06-18,nb,3,0.75,seir,central,1.0,0.3,0.178624,1.046502,6.427776,0.415553,0.720227,0.346446,0.910962
MEXICO,GUERRERO,2006-06-18,nb,3,0.75,seir,alt,1.0,0.3,0.178624,0.0,0.100984,0.644815,0.343186,0.268479,0.057921
MEXICO,GUERRERO,2006-06-18,nb,3,0.75,hostvector_tempmort,central,1.0,0.3,0.178624,1.7791,6.417053,0.319918,0.579738,0.233124,0.615137
MEXICO,GUERRERO,2006-06-18,nb,3,0.75,hostvector_tempmort,alt,1.0,0.3,0.178624,1.987677,8.459227,0.433661,0.680009,0.193806,0.681987
MEXICO,GUERRERO,2006-06-18,nb,5,1.0,hostvector,central,1.0,0.3,0.178624,3.860322,2.821669,0.319898,0.206727,0.526544,0.535688
MEXICO,GUERRERO,2006-06-18,nb,5,1.0,hostvector,alt,1.0,0.3,0.178624,5.278347,3.993736,0.467988,0.279176,0.721852,1.069366
MEXICO,GUERRERO,2006-06-18,nb,5,1.0,seir,central,1.0,0.3,0.178624,3.443443,2.45068,0.228759,0.175809,0.920279,0.785108
MEXICO,GUERRERO,2006-06-18,nb,5,1.0,seir,alt,1.0,0.3,0.178624,3.637119,2.554862,0.218598,0.183521,1.251867,1.115382
MEXICO,GUERRERO,2006-06-18,nb,5,1.0,hostvector_tempmort,central,1.0,0.3,0.178624,3.835364,2.8041,0.319127,0.20585,0.523662,0.529041
MEXICO,GUERRERO,2006-06-18,nb,5,1.0,hostvector_tempmort,alt,1.0,0.3,0.178624,5.242853,3.96867,0.465365,0.278147,0.715013,1.051995
MEXICO,GUERRERO,2006-06-18,nb,5,0.75,hostvector,central,1.0,0.3,0.178624,4.778304,3.672903,0.187307,0.428481,0.778846,1.035926
MEXICO,GUERRERO,2006-06-18,nb,5,0.75,hostvector,alt,1.0,0.3,0.178624,6.42178,5.025466,0.257172,0.500207,1.181177,2.192195
MEXICO,GUERRERO,2006-06-18,nb,5,0.75,seir,central,1.0,0.3,0.178624,4.003187,3.112806,-0.033024,0.465418,1.192567,1.303346
MEXICO,GUERRERO,2006-06-18,nb,5,0.75,seir,alt,1.0,0.3,0.178624,3.955734,3.256535,-0.121366,0.487077,1.478287,1.690836
MEXICO,GUERRERO,2006-06-18,nb,5,0.75,hostvector_tempmort,central,1.0,0.3,0.178624,4.736254,3.639792,0.182953,0.427416,0.769576,1.013455
MEXICO,GUERRERO,2006-06-18,nb,5,0.75,hostvector_tempmort,alt,1.0,0.3,0.178624,6.371796,4.99188,0.252376,0.499286,1.163271,2.143346
MEXICO,GUERRERO,2006-06-18,nb,7,1.0,hostvector,central,1.0,0.3,0.178624,4.555276,2.576277,0.136897,0.190337,0.776059,0.701011
MEXICO,GUERRERO,2006-06-18,nb,7,1.0,hostvector,alt,1.0,0.3,0.178624,6.134527,3.616655,0.172776,0.244423,1.17386,1.534296
MEXICO,GUERRERO,2006-06-18,nb,7,1.0,seir,central,1.0,0.3,0.178624,3.827688,2.30563,0.094601,0.171974,1.179633,0.924984
MEXICO,GUERRERO,2006-06-18,nb,7,1.0,seir,alt,1.0,0.3,0.178624,4.006433,2.415522,0.079244,0.176594,1.58216,1.302911
MEXICO,GUERRERO,2006-06-18,nb,7,1.0,hostvector_tempmort,central,1.0,0.3,0.178624,4.525078,2.560672,0.137071,0.189738,0.769739,0.690622
MEXICO,GUERRERO,2006-06-18,nb,7,1.0,hostvector_tempmort,alt,1.0,0.3,0.178624,6.097661,3.595584,0.171584,0.243395,1.160664,1.507445
MEXICO,GUERRERO,2006-06-18,nb,7,0.75,hostvector,central,1.0,0.3,0.178624,2.896304,2.898394,-0.435761,0.395096,0.363268,0.422541
MEXICO,GUERRERO,2006-06-18,nb,7,0.75,hostvector,alt,1.0,0.3,0.178624,4.101323,4.137668,-0.468532,0.310503,0.450269,0.73153
MEXICO,GUERRERO,2006-06-18,nb,7,0.75,seir,central,1.0,0.3,0.178624,2.289725,2.586786,-0.511238,0.395189,0.588979,0.577658
MEXICO,GUERRERO,2006-06-18,nb,7,0.75,seir,alt,1.0,0.3,0.178624,2.248296,2.615014,-0.510876,0.236508,0.716676,0.753036
MEXICO,GUERRERO,2006-06-18,nb,7,0.75,hostvector_tempmort,central,1.0,0.3,0.178624,2.864888,2.885564,-0.436935,0.42025,0.360341,0.414779
MEXICO,GUERRERO,2006-06-18,nb,7,0.75,hostvector_tempmort,alt,1.0,0.3,0.178624,4.058312,4.054786,-0.469465,0.500143,0.444592,0.729701
MEXICO,GUERRERO,2006-06-18,poisson,3,1.0,hostvector,central,1.0,0.3,0.178624,0.0,4.15781,0.741584,0.388701,0.092675,0.161088
MEXICO,GUERRERO,2006-06-18,poisson,3,1.0,hostvector,alt,1.0,0.3,0.178624,0.0,7.31984,0.885215,0.507623,0.067817,0.207179
MEXICO,GUERRERO,2006-06-18,poisson,3,1.0,seir,central,1.0,0.3,0.178624,0.0,2.827599,0.83672,0.390167,0.188815,0.218796
MEXICO,GUERRERO,2006-06-18,poisson,3,1.0,seir,alt,1.0,0.3,0.178624,0.0,,0.948609,,0.22737,
MEXICO,GUERRERO,2006-06-18,poisson,3,1.0,hostvector_tempmort,central,1.0,0.3,0.178624,0.0,5.900177,0.741654,0.428797,0.093072,0.227573
MEXICO,GUERRERO,2006-06-18,poisson,3,1.0,hostvector_tempmort,alt,1.0,0.3,0.178624,0.0,7.755161,0.885211,0.513221,0.068106,0.219933
MEXICO,GUERRERO,2006-06-18,poisson,3,0.75,hostvector,central,1.0,0.3,0.178624,0.0,7.895634,0.792965,0.54135,0.090858,0.298294
MEXICO,GUERRERO,2006-06-18,poisson,3,0.75,hostvector,alt,1.0,0.3,0.178624,0.0,9.634396,0.934352,0.620381,0.066319,0.266511
MEXICO,GUERRERO,2006-06-18,poisson,3,0.75,seir,central,1.0,0.3,0.178624,0.0,7.892175,0.911589,0.66608,0.184988,0.59877
MEXICO,GUERRERO,2006-06-18,poisson,3,0.75,seir,alt,1.0,0.3,0.178624,0.0,,1.019184,,0.222683,
MEXICO,GUERRERO,2006-06-18,poisson,3,0.75,hostvector_tempmort,central,1.0,0.3,0.178624,0.0,7.783503,0.793142,0.536596,0.091243,0.2954
MEXICO,GUERRERO,2006-06-18,poisson,3,0.75,hostvector_tempmort,alt,1.0,0.3,0.178624,0.0,9.738791,0.934485,0.628871,0.066596,0.270938
MEXICO,GUERRERO,2006-06-18,poisson,5,1.0,hostvector,central,1.0,0.3,0.178624,2.916466,3.708984,0.296207,0.303291,0.332028,0.460534
MEXICO,GUERRERO,2006-06-18,poisson,5,1.0,hostvector,alt,1.0,0.3,0.178624,3.509942,4.779047,0.361109,0.352804,0.326169,0.586139
MEXICO,GUERRERO,2006-06-18,poisson,5,1.0,seir,central,1.0,0.3,0.178624,3.526277,3.712495,0.170517,0.33822,0.861625,1.187087
MEXICO,GUERRERO,2006-06-18,poisson,5,1.0,seir,alt,1.0,0.3,0.178624,3.900108,3.940198,0.102559,0.347242,1.243077,1.805723
MEXICO,GUERRERO,2006-06-18,poisson,5,1.0,hostvector_tempmort,central,1.0,0.3,0.178624,2.915145,3.694221,0.293871,0.302337,0.33379,0.461143
MEXICO,GUERRERO,2006-06-18,poisson,5,1.0,hostvector_tempmort,alt,1.0,0.3,0.178624,3.5033,4.758859,0.358388,0.351851,0.327296,0.585615
MEXICO,GUERRERO,2006-06-18,poisson,5,0.75,hostvector,central,1.0,0.3,0.178624,2.769134,4.915637,0.276815,0.390645,0.313251,0.581766
MEXICO,GUERRERO,2006-06-18,poisson,5,0.75,hostvector,alt,1.0,0.3,0.178624,3.240166,6.156714,0.329867,0.452346,0.292774,0.683193
MEXICO,GUERRERO,2006-06-18,poisson,5,0.75,seir,central,1.0,0.3,0.178624,3.375364,5.178396,0.143635,0.458521,0.813166,1.58167
MEXICO,GUERRERO,2006-06-18,poisson,5,0.75,seir,alt,1.0,0.3,0.178624,3.570953,5.592221,0.053325,0.490525,1.094227,2.288606
MEXICO,GUERRERO,2006-06-18,poisson,5,0.75,hostvector_tempmort,central,1.0,0.3,0.178624,2.767984,4.901293,0.274494,0.389531,0.314944,0.583239
MEXICO,GUERRERO,2006-06-18,poisson,5,0.75,hostvector_tempmort,alt,1.0,0.3,0.178624,3.234684,6.137557,0.327269,0.451236,0.293943,0.683735
MEXICO,GUERRERO,2006-06-18,poisson,7,1.0,hostvector,central,1.0,0.3,0.178624,4.202952,3.577818,-0.331368,0.213397,0.59811,0.777004
MEXICO,GUERRERO,2006-06-18,poisson,7,1.0,hostvector,alt,1.0,0.3,0.178624,5.228484,4.628287,-0.358604,0.238649,0.690951,1.164462
MEXICO,GUERRERO,2006-06-18,poisson,7,1.0,seir,central,1.0,0.3,0.178624,4.034941,3.423535,-0.375003,0.225959,1.144008,1.434869
MEXICO,GUERRERO,2006-06-18,poisson,7,1.0,seir,alt,1.0,0.3,0.178624,4.084774,3.581509,-0.378559,0.231582,1.453496,1.906346
MEXICO,GUERRERO,2006-06-18,poisson,7,1.0,hostvector_tempmort,central,1.0,0.3,0.178624,4.210881,3.563895,-0.331342,0.212573,0.602565,0.779812
MEXICO,GUERRERO,2006-06-18,poisson,7,1.0,hostvector_tempmort,alt,1.0,0.3,0.178624,5.230408,4.609812,-0.358612,0.237738,0.694414,1.16559
MEXICO,GUERRERO,2006-06-18,poisson,7,0.75,hostvector,central,1.0,0.3,0.178624,0.837994,3.758982,-0.523503,0.39092,0.162137,0.246457
MEXICO,GUERRERO,2006-06-18,poisson,7,0.75,hostvector,alt,1.0,0.3,0.178624,1.231216,4.677282,-0.582735,0.462728,0.146728,0.279973
MEXICO,GUERRERO,2006-06-18,poisson,7,0.75,seir,central,1.0,0.3,0.178624,0.624336,3.805141,-0.569647,0.405353,0.303914,0.460336
MEXICO,GUERRERO,2006-06-18,poisson,7,0.75,seir,alt,1.0,0.3,0.178624,0.702059,4.051734,-0.561441,0.419299,0.388893,0.62856
MEXICO,GUERRERO,2006-06-18,poisson,7,0.75,hostvector_tempmort,central,1.0,0.3,0.178624,0.840045,3.747382,-0.522744,0.389311,0.16293,0.246974
MEXICO,GUERRERO,2006-06-18,poisson,7,0.75,hostvector_tempmort,alt,1.0,0.3,0.178624,1.227231,4.66179,-0.581824,0.461182,0.147089,0.279771
COLOMBIA,COLOMBIA,2018-11-04,nb,3,1.0,hostvector,central,1.0,0.3,0.393819,0.868744,0.161023,0.274791,0.022226,0.330925,0.070423
COLOMBIA,COLOMBIA,2018-11-04,nb,3,1.0,hostvector,alt,1.0,0.3,0.393819,0.958073,0.194684,0.328957,0.026569,0.283201,0.07232
COLOMBIA,COLOMBIA,2018-11-04,nb,3,1.0,seir,central,1.0,0.3,0.393819,1.060619,0.229126,0.240508,0.031104,0.888422,0.273439
COLOMBIA,COLOMBIA,2018-11-04,nb,3,1.0,seir,alt,1.0,0.3,0.393819,1.07969,,0.241654,,1.13863,
COLOMBIA,COLOMBIA,2018-11-04,nb,3,1.0,hostvector_tempmort,central,1.0,0.3,0.393819,0.617031,0.148961,0.244384,0.020453,0.265756,0.052659
COLOMBIA,COLOMBIA,2018-11-04,nb,3,1.0,hostvector_tempmort,alt,1.0,0.3,0.393819,0.705721,0.173842,0.290346,0.02349,0.228322,0.052513
COLOMBIA,COLOMBIA,2018-11-04,nb,3,0.75,hostvector,central,1.0,0.3,0.393819,0.9583,0.231325,0.264806,0.025183,0.37501,0.115664
COLOMBIA,COLOMBIA,2018-11-04,nb,3,0.75,hostvector,alt,1.0,0.3,0.393819,1.175572,0.276887,0.317736,0.031231,0.382524,0.141072
COLOMBIA,COLOMBIA,2018-11-04,nb,3,0.75,seir,central,1.0,0.3,0.393819,0.636246,0.285728,0.230398,0.031084,0.504864,0.193
COLOMBIA,COLOMBIA,2018-11-04,nb,3,0.75,seir,alt,1.0,0.3,0.393819,0.658175,,0.23221,,0.649581,
COLOMBIA,COLOMBIA,2018-11-04,nb,3,0.75,hostvector_tempmort,central,1.0,0.3,0.393819,0.635522,,0.234916,,0.273378,
COLOMBIA,COLOMBIA,2018-11-04,nb,3,0.75,hostvector_tempmort,alt,1.0,0.3,0.393819,0.833094,0.2425,0.279163,0.02697,0.272677,0.088385
COLOMBIA,COLOMBIA,2018-11-04,nb,5,1.0,hostvector,central,1.0,0.3,0.393819,1.091214,,0.282519,,0.446037,
COLOMBIA,COLOMBIA,2018-11-04,nb,5,1.0,hostvector,alt,1.0,0.3,0.393819,1.458361,0.325544,0.334005,0.042007,0.568051,0.247039
COLOMBIA,COLOMBIA,2018-11-04,nb,5,1.0,seir,central,1.0,0.3,0.393819,1.535807,,0.284403,,1.677551,
COLOMBIA,COLOMBIA,2018-11-04,nb,5,1.0,seir,alt,1.0,0.3,0.393819,1.548404,,0.283815,,2.132422,
COLOMBIA,COLOMBIA,2018-11-04,nb,5,1.0,hostvector_tempmort,central,1.0,0.3,0.393819,0.975385,0.241193,0.261481,0.032146,0.432113,0.139893
COLOMBIA,COLOMBIA,2018-11-04,nb,5,1.0,hostvector_tempmort,alt,1.0,0.3,0.393819,1.14884,0.286839,0.301756,0.037683,0.420013,0.161346
COLOMBIA,COLOMBIA,2018-11-04,nb,5,0.75,hostvector,central,1.0,0.3,0.393819,1.442408,0.306254,0.289695,0.035898,0.719233,0.292981
COLOMBIA,COLOMBIA,2018-11-04,nb,5,0.75,hostvector,alt,1.0,0.3,0.393819,1.602634,0.353763,0.346791,0.041488,0.699996,0.328022
COLOMBIA,COLOMBIA,2018-11-04,nb,5,0.75,seir,central,1.0,0.3,0.393819,1.269887,,0.283587,,1.184021,
COLOMBIA,COLOMBIA,2018-11-04,nb,5,0.75,seir,alt,1.0,0.3,0.393819,1.283318,0.333828,0.282554,0.040572,1.507004,0.670775
COLOMBIA,COLOMBIA,2018-11-04,nb,5,0.75,hostvector_tempmort,central,1.0,0.3,0.393819,1.063984,0.283795,0.264065,0.032894,0.490803,0.184742
COLOMBIA,COLOMBIA,2018-11-04,nb,5,0.75,hostvector_tempmort,alt,1.0,0.3,0.393819,1.27664,0.326292,0.307894,0.038013,0.503877,0.217973
COLOMBIA,COLOMBIA,2018-11-04,nb,7,1.0,hostvector,central,1.0,0.3,0.393819,0.485559,0.481361,0.137911,0.06223,0.203349,0.131556
COLOMBIA,COLOMBIA,2018-11-04,nb,7,1.0,hostvector,alt,1.0,0.3,0.393819,0.559834,0.572558,0.16327,0.0731,0.174415,0.13408
COLOMBIA,COLOMBIA,2018-11-04,nb,7,1.0,seir,central,1.0,0.3,0.393819,1.056349,0.530009,0.171047,0.070628,0.891959,0.635144
COLOMBIA,COLOMBIA,2018-11-04,nb,7,1.0,seir,alt,1.0,0.3,0.393819,0.511631,,0.398702,,1.187755,
COLOMBIA,COLOMBIA,2018-11-04,nb,7,1.0,hostvector_tempmort,central,1.0,0.3,0.393819,0.243998,0.346845,0.124185,0.053601,0.163804,0.075274
COLOMBIA,COLOMBIA,2018-11-04,nb,7,1.0,hostvector_tempmort,alt,1.0,0.3,0.393819,0.165485,0.402429,0.133337,0.062547,0.113677,0.060468
COLOMBIA,COLOMBIA,2018-11-04,nb,7,0.75,hostvector,central,1.0,0.3,0.393819,0.907548,0.546106,0.174836,0.067425,0.358,0.2605
COLOMBIA,COLOMBIA,2018-11-04,nb,7,0.75,hostvector,alt,1.0,0.3,0.393819,1.119824,0.604334,0.252667,0.076075,0.379009,0.305036
COLOMBIA,COLOMBIA,2018-11-04,nb,7,0.75,seir,central,1.0,0.3,0.393819,0.860339,,0.197323,,0.693454,
COLOMBIA,COLOMBIA,2018-11-04,nb,7,0.75,seir,alt,1.0,0.3,0.393819,0.84447,0.563942,0.191993,0.069382,0.848944,0.63857
COLOMBIA,COLOMBIA,2018-11-04,nb,7,0.75,hostvector_tempmort,central,1.0,0.3,0.393819,0.624217,0.478527,0.180967,0.059065,0.278141,0.177473
COLOMBIA,COLOMBIA,2018-11-04,nb,7,0.75,hostvector_tempmort,alt,1.0,0.3,0.393819,0.790088,0.556536,0.214195,0.069021,0.269827,0.200144
COLOMBIA,COLOMBIA,2018-11-04,poisson,3,1.0,hostvector,central,1.0,0.3,0.393819,0.970612,0.164018,0.293524,0.027272,0.378509,0.083719
COLOMBIA,COLOMBIA,2018-11-04,poisson,3,1.0,hostvector,alt,1.0,0.3,0.393819,1.086947,0.202239,0.349804,0.031923,0.335575,0.091364
COLOMBIA,COLOMBIA,2018-11-04,poisson,3,1.0,seir,central,1.0,0.3,0.393819,1.250862,0.199587,0.285047,0.035989,1.157929,0.314782
COLOMBIA,COLOMBIA,2018-11-04,poisson,3,1.0,seir,alt,1.0,0.3,0.393819,1.263116,0.202786,0.285209,0.036074,1.470355,0.406436
COLOMBIA,COLOMBIA,2018-11-04,poisson,3,1.0,hostvector_tempmort,central,1.0,0.3,0.393819,0.695648,,0.260697,,0.295116,
COLOMBIA,COLOMBIA,2018-11-04,poisson,3,1.0,hostvector_tempmort,alt,1.0,0.3,0.393819,0.790056,0.164071,0.306413,0.028024,0.255231,0.055184
COLOMBIA,COLOMBIA,2018-11-04,poisson,3,0.75,hostvector,central,1.0,0.3,0.393819,1.163957,0.269743,0.279278,0.034746,0.494784,0.176163
COLOMBIA,COLOMBIA,2018-11-04,poisson,3,0.75,hostvector,alt,1.0,0.3,0.393819,1.412276,0.317169,0.33374,0.040077,0.525522,0.219614
COLOMBIA,COLOMBIA,2018-11-04,poisson,3,0.75,seir,central,1.0,0.3,0.393819,1.035894,0.325789,0.262597,0.044211,0.869263,0.376603
COLOMBIA,COLOMBIA,2018-11-04,poisson,3,0.75,seir,alt,1.0,0.3,0.393819,1.045736,0.328199,0.262568,0.044594,1.100379,0.480014
COLOMBIA,COLOMBIA,2018-11-04,poisson,3,0.75,hostvector_tempmort,central,1.0,0.3,0.393819,0.830813,0.248597,0.247365,0.032381,0.356328,0.117249
COLOMBIA,COLOMBIA,2018-11-04,poisson,3,0.75,hostvector_tempmort,alt,1.0,0.3,0.393819,1.04077,0.286555,0.291257,0.036814,0.361289,0.136832
COLOMBIA,COLOMBIA,2018-11-04,poisson,5,1.0,hostvector,central,1.0,0.3,0.393819,1.409157,0.274702,0.292046,0.038385,0.691333,0.253871
COLOMBIA,COLOMBIA,2018-11-04,poisson,5,1.0,hostvector,alt,1.0,0.3,0.393819,1.667582,0.333324,0.344352,0.04508,0.752269,0.334259
COLOMBIA,COLOMBIA,2018-11-04,poisson,5,1.0,seir,central,1.0,0.3,0.393819,1.628719,,0.295851,,1.906628,
COLOMBIA,COLOMBIA,2018-11-04,poisson,5,1.0,seir,alt,1.0,0.3,0.393819,1.624445,0.306325,0.292324,0.045501,2.369884,0.97211
COLOMBIA,COLOMBIA,2018-11-04,poisson,5,1.0,hostvector_tempmort,central,1.0,0.3,0.393819,1.045637,0.246355,0.2606,0.03512,0.474549,0.156674
COLOMBIA,COLOMBIA,2018-11-04,poisson,5,1.0,hostvector_tempmort,alt,1.0,0.3,0.393819,1.260918,0.294821,0.30335,0.041072,0.488082,0.192415
COLOMBIA,COLOMBIA,2018-11-04,poisson,5,0.75,hostvector,central,1.0,0.3,0.393819,1.563582,0.335615,0.277685,0.042303,0.858918,0.382526
COLOMBIA,COLOMBIA,2018-11-04,poisson,5,0.75,hostvector,alt,1.0,0.3,0.393819,1.860815,0.385432,0.330097,0.048924,0.989143,0.505833
COLOMBIA,COLOMBIA,2018-11-04,poisson,5,0.75,seir,central,1.0,0.3,0.393819,1.559525,,0.271938,,1.752656,
COLOMBIA,COLOMBIA,2018-11-04,poisson,5,0.75,seir,alt,1.0,0.3,0.393819,1.558888,0.388544,0.2678,0.04979,2.189982,1.131032
COLOMBIA,COLOMBIA,2018-11-04,poisson,5,0.75,hostvector_tempmort,central,1.0,0.3,0.393819,1.223794,0.312659,0.247389,0.039225,0.606861,0.251952
COLOMBIA,COLOMBIA,2018-11-04,poisson,5,0.75,hostvector_tempmort,alt,1.0,0.3,0.393819,1.471786,0.35887,0.288342,0.045212,0.654181,0.311687
COLOMBIA,COLOMBIA,2018-11-04,poisson,7,1.0,hostvector,central,1.0,0.3,0.393819,0.661101,0.443248,0.13495,0.057497,0.26123,0.156293
COLOMBIA,COLOMBIA,2018-11-04,poisson,7,1.0,hostvector,alt,1.0,0.3,0.393819,0.80891,0.529172,0.163564,0.067532,0.248219,0.177104
COLOMBIA,COLOMBIA,2018-11-04,poisson,7,1.0,seir,central,1.0,0.3,0.393819,0.88256,,0.141856,,0.716212,
COLOMBIA,COLOMBIA,2018-11-04,poisson,7,1.0,seir,alt,1.0,0.3,0.393819,0.8539,0.476105,0.134954,0.063918,0.862443,0.554079
COLOMBIA,COLOMBIA,2018-11-04,poisson,7,1.0,hostvector_tempmort,central,1.0,0.3,0.393819,0.36891,0.399554,0.117013,0.052407,0.196214,0.105912
COLOMBIA,COLOMBIA,2018-11-04,poisson,7,1.0,hostvector_tempmort,alt,1.0,0.3,0.393819,0.140422,0.476381,0.116356,0.061599,0.109962,0.070905
COLOMBIA,COLOMBIA,2018-11-04,poisson,7,0.75,hostvector,central,1.0,0.3,0.393819,0.978444,0.497149,0.1487,0.061494,0.407899,0.272324
COLOMBIA,COLOMBIA,2018-11-04,poisson,7,0.75,hostvector,alt,1.0,0.3,0.393819,0.746116,0.598581,0.126597,0.074642,0.223983,0.180558
COLOMBIA,COLOMBIA,2018-11-04,poisson,7,0.75,seir,central,1.0,0.3,0.393819,0.954887,,0.139285,,0.795373,
COLOMBIA,COLOMBIA,2018-11-04,poisson,7,0.75,seir,alt,1.0,0.3,0.393819,0.938613,0.527391,0.133479,0.065288,0.973815,0.68989
COLOMBIA,COLOMBIA,2018-11-04,poisson,7,0.75,hostvector_tempmort,central,1.0,0.3,0.393819,0.662883,0.454905,0.126841,0.055845,0.296236,0.181069
COLOMBIA,COLOMBIA,2018-11-04,poisson,7,0.75,hostvector_tempmort,alt,1.0,0.3,0.393819,0.547439,0.53387,0.115856,0.066079,0.191897,0.137912
MEXICO,VERACRUZ,2003-07-13,nb,3,1.0,hostvector,central,1.0,0.3,0.238868,5.073062,3.052512,-0.079896,0.728059,0.541096,0.34721
MEXICO,VERACRUZ,2003-07-13,nb,3,1.0,hostvector,alt,1.0,0.3,0.238868,6.918713,4.244105,-0.018742,0.855991,0.71639,0.631769
MEXICO,VERACRUZ,2003-07-13,nb,3,1.0,seir,central,1.0,0.3,0.238868,4.522026,3.088851,-0.195148,0.828928,0.978899,0.645858
MEXICO,VERACRUZ,2003-07-13,nb,3,1.0,seir,alt,1.0,0.3,0.238868,5.001241,3.62076,-0.17662,0.830398,1.395824,1.164758
MEXICO,VERACRUZ,2003-07-13,nb,3,1.0,hostvector_tempmort,central,1.0,0.3,0.238868,5.009973,3.053195,-0.101716,0.728881,0.54423,0.349244
MEXICO,VERACRUZ,2003-07-13,nb,3,1.0,hostvector_tempmort,alt,1.0,0.3,0.238868,6.831633,4.249727,-0.042896,0.863081,0.715919,0.632829
MEXICO,VERACRUZ,2003-07-13,nb,3,0.75,hostvector,central,1.0,0.3,0.238868,4.962831,3.703688,-0.105347,0.893801,0.529631,0.412356
MEXICO,VERACRUZ,2003-07-13,nb,3,0.75,hostvector,alt,1.0,0.3,0.238868,6.676238,5.155173,-0.073283,1.067825,0.683207,0.732521
MEXICO,VERACRUZ,2003-07-13,nb,3,0.75,seir,central,1.0,0.3,0.238868,4.474442,3.75075,-0.206046,1.009698,0.969613,0.776166
MEXICO,VERACRUZ,2003-07-13,nb,3,0.75,seir,alt,1.0,0.3,0.238868,4.933709,,-0.189719,,1.37549,
MEXICO,VERACRUZ,2003-07-13,nb,3,0.75,hostvector_tempmort,central,1.0,0.3,0.238868,4.938008,3.702262,-0.117903,0.88974,0.536528,0.417562
MEXICO,VERACRUZ,2003-07-13,nb,3,0.75,hostvector_tempmort,alt,1.0,0.3,0.238868,6.660385,5.158636,-0.080003,1.064962,0.691811,0.742665
MEXICO,VERACRUZ,2003-07-13,nb,5,1.0,hostvector,central,1.0,0.3,0.238868,6.57501,7.972091,0.398487,1.662974,0.697456,0.824402
MEXICO,VERACRUZ,2003-07-13,nb,5,1.0,hostvector,alt,1.0,0.3,0.238868,7.978491,9.770893,0.329834,2.000275,0.853268,1.206887
MEXICO,VERACRUZ,2003-07-13,nb,5,1.0,seir,central,1.0,0.3,0.238868,6.546477,5.826969,0.482723,1.214149,1.531617,2.054698
MEXICO,VERACRUZ,2003-07-13,nb,5,1.0,seir,alt,1.0,0.3,0.238868,7.169618,5.954852,0.455585,1.169812,2.299799,3.239423
MEXICO,VERACRUZ,2003-07-13,nb,5,1.0,hostvector_tempmort,central,1.0,0.3,0.238868,6.578451,8.015323,0.388792,1.669411,0.712084,0.869635
MEXICO,VERACRUZ,2003-07-13,nb,5,1.0,hostvector_tempmort,alt,1.0,0.3,0.238868,7.970404,10.02895,0.322891,2.054221,0.867024,1.290989
MEXICO,VERACRUZ,2003-07-13,nb,5,0.75,hostvector,central,1.0,0.3,0.238868,6.520748,9.874733,0.385824,2.063236,0.689321,1.016327
MEXICO,VERACRUZ,2003-07-13,nb,5,0.75,hostvector,alt,1.0,0.3,0.238868,7.847237,12.801311,0.302397,2.635725,0.829238,1.556366
MEXICO,VERACRUZ,2003-07-13,nb,5,0.75,seir,central,1.0,0.3,0.238868,6.526073,7.060812,0.479785,1.471436,1.524407,2.479044
MEXICO,VERACRUZ,2003-07-13,nb,5,0.75,seir,alt,1.0,0.3,0.238868,7.140629,7.208344,0.453759,1.416117,2.283912,3.895909
MEXICO,VERACRUZ,2003-07-13,nb,5,0.75,hostvector_tempmort,central,1.0,0.3,0.238868,6.545973,9.808944,0.381437,2.044401,0.70689,1.061016
MEXICO,VERACRUZ,2003-07-13,nb,5,0.75,hostvector_tempmort,alt,1.0,0.3,0.238868,7.880141,12.652748,0.304816,2.599735,0.849616,1.613536
MEXICO,VERACRUZ,2003-07-13,nb,7,1.0,hostvector,central,1.0,0.3,0.238868,6.552109,4.679347,0.445488,0.919606,0.774326,0.671249
MEXICO,VERACRUZ,2003-07-13,nb,7,1.0,hostvector,alt,1.0,0.3,0.238868,8.355774,6.899906,0.456435,1.256313,0.978536,1.329387
MEXICO,VERACRUZ,2003-07-13,nb,7,1.0,seir,central,1.0,0.3,0.238868,5.285443,3.344126,0.347533,0.570263,1.319394,1.055962
MEXICO,VERACRUZ,2003-07-13,nb,7,1.0,seir,alt,1.0,0.3,0.238868,5.654613,3.859113,0.32887,0.580082,1.865219,1.694108
MEXICO,VERACRUZ,2003-07-13,nb,7,1.0,hostvector_tempmort,central,1.0,0.3,0.238868,6.418624,4.375529,0.421446,0.847872,0.788678,0.681281
MEXICO,VERACRUZ,2003-07-13,nb,7,1.0,hostvector_tempmort,alt,1.0,0.3,0.238868,8.368749,6.677254,0.446584,1.206009,1.002743,1.273117
MEXICO,VERACRUZ,2003-07-13,nb,7,0.75,hostvector,central,1.0,0.3,0.238868,6.48129,5.609466,0.435652,1.097068,0.768491,0.805169
MEXICO,VERACRUZ,2003-07-13,nb,7,0.75,hostvector,alt,1.0,0.3,0.238868,8.280695,8.383329,0.442111,1.515829,0.959758,1.521489
MEXICO,VERACRUZ,2003-07-13,nb,7,0.75,seir,central,1.0,0.3,0.238868,5.264278,4.056228,0.347305,0.690403,1.312969,1.274974
MEXICO,VERACRUZ,2003-07-13,nb,7,0.75,seir,alt,1.0,0.3,0.238868,5.619242,4.6711,0.329661,0.70124,1.850064,2.035155
MEXICO,VERACRUZ,2003-07-13,nb,7,0.75,hostvector_tempmort,central,1.0,0.3,0.238868,6.378847,5.28417,0.417057,1.020557,0.783929,0.824808
MEXICO,VERACRUZ,2003-07-13,nb,7,0.75,hostvector_tempmort,alt,1.0,0.3,0.238868,8.301113,8.085874,0.437432,1.454163,0.983398,1.491874
MEXICO,VERACRUZ,2003-07-13,poisson,3,1.0,hostvector,central,1.0,0.3,0.238868,3.640647,6.244937,-0.420086,0.771959,0.412271,0.602945
MEXICO,VERACRUZ,2003-07-13,poisson,3,1.0,hostvector,alt,1.0,0.3,0.238868,4.632591,7.717694,-0.51869,0.901845,0.455898,0.823439
MEXICO,VERACRUZ,2003-07-13,poisson,3,1.0,seir,central,1.0,0.3,0.238868,4.236462,7.746548,-0.336445,0.923648,0.963504,1.810826
MEXICO,VERACRUZ,2003-07-13,poisson,3,1.0,seir,alt,1.0,0.3,0.238868,5.337054,10.754032,-0.236131,1.106341,1.604614,4.250309
MEXICO,VERACRUZ,2003-07-13,poisson,3,1.0,hostvector_tempmort,central,1.0,0.3,0.238868,3.659516,6.351161,-0.421139,0.775889,0.420788,0.626427
MEXICO,VERACRUZ,2003-07-13,poisson,3,1.0,hostvector_tempmort,alt,1.0,0.3,0.238868,4.612071,7.861923,-0.522161,0.910759,0.459885,0.846707
MEXICO,VERACRUZ,2003-07-13,poisson,3,0.75,hostvector,central,1.0,0.3,0.238868,3.581908,7.606387,-0.428198,0.937755,0.406328,0.723203
MEXICO,VERACRUZ,2003-07-13,poisson,3,0.75,hostvector,alt,1.0,0.3,0.238868,4.474502,9.514142,-0.541341,1.110029,0.438563,0.9747
MEXICO,VERACRUZ,2003-07-13,poisson,3,0.75,seir,central,1.0,0.3,0.238868,4.225281,9.326392,-0.337928,1.11205,0.960823,2.174513
MEXICO,VERACRUZ,2003-07-13,poisson,3,0.75,seir,alt,1.0,0.3,0.238868,5.329773,12.936243,-0.236951,1.330069,1.601611,5.102545
MEXICO,VERACRUZ,2003-07-13,poisson,3,0.75,hostvector_tempmort,central,1.0,0.3,0.238868,3.624731,7.69666,-0.425893,0.938512,0.417177,0.75226
MEXICO,VERACRUZ,2003-07-13,poisson,3,0.75,hostvector_tempmort,alt,1.0,0.3,0.238868,4.507849,9.61482,-0.536942,1.112048,0.448251,1.008086
MEXICO,VERACRUZ,2003-07-13,poisson,5,1.0,hostvector,central,1.0,0.3,0.238868,6.834582,8.777667,0.316536,1.388801,0.801032,1.25872
MEXICO,VERACRUZ,2003-07-13,poisson,5,1.0,hostvector,alt,1.0,0.3,0.238868,7.996365,10.771893,0.259645,1.672337,0.911316,1.778263
MEXICO,VERACRUZ,2003-07-13,poisson,5,1.0,seir,central,1.0,0.3,0.238868,8.722791,7.775563,0.681928,1.12704,2.573509,4.351283
MEXICO,VERACRUZ,2003-07-13,poisson,5,1.0,seir,alt,1.0,0.3,0.238868,9.25622,7.934967,0.685938,1.072416,3.786658,6.823149
MEXICO,VERACRUZ,2003-07-13,poisson,5,1.0,hostvector_tempmort,central,1.0,0.3,0.238868,6.910127,8.660946,0.324358,1.3683,0.829427,1.295128
MEXICO,VERACRUZ,2003-07-13,poisson,5,1.0,hostvector_tempmort,alt,1.0,0.3,0.238868,8.059485,10.63738,0.270021,1.650404,0.938462,1.819897
MEXICO,VERACRUZ,2003-07-13,poisson,5,0.75,hostvector,central,1.0,0.3,0.238868,6.833295,10.554336,0.316404,1.669425,0.800771,1.513098
MEXICO,VERACRUZ,2003-07-13,poisson,5,0.75,hostvector,alt,1.0,0.3,0.238868,7.993116,12.968786,0.25954,2.011818,0.910465,2.138457
MEXICO,VERACRUZ,2003-07-13,poisson,5,0.75,seir,central,1.0,0.3,0.238868,8.722612,9.345381,0.681929,1.354562,2.573366,5.229471
MEXICO,VERACRUZ,2003-07-13,poisson,5,0.75,seir,alt,1.0,0.3,0.238868,9.255691,9.537031,0.685976,1.288913,3.785993,8.199171
MEXICO,VERACRUZ,2003-07-13,poisson,5,0.75,hostvector_tempmort,central,1.0,0.3,0.238868,6.909939,10.412469,0.324451,1.644772,0.829335,1.556672
MEXICO,VERACRUZ,2003-07-13,poisson,5,0.75,hostvector_tempmort,alt,1.0,0.3,0.238868,8.056864,12.794619,0.269678,1.984094,0.937809,2.187564
MEXICO,VERACRUZ,2003-07-13,poisson,7,1.0,hostvector,central,1.0,0.3,0.238868,5.428278,6.265985,0.701481,0.98609,0.744765,1.171181
MEXICO,VERACRUZ,2003-07-13,poisson,7,1.0,hostvector,alt,1.0,0.3,0.238868,6.68074,8.355552,0.738309,1.305455,0.878447,1.835691
MEXICO,VERACRUZ,2003-07-13,poisson,7,1.0,seir,central,1.0,0.3,0.238868,4.850586,6.534774,0.575709,0.548316,1.305586,2.139055
MEXICO,VERACRUZ,2003-07-13,poisson,7,1.0,seir,alt,1.0,0.3,0.238868,5.08339,7.708687,0.548859,0.543251,1.79304,3.505098
MEXICO,VERACRUZ,2003-07-13,poisson,7,1.0,hostvector_tempmort,central,1.0,0.3,0.238868,5.428957,6.224634,0.699649,0.955852,0.761498,1.202748
MEXICO,VERACRUZ,2003-07-13,poisson,7,1.0,hostvector_tempmort,alt,1.0,0.3,0.238868,6.676486,8.287378,0.745022,1.275444,0.900845,1.904506
MEXICO,VERACRUZ,2003-07-13,poisson,7,0.75,hostvector,central,1.0,0.3,0.238868,5.42419,7.537149,0.701626,1.185082,0.744091,1.408118
MEXICO,VERACRUZ,2003-07-13,poisson,7,0.75,hostvector,alt,1.0,0.3,0.238868,6.669805,10.059078,0.73857,1.568762,0.876309,2.207533
MEXICO,VERACRUZ,2003-07-13,poisson,7,0.75,seir,central,1.0,0.3,0.238868,4.847704,7.855713,0.575802,0.658957,1.304649,2.569723
MEXICO,VERACRUZ,2003-07-13,poisson,7,0.75,seir,alt,1.0,0.3,0.238868,5.07763,9.265431,0.549069,0.65282,1.790449,4.207177
MEXICO,VERACRUZ,2003-07-13,poisson,7,0.75,hostvector_tempmort,central,1.0,0.3,0.238868,5.425474,7.484718,0.699745,1.148668,0.760916,1.445664
MEXICO,VERACRUZ,2003-07-13,poisson,7,0.75,hostvector_tempmort,alt,1.0,0.3,0.238868,6.667313,9.970776,0.745221,1.532574,0.898993,2.289014
MEXICO,COLIMA,2006-07-16,nb,3,1.0,hostvector,central,1.0,0.3,0.204133,5.725159,4.761802,-0.076738,0.333765,1.864415,3.920876
MEXICO,COLIMA,2006-07-16,nb,3,1.0,hostvector,alt,1.0,0.3,0.204133,7.452349,5.962572,-0.055936,0.38593,3.070482,8.024618
MEXICO,COLIMA,2006-07-16,nb,3,1.0,seir,central,1.0,0.3,0.204133,6.06162,4.823262,-0.19377,0.358469,4.775112,10.100764
MEXICO,COLIMA,2006-07-16,nb,3,1.0,seir,alt,1.0,0.3,0.204133,6.725761,4.949143,-0.225119,0.371129,7.931371,17.122666
MEXICO,COLIMA,2006-07-16,nb,3,1.0,hostvector_tempmort,central,1.0,0.3,0.204133,5.67012,4.726029,-0.078167,0.331243,1.829054,3.817347
MEXICO,COLIMA,2006-07-16,nb,3,1.0,hostvector_tempmort,alt,1.0,0.3,0.204133,7.37527,5.915519,-0.057652,0.382734,2.985648,7.740676
MEXICO,COLIMA,2006-07-16,nb,3,0.75,hostvector,central,1.0,0.3,0.204133,2.288916,5.134516,-0.021024,0.290039,0.452774,1.018961
MEXICO,COLIMA,2006-07-16,nb,3,0.75,hostvector,alt,1.0,0.3,0.204133,1.55149,6.424608,0.034819,0.282841,0.268052,0.745925
MEXICO,COLIMA,2006-07-16,nb,3,0.75,seir,central,1.0,0.3,0.204133,3.554967,5.098127,-0.151211,0.35511,1.715437,3.829392
MEXICO,COLIMA,2006-07-16,nb,3,0.75,seir,alt,1.0,0.3,0.204133,4.349172,5.200188,-0.19714,0.373239,3.023582,6.85715
MEXICO,COLIMA,2006-07-16,nb,3,0.75,hostvector_tempmort,central,1.0,0.3,0.204133,2.309179,5.116673,-0.02292,0.289883,0.45804,1.027237
MEXICO,COLIMA,2006-07-16,nb,3,0.75,hostvector_tempmort,alt,1.0,0.3,0.204133,1.802597,6.368018,0.025102,0.289151,0.299403,0.826654
MEXICO,COLIMA,2006-07-16,nb,5,1.0,hostvector,central,1.0,0.3,0.204133,3.989138,3.644227,0.065723,0.229348,0.860181,1.300117
MEXICO,COLIMA,2006-07-16,nb,5,1.0,hostvector,alt,1.0,0.3,0.204133,5.015764,4.838434,0.132052,0.238988,1.059166,2.124345
MEXICO,COLIMA,2006-07-16,nb,5,1.0,seir,central,1.0,0.3,0.204133,3.190951,3.357057,0.033026,0.255761,1.323335,1.825626
MEXICO,COLIMA,2006-07-16,nb,5,1.0,seir,alt,1.0,0.3,0.204133,3.51775,3.358538,0.029107,0.264905,1.899306,2.611763
MEXICO,COLIMA,2006-07-16,nb,5,1.0,hostvector_tempmort,central,1.0,0.3,0.204133,3.960326,3.606962,0.061668,0.228548,0.853176,1.275922
MEXICO,COLIMA,2006-07-16,nb,5,1.0,hostvector_tempmort,alt,1.0,0.3,0.204133,4.987983,4.785084,0.126635,0.238826,1.051445,2.085043
MEXICO,COLIMA,2006-07-16,nb,5,0.75,hostvector,central,1.0,0.3,0.204133,1.909707,3.751361,0.001434,0.220729,0.382365,0.592681
MEXICO,COLIMA,2006-07-16,nb,5,0.75,hostvector,alt,1.0,0.3,0.204133,1.469881,4.968467,0.041318,0.20417,0.262612,0.539637
MEXICO,COLIMA,2006-07-16,nb,5,0.75,seir,central,1.0,0.3,0.204133,1.987251,3.339512,-0.052545,0.269619,0.837751,1.140707
MEXICO,COLIMA,2006-07-16,nb,5,0.75,seir,alt,1.0,0.3,0.204133,2.248355,3.345194,-0.06159,0.280117,1.165742,1.584511
MEXICO,COLIMA,2006-07-16,nb,5,0.75,hostvector_tempmort,central,1.0,0.3,0.204133,1.936243,3.724603,-0.001128,0.221164,0.387554,0.596247
MEXICO,COLIMA,2006-07-16,nb,5,0.75,hostvector_tempmort,alt,1.0,0.3,0.204133,1.616286,4.901493,0.036061,0.208635,0.279621,0.566685
MEXICO,COLIMA,2006-07-16,nb,7,1.0,hostvector,central,1.0,0.3,0.204133,4.113901,3.397258,0.060584,0.251752,0.925393,1.243518
MEXICO,COLIMA,2006-07-16,nb,7,1.0,hostvector,alt,1.0,0.3,0.204133,0.0,1.052754,0.267671,0.108519,0.141222,0.063042
MEXICO,COLIMA,2006-07-16,nb,7,1.0,seir,central,1.0,0.3,0.204133,3.380725,2.796078,0.021322,0.271013,1.442395,1.550063
MEXICO,COLIMA,2006-07-16,nb,7,1.0,seir,alt,1.0,0.3,0.204133,4.078144,2.800942,-0.028143,0.277645,2.382006,2.552359
MEXICO,COLIMA,2006-07-16,nb,7,1.0,hostvector_tempmort,central,1.0,0.3,0.204133,4.093796,3.354737,0.055572,0.250908,0.919739,1.219476
MEXICO,COLIMA,2006-07-16,nb,7,1.0,hostvector_tempmort,alt,1.0,0.3,0.204133,0.0,4.292564,0.264044,0.109009,0.14168,0.249931
MEXICO,COLIMA,2006-07-16,nb,7,0.75,hostvector,central,1.0,0.3,0.204133,1.916923,3.646845,0.000989,0.25583,0.383671,0.554519
MEXICO,COLIMA,2006-07-16,nb,7,0.75,hostvector,alt,1.0,0.3,0.204133,1e-06,5.59132,0.092934,0.166277,0.146263,0.333821
MEXICO,COLIMA,2006-07-16,nb,7,0.75,seir,central,1.0,0.3,0.204133,1.888646,2.865997,-0.059918,0.296901,0.789947,0.864122
MEXICO,COLIMA,2006-07-16,nb,7,0.75,seir,alt,1.0,0.3,0.204133,2.305631,2.858902,-0.093143,0.304382,1.162225,1.263232
MEXICO,COLIMA,2006-07-16,nb,7,0.75,hostvector_tempmort,central,1.0,0.3,0.204133,1.939491,3.615461,-0.0016,0.256034,0.387896,0.555405
MEXICO,COLIMA,2006-07-16,nb,7,0.75,hostvector_tempmort,alt,1.0,0.3,0.204133,1e-06,5.585576,0.092068,0.167144,0.146565,0.334165
MEXICO,COLIMA,2006-07-16,poisson,3,1.0,hostvector,central,1.0,0.3,0.204133,5.150758,3.707799,-0.163322,0.268756,1.521773,2.457459
MEXICO,COLIMA,2006-07-16,poisson,3,1.0,hostvector,alt,1.0,0.3,0.204133,6.303468,4.417937,-0.173835,0.308133,2.028948,3.899607
MEXICO,COLIMA,2006-07-16,poisson,3,1.0,seir,central,1.0,0.3,0.204133,6.081227,4.031923,-0.287835,0.320601,4.858785,8.501608
MEXICO,COLIMA,2006-07-16,poisson,3,1.0,seir,alt,1.0,0.3,0.204133,7.061688,4.244245,-0.352838,0.354619,9.313051,17.132425
MEXICO,COLIMA,2006-07-16,poisson,3,1.0,hostvector_tempmort,central,1.0,0.3,0.204133,5.163343,3.701136,-0.164298,0.26858,1.533354,2.471262
MEXICO,COLIMA,2006-07-16,poisson,3,1.0,hostvector_tempmort,alt,1.0,0.3,0.204133,6.31086,4.409853,-0.17481,0.308055,2.039522,3.91239
MEXICO,COLIMA,2006-07-16,poisson,3,0.75,hostvector,central,1.0,0.3,0.204133,4.938981,4.451188,-0.167174,0.319309,1.400839,2.712517
MEXICO,COLIMA,2006-07-16,poisson,3,0.75,hostvector,alt,1.0,0.3,0.204133,6.017005,5.277605,-0.181341,0.365789,1.815967,4.165892
MEXICO,COLIMA,2006-07-16,poisson,3,0.75,seir,central,1.0,0.3,0.204133,5.913572,4.839099,-0.292248,0.38244,4.553553,9.553568
MEXICO,COLIMA,2006-07-16,poisson,3,0.75,seir,alt,1.0,0.3,0.204133,6.902797,5.080096,-0.359872,0.423672,8.766459,19.290647
MEXICO,COLIMA,2006-07-16,poisson,3,0.75,hostvector_tempmort,central,1.0,0.3,0.204133,4.963012,4.443927,-0.167996,0.319271,1.417875,2.740637
MEXICO,COLIMA,2006-07-16,poisson,3,0.75,hostvector_tempmort,alt,1.0,0.3,0.204133,6.037156,5.269712,-0.182057,0.365885,1.834543,4.2019
MEXICO,COLIMA,2006-07-16,poisson,5,1.0,hostvector,central,1.0,0.3,0.204133,3.821318,1.986138,-0.209844,0.235004,0.845677,0.659038
MEXICO,COLIMA,2006-07-16,poisson,5,1.0,hostvector,alt,1.0,0.3,0.204133,4.696459,2.453786,-0.221634,0.278608,1.006601,0.973033
MEXICO,COLIMA,2006-07-16,poisson,5,1.0,seir,central,1.0,0.3,0.204133,3.586091,2.08414,-0.247561,0.24073,1.581355,1.284429
MEXICO,COLIMA,2006-07-16,poisson,5,1.0,seir,alt,1.0,0.3,0.204133,3.689734,2.143996,-0.248986,0.258019,2.067551,1.729772
MEXICO,COLIMA,2006-07-16,poisson,5,1.0,hostvector_tempmort,central,1.0,0.3,0.204133,3.821165,1.975258,-0.213214,0.234764,0.847854,0.656627
MEXICO,COLIMA,2006-07-16,poisson,5,1.0,hostvector_tempmort,alt,1.0,0.3,0.204133,4.690761,2.440615,-0.225011,0.278577,1.006699,0.967332
MEXICO,COLIMA,2006-07-16,poisson,5,0.75,hostvector,central,1.0,0.3,0.204133,3.364295,2.306381,-0.264288,0.294461,0.714181,0.640538
MEXICO,COLIMA,2006-07-16,poisson,5,0.75,hostvector,alt,1.0,0.3,0.204133,4.096762,2.818915,-0.289604,0.345744,0.805887,0.887776
MEXICO,COLIMA,2006-07-16,poisson,5,0.75,seir,central,1.0,0.3,0.204133,3.163452,2.454413,-0.30821,0.306511,1.35236,1.283343
MEXICO,COLIMA,2006-07-16,poisson,5,0.75,seir,alt,1.0,0.3,0.204133,3.234167,2.526804,-0.310699,0.327099,1.7425,1.704865
MEXICO,COLIMA,2006-07-16,poisson,5,0.75,hostvector_tempmort,central,1.0,0.3,0.204133,3.37624,2.29709,-0.266422,0.294138,0.719211,0.642059
MEXICO,COLIMA,2006-07-16,poisson,5,0.75,hostvector_tempmort,alt,1.0,0.3,0.204133,4.105389,2.808354,-0.291444,0.345612,0.810203,0.888753
MEXICO,COLIMA,2006-07-16,poisson,7,1.0,hostvector,central,1.0,0.3,0.204133,3.249104,2.42538,-0.0302,0.239923,0.635731,0.608185
MEXICO,COLIMA,2006-07-16,poisson,7,1.0,hostvector,alt,1.0,0.3,0.204133,4.380539,3.001492,-0.064224,0.270838,0.837152,0.997076
MEXICO,COLIMA,2006-07-16,poisson,7,1.0,seir,central,1.0,0.3,0.204133,2.599539,2.351169,0.036174,0.257711,1.009904,0.928027
MEXICO,COLIMA,2006-07-16,poisson,7,1.0,seir,alt,1.0,0.3,0.204133,2.969818,2.51238,0.03628,0.261985,1.473029,1.454548
MEXICO,COLIMA,2006-07-16,poisson,7,1.0,hostvector_tempmort,central,1.0,0.3,0.204133,3.25344,2.421409,-0.031176,0.239703,0.638232,0.60947
MEXICO,COLIMA,2006-07-16,poisson,7,1.0,hostvector_tempmort,alt,1.0,0.3,0.204133,4.380367,2.994296,-0.065305,0.270515,0.838674,0.996327
MEXICO,COLIMA,2006-07-16,poisson,7,0.75,hostvector,central,1.0,0.3,0.204133,2.974082,2.920977,-0.043693,0.289065,0.569843,0.656196
MEXICO,COLIMA,2006-07-16,poisson,7,0.75,hostvector,alt,1.0,0.3,0.204133,3.99154,3.585895,-0.082845,0.32565,0.716987,1.019787
MEXICO,COLIMA,2006-07-16,poisson,7,0.75,seir,central,1.0,0.3,0.204133,2.401758,2.84495,0.025445,0.311266,0.932953,1.03722
MEXICO,COLIMA,2006-07-16,poisson,7,0.75,seir,alt,1.0,0.3,0.204133,2.769014,3.031198,0.028728,0.315505,1.358417,1.61839
MEXICO,COLIMA,2006-07-16,poisson,7,0.75,hostvector_tempmort,central,1.0,0.3,0.204133,2.991696,2.916863,-0.043953,0.288752,0.575096,0.661217
MEXICO,COLIMA,2006-07-16,poisson,7,0.75,hostvector_tempmort,alt,1.0,0.3,0.204133,4.006387,3.579482,-0.082981,0.325224,0.722561,1.025738
MEXICO,CHIAPAS,2006-04-02,nb,3,1.0,hostvector,central,1.0,0.3,0.313106,0.764878,0.447752,0.368643,0.073354,0.25153,0.088255
MEXICO,CHIAPAS,2006-04-02,nb,3,1.0,hostvector,alt,1.0,0.3,0.313106,1.148334,0.681617,0.44072,0.097595,0.270044,0.144824
MEXICO,CHIAPAS,2006-04-02,nb,3,1.0,seir,central,1.0,0.3,0.313106,0.631308,0.356756,0.337287,0.06385,0.475499,0.131759
MEXICO,CHIAPAS,2006-04-02,nb,3,1.0,seir,alt,1.0,0.3,0.313106,0.7151,0.409446,0.332623,0.062998,0.638099,0.203603
MEXICO,CHIAPAS,2006-04-02,nb,3,1.0,hostvector_tempmort,central,1.0,0.3,0.313106,0.079185,0.29244,0.346211,0.071398,0.148634,0.034066
MEXICO,CHIAPAS,2006-04-02,nb,3,1.0,hostvector_tempmort,alt,1.0,0.3,0.313106,0.234039,0.446124,0.405507,0.092218,0.133203,0.047024
MEXICO,CHIAPAS,2006-04-02,nb,3,0.75,hostvector,central,1.0,0.3,0.313106,1.183592,0.953194,0.3804,0.089067,0.350537,0.262764
MEXICO,CHIAPAS,2006-04-02,nb,3,0.75,hostvector,alt,1.0,0.3,0.313106,1.432832,1.240311,0.446646,0.118556,0.338902,0.330566
MEXICO,CHIAPAS,2006-04-02,nb,3,0.75,seir,central,1.0,0.3,0.313106,1.817706,1.116719,0.362114,0.076304,1.216291,1.069852
MEXICO,CHIAPAS,2006-04-02,nb,3,0.75,seir,alt,1.0,0.3,0.313106,2.168332,1.271798,0.363403,0.077732,2.019204,2.023511
MEXICO,CHIAPAS,2006-04-02,nb,3,0.75,hostvector_tempmort,central,1.0,0.3,0.313106,1.073163,0.964187,0.369245,0.086083,0.32701,0.248286
MEXICO,CHIAPAS,2006-04-02,nb,3,0.75,hostvector_tempmort,alt,1.0,0.3,0.313106,1.34614,1.229918,0.433401,0.113026,0.322445,0.31224
MEXICO,CHIAPAS,2006-04-02,nb,5,1.0,hostvector,central,1.0,0.3,0.313106,0.642908,0.43263,0.256914,0.050669,0.246003,0.083416
MEXICO,CHIAPAS,2006-04-02,nb,5,1.0,hostvector,alt,1.0,0.3,0.313106,0.920071,0.646852,0.294745,0.05983,0.248553,0.126937
MEXICO,CHIAPAS,2006-04-02,nb,5,1.0,seir,central,1.0,0.3,0.313106,0.506114,0.34283,0.254928,0.049585,0.456107,0.12093
MEXICO,CHIAPAS,2006-04-02,nb,5,1.0,seir,alt,1.0,0.3,0.313106,0.541117,0.37511,0.254049,0.049061,0.588055,0.171179
MEXICO,CHIAPAS,2006-04-02,nb,5,1.0,hostvector_tempmort,central,1.0,0.3,0.313106,0.055982,0.291285,0.245174,0.049418,0.156085,0.035225
MEXICO,CHIAPAS,2006-04-02,nb,5,1.0,hostvector_tempmort,alt,1.0,0.3,0.313106,0.16378,0.421784,0.276277,0.057462,0.137443,0.045469
MEXICO,CHIAPAS,2006-04-02,nb,5,0.75,hostvector,central,1.0,0.3,0.313106,0.475019,0.697573,0.253212,0.057521,0.215165,0.11928
MEXICO,CHIAPAS,2006-04-02,nb,5,0.75,hostvector,alt,1.0,0.3,0.313106,0.603472,0.96896,0.286399,0.067722,0.192914,0.148994
MEXICO,CHIAPAS,2006-04-02,nb,5,0.75,seir,central,1.0,0.3,0.313106,0.567127,0.740647,0.254209,0.055851,0.479144,0.281255
MEXICO,CHIAPAS,2006-04-02,nb,5,0.75,seir,alt,1.0,0.3,0.313106,0.717939,0.943477,0.254109,0.055187,0.67762,0.508049
MEXICO,CHIAPAS,2006-04-02,nb,5,0.75,hostvector_tempmort,central,1.0,0.3,0.313106,0.279483,0.720841,0.245169,0.055886,0.186836,0.107152
MEXICO,CHIAPAS,2006-04-02,nb,5,0.75,hostvector_tempmort,alt,1.0,0.3,0.313106,0.462871,1.007751,0.277937,0.065632,0.174929,0.140679
MEXICO,CHIAPAS,2006-04-02,nb,7,1.0,hostvector,central,1.0,0.3,0.313106,0.450819,0.409485,0.211301,0.040055,0.221996,0.071022
MEXICO,CHIAPAS,2006-04-02,nb,7,1.0,hostvector,alt,1.0,0.3,0.313106,0.646521,0.615576,0.23887,0.045403,0.21211,0.103142
MEXICO,CHIAPAS,2006-04-02,nb,7,1.0,seir,central,1.0,0.3,0.313106,0.322388,0.316173,0.220334,0.041441,0.414407,0.100157
MEXICO,CHIAPAS,2006-04-02,nb,7,1.0,seir,alt,1.0,0.3,0.313106,0.334361,0.338314,0.222211,0.041218,0.524853,0.13617
MEXICO,CHIAPAS,2006-04-02,nb,7,1.0,hostvector_tempmort,central,1.0,0.3,0.313106,1e-06,0.296269,0.199887,0.03945,0.156034,0.035599
MEXICO,CHIAPAS,2006-04-02,nb,7,1.0,hostvector_tempmort,alt,1.0,0.3,0.313106,1e-06,0.399771,0.225819,0.04398,0.127294,0.039699
MEXICO,CHIAPAS,2006-04-02,nb,7,0.75,hostvector,central,1.0,0.3,0.313106,0.170225,0.503106,0.208271,0.044765,0.176999,0.070682
MEXICO,CHIAPAS,2006-04-02,nb,7,0.75,hostvector,alt,1.0,0.3,0.313106,0.223129,0.687158,0.231924,0.050544,0.150471,0.082481
MEXICO,CHIAPAS,2006-04-02,nb,7,0.75,seir,central,1.0,0.3,0.313106,0.156934,0.479326,0.220234,0.046496,0.363191,0.136931
MEXICO,CHIAPAS,2006-04-02,nb,7,0.75,seir,alt,1.0,0.3,0.313106,0.167265,0.570519,0.222361,0.046271,0.459427,0.206775
MEXICO,CHIAPAS,2006-04-02,nb,7,0.75,hostvector_tempmort,central,1.0,0.3,0.313106,0.0,0.498073,0.201672,0.043742,0.156472,0.061842
MEXICO,CHIAPAS,2006-04-02,nb,7,0.75,hostvector_tempmort,alt,1.0,0.3,0.313106,0.029694,0.676661,0.225617,0.04926,0.130491,0.070452
MEXICO,CHIAPAS,2006-04-02,poisson,3,1.0,hostvector,central,1.0,0.3,0.313106,0.437983,1.080502,0.963393,0.242089,0.161887,0.142543
MEXICO,CHIAPAS,2006-04-02,poisson,3,1.0,hostvector,alt,1.0,0.3,0.313106,0.627473,1.49687,1.041808,0.247431,0.139997,0.170104
MEXICO,CHIAPAS,2006-04-02,poisson,3,1.0,seir,central,1.0,0.3,0.313106,0.239814,0.646198,0.671501,0.137494,0.329094,0.166831
MEXICO,CHIAPAS,2006-04-02,poisson,3,1.0,seir,alt,1.0,0.3,0.313106,0.234319,0.701007,0.641308,0.136372,0.414614,0.228922
MEXICO,CHIAPAS,2006-04-02,poisson,3,1.0,hostvector_tempmort,central,1.0,0.3,0.313106,1e-06,0.891161,0.937759,0.241907,0.116814,0.084999
MEXICO,CHIAPAS,2006-04-02,poisson,3,1.0,hostvector_tempmort,alt,1.0,0.3,0.313106,0.128072,1.291428,1.032793,0.249591,0.095349,0.099989
MEXICO,CHIAPAS,2006-04-02,poisson,3,0.75,hostvector,central,1.0,0.3,0.313106,0.576802,1.681928,0.970047,0.286033,0.181186,0.248235
MEXICO,CHIAPAS,2006-04-02,poisson,3,0.75,hostvector,alt,1.0,0.3,0.313106,0.807331,2.256691,1.045737,0.291438,0.162145,0.297464
MEXICO,CHIAPAS,2006-04-02,poisson,3,0.75,seir,central,1.0,0.3,0.313106,0.295436,1.054037,0.673124,0.161265,0.343813,0.285649
MEXICO,CHIAPAS,2006-04-02,poisson,3,0.75,seir,alt,1.0,0.3,0.313106,0.262782,1.171565,0.641775,0.159677,0.424038,0.393156
MEXICO,CHIAPAS,2006-04-02,poisson,3,0.75,hostvector_tempmort,central,1.0,0.3,0.313106,0.396184,1.767271,0.953873,0.286433,0.161357,0.232939
MEXICO,CHIAPAS,2006-04-02,poisson,3,0.75,hostvector_tempmort,alt,1.0,0.3,0.313106,0.696207,2.292978,1.044633,0.292485,0.151892,0.283977
MEXICO,CHIAPAS,2006-04-02,poisson,5,1.0,hostvector,central,1.0,0.3,0.313106,0.047065,0.776758,0.192824,0.116055,0.162992,0.100617
MEXICO,CHIAPAS,2006-04-02,poisson,5,1.0,hostvector,alt,1.0,0.3,0.313106,0.144859,1.186074,0.211077,0.133328,0.14381,0.136533
MEXICO,CHIAPAS,2006-04-02,poisson,5,1.0,seir,central,1.0,0.3,0.313106,0.0,0.650082,0.200453,0.119874,0.326332,0.167375
MEXICO,CHIAPAS,2006-04-02,poisson,5,1.0,seir,alt,1.0,0.3,0.313106,0.0,0.377175,0.204425,0.119092,0.408745,0.124278
MEXICO,CHIAPAS,2006-04-02,poisson,5,1.0,hostvector_tempmort,central,1.0,0.3,0.313106,0.0,0.849231,0.187525,0.112409,0.158213,0.107077
MEXICO,CHIAPAS,2006-04-02,poisson,5,1.0,hostvector_tempmort,alt,1.0,0.3,0.313106,0.0,1.108784,0.206065,0.129315,0.129079,0.114573
MEXICO,CHIAPAS,2006-04-02,poisson,5,0.75,hostvector,central,1.0,0.3,0.313106,0.0,0.958219,0.192409,0.13569,0.156846,0.120304
MEXICO,CHIAPAS,2006-04-02,poisson,5,0.75,hostvector,alt,1.0,0.3,0.313106,0.037643,1.351707,0.210767,0.155849,0.131873,0.143244
MEXICO,CHIAPAS,2006-04-02,poisson,5,0.75,seir,central,1.0,0.3,0.313106,0.0,0.96795,0.199626,0.14054,0.326129,0.251633
MEXICO,CHIAPAS,2006-04-02,poisson,5,0.75,seir,alt,1.0,0.3,0.313106,0.0,1.103529,0.203566,0.140247,0.408486,0.359922
MEXICO,CHIAPAS,2006-04-02,poisson,5,0.75,hostvector_tempmort,central,1.0,0.3,0.313106,0.0,0.02936,0.186591,0.132594,0.158897,0.013298
MEXICO,CHIAPAS,2006-04-02,poisson,5,0.75,hostvector_tempmort,alt,1.0,0.3,0.313106,0.0,1.618402,0.205635,0.152182,0.12955,0.168603
MEXICO,CHIAPAS,2006-04-02,poisson,7,1.0,hostvector,central,1.0,0.3,0.313106,0.0,0.80821,0.165665,0.082974,0.161652,0.104374
MEXICO,CHIAPAS,2006-04-02,poisson,7,1.0,hostvector,alt,1.0,0.3,0.313106,0.062825,1.222998,0.185353,0.092811,0.138936,0.136336
MEXICO,CHIAPAS,2006-04-02,poisson,7,1.0,seir,central,1.0,0.3,0.313106,0.0,0.624404,0.195617,0.087262,0.33546,0.166063
MEXICO,CHIAPAS,2006-04-02,poisson,7,1.0,seir,alt,1.0,0.3,0.313106,0.0,0.772791,0.209018,0.086126,0.419958,0.257611
MEXICO,CHIAPAS,2006-04-02,poisson,7,1.0,hostvector_tempmort,central,1.0,0.3,0.313106,0.0,0.94129,0.157292,0.081856,0.163235,0.123031
MEXICO,CHIAPAS,2006-04-02,poisson,7,1.0,hostvector_tempmort,alt,1.0,0.3,0.313106,0.0,1.266441,0.177971,0.091138,0.13333,0.135606
MEXICO,CHIAPAS,2006-04-02,poisson,7,0.75,hostvector,central,1.0,0.3,0.313106,0.0,1.066057,0.165283,0.09704,0.161639,0.138382
MEXICO,CHIAPAS,2006-04-02,poisson,7,0.75,hostvector,alt,1.0,0.3,0.313106,2.2e-05,1.388954,0.185148,0.108232,0.132077,0.147676
MEXICO,CHIAPAS,2006-04-02,poisson,7,0.75,seir,central,1.0,0.3,0.313106,0.0,1.097094,0.196734,0.103174,0.335851,0.294343
MEXICO,CHIAPAS,2006-04-02,poisson,7,0.75,seir,alt,1.0,0.3,0.313106,0.0,1.263433,0.210569,0.101613,0.4205,0.424774
MEXICO,CHIAPAS,2006-04-02,poisson,7,0.75,hostvector_tempmort,central,1.0,0.3,0.313106,0.0,1.535997,0.160061,0.096274,0.163805,0.202298
MEXICO,CHIAPAS,2006-04-02,poisson,7,0.75,hostvector_tempmort,alt,1.0,0.3,0.313106,0.0,2.109667,0.180714,0.106607,0.133728,0.228111
MEXICO,GUERRERO,2007-05-13,nb,3,1.0,hostvector,central,1.0,0.3,0.172395,0.006239,2.073018,0.256689,0.077482,0.123243,0.101201
MEXICO,GUERRERO,2007-05-13,nb,3,1.0,hostvector,alt,1.0,0.3,0.172395,0.0285,2.429934,0.301698,0.087852,0.098219,0.095224
MEXICO,GUERRERO,2007-05-13,nb,3,1.0,seir,central,1.0,0.3,0.172395,2e-06,2.151453,0.243509,0.085257,0.253117,0.212165
MEXICO,GUERRERO,2007-05-13,nb,3,1.0,seir,alt,1.0,0.3,0.172395,1e-06,2.167971,0.243346,0.085938,0.317917,0.267915
MEXICO,GUERRERO,2007-05-13,nb,3,1.0,hostvector_tempmort,central,1.0,0.3,0.172395,0.060959,2.056278,0.254479,0.077191,0.126803,0.103185
MEXICO,GUERRERO,2007-05-13,nb,3,1.0,hostvector_tempmort,alt,1.0,0.3,0.172395,0.078929,2.406749,0.298934,0.087637,0.100929,0.096795
MEXICO,GUERRERO,2007-05-13,nb,3,0.75,hostvector,central,1.0,0.3,0.172395,1.186903,1.928247,0.373527,0.07963,0.199691,0.152582
MEXICO,GUERRERO,2007-05-13,nb,3,0.75,hostvector,alt,1.0,0.3,0.172395,1.394013,2.32447,0.42645,0.091326,0.171372,0.158675
MEXICO,GUERRERO,2007-05-13,nb,3,0.75,seir,central,1.0,0.3,0.172395,1.537723,1.937599,0.411085,0.092221,0.476242,0.361565
MEXICO,GUERRERO,2007-05-13,nb,3,0.75,seir,alt,1.0,0.3,0.172395,1.757163,2.011258,0.43033,0.100891,0.653499,0.514563
MEXICO,GUERRERO,2007-05-13,nb,3,0.75,hostvector_tempmort,central,1.0,0.3,0.172395,1.262976,1.909658,0.371555,0.079427,0.207194,0.156632
MEXICO,GUERRERO,2007-05-13,nb,3,0.75,hostvector_tempmort,alt,1.0,0.3,0.172395,1.461292,2.296089,0.423875,0.091088,0.177263,0.161915
MEXICO,GUERRERO,2007-05-13,nb,5,1.0,hostvector,central,1.0,0.3,0.172395,0.0,2.579966,0.209215,0.107077,0.134976,0.141909
MEXICO,GUERRERO,2007-05-13,nb,5,1.0,hostvector,alt,1.0,0.3,0.172395,0.0,2.289649,0.242053,0.097406,0.108488,0.101786
MEXICO,GUERRERO,2007-05-13,nb,5,1.0,seir,central,1.0,0.3,0.172395,0.0,0.931451,0.203604,0.060522,0.277432,0.10125
MEXICO,GUERRERO,2007-05-13,nb,5,1.0,seir,alt,1.0,0.3,0.172395,0.0,0.003158,0.20699,0.052069,0.34825,0.012571
MEXICO,GUERRERO,2007-05-13,nb,5,1.0,hostvector_tempmort,central,1.0,0.3,0.172395,0.0,2.498139,0.20599,0.104371,0.135663,0.13813
MEXICO,GUERRERO,2007-05-13,nb,5,1.0,hostvector_tempmort,alt,1.0,0.3,0.172395,0.0,2.93472,0.238727,0.122532,0.109035,0.130836
MEXICO,GUERRERO,2007-05-13,nb,5,0.75,hostvector,central,1.0,0.3,0.172395,0.597385,2.193557,0.390064,0.094466,0.18133,0.162298
MEXICO,GUERRERO,2007-05-13,nb,5,0.75,hostvector,alt,1.0,0.3,0.172395,0.920046,2.654127,0.454747,0.115098,0.166289,0.180879
MEXICO,GUERRERO,2007-05-13,nb,5,0.75,seir,central,1.0,0.3,0.172395,1.39285,2.096295,0.489393,0.108515,0.535957,0.455691
MEXICO,GUERRERO,2007-05-13,nb,5,0.75,seir,alt,1.0,0.3,0.172395,1.808176,2.183384,0.5286,0.122638,0.8031,0.713056
MEXICO,GUERRERO,2007-05-13,nb,5,0.75,hostvector_tempmort,central,1.0,0.3,0.172395,0.66967,2.16843,0.388234,0.094093,0.187736,0.165994
MEXICO,GUERRERO,2007-05-13,nb,5,0.75,hostvector_tempmort,alt,1.0,0.3,0.172395,0.971984,2.618639,0.451723,0.114494,0.170768,0.183119
MEXICO,GUERRERO,2007-05-13,nb,7,1.0,hostvector,central,1.0,0.3,0.172395,0.0,2.692352,0.197115,0.130659,0.143304,0.161557
MEXICO,GUERRERO,2007-05-13,nb,7,1.0,hostvector,alt,1.0,0.3,0.172395,2e-06,3.395272,0.223429,0.164264,0.116065,0.165725
MEXICO,GUERRERO,2007-05-13,nb,7,1.0,seir,central,1.0,0.3,0.172395,0.0,,0.20704,,0.29715,
MEXICO,GUERRERO,2007-05-13,nb,7,1.0,seir,alt,1.0,0.3,0.172395,0.0,2.234814,0.214264,0.106955,0.373706,0.347757
MEXICO,GUERRERO,2007-05-13,nb,7,1.0,hostvector_tempmort,central,1.0,0.3,0.172395,0.0,2.804224,0.194382,0.13406,0.143887,0.168939
MEXICO,GUERRERO,2007-05-13,nb,7,1.0,hostvector_tempmort,alt,1.0,0.3,0.172395,0.0,3.198197,0.220732,0.154932,0.116521,0.15659
MEXICO,GUERRERO,2007-05-13,nb,7,0.75,hostvector,central,1.0,0.3,0.172395,0.011551,2.15143,0.453073,0.112256,0.163617,0.148259
MEXICO,GUERRERO,2007-05-13,nb,7,0.75,hostvector,alt,1.0,0.3,0.172395,0.037008,2.598537,0.508583,0.132464,0.134664,0.147676
MEXICO,GUERRERO,2007-05-13,nb,7,0.75,seir,central,1.0,0.3,0.172395,0.853576,2.03521,0.597189,0.138643,0.518745,0.447482
MEXICO,GUERRERO,2007-05-13,nb,7,0.75,seir,alt,1.0,0.3,0.172395,0.817846,2.058996,0.603457,0.148014,0.644735,0.564665
MEXICO,GUERRERO,2007-05-13,nb,7,0.75,hostvector_tempmort,central,1.0,0.3,0.172395,0.087457,2.123565,0.45126,0.111697,0.16956,0.151594
MEXICO,GUERRERO,2007-05-13,nb,7,0.75,hostvector_tempmort,alt,1.0,0.3,0.172395,0.095208,2.559502,0.505414,0.131694,0.138521,0.149554
MEXICO,GUERRERO,2007-05-13,poisson,3,1.0,hostvector,central,1.0,0.3,0.172395,0.0,0.289642,0.268111,0.062628,0.124254,0.017222
MEXICO,GUERRERO,2007-05-13,poisson,3,1.0,hostvector,alt,1.0,0.3,0.172395,0.0,2.333079,0.312137,0.074945,0.097932,0.094868
MEXICO,GUERRERO,2007-05-13,poisson,3,1.0,seir,central,1.0,0.3,0.172395,0.0,2.592469,0.249327,0.069197,0.260796,0.274657
MEXICO,GUERRERO,2007-05-13,poisson,3,1.0,seir,alt,1.0,0.3,0.172395,0.0,2.397813,0.248251,0.069302,0.328833,0.320313
MEXICO,GUERRERO,2007-05-13,poisson,3,1.0,hostvector_tempmort,central,1.0,0.3,0.172395,0.0,0.059802,0.265841,0.063419,0.124917,0.00888
MEXICO,GUERRERO,2007-05-13,poisson,3,1.0,hostvector_tempmort,alt,1.0,0.3,0.172395,0.0,2.957666,0.309576,0.07378,0.098478,0.120954
MEXICO,GUERRERO,2007-05-13,poisson,3,0.75,hostvector,central,1.0,0.3,0.172395,1.427874,2.011362,0.432323,0.050753,0.213698,0.176257
MEXICO,GUERRERO,2007-05-13,poisson,3,0.75,hostvector,alt,1.0,0.3,0.172395,1.89571,2.43575,0.496559,0.058293,0.202282,0.203072
MEXICO,GUERRERO,2007-05-13,poisson,3,0.75,seir,central,1.0,0.3,0.172395,1.973992,2.019033,0.483704,0.061539,0.556028,0.453461
MEXICO,GUERRERO,2007-05-13,poisson,3,0.75,seir,alt,1.0,0.3,0.172395,2.870715,2.098288,0.526342,0.068698,0.997044,0.840736
MEXICO,GUERRERO,2007-05-13,poisson,3,0.75,hostvector_tempmort,central,1.0,0.3,0.172395,1.503328,1.996292,0.430244,0.050709,0.221747,0.181265
MEXICO,GUERRERO,2007-05-13,poisson,3,0.75,hostvector_tempmort,alt,1.0,0.3,0.172395,1.976743,2.410326,0.494256,0.05824,0.210455,0.208698
MEXICO,GUERRERO,2007-05-13,poisson,5,1.0,hostvector,central,1.0,0.3,0.172395,0.0,3.170572,0.09355,0.091307,0.155883,0.208078
MEXICO,GUERRERO,2007-05-13,poisson,5,1.0,hostvector,alt,1.0,0.3,0.172395,0.033489,3.549305,0.108419,0.105672,0.128907,0.192911
MEXICO,GUERRERO,2007-05-13,poisson,5,1.0,seir,central,1.0,0.3,0.172395,0.0,3.618581,0.091716,0.096168,0.325463,0.493887
MEXICO,GUERRERO,2007-05-13,poisson,5,1.0,seir,alt,1.0,0.3,0.172395,0.0,0.344847,0.100816,0.100748,0.40626,0.067902
MEXICO,GUERRERO,2007-05-13,poisson,5,1.0,hostvector_tempmort,central,1.0,0.3,0.172395,1e-06,3.152507,0.093029,0.090413,0.156194,0.207211
MEXICO,GUERRERO,2007-05-13,poisson,5,1.0,hostvector_tempmort,alt,1.0,0.3,0.172395,0.034816,3.5206,0.107954,0.104851,0.129211,0.191707
MEXICO,GUERRERO,2007-05-13,poisson,5,0.75,hostvector,central,1.0,0.3,0.172395,1.587841,2.806295,0.47024,0.080433,0.280476,0.330226
MEXICO,GUERRERO,2007-05-13,poisson,5,0.75,hostvector,alt,1.0,0.3,0.172395,5.350618,3.439557,0.762808,0.134378,1.042056,1.49034
MEXICO,GUERRERO,2007-05-13,poisson,5,0.75,seir,central,1.0,0.3,0.172395,2.784932,2.707656,0.630423,0.094888,0.971094,1.09182
MEXICO,GUERRERO,2007-05-13,poisson,5,0.75,seir,alt,1.0,0.3,0.172395,5.73056,2.852185,0.812235,0.120895,4.083048,4.815608
MEXICO,GUERRERO,2007-05-13,poisson,5,0.75,hostvector_tempmort,central,1.0,0.3,0.172395,1.62791,2.782786,0.467997,0.080096,0.286373,0.334035
MEXICO,GUERRERO,2007-05-13,poisson,5,0.75,hostvector_tempmort,alt,1.0,0.3,0.172395,5.385403,3.41484,0.759619,0.134024,1.061788,1.506374
MEXICO,GUERRERO,2007-05-13,poisson,7,1.0,hostvector,central,1.0,0.3,0.172395,1.057072,4.054915,0.125841,0.144177,0.254086,0.434528
MEXICO,GUERRERO,2007-05-13,poisson,7,1.0,hostvector,alt,1.0,0.3,0.172395,1.337016,4.539235,0.149212,0.165953,0.234275,0.449092
MEXICO,GUERRERO,2007-05-13,poisson,7,1.0,seir,central,1.0,0.3,0.172395,1e-06,3.910688,0.134075,0.136098,0.338854,0.556795
MEXICO,GUERRERO,2007-05-13,poisson,7,1.0,seir,alt,1.0,0.3,0.172395,0.0,3.771163,0.164912,0.137144,0.423857,0.672206
MEXICO,GUERRERO,2007-05-13,poisson,7,1.0,hostvector_tempmort,central,1.0,0.3,0.172395,1.058774,4.006759,0.125492,0.142507,0.254674,0.430265
MEXICO,GUERRERO,2007-05-13,poisson,7,1.0,hostvector_tempmort,alt,1.0,0.3,0.172395,1.333639,4.492406,0.148758,0.164321,0.234273,0.444367
MEXICO,GUERRERO,2007-05-13,poisson,7,0.75,hostvector,central,1.0,0.3,0.172395,3.405259,2.84238,0.629821,0.112617,0.694047,0.828483
MEXICO,GUERRERO,2007-05-13,poisson,7,0.75,hostvector,alt,1.0,0.3,0.172395,3.682968,3.260691,0.713218,0.130752,0.634701,0.868785
MEXICO,GUERRERO,2007-05-13,poisson,7,0.75,seir,central,1.0,0.3,0.172395,4.81005,2.796057,0.822002,0.128081,2.737793,3.212672
MEXICO,GUERRERO,2007-05-13,poisson,7,0.75,seir,alt,1.0,0.3,0.172395,4.967055,2.835933,0.84773,0.135675,3.683837,4.385733
MEXICO,GUERRERO,2007-05-13,poisson,7,0.75,hostvector_tempmort,central,1.0,0.3,0.172395,3.442856,2.822246,0.627565,0.112261,0.70721,0.837836
MEXICO,GUERRERO,2007-05-13,poisson,7,0.75,hostvector_tempmort,alt,1.0,0.3,0.172395,3.713412,3.236861,0.710333,0.130377,0.644824,0.87575
MEXICO,COLIMA,2005-06-26,nb,3,1.0,hostvector,central,1.0,0.3,0.182305,1e-06,6.617883,0.398285,0.390845,0.113446,0.29525
MEXICO,COLIMA,2005-06-26,nb,3,1.0,hostvector,alt,1.0,0.3,0.182305,0.0,6.41543,0.686746,0.446206,0.075758,0.184932
MEXICO,COLIMA,2005-06-26,nb,3,1.0,seir,central,1.0,0.3,0.182305,3e-06,7.916497,0.181554,0.464716,0.286189,0.884659
MEXICO,COLIMA,2005-06-26,nb,3,1.0,seir,alt,1.0,0.3,0.182305,3.40882,6.962336,-0.049493,0.489246,1.379865,3.644452
MEXICO,COLIMA,2005-06-26,nb,3,1.0,hostvector_tempmort,central,1.0,0.3,0.182305,0.0,0.006054,0.385041,0.282526,0.1152,0.028055
MEXICO,COLIMA,2005-06-26,nb,3,1.0,hostvector_tempmort,alt,1.0,0.3,0.182305,0.0,6.193675,0.677229,0.474683,0.076577,0.183203
MEXICO,COLIMA,2005-06-26,nb,3,0.75,hostvector,central,1.0,0.3,0.182305,0.0,,0.535485,,0.102149,
MEXICO,COLIMA,2005-06-26,nb,3,0.75,hostvector,alt,1.0,0.3,0.182305,0.0,6.702088,0.721557,0.50443,0.07406,0.187726
MEXICO,COLIMA,2005-06-26,nb,3,0.75,seir,central,1.0,0.3,0.182305,3.707521,8.407734,-0.076643,0.503061,1.231909,3.837861
MEXICO,COLIMA,2005-06-26,nb,3,0.75,seir,alt,1.0,0.3,0.182305,5.49819,7.68621,-0.198569,0.491674,3.040638,8.473103
MEXICO,COLIMA,2005-06-26,nb,3,0.75,hostvector_tempmort,central,1.0,0.3,0.182305,0.0,3.314094,0.528589,0.430465,0.103208,0.131719
MEXICO,COLIMA,2005-06-26,nb,3,0.75,hostvector_tempmort,alt,1.0,0.3,0.182305,0.0,6.653439,0.720901,0.50417,0.074485,0.187537
MEXICO,COLIMA,2005-06-26,nb,5,1.0,hostvector,central,1.0,0.3,0.182305,4.93923,3.266083,-0.140893,0.268045,0.877546,0.871352
MEXICO,COLIMA,2005-06-26,nb,5,1.0,hostvector,alt,1.0,0.3,0.182305,6.337246,3.999068,-0.128544,0.305843,1.182237,1.450909
MEXICO,COLIMA,2005-06-26,nb,5,1.0,seir,central,1.0,0.3,0.182305,4.787472,0.913958,-0.203827,0.130603,1.731941,0.66627
MEXICO,COLIMA,2005-06-26,nb,5,1.0,seir,alt,1.0,0.3,0.182305,4.8626,3.959786,-0.211719,0.281879,2.218886,2.759251
MEXICO,COLIMA,2005-06-26,nb,5,1.0,hostvector_tempmort,central,1.0,0.3,0.182305,4.925671,3.265679,-0.144127,0.26775,0.877877,0.871052
MEXICO,COLIMA,2005-06-26,nb,5,1.0,hostvector_tempmort,alt,1.0,0.3,0.182305,6.315308,3.995426,-0.131855,0.305415,1.178637,1.444406
MEXICO,COLIMA,2005-06-26,nb,5,0.75,hostvector,central,1.0,0.3,0.182305,4.258327,3.751649,-0.194205,0.275482,0.68749,0.799678
MEXICO,COLIMA,2005-06-26,nb,5,0.75,hostvector,alt,1.0,0.3,0.182305,5.213102,4.479362,-0.211202,0.319566,0.789381,1.09789
MEXICO,COLIMA,2005-06-26,nb,5,0.75,seir,central,1.0,0.3,0.182305,4.187369,4.533407,-0.247038,0.271632,1.391424,2.028665
MEXICO,COLIMA,2005-06-26,nb,5,0.75,seir,alt,1.0,0.3,0.182305,4.268929,4.810242,-0.249335,0.280359,1.782668,2.750448
MEXICO,COLIMA,2005-06-26,nb,5,0.75,hostvector_tempmort,central,1.0,0.3,0.182305,4.274376,3.750874,-0.194656,0.274203,0.694972,0.808508
MEXICO,COLIMA,2005-06-26,nb,5,0.75,hostvector_tempmort,alt,1.0,0.3,0.182305,5.225502,4.477682,-0.211401,0.318251,0.7965,1.107642
MEXICO,COLIMA,2005-06-26,nb,7,1.0,hostvector,central,1.0,0.3,0.182305,4.423844,3.326944,-0.133205,0.33926,0.68098,0.551854
MEXICO,COLIMA,2005-06-26,nb,7,1.0,hostvector,alt,1.0,0.3,0.182305,5.858146,4.275941,-0.116885,0.397412,0.933548,1.009382
MEXICO,COLIMA,2005-06-26,nb,7,1.0,seir,central,1.0,0.3,0.182305,4.097697,3.592527,-0.191381,0.313391,1.228882,1.184194
MEXICO,COLIMA,2005-06-26,nb,7,1.0,seir,alt,1.0,0.3,0.182305,4.178514,3.76905,-0.191444,0.333648,1.572086,1.576443
MEXICO,COLIMA,2005-06-26,nb,7,1.0,hostvector_tempmort,central,1.0,0.3,0.182305,4.39972,3.311328,-0.136076,0.338537,0.67762,0.546275
MEXICO,COLIMA,2005-06-26,nb,7,1.0,hostvector_tempmort,alt,1.0,0.3,0.182305,5.825076,4.265926,-0.119733,0.397676,0.925508,0.997019
MEXICO,COLIMA,2005-06-26,nb,7,0.75,hostvector,central,1.0,0.3,0.182305,3.6401,3.851789,-0.173472,0.355582,0.501984,0.528211
MEXICO,COLIMA,2005-06-26,nb,7,0.75,hostvector,alt,1.0,0.3,0.182305,4.506641,4.683946,-0.187007,0.434237,0.552824,0.705088
MEXICO,COLIMA,2005-06-26,nb,7,0.75,seir,central,1.0,0.3,0.182305,3.529946,4.599017,-0.21724,0.319707,0.984,1.335102
MEXICO,COLIMA,2005-06-26,nb,7,0.75,seir,alt,1.0,0.3,0.182305,3.72751,5.06415,-0.207925,0.336626,1.317851,1.966317
MEXICO,COLIMA,2005-06-26,nb,7,0.75,hostvector_tempmort,central,1.0,0.3,0.182305,3.658233,3.873184,-0.173538,0.355167,0.507788,0.536601
MEXICO,COLIMA,2005-06-26,nb,7,0.75,hostvector_tempmort,alt,1.0,0.3,0.182305,4.524818,4.675951,-0.186618,0.431411,0.559048,0.712996
MEXICO,COLIMA,2005-06-26,poisson,3,1.0,hostvector,central,1.0,0.3,0.182305,0.0,3.823694,0.362696,0.338498,0.112461,0.159798
MEXICO,COLIMA,2005-06-26,poisson,3,1.0,hostvector,alt,1.0,0.3,0.182305,0.0,0.011837,0.470654,0.386072,0.084883,0.022682
MEXICO,COLIMA,2005-06-26,poisson,3,1.0,seir,central,1.0,0.3,0.182305,0.0,7.605989,0.191501,0.421211,0.26262,0.748727
MEXICO,COLIMA,2005-06-26,poisson,3,1.0,seir,alt,1.0,0.3,0.182305,0.0,8.029865,0.160078,0.436942,0.337557,1.014338
MEXICO,COLIMA,2005-06-26,poisson,3,1.0,hostvector_tempmort,central,1.0,0.3,0.182305,0.0,5.731776,0.358529,0.378361,0.113412,0.246566
MEXICO,COLIMA,2005-06-26,poisson,3,1.0,hostvector_tempmort,alt,1.0,0.3,0.182305,0.0,0.027174,0.466651,0.388304,0.085547,0.022774
MEXICO,COLIMA,2005-06-26,poisson,3,0.75,hostvector,central,1.0,0.3,0.182305,0.0,6.996385,0.319438,0.481486,0.115568,0.305346
MEXICO,COLIMA,2005-06-26,poisson,3,0.75,hostvector,alt,1.0,0.3,0.182305,0.0,7.35291,0.414223,0.54526,0.087799,0.245804
MEXICO,COLIMA,2005-06-26,poisson,3,0.75,seir,central,1.0,0.3,0.182305,0.0,9.574552,0.105194,0.50661,0.27679,0.978609
MEXICO,COLIMA,2005-06-26,poisson,3,0.75,seir,alt,1.0,0.3,0.182305,0.0,10.169961,0.052783,0.520426,0.35984,1.347537
MEXICO,COLIMA,2005-06-26,poisson,3,0.75,hostvector_tempmort,central,1.0,0.3,0.182305,0.0,6.957711,0.316861,0.481089,0.116428,0.306234
MEXICO,COLIMA,2005-06-26,poisson,3,0.75,hostvector_tempmort,alt,1.0,0.3,0.182305,0.0,7.055453,0.411393,0.526371,0.088428,0.23534
MEXICO,COLIMA,2005-06-26,poisson,5,1.0,hostvector,central,1.0,0.3,0.182305,3.722572,2.896582,-0.271264,0.230233,0.580537,0.520357
MEXICO,COLIMA,2005-06-26,poisson,5,1.0,hostvector,alt,1.0,0.3,0.182305,4.476076,3.513257,-0.29911,0.266514,0.619136,0.669935
MEXICO,COLIMA,2005-06-26,poisson,5,1.0,seir,central,1.0,0.3,0.182305,3.775452,3.363013,-0.304333,0.234803,1.216984,1.322258
MEXICO,COLIMA,2005-06-26,poisson,5,1.0,seir,alt,1.0,0.3,0.182305,3.809514,3.486943,-0.309683,0.241038,1.535593,1.72115
MEXICO,COLIMA,2005-06-26,poisson,5,1.0,hostvector_tempmort,central,1.0,0.3,0.182305,3.726675,2.895647,-0.27336,0.229317,0.584718,0.523933
MEXICO,COLIMA,2005-06-26,poisson,5,1.0,hostvector_tempmort,alt,1.0,0.3,0.182305,4.475348,3.51117,-0.300747,0.265591,0.622108,0.672769
MEXICO,COLIMA,2005-06-26,poisson,5,0.75,hostvector,central,1.0,0.3,0.182305,2.600629,3.988932,-0.394924,0.284248,0.39955,0.484462
MEXICO,COLIMA,2005-06-26,poisson,5,0.75,hostvector,alt,1.0,0.3,0.182305,3.123933,4.695988,-0.430614,0.329055,0.390322,0.556967
MEXICO,COLIMA,2005-06-26,poisson,5,0.75,seir,central,1.0,0.3,0.182305,2.613717,4.735935,-0.439271,0.288279,0.829856,1.246858
MEXICO,COLIMA,2005-06-26,poisson,5,0.75,seir,alt,1.0,0.3,0.182305,2.645903,5.001124,-0.434655,0.295095,1.039782,1.646565
MEXICO,COLIMA,2005-06-26,poisson,5,0.75,hostvector_tempmort,central,1.0,0.3,0.182305,2.620428,3.995588,-0.39493,0.28312,0.404462,0.491467
MEXICO,COLIMA,2005-06-26,poisson,5,0.75,hostvector_tempmort,alt,1.0,0.3,0.182305,3.14122,4.702817,-0.430202,0.327904,0.394565,0.564056
MEXICO,COLIMA,2005-06-26,poisson,7,1.0,hostvector,central,1.0,0.3,0.182305,3.16851,3.591543,-0.149806,0.256853,0.411543,0.400835
MEXICO,COLIMA,2005-06-26,poisson,7,1.0,hostvector,alt,1.0,0.3,0.182305,3.879061,4.461371,-0.160847,0.309078,0.426095,0.512854
MEXICO,COLIMA,2005-06-26,poisson,7,1.0,seir,central,1.0,0.3,0.182305,3.216176,4.068105,-0.164006,0.239467,0.84815,1.023213
MEXICO,COLIMA,2005-06-26,poisson,7,1.0,seir,alt,1.0,0.3,0.182305,3.339103,4.403572,-0.15235,0.248459,1.101709,1.437988
MEXICO,COLIMA,2005-06-26,poisson,7,1.0,hostvector_tempmort,central,1.0,0.3,0.182305,3.170545,3.597561,-0.151122,0.256069,0.413805,0.404119
MEXICO,COLIMA,2005-06-26,poisson,7,1.0,hostvector_tempmort,alt,1.0,0.3,0.182305,3.878354,4.465744,-0.161758,0.308182,0.427843,0.515929
MEXICO,COLIMA,2005-06-26,poisson,7,0.75,hostvector,central,1.0,0.3,0.182305,0.0,6.288603,-0.137269,0.17775,0.146624,0.316223
MEXICO,COLIMA,2005-06-26,poisson,7,0.75,hostvector,alt,1.0,0.3,0.182305,0.0,7.830503,-0.146826,0.195916,0.119396,0.326021
MEXICO,COLIMA,2005-06-26,poisson,7,0.75,seir,central,1.0,0.3,0.182305,1.388687,6.203088,-0.17427,0.246711,0.459415,0.90853
MEXICO,COLIMA,2005-06-26,poisson,7,0.75,seir,alt,1.0,0.3,0.182305,2.574649,6.714325,-0.186994,0.299514,0.827243,1.690533
MEXICO,COLIMA,2005-06-26,poisson,7,0.75,hostvector_tempmort,central,1.0,0.3,0.182305,0.0,6.347207,-0.136426,0.176241,0.147437,0.321323
MEXICO,COLIMA,2005-06-26,poisson,7,0.75,hostvector_tempmort,alt,1.0,0.3,0.182305,0.0,7.827957,-0.145605,0.194671,0.119991,0.327952
MEXICO,MEXICO,2014-03-23,nb,3,1.0,hostvector,central,1.0,0.3,2.451965,1.663771,0.586655,0.30507,0.216422,8.789273,12.209008
MEXICO,MEXICO,2014-03-23,nb,3,1.0,hostvector,alt,1.0,0.3,2.451965,2.622495,0.693516,0.259048,0.269734,49.536091,80.579967
MEXICO,MEXICO,2014-03-23,nb,3,1.0,seir,central,1.0,0.3,2.451965,1.494292,0.70816,0.481599,0.228837,16.55536,27.619872
MEXICO,MEXICO,2014-03-23,nb,3,1.0,seir,alt,1.0,0.3,2.451965,1.895521,0.964672,0.598374,0.288994,54.053479,122.412453
MEXICO,MEXICO,2014-03-23,nb,3,1.0,hostvector_tempmort,central,1.0,0.3,2.451965,0.729384,0.475715,0.343179,0.163211,1.594659,1.792026
MEXICO,MEXICO,2014-03-23,nb,3,1.0,hostvector_tempmort,alt,1.0,0.3,2.451965,1.065851,0.710333,0.472578,0.230775,3.006973,5.052231
MEXICO,MEXICO,2014-03-23,nb,3,0.75,hostvector,central,1.0,0.3,2.451965,1.670223,0.702629,0.306787,0.259009,8.922368,14.843454
MEXICO,MEXICO,2014-03-23,nb,3,0.75,hostvector,alt,1.0,0.3,2.451965,2.625072,0.829387,0.259807,0.322554,49.845144,96.969235
MEXICO,MEXICO,2014-03-23,nb,3,0.75,seir,central,1.0,0.3,2.451965,1.481792,0.840568,0.477516,0.272141,16.059418,31.807161
MEXICO,MEXICO,2014-03-23,nb,3,0.75,seir,alt,1.0,0.3,2.451965,1.917977,1.164875,0.604708,0.348095,56.981646,155.784243
MEXICO,MEXICO,2014-03-23,nb,3,0.75,hostvector_tempmort,central,1.0,0.3,2.451965,0.784854,0.597778,0.358624,0.202544,1.817507,2.56501
MEXICO,MEXICO,2014-03-23,nb,3,0.75,hostvector_tempmort,alt,1.0,0.3,2.451965,1.156709,0.89918,0.496842,0.288198,3.721122,7.909223
MEXICO,MEXICO,2014-03-23,nb,5,1.0,hostvector,central,1.0,0.3,2.451965,1.902269,0.747154,0.317255,0.246166,14.166814,24.975605
MEXICO,MEXICO,2014-03-23,nb,5,1.0,hostvector,alt,1.0,0.3,2.451965,2.68139,0.880108,0.207992,0.307947,51.725664,107.629759
MEXICO,MEXICO,2014-03-23,nb,5,1.0,seir,central,1.0,0.3,2.451965,1.985133,0.92285,0.5779,0.290186,47.128813,102.222425
MEXICO,MEXICO,2014-03-23,nb,5,1.0,seir,alt,1.0,0.3,2.451965,2.771203,1.307048,0.834917,0.413302,389.097559,1202.495727
MEXICO,MEXICO,2014-03-23,nb,5,1.0,hostvector_tempmort,central,1.0,0.3,2.451965,0.9861,0.583473,0.35173,0.182834,2.610905,3.581948
MEXICO,MEXICO,2014-03-23,nb,5,1.0,hostvector_tempmort,alt,1.0,0.3,2.451965,2.070937,1.110051,0.696272,0.35207,28.752691,75.863805
MEXICO,MEXICO,2014-03-23,nb,5,0.75,hostvector,central,1.0,0.3,2.451965,1.91172,0.8956,0.319865,0.295008,14.481461,30.602918
MEXICO,MEXICO,2014-03-23,nb,5,0.75,hostvector,alt,1.0,0.3,2.451965,2.678046,1.051473,0.206181,0.367882,51.260777,127.425276
MEXICO,MEXICO,2014-03-23,nb,5,0.75,seir,central,1.0,0.3,2.451965,1.974522,1.097838,0.575089,0.345312,45.998077,118.687839
MEXICO,MEXICO,2014-03-23,nb,5,0.75,seir,alt,1.0,0.3,2.451965,2.783317,1.566876,0.838794,0.495467,400.601792,1484.19824
MEXICO,MEXICO,2014-03-23,nb,5,0.75,hostvector_tempmort,central,1.0,0.3,2.451965,0.987138,0.69469,0.355136,0.217649,2.630588,4.29712
MEXICO,MEXICO,2014-03-23,nb,5,0.75,hostvector_tempmort,alt,1.0,0.3,2.451965,2.029087,1.310003,0.683894,0.415296,26.047639,81.099442
MEXICO,MEXICO,2014-03-23,nb,7,1.0,hostvector,central,1.0,0.3,2.451965,1.404249,0.758884,0.119609,0.280412,4.018624,7.286816
MEXICO,MEXICO,2014-03-23,nb,7,1.0,hostvector,alt,1.0,0.3,2.451965,1.944171,0.954427,-0.137926,0.358171,7.675915,17.51461
MEXICO,MEXICO,2014-03-23,nb,7,1.0,seir,central,1.0,0.3,2.451965,1.068772,0.706904,0.270743,0.256412,5.008192,8.379367
MEXICO,MEXICO,2014-03-23,nb,7,1.0,seir,alt,1.0,0.3,2.451965,1.20092,0.879912,0.318559,0.323278,8.686997,18.213661
MEXICO,MEXICO,2014-03-23,nb,7,1.0,hostvector_tempmort,central,1.0,0.3,2.451965,0.609062,0.50524,0.212735,0.1775,0.999492,1.191941
MEXICO,MEXICO,2014-03-23,nb,7,1.0,hostvector_tempmort,alt,1.0,0.3,2.451965,0.720115,0.704517,0.248005,0.251169,1.071106,1.799712
MEXICO,MEXICO,2014-03-23,nb,7,0.75,hostvector,central,1.0,0.3,2.451965,1.401685,0.905236,0.12092,0.334449,4.00568,8.66441
MEXICO,MEXICO,2014-03-23,nb,7,0.75,hostvector,alt,1.0,0.3,2.451965,1.945855,1.141576,-0.13785,0.42838,7.703112,21.023324
MEXICO,MEXICO,2014-03-23,nb,7,0.75,seir,central,1.0,0.3,2.451965,1.075869,0.847463,0.272916,0.307213,5.091884,10.213088
MEXICO,MEXICO,2014-03-23,nb,7,0.75,seir,alt,1.0,0.3,2.451965,1.24769,1.071847,0.334285,0.392463,9.701048,24.771176
MEXICO,MEXICO,2014-03-23,nb,7,0.75,hostvector_tempmort,central,1.0,0.3,2.451965,0.588172,0.59612,0.20974,0.209649,0.95717,1.347028
MEXICO,MEXICO,2014-03-23,nb,7,0.75,hostvector_tempmort,alt,1.0,0.3,2.451965,0.775956,0.865099,0.266197,0.307621,1.222722,2.522439
MEXICO,MEXICO,2014-03-23,poisson,3,1.0,hostvector,central,1.0,0.3,2.451965,0.379113,0.953541,-1.770631,0.738165,0.059875,0.121594
MEXICO,MEXICO,2014-03-23,poisson,3,1.0,hostvector,alt,1.0,0.3,2.451965,0.252697,1.026789,-2.463505,0.985019,0.018555,0.043121
MEXICO,MEXICO,2014-03-23,poisson,3,1.0,seir,central,1.0,0.3,2.451965,0.563314,1.26819,-1.321792,0.945106,0.303193,0.79119
MEXICO,MEXICO,2014-03-23,poisson,3,1.0,seir,alt,1.0,0.3,2.451965,0.546378,1.16953,-1.553422,1.00462,0.288138,0.730635
MEXICO,MEXICO,2014-03-23,poisson,3,1.0,hostvector_tempmort,central,1.0,0.3,2.451965,0.459332,1.352628,-1.112328,0.904905,0.168228,0.459867
MEXICO,MEXICO,2014-03-23,poisson,3,1.0,hostvector_tempmort,alt,1.0,0.3,2.451965,0.43758,1.055012,-1.592065,0.871036,0.078671,0.180783
MEXICO,MEXICO,2014-03-23,poisson,3,0.75,hostvector,central,1.0,0.3,2.451965,0.379308,1.13382,-1.770623,0.877769,0.0599,0.144642
MEXICO,MEXICO,2014-03-23,poisson,3,0.75,hostvector,alt,1.0,0.3,2.451965,0.252705,1.221153,-2.46351,1.17126,0.018555,0.051281
MEXICO,MEXICO,2014-03-23,poisson,3,0.75,seir,central,1.0,0.3,2.451965,0.557365,1.508844,-1.325631,1.125896,0.29831,0.926694
MEXICO,MEXICO,2014-03-23,poisson,3,0.75,seir,alt,1.0,0.3,2.451965,0.547847,1.390228,-1.551741,1.193408,0.289498,0.872413
MEXICO,MEXICO,2014-03-23,poisson,3,0.75,hostvector_tempmort,central,1.0,0.3,2.451965,0.463522,1.609042,-1.110369,1.075282,0.170043,0.552746
MEXICO,MEXICO,2014-03-23,poisson,3,0.75,hostvector_tempmort,alt,1.0,0.3,2.451965,0.436595,1.25454,-1.593072,1.036301,0.078427,0.214354
MEXICO,MEXICO,2014-03-23,poisson,5,1.0,hostvector,central,1.0,0.3,2.451965,0.0,0.03018,1.188859,0.442763,0.753099,0.368804
MEXICO,MEXICO,2014-03-23,poisson,5,1.0,hostvector,alt,1.0,0.3,2.451965,0.0,0.480527,1.035175,0.754214,0.529793,0.879798
MEXICO,MEXICO,2014-03-23,poisson,5,1.0,seir,central,1.0,0.3,2.451965,0.0,0.688369,-0.024604,0.548349,0.453485,0.753621
MEXICO,MEXICO,2014-03-23,poisson,5,1.0,seir,alt,1.0,0.3,2.451965,0.0,0.764603,-0.067908,0.639139,0.542774,1.006722
MEXICO,MEXICO,2014-03-23,poisson,5,1.0,hostvector_tempmort,central,1.0,0.3,2.451965,0.0,0.416071,0.174684,0.367036,0.301507,0.297931
MEXICO,MEXICO,2014-03-23,poisson,5,1.0,hostvector_tempmort,alt,1.0,0.3,2.451965,0.0,0.023265,1.697,0.556999,1.243856,0.713502
MEXICO,MEXICO,2014-03-23,poisson,5,0.75,hostvector,central,1.0,0.3,2.451965,0.0,0.582348,1.188638,0.681564,0.752932,1.357693
MEXICO,MEXICO,2014-03-23,poisson,5,0.75,hostvector,alt,1.0,0.3,2.451965,0.0,0.699536,1.035275,0.928124,0.529847,1.204458
MEXICO,MEXICO,2014-03-23,poisson,5,0.75,seir,central,1.0,0.3,2.451965,0.0,0.837775,-0.024586,0.643,0.453494,0.895185
MEXICO,MEXICO,2014-03-23,poisson,5,0.75,seir,alt,1.0,0.3,2.451965,0.0,0.953873,-0.067807,0.755713,0.542837,1.232969
MEXICO,MEXICO,2014-03-23,poisson,5,0.75,hostvector_tempmort,central,1.0,0.3,2.451965,0.0,,1.737699,,1.603428,
MEXICO,MEXICO,2014-03-23,poisson,5,0.75,hostvector_tempmort,alt,1.0,0.3,2.451965,0.0,0.183377,0.305439,0.539089,0.285272,0.223903
MEXICO,MEXICO,2014-03-23,poisson,7,1.0,hostvector,central,1.0,0.3,2.451965,0.0,0.412143,0.351242,0.535877,0.315853,0.360891
MEXICO,MEXICO,2014-03-23,poisson,7,1.0,hostvector,alt,1.0,0.3,2.451965,0.012887,0.052699,2.108516,1.420126,1.752372,2.859239
MEXICO,MEXICO,2014-03-23,poisson,7,1.0,seir,central,1.0,0.3,2.451965,0.0,0.523091,0.139512,0.631225,0.545827,0.807838
MEXICO,MEXICO,2014-03-23,poisson,7,1.0,seir,alt,1.0,0.3,2.451965,0.0,0.830564,0.105442,0.772331,0.660116,1.45275
MEXICO,MEXICO,2014-03-23,poisson,7,1.0,hostvector_tempmort,central,1.0,0.3,2.451965,0.0,0.462374,0.270249,0.367316,0.335235,0.390391
MEXICO,MEXICO,2014-03-23,poisson,7,1.0,hostvector_tempmort,alt,1.0,0.3,2.451965,0.0186,0.049702,1.706187,1.076254,1.363053,1.735069
MEXICO,MEXICO,2014-03-23,poisson,7,0.75,hostvector,central,1.0,0.3,2.451965,0.0,0.485251,0.352471,0.630352,0.316277,0.415607
MEXICO,MEXICO,2014-03-23,poisson,7,0.75,hostvector,alt,1.0,0.3,2.451965,0.020235,0.095214,2.106529,1.71786,1.775706,3.621666
MEXICO,MEXICO,2014-03-23,poisson,7,0.75,seir,central,1.0,0.3,2.451965,0.0,0.844575,0.139679,0.767359,0.545929,1.207346
MEXICO,MEXICO,2014-03-23,poisson,7,0.75,seir,alt,1.0,0.3,2.451965,0.0,0.613333,0.105556,0.855325,0.660199,1.170818
MEXICO,MEXICO,2014-03-23,poisson,7,0.75,hostvector_tempmort,central,1.0,0.3,2.451965,0.0,0.59536,0.270255,0.446063,0.335238,0.501789
MEXICO,MEXICO,2014-03-23,poisson,7,0.75,hostvector_tempmort,alt,1.0,0.3,2.451965,0.0,0.532489,0.361428,0.468939,0.303807,0.387656
MEXICO,MEXICO,2019-06-09,nb,3,1.0,hostvector,central,1.0,0.3,2.296802,1.200375,0.42562,0.251843,0.094517,3.982215,3.942616
MEXICO,MEXICO,2019-06-09,nb,3,1.0,hostvector,alt,1.0,0.3,2.296802,1.591207,0.488763,0.33343,0.098945,8.025461,8.992293
MEXICO,MEXICO,2019-06-09,nb,3,1.0,seir,central,1.0,0.3,2.296802,0.5411,0.475561,0.072011,0.160266,2.172587,2.397351
MEXICO,MEXICO,2019-06-09,nb,3,1.0,seir,alt,1.0,0.3,2.296802,0.546997,0.594231,0.123456,0.19995,2.81855,3.850841
MEXICO,MEXICO,2019-06-09,nb,3,1.0,hostvector_tempmort,central,1.0,0.3,2.296802,0.13915,0.349373,0.023622,0.108734,0.4291,0.358386
MEXICO,MEXICO,2019-06-09,nb,3,1.0,hostvector_tempmort,alt,1.0,0.3,2.296802,0.284474,0.514548,0.080385,0.136542,0.491,0.593111
MEXICO,MEXICO,2019-06-09,nb,3,0.75,hostvector,central,1.0,0.3,2.296802,1.200404,0.512606,0.25187,0.113824,3.98217,4.748352
MEXICO,MEXICO,2019-06-09,nb,3,0.75,hostvector,alt,1.0,0.3,2.296802,1.588605,0.588498,0.332739,0.119123,7.980205,10.766371
MEXICO,MEXICO,2019-06-09,nb,3,0.75,seir,central,1.0,0.3,2.296802,0.532352,0.571333,0.072397,0.192648,2.126632,2.820308
MEXICO,MEXICO,2019-06-09,nb,3,0.75,seir,alt,1.0,0.3,2.296802,0.54965,0.716398,0.124221,0.241062,2.835357,4.670111
MEXICO,MEXICO,2019-06-09,nb,3,0.75,hostvector_tempmort,central,1.0,0.3,2.296802,0.139287,0.420312,0.023006,0.130879,0.429332,0.431362
MEXICO,MEXICO,2019-06-09,nb,3,0.75,hostvector_tempmort,alt,1.0,0.3,2.296802,0.309371,0.622085,0.082016,0.164932,0.520927,0.759874
MEXICO,MEXICO,2019-06-09,nb,5,1.0,hostvector,central,1.0,0.3,2.296802,1.1465,0.396253,0.187451,0.066314,4.122169,3.880811
MEXICO,MEXICO,2019-06-09,nb,5,1.0,hostvector,alt,1.0,0.3,2.296802,1.407862,0.442872,0.234404,0.068739,6.405923,6.699987
MEXICO,MEXICO,2019-06-09,nb,5,1.0,seir,central,1.0,0.3,2.296802,0.531296,0.469477,0.072937,0.168311,2.26807,2.598795
MEXICO,MEXICO,2019-06-09,nb,5,1.0,seir,alt,1.0,0.3,2.296802,0.546736,0.582983,0.142777,0.205287,3.182477,4.617406
MEXICO,MEXICO,2019-06-09,nb,5,1.0,hostvector_tempmort,central,1.0,0.3,2.296802,0.139317,0.352868,0.025536,0.094189,0.437395,0.372156
MEXICO,MEXICO,2019-06-09,nb,5,1.0,hostvector_tempmort,alt,1.0,0.3,2.296802,0.325057,0.512126,0.078563,0.107066,0.573983,0.71269
MEXICO,MEXICO,2019-06-09,nb,5,0.75,hostvector,central,1.0,0.3,2.296802,1.131398,0.477106,0.186672,0.07977,3.976567,4.509224
MEXICO,MEXICO,2019-06-09,nb,5,0.75,hostvector,alt,1.0,0.3,2.296802,1.405112,0.533411,0.23397,0.08276,6.364813,8.018327
MEXICO,MEXICO,2019-06-09,nb,5,0.75,seir,central,1.0,0.3,2.296802,0.532613,0.565326,0.071504,0.202835,2.275552,3.140021
MEXICO,MEXICO,2019-06-09,nb,5,0.75,seir,alt,1.0,0.3,2.296802,0.556346,0.704271,0.145401,0.247813,3.260022,5.714654
MEXICO,MEXICO,2019-06-09,nb,5,0.75,hostvector_tempmort,central,1.0,0.3,2.296802,0.148277,0.426389,0.023955,0.11378,0.446909,0.459433
MEXICO,MEXICO,2019-06-09,nb,5,0.75,hostvector_tempmort,alt,1.0,0.3,2.296802,0.336852,0.618286,0.080848,0.129064,0.590548,0.885121
MEXICO,MEXICO,2019-06-09,nb,7,1.0,hostvector,central,1.0,0.3,2.296802,0.98188,0.356241,0.210612,0.05837,3.210578,2.761566
MEXICO,MEXICO,2019-06-09,nb,7,1.0,hostvector,alt,1.0,0.3,2.296802,1.175611,0.395749,0.240466,0.058664,4.31187,4.116808
MEXICO,MEXICO,2019-06-09,nb,7,1.0,seir,central,1.0,0.3,2.296802,0.514954,0.468077,-0.432844,0.373432,1.00745,1.142677
MEXICO,MEXICO,2019-06-09,nb,7,1.0,seir,alt,1.0,0.3,2.296802,0.51463,0.565132,-0.478344,0.36961,1.191015,1.490997
MEXICO,MEXICO,2019-06-09,nb,7,1.0,hostvector_tempmort,central,1.0,0.3,2.296802,0.108072,0.312479,-0.448734,0.195077,0.197294,0.164998
MEXICO,MEXICO,2019-06-09,nb,7,1.0,hostvector_tempmort,alt,1.0,0.3,2.296802,0.517465,0.463254,0.173538,0.106893,1.049718,1.207452
MEXICO,MEXICO,2019-06-09,nb,7,0.75,hostvector,central,1.0,0.3,2.296802,0.968766,0.429716,0.210105,0.070303,3.110549,3.227476
MEXICO,MEXICO,2019-06-09,nb,7,0.75,hostvector,alt,1.0,0.3,2.296802,1.169792,0.47756,0.240359,0.070655,4.251864,4.898978
MEXICO,MEXICO,2019-06-09,nb,7,0.75,seir,central,1.0,0.3,2.296802,0.513079,0.563387,-0.434353,0.448386,1.000712,1.366557
MEXICO,MEXICO,2019-06-09,nb,7,0.75,seir,alt,1.0,0.3,2.296802,0.745061,0.596476,0.558154,0.208475,9.383836,14.763333
MEXICO,MEXICO,2019-06-09,nb,7,0.75,hostvector_tempmort,central,1.0,0.3,2.296802,0.112685,0.380427,-0.448506,0.234898,0.199477,0.202523
MEXICO,MEXICO,2019-06-09,nb,7,0.75,hostvector_tempmort,alt,1.0,0.3,2.296802,0.378437,0.567562,0.163545,0.131109,0.744004,1.048566
MEXICO,MEXICO,2019-06-09,poisson,3,1.0,hostvector,central,1.0,0.3,2.296802,0.073387,0.5599,-0.375282,0.243721,0.312124,0.408848
MEXICO,MEXICO,2019-06-09,poisson,3,1.0,hostvector,alt,1.0,0.3,2.296802,0.058187,0.61706,-0.396442,0.246807,0.255917,0.368503
MEXICO,MEXICO,2019-06-09,poisson,3,1.0,seir,central,1.0,0.3,2.296802,0.026879,0.408558,-0.519418,0.321628,0.601957,0.574813
MEXICO,MEXICO,2019-06-09,poisson,3,1.0,seir,alt,1.0,0.3,2.296802,0.0,0.035796,-0.516147,0.332304,0.711347,0.074494
MEXICO,MEXICO,2019-06-09,poisson,3,1.0,hostvector_tempmort,central,1.0,0.3,2.296802,0.0,0.231947,-0.339119,0.23203,0.30739,0.168377
MEXICO,MEXICO,2019-06-09,poisson,3,1.0,hostvector_tempmort,alt,1.0,0.3,2.296802,0.0,0.613345,-0.383601,0.297292,0.254842,0.365822
MEXICO,MEXICO,2019-06-09,poisson,3,0.75,hostvector,central,1.0,0.3,2.296802,0.067431,0.696857,-0.377139,0.297001,0.307845,0.501759
MEXICO,MEXICO,2019-06-09,poisson,3,0.75,hostvector,alt,1.0,0.3,2.296802,0.040744,0.800838,-0.401461,0.307211,0.245804,0.459159
MEXICO,MEXICO,2019-06-09,poisson,3,0.75,seir,central,1.0,0.3,2.296802,0.0,0.016452,-0.528281,0.376645,0.565432,0.066194
MEXICO,MEXICO,2019-06-09,poisson,3,0.75,seir,alt,1.0,0.3,2.296802,0.0,0.742358,-0.52436,0.471008,0.710585,1.235825
MEXICO,MEXICO,2019-06-09,poisson,3,0.75,hostvector_tempmort,central,1.0,0.3,2.296802,0.0,0.02305,-0.339141,0.267307,0.307392,0.029278
MEXICO,MEXICO,2019-06-09,poisson,3,0.75,hostvector_tempmort,alt,1.0,0.3,2.296802,0.0,,-0.383675,,0.254842,
MEXICO,MEXICO,2019-06-09,poisson,5,1.0,hostvector,central,1.0,0.3,2.296802,0.040874,0.300465,-0.624164,1.100105,0.152415,0.184022
MEXICO,MEXICO,2019-06-09,poisson,5,1.0,hostvector,alt,1.0,0.3,2.296802,0.077749,0.402358,-0.781764,1.560309,0.121297,0.209873
MEXICO,MEXICO,2019-06-09,poisson,5,1.0,seir,central,1.0,0.3,2.296802,0.100082,0.668282,-0.431833,0.711268,0.458532,0.93396
MEXICO,MEXICO,2019-06-09,poisson,5,1.0,seir,alt,1.0,0.3,2.296802,0.0,0.641006,-0.474776,0.881783,0.43732,0.895534
MEXICO,MEXICO,2019-06-09,poisson,5,1.0,hostvector_tempmort,central,1.0,0.3,2.296802,0.0,0.134714,-0.408727,0.941014,0.19793,0.259072
MEXICO,MEXICO,2019-06-09,poisson,5,1.0,hostvector_tempmort,alt,1.0,0.3,2.296802,0.0,0.60205,-0.518274,1.393303,0.146299,0.281325
MEXICO,MEXICO,2019-06-09,poisson,5,0.75,hostvector,central,1.0,0.3,2.296802,6e-06,0.498724,-0.629274,1.316147,0.137794,0.242132
MEXICO,MEXICO,2019-06-09,poisson,5,0.75,hostvector,alt,1.0,0.3,2.296802,0.033017,0.598873,-0.787862,1.874444,0.108603,0.253627
MEXICO,MEXICO,2019-06-09,poisson,5,0.75,seir,central,1.0,0.3,2.296802,0.099771,0.800012,-0.431875,0.851727,0.45818,1.117773
MEXICO,MEXICO,2019-06-09,poisson,5,0.75,seir,alt,1.0,0.3,2.296802,0.0,0.833028,-0.474777,1.075936,0.437313,1.165346
MEXICO,MEXICO,2019-06-09,poisson,5,0.75,hostvector_tempmort,central,1.0,0.3,2.296802,0.0,0.367146,-0.408726,1.123745,0.19793,0.345961
MEXICO,MEXICO,2019-06-09,poisson,5,0.75,hostvector_tempmort,alt,1.0,0.3,2.296802,0.0,0.062068,-0.518271,1.564862,0.146299,0.313643
MEXICO,MEXICO,2019-06-09,poisson,7,1.0,hostvector,central,1.0,0.3,2.296802,0.931402,0.595289,0.109714,0.231404,2.512732,4.037437
MEXICO,MEXICO,2019-06-09,poisson,7,1.0,hostvector,alt,1.0,0.3,2.296802,0.917602,0.692727,0.031813,0.292761,1.836634,3.460985
MEXICO,MEXICO,2019-06-09,poisson,7,1.0,seir,central,1.0,0.3,2.296802,1.142722,0.636951,0.53344,0.384076,17.618995,33.294136
MEXICO,MEXICO,2019-06-09,poisson,7,1.0,seir,alt,1.0,0.3,2.296802,1.043638,0.682228,0.555935,0.480656,18.371241,38.709353
MEXICO,MEXICO,2019-06-09,poisson,7,1.0,hostvector_tempmort,central,1.0,0.3,2.296802,0.737879,0.519487,0.234271,0.190275,2.294965,3.223473
MEXICO,MEXICO,2019-06-09,poisson,7,1.0,hostvector_tempmort,alt,1.0,0.3,2.296802,0.783764,0.623382,0.204043,0.251598,1.996729,3.410439
MEXICO,MEXICO,2019-06-09,poisson,7,0.75,hostvector,central,1.0,0.3,2.296802,0.931331,0.711521,0.109685,0.276607,2.512219,4.824834
MEXICO,MEXICO,2019-06-09,poisson,7,0.75,hostvector,alt,1.0,0.3,2.296802,0.917565,0.827991,0.031803,0.349937,1.836452,4.136418
MEXICO,MEXICO,2019-06-09,poisson,7,0.75,seir,central,1.0,0.3,2.296802,1.142565,0.761315,0.533362,0.459154,17.610698,39.777883
MEXICO,MEXICO,2019-06-09,poisson,7,0.75,seir,alt,1.0,0.3,2.296802,1.043291,0.815441,0.555725,0.574801,18.351083,46.223562
MEXICO,MEXICO,2019-06-09,poisson,7,0.75,hostvector_tempmort,central,1.0,0.3,2.296802,0.737905,0.620903,0.234279,0.227416,2.295136,3.853043
MEXICO,MEXICO,2019-06-09,poisson,7,0.75,hostvector_tempmort,alt,1.0,0.3,2.296802,0.7838,0.745076,0.204061,0.300699,1.996941,4.07661
NEW CALEDONIA,NEW CALEDONIA,2012-11-11,nb,3,1.0,hostvector,central,1.0,0.3,0.232477,0.537573,0.558486,0.296006,0.034235,0.192123,0.043537
NEW CALEDONIA,NEW CALEDONIA,2012-11-11,nb,3,1.0,hostvector,alt,1.0,0.3,0.232477,0.500977,0.559835,0.339269,0.048395,0.153381,0.034747
NEW CALEDONIA,NEW CALEDONIA,2012-11-11,nb,3,1.0,seir,central,1.0,0.3,0.232477,1.212625,0.538743,0.255922,0.052492,0.526298,0.110125
NEW CALEDONIA,NEW CALEDONIA,2012-11-11,nb,3,1.0,seir,alt,1.0,0.3,0.232477,1.322331,0.533267,0.258847,0.059381,0.689746,0.142622
NEW CALEDONIA,NEW CALEDONIA,2012-11-11,nb,3,1.0,hostvector_tempmort,central,1.0,0.3,0.232477,0.6366,0.596375,0.290677,0.032843,0.200501,0.04845
NEW CALEDONIA,NEW CALEDONIA,2012-11-11,nb,3,1.0,hostvector_tempmort,alt,1.0,0.3,0.232477,0.567472,0.579454,0.337196,0.047318,0.15798,0.037055
NEW CALEDONIA,NEW CALEDONIA,2012-11-11,nb,3,0.75,hostvector,central,1.0,0.3,0.232477,1.234685,0.578799,0.226519,0.050776,0.25402,0.058592
NEW CALEDONIA,NEW CALEDONIA,2012-11-11,nb,3,0.75,hostvector,alt,1.0,0.3,0.232477,1.442308,0.738343,0.259953,0.057664,0.225306,0.066563
NEW CALEDONIA,NEW CALEDONIA,2012-11-11,nb,3,0.75,seir,central,1.0,0.3,0.232477,0.920552,0.478761,0.211084,0.057254,0.463587,0.087699
NEW CALEDONIA,NEW CALEDONIA,2012-11-11,nb,3,0.75,seir,alt,1.0,0.3,0.232477,0.878715,0.478556,0.206781,0.05913,0.57006,0.107923
NEW CALEDONIA,NEW CALEDONIA,2012-11-11,nb,3,0.75,hostvector_tempmort,central,1.0,0.3,0.232477,1.252463,0.576074,0.226088,0.050635,0.256357,0.058834
NEW CALEDONIA,NEW CALEDONIA,2012-11-11,nb,3,0.75,hostvector_tempmort,alt,1.0,0.3,0.232477,1.463929,0.735757,0.25931,0.05761,0.227689,0.067005
NEW CALEDONIA,NEW CALEDONIA,2012-11-11,nb,5,1.0,hostvector,central,1.0,0.3,0.232477,3.214641,0.468894,-0.009858,0.070437,0.550463,0.097427
NEW CALEDONIA,NEW CALEDONIA,2012-11-11,nb,5,1.0,hostvector,alt,1.0,0.3,0.232477,4.183996,0.667606,0.010683,0.087607,0.666425,0.169425
NEW CALEDONIA,NEW CALEDONIA,2012-11-11,nb,5,1.0,seir,central,1.0,0.3,0.232477,2.669568,0.45023,-0.041136,0.07034,0.906165,0.151137
NEW CALEDONIA,NEW CALEDONIA,2012-11-11,nb,5,1.0,seir,alt,1.0,0.3,0.232477,2.698906,0.44328,-0.059907,0.071358,1.142221,0.188456
NEW CALEDONIA,NEW CALEDONIA,2012-11-11,nb,5,1.0,hostvector_tempmort,central,1.0,0.3,0.232477,3.119985,0.457129,-0.011468,0.068972,0.53094,0.091522
NEW CALEDONIA,NEW CALEDONIA,2012-11-11,nb,5,1.0,hostvector_tempmort,alt,1.0,0.3,0.232477,0.0,0.515944,0.309496,0.055218,0.132253,0.02854
NEW CALEDONIA,NEW CALEDONIA,2012-11-11,nb,5,0.75,hostvector,central,1.0,0.3,0.232477,1.476296,0.623997,0.000712,0.059259,0.275109,0.066704
NEW CALEDONIA,NEW CALEDONIA,2012-11-11,nb,5,0.75,hostvector,alt,1.0,0.3,0.232477,1.747853,0.743631,-0.001409,0.06678,0.251157,0.072833
NEW CALEDONIA,NEW CALEDONIA,2012-11-11,nb,5,0.75,seir,central,1.0,0.3,0.232477,1.350933,0.591516,-0.021441,0.064684,0.533026,0.121795
NEW CALEDONIA,NEW CALEDONIA,2012-11-11,nb,5,0.75,seir,alt,1.0,0.3,0.232477,1.392964,0.582497,-0.031887,0.06486,0.675801,0.152256
NEW CALEDONIA,NEW CALEDONIA,2012-11-11,nb,5,0.75,hostvector_tempmort,central,1.0,0.3,0.232477,1.481766,0.622897,0.000766,0.059178,0.276267,0.06686
NEW CALEDONIA,NEW CALEDONIA,2012-11-11,nb,5,0.75,hostvector_tempmort,alt,1.0,0.3,0.232477,1.754718,0.741829,-0.001491,0.066677,0.252289,0.072978
NEW CALEDONIA,NEW CALEDONIA,2012-11-11,nb,7,1.0,hostvector,central,1.0,0.3,0.232477,3.210148,0.380151,-0.151456,0.049498,0.519969,0.07599
NEW CALEDONIA,NEW CALEDONIA,2012-11-11,nb,7,1.0,hostvector,alt,1.0,0.3,0.232477,4.106771,0.559506,-0.17658,0.064755,0.608144,0.130082
NEW CALEDONIA,NEW CALEDONIA,2012-11-11,nb,7,1.0,seir,central,1.0,0.3,0.232477,2.922807,0.379158,-0.174015,0.052419,0.937656,0.132569
NEW CALEDONIA,NEW CALEDONIA,2012-11-11,nb,7,1.0,seir,alt,1.0,0.3,0.232477,2.94566,0.384839,-0.177787,0.053191,1.182886,0.169921
NEW CALEDONIA,NEW CALEDONIA,2012-11-11,nb,7,1.0,hostvector_tempmort,central,1.0,0.3,0.232477,3.147666,0.311453,-0.150036,0.044915,0.507646,0.064334
NEW CALEDONIA,NEW CALEDONIA,2012-11-11,nb,7,1.0,hostvector_tempmort,alt,1.0,0.3,0.232477,4.034611,0.563285,-0.175393,0.063435,0.591305,0.126419
NEW CALEDONIA,NEW CALEDONIA,2012-11-11,nb,7,0.75,hostvector,central,1.0,0.3,0.232477,2.215228,0.600008,-0.10797,0.049969,0.35377,0.080326
NEW CALEDONIA,NEW CALEDONIA,2012-11-11,nb,7,0.75,hostvector,alt,1.0,0.3,0.232477,2.65943,0.716893,-0.124845,0.056384,0.344256,0.093736
NEW CALEDONIA,NEW CALEDONIA,2012-11-11,nb,7,0.75,seir,central,1.0,0.3,0.232477,2.069347,0.613672,-0.120739,0.056187,0.679822,0.157149
NEW CALEDONIA,NEW CALEDONIA,2012-11-11,nb,7,0.75,seir,alt,1.0,0.3,0.232477,2.066729,0.612684,-0.120393,0.056784,0.84936,0.196238
NEW CALEDONIA,NEW CALEDONIA,2012-11-11,nb,7,0.75,hostvector_tempmort,central,1.0,0.3,0.232477,2.208731,0.601745,-0.106379,0.050114,0.353799,0.080551
NEW CALEDONIA,NEW CALEDONIA,2012-11-11,nb,7,0.75,hostvector_tempmort,alt,1.0,0.3,0.232477,2.654084,0.717881,-0.123479,0.056476,0.344328,0.093872
NEW CALEDONIA,NEW CALEDONIA,2012-11-11,poisson,3,1.0,hostvector,central,1.0,0.3,0.232477,0.900762,0.565426,0.282967,0.031187,0.223648,0.049564
NEW CALEDONIA,NEW CALEDONIA,2012-11-11,poisson,3,1.0,hostvector,alt,1.0,0.3,0.232477,1.079067,0.558411,0.323806,0.037851,0.194916,0.042971
NEW CALEDONIA,NEW CALEDONIA,2012-11-11,poisson,3,1.0,seir,central,1.0,0.3,0.232477,0.89117,0.618582,0.304046,0.034142,0.465899,0.108386
NEW CALEDONIA,NEW CALEDONIA,2012-11-11,poisson,3,1.0,seir,alt,1.0,0.3,0.232477,0.940472,0.621884,0.311689,0.037124,0.595151,0.139198
NEW CALEDONIA,NEW CALEDONIA,2012-11-11,poisson,3,1.0,hostvector_tempmort,central,1.0,0.3,0.232477,0.979065,0.61079,0.280756,0.03106,0.23111,0.05519
NEW CALEDONIA,NEW CALEDONIA,2012-11-11,poisson,3,1.0,hostvector_tempmort,alt,1.0,0.3,0.232477,1.154295,0.597345,0.322409,0.037706,0.201247,0.047404
NEW CALEDONIA,NEW CALEDONIA,2012-11-11,poisson,3,0.75,hostvector,central,1.0,0.3,0.232477,1.044599,0.662292,0.263673,0.029492,0.237229,0.061021
NEW CALEDONIA,NEW CALEDONIA,2012-11-11,poisson,3,0.75,hostvector,alt,1.0,0.3,0.232477,1.420863,0.788271,0.297379,0.034129,0.224001,0.068954
NEW CALEDONIA,NEW CALEDONIA,2012-11-11,poisson,3,0.75,seir,central,1.0,0.3,0.232477,0.734798,0.598294,0.290461,0.03324,0.438817,0.099258
NEW CALEDONIA,NEW CALEDONIA,2012-11-11,poisson,3,0.75,seir,alt,1.0,0.3,0.232477,0.691766,0.618782,0.295378,0.035362,0.540197,0.126522
NEW CALEDONIA,NEW CALEDONIA,2012-11-11,poisson,3,0.75,hostvector_tempmort,central,1.0,0.3,0.232477,1.054321,0.669366,0.263454,0.02961,0.23862,0.062005
NEW CALEDONIA,NEW CALEDONIA,2012-11-11,poisson,3,0.75,hostvector_tempmort,alt,1.0,0.3,0.232477,1.434545,0.799098,0.297152,0.034283,0.225633,0.070374
NEW CALEDONIA,NEW CALEDONIA,2012-11-11,poisson,5,1.0,hostvector,central,1.0,0.3,0.232477,2.435176,0.538633,-0.052113,0.06175,0.397239,0.0762
NEW CALEDONIA,NEW CALEDONIA,2012-11-11,poisson,5,1.0,hostvector,alt,1.0,0.3,0.232477,3.150789,0.666721,-0.055415,0.071501,0.429726,0.10322
NEW CALEDONIA,NEW CALEDONIA,2012-11-11,poisson,5,1.0,seir,central,1.0,0.3,0.232477,2.033397,0.583316,-0.078457,0.06609,0.693404,0.142407
NEW CALEDONIA,NEW CALEDONIA,2012-11-11,poisson,5,1.0,seir,alt,1.0,0.3,0.232477,2.100278,0.568914,-0.101022,0.067476,0.881886,0.177846
NEW CALEDONIA,NEW CALEDONIA,2012-11-11,poisson,5,1.0,hostvector_tempmort,central,1.0,0.3,0.232477,2.347065,0.540747,-0.053201,0.061155,0.385236,0.074159
NEW CALEDONIA,NEW CALEDONIA,2012-11-11,poisson,5,1.0,hostvector_tempmort,alt,1.0,0.3,0.232477,3.061486,0.665962,-0.05733,0.070847,0.416271,0.099852
NEW CALEDONIA,NEW CALEDONIA,2012-11-11,poisson,5,0.75,hostvector,central,1.0,0.3,0.232477,0.955674,1.097059,-0.030512,0.059627,0.230409,0.093608
NEW CALEDONIA,NEW CALEDONIA,2012-11-11,poisson,5,0.75,hostvector,alt,1.0,0.3,0.232477,1.165534,1.340405,-0.036753,0.06628,0.205594,0.103031
NEW CALEDONIA,NEW CALEDONIA,2012-11-11,poisson,5,0.75,seir,central,1.0,0.3,0.232477,1.041238,0.927956,-0.07106,0.06822,0.480058,0.161575
NEW CALEDONIA,NEW CALEDONIA,2012-11-11,poisson,5,0.75,seir,alt,1.0,0.3,0.232477,1.171335,0.883539,-0.094875,0.06928,0.624642,0.200525
NEW CALEDONIA,NEW CALEDONIA,2012-11-11,poisson,5,0.75,hostvector_tempmort,central,1.0,0.3,0.232477,0.923984,1.105981,-0.03201,0.059548,0.228141,0.093483
NEW CALEDONIA,NEW CALEDONIA,2012-11-11,poisson,5,0.75,hostvector_tempmort,alt,1.0,0.3,0.232477,1.142734,1.345801,-0.038276,0.066215,0.204182,0.102756
NEW CALEDONIA,NEW CALEDONIA,2012-11-11,poisson,7,1.0,hostvector,central,1.0,0.3,0.232477,1.897432,0.401674,-0.202257,0.038957,0.308516,0.045178
NEW CALEDONIA,NEW CALEDONIA,2012-11-11,poisson,7,1.0,hostvector,alt,1.0,0.3,0.232477,2.507488,0.505709,-0.228825,0.045374,0.318967,0.059241
NEW CALEDONIA,NEW CALEDONIA,2012-11-11,poisson,7,1.0,seir,central,1.0,0.3,0.232477,1.468415,0.463847,-0.214105,0.042745,0.53464,0.089393
NEW CALEDONIA,NEW CALEDONIA,2012-11-11,poisson,7,1.0,seir,alt,1.0,0.3,0.232477,1.466106,0.484785,-0.211472,0.044369,0.669713,0.117741
NEW CALEDONIA,NEW CALEDONIA,2012-11-11,poisson,7,1.0,hostvector_tempmort,central,1.0,0.3,0.232477,1.812791,0.402553,-0.20154,0.038579,0.299773,0.043961
NEW CALEDONIA,NEW CALEDONIA,2012-11-11,poisson,7,1.0,hostvector_tempmort,alt,1.0,0.3,0.232477,2.421587,0.504523,-0.228229,0.044865,0.309619,0.057344
NEW CALEDONIA,NEW CALEDONIA,2012-11-11,poisson,7,0.75,hostvector,central,1.0,0.3,0.232477,0.811896,0.617068,-0.190312,0.035557,0.206584,0.046993
NEW CALEDONIA,NEW CALEDONIA,2012-11-11,poisson,7,0.75,hostvector,alt,1.0,0.3,0.232477,1.095957,0.740882,-0.214813,0.039743,0.188472,0.051824
NEW CALEDONIA,NEW CALEDONIA,2012-11-11,poisson,7,0.75,seir,central,1.0,0.3,0.232477,0.452075,0.684588,-0.204786,0.041188,0.36746,0.092196
NEW CALEDONIA,NEW CALEDONIA,2012-11-11,poisson,7,0.75,seir,alt,1.0,0.3,0.232477,0.412854,0.721668,-0.204273,0.043186,0.453164,0.120338
NEW CALEDONIA,NEW CALEDONIA,2012-11-11,poisson,7,0.75,hostvector_tempmort,central,1.0,0.3,0.232477,0.77621,0.627979,-0.189816,0.035858,0.204378,0.047324
NEW CALEDONIA,NEW CALEDONIA,2012-11-11,poisson,7,0.75,hostvector_tempmort,alt,1.0,0.3,0.232477,1.066217,0.750799,-0.214325,0.039997,0.186811,0.052064
MEXICO,MICHOACAN,2006-06-25,nb,3,1.0,hostvector,central,1.0,0.3,0.62532,0.386109,0.824615,0.012452,0.143461,0.326413,0.364134
MEXICO,MICHOACAN,2006-06-25,nb,3,1.0,hostvector,alt,1.0,0.3,0.62532,0.619622,1.072773,0.030163,0.163454,0.367162,0.524305
MEXICO,MICHOACAN,2006-06-25,nb,3,1.0,seir,central,1.0,0.3,0.62532,0.412671,0.855821,-0.068393,0.182653,0.756973,0.878229
MEXICO,MICHOACAN,2006-06-25,nb,3,1.0,seir,alt,1.0,0.3,0.62532,0.437634,0.978645,-0.056057,0.191109,0.975005,1.279979
MEXICO,MICHOACAN,2006-06-25,nb,3,1.0,hostvector_tempmort,central,1.0,0.3,0.62532,0.0,0.001842,-0.031816,0.133896,0.212922,0.024051
MEXICO,MICHOACAN,2006-06-25,nb,3,1.0,hostvector_tempmort,alt,1.0,0.3,0.62532,0.041288,0.912986,-0.024768,0.150233,0.184959,0.228396
MEXICO,MICHOACAN,2006-06-25,nb,3,0.75,hostvector,central,1.0,0.3,0.62532,0.326939,0.988106,0.007125,0.170287,0.302722,0.404269
MEXICO,MICHOACAN,2006-06-25,nb,3,0.75,hostvector,alt,1.0,0.3,0.62532,0.513788,1.278267,0.018874,0.193795,0.321128,0.546523
MEXICO,MICHOACAN,2006-06-25,nb,3,0.75,seir,central,1.0,0.3,0.62532,0.362528,1.038683,-0.070653,0.216604,0.709852,0.997523
MEXICO,MICHOACAN,2006-06-25,nb,3,0.75,seir,alt,1.0,0.3,0.62532,0.384303,1.188232,-0.058749,0.226713,0.910698,1.449688
MEXICO,MICHOACAN,2006-06-25,nb,3,0.75,hostvector_tempmort,central,1.0,0.3,0.62532,2e-06,0.856083,-0.034796,0.160549,0.213349,0.24958
MEXICO,MICHOACAN,2006-06-25,nb,3,0.75,hostvector_tempmort,alt,1.0,0.3,0.62532,0.020538,1.102962,-0.027129,0.179026,0.180177,0.268514
MEXICO,MICHOACAN,2006-06-25,nb,5,1.0,hostvector,central,1.0,0.3,0.62532,0.441666,0.813064,-0.04689,0.173633,0.361491,0.397004
MEXICO,MICHOACAN,2006-06-25,nb,5,1.0,hostvector,alt,1.0,0.3,0.62532,0.626146,1.010865,-0.023694,0.174028,0.383188,0.519656
MEXICO,MICHOACAN,2006-06-25,nb,5,1.0,seir,central,1.0,0.3,0.62532,0.655714,0.95126,-0.251821,0.325886,1.029117,1.281442
MEXICO,MICHOACAN,2006-06-25,nb,5,1.0,seir,alt,1.0,0.3,0.62532,0.627183,1.03288,-0.212484,0.334663,1.235889,1.666162
MEXICO,MICHOACAN,2006-06-25,nb,5,1.0,hostvector_tempmort,central,1.0,0.3,0.62532,0.059181,0.710874,-0.099965,0.183883,0.232552,0.224505
MEXICO,MICHOACAN,2006-06-25,nb,5,1.0,hostvector_tempmort,alt,1.0,0.3,0.62532,0.082492,0.896978,-0.079745,0.181549,0.197624,0.239711
MEXICO,MICHOACAN,2006-06-25,nb,5,0.75,hostvector,central,1.0,0.3,0.62532,0.377571,0.977181,-0.052884,0.206104,0.33247,0.438688
MEXICO,MICHOACAN,2006-06-25,nb,5,0.75,hostvector,alt,1.0,0.3,0.62532,0.518021,1.206304,-0.035796,0.206756,0.332858,0.538908
MEXICO,MICHOACAN,2006-06-25,nb,5,0.75,seir,central,1.0,0.3,0.62532,0.59817,1.158761,-0.255135,0.386614,0.955376,1.448962
MEXICO,MICHOACAN,2006-06-25,nb,5,0.75,seir,alt,1.0,0.3,0.62532,0.568284,1.259255,-0.217267,0.397548,1.145268,1.882315
MEXICO,MICHOACAN,2006-06-25,nb,5,0.75,hostvector_tempmort,central,1.0,0.3,0.62532,0.037701,0.863476,-0.102285,0.218844,0.226143,0.264926
MEXICO,MICHOACAN,2006-06-25,nb,5,0.75,hostvector_tempmort,alt,1.0,0.3,0.62532,0.05813,1.088235,-0.082296,0.216224,0.191426,0.281583
MEXICO,MICHOACAN,2006-06-25,nb,7,1.0,hostvector,central,1.0,0.3,0.62532,0.376696,0.846327,0.033412,0.18293,0.325626,0.368951
MEXICO,MICHOACAN,2006-06-25,nb,7,1.0,hostvector,alt,1.0,0.3,0.62532,0.621238,1.089816,0.040119,0.178848,0.376391,0.551143
MEXICO,MICHOACAN,2006-06-25,nb,7,1.0,seir,central,1.0,0.3,0.62532,0.314603,0.843937,0.006062,0.3141,0.636514,0.692546
MEXICO,MICHOACAN,2006-06-25,nb,7,1.0,seir,alt,1.0,0.3,0.62532,0.343596,0.981286,0.036379,0.314009,0.839846,1.074278
MEXICO,MICHOACAN,2006-06-25,nb,7,1.0,hostvector_tempmort,central,1.0,0.3,0.62532,3e-06,0.727545,-0.006359,0.201916,0.20746,0.200612
MEXICO,MICHOACAN,2006-06-25,nb,7,1.0,hostvector_tempmort,alt,1.0,0.3,0.62532,0.033328,0.930261,-0.006263,0.193396,0.179419,0.223724
MEXICO,MICHOACAN,2006-06-25,nb,7,0.75,hostvector,central,1.0,0.3,0.62532,0.317307,1.013061,0.028349,0.217469,0.300575,0.407788
MEXICO,MICHOACAN,2006-06-25,nb,7,0.75,hostvector,alt,1.0,0.3,0.62532,0.513938,1.294654,0.02986,0.21226,0.325689,0.566805
MEXICO,MICHOACAN,2006-06-25,nb,7,0.75,seir,central,1.0,0.3,0.62532,0.270379,1.019754,0.002136,0.374021,0.599931,0.789583
MEXICO,MICHOACAN,2006-06-25,nb,7,0.75,seir,alt,1.0,0.3,0.62532,0.295526,1.184205,0.0315,0.374147,0.787323,1.216017
MEXICO,MICHOACAN,2006-06-25,nb,7,0.75,hostvector_tempmort,central,1.0,0.3,0.62532,1e-06,0.90165,-0.009142,0.241685,0.207364,0.248587
MEXICO,MICHOACAN,2006-06-25,nb,7,0.75,hostvector_tempmort,alt,1.0,0.3,0.62532,0.014019,1.120681,-0.0084,0.230675,0.174787,0.262591
MEXICO,MICHOACAN,2006-06-25,poisson,3,1.0,hostvector,central,1.0,0.3,0.62532,0.0,0.627635,0.31051,0.210449,0.16029,0.134573
MEXICO,MICHOACAN,2006-06-25,poisson,3,1.0,hostvector,alt,1.0,0.3,0.62532,0.0,1.143137,0.322953,0.238128,0.131902,0.199842
MEXICO,MICHOACAN,2006-06-25,poisson,3,1.0,seir,central,1.0,0.3,0.62532,0.0,0.002027,0.377908,0.287736,0.343466,0.064153
MEXICO,MICHOACAN,2006-06-25,poisson,3,1.0,seir,alt,1.0,0.3,0.62532,0.0,1.537821,0.42323,0.302277,0.425256,0.861741
MEXICO,MICHOACAN,2006-06-25,poisson,3,1.0,hostvector_tempmort,central,1.0,0.3,0.62532,0.0,1.549097,0.285678,0.213775,0.174836,0.358675
MEXICO,MICHOACAN,2006-06-25,poisson,3,1.0,hostvector_tempmort,alt,1.0,0.3,0.62532,0.0,1.39856,0.310113,0.235106,0.141768,0.262606
MEXICO,MICHOACAN,2006-06-25,poisson,3,0.75,hostvector,central,1.0,0.3,0.62532,0.0,0.835198,0.310158,0.245789,0.160325,0.182648
MEXICO,MICHOACAN,2006-06-25,poisson,3,0.75,hostvector,alt,1.0,0.3,0.62532,0.0,2.201397,0.322012,0.291679,0.13198,0.384315
MEXICO,MICHOACAN,2006-06-25,poisson,3,0.75,seir,central,1.0,0.3,0.62532,0.0,0.01709,0.377735,0.348785,0.343496,0.07957
MEXICO,MICHOACAN,2006-06-25,poisson,3,0.75,seir,alt,1.0,0.3,0.62532,0.0,1.563617,0.423043,0.352099,0.425297,0.884022
MEXICO,MICHOACAN,2006-06-25,poisson,3,0.75,hostvector_tempmort,central,1.0,0.3,0.62532,0.0,1.948212,0.285658,0.254444,0.174838,0.450919
MEXICO,MICHOACAN,2006-06-25,poisson,3,0.75,hostvector_tempmort,alt,1.0,0.3,0.62532,0.0,1.851633,0.310066,0.278967,0.141772,0.347764
MEXICO,MICHOACAN,2006-06-25,poisson,5,1.0,hostvector,central,1.0,0.3,0.62532,0.0,,0.091852,,0.193676,
MEXICO,MICHOACAN,2006-06-25,poisson,5,1.0,hostvector,alt,1.0,0.3,0.62532,0.0,1.626755,0.095611,0.253364,0.160671,0.351732
MEXICO,MICHOACAN,2006-06-25,poisson,5,1.0,seir,central,1.0,0.3,0.62532,1.54633,1.392002,-1.074553,0.71748,3.241397,5.454441
MEXICO,MICHOACAN,2006-06-25,poisson,5,1.0,seir,alt,1.0,0.3,0.62532,1.552474,1.422561,-1.086908,0.743507,4.019474,6.875004
MEXICO,MICHOACAN,2006-06-25,poisson,5,1.0,hostvector_tempmort,central,1.0,0.3,0.62532,0.0,,0.039865,,0.209816,
MEXICO,MICHOACAN,2006-06-25,poisson,5,1.0,hostvector_tempmort,alt,1.0,0.3,0.62532,0.0,1.503254,0.073947,0.270829,0.171425,0.346407
MEXICO,MICHOACAN,2006-06-25,poisson,5,0.75,hostvector,central,1.0,0.3,0.62532,0.0,1.697937,0.08872,0.288953,0.193845,0.443242
MEXICO,MICHOACAN,2006-06-25,poisson,5,0.75,hostvector,alt,1.0,0.3,0.62532,0.0,1.962309,0.091099,0.302781,0.160881,0.424532
MEXICO,MICHOACAN,2006-06-25,poisson,5,0.75,seir,central,1.0,0.3,0.62532,1.196228,1.649593,-1.130067,1.011273,2.060625,4.202207
MEXICO,MICHOACAN,2006-06-25,poisson,5,0.75,seir,alt,1.0,0.3,0.62532,1.19081,1.70049,-1.142468,1.088864,2.514721,5.299582
MEXICO,MICHOACAN,2006-06-25,poisson,5,0.75,hostvector_tempmort,central,1.0,0.3,0.62532,0.834571,1.152547,-0.997408,0.748644,0.652617,0.962738
MEXICO,MICHOACAN,2006-06-25,poisson,5,0.75,hostvector_tempmort,alt,1.0,0.3,0.62532,0.0,0.038182,0.073531,0.321052,0.171443,0.024449
MEXICO,MICHOACAN,2006-06-25,poisson,7,1.0,hostvector,central,1.0,0.3,0.62532,0.0,1.29753,0.26186,0.253733,0.199439,0.350252
MEXICO,MICHOACAN,2006-06-25,poisson,7,1.0,hostvector,alt,1.0,0.3,0.62532,0.0,0.963701,0.229695,0.257758,0.165167,0.215392
MEXICO,MICHOACAN,2006-06-25,poisson,7,1.0,seir,central,1.0,0.3,0.62532,0.0,,0.478062,,0.460066,
MEXICO,MICHOACAN,2006-06-25,poisson,7,1.0,seir,alt,1.0,0.3,0.62532,0.0,1.08848,0.476408,0.379562,0.58365,0.851211
MEXICO,MICHOACAN,2006-06-25,poisson,7,1.0,hostvector_tempmort,central,1.0,0.3,0.62532,0.0,0.129501,0.276012,0.255117,0.214174,0.03717
MEXICO,MICHOACAN,2006-06-25,poisson,7,1.0,hostvector_tempmort,alt,1.0,0.3,0.62532,0.0,1.653924,0.253022,0.275863,0.175898,0.393609
MEXICO,MICHOACAN,2006-06-25,poisson,7,0.75,hostvector,central,1.0,0.3,0.62532,0.0,1.8865,0.261047,0.304743,0.199431,0.509064
MEXICO,MICHOACAN,2006-06-25,poisson,7,0.75,hostvector,alt,1.0,0.3,0.62532,0.0,2.167499,0.22776,0.321717,0.165156,0.484581
MEXICO,MICHOACAN,2006-06-25,poisson,7,0.75,seir,central,1.0,0.3,0.62532,0.0,1.207134,0.477561,0.446694,0.460029,0.753998
MEXICO,MICHOACAN,2006-06-25,poisson,7,0.75,seir,alt,1.0,0.3,0.62532,0.0,2.395692,0.475744,0.449626,0.583578,1.868994
MEXICO,MICHOACAN,2006-06-25,poisson,7,0.75,hostvector_tempmort,central,1.0,0.3,0.62532,0.0,1.314439,0.275965,0.303821,0.214173,0.380871
MEXICO,MICHOACAN,2006-06-25,poisson,7,0.75,hostvector_tempmort,alt,1.0,0.3,0.62532,0.0,1.855485,0.252918,0.324561,0.175897,0.441642
NICARAGUA,CHONTALES,2009-06-28,nb,3,1.0,hostvector,central,1.0,0.3,0.153729,4e-06,7.141203,0.128987,0.476616,0.139162,0.167566
NICARAGUA,CHONTALES,2009-06-28,nb,3,1.0,hostvector,alt,1.0,0.3,0.153729,0.0,,0.087415,,0.125063,
NICARAGUA,CHONTALES,2009-06-28,nb,3,1.0,seir,central,1.0,0.3,0.153729,0.0,4.913536,0.223803,0.478594,0.218279,0.164365
NICARAGUA,CHONTALES,2009-06-28,nb,3,1.0,seir,alt,1.0,0.3,0.153729,1e-06,9.060395,0.240161,0.791104,0.259317,0.257958
NICARAGUA,CHONTALES,2009-06-28,nb,3,1.0,hostvector_tempmort,central,1.0,0.3,0.153729,4e-06,6.892571,0.116568,0.461544,0.143363,0.165597
NICARAGUA,CHONTALES,2009-06-28,nb,3,1.0,hostvector_tempmort,alt,1.0,0.3,0.153729,2e-06,8.296904,0.084988,0.452363,0.126438,0.20661
NICARAGUA,CHONTALES,2009-06-28,nb,3,0.75,hostvector,central,1.0,0.3,0.153729,0.002201,7.051916,0.099493,0.397106,0.151276,0.203626
NICARAGUA,CHONTALES,2009-06-28,nb,3,0.75,hostvector,alt,1.0,0.3,0.153729,1.039587,9.039202,0.107861,0.423989,0.164869,0.312241
NICARAGUA,CHONTALES,2009-06-28,nb,3,0.75,seir,central,1.0,0.3,0.153729,0.0,8.319999,0.193579,0.622706,0.246668,0.284411
NICARAGUA,CHONTALES,2009-06-28,nb,3,0.75,seir,alt,1.0,0.3,0.153729,0.0,8.478287,0.202905,0.619031,0.299011,0.365491
NICARAGUA,CHONTALES,2009-06-28,nb,3,0.75,hostvector_tempmort,central,1.0,0.3,0.153729,0.198986,6.879964,0.09954,0.396681,0.160744,0.207691
NICARAGUA,CHONTALES,2009-06-28,nb,3,0.75,hostvector_tempmort,alt,1.0,0.3,0.153729,1.067428,8.720603,0.107984,0.424683,0.167186,0.300768
NICARAGUA,CHONTALES,2009-06-28,nb,5,1.0,hostvector,central,1.0,0.3,0.153729,4e-06,3.597236,0.247339,0.37318,0.058469,0.541121
NICARAGUA,CHONTALES,2009-06-28,nb,5,1.0,hostvector,alt,1.0,0.3,0.153729,0.0,8.334065,0.069678,0.654709,0.120012,0.139468
NICARAGUA,CHONTALES,2009-06-28,nb,5,1.0,seir,central,1.0,0.3,0.153729,1e-06,4.803873,0.135936,0.492268,0.209939,0.26167
NICARAGUA,CHONTALES,2009-06-28,nb,5,1.0,seir,alt,1.0,0.3,0.153729,0.0,4.767195,0.123868,0.478861,0.273653,0.353699
NICARAGUA,CHONTALES,2009-06-28,nb,5,1.0,hostvector_tempmort,central,1.0,0.3,0.153729,6.1e-05,3.363905,0.238563,0.39106,0.061422,0.525578
NICARAGUA,CHONTALES,2009-06-28,nb,5,1.0,hostvector_tempmort,alt,1.0,0.3,0.153729,0.0,0.003427,0.076126,0.34677,0.1191,0.087046
NICARAGUA,CHONTALES,2009-06-28,nb,5,0.75,hostvector,central,1.0,0.3,0.153729,0.594459,3.836713,0.26826,0.318993,0.066127,0.548797
NICARAGUA,CHONTALES,2009-06-28,nb,5,0.75,hostvector,alt,1.0,0.3,0.153729,2.765734,5.819567,0.338087,0.157248,0.071695,0.767065
NICARAGUA,CHONTALES,2009-06-28,nb,5,0.75,seir,central,1.0,0.3,0.153729,1e-06,5.246999,-0.019252,0.474381,0.352325,0.315836
NICARAGUA,CHONTALES,2009-06-28,nb,5,0.75,seir,alt,1.0,0.3,0.153729,0.0,5.045273,-0.045162,0.464383,0.473984,0.452791
NICARAGUA,CHONTALES,2009-06-28,nb,5,0.75,hostvector_tempmort,central,1.0,0.3,0.153729,0.74415,3.653461,0.255603,0.339458,0.072446,0.580414
NICARAGUA,CHONTALES,2009-06-28,nb,5,0.75,hostvector_tempmort,alt,1.0,0.3,0.153729,2.401869,5.457841,0.320284,0.156729,0.070405,0.719642
NICARAGUA,CHONTALES,2009-06-28,nb,7,1.0,hostvector,central,1.0,0.3,0.153729,0.0,,0.191777,,0.055468,
NICARAGUA,CHONTALES,2009-06-28,nb,7,1.0,hostvector,alt,1.0,0.3,0.153729,1.6e-05,5.943269,0.258906,0.224133,0.033847,0.381437
NICARAGUA,CHONTALES,2009-06-28,nb,7,1.0,seir,central,1.0,0.3,0.153729,0.0,,-0.113134,,0.418506,
NICARAGUA,CHONTALES,2009-06-28,nb,7,1.0,seir,alt,1.0,0.3,0.153729,9e-06,4.489618,-0.12761,0.249948,0.542827,0.806964
NICARAGUA,CHONTALES,2009-06-28,nb,7,1.0,hostvector_tempmort,central,1.0,0.3,0.153729,1e-05,4.023118,0.186264,0.137483,0.058426,0.475269
NICARAGUA,CHONTALES,2009-06-28,nb,7,1.0,hostvector_tempmort,alt,1.0,0.3,0.153729,0.0,,0.245,,0.036592,
NICARAGUA,CHONTALES,2009-06-28,nb,7,0.75,hostvector,central,1.0,0.3,0.153729,2e-06,3.108301,-0.103703,0.231171,0.207368,0.192849
NICARAGUA,CHONTALES,2009-06-28,nb,7,0.75,hostvector,alt,1.0,0.3,0.153729,0.0,3.572033,-0.165965,0.249715,0.186986,0.169758
NICARAGUA,CHONTALES,2009-06-28,nb,7,0.75,seir,central,1.0,0.3,0.153729,0.0,,-0.158178,,0.494981,
NICARAGUA,CHONTALES,2009-06-28,nb,7,0.75,seir,alt,1.0,0.3,0.153729,0.0,2.741516,-0.159768,0.179813,0.621512,0.624025
NICARAGUA,CHONTALES,2009-06-28,nb,7,0.75,hostvector_tempmort,central,1.0,0.3,0.153729,0.0,3.048558,-0.097397,0.221163,0.209101,0.196221
NICARAGUA,CHONTALES,2009-06-28,nb,7,0.75,hostvector_tempmort,alt,1.0,0.3,0.153729,0.0,3.51222,-0.167705,0.241303,0.1915,0.182751
NICARAGUA,CHONTALES,2009-06-28,poisson,3,1.0,hostvector,central,1.0,0.3,0.153729,0.413754,5.938364,0.065583,0.241451,0.158435,0.201427
NICARAGUA,CHONTALES,2009-06-28,poisson,3,1.0,hostvector,alt,1.0,0.3,0.153729,1.605656,7.757078,0.088653,0.26923,0.175988,0.309464
NICARAGUA,CHONTALES,2009-06-28,poisson,3,1.0,seir,central,1.0,0.3,0.153729,0.0,6.928268,0.089088,0.353134,0.274018,0.374502
NICARAGUA,CHONTALES,2009-06-28,poisson,3,1.0,seir,alt,1.0,0.3,0.153729,0.0,6.573782,0.078789,0.327674,0.353643,0.502266
NICARAGUA,CHONTALES,2009-06-28,poisson,3,1.0,hostvector_tempmort,central,1.0,0.3,0.153729,0.59881,5.787383,0.066796,0.242219,0.167289,0.204658
NICARAGUA,CHONTALES,2009-06-28,poisson,3,1.0,hostvector_tempmort,alt,1.0,0.3,0.153729,1.592212,7.478103,0.08822,0.270589,0.175947,0.294675
NICARAGUA,CHONTALES,2009-06-28,poisson,3,0.75,hostvector,central,1.0,0.3,0.153729,1.794543,7.69478,0.09991,0.283331,0.219119,0.376953
NICARAGUA,CHONTALES,2009-06-28,poisson,3,0.75,hostvector,alt,1.0,0.3,0.153729,3.324885,9.930127,0.129041,0.31481,0.265509,0.61511
NICARAGUA,CHONTALES,2009-06-28,poisson,3,0.75,seir,central,1.0,0.3,0.153729,0.0,6.739657,0.074488,0.316407,0.286702,0.434697
NICARAGUA,CHONTALES,2009-06-28,poisson,3,0.75,seir,alt,1.0,0.3,0.153729,0.0,9.380173,0.062094,0.435723,0.372348,0.727983
NICARAGUA,CHONTALES,2009-06-28,poisson,3,0.75,hostvector_tempmort,central,1.0,0.3,0.153729,1.895285,7.505468,0.0997,0.284981,0.226347,0.376037
NICARAGUA,CHONTALES,2009-06-28,poisson,3,0.75,hostvector_tempmort,alt,1.0,0.3,0.153729,7.097684,9.211529,0.388976,0.212315,0.263248,1.454786
NICARAGUA,CHONTALES,2009-06-28,poisson,5,1.0,hostvector,central,1.0,0.3,0.153729,0.0,0.062228,-0.115839,0.135932,0.2078,0.056846
NICARAGUA,CHONTALES,2009-06-28,poisson,5,1.0,hostvector,alt,1.0,0.3,0.153729,0.0,0.020386,-0.124249,0.132224,0.17013,0.041283
NICARAGUA,CHONTALES,2009-06-28,poisson,5,1.0,seir,central,1.0,0.3,0.153729,0.0,10.399963,-0.345973,0.462866,0.780798,2.128325
NICARAGUA,CHONTALES,2009-06-28,poisson,5,1.0,seir,alt,1.0,0.3,0.153729,0.0,,-0.384485,,1.068218,
NICARAGUA,CHONTALES,2009-06-28,poisson,5,1.0,hostvector_tempmort,central,1.0,0.3,0.153729,1e-06,5.140422,-0.125099,0.222327,0.214747,0.229435
NICARAGUA,CHONTALES,2009-06-28,poisson,5,1.0,hostvector_tempmort,alt,1.0,0.3,0.153729,0.0,0.080161,-0.132772,0.125375,0.175172,0.042087
NICARAGUA,CHONTALES,2009-06-28,poisson,5,0.75,hostvector,central,1.0,0.3,0.153729,0.0,0.39638,-0.13779,0.123461,0.21813,0.060459
NICARAGUA,CHONTALES,2009-06-28,poisson,5,0.75,hostvector,alt,1.0,0.3,0.153729,0.0,6.782321,-0.141804,0.239834,0.176511,0.262809
NICARAGUA,CHONTALES,2009-06-28,poisson,5,0.75,seir,central,1.0,0.3,0.153729,0.0,5.375678,-0.379178,0.24738,0.842739,1.172469
NICARAGUA,CHONTALES,2009-06-28,poisson,5,0.75,seir,alt,1.0,0.3,0.153729,0.0,,-0.420665,,1.158128,
NICARAGUA,CHONTALES,2009-06-28,poisson,5,0.75,hostvector_tempmort,central,1.0,0.3,0.153729,1e-05,5.127246,-0.146904,0.205765,0.225363,0.247042
NICARAGUA,CHONTALES,2009-06-28,poisson,5,0.75,hostvector_tempmort,alt,1.0,0.3,0.153729,0.0,3.624545,-0.150851,0.16428,0.181963,0.150457
NICARAGUA,CHONTALES,2009-06-28,poisson,7,1.0,hostvector,central,1.0,0.3,0.153729,1.97789,3.366393,-0.169015,0.141906,0.371748,0.386767
NICARAGUA,CHONTALES,2009-06-28,poisson,7,1.0,hostvector,alt,1.0,0.3,0.153729,2.81674,3.354363,-0.247596,0.156108,0.419543,0.411884
NICARAGUA,CHONTALES,2009-06-28,poisson,7,1.0,seir,central,1.0,0.3,0.153729,0.762358,4.312912,-0.155973,0.115645,0.551277,0.757909
NICARAGUA,CHONTALES,2009-06-28,poisson,7,1.0,seir,alt,1.0,0.3,0.153729,0.567707,4.566524,-0.151849,0.117478,0.644912,0.939214
NICARAGUA,CHONTALES,2009-06-28,poisson,7,1.0,hostvector_tempmort,central,1.0,0.3,0.153729,2.003969,3.308375,-0.156398,0.135363,0.372246,0.383665
NICARAGUA,CHONTALES,2009-06-28,poisson,7,1.0,hostvector_tempmort,alt,1.0,0.3,0.153729,3.049709,3.362541,-0.241122,0.155552,0.44966,0.44641
NICARAGUA,CHONTALES,2009-06-28,poisson,7,0.75,hostvector,central,1.0,0.3,0.153729,3.623331,2.977569,-0.231985,0.134383,0.64362,0.571724
NICARAGUA,CHONTALES,2009-06-28,poisson,7,0.75,hostvector,alt,1.0,0.3,0.153729,3.654872,3.00555,-0.282994,0.141425,0.554534,0.478357
NICARAGUA,CHONTALES,2009-06-28,poisson,7,0.75,seir,central,1.0,0.3,0.153729,2.736684,5.655978,-0.189577,0.135121,1.033732,1.848566
NICARAGUA,CHONTALES,2009-06-28,poisson,7,0.75,seir,alt,1.0,0.3,0.153729,2.548159,6.202237,-0.183713,0.139647,1.210684,2.374669
NICARAGUA,CHONTALES,2009-06-28,poisson,7,0.75,hostvector_tempmort,central,1.0,0.3,0.153729,3.84867,2.984936,-0.226427,0.133175,0.689983,0.61861
NICARAGUA,CHONTALES,2009-06-28,poisson,7,0.75,hostvector_tempmort,alt,1.0,0.3,0.153729,3.971522,2.996478,-0.279691,0.14098,0.611205,0.52863
MEXICO,MEXICO,2022-03-27,nb,3,1.0,hostvector,central,1.0,0.3,1.415677,0.999933,0.608901,0.411883,0.205566,1.584766,1.498786
MEXICO,MEXICO,2022-03-27,nb,3,1.0,hostvector,alt,1.0,0.3,1.415677,2.009083,0.879247,0.350361,0.307725,5.688468,7.651637
MEXICO,MEXICO,2022-03-27,nb,3,1.0,seir,central,1.0,0.3,1.415677,0.206393,0.350459,0.491353,0.188934,1.192004,0.681742
MEXICO,MEXICO,2022-03-27,nb,3,1.0,seir,alt,1.0,0.3,1.415677,0.14258,0.334143,0.470671,0.212495,1.368639,0.754139
MEXICO,MEXICO,2022-03-27,nb,3,1.0,hostvector_tempmort,central,1.0,0.3,1.415677,0.34435,0.516006,0.466438,0.159618,0.637123,0.526421
MEXICO,MEXICO,2022-03-27,nb,3,1.0,hostvector_tempmort,alt,1.0,0.3,1.415677,0.497811,0.704223,0.439559,0.217206,0.645786,0.715547
MEXICO,MEXICO,2022-03-27,nb,3,0.75,hostvector,central,1.0,0.3,1.415677,1.030251,0.722149,0.428363,0.244471,1.677907,1.8848
MEXICO,MEXICO,2022-03-27,nb,3,0.75,hostvector,alt,1.0,0.3,1.415677,2.006122,1.037428,0.349437,0.36295,5.6602,8.982449
MEXICO,MEXICO,2022-03-27,nb,3,0.75,seir,central,1.0,0.3,1.415677,0.201289,0.412403,0.489773,0.222788,1.182071,0.795782
MEXICO,MEXICO,2022-03-27,nb,3,0.75,seir,alt,1.0,0.3,1.415677,0.142959,0.39463,0.470793,0.250799,1.369449,0.891076
MEXICO,MEXICO,2022-03-27,nb,3,0.75,hostvector_tempmort,central,1.0,0.3,1.415677,0.343548,0.609064,0.466351,0.188334,0.636344,0.620576
MEXICO,MEXICO,2022-03-27,nb,3,0.75,hostvector_tempmort,alt,1.0,0.3,1.415677,0.496821,0.831742,0.439595,0.256336,0.644876,0.843918
MEXICO,MEXICO,2022-03-27,nb,5,1.0,hostvector,central,1.0,0.3,1.415677,0.982173,0.72995,0.226902,0.263623,1.373373,1.697725
MEXICO,MEXICO,2022-03-27,nb,5,1.0,hostvector,alt,1.0,0.3,1.415677,1.582337,0.952738,-0.055065,0.349505,2.178721,3.505199
MEXICO,MEXICO,2022-03-27,nb,5,1.0,seir,central,1.0,0.3,1.415677,0.005948,0.376058,0.170191,0.235211,0.691362,0.480815
MEXICO,MEXICO,2022-03-27,nb,5,1.0,seir,alt,1.0,0.3,1.415677,0.032531,0.393732,0.162415,0.280168,0.911428,0.690471
MEXICO,MEXICO,2022-03-27,nb,5,1.0,hostvector_tempmort,central,1.0,0.3,1.415677,0.173685,0.637465,0.204568,0.198542,0.404241,0.428275
MEXICO,MEXICO,2022-03-27,nb,5,1.0,hostvector_tempmort,alt,1.0,0.3,1.415677,0.261621,0.79706,0.092532,0.274971,0.347934,0.45585
MEXICO,MEXICO,2022-03-27,nb,5,0.75,hostvector,central,1.0,0.3,1.415677,0.942916,0.855106,0.210327,0.308687,1.275699,1.845686
MEXICO,MEXICO,2022-03-27,nb,5,0.75,hostvector,alt,1.0,0.3,1.415677,1.560754,1.120139,-0.064467,0.411236,2.092,3.95606
MEXICO,MEXICO,2022-03-27,nb,5,0.75,seir,central,1.0,0.3,1.415677,0.0,,0.168632,,0.684706,
MEXICO,MEXICO,2022-03-27,nb,5,0.75,seir,alt,1.0,0.3,1.415677,0.0,,0.145432,,0.855882,
MEXICO,MEXICO,2022-03-27,nb,5,0.75,hostvector_tempmort,central,1.0,0.3,1.415677,0.17261,0.752265,0.204107,0.234264,0.403406,0.504335
MEXICO,MEXICO,2022-03-27,nb,5,0.75,hostvector_tempmort,alt,1.0,0.3,1.415677,0.27073,0.942847,0.099539,0.3247,0.355016,0.55056
MEXICO,MEXICO,2022-03-27,nb,7,1.0,hostvector,central,1.0,0.3,1.415677,0.269466,0.731165,-0.357102,0.353162,0.258202,0.349402
MEXICO,MEXICO,2022-03-27,nb,7,1.0,hostvector,alt,1.0,0.3,1.415677,0.393043,0.85348,-1.053283,0.467258,0.125689,0.20062
MEXICO,MEXICO,2022-03-27,nb,7,1.0,seir,central,1.0,0.3,1.415677,0.001858,0.515958,0.019248,0.333413,0.580671,0.607409
MEXICO,MEXICO,2022-03-27,nb,7,1.0,seir,alt,1.0,0.3,1.415677,0.000238,0.532256,0.000983,0.406999,0.726436,0.833833
MEXICO,MEXICO,2022-03-27,nb,7,1.0,hostvector_tempmort,central,1.0,0.3,1.415677,0.039091,0.719546,0.076083,0.278982,0.294788,0.380138
MEXICO,MEXICO,2022-03-27,nb,7,1.0,hostvector_tempmort,alt,1.0,0.3,1.415677,0.190814,0.918687,-0.017524,0.430778,0.280781,0.474423
MEXICO,MEXICO,2022-03-27,nb,7,0.75,hostvector,central,1.0,0.3,1.415677,0.269334,0.863673,-0.357713,0.416976,0.257981,0.412343
MEXICO,MEXICO,2022-03-27,nb,7,0.75,hostvector,alt,1.0,0.3,1.415677,0.388196,1.011164,-1.055756,0.552286,0.124455,0.235268
MEXICO,MEXICO,2022-03-27,nb,7,0.75,seir,central,1.0,0.3,1.415677,0.010997,0.614059,0.024283,0.394072,0.591604,0.734959
MEXICO,MEXICO,2022-03-27,nb,7,0.75,seir,alt,1.0,0.3,1.415677,0.000546,0.631095,0.001239,0.482154,0.726902,0.989517
MEXICO,MEXICO,2022-03-27,nb,7,0.75,hostvector_tempmort,central,1.0,0.3,1.415677,0.031976,0.847969,0.069522,0.329946,0.289546,0.440154
MEXICO,MEXICO,2022-03-27,nb,7,0.75,hostvector_tempmort,alt,1.0,0.3,1.415677,0.063369,1.077818,-0.087515,0.516106,0.215198,0.425525
MEXICO,MEXICO,2022-03-27,poisson,3,1.0,hostvector,central,1.0,0.3,1.415677,0.119804,0.651296,0.708768,0.229217,0.563378,0.525264
MEXICO,MEXICO,2022-03-27,poisson,3,1.0,hostvector,alt,1.0,0.3,1.415677,0.076742,0.849706,0.786624,0.298704,0.484745,0.571239
MEXICO,MEXICO,2022-03-27,poisson,3,1.0,seir,central,1.0,0.3,1.415677,0.0,0.063592,1.138512,0.280543,1.581033,0.350183
MEXICO,MEXICO,2022-03-27,poisson,3,1.0,seir,alt,1.0,0.3,1.415677,0.0,0.112095,1.302144,0.313358,2.332658,0.695298
MEXICO,MEXICO,2022-03-27,poisson,3,1.0,hostvector_tempmort,central,1.0,0.3,1.415677,0.0,0.655173,0.683145,0.233988,0.498335,0.451695
MEXICO,MEXICO,2022-03-27,poisson,3,1.0,hostvector_tempmort,alt,1.0,0.3,1.415677,2e-06,0.765614,0.769406,0.293682,0.454728,0.473631
MEXICO,MEXICO,2022-03-27,poisson,3,0.75,hostvector,central,1.0,0.3,1.415677,0.119843,0.76492,0.70877,0.269202,0.563411,0.616936
MEXICO,MEXICO,2022-03-27,poisson,3,0.75,hostvector,alt,1.0,0.3,1.415677,0.076413,0.998054,0.786675,0.350851,0.484532,0.670657
MEXICO,MEXICO,2022-03-27,poisson,3,0.75,seir,central,1.0,0.3,1.415677,0.0,0.031601,1.138519,0.324945,1.581041,0.406678
MEXICO,MEXICO,2022-03-27,poisson,3,0.75,seir,alt,1.0,0.3,1.415677,0.0,1.250854,1.302146,0.486381,2.332661,3.711343
MEXICO,MEXICO,2022-03-27,poisson,3,0.75,hostvector_tempmort,central,1.0,0.3,1.415677,0.0,0.902075,0.683124,0.282023,0.498327,0.618619
MEXICO,MEXICO,2022-03-27,poisson,3,0.75,hostvector_tempmort,alt,1.0,0.3,1.415677,3e-06,1.07567,0.769415,0.358124,0.454732,0.661428
MEXICO,MEXICO,2022-03-27,poisson,5,1.0,hostvector,central,1.0,0.3,1.415677,1.117496,1.054192,1.676565,0.700349,7.700087,13.905403
MEXICO,MEXICO,2022-03-27,poisson,5,1.0,hostvector,alt,1.0,0.3,1.415677,0.56965,1.064912,2.421929,1.14687,6.474485,10.547943
MEXICO,MEXICO,2022-03-27,poisson,5,1.0,seir,central,1.0,0.3,1.415677,1.904265,1.223463,-2.928431,2.11474,0.363948,1.425488
MEXICO,MEXICO,2022-03-27,poisson,5,1.0,seir,alt,1.0,0.3,1.415677,2.089534,1.486344,-3.37127,2.564593,0.37203,1.766772
MEXICO,MEXICO,2022-03-27,poisson,5,1.0,hostvector_tempmort,central,1.0,0.3,1.415677,0.527971,1.261298,1.783036,1.004668,3.927614,7.91404
MEXICO,MEXICO,2022-03-27,poisson,5,1.0,hostvector_tempmort,alt,1.0,0.3,1.415677,0.327662,0.987602,2.387801,1.138448,4.67765,6.947217
MEXICO,MEXICO,2022-03-27,poisson,5,0.75,hostvector,central,1.0,0.3,1.415677,1.11664,1.238675,1.677042,0.82319,7.694232,16.325213
MEXICO,MEXICO,2022-03-27,poisson,5,0.75,hostvector,alt,1.0,0.3,1.415677,0.569899,1.250808,2.422796,1.347226,6.482564,12.404325
MEXICO,MEXICO,2022-03-27,poisson,5,0.75,seir,central,1.0,0.3,1.415677,0.697788,1.448575,3.10181,1.146468,43.616099,99.787264
MEXICO,MEXICO,2022-03-27,poisson,5,0.75,seir,alt,1.0,0.3,1.415677,2.089446,1.745282,-3.371299,3.005413,0.371972,2.071836
MEXICO,MEXICO,2022-03-27,poisson,5,0.75,hostvector_tempmort,central,1.0,0.3,1.415677,0.528929,1.481282,1.783194,1.179675,3.933703,9.30896
MEXICO,MEXICO,2022-03-27,poisson,5,0.75,hostvector_tempmort,alt,1.0,0.3,1.415677,0.327655,1.159899,2.388041,1.33712,4.678738,8.161049
MEXICO,MEXICO,2022-03-27,poisson,7,1.0,hostvector,central,1.0,0.3,1.415677,1.702925,1.250544,-14.844369,10.356168,0.0,3e-06
MEXICO,MEXICO,2022-03-27,poisson,7,1.0,hostvector,alt,1.0,0.3,1.415677,2.3179,1.008595,-19.681612,10.911814,0.0,0.0
MEXICO,MEXICO,2022-03-27,poisson,7,1.0,seir,central,1.0,0.3,1.415677,1.844744,1.656008,-15.988785,14.762677,0.0,3e-06
MEXICO,MEXICO,2022-03-27,poisson,7,1.0,seir,alt,1.0,0.3,1.415677,2.440076,1.126701,-19.940272,12.979987,0.0,0.0
MEXICO,MEXICO,2022-03-27,poisson,7,1.0,hostvector_tempmort,central,1.0,0.3,1.415677,1.500478,1.356878,-14.53687,12.452403,0.0,4e-06
MEXICO,MEXICO,2022-03-27,poisson,7,1.0,hostvector_tempmort,alt,1.0,0.3,1.415677,2.135095,0.975679,-19.236584,10.913288,0.0,0.0
MEXICO,MEXICO,2022-03-27,poisson,7,0.75,hostvector,central,1.0,0.3,1.415677,1.701264,1.46886,-14.851858,12.167986,0.0,3e-06
MEXICO,MEXICO,2022-03-27,poisson,7,0.75,hostvector,alt,1.0,0.3,1.415677,2.317607,1.188565,-19.681797,12.668724,0.0,0.0
MEXICO,MEXICO,2022-03-27,poisson,7,0.75,seir,central,1.0,0.3,1.415677,1.842528,1.944938,-15.997693,17.319721,0.0,4e-06
MEXICO,MEXICO,2022-03-27,poisson,7,0.75,seir,alt,1.0,0.3,1.415677,2.439935,1.324339,-19.940437,15.263635,0.0,0.0
MEXICO,MEXICO,2022-03-27,poisson,7,0.75,hostvector_tempmort,central,1.0,0.3,1.415677,1.499238,1.593119,-14.535107,14.622359,0.0,5e-06
MEXICO,MEXICO,2022-03-27,poisson,7,0.75,hostvector_tempmort,alt,1.0,0.3,1.415677,2.134738,1.144107,-19.234598,12.825524,0.0,0.0
NICARAGUA,RIVAS,2010-03-14,nb,3,1.0,hostvector,central,1.0,0.3,0.162656,1.530685,2.489096,0.346546,0.110846,0.178681,0.090649
NICARAGUA,RIVAS,2010-03-14,nb,3,1.0,hostvector,alt,1.0,0.3,0.162656,2.36817,3.156838,0.428176,0.140872,0.168697,0.10888
NICARAGUA,RIVAS,2010-03-14,nb,3,1.0,seir,central,1.0,0.3,0.162656,1.284033,2.37072,0.336739,0.10667,0.352656,0.169031
NICARAGUA,RIVAS,2010-03-14,nb,3,1.0,seir,alt,1.0,0.3,0.162656,1.695653,2.617726,0.360226,0.121983,0.481663,0.254832
NICARAGUA,RIVAS,2010-03-14,nb,3,1.0,hostvector_tempmort,central,1.0,0.3,0.162656,1.994085,2.388831,0.334695,0.108821,0.206223,0.099868
NICARAGUA,RIVAS,2010-03-14,nb,3,1.0,hostvector_tempmort,alt,1.0,0.3,0.162656,2.817041,3.004262,0.41379,0.138027,0.194174,0.118485
NICARAGUA,RIVAS,2010-03-14,nb,3,0.75,hostvector,central,1.0,0.3,0.162656,4.672743,5.255237,0.552899,0.285033,0.343649,0.368444
NICARAGUA,RIVAS,2010-03-14,nb,3,0.75,hostvector,alt,1.0,0.3,0.162656,4.854709,5.978564,0.604343,0.315738,0.283739,0.346137
NICARAGUA,RIVAS,2010-03-14,nb,3,0.75,seir,central,1.0,0.3,0.162656,5.840991,5.941894,0.621218,0.339997,0.908462,1.104784
NICARAGUA,RIVAS,2010-03-14,nb,3,0.75,seir,alt,1.0,0.3,0.162656,5.732782,5.978082,0.613493,0.343644,1.114518,1.363943
NICARAGUA,RIVAS,2010-03-14,nb,3,0.75,hostvector_tempmort,central,1.0,0.3,0.162656,5.16895,5.046559,0.542078,0.278307,0.399012,0.409964
NICARAGUA,RIVAS,2010-03-14,nb,3,0.75,hostvector_tempmort,alt,1.0,0.3,0.162656,5.364418,5.693203,0.59088,0.307473,0.330621,0.382853
NICARAGUA,RIVAS,2010-03-14,nb,5,1.0,hostvector,central,1.0,0.3,0.162656,0.821317,2.185843,0.308163,0.094981,0.166303,0.077421
NICARAGUA,RIVAS,2010-03-14,nb,5,1.0,hostvector,alt,1.0,0.3,0.162656,1.08385,2.6907,0.354983,0.115201,0.141126,0.081125
NICARAGUA,RIVAS,2010-03-14,nb,5,1.0,seir,central,1.0,0.3,0.162656,1.082087,2.16687,0.335774,0.099795,0.366593,0.168283
NICARAGUA,RIVAS,2010-03-14,nb,5,1.0,seir,alt,1.0,0.3,0.162656,1.340402,2.309582,0.352215,0.109546,0.486735,0.238381
NICARAGUA,RIVAS,2010-03-14,nb,5,1.0,hostvector_tempmort,central,1.0,0.3,0.162656,1.286074,2.078342,0.299169,0.093022,0.191401,0.084367
NICARAGUA,RIVAS,2010-03-14,nb,5,1.0,hostvector_tempmort,alt,1.0,0.3,0.162656,1.53959,2.529028,0.344643,0.112314,0.162046,0.087089
NICARAGUA,RIVAS,2010-03-14,nb,5,0.75,hostvector,central,1.0,0.3,0.162656,0.475931,3.592376,0.308707,0.187929,0.156192,0.121572
NICARAGUA,RIVAS,2010-03-14,nb,5,0.75,hostvector,alt,1.0,0.3,0.162656,0.351578,4.18985,0.34196,0.211037,0.122242,0.110961
NICARAGUA,RIVAS,2010-03-14,nb,5,0.75,seir,central,1.0,0.3,0.162656,1.435564,3.703071,0.368591,0.209255,0.399909,0.322099
NICARAGUA,RIVAS,2010-03-14,nb,5,0.75,seir,alt,1.0,0.3,0.162656,1.456349,3.688541,0.369687,0.210631,0.503689,0.404292
NICARAGUA,RIVAS,2010-03-14,nb,5,0.75,hostvector_tempmort,central,1.0,0.3,0.162656,1.05414,3.379895,0.303527,0.181853,0.184159,0.134593
NICARAGUA,RIVAS,2010-03-14,nb,5,0.75,hostvector_tempmort,alt,1.0,0.3,0.162656,0.932338,3.893538,0.334245,0.203485,0.144182,0.121244
NICARAGUA,RIVAS,2010-03-14,nb,7,1.0,hostvector,central,1.0,0.3,0.162656,0.132147,1.874446,0.290576,0.08158,0.151349,0.062406
NICARAGUA,RIVAS,2010-03-14,nb,7,1.0,hostvector,alt,1.0,0.3,0.162656,0.030946,2.278654,0.318766,0.095959,0.119324,0.059986
NICARAGUA,RIVAS,2010-03-14,nb,7,1.0,seir,central,1.0,0.3,0.162656,0.494553,1.846713,0.334088,0.087112,0.345118,0.139863
NICARAGUA,RIVAS,2010-03-14,nb,7,1.0,seir,alt,1.0,0.3,0.162656,0.547457,1.898253,0.341289,0.091565,0.439173,0.183158
NICARAGUA,RIVAS,2010-03-14,nb,7,1.0,hostvector_tempmort,central,1.0,0.3,0.162656,0.604441,1.766494,0.282907,0.079681,0.174195,0.067453
NICARAGUA,RIVAS,2010-03-14,nb,7,1.0,hostvector_tempmort,alt,1.0,0.3,0.162656,0.511387,2.117816,0.310599,0.093268,0.137505,0.063947
NICARAGUA,RIVAS,2010-03-14,nb,7,0.75,hostvector,central,1.0,0.3,0.162656,0.0,0.510252,0.305818,0.058047,0.149686,0.015038
NICARAGUA,RIVAS,2010-03-14,nb,7,0.75,hostvector,alt,1.0,0.3,0.162656,0.0,1.699786,0.343786,0.110684,0.121158,0.047326
NICARAGUA,RIVAS,2010-03-14,nb,7,0.75,seir,central,1.0,0.3,0.162656,0.271384,2.553284,0.342385,0.150641,0.334372,0.194079
NICARAGUA,RIVAS,2010-03-14,nb,7,0.75,seir,alt,1.0,0.3,0.162656,0.258871,2.55201,0.343533,0.153984,0.418695,0.243527
NICARAGUA,RIVAS,2010-03-14,nb,7,0.75,hostvector_tempmort,central,1.0,0.3,0.162656,0.208305,2.34534,0.28358,0.127705,0.162292,0.085481
NICARAGUA,RIVAS,2010-03-14,nb,7,0.75,hostvector_tempmort,alt,1.0,0.3,0.162656,2e-05,2.730875,0.310351,0.143623,0.12529,0.0767
NICARAGUA,RIVAS,2010-03-14,poisson,3,1.0,hostvector,central,1.0,0.3,0.162656,0.0,5.548554,0.34078,0.233141,0.131147,0.151706
NICARAGUA,RIVAS,2010-03-14,poisson,3,1.0,hostvector,alt,1.0,0.3,0.162656,0.0,,0.386515,,0.10408,
NICARAGUA,RIVAS,2010-03-14,poisson,3,1.0,seir,central,1.0,0.3,0.162656,0.0,5.796911,0.363726,0.256463,0.272871,0.326407
NICARAGUA,RIVAS,2010-03-14,poisson,3,1.0,seir,alt,1.0,0.3,0.162656,0.0,4.499802,0.372717,0.210483,0.341621,0.316788
NICARAGUA,RIVAS,2010-03-14,poisson,3,1.0,hostvector_tempmort,central,1.0,0.3,0.162656,0.0,5.258335,0.309973,0.224755,0.137727,0.150207
NICARAGUA,RIVAS,2010-03-14,poisson,3,1.0,hostvector_tempmort,alt,1.0,0.3,0.162656,0.0,6.422899,0.354237,0.264209,0.109322,0.146315
NICARAGUA,RIVAS,2010-03-14,poisson,3,0.75,hostvector,central,1.0,0.3,0.162656,1e-06,8.339295,0.481827,0.373197,0.126627,0.21815
NICARAGUA,RIVAS,2010-03-14,poisson,3,0.75,hostvector,alt,1.0,0.3,0.162656,0.0,9.80676,0.570432,0.408354,0.098228,0.200891
NICARAGUA,RIVAS,2010-03-14,poisson,3,0.75,seir,central,1.0,0.3,0.162656,0.0001,9.200032,0.459126,0.446665,0.269996,0.509251
NICARAGUA,RIVAS,2010-03-14,poisson,3,0.75,seir,alt,1.0,0.3,0.162656,0.0,9.455519,0.451069,0.458233,0.339324,0.657479
NICARAGUA,RIVAS,2010-03-14,poisson,3,0.75,hostvector_tempmort,central,1.0,0.3,0.162656,0.242331,8.072552,0.440505,0.372039,0.141381,0.234578
NICARAGUA,RIVAS,2010-03-14,poisson,3,0.75,hostvector_tempmort,alt,1.0,0.3,0.162656,0.0,9.401935,0.503382,0.411692,0.105265,0.204757
NICARAGUA,RIVAS,2010-03-14,poisson,5,1.0,hostvector,central,1.0,0.3,0.162656,3.116587,5.024912,0.466095,0.211409,0.27173,0.292996
NICARAGUA,RIVAS,2010-03-14,poisson,5,1.0,hostvector,alt,1.0,0.3,0.162656,3.147664,5.917632,0.501039,0.242397,0.219438,0.279228
NICARAGUA,RIVAS,2010-03-14,poisson,5,1.0,seir,central,1.0,0.3,0.162656,4.342201,5.228556,0.564097,0.234592,0.73573,0.822472
NICARAGUA,RIVAS,2010-03-14,poisson,5,1.0,seir,alt,1.0,0.3,0.162656,4.483753,5.27858,0.575165,0.2389,0.950911,1.072139
NICARAGUA,RIVAS,2010-03-14,poisson,5,1.0,hostvector_tempmort,central,1.0,0.3,0.162656,3.485513,4.785444,0.454733,0.2061,0.306273,0.313295
NICARAGUA,RIVAS,2010-03-14,poisson,5,1.0,hostvector_tempmort,alt,1.0,0.3,0.162656,3.502438,5.584158,0.488283,0.235545,0.246412,0.29444
NICARAGUA,RIVAS,2010-03-14,poisson,5,0.75,hostvector,central,1.0,0.3,0.162656,4.105317,6.467726,0.575911,0.283529,0.334866,0.462243
NICARAGUA,RIVAS,2010-03-14,poisson,5,0.75,hostvector,alt,1.0,0.3,0.162656,3.818535,7.737273,0.61462,0.325752,0.251474,0.416358
NICARAGUA,RIVAS,2010-03-14,poisson,5,0.75,seir,central,1.0,0.3,0.162656,5.241472,6.454354,0.651114,0.300073,0.895725,1.232806
NICARAGUA,RIVAS,2010-03-14,poisson,5,0.75,seir,alt,1.0,0.3,0.162656,5.037141,6.458053,0.640735,0.300996,1.075771,1.480869
NICARAGUA,RIVAS,2010-03-14,poisson,5,0.75,hostvector_tempmort,central,1.0,0.3,0.162656,4.533422,6.123786,0.562123,0.275293,0.382971,0.498756
NICARAGUA,RIVAS,2010-03-14,poisson,5,0.75,hostvector_tempmort,alt,1.0,0.3,0.162656,4.350577,7.217121,0.600816,0.315334,0.2944,0.452278
NICARAGUA,RIVAS,2010-03-14,poisson,7,1.0,hostvector,central,1.0,0.3,0.162656,3.057087,3.378342,0.452469,0.133744,0.292044,0.219352
NICARAGUA,RIVAS,2010-03-14,poisson,7,1.0,hostvector,alt,1.0,0.3,0.162656,2.994532,4.022406,0.478672,0.156166,0.232519,0.207842
NICARAGUA,RIVAS,2010-03-14,poisson,7,1.0,seir,central,1.0,0.3,0.162656,3.382867,3.440041,0.521964,0.144975,0.662603,0.507492
NICARAGUA,RIVAS,2010-03-14,poisson,7,1.0,seir,alt,1.0,0.3,0.162656,3.153128,3.489925,0.519347,0.149035,0.791163,0.614254
NICARAGUA,RIVAS,2010-03-14,poisson,7,1.0,hostvector_tempmort,central,1.0,0.3,0.162656,3.360604,3.19801,0.441478,0.129968,0.323355,0.229208
NICARAGUA,RIVAS,2010-03-14,poisson,7,1.0,hostvector_tempmort,alt,1.0,0.3,0.162656,3.267451,3.777307,0.466436,0.15115,0.255397,0.213613
NICARAGUA,RIVAS,2010-03-14,poisson,7,0.75,hostvector,central,1.0,0.3,0.162656,4.374958,3.872846,0.586288,0.164602,0.395598,0.338946
NICARAGUA,RIVAS,2010-03-14,poisson,7,0.75,hostvector,alt,1.0,0.3,0.162656,4.595317,4.644742,0.643832,0.196166,0.334431,0.342668
NICARAGUA,RIVAS,2010-03-14,poisson,7,0.75,seir,central,1.0,0.3,0.162656,4.956468,4.038004,0.665214,0.185088,0.959141,0.862104
NICARAGUA,RIVAS,2010-03-14,poisson,7,0.75,seir,alt,1.0,0.3,0.162656,4.742061,4.142506,0.662793,0.194256,1.149455,1.059636
NICARAGUA,RIVAS,2010-03-14,poisson,7,0.75,hostvector_tempmort,central,1.0,0.3,0.162656,4.691085,3.665392,0.572585,0.159941,0.439664,0.355664
NICARAGUA,RIVAS,2010-03-14,poisson,7,0.75,hostvector_tempmort,alt,1.0,0.3,0.162656,4.899001,4.354073,0.62764,0.189606,0.370492,0.354837
NICARAGUA,JINOTEGA,2010-03-21,nb,3,1.0,hostvector,central,1.0,0.3,0.238689,3.620808,1.62207,0.760885,0.248339,1.039091,0.943163
NICARAGUA,JINOTEGA,2010-03-21,nb,3,1.0,hostvector,alt,1.0,0.3,0.238689,4.303293,1.956366,0.894801,0.299698,1.21991,1.331877
NICARAGUA,JINOTEGA,2010-03-21,nb,3,1.0,seir,central,1.0,0.3,0.238689,3.93833,1.760794,0.814946,0.274723,2.564369,2.528053
NICARAGUA,JINOTEGA,2010-03-21,nb,3,1.0,seir,alt,1.0,0.3,0.238689,4.190819,1.90701,0.8595,0.299624,3.705282,3.9522
NICARAGUA,JINOTEGA,2010-03-21,nb,3,1.0,hostvector_tempmort,central,1.0,0.3,0.238689,3.531552,1.619553,0.744411,0.248088,0.993742,0.900804
NICARAGUA,JINOTEGA,2010-03-21,nb,3,1.0,hostvector_tempmort,alt,1.0,0.3,0.238689,4.218954,1.955671,0.878909,0.299775,1.169965,1.277144
NICARAGUA,JINOTEGA,2010-03-21,nb,3,0.75,hostvector,central,1.0,0.3,0.238689,2.522268,1.951048,0.591508,0.299831,0.561352,0.61617
NICARAGUA,JINOTEGA,2010-03-21,nb,3,0.75,hostvector,alt,1.0,0.3,0.238689,2.894057,2.277387,0.676065,0.348301,0.554408,0.709134
NICARAGUA,JINOTEGA,2010-03-21,nb,3,0.75,seir,central,1.0,0.3,0.238689,3.07304,2.111589,0.679784,0.332096,1.579457,1.875476
NICARAGUA,JINOTEGA,2010-03-21,nb,3,0.75,seir,alt,1.0,0.3,0.238689,3.260018,2.18553,0.711114,0.345273,2.197614,2.697787
NICARAGUA,JINOTEGA,2010-03-21,nb,3,0.75,hostvector_tempmort,central,1.0,0.3,0.238689,2.541709,1.938152,0.592203,0.298083,0.570692,0.622159
NICARAGUA,JINOTEGA,2010-03-21,nb,3,0.75,hostvector_tempmort,alt,1.0,0.3,0.238689,2.91552,2.264335,0.676793,0.346672,0.564173,0.717318
NICARAGUA,JINOTEGA,2010-03-21,nb,5,1.0,hostvector,central,1.0,0.3,0.238689,1.27829,0.831966,0.333432,0.100696,0.307277,0.152061
NICARAGUA,JINOTEGA,2010-03-21,nb,5,1.0,hostvector,alt,1.0,0.3,0.238689,1.444412,1.001645,0.376325,0.12007,0.274464,0.163642
NICARAGUA,JINOTEGA,2010-03-21,nb,5,1.0,seir,central,1.0,0.3,0.238689,1.373336,0.83021,0.355321,0.105667,0.67162,0.331476
NICARAGUA,JINOTEGA,2010-03-21,nb,5,1.0,seir,alt,1.0,0.3,0.238689,1.354492,0.849174,0.356587,0.109193,0.833675,0.421115
NICARAGUA,JINOTEGA,2010-03-21,nb,5,1.0,hostvector_tempmort,central,1.0,0.3,0.238689,1.20954,0.824226,0.322357,0.099896,0.296127,0.14518
NICARAGUA,JINOTEGA,2010-03-21,nb,5,1.0,hostvector_tempmort,alt,1.0,0.3,0.238689,1.37405,0.992713,0.365001,0.119184,0.264226,0.156137
NICARAGUA,JINOTEGA,2010-03-21,nb,5,0.75,hostvector,central,1.0,0.3,0.238689,0.017572,1.026372,0.171532,0.126188,0.14302,0.088308
NICARAGUA,JINOTEGA,2010-03-21,nb,5,0.75,hostvector,alt,1.0,0.3,0.238689,0.0,1.233389,0.190142,0.148207,0.114285,0.084857
NICARAGUA,JINOTEGA,2010-03-21,nb,5,0.75,seir,central,1.0,0.3,0.238689,0.21778,1.027524,0.199773,0.135748,0.332609,0.205713
NICARAGUA,JINOTEGA,2010-03-21,nb,5,0.75,seir,alt,1.0,0.3,0.238689,0.209458,1.037058,0.199662,0.138786,0.415,0.259221
NICARAGUA,JINOTEGA,2010-03-21,nb,5,0.75,hostvector_tempmort,central,1.0,0.3,0.238689,0.028914,1.016934,0.171051,0.125294,0.144717,0.088503
NICARAGUA,JINOTEGA,2010-03-21,nb,5,0.75,hostvector_tempmort,alt,1.0,0.3,0.238689,0.0,1.205571,0.188319,0.145578,0.114829,0.083322
NICARAGUA,JINOTEGA,2010-03-21,nb,7,1.0,hostvector,central,1.0,0.3,0.238689,0.481715,0.621429,0.22203,0.06637,0.201463,0.076972
NICARAGUA,JINOTEGA,2010-03-21,nb,7,1.0,hostvector,alt,1.0,0.3,0.238689,0.481906,0.748298,0.243337,0.078159,0.163727,0.075477
NICARAGUA,JINOTEGA,2010-03-21,nb,7,1.0,seir,central,1.0,0.3,0.238689,0.568332,0.606033,0.244991,0.070246,0.441792,0.164661
NICARAGUA,JINOTEGA,2010-03-21,nb,7,1.0,seir,alt,1.0,0.3,0.238689,0.55093,0.61139,0.247971,0.072028,0.549253,0.206854
NICARAGUA,JINOTEGA,2010-03-21,nb,7,1.0,hostvector_tempmort,central,1.0,0.3,0.238689,0.431317,0.612713,0.21384,0.065616,0.195899,0.073793
NICARAGUA,JINOTEGA,2010-03-21,nb,7,1.0,hostvector_tempmort,alt,1.0,0.3,0.238689,0.438164,0.737256,0.235793,0.077264,0.159848,0.072596
NICARAGUA,JINOTEGA,2010-03-21,nb,7,0.75,hostvector,central,1.0,0.3,0.238689,0.0,0.714383,0.155073,0.082562,0.147025,0.065719
NICARAGUA,JINOTEGA,2010-03-21,nb,7,0.75,hostvector,alt,1.0,0.3,0.238689,0.0,0.846695,0.171621,0.094431,0.119191,0.063122
NICARAGUA,JINOTEGA,2010-03-21,nb,7,0.75,seir,central,1.0,0.3,0.238689,0.0,0.730219,0.167328,0.093198,0.304961,0.14018
NICARAGUA,JINOTEGA,2010-03-21,nb,7,0.75,seir,alt,1.0,0.3,0.238689,0.0,,0.169847,,0.382873,
NICARAGUA,JINOTEGA,2010-03-21,nb,7,0.75,hostvector_tempmort,central,1.0,0.3,0.238689,0.0,0.150315,0.153768,0.053187,0.147712,0.014868
NICARAGUA,JINOTEGA,2010-03-21,nb,7,0.75,hostvector_tempmort,alt,1.0,0.3,0.238689,0.0,0.838624,0.170371,0.094133,0.119719,0.062821
NICARAGUA,JINOTEGA,2010-03-21,poisson,3,1.0,hostvector,central,1.0,0.3,0.238689,1.73538,1.822387,0.456094,0.27096,0.363564,0.375322
NICARAGUA,JINOTEGA,2010-03-21,poisson,3,1.0,hostvector,alt,1.0,0.3,0.238689,2.09435,2.18479,0.535652,0.324127,0.357531,0.442064
NICARAGUA,JINOTEGA,2010-03-21,poisson,3,1.0,seir,central,1.0,0.3,0.238689,1.893487,1.933161,0.485208,0.294752,0.818407,0.894535
NICARAGUA,JINOTEGA,2010-03-21,poisson,3,1.0,seir,alt,1.0,0.3,0.238689,2.039842,2.079594,0.510441,0.319334,1.113772,1.308147
NICARAGUA,JINOTEGA,2010-03-21,poisson,3,1.0,hostvector_tempmort,central,1.0,0.3,0.238689,1.64615,1.817468,0.441325,0.270193,0.347494,0.35779
NICARAGUA,JINOTEGA,2010-03-21,poisson,3,1.0,hostvector_tempmort,alt,1.0,0.3,0.238689,2.003311,2.182577,0.520325,0.323806,0.34135,0.421659
NICARAGUA,JINOTEGA,2010-03-21,poisson,3,0.75,hostvector,central,1.0,0.3,0.238689,0.676284,2.451019,0.299243,0.363017,0.199349,0.278072
NICARAGUA,JINOTEGA,2010-03-21,poisson,3,0.75,hostvector,alt,1.0,0.3,0.238689,0.792304,2.866679,0.342633,0.421615,0.170946,0.278923
NICARAGUA,JINOTEGA,2010-03-21,poisson,3,0.75,seir,central,1.0,0.3,0.238689,0.900081,2.623272,0.33446,0.400181,0.466013,0.694148
NICARAGUA,JINOTEGA,2010-03-21,poisson,3,0.75,seir,alt,1.0,0.3,0.238689,1.027922,2.717797,0.355093,0.417268,0.627625,0.967549
NICARAGUA,JINOTEGA,2010-03-21,poisson,3,0.75,hostvector_tempmort,central,1.0,0.3,0.238689,0.670192,2.433863,0.297092,0.360689,0.199752,0.276625
NICARAGUA,JINOTEGA,2010-03-21,poisson,3,0.75,hostvector_tempmort,alt,1.0,0.3,0.238689,0.791096,2.848664,0.340902,0.419386,0.171731,0.278366
NICARAGUA,JINOTEGA,2010-03-21,poisson,5,1.0,hostvector,central,1.0,0.3,0.238689,0.788217,1.054152,0.244717,0.118565,0.229307,0.145525
NICARAGUA,JINOTEGA,2010-03-21,poisson,5,1.0,hostvector,alt,1.0,0.3,0.238689,0.866659,1.273623,0.272029,0.141013,0.194499,0.149261
NICARAGUA,JINOTEGA,2010-03-21,poisson,5,1.0,seir,central,1.0,0.3,0.238689,0.89685,1.05573,0.269629,0.125747,0.504228,0.319976
NICARAGUA,JINOTEGA,2010-03-21,poisson,5,1.0,seir,alt,1.0,0.3,0.238689,0.920323,1.087877,0.275228,0.130673,0.641301,0.419435
NICARAGUA,JINOTEGA,2010-03-21,poisson,5,1.0,hostvector_tempmort,central,1.0,0.3,0.238689,0.7154,1.049067,0.235451,0.118003,0.220475,0.139211
NICARAGUA,JINOTEGA,2010-03-21,poisson,5,1.0,hostvector_tempmort,alt,1.0,0.3,0.238689,0.798558,1.267379,0.2631,0.140396,0.18749,0.14315
NICARAGUA,JINOTEGA,2010-03-21,poisson,5,0.75,hostvector,central,1.0,0.3,0.238689,0.0,1.416289,0.15469,0.157599,0.141924,0.121552
NICARAGUA,JINOTEGA,2010-03-21,poisson,5,0.75,hostvector,alt,1.0,0.3,0.238689,0.0,1.690624,0.171452,0.18443,0.114746,0.117425
NICARAGUA,JINOTEGA,2010-03-21,poisson,5,0.75,seir,central,1.0,0.3,0.238689,0.040698,1.423391,0.169198,0.169378,0.299609,0.257569
NICARAGUA,JINOTEGA,2010-03-21,poisson,5,0.75,seir,alt,1.0,0.3,0.238689,0.075041,1.451109,0.174294,0.174867,0.383473,0.336128
NICARAGUA,JINOTEGA,2010-03-21,poisson,5,0.75,hostvector_tempmort,central,1.0,0.3,0.238689,0.0,1.4038,0.153851,0.156519,0.142656,0.12106
NICARAGUA,JINOTEGA,2010-03-21,poisson,5,0.75,hostvector_tempmort,alt,1.0,0.3,0.238689,0.0,1.623115,0.170592,0.177436,0.115299,0.113207
NICARAGUA,JINOTEGA,2010-03-21,poisson,7,1.0,hostvector,central,1.0,0.3,0.238689,0.368814,0.802206,0.180273,0.076097,0.186713,0.093359
NICARAGUA,JINOTEGA,2010-03-21,poisson,7,1.0,hostvector,alt,1.0,0.3,0.238689,0.372565,0.960607,0.196809,0.088907,0.151982,0.091084
NICARAGUA,JINOTEGA,2010-03-21,poisson,7,1.0,seir,central,1.0,0.3,0.238689,0.400399,0.787628,0.1984,0.081511,0.395157,0.194119
NICARAGUA,JINOTEGA,2010-03-21,poisson,7,1.0,seir,alt,1.0,0.3,0.238689,0.387473,0.795525,0.200552,0.083456,0.492198,0.244493
NICARAGUA,JINOTEGA,2010-03-21,poisson,7,1.0,hostvector_tempmort,central,1.0,0.3,0.238689,0.311416,0.796841,0.173898,0.075687,0.180873,0.089806
NICARAGUA,JINOTEGA,2010-03-21,poisson,7,1.0,hostvector_tempmort,alt,1.0,0.3,0.238689,0.323218,0.953057,0.191016,0.088382,0.14793,0.087938
NICARAGUA,JINOTEGA,2010-03-21,poisson,7,0.75,hostvector,central,1.0,0.3,0.238689,0.0,1.039324,0.142848,0.100393,0.147376,0.096103
NICARAGUA,JINOTEGA,2010-03-21,poisson,7,0.75,hostvector,alt,1.0,0.3,0.238689,0.0,1.217398,0.156628,0.114773,0.119551,0.09133
NICARAGUA,JINOTEGA,2010-03-21,poisson,7,0.75,seir,central,1.0,0.3,0.238689,0.0,0.329295,0.157515,0.062857,0.305651,0.06065
NICARAGUA,JINOTEGA,2010-03-21,poisson,7,0.75,seir,alt,1.0,0.3,0.238689,0.0,0.046089,0.159495,0.063972,0.383626,0.016644
NICARAGUA,JINOTEGA,2010-03-21,poisson,7,0.75,hostvector_tempmort,central,1.0,0.3,0.238689,0.0,0.561653,0.142324,0.070981,0.148115,0.051741
NICARAGUA,JINOTEGA,2010-03-21,poisson,7,0.75,hostvector_tempmort,alt,1.0,0.3,0.238689,0.0,1.205371,0.156118,0.1141,0.120108,0.090829
NICARAGUA,MATAGALPA,2009-05-03,nb,3,1.0,hostvector,central,1.0,0.3,0.209821,2.9e-05,1.93355,0.219054,0.059771,0.128411,0.144642
NICARAGUA,MATAGALPA,2009-05-03,nb,3,1.0,hostvector,alt,1.0,0.3,0.209821,0.315296,2.433309,0.250498,0.070361,0.124299,0.17683
NICARAGUA,MATAGALPA,2009-05-03,nb,3,1.0,seir,central,1.0,0.3,0.209821,2e-06,2.060534,0.194203,0.067897,0.271025,0.317621
NICARAGUA,MATAGALPA,2009-05-03,nb,3,1.0,seir,alt,1.0,0.3,0.209821,0.0,0.028177,0.189887,0.048659,0.341394,0.026826
NICARAGUA,MATAGALPA,2009-05-03,nb,3,1.0,hostvector_tempmort,central,1.0,0.3,0.209821,0.0,1.854872,0.218968,0.059037,0.128584,0.13902
NICARAGUA,MATAGALPA,2009-05-03,nb,3,1.0,hostvector_tempmort,alt,1.0,0.3,0.209821,0.220838,2.422935,0.24858,0.070168,0.117851,0.167045
NICARAGUA,MATAGALPA,2009-05-03,nb,3,0.75,hostvector,central,1.0,0.3,0.209821,0.0,2.130556,0.218195,0.06645,0.127501,0.158327
NICARAGUA,MATAGALPA,2009-05-03,nb,3,0.75,hostvector,alt,1.0,0.3,0.209821,0.0,,0.243485,,0.102754,
NICARAGUA,MATAGALPA,2009-05-03,nb,3,0.75,seir,central,1.0,0.3,0.209821,0.0,2.499488,0.193628,0.079906,0.269653,0.383599
NICARAGUA,MATAGALPA,2009-05-03,nb,3,0.75,seir,alt,1.0,0.3,0.209821,2e-06,2.587883,0.188839,0.081698,0.339981,0.499402
NICARAGUA,MATAGALPA,2009-05-03,nb,3,0.75,hostvector_tempmort,central,1.0,0.3,0.209821,0.0,0.063922,0.218186,0.061812,0.127692,0.012304
NICARAGUA,MATAGALPA,2009-05-03,nb,3,0.75,hostvector_tempmort,alt,1.0,0.3,0.209821,0.0,0.007907,0.243567,0.068217,0.10286,0.011479
NICARAGUA,MATAGALPA,2009-05-03,nb,5,1.0,hostvector,central,1.0,0.3,0.209821,1e-06,1.931466,0.118448,0.039276,0.150489,0.172623
NICARAGUA,MATAGALPA,2009-05-03,nb,5,1.0,hostvector,alt,1.0,0.3,0.209821,0.0,2.26392,0.138725,0.04448,0.122619,0.165114
NICARAGUA,MATAGALPA,2009-05-03,nb,5,1.0,seir,central,1.0,0.3,0.209821,0.0,1.991026,0.09612,0.042169,0.317041,0.371536
NICARAGUA,MATAGALPA,2009-05-03,nb,5,1.0,seir,alt,1.0,0.3,0.209821,1e-06,2.004699,0.095705,0.042836,0.398265,0.4689
NICARAGUA,MATAGALPA,2009-05-03,nb,5,1.0,hostvector_tempmort,central,1.0,0.3,0.209821,0.0,1.820418,0.117991,0.039259,0.150801,0.16304
NICARAGUA,MATAGALPA,2009-05-03,nb,5,1.0,hostvector_tempmort,alt,1.0,0.3,0.209821,2e-06,2.299131,0.138249,0.044697,0.12284,0.167978
NICARAGUA,MATAGALPA,2009-05-03,nb,5,0.75,hostvector,central,1.0,0.3,0.209821,0.0,2.352897,0.115716,0.046553,0.150329,0.209764
NICARAGUA,MATAGALPA,2009-05-03,nb,5,0.75,hostvector,alt,1.0,0.3,0.209821,1e-06,2.694861,0.135402,0.051537,0.122419,0.196219
NICARAGUA,MATAGALPA,2009-05-03,nb,5,0.75,seir,central,1.0,0.3,0.209821,0.0,0.069863,0.093561,0.042633,0.316947,0.024111
NICARAGUA,MATAGALPA,2009-05-03,nb,5,0.75,seir,alt,1.0,0.3,0.209821,0.0,,0.093021,,0.398207,
NICARAGUA,MATAGALPA,2009-05-03,nb,5,0.75,hostvector_tempmort,central,1.0,0.3,0.209821,0.0,2.207858,0.115357,0.046633,0.150645,0.196745
NICARAGUA,MATAGALPA,2009-05-03,nb,5,0.75,hostvector_tempmort,alt,1.0,0.3,0.209821,0.0,2.728965,0.135031,0.052011,0.122646,0.199053
NICARAGUA,MATAGALPA,2009-05-03,nb,7,1.0,hostvector,central,1.0,0.3,0.209821,0.0,0.250684,0.063271,0.030135,0.164387,0.025368
NICARAGUA,MATAGALPA,2009-05-03,nb,7,1.0,hostvector,alt,1.0,0.3,0.209821,0.0,2.122056,0.077235,0.03464,0.135155,0.171947
NICARAGUA,MATAGALPA,2009-05-03,nb,7,1.0,seir,central,1.0,0.3,0.209821,0.0,0.003129,0.05026,0.032564,0.345076,0.014495
NICARAGUA,MATAGALPA,2009-05-03,nb,7,1.0,seir,alt,1.0,0.3,0.209821,0.0,1.821038,0.0528,0.034004,0.43273,0.470517
NICARAGUA,MATAGALPA,2009-05-03,nb,7,1.0,hostvector_tempmort,central,1.0,0.3,0.209821,0.0,1.852393,0.06266,0.030751,0.16474,0.182976
NICARAGUA,MATAGALPA,2009-05-03,nb,7,1.0,hostvector_tempmort,alt,1.0,0.3,0.209821,0.0,0.003465,0.07665,0.036095,0.135407,0.005695
NICARAGUA,MATAGALPA,2009-05-03,nb,7,0.75,hostvector,central,1.0,0.3,0.209821,0.0,2.205476,0.059529,0.03596,0.164349,0.217328
NICARAGUA,MATAGALPA,2009-05-03,nb,7,0.75,hostvector,alt,1.0,0.3,0.209821,0.0,2.505069,0.072571,0.040507,0.135095,0.202874
NICARAGUA,MATAGALPA,2009-05-03,nb,7,0.75,seir,central,1.0,0.3,0.209821,0.0,0.028622,0.046414,0.042682,0.344973,0.020222
NICARAGUA,MATAGALPA,2009-05-03,nb,7,0.75,seir,alt,1.0,0.3,0.209821,0.0,2.192455,0.04879,0.040532,0.432564,0.566262
NICARAGUA,MATAGALPA,2009-05-03,nb,7,0.75,hostvector_tempmort,central,1.0,0.3,0.209821,0.0,2.050188,0.05904,0.035596,0.164703,0.202389
NICARAGUA,MATAGALPA,2009-05-03,nb,7,0.75,hostvector_tempmort,alt,1.0,0.3,0.209821,0.0,1.008763,0.072123,0.039257,0.13535,0.082478
NICARAGUA,MATAGALPA,2009-05-03,poisson,3,1.0,hostvector,central,1.0,0.3,0.209821,0.0,2.65887,0.126129,0.057637,0.152236,0.242216
NICARAGUA,MATAGALPA,2009-05-03,poisson,3,1.0,hostvector,alt,1.0,0.3,0.209821,0.0,2.544431,0.125368,0.058812,0.127924,0.196853
NICARAGUA,MATAGALPA,2009-05-03,poisson,3,1.0,seir,central,1.0,0.3,0.209821,3e-06,3.079513,0.185304,0.066712,0.278213,0.503857
NICARAGUA,MATAGALPA,2009-05-03,poisson,3,1.0,seir,alt,1.0,0.3,0.209821,1.2e-05,3.149097,0.188956,0.068051,0.345524,0.636901
NICARAGUA,MATAGALPA,2009-05-03,poisson,3,1.0,hostvector_tempmort,central,1.0,0.3,0.209821,1e-06,3.201567,0.126818,0.059305,0.152313,0.291807
NICARAGUA,MATAGALPA,2009-05-03,poisson,3,1.0,hostvector_tempmort,alt,1.0,0.3,0.209821,0.0,3.718319,0.126054,0.064501,0.127958,0.284823
NICARAGUA,MATAGALPA,2009-05-03,poisson,3,0.75,hostvector,central,1.0,0.3,0.209821,0.0,3.700837,0.130394,0.069359,0.150747,0.33422
NICARAGUA,MATAGALPA,2009-05-03,poisson,3,0.75,hostvector,alt,1.0,0.3,0.209821,0.0,0.90245,0.130161,0.069136,0.126557,0.06758
NICARAGUA,MATAGALPA,2009-05-03,poisson,3,0.75,seir,central,1.0,0.3,0.209821,1e-06,3.687989,0.186511,0.078616,0.277241,0.601593
NICARAGUA,MATAGALPA,2009-05-03,poisson,3,0.75,seir,alt,1.0,0.3,0.209821,1e-06,3.749923,0.189763,0.08019,0.34462,0.756689
NICARAGUA,MATAGALPA,2009-05-03,poisson,3,0.75,hostvector_tempmort,central,1.0,0.3,0.209821,0.0,0.068253,0.130928,0.065606,0.150877,0.018158
NICARAGUA,MATAGALPA,2009-05-03,poisson,3,0.75,hostvector_tempmort,alt,1.0,0.3,0.209821,0.0,0.023879,0.130696,0.069886,0.126633,0.016372
NICARAGUA,MATAGALPA,2009-05-03,poisson,5,1.0,hostvector,central,1.0,0.3,0.209821,0.0,2.989351,0.11731,0.035575,0.155425,0.281635
NICARAGUA,MATAGALPA,2009-05-03,poisson,5,1.0,hostvector,alt,1.0,0.3,0.209821,1e-06,3.384223,0.134093,0.039628,0.126476,0.259684
NICARAGUA,MATAGALPA,2009-05-03,poisson,5,1.0,seir,central,1.0,0.3,0.209821,0.0,0.039547,0.105936,0.0385,0.332501,0.025871
NICARAGUA,MATAGALPA,2009-05-03,poisson,5,1.0,seir,alt,1.0,0.3,0.209821,1e-06,3.160212,0.107093,0.042479,0.418672,0.796647
NICARAGUA,MATAGALPA,2009-05-03,poisson,5,1.0,hostvector_tempmort,central,1.0,0.3,0.209821,0.0,3.006023,0.117,0.035606,0.155824,0.283942
NICARAGUA,MATAGALPA,2009-05-03,poisson,5,1.0,hostvector_tempmort,alt,1.0,0.3,0.209821,0.0,2.659536,0.13375,0.039238,0.126769,0.20467
NICARAGUA,MATAGALPA,2009-05-03,poisson,5,0.75,hostvector,central,1.0,0.3,0.209821,0.0,0.010961,0.117158,0.040812,0.155399,0.011484
NICARAGUA,MATAGALPA,2009-05-03,poisson,5,0.75,hostvector,alt,1.0,0.3,0.209821,0.0,1.380098,0.133935,0.045466,0.126427,0.106125
NICARAGUA,MATAGALPA,2009-05-03,poisson,5,0.75,seir,central,1.0,0.3,0.209821,0.0,0.025558,0.105797,0.044552,0.332503,0.027859
NICARAGUA,MATAGALPA,2009-05-03,poisson,5,0.75,seir,alt,1.0,0.3,0.209821,1e-06,3.805932,0.106942,0.050216,0.418687,0.959427
NICARAGUA,MATAGALPA,2009-05-03,poisson,5,0.75,hostvector_tempmort,central,1.0,0.3,0.209821,0.0,0.040807,0.116856,0.041245,0.155799,0.011621
NICARAGUA,MATAGALPA,2009-05-03,poisson,5,0.75,hostvector_tempmort,alt,1.0,0.3,0.209821,0.0,4.042645,0.133597,0.046555,0.126723,0.310835
NICARAGUA,MATAGALPA,2009-05-03,poisson,7,1.0,hostvector,central,1.0,0.3,0.209821,0.0,0.09858,0.037344,0.037228,0.182695,0.015403
NICARAGUA,MATAGALPA,2009-05-03,poisson,7,1.0,hostvector,alt,1.0,0.3,0.209821,0.0,3.415466,0.043375,0.037712,0.150961,0.315102
NICARAGUA,MATAGALPA,2009-05-03,poisson,7,1.0,seir,central,1.0,0.3,0.209821,0.0,2.470303,0.032166,0.040527,0.391053,0.591205
NICARAGUA,MATAGALPA,2009-05-03,poisson,7,1.0,seir,alt,1.0,0.3,0.209821,0.0,3.298007,0.038244,0.042999,0.48979,0.987945
NICARAGUA,MATAGALPA,2009-05-03,poisson,7,1.0,hostvector_tempmort,central,1.0,0.3,0.209821,0.0,3.213105,0.037123,0.033867,0.183128,0.359926
NICARAGUA,MATAGALPA,2009-05-03,poisson,7,1.0,hostvector_tempmort,alt,1.0,0.3,0.209821,0.0,3.258949,0.043173,0.037586,0.151274,0.301838
NICARAGUA,MATAGALPA,2009-05-03,poisson,7,0.75,hostvector,central,1.0,0.3,0.209821,0.0,3.835136,0.036992,0.039805,0.182708,0.428545
NICARAGUA,MATAGALPA,2009-05-03,poisson,7,0.75,hostvector,alt,1.0,0.3,0.209821,0.0,2.692522,0.04287,0.046404,0.150969,0.24717
NICARAGUA,MATAGALPA,2009-05-03,poisson,7,0.75,seir,central,1.0,0.3,0.209821,0.0,0.013399,0.03182,0.046915,0.391081,0.026073
NICARAGUA,MATAGALPA,2009-05-03,poisson,7,0.75,seir,alt,1.0,0.3,0.209821,1e-06,4.37356,0.037874,0.051113,0.489824,1.310163
NICARAGUA,MATAGALPA,2009-05-03,poisson,7,0.75,hostvector_tempmort,central,1.0,0.3,0.209821,0.0,2.499143,0.036789,0.039845,0.183141,0.280321
NICARAGUA,MATAGALPA,2009-05-03,poisson,7,0.75,hostvector_tempmort,alt,1.0,0.3,0.209821,0.0,2.988477,0.042688,0.044428,0.151282,0.276677
NICARAGUA,CARAZO,2009-08-09,nb,3,1.0,hostvector,central,1.0,0.3,0.146392,4.587147,2.018261,0.476889,0.102735,0.328287,0.149626
NICARAGUA,CARAZO,2009-08-09,nb,3,1.0,hostvector,alt,1.0,0.3,0.146392,5.676035,2.391995,0.598445,0.121232,0.321548,0.174119
NICARAGUA,CARAZO,2009-08-09,nb,3,1.0,seir,central,1.0,0.3,0.146392,4.062663,2.250214,0.406714,0.111442,0.630501,0.319173
NICARAGUA,CARAZO,2009-08-09,nb,3,1.0,seir,alt,1.0,0.3,0.146392,3.957434,2.466009,0.405926,0.12016,0.772082,0.428193
NICARAGUA,CARAZO,2009-08-09,nb,3,1.0,hostvector_tempmort,central,1.0,0.3,0.146392,4.834376,1.999562,0.461716,0.100583,0.361794,0.163231
NICARAGUA,CARAZO,2009-08-09,nb,3,1.0,hostvector_tempmort,alt,1.0,0.3,0.146392,6.014249,2.369481,0.584808,0.118544,0.361731,0.193687
NICARAGUA,CARAZO,2009-08-09,nb,3,0.75,hostvector,central,1.0,0.3,0.146392,5.69139,2.500232,0.491913,0.120895,0.432216,0.245389
NICARAGUA,CARAZO,2009-08-09,nb,3,0.75,hostvector,alt,1.0,0.3,0.146392,6.849337,2.882652,0.610142,0.13989,0.432008,0.28292
NICARAGUA,CARAZO,2009-08-09,nb,3,0.75,seir,central,1.0,0.3,0.146392,5.304321,2.857763,0.43436,0.13455,0.849523,0.54882
NICARAGUA,CARAZO,2009-08-09,nb,3,0.75,seir,alt,1.0,0.3,0.146392,5.000883,3.087308,0.426656,0.144325,0.99355,0.692631
NICARAGUA,CARAZO,2009-08-09,nb,3,0.75,hostvector_tempmort,central,1.0,0.3,0.146392,5.78679,2.485884,0.475055,0.119426,0.458301,0.258353
NICARAGUA,CARAZO,2009-08-09,nb,3,0.75,hostvector_tempmort,alt,1.0,0.3,0.146392,6.946917,2.872212,0.592117,0.138513,0.45804,0.298331
NICARAGUA,CARAZO,2009-08-09,nb,5,1.0,hostvector,central,1.0,0.3,0.146392,1.750853,2.001715,0.40409,0.130121,0.21307,0.105507
NICARAGUA,CARAZO,2009-08-09,nb,5,1.0,hostvector,alt,1.0,0.3,0.146392,1.916616,2.164413,0.484528,0.145653,0.176672,0.094422
NICARAGUA,CARAZO,2009-08-09,nb,5,1.0,seir,central,1.0,0.3,0.146392,0.197054,2.213227,0.290879,0.153723,0.305894,0.168229
NICARAGUA,CARAZO,2009-08-09,nb,5,1.0,seir,alt,1.0,0.3,0.146392,0.0,0.115745,0.294926,0.093198,0.363605,0.026354
NICARAGUA,CARAZO,2009-08-09,nb,5,1.0,hostvector_tempmort,central,1.0,0.3,0.146392,1.81688,2.007352,0.380021,0.129801,0.222839,0.110594
NICARAGUA,CARAZO,2009-08-09,nb,5,1.0,hostvector_tempmort,alt,1.0,0.3,0.146392,1.98354,2.165209,0.46122,0.145283,0.184468,0.098528
NICARAGUA,CARAZO,2009-08-09,nb,5,0.75,hostvector,central,1.0,0.3,0.146392,1.856608,2.404977,0.390024,0.156432,0.220361,0.131128
NICARAGUA,CARAZO,2009-08-09,nb,5,0.75,hostvector,alt,1.0,0.3,0.146392,2.043391,2.591571,0.466078,0.174762,0.184008,0.117694
NICARAGUA,CARAZO,2009-08-09,nb,5,0.75,seir,central,1.0,0.3,0.146392,0.286178,2.657082,0.277629,0.184713,0.314792,0.207924
NICARAGUA,CARAZO,2009-08-09,nb,5,0.75,seir,alt,1.0,0.3,0.146392,0.0,2.623518,0.275269,0.185793,0.366146,0.239409
NICARAGUA,CARAZO,2009-08-09,nb,5,0.75,hostvector_tempmort,central,1.0,0.3,0.146392,1.902643,2.411919,0.368373,0.156108,0.229004,0.136589
NICARAGUA,CARAZO,2009-08-09,nb,5,0.75,hostvector_tempmort,alt,1.0,0.3,0.146392,2.073067,2.596204,0.445575,0.17461,0.190017,0.121655
NICARAGUA,CARAZO,2009-08-09,nb,7,1.0,hostvector,central,1.0,0.3,0.146392,0.0,1.496547,0.158122,0.164005,0.163568,0.069028
NICARAGUA,CARAZO,2009-08-09,nb,7,1.0,hostvector,alt,1.0,0.3,0.146392,0.0,1.241409,0.168498,0.184644,0.135177,0.04778
NICARAGUA,CARAZO,2009-08-09,nb,7,1.0,seir,central,1.0,0.3,0.146392,0.0,0.00948,0.10657,0.155706,0.343319,0.020445
NICARAGUA,CARAZO,2009-08-09,nb,7,1.0,seir,alt,1.0,0.3,0.146392,0.0,0.603588,0.083662,0.159244,0.432426,0.078554
NICARAGUA,CARAZO,2009-08-09,nb,7,1.0,hostvector_tempmort,central,1.0,0.3,0.146392,0.0,1.349635,0.13795,0.157276,0.165733,0.062935
NICARAGUA,CARAZO,2009-08-09,nb,7,1.0,hostvector_tempmort,alt,1.0,0.3,0.146392,0.0,0.209963,0.151014,0.179113,0.13664,0.012204
NICARAGUA,CARAZO,2009-08-09,nb,7,0.75,hostvector,central,1.0,0.3,0.146392,0.0,0.079829,0.113736,0.200433,0.16297,0.01158
NICARAGUA,CARAZO,2009-08-09,nb,7,0.75,hostvector,alt,1.0,0.3,0.146392,0.0,2.118042,0.123001,0.230612,0.134222,0.079515
NICARAGUA,CARAZO,2009-08-09,nb,7,0.75,seir,central,1.0,0.3,0.146392,0.0,,0.042654,,0.342102,
NICARAGUA,CARAZO,2009-08-09,nb,7,0.75,seir,alt,1.0,0.3,0.146392,0.0,1.710538,0.014427,0.200691,0.430245,0.210356
NICARAGUA,CARAZO,2009-08-09,nb,7,0.75,hostvector_tempmort,central,1.0,0.3,0.146392,0.0,0.519247,0.100148,0.192158,0.165295,0.02528
NICARAGUA,CARAZO,2009-08-09,nb,7,0.75,hostvector_tempmort,alt,1.0,0.3,0.146392,0.0,2.056244,0.111701,0.224267,0.135901,0.078336
NICARAGUA,CARAZO,2009-08-09,poisson,3,1.0,hostvector,central,1.0,0.3,0.146392,6.424134,2.43297,0.660059,0.123251,0.455917,0.283789
NICARAGUA,CARAZO,2009-08-09,poisson,3,1.0,hostvector,alt,1.0,0.3,0.146392,7.976468,2.818121,0.798932,0.140827,0.490603,0.351602
NICARAGUA,CARAZO,2009-08-09,poisson,3,1.0,seir,central,1.0,0.3,0.146392,5.718691,2.887466,0.661958,0.156458,0.791693,0.572303
NICARAGUA,CARAZO,2009-08-09,poisson,3,1.0,seir,alt,1.0,0.3,0.146392,6.723534,3.38711,0.781827,0.201029,1.173638,0.959717
NICARAGUA,CARAZO,2009-08-09,poisson,3,1.0,hostvector_tempmort,central,1.0,0.3,0.146392,6.438568,2.416024,0.64318,0.122221,0.47425,0.292094
NICARAGUA,CARAZO,2009-08-09,poisson,3,1.0,hostvector_tempmort,alt,1.0,0.3,0.146392,7.991847,2.794511,0.782363,0.139721,0.509814,0.360499
NICARAGUA,CARAZO,2009-08-09,poisson,3,0.75,hostvector,central,1.0,0.3,0.146392,6.424894,2.89295,0.658319,0.146688,0.456846,0.338268
NICARAGUA,CARAZO,2009-08-09,poisson,3,0.75,hostvector,alt,1.0,0.3,0.146392,7.978169,3.348377,0.795464,0.167534,0.492609,0.419629
NICARAGUA,CARAZO,2009-08-09,poisson,3,0.75,seir,central,1.0,0.3,0.146392,5.715401,3.434094,0.661365,0.186144,0.79142,0.680468
NICARAGUA,CARAZO,2009-08-09,poisson,3,0.75,seir,alt,1.0,0.3,0.146392,6.72071,4.029304,0.781493,0.239186,1.173097,1.141175
NICARAGUA,CARAZO,2009-08-09,poisson,3,0.75,hostvector_tempmort,central,1.0,0.3,0.146392,6.438007,2.873345,0.641996,0.145463,0.474762,0.347852
NICARAGUA,CARAZO,2009-08-09,poisson,3,0.75,hostvector_tempmort,alt,1.0,0.3,0.146392,7.990158,3.321779,0.780057,0.166256,0.510797,0.429455
NICARAGUA,CARAZO,2009-08-09,poisson,5,1.0,hostvector,central,1.0,0.3,0.146392,6.208794,2.822446,0.854142,0.213086,0.629789,0.48539
NICARAGUA,CARAZO,2009-08-09,poisson,5,1.0,hostvector,alt,1.0,0.3,0.146392,11.737032,8.633228,1.466079,0.732228,1.782384,3.958478
NICARAGUA,CARAZO,2009-08-09,poisson,5,1.0,seir,central,1.0,0.3,0.146392,9.915398,9.065122,1.442038,0.763627,2.991762,7.189357
NICARAGUA,CARAZO,2009-08-09,poisson,5,1.0,seir,alt,1.0,0.3,0.146392,12.988535,9.048432,1.79573,0.781083,7.573373,17.637358
NICARAGUA,CARAZO,2009-08-09,poisson,5,1.0,hostvector_tempmort,central,1.0,0.3,0.146392,6.275877,2.88447,0.845471,0.217527,0.654674,0.514413
NICARAGUA,CARAZO,2009-08-09,poisson,5,1.0,hostvector_tempmort,alt,1.0,0.3,0.146392,11.741086,8.555011,1.450129,0.722945,1.825535,4.011641
NICARAGUA,CARAZO,2009-08-09,poisson,5,0.75,hostvector,central,1.0,0.3,0.146392,6.207228,3.357288,0.853881,0.253504,0.629595,0.577188
NICARAGUA,CARAZO,2009-08-09,poisson,5,0.75,hostvector,alt,1.0,0.3,0.146392,11.735847,10.272986,1.465953,0.871301,1.78191,4.709115
NICARAGUA,CARAZO,2009-08-09,poisson,5,0.75,seir,central,1.0,0.3,0.146392,9.914876,10.783838,1.441996,0.908416,2.9914,8.551416
NICARAGUA,CARAZO,2009-08-09,poisson,5,0.75,seir,alt,1.0,0.3,0.146392,12.988536,,1.79573,,7.573376,
NICARAGUA,CARAZO,2009-08-09,poisson,5,0.75,hostvector_tempmort,central,1.0,0.3,0.146392,6.275218,3.431529,0.845314,0.258804,0.654604,0.611906
NICARAGUA,CARAZO,2009-08-09,poisson,5,0.75,hostvector_tempmort,alt,1.0,0.3,0.146392,11.74142,10.181391,1.450033,0.860362,1.825803,4.774997
NICARAGUA,CARAZO,2009-08-09,poisson,7,1.0,hostvector,central,1.0,0.3,0.146392,2.142392,28.863953,0.746076,2.794396,0.297661,2.511272
NICARAGUA,CARAZO,2009-08-09,poisson,7,1.0,hostvector,alt,1.0,0.3,0.146392,1.963461,29.460902,0.773729,2.79691,0.231365,1.994209
NICARAGUA,CARAZO,2009-08-09,poisson,7,1.0,seir,central,1.0,0.3,0.146392,1.579448,58.536394,0.982145,6.407191,0.540756,9.325615
NICARAGUA,CARAZO,2009-08-09,poisson,7,1.0,seir,alt,1.0,0.3,0.146392,0.928596,70.735584,1.009466,7.892285,0.561533,11.713731
NICARAGUA,CARAZO,2009-08-09,poisson,7,1.0,hostvector_tempmort,central,1.0,0.3,0.146392,2.220707,28.11258,0.739139,2.72677,0.308822,2.534654
NICARAGUA,CARAZO,2009-08-09,poisson,7,1.0,hostvector_tempmort,alt,1.0,0.3,0.146392,2.018947,28.940853,0.768432,2.752383,0.238088,2.013596
NICARAGUA,CARAZO,2009-08-09,poisson,7,0.75,hostvector,central,1.0,0.3,0.146392,2.142826,34.129544,0.745323,3.306919,0.297714,2.969941
NICARAGUA,CARAZO,2009-08-09,poisson,7,0.75,hostvector,alt,1.0,0.3,0.146392,1.963379,34.517894,0.771977,3.282506,0.231383,2.336695
NICARAGUA,CARAZO,2009-08-09,poisson,7,0.75,seir,central,1.0,0.3,0.146392,1.579391,69.5234,0.981876,7.611907,0.540754,11.07599
NICARAGUA,CARAZO,2009-08-09,poisson,7,0.75,seir,alt,1.0,0.3,0.146392,0.928088,83.93018,1.009118,9.367387,0.561453,13.896795
NICARAGUA,CARAZO,2009-08-09,poisson,7,0.75,hostvector_tempmort,central,1.0,0.3,0.146392,2.221076,33.316324,0.738641,3.233362,0.308865,3.004261
NICARAGUA,CARAZO,2009-08-09,poisson,7,0.75,hostvector_tempmort,alt,1.0,0.3,0.146392,2.018852,34.074607,0.767231,3.244493,0.238096,2.37087
MEXICO,MEXICO,2017-04-16,nb,3,1.0,hostvector,central,1.0,0.3,1.856067,1.705531,0.673855,0.595391,0.900227,7.173502,8.990723
MEXICO,MEXICO,2017-04-16,nb,3,1.0,hostvector,alt,1.0,0.3,1.856067,0.999663,1.839215,2.581405,0.739665,13.913286,44.521021
MEXICO,MEXICO,2017-04-16,nb,3,1.0,seir,central,1.0,0.3,1.856067,1.590106,1.731286,1.983783,0.807375,54.350763,121.616777
MEXICO,MEXICO,2017-04-16,nb,3,1.0,seir,alt,1.0,0.3,1.856067,3.345033,2.093471,2.744184,1.050475,1766.412638,5950.813929
MEXICO,MEXICO,2017-04-16,nb,3,1.0,hostvector_tempmort,central,1.0,0.3,1.856067,1.812955,0.932862,1.241484,0.618201,14.209941,19.188995
MEXICO,MEXICO,2017-04-16,nb,3,1.0,hostvector_tempmort,alt,1.0,0.3,1.856067,0.999891,1.621703,2.91513,0.619487,19.523706,54.705622
MEXICO,MEXICO,2017-04-16,nb,3,0.75,hostvector,central,1.0,0.3,1.856067,1.705396,0.792115,0.596585,1.059652,7.179164,10.58989
MEXICO,MEXICO,2017-04-16,nb,3,0.75,hostvector,alt,1.0,0.3,1.856067,1.696124,1.708492,2.852981,0.667181,45.709527,130.348667
MEXICO,MEXICO,2017-04-16,nb,3,0.75,seir,central,1.0,0.3,1.856067,1.590744,2.037525,1.98386,0.94972,54.405546,143.283768
MEXICO,MEXICO,2017-04-16,nb,3,0.75,seir,alt,1.0,0.3,1.856067,3.347239,2.46464,2.744752,1.236237,1772.582,7030.494896
MEXICO,MEXICO,2017-04-16,nb,3,0.75,hostvector_tempmort,central,1.0,0.3,1.856067,1.815672,1.098327,1.243241,0.727108,14.287277,22.708396
MEXICO,MEXICO,2017-04-16,nb,3,0.75,hostvector_tempmort,alt,1.0,0.3,1.856067,2.518004,0.793895,1.889108,2.403105,59.186798,154.587388
MEXICO,MEXICO,2017-04-16,nb,5,1.0,hostvector,central,1.0,0.3,1.856067,1.463783,0.940139,0.505286,0.723587,5.005496,5.894935
MEXICO,MEXICO,2017-04-16,nb,5,1.0,hostvector,alt,1.0,0.3,1.856067,1.690961,1.077913,0.11859,1.288235,4.18095,5.702919
MEXICO,MEXICO,2017-04-16,nb,5,1.0,seir,central,1.0,0.3,1.856067,1.686579,1.138201,1.602634,0.444368,49.704935,92.283814
MEXICO,MEXICO,2017-04-16,nb,5,1.0,seir,alt,1.0,0.3,1.856067,3.741986,1.852036,2.521547,0.857416,2700.611997,8574.299109
MEXICO,MEXICO,2017-04-16,nb,5,1.0,hostvector_tempmort,central,1.0,0.3,1.856067,1.008641,1.220053,1.174479,0.354121,4.885196,8.227731
MEXICO,MEXICO,2017-04-16,nb,5,1.0,hostvector_tempmort,alt,1.0,0.3,1.856067,1.685724,1.215741,1.535319,0.57598,15.84389,25.625909
MEXICO,MEXICO,2017-04-16,nb,5,0.75,hostvector,central,1.0,0.3,1.856067,1.461771,1.105219,0.505485,0.852115,4.992084,6.91181
MEXICO,MEXICO,2017-04-16,nb,5,0.75,hostvector,alt,1.0,0.3,1.856067,1.695296,1.273438,0.106988,1.513497,4.161391,6.693168
MEXICO,MEXICO,2017-04-16,nb,5,0.75,seir,central,1.0,0.3,1.856067,1.688001,1.339877,1.603104,0.522974,49.827205,108.896331
MEXICO,MEXICO,2017-04-16,nb,5,0.75,seir,alt,1.0,0.3,1.856067,3.745611,2.180273,2.522126,1.007675,2714.757277,10142.197938
MEXICO,MEXICO,2017-04-16,nb,5,0.75,hostvector_tempmort,central,1.0,0.3,1.856067,1.014346,1.437765,1.17415,0.415125,4.923662,9.779838
MEXICO,MEXICO,2017-04-16,nb,5,0.75,hostvector_tempmort,alt,1.0,0.3,1.856067,1.687062,1.430688,1.535717,0.677335,15.880092,30.229961
MEXICO,MEXICO,2017-04-16,nb,7,1.0,hostvector,central,1.0,0.3,1.856067,0.746957,0.19261,3.217629,0.325674,22.73065,13.260316
MEXICO,MEXICO,2017-04-16,nb,7,1.0,hostvector,alt,1.0,0.3,1.856067,1.427818,1.09889,0.92939,1.718091,6.192539,7.146854
MEXICO,MEXICO,2017-04-16,nb,7,1.0,seir,central,1.0,0.3,1.856067,2.143733,1.27205,2.341431,0.63341,184.11292,403.517965
MEXICO,MEXICO,2017-04-16,nb,7,1.0,seir,alt,1.0,0.3,1.856067,3.463704,1.745827,3.329838,1.102894,3547.240082,11284.95621
MEXICO,MEXICO,2017-04-16,nb,7,1.0,hostvector_tempmort,central,1.0,0.3,1.856067,0.031032,0.009145,2.858516,0.168952,6.116335,1.070837
MEXICO,MEXICO,2017-04-16,nb,7,1.0,hostvector_tempmort,alt,1.0,0.3,1.856067,1.258787,1.003055,1.875205,0.516888,11.892601,17.379848
MEXICO,MEXICO,2017-04-16,nb,7,0.75,hostvector,central,1.0,0.3,1.856067,1.14295,0.952888,1.086226,0.850293,5.599899,5.976776
MEXICO,MEXICO,2017-04-16,nb,7,0.75,hostvector,alt,1.0,0.3,1.856067,1.428436,1.293841,0.928608,2.021464,6.193488,8.411268
MEXICO,MEXICO,2017-04-16,nb,7,0.75,seir,central,1.0,0.3,1.856067,2.143336,1.496767,2.341446,0.745321,184.026112,474.59133
MEXICO,MEXICO,2017-04-16,nb,7,0.75,seir,alt,1.0,0.3,1.856067,3.467745,2.055602,3.332602,1.298455,3575.59408,13392.523919
MEXICO,MEXICO,2017-04-16,nb,7,0.75,hostvector_tempmort,central,1.0,0.3,1.856067,0.0,,3.025889,,6.638308,
MEXICO,MEXICO,2017-04-16,nb,7,0.75,hostvector_tempmort,alt,1.0,0.3,1.856067,0.564677,0.059523,3.474694,0.226465,19.573254,4.624063
MEXICO,MEXICO,2017-04-16,poisson,3,1.0,hostvector,central,1.0,0.3,1.856067,1.539661,0.518391,3.015157,0.212285,54.566062,46.501949
MEXICO,MEXICO,2017-04-16,poisson,3,1.0,hostvector,alt,1.0,0.3,1.856067,1.918526,0.840128,2.86405,0.34901,72.747051,99.887756
MEXICO,MEXICO,2017-04-16,poisson,3,1.0,seir,central,1.0,0.3,1.856067,1.945078,0.563747,6.321729,0.396527,4200.422396,3908.386872
MEXICO,MEXICO,2017-04-16,poisson,3,1.0,seir,alt,1.0,0.3,1.856067,5.211348,1.087551,-12.603857,5.810508,0.02481,0.124031
MEXICO,MEXICO,2017-04-16,poisson,3,1.0,hostvector_tempmort,central,1.0,0.3,1.856067,1.238754,0.479312,3.083834,0.194498,40.399061,31.647405
MEXICO,MEXICO,2017-04-16,poisson,3,1.0,hostvector_tempmort,alt,1.0,0.3,1.856067,1.864051,0.774186,3.183142,0.305532,91.278416,114.574491
MEXICO,MEXICO,2017-04-16,poisson,3,0.75,hostvector,central,1.0,0.3,1.856067,1.54085,0.606913,3.015637,0.248496,54.67298,54.546943
MEXICO,MEXICO,2017-04-16,poisson,3,0.75,hostvector,alt,1.0,0.3,1.856067,1.918477,0.98346,2.86403,0.408555,72.741209,116.920099
MEXICO,MEXICO,2017-04-16,poisson,3,0.75,seir,central,1.0,0.3,1.856067,3.952082,0.874218,-9.51144,3.862284,0.056147,0.222288
MEXICO,MEXICO,2017-04-16,poisson,3,0.75,seir,alt,1.0,0.3,1.856067,5.211649,1.2732,-12.603917,6.802112,0.024818,0.145245
MEXICO,MEXICO,2017-04-16,poisson,3,0.75,hostvector_tempmort,central,1.0,0.3,1.856067,1.233281,0.560619,3.081986,0.224169,40.047325,36.673559
MEXICO,MEXICO,2017-04-16,poisson,3,0.75,hostvector_tempmort,alt,1.0,0.3,1.856067,1.870133,0.908332,3.185533,0.358202,92.187488,135.736645
MEXICO,MEXICO,2017-04-16,poisson,5,1.0,hostvector,central,1.0,0.3,1.856067,1.227063,0.629592,1.081976,1.784137,7.898041,17.752938
MEXICO,MEXICO,2017-04-16,poisson,5,1.0,hostvector,alt,1.0,0.3,1.856067,2.355919,0.955995,3.476694,0.626967,297.903652,501.537153
MEXICO,MEXICO,2017-04-16,poisson,5,1.0,seir,central,1.0,0.3,1.856067,1.665601,0.666309,2.494225,1.5225,145.66159,271.7056
MEXICO,MEXICO,2017-04-16,poisson,5,1.0,seir,alt,1.0,0.3,1.856067,8.954694,3.45281,4.51009,2.129646,19681334.63377,123140055.358956
MEXICO,MEXICO,2017-04-16,poisson,5,1.0,hostvector_tempmort,central,1.0,0.3,1.856067,1.123449,0.599822,1.1191,1.759099,7.381723,16.174631
MEXICO,MEXICO,2017-04-16,poisson,5,1.0,hostvector_tempmort,alt,1.0,0.3,1.856067,2.309791,0.810468,3.663163,0.444142,343.513904,388.225639
MEXICO,MEXICO,2017-04-16,poisson,5,0.75,hostvector,central,1.0,0.3,1.856067,1.226851,0.737012,1.081087,2.088557,7.889303,20.758978
MEXICO,MEXICO,2017-04-16,poisson,5,0.75,hostvector,alt,1.0,0.3,1.856067,2.355679,1.119073,3.476581,0.735448,297.779078,587.055752
MEXICO,MEXICO,2017-04-16,poisson,5,0.75,seir,central,1.0,0.3,1.856067,1.665658,0.779982,2.494304,1.78201,145.683533,318.071549
MEXICO,MEXICO,2017-04-16,poisson,5,0.75,seir,alt,1.0,0.3,1.856067,8.954717,3.869923,4.510156,2.461465,19683197.76855,138383164.055959
MEXICO,MEXICO,2017-04-16,poisson,5,0.75,hostvector_tempmort,central,1.0,0.3,1.856067,1.122945,0.702217,1.117595,2.059412,7.366554,18.896975
MEXICO,MEXICO,2017-04-16,poisson,5,0.75,hostvector_tempmort,alt,1.0,0.3,1.856067,2.309855,0.948725,3.663159,0.519816,343.541719,454.424771
MEXICO,MEXICO,2017-04-16,poisson,7,1.0,hostvector,central,1.0,0.3,1.856067,2.670173,0.635276,-6.836244,2.489996,0.041927,0.0749
MEXICO,MEXICO,2017-04-16,poisson,7,1.0,hostvector,alt,1.0,0.3,1.856067,4.200961,0.92928,-11.462994,5.435257,0.004706,0.018928
MEXICO,MEXICO,2017-04-16,poisson,7,1.0,seir,central,1.0,0.3,1.856067,4.092016,0.722901,-10.649458,3.121071,0.02393,0.056052
MEXICO,MEXICO,2017-04-16,poisson,7,1.0,seir,alt,1.0,0.3,1.856067,5.708263,1.124441,-15.639421,6.024741,0.003189,0.013498
MEXICO,MEXICO,2017-04-16,poisson,7,1.0,hostvector_tempmort,central,1.0,0.3,1.856067,2.630479,0.601545,-6.813322,2.391147,0.041975,0.073224
MEXICO,MEXICO,2017-04-16,poisson,7,1.0,hostvector_tempmort,alt,1.0,0.3,1.856067,4.04144,0.895845,-10.968048,5.305198,0.006098,0.023881
MEXICO,MEXICO,2017-04-16,poisson,7,0.75,hostvector,central,1.0,0.3,1.856067,2.670156,0.743671,-6.837654,2.915058,0.041872,0.087574
MEXICO,MEXICO,2017-04-16,poisson,7,0.75,hostvector,alt,1.0,0.3,1.856067,4.200806,1.087814,-11.462408,6.362426,0.004708,0.022164
MEXICO,MEXICO,2017-04-16,poisson,7,0.75,seir,central,1.0,0.3,1.856067,4.091754,0.846248,-10.64847,3.653572,0.023943,0.065651
MEXICO,MEXICO,2017-04-16,poisson,7,0.75,seir,alt,1.0,0.3,1.856067,5.708276,1.316295,-15.639464,7.052686,0.003189,0.015801
MEXICO,MEXICO,2017-04-16,poisson,7,0.75,hostvector_tempmort,central,1.0,0.3,1.856067,2.630634,0.704184,-6.813052,2.799041,0.041994,0.085754
MEXICO,MEXICO,2017-04-16,poisson,7,0.75,hostvector_tempmort,alt,1.0,0.3,1.856067,4.041531,1.048689,-10.967872,6.210429,0.0061,0.027964
