country,unit,window_start,observation,rain_lag,train_frac,structure,params,true_a_temp,true_a_rain,a_temp_hat,a_temp_se,a_rain_hat,a_rain_se
BOLIVIA,LA PAZ,2020-09-13,nb,3,1.0,hostvector,central,1.0,0.3,0.949029,21009.367127,0.234616,0.027401
BOLIVIA,LA PAZ,2020-09-13,nb,3,1.0,hostvector,alt,1.0,0.3,1.041696,22557.937881,0.277156,0.031826
BOLIVIA,LA PAZ,2020-09-13,nb,3,1.0,seir,central,1.0,0.3,0.84805,31459.019847,0.221266,0.0284
BOLIVIA,LA PAZ,2020-09-13,nb,3,1.0,seir,alt,1.0,0.3,0.890943,,0.219185,0.027885
BOLIVIA,LA PAZ,2020-09-13,nb,3,1.0,hostvector_tempmort,central,1.0,0.3,0.92957,7667.755607,0.129587,0.016524
BOLIVIA,LA PAZ,2020-09-13,nb,3,1.0,hostvector_tempmort,alt,1.0,0.3,0.952031,6795.516644,0.135284,0.017379
BOLIVIA,LA PAZ,2020-09-13,nb,3,0.75,hostvector,central,1.0,0.3,0.987073,,0.281202,0.029145
BOLIVIA,LA PAZ,2020-09-13,nb,3,0.75,hostvector,alt,1.0,0.3,1.014132,87153.442599,0.317845,0.042589
BOLIVIA,LA PAZ,2020-09-13,nb,3,0.75,seir,central,1.0,0.3,0.944629,29959.824584,0.287541,0.034167
BOLIVIA,LA PAZ,2020-09-13,nb,3,0.75,seir,alt,1.0,0.3,0.595813,,0.284759,0.032875
BOLIVIA,LA PAZ,2020-09-13,nb,3,0.75,hostvector_tempmort,central,1.0,0.3,1.474673,313921.397424,0.166685,0.368497
BOLIVIA,LA PAZ,2020-09-13,nb,3,0.75,hostvector_tempmort,alt,1.0,0.3,0.959273,,0.177829,0.010817
BOLIVIA,LA PAZ,2020-09-13,nb,5,1.0,hostvector,central,1.0,0.3,1.057775,12873.741818,0.165781,0.027661
BOLIVIA,LA PAZ,2020-09-13,nb,5,1.0,hostvector,alt,1.0,0.3,0.836955,24447.744094,0.193392,0.03217
BOLIVIA,LA PAZ,2020-09-13,nb,5,1.0,seir,central,1.0,0.3,0.921243,23952.704502,0.157346,0.028287
BOLIVIA,LA PAZ,2020-09-13,nb,5,1.0,seir,alt,1.0,0.3,0.916616,,0.156909,0.02788
BOLIVIA,LA PAZ,2020-09-13,nb,5,1.0,hostvector_tempmort,central,1.0,0.3,0.917246,12452.252266,0.092412,0.016884
BOLIVIA,LA PAZ,2020-09-13,nb,5,1.0,hostvector_tempmort,alt,1.0,0.3,0.597327,9699.115734,0.096392,0.017568
BOLIVIA,LA PAZ,2020-09-13,nb,5,0.75,hostvector,central,1.0,0.3,0.990408,,0.227969,0.023501
BOLIVIA,LA PAZ,2020-09-13,nb,5,0.75,hostvector,alt,1.0,0.3,1.004645,,0.252931,0.037821
BOLIVIA,LA PAZ,2020-09-13,nb,5,0.75,seir,central,1.0,0.3,1.322887,28136.065722,0.238232,0.038814
BOLIVIA,LA PAZ,2020-09-13,nb,5,0.75,seir,alt,1.0,0.3,0.884789,47393.013564,0.23674,0.038816
BOLIVIA,LA PAZ,2020-09-13,nb,5,0.75,hostvector_tempmort,central,1.0,0.3,0.931341,22837.044881,0.141407,0.02589
BOLIVIA,LA PAZ,2020-09-13,nb,5,0.75,hostvector_tempmort,alt,1.0,0.3,1.428022,62012.620328,0.147744,0.063933
BOLIVIA,LA PAZ,2020-09-13,nb,7,1.0,hostvector,central,1.0,0.3,1.018548,22179.486686,0.116281,0.029173
BOLIVIA,LA PAZ,2020-09-13,nb,7,1.0,hostvector,alt,1.0,0.3,0.772899,25242.839611,0.133709,0.033164
BOLIVIA,LA PAZ,2020-09-13,nb,7,1.0,seir,central,1.0,0.3,0.931771,,0.111972,0.028694
BOLIVIA,LA PAZ,2020-09-13,nb,7,1.0,seir,alt,1.0,0.3,0.457446,39228.074386,0.112762,0.029057
BOLIVIA,LA PAZ,2020-09-13,nb,7,1.0,hostvector_tempmort,central,1.0,0.3,0.90619,,0.211632,
BOLIVIA,LA PAZ,2020-09-13,nb,7,1.0,hostvector_tempmort,alt,1.0,0.3,0.87957,10467.465538,0.069028,0.018452
BOLIVIA,LA PAZ,2020-09-13,nb,7,0.75,hostvector,central,1.0,0.3,0.79313,97670.949726,0.187142,0.044238
BOLIVIA,LA PAZ,2020-09-13,nb,7,0.75,hostvector,alt,1.0,0.3,0.987958,60556.586672,0.206109,0.047861
BOLIVIA,LA PAZ,2020-09-13,nb,7,0.75,seir,central,1.0,0.3,0.799684,,-0.584938,
BOLIVIA,LA PAZ,2020-09-13,nb,7,0.75,seir,alt,1.0,0.3,0.907088,50067.531217,0.20707,0.045758
BOLIVIA,LA PAZ,2020-09-13,nb,7,0.75,hostvector_tempmort,central,1.0,0.3,0.922574,25275.925098,0.120936,0.027706
BOLIVIA,LA PAZ,2020-09-13,nb,7,0.75,hostvector_tempmort,alt,1.0,0.3,0.928835,23086.343012,0.127947,0.029025
BOLIVIA,LA PAZ,2020-09-13,poisson,3,1.0,hostvector,central,1.0,0.3,1.158704,8205.518609,0.198612,0.047493
BOLIVIA,LA PAZ,2020-09-13,poisson,3,1.0,hostvector,alt,1.0,0.3,1.043573,11406.744194,0.245263,0.055755
BOLIVIA,LA PAZ,2020-09-13,poisson,3,1.0,seir,central,1.0,0.3,0.959762,9863.103433,0.177577,0.0448
BOLIVIA,LA PAZ,2020-09-13,poisson,3,1.0,seir,alt,1.0,0.3,0.546528,,0.178304,0.042547
BOLIVIA,LA PAZ,2020-09-13,poisson,3,1.0,hostvector_tempmort,central,1.0,0.3,0.92642,4862.835175,0.103665,0.027328
BOLIVIA,LA PAZ,2020-09-13,poisson,3,1.0,hostvector_tempmort,alt,1.0,0.3,0.90597,4576.104265,0.109603,0.028354
BOLIVIA,LA PAZ,2020-09-13,poisson,3,0.75,hostvector,central,1.0,0.3,1.005093,9094.794031,0.27434,0.048271
BOLIVIA,LA PAZ,2020-09-13,poisson,3,0.75,hostvector,alt,1.0,0.3,1.087316,11642.450777,0.310495,0.055078
BOLIVIA,LA PAZ,2020-09-13,poisson,3,0.75,seir,central,1.0,0.3,1.014189,27938.38616,0.280942,0.05393
BOLIVIA,LA PAZ,2020-09-13,poisson,3,0.75,seir,alt,1.0,0.3,0.635831,38117.507231,0.276635,0.050287
BOLIVIA,LA PAZ,2020-09-13,poisson,3,0.75,hostvector_tempmort,central,1.0,0.3,0.964193,4621.343892,0.165496,0.029722
BOLIVIA,LA PAZ,2020-09-13,poisson,3,0.75,hostvector_tempmort,alt,1.0,0.3,0.959089,4190.843198,0.172134,0.030774
BOLIVIA,LA PAZ,2020-09-13,poisson,5,1.0,hostvector,central,1.0,0.3,1.08836,9578.541318,0.114288,0.0374
BOLIVIA,LA PAZ,2020-09-13,poisson,5,1.0,hostvector,alt,1.0,0.3,1.018049,10510.245349,0.133,0.043221
BOLIVIA,LA PAZ,2020-09-13,poisson,5,1.0,seir,central,1.0,0.3,0.947585,62093.409572,0.100668,0.040865
BOLIVIA,LA PAZ,2020-09-13,poisson,5,1.0,seir,alt,1.0,0.3,0.932898,,0.096671,0.037501
BOLIVIA,LA PAZ,2020-09-13,poisson,5,1.0,hostvector_tempmort,central,1.0,0.3,0.937012,4989.565444,0.059026,0.022312
BOLIVIA,LA PAZ,2020-09-13,poisson,5,1.0,hostvector_tempmort,alt,1.0,0.3,0.985816,4347.3948,0.059028,0.023772
BOLIVIA,LA PAZ,2020-09-13,poisson,5,0.75,hostvector,central,1.0,0.3,1.114472,39742.229352,0.147026,0.111171
BOLIVIA,LA PAZ,2020-09-13,poisson,5,0.75,hostvector,alt,1.0,0.3,0.955221,32475.244723,0.162499,0.078865
BOLIVIA,LA PAZ,2020-09-13,poisson,5,0.75,seir,central,1.0,0.3,0.94885,17954.275769,0.14587,0.047339
BOLIVIA,LA PAZ,2020-09-13,poisson,5,0.75,seir,alt,1.0,0.3,0.931324,,0.139809,0.034048
BOLIVIA,LA PAZ,2020-09-13,poisson,5,0.75,hostvector_tempmort,central,1.0,0.3,0.938431,,0.085803,
BOLIVIA,LA PAZ,2020-09-13,poisson,5,0.75,hostvector_tempmort,alt,1.0,0.3,0.952698,15458.480935,0.086025,0.059955
BOLIVIA,LA PAZ,2020-09-13,poisson,7,1.0,hostvector,central,1.0,0.3,0.994436,7735.496679,-0.000492,0.044686
BOLIVIA,LA PAZ,2020-09-13,poisson,7,1.0,hostvector,alt,1.0,0.3,1.000005,9004.71629,-0.000806,0.050989
BOLIVIA,LA PAZ,2020-09-13,poisson,7,1.0,seir,central,1.0,0.3,0.934002,14363.57058,-0.009031,0.048105
BOLIVIA,LA PAZ,2020-09-13,poisson,7,1.0,seir,alt,1.0,0.3,0.921894,23725.978625,-0.010174,0.049046
BOLIVIA,LA PAZ,2020-09-13,poisson,7,1.0,hostvector_tempmort,central,1.0,0.3,0.928815,4579.431049,-0.005169,0.028321
BOLIVIA,LA PAZ,2020-09-13,poisson,7,1.0,hostvector_tempmort,alt,1.0,0.3,0.947697,4476.786148,-0.007671,0.030652
BOLIVIA,LA PAZ,2020-09-13,poisson,7,0.75,hostvector,central,1.0,0.3,0.987326,,0.015782,
BOLIVIA,LA PAZ,2020-09-13,poisson,7,0.75,hostvector,alt,1.0,0.3,1.011527,53951.887907,0.017488,0.145013
BOLIVIA,LA PAZ,2020-09-13,poisson,7,0.75,seir,central,1.0,0.3,0.761342,,-0.52596,
BOLIVIA,LA PAZ,2020-09-13,poisson,7,0.75,seir,alt,1.0,0.3,0.91881,92636.758035,0.011962,0.093963
BOLIVIA,LA PAZ,2020-09-13,poisson,7,0.75,hostvector_tempmort,central,1.0,0.3,0.931755,21541.915651,0.006762,0.068199
BOLIVIA,LA PAZ,2020-09-13,poisson,7,0.75,hostvector_tempmort,alt,1.0,0.3,0.946745,14959.886622,0.005794,0.060996
BOLIVIA,BOLIVIA,2019-11-10,nb,3,1.0,hostvector,central,1.0,0.3,0.198471,0.32247,0.443053,0.143536
BOLIVIA,BOLIVIA,2019-11-10,nb,3,1.0,hostvector,alt,1.0,0.3,0.502382,0.41415,0.535189,0.153298
BOLIVIA,BOLIVIA,2019-11-10,nb,3,1.0,seir,central,1.0,0.3,0.0,0.11248,0.295098,0.153277
BOLIVIA,BOLIVIA,2019-11-10,nb,3,1.0,seir,alt,1.0,0.3,0.0,,0.280249,
BOLIVIA,BOLIVIA,2019-11-10,nb,3,1.0,hostvector_tempmort,central,1.0,0.3,0.147478,0.300498,0.430161,0.139094
BOLIVIA,BOLIVIA,2019-11-10,nb,3,1.0,hostvector_tempmort,alt,1.0,0.3,0.430748,0.390197,0.526444,0.149939
BOLIVIA,BOLIVIA,2019-11-10,nb,3,0.75,hostvector,central,1.0,0.3,0.0,0.000332,0.456861,0.114921
BOLIVIA,BOLIVIA,2019-11-10,nb,3,0.75,hostvector,alt,1.0,0.3,0.041054,0.998611,0.514064,0.138851
BOLIVIA,BOLIVIA,2019-11-10,nb,3,0.75,seir,central,1.0,0.3,0.0,0.001064,0.34119,0.133841
BOLIVIA,BOLIVIA,2019-11-10,nb,3,0.75,seir,alt,1.0,0.3,0.0,0.000556,0.305317,0.136647
BOLIVIA,BOLIVIA,2019-11-10,nb,3,0.75,hostvector_tempmort,central,1.0,0.3,2e-06,0.828578,0.451068,0.123376
BOLIVIA,BOLIVIA,2019-11-10,nb,3,0.75,hostvector_tempmort,alt,1.0,0.3,0.083681,0.983791,0.513582,0.137715
BOLIVIA,BOLIVIA,2019-11-10,nb,5,1.0,hostvector,central,1.0,0.3,0.44448,0.46065,-0.037376,0.095252
BOLIVIA,BOLIVIA,2019-11-10,nb,5,1.0,hostvector,alt,1.0,0.3,0.580395,0.601389,-0.041969,0.107483
BOLIVIA,BOLIVIA,2019-11-10,nb,5,1.0,seir,central,1.0,0.3,0.482937,0.441206,-0.10705,0.095286
BOLIVIA,BOLIVIA,2019-11-10,nb,5,1.0,seir,alt,1.0,0.3,0.518336,0.464343,-0.112852,0.092351
BOLIVIA,BOLIVIA,2019-11-10,nb,5,1.0,hostvector_tempmort,central,1.0,0.3,0.411527,0.432044,-0.037741,0.090789
BOLIVIA,BOLIVIA,2019-11-10,nb,5,1.0,hostvector_tempmort,alt,1.0,0.3,0.548116,0.569932,-0.042535,0.103051
BOLIVIA,BOLIVIA,2019-11-10,nb,5,0.75,hostvector,central,1.0,0.3,0.0,1.220377,0.002882,0.08248
BOLIVIA,BOLIVIA,2019-11-10,nb,5,0.75,hostvector,alt,1.0,0.3,2e-06,1.408942,0.002904,0.094123
BOLIVIA,BOLIVIA,2019-11-10,nb,5,0.75,seir,central,1.0,0.3,0.0,0.343266,-0.048288,0.072174
BOLIVIA,BOLIVIA,2019-11-10,nb,5,0.75,seir,alt,1.0,0.3,0.0,0.003689,-0.053627,0.071794
BOLIVIA,BOLIVIA,2019-11-10,nb,5,0.75,hostvector_tempmort,central,1.0,0.3,0.0,0.057516,0.001149,0.07015
BOLIVIA,BOLIVIA,2019-11-10,nb,5,0.75,hostvector_tempmort,alt,1.0,0.3,0.000208,1.393869,0.000301,0.092262
BOLIVIA,BOLIVIA,2019-11-10,nb,7,1.0,hostvector,central,1.0,0.3,1.207022,0.438473,-0.184375,0.054851
BOLIVIA,BOLIVIA,2019-11-10,nb,7,1.0,hostvector,alt,1.0,0.3,1.615088,0.574942,-0.212756,0.06173
BOLIVIA,BOLIVIA,2019-11-10,nb,7,1.0,seir,central,1.0,0.3,1.146311,0.404271,-0.213019,0.056801
BOLIVIA,BOLIVIA,2019-11-10,nb,7,1.0,seir,alt,1.0,0.3,1.245314,0.445685,-0.214256,0.057053
BOLIVIA,BOLIVIA,2019-11-10,nb,7,1.0,hostvector_tempmort,central,1.0,0.3,1.11705,0.414087,-0.174849,0.052937
BOLIVIA,BOLIVIA,2019-11-10,nb,7,1.0,hostvector_tempmort,alt,1.0,0.3,1.524819,0.552011,-0.203982,0.059916
BOLIVIA,BOLIVIA,2019-11-10,nb,7,0.75,hostvector,central,1.0,0.3,1.563174,1.412963,-0.150882,0.065999
BOLIVIA,BOLIVIA,2019-11-10,nb,7,0.75,hostvector,alt,1.0,0.3,1.678335,1.663776,-0.166043,0.075817
BOLIVIA,BOLIVIA,2019-11-10,nb,7,0.75,seir,central,1.0,0.3,1.973138,1.469694,-0.185526,0.065858
BOLIVIA,BOLIVIA,2019-11-10,nb,7,0.75,seir,alt,1.0,0.3,1.945272,1.559442,-0.181682,0.066701
BOLIVIA,BOLIVIA,2019-11-10,nb,7,0.75,hostvector_tempmort,central,1.0,0.3,1.677314,1.375615,-0.151267,0.064306
BOLIVIA,BOLIVIA,2019-11-10,nb,7,0.75,hostvector_tempmort,alt,1.0,0.3,1.763922,1.625714,-0.165884,0.074032
BOLIVIA,BOLIVIA,2019-11-10,poisson,3,1.0,hostvector,central,1.0,0.3,0.0,0.635501,0.390705,0.139598
BOLIVIA,BOLIVIA,2019-11-10,poisson,3,1.0,hostvector,alt,1.0,0.3,0.0,,0.473183,
BOLIVIA,BOLIVIA,2019-11-10,poisson,3,1.0,seir,central,1.0,0.3,0.0,,0.39657,
BOLIVIA,BOLIVIA,2019-11-10,poisson,3,1.0,seir,alt,1.0,0.3,0.0,,0.416812,
BOLIVIA,BOLIVIA,2019-11-10,poisson,3,1.0,hostvector_tempmort,central,1.0,0.3,0.0,0.635198,0.390584,0.136299
BOLIVIA,BOLIVIA,2019-11-10,poisson,3,1.0,hostvector_tempmort,alt,1.0,0.3,0.0,0.734204,0.472213,0.14921
BOLIVIA,BOLIVIA,2019-11-10,poisson,3,0.75,hostvector,central,1.0,0.3,0.007962,1.092961,0.446612,0.151991
BOLIVIA,BOLIVIA,2019-11-10,poisson,3,0.75,hostvector,alt,1.0,0.3,0.109972,1.275549,0.516969,0.169181
BOLIVIA,BOLIVIA,2019-11-10,poisson,3,0.75,seir,central,1.0,0.3,0.0,0.071354,0.512389,0.184287
BOLIVIA,BOLIVIA,2019-11-10,poisson,3,0.75,seir,alt,1.0,0.3,0.0,0.011121,0.533544,0.199656
BOLIVIA,BOLIVIA,2019-11-10,poisson,3,0.75,hostvector_tempmort,central,1.0,0.3,0.113665,1.071799,0.447194,0.149917
BOLIVIA,BOLIVIA,2019-11-10,poisson,3,0.75,hostvector_tempmort,alt,1.0,0.3,0.184699,1.253221,0.516897,0.167029
BOLIVIA,BOLIVIA,2019-11-10,poisson,5,1.0,hostvector,central,1.0,0.3,0.0,0.696529,0.210757,0.141737
BOLIVIA,BOLIVIA,2019-11-10,poisson,5,1.0,hostvector,alt,1.0,0.3,0.0,0.048774,0.456983,0.182754
BOLIVIA,BOLIVIA,2019-11-10,poisson,5,1.0,seir,central,1.0,0.3,0.0,0.165038,0.062798,0.13548
BOLIVIA,BOLIVIA,2019-11-10,poisson,5,1.0,seir,alt,1.0,0.3,0.0,0.743038,0.037962,0.140566
BOLIVIA,BOLIVIA,2019-11-10,poisson,5,1.0,hostvector_tempmort,central,1.0,0.3,1e-06,0.683215,0.193672,0.138937
BOLIVIA,BOLIVIA,2019-11-10,poisson,5,1.0,hostvector_tempmort,alt,1.0,0.3,0.0,0.229124,0.380889,0.175623
BOLIVIA,BOLIVIA,2019-11-10,poisson,5,0.75,hostvector,central,1.0,0.3,0.073731,1.191268,0.197278,0.159113
BOLIVIA,BOLIVIA,2019-11-10,poisson,5,0.75,hostvector,alt,1.0,0.3,0.0,,0.343407,
BOLIVIA,BOLIVIA,2019-11-10,poisson,5,0.75,seir,central,1.0,0.3,0.0,1.418524,0.066477,0.160992
BOLIVIA,BOLIVIA,2019-11-10,poisson,5,0.75,seir,alt,1.0,0.3,0.0,1.516251,0.038295,0.16358
BOLIVIA,BOLIVIA,2019-11-10,poisson,5,0.75,hostvector_tempmort,central,1.0,0.3,0.197611,1.181966,0.179154,0.15685
BOLIVIA,BOLIVIA,2019-11-10,poisson,5,0.75,hostvector_tempmort,alt,1.0,0.3,2e-06,1.36619,0.306277,0.191989
BOLIVIA,BOLIVIA,2019-11-10,poisson,7,1.0,hostvector,central,1.0,0.3,0.940711,0.826182,-0.19788,0.083746
BOLIVIA,BOLIVIA,2019-11-10,poisson,7,1.0,hostvector,alt,1.0,0.3,1.268854,1.039179,-0.232359,0.093789
BOLIVIA,BOLIVIA,2019-11-10,poisson,7,1.0,seir,central,1.0,0.3,0.798484,0.780665,-0.234841,0.089156
BOLIVIA,BOLIVIA,2019-11-10,poisson,7,1.0,seir,alt,1.0,0.3,0.830966,0.82657,-0.244017,0.088643
BOLIVIA,BOLIVIA,2019-11-10,poisson,7,1.0,hostvector_tempmort,central,1.0,0.3,0.994784,0.817716,-0.19672,0.082213
BOLIVIA,BOLIVIA,2019-11-10,poisson,7,1.0,hostvector_tempmort,alt,1.0,0.3,1.309125,1.02423,-0.231098,0.092075
BOLIVIA,BOLIVIA,2019-11-10,poisson,7,0.75,hostvector,central,1.0,0.3,2.125147,1.342923,-0.244148,0.098248
BOLIVIA,BOLIVIA,2019-11-10,poisson,7,0.75,hostvector,alt,1.0,0.3,2.404298,1.589561,-0.273913,0.11033
BOLIVIA,BOLIVIA,2019-11-10,poisson,7,0.75,seir,central,1.0,0.3,2.251504,1.49025,-0.287084,0.105566
BOLIVIA,BOLIVIA,2019-11-10,poisson,7,0.75,seir,alt,1.0,0.3,2.199994,1.606939,-0.289238,0.106822
BOLIVIA,BOLIVIA,2019-11-10,poisson,7,0.75,hostvector_tempmort,central,1.0,0.3,2.228313,1.315256,-0.244527,0.096478
BOLIVIA,BOLIVIA,2019-11-10,poisson,7,0.75,hostvector_tempmort,alt,1.0,0.3,2.47876,1.561131,-0.273691,0.108497
BOLIVIA,BENI,2021-12-05,nb,3,1.0,hostvector,central,1.0,0.3,0.618119,1.579036,0.174265,0.097366
BOLIVIA,BENI,2021-12-05,nb,3,1.0,hostvector,alt,1.0,0.3,0.787603,1.85048,0.244602,0.118238
BOLIVIA,BENI,2021-12-05,nb,3,1.0,seir,central,1.0,0.3,0.421194,1.894692,0.132055,0.108573
BOLIVIA,BENI,2021-12-05,nb,3,1.0,seir,alt,1.0,0.3,0.241182,2.066889,0.139758,0.113631
BOLIVIA,BENI,2021-12-05,nb,3,1.0,hostvector_tempmort,central,1.0,0.3,0.659904,1.598426,0.16863,0.097806
BOLIVIA,BENI,2021-12-05,nb,3,1.0,hostvector_tempmort,alt,1.0,0.3,0.832057,1.869159,0.238363,0.118353
BOLIVIA,BENI,2021-12-05,nb,3,0.75,hostvector,central,1.0,0.3,0.117807,1.699271,0.33802,0.111576
BOLIVIA,BENI,2021-12-05,nb,3,0.75,hostvector,alt,1.0,0.3,1e-06,1.93657,0.391832,0.127669
BOLIVIA,BENI,2021-12-05,nb,3,0.75,seir,central,1.0,0.3,0.471398,2.275138,0.362872,0.142153
BOLIVIA,BENI,2021-12-05,nb,3,0.75,seir,alt,1.0,0.3,0.445131,2.525183,0.363927,0.150167
BOLIVIA,BENI,2021-12-05,nb,3,0.75,hostvector_tempmort,central,1.0,0.3,0.169047,1.704053,0.337599,0.11148
BOLIVIA,BENI,2021-12-05,nb,3,0.75,hostvector_tempmort,alt,1.0,0.3,0.034864,1.938311,0.390846,0.127469
BOLIVIA,BENI,2021-12-05,nb,5,1.0,hostvector,central,1.0,0.3,2.400378,1.792201,-0.02887,0.101416
BOLIVIA,BENI,2021-12-05,nb,5,1.0,hostvector,alt,1.0,0.3,3.101701,2.110773,-0.020308,0.122616
BOLIVIA,BENI,2021-12-05,nb,5,1.0,seir,central,1.0,0.3,3.247467,2.127145,-0.132275,0.100145
BOLIVIA,BENI,2021-12-05,nb,5,1.0,seir,alt,1.0,0.3,3.788267,2.415298,-0.160013,0.100087
BOLIVIA,BENI,2021-12-05,nb,5,1.0,hostvector_tempmort,central,1.0,0.3,2.480524,1.804973,-0.036457,0.100952
BOLIVIA,BENI,2021-12-05,nb,5,1.0,hostvector_tempmort,alt,1.0,0.3,3.201086,2.120277,-0.029349,0.121531
BOLIVIA,BENI,2021-12-05,nb,5,0.75,hostvector,central,1.0,0.3,2.385201,2.270167,0.001648,0.153648
BOLIVIA,BENI,2021-12-05,nb,5,0.75,hostvector,alt,1.0,0.3,3.232685,2.587622,-0.020209,0.174211
BOLIVIA,BENI,2021-12-05,nb,5,0.75,seir,central,1.0,0.3,3.817334,2.702613,-0.141821,0.156617
BOLIVIA,BENI,2021-12-05,nb,5,0.75,seir,alt,1.0,0.3,4.483687,2.984229,-0.190457,0.15372
BOLIVIA,BENI,2021-12-05,nb,5,0.75,hostvector_tempmort,central,1.0,0.3,2.483524,2.273814,-0.001739,0.152906
BOLIVIA,BENI,2021-12-05,nb,5,0.75,hostvector_tempmort,alt,1.0,0.3,3.332279,2.587719,-0.024787,0.173008
BOLIVIA,BENI,2021-12-05,nb,7,1.0,hostvector,central,1.0,0.3,2.196678,1.33679,-0.174011,0.054158
BOLIVIA,BENI,2021-12-05,nb,7,1.0,hostvector,alt,1.0,0.3,2.389543,1.496024,-0.191033,0.064812
BOLIVIA,BENI,2021-12-05,nb,7,1.0,seir,central,1.0,0.3,2.561777,1.621923,-0.220409,0.052519
BOLIVIA,BENI,2021-12-05,nb,7,1.0,seir,alt,1.0,0.3,2.869083,1.827944,-0.223183,0.052293
BOLIVIA,BENI,2021-12-05,nb,7,1.0,hostvector_tempmort,central,1.0,0.3,2.222223,1.33526,-0.177574,0.053743
BOLIVIA,BENI,2021-12-05,nb,7,1.0,hostvector_tempmort,alt,1.0,0.3,2.428243,1.49565,-0.193914,0.064059
BOLIVIA,BENI,2021-12-05,nb,7,0.75,hostvector,central,1.0,0.3,1.398102,0.965467,-0.280968,0.053704
BOLIVIA,BENI,2021-12-05,nb,7,0.75,hostvector,alt,1.0,0.3,1.57839,1.067542,-0.307809,0.06151
BOLIVIA,BENI,2021-12-05,nb,7,0.75,seir,central,1.0,0.3,1.264824,1.308371,-0.326019,0.051145
BOLIVIA,BENI,2021-12-05,nb,7,0.75,seir,alt,1.0,0.3,1.254848,1.452547,-0.319153,0.050581
BOLIVIA,BENI,2021-12-05,nb,7,0.75,hostvector_tempmort,central,1.0,0.3,1.442279,0.966939,-0.279987,0.05344
BOLIVIA,BENI,2021-12-05,nb,7,0.75,hostvector_tempmort,alt,1.0,0.3,1.611362,1.068085,-0.306464,0.061175
BOLIVIA,BENI,2021-12-05,poisson,3,1.0,hostvector,central,1.0,0.3,1e-06,1.62095,0.310446,0.08614
BOLIVIA,BENI,2021-12-05,poisson,3,1.0,hostvector,alt,1.0,0.3,0.0,1.752247,0.370665,0.098602
BOLIVIA,BENI,2021-12-05,poisson,3,1.0,seir,central,1.0,0.3,0.0,1.938665,0.325056,0.102945
BOLIVIA,BENI,2021-12-05,poisson,3,1.0,seir,alt,1.0,0.3,0.0,2.101906,0.328668,0.109134
BOLIVIA,BENI,2021-12-05,poisson,3,1.0,hostvector_tempmort,central,1.0,0.3,0.0,1.083679,0.309681,0.086085
BOLIVIA,BENI,2021-12-05,poisson,3,1.0,hostvector_tempmort,alt,1.0,0.3,0.0,1.904168,0.369272,0.098358
BOLIVIA,BENI,2021-12-05,poisson,3,0.75,hostvector,central,1.0,0.3,0.022672,1.889617,0.346644,0.099724
BOLIVIA,BENI,2021-12-05,poisson,3,0.75,hostvector,alt,1.0,0.3,3e-06,2.224484,0.397982,0.114019
BOLIVIA,BENI,2021-12-05,poisson,3,0.75,seir,central,1.0,0.3,0.551814,2.31602,0.392536,0.126187
BOLIVIA,BENI,2021-12-05,poisson,3,0.75,seir,alt,1.0,0.3,0.803854,2.592298,0.394941,0.140494
BOLIVIA,BENI,2021-12-05,poisson,3,0.75,hostvector_tempmort,central,1.0,0.3,0.075022,1.893632,0.346378,0.099562
BOLIVIA,BENI,2021-12-05,poisson,3,0.75,hostvector_tempmort,alt,1.0,0.3,3e-06,2.218736,0.396843,0.113132
BOLIVIA,BENI,2021-12-05,poisson,5,1.0,hostvector,central,1.0,0.3,1.503388,2.224917,0.03227,0.117553
BOLIVIA,BENI,2021-12-05,poisson,5,1.0,hostvector,alt,1.0,0.3,2.355971,2.722962,0.036475,0.13908
BOLIVIA,BENI,2021-12-05,poisson,5,1.0,seir,central,1.0,0.3,1.251196,2.497876,-0.055975,0.121044
BOLIVIA,BENI,2021-12-05,poisson,5,1.0,seir,alt,1.0,0.3,1.533892,2.748774,-0.093103,0.122844
BOLIVIA,BENI,2021-12-05,poisson,5,1.0,hostvector_tempmort,central,1.0,0.3,1.561482,2.236261,0.030228,0.117349
BOLIVIA,BENI,2021-12-05,poisson,5,1.0,hostvector_tempmort,alt,1.0,0.3,2.417971,2.732138,0.033348,0.138595
BOLIVIA,BENI,2021-12-05,poisson,5,0.75,hostvector,central,1.0,0.3,1.694607,2.80714,0.034633,0.145476
BOLIVIA,BENI,2021-12-05,poisson,5,0.75,hostvector,alt,1.0,0.3,2.535545,3.371876,0.037236,0.170326
BOLIVIA,BENI,2021-12-05,poisson,5,0.75,seir,central,1.0,0.3,1.528436,3.181009,-0.054052,0.150149
BOLIVIA,BENI,2021-12-05,poisson,5,0.75,seir,alt,1.0,0.3,1.837466,3.514982,-0.094059,0.152754
BOLIVIA,BENI,2021-12-05,poisson,5,0.75,hostvector_tempmort,central,1.0,0.3,1.773274,2.819502,0.033039,0.14528
BOLIVIA,BENI,2021-12-05,poisson,5,0.75,hostvector_tempmort,alt,1.0,0.3,2.614005,3.382709,0.034504,0.169843
BOLIVIA,BENI,2021-12-05,poisson,7,1.0,hostvector,central,1.0,0.3,1.809741,1.146695,-0.30718,0.058497
BOLIVIA,BENI,2021-12-05,poisson,7,1.0,hostvector,alt,1.0,0.3,2.006318,1.203606,-0.342584,0.066978
BOLIVIA,BENI,2021-12-05,poisson,7,1.0,seir,central,1.0,0.3,1.894387,1.559317,-0.338754,0.05704
BOLIVIA,BENI,2021-12-05,poisson,7,1.0,seir,alt,1.0,0.3,2.217101,1.744114,-0.334321,0.056402
BOLIVIA,BENI,2021-12-05,poisson,7,1.0,hostvector_tempmort,central,1.0,0.3,1.878535,1.153071,-0.307238,0.058241
BOLIVIA,BENI,2021-12-05,poisson,7,1.0,hostvector_tempmort,alt,1.0,0.3,2.067736,1.211055,-0.341939,0.066635
BOLIVIA,BENI,2021-12-05,poisson,7,0.75,hostvector,central,1.0,0.3,1.76786,1.279297,-0.331221,0.066697
BOLIVIA,BENI,2021-12-05,poisson,7,0.75,hostvector,alt,1.0,0.3,2.038794,1.413587,-0.365709,0.076173
BOLIVIA,BENI,2021-12-05,poisson,7,0.75,seir,central,1.0,0.3,1.606784,1.65544,-0.37082,0.06671
BOLIVIA,BENI,2021-12-05,poisson,7,0.75,seir,alt,1.0,0.3,1.783506,1.846668,-0.366055,0.067009
BOLIVIA,BENI,2021-12-05,poisson,7,0.75,hostvector_tempmort,central,1.0,0.3,1.811611,1.280217,-0.330289,0.066431
BOLIVIA,BENI,2021-12-05,poisson,7,0.75,hostvector_tempmort,alt,1.0,0.3,2.069244,1.412635,-0.364474,0.07584
BOLIVIA,BENI,2017-11-19,nb,3,1.0,hostvector,central,1.0,0.3,0.0,0.033008,0.301185,0.110731
BOLIVIA,BENI,2017-11-19,nb,3,1.0,hostvector,alt,1.0,0.3,0.0,1.015419,0.514509,0.194279
BOLIVIA,BENI,2017-11-19,nb,3,1.0,seir,central,1.0,0.3,0.0,0.708812,0.11986,0.094734
BOLIVIA,BENI,2017-11-19,nb,3,1.0,seir,alt,1.0,0.3,0.0,0.786925,0.117681,0.091789
BOLIVIA,BENI,2017-11-19,nb,3,1.0,hostvector_tempmort,central,1.0,0.3,0.0,0.771999,0.287614,0.127483
BOLIVIA,BENI,2017-11-19,nb,3,1.0,hostvector_tempmort,alt,1.0,0.3,0.0,1.024489,0.489441,0.189733
BOLIVIA,BENI,2017-11-19,nb,3,0.75,hostvector,central,1.0,0.3,0.0,2.605471,0.202512,0.157875
BOLIVIA,BENI,2017-11-19,nb,3,0.75,hostvector,alt,1.0,0.3,0.0,0.317343,0.294159,0.204096
BOLIVIA,BENI,2017-11-19,nb,3,0.75,seir,central,1.0,0.3,0.0,2.709236,0.055286,0.120721
BOLIVIA,BENI,2017-11-19,nb,3,0.75,seir,alt,1.0,0.3,0.0,0.004106,0.053253,0.11698
BOLIVIA,BENI,2017-11-19,nb,3,0.75,hostvector_tempmort,central,1.0,0.3,0.0,0.023369,0.195627,0.15521
BOLIVIA,BENI,2017-11-19,nb,3,0.75,hostvector_tempmort,alt,1.0,0.3,0.0,0.024711,0.283378,0.200033
BOLIVIA,BENI,2017-11-19,nb,5,1.0,hostvector,central,1.0,0.3,1e-06,0.874177,0.078984,0.069261
BOLIVIA,BENI,2017-11-19,nb,5,1.0,hostvector,alt,1.0,0.3,0.182581,1.136743,0.088989,0.08403
BOLIVIA,BENI,2017-11-19,nb,5,1.0,seir,central,1.0,0.3,2e-06,0.810071,0.04008,0.058246
BOLIVIA,BENI,2017-11-19,nb,5,1.0,seir,alt,1.0,0.3,0.0,0.867344,0.040912,0.057685
BOLIVIA,BENI,2017-11-19,nb,5,1.0,hostvector_tempmort,central,1.0,0.3,0.0,0.001676,0.075078,0.059207
BOLIVIA,BENI,2017-11-19,nb,5,1.0,hostvector_tempmort,alt,1.0,0.3,0.112674,1.119638,0.087887,0.082862
BOLIVIA,BENI,2017-11-19,nb,5,0.75,hostvector,central,1.0,0.3,0.0,2.739654,0.001707,0.082491
BOLIVIA,BENI,2017-11-19,nb,5,0.75,hostvector,alt,1.0,0.3,0.0,1.259844,-0.00047,0.098479
BOLIVIA,BENI,2017-11-19,nb,5,0.75,seir,central,1.0,0.3,0.0,2.723312,-0.028878,0.074561
BOLIVIA,BENI,2017-11-19,nb,5,0.75,seir,alt,1.0,0.3,0.0,0.00515,-0.029042,0.077046
BOLIVIA,BENI,2017-11-19,nb,5,0.75,hostvector_tempmort,central,1.0,0.3,0.0,0.025483,0.001122,0.085306
BOLIVIA,BENI,2017-11-19,nb,5,0.75,hostvector_tempmort,alt,1.0,0.3,0.0,2.042922,-0.001065,0.095909
BOLIVIA,BENI,2017-11-19,nb,7,1.0,hostvector,central,1.0,0.3,0.08453,0.935566,0.034084,0.047517
BOLIVIA,BENI,2017-11-19,nb,7,1.0,hostvector,alt,1.0,0.3,0.253544,1.21815,0.038382,0.054838
BOLIVIA,BENI,2017-11-19,nb,7,1.0,seir,central,1.0,0.3,0.063034,0.869431,0.016605,0.046638
BOLIVIA,BENI,2017-11-19,nb,7,1.0,seir,alt,1.0,0.3,0.036654,0.935951,0.019726,0.047052
BOLIVIA,BENI,2017-11-19,nb,7,1.0,hostvector_tempmort,central,1.0,0.3,0.015258,0.916644,0.033855,0.04678
BOLIVIA,BENI,2017-11-19,nb,7,1.0,hostvector_tempmort,alt,1.0,0.3,0.181818,1.200223,0.038072,0.05407
BOLIVIA,BENI,2017-11-19,nb,7,0.75,hostvector,central,1.0,0.3,0.0,0.003597,-0.045351,0.063503
BOLIVIA,BENI,2017-11-19,nb,7,0.75,hostvector,alt,1.0,0.3,0.0,2.26853,-0.051202,0.071678
BOLIVIA,BENI,2017-11-19,nb,7,0.75,seir,central,1.0,0.3,0.0,0.007373,-0.067126,0.063542
BOLIVIA,BENI,2017-11-19,nb,7,0.75,seir,alt,1.0,0.3,0.0,2.583374,-0.065576,0.066018
BOLIVIA,BENI,2017-11-19,nb,7,0.75,hostvector_tempmort,central,1.0,0.3,0.0,0.002931,-0.045128,0.062771
BOLIVIA,BENI,2017-11-19,nb,7,0.75,hostvector_tempmort,alt,1.0,0.3,0.0,2.970162,-0.050966,0.071423
BOLIVIA,BENI,2017-11-19,poisson,3,1.0,hostvector,central,1.0,0.3,0.0,1.959683,0.28406,0.206211
BOLIVIA,BENI,2017-11-19,poisson,3,1.0,hostvector,alt,1.0,0.3,0.0,1.169683,0.443622,0.287254
BOLIVIA,BENI,2017-11-19,poisson,3,1.0,seir,central,1.0,0.3,0.0,0.199402,0.134933,0.163609
BOLIVIA,BENI,2017-11-19,poisson,3,1.0,seir,alt,1.0,0.3,0.0,,0.12707,
BOLIVIA,BENI,2017-11-19,poisson,3,1.0,hostvector_tempmort,central,1.0,0.3,0.0,,0.27808,
BOLIVIA,BENI,2017-11-19,poisson,3,1.0,hostvector_tempmort,alt,1.0,0.3,0.0,0.760058,0.433189,0.257192
BOLIVIA,BENI,2017-11-19,poisson,3,0.75,hostvector,central,1.0,0.3,0.0,0.792075,0.251944,0.275688
BOLIVIA,BENI,2017-11-19,poisson,3,0.75,hostvector,alt,1.0,0.3,0.0,0.288649,0.397356,0.350678
BOLIVIA,BENI,2017-11-19,poisson,3,0.75,seir,central,1.0,0.3,0.0,2.882323,0.099654,0.220856
BOLIVIA,BENI,2017-11-19,poisson,3,0.75,seir,alt,1.0,0.3,0.0,3.404212,0.090636,0.219234
BOLIVIA,BENI,2017-11-19,poisson,3,0.75,hostvector_tempmort,central,1.0,0.3,0.0,,0.24651,
BOLIVIA,BENI,2017-11-19,poisson,3,0.75,hostvector_tempmort,alt,1.0,0.3,0.0,3.39946,0.387291,0.340211
BOLIVIA,BENI,2017-11-19,poisson,5,1.0,hostvector,central,1.0,0.3,0.0,0.08345,-0.041681,0.104452
BOLIVIA,BENI,2017-11-19,poisson,5,1.0,hostvector,alt,1.0,0.3,0.0,,-0.063639,
BOLIVIA,BENI,2017-11-19,poisson,5,1.0,seir,central,1.0,0.3,0.0,0.088562,-0.055334,0.096649
BOLIVIA,BENI,2017-11-19,poisson,5,1.0,seir,alt,1.0,0.3,0.0,,-0.061322,
BOLIVIA,BENI,2017-11-19,poisson,5,1.0,hostvector_tempmort,central,1.0,0.3,0.0,0.19688,-0.041797,0.102718
BOLIVIA,BENI,2017-11-19,poisson,5,1.0,hostvector_tempmort,alt,1.0,0.3,0.0,0.214176,-0.063532,0.121264
BOLIVIA,BENI,2017-11-19,poisson,5,0.75,hostvector,central,1.0,0.3,0.0,3.635988,-0.089247,0.149602
BOLIVIA,BENI,2017-11-19,poisson,5,0.75,hostvector,alt,1.0,0.3,0.0,0.735319,-0.105944,0.148114
BOLIVIA,BENI,2017-11-19,poisson,5,0.75,seir,central,1.0,0.3,0.0,3.905778,-0.12069,0.15511
BOLIVIA,BENI,2017-11-19,poisson,5,0.75,seir,alt,1.0,0.3,0.0,0.707401,-0.129684,0.132918
BOLIVIA,BENI,2017-11-19,poisson,5,0.75,hostvector_tempmort,central,1.0,0.3,0.0,3.650623,-0.088201,0.148038
BOLIVIA,BENI,2017-11-19,poisson,5,0.75,hostvector_tempmort,alt,1.0,0.3,0.0,0.009092,-0.105289,0.146907
BOLIVIA,BENI,2017-11-19,poisson,7,1.0,hostvector,central,1.0,0.3,0.061145,1.779571,-0.119615,0.081201
BOLIVIA,BENI,2017-11-19,poisson,7,1.0,hostvector,alt,1.0,0.3,0.0,2.053124,-0.143121,0.090798
BOLIVIA,BENI,2017-11-19,poisson,7,1.0,seir,central,1.0,0.3,0.300646,1.910152,-0.121208,0.091536
BOLIVIA,BENI,2017-11-19,poisson,7,1.0,seir,alt,1.0,0.3,0.24005,2.015385,-0.116096,0.094302
BOLIVIA,BENI,2017-11-19,poisson,7,1.0,hostvector_tempmort,central,1.0,0.3,0.007651,1.760405,-0.11727,0.080233
BOLIVIA,BENI,2017-11-19,poisson,7,1.0,hostvector_tempmort,alt,1.0,0.3,0.0,2.16304,-0.141905,0.090562
BOLIVIA,BENI,2017-11-19,poisson,7,0.75,hostvector,central,1.0,0.3,0.0,,-0.201032,
BOLIVIA,BENI,2017-11-19,poisson,7,0.75,hostvector,alt,1.0,0.3,0.0,3.801221,-0.226795,0.120593
BOLIVIA,BENI,2017-11-19,poisson,7,0.75,seir,central,1.0,0.3,0.0,3.729629,-0.21744,0.12933
BOLIVIA,BENI,2017-11-19,poisson,7,0.75,seir,alt,1.0,0.3,0.0,3.861145,-0.216472,0.136652
BOLIVIA,BENI,2017-11-19,poisson,7,0.75,hostvector_tempmort,central,1.0,0.3,0.0,,-0.198544,
BOLIVIA,BENI,2017-11-19,poisson,7,0.75,hostvector_tempmort,alt,1.0,0.3,0.0,3.828531,-0.224341,0.120659
BOLIVIA,BENI,2014-11-23,nb,3,1.0,hostvector,central,1.0,0.3,0.071384,1.374734,-0.568937,0.103583
BOLIVIA,BENI,2014-11-23,nb,3,1.0,hostvector,alt,1.0,0.3,0.0,0.067722,-0.568413,0.032233
BOLIVIA,BENI,2014-11-23,nb,3,1.0,seir,central,1.0,0.3,0.521282,1.931457,0.359246,0.289302
BOLIVIA,BENI,2014-11-23,nb,3,1.0,seir,alt,1.0,0.3,0.724192,2.130184,0.328663,0.305447
BOLIVIA,BENI,2014-11-23,nb,3,1.0,hostvector_tempmort,central,1.0,0.3,0.185084,1.372291,-0.573878,0.102757
BOLIVIA,BENI,2014-11-23,nb,3,1.0,hostvector_tempmort,alt,1.0,0.3,1.8e-05,1.563368,-0.56604,0.116669
BOLIVIA,BENI,2014-11-23,nb,3,0.75,hostvector,central,1.0,0.3,0.0,,0.279527,
BOLIVIA,BENI,2014-11-23,nb,3,0.75,hostvector,alt,1.0,0.3,0.0,2.084403,0.349398,0.279944
BOLIVIA,BENI,2014-11-23,nb,3,0.75,seir,central,1.0,0.3,0.0,0.00455,0.181717,0.160373
BOLIVIA,BENI,2014-11-23,nb,3,0.75,seir,alt,1.0,0.3,0.0,0.940976,0.178281,0.178879
BOLIVIA,BENI,2014-11-23,nb,3,0.75,hostvector_tempmort,central,1.0,0.3,0.0,,0.284124,
BOLIVIA,BENI,2014-11-23,nb,3,0.75,hostvector_tempmort,alt,1.0,0.3,0.0,,0.353413,
BOLIVIA,BENI,2014-11-23,nb,5,1.0,hostvector,central,1.0,0.3,0.002052,1.339627,0.513189,0.19693
BOLIVIA,BENI,2014-11-23,nb,5,1.0,hostvector,alt,1.0,0.3,0.363565,1.39409,0.70555,0.194062
BOLIVIA,BENI,2014-11-23,nb,5,1.0,seir,central,1.0,0.3,2.06455,1.247387,0.060652,0.117365
BOLIVIA,BENI,2014-11-23,nb,5,1.0,seir,alt,1.0,0.3,2.360544,1.278113,0.036343,0.112109
BOLIVIA,BENI,2014-11-23,nb,5,1.0,hostvector_tempmort,central,1.0,0.3,0.040485,1.355207,0.498178,0.199204
BOLIVIA,BENI,2014-11-23,nb,5,1.0,hostvector_tempmort,alt,1.0,0.3,0.367337,1.397319,0.6965,0.19559
BOLIVIA,BENI,2014-11-23,nb,5,0.75,hostvector,central,1.0,0.3,0.0,,0.135595,
BOLIVIA,BENI,2014-11-23,nb,5,0.75,hostvector,alt,1.0,0.3,0.0,2.230717,0.218095,0.300033
BOLIVIA,BENI,2014-11-23,nb,5,0.75,seir,central,1.0,0.3,1.167667,1.582034,-0.064335,0.133887
BOLIVIA,BENI,2014-11-23,nb,5,0.75,seir,alt,1.0,0.3,1.492833,1.592173,-0.086032,0.127642
BOLIVIA,BENI,2014-11-23,nb,5,0.75,hostvector_tempmort,central,1.0,0.3,0.0,,0.139981,
BOLIVIA,BENI,2014-11-23,nb,5,0.75,hostvector_tempmort,alt,1.0,0.3,0.0,,0.221786,
BOLIVIA,BENI,2014-11-23,nb,7,1.0,hostvector,central,1.0,0.3,2.164241,1.17521,0.072476,0.075582
BOLIVIA,BENI,2014-11-23,nb,7,1.0,hostvector,alt,1.0,0.3,2.289801,1.527426,0.127637,0.101971
BOLIVIA,BENI,2014-11-23,nb,7,1.0,seir,central,1.0,0.3,2.478289,1.09732,0.00125,0.065237
BOLIVIA,BENI,2014-11-23,nb,7,1.0,seir,alt,1.0,0.3,2.689177,1.137811,-0.006343,0.064344
BOLIVIA,BENI,2014-11-23,nb,7,1.0,hostvector_tempmort,central,1.0,0.3,2.221787,1.15985,0.06571,0.073811
BOLIVIA,BENI,2014-11-23,nb,7,1.0,hostvector_tempmort,alt,1.0,0.3,2.371023,1.507947,0.118243,0.098734
BOLIVIA,BENI,2014-11-23,nb,7,0.75,hostvector,central,1.0,0.3,1.068673,1.477559,-0.032775,0.077762
BOLIVIA,BENI,2014-11-23,nb,7,0.75,hostvector,alt,1.0,0.3,1.110851,1.829113,-0.030859,0.087807
BOLIVIA,BENI,2014-11-23,nb,7,0.75,seir,central,1.0,0.3,1.551046,1.409335,-0.082082,0.075523
BOLIVIA,BENI,2014-11-23,nb,7,0.75,seir,alt,1.0,0.3,1.739289,1.445169,-0.08516,0.074979
BOLIVIA,BENI,2014-11-23,nb,7,0.75,hostvector_tempmort,central,1.0,0.3,1.126272,1.470783,-0.032805,0.077447
BOLIVIA,BENI,2014-11-23,nb,7,0.75,hostvector_tempmort,alt,1.0,0.3,1.177816,1.819688,-0.031129,0.087436
BOLIVIA,BENI,2014-11-23,poisson,3,1.0,hostvector,central,1.0,0.3,0.0,1.870934,0.367722,0.262163
BOLIVIA,BENI,2014-11-23,poisson,3,1.0,hostvector,alt,1.0,0.3,2e-06,2.160362,0.474837,0.300414
BOLIVIA,BENI,2014-11-23,poisson,3,1.0,seir,central,1.0,0.3,2e-06,2.195599,0.309706,0.31672
BOLIVIA,BENI,2014-11-23,poisson,3,1.0,seir,alt,1.0,0.3,0.0,2.332431,0.308995,0.332422
BOLIVIA,BENI,2014-11-23,poisson,3,1.0,hostvector_tempmort,central,1.0,0.3,0.0,1.8788,0.369019,0.263404
BOLIVIA,BENI,2014-11-23,poisson,3,1.0,hostvector_tempmort,alt,1.0,0.3,2e-06,2.159561,0.475039,0.300208
BOLIVIA,BENI,2014-11-23,poisson,3,0.75,hostvector,central,1.0,0.3,0.0,2.246536,0.298214,0.311108
BOLIVIA,BENI,2014-11-23,poisson,3,0.75,hostvector,alt,1.0,0.3,0.0,2.586541,0.382581,0.358535
BOLIVIA,BENI,2014-11-23,poisson,3,0.75,seir,central,1.0,0.3,0.0,0.254893,0.241856,0.180294
BOLIVIA,BENI,2014-11-23,poisson,3,0.75,seir,alt,1.0,0.3,0.0,2.805357,0.238467,0.37885
BOLIVIA,BENI,2014-11-23,poisson,3,0.75,hostvector_tempmort,central,1.0,0.3,0.0,2.249374,0.302537,0.309123
BOLIVIA,BENI,2014-11-23,poisson,3,0.75,hostvector_tempmort,alt,1.0,0.3,0.0,2.579675,0.385936,0.35598
BOLIVIA,BENI,2014-11-23,poisson,5,1.0,hostvector,central,1.0,0.3,1.447431,1.487562,0.069541,0.202367
BOLIVIA,BENI,2014-11-23,poisson,5,1.0,hostvector,alt,1.0,0.3,0.0,2.404705,-0.802193,0.309092
BOLIVIA,BENI,2014-11-23,poisson,5,1.0,seir,central,1.0,0.3,2.005838,1.505924,-0.047602,0.175862
BOLIVIA,BENI,2014-11-23,poisson,5,1.0,seir,alt,1.0,0.3,2.311146,1.531413,-0.077284,0.172622
BOLIVIA,BENI,2014-11-23,poisson,5,1.0,hostvector_tempmort,central,1.0,0.3,1.524705,1.479364,0.059815,0.200178
BOLIVIA,BENI,2014-11-23,poisson,5,1.0,hostvector_tempmort,alt,1.0,0.3,1.73585,1.737527,0.106876,0.248086
BOLIVIA,BENI,2014-11-23,poisson,5,0.75,hostvector,central,1.0,0.3,1.236888,1.740042,-0.036193,0.238579
BOLIVIA,BENI,2014-11-23,poisson,5,0.75,hostvector,alt,1.0,0.3,1.455512,2.038013,-0.056717,0.283982
BOLIVIA,BENI,2014-11-23,poisson,5,0.75,seir,central,1.0,0.3,1.801856,1.810598,-0.120107,0.221082
BOLIVIA,BENI,2014-11-23,poisson,5,0.75,seir,alt,1.0,0.3,2.161364,1.85694,-0.158005,0.222438
BOLIVIA,BENI,2014-11-23,poisson,5,0.75,hostvector_tempmort,central,1.0,0.3,1.308894,1.733442,-0.038511,0.236855
BOLIVIA,BENI,2014-11-23,poisson,5,0.75,hostvector_tempmort,alt,1.0,0.3,1.528052,2.03091,-0.058721,0.281851
BOLIVIA,BENI,2014-11-23,poisson,7,1.0,hostvector,central,1.0,0.3,2.116962,1.366335,-0.0429,0.114216
BOLIVIA,BENI,2014-11-23,poisson,7,1.0,hostvector,alt,1.0,0.3,2.352598,1.645914,-0.032429,0.13208
BOLIVIA,BENI,2014-11-23,poisson,7,1.0,seir,central,1.0,0.3,2.406718,1.37139,-0.083632,0.113915
BOLIVIA,BENI,2014-11-23,poisson,7,1.0,seir,alt,1.0,0.3,2.578266,1.40765,-0.089034,0.113291
BOLIVIA,BENI,2014-11-23,poisson,7,1.0,hostvector_tempmort,central,1.0,0.3,2.18154,1.359982,-0.047011,0.113607
BOLIVIA,BENI,2014-11-23,poisson,7,1.0,hostvector_tempmort,alt,1.0,0.3,2.423054,1.637097,-0.036728,0.130943
BOLIVIA,BENI,2014-11-23,poisson,7,0.75,hostvector,central,1.0,0.3,2.000308,1.707418,-0.123037,0.149014
BOLIVIA,BENI,2014-11-23,poisson,7,0.75,hostvector,alt,1.0,0.3,2.290796,2.070984,-0.134072,0.166289
BOLIVIA,BENI,2014-11-23,poisson,7,0.75,seir,central,1.0,0.3,2.250184,1.702308,-0.149704,0.153471
BOLIVIA,BENI,2014-11-23,poisson,7,0.75,seir,alt,1.0,0.3,2.405319,1.745032,-0.150396,0.152375
BOLIVIA,BENI,2014-11-23,poisson,7,0.75,hostvector_tempmort,central,1.0,0.3,2.059408,1.701672,-0.12251,0.148509
BOLIVIA,BENI,2014-11-23,poisson,7,0.75,hostvector_tempmort,alt,1.0,0.3,2.353212,2.063235,-0.1337,0.165722
BOLIVIA,PANDO,2015-10-04,nb,3,1.0,hostvector,central,1.0,0.3,0.0,0.972104,0.01297,0.058701
BOLIVIA,PANDO,2015-10-04,nb,3,1.0,hostvector,alt,1.0,0.3,0.0,0.000154,0.013467,0.040197
BOLIVIA,PANDO,2015-10-04,nb,3,1.0,seir,central,1.0,0.3,0.0,,0.010658,
BOLIVIA,PANDO,2015-10-04,nb,3,1.0,seir,alt,1.0,0.3,0.0,0.376877,0.012942,0.03469
BOLIVIA,PANDO,2015-10-04,nb,3,1.0,hostvector_tempmort,central,1.0,0.3,0.0,0.952458,0.001998,0.051601
BOLIVIA,PANDO,2015-10-04,nb,3,1.0,hostvector_tempmort,alt,1.0,0.3,0.0,0.006045,0.002921,0.04186
BOLIVIA,PANDO,2015-10-04,nb,3,0.75,hostvector,central,1.0,0.3,0.0,1.260667,0.162007,0.135234
BOLIVIA,PANDO,2015-10-04,nb,3,0.75,hostvector,alt,1.0,0.3,0.0,1.642568,0.17691,0.15361
BOLIVIA,PANDO,2015-10-04,nb,3,0.75,seir,central,1.0,0.3,0.0,1.709965,0.17771,0.190588
BOLIVIA,PANDO,2015-10-04,nb,3,0.75,seir,alt,1.0,0.3,0.0,1.359551,0.180005,0.189092
BOLIVIA,PANDO,2015-10-04,nb,3,0.75,hostvector_tempmort,central,1.0,0.3,0.0,1.485643,0.137426,0.145763
BOLIVIA,PANDO,2015-10-04,nb,3,0.75,hostvector_tempmort,alt,1.0,0.3,0.0,0.243282,0.153851,0.080569
BOLIVIA,PANDO,2015-10-04,nb,5,1.0,hostvector,central,1.0,0.3,0.0,0.603585,0.015579,0.043673
BOLIVIA,PANDO,2015-10-04,nb,5,1.0,hostvector,alt,1.0,0.3,0.0,0.433966,0.015683,0.045425
BOLIVIA,PANDO,2015-10-04,nb,5,1.0,seir,central,1.0,0.3,0.0,0.007251,0.016202,0.03781
BOLIVIA,PANDO,2015-10-04,nb,5,1.0,seir,alt,1.0,0.3,0.0,,0.019537,
BOLIVIA,PANDO,2015-10-04,nb,5,1.0,hostvector_tempmort,central,1.0,0.3,0.0,0.891065,0.004469,0.052158
BOLIVIA,PANDO,2015-10-04,nb,5,1.0,hostvector_tempmort,alt,1.0,0.3,0.0,1.15375,0.005141,0.069808
BOLIVIA,PANDO,2015-10-04,nb,5,0.75,hostvector,central,1.0,0.3,0.0,0.017264,0.162047,0.092313
BOLIVIA,PANDO,2015-10-04,nb,5,0.75,hostvector,alt,1.0,0.3,0.0,2.606338,0.179093,0.287544
BOLIVIA,PANDO,2015-10-04,nb,5,0.75,seir,central,1.0,0.3,0.0,0.000798,0.154815,0.120509
BOLIVIA,PANDO,2015-10-04,nb,5,0.75,seir,alt,1.0,0.3,0.0,0.765043,0.15497,0.135375
BOLIVIA,PANDO,2015-10-04,nb,5,0.75,hostvector_tempmort,central,1.0,0.3,0.0,2.57676,0.127139,0.299628
BOLIVIA,PANDO,2015-10-04,nb,5,0.75,hostvector_tempmort,alt,1.0,0.3,0.0,0.000785,0.147269,0.102791
BOLIVIA,PANDO,2015-10-04,nb,7,1.0,hostvector,central,1.0,0.3,0.0,1.058478,0.035277,0.073946
BOLIVIA,PANDO,2015-10-04,nb,7,1.0,hostvector,alt,1.0,0.3,0.0,0.992418,0.036002,0.071742
BOLIVIA,PANDO,2015-10-04,nb,7,1.0,seir,central,1.0,0.3,0.0,,0.043106,
BOLIVIA,PANDO,2015-10-04,nb,7,1.0,seir,alt,1.0,0.3,0.0,0.965419,0.047861,0.069877
BOLIVIA,PANDO,2015-10-04,nb,7,1.0,hostvector_tempmort,central,1.0,0.3,0.0,0.500205,0.022466,0.050897
BOLIVIA,PANDO,2015-10-04,nb,7,1.0,hostvector_tempmort,alt,1.0,0.3,0.0,0.05538,0.023982,0.045846
BOLIVIA,PANDO,2015-10-04,nb,7,0.75,hostvector,central,1.0,0.3,0.0,0.025452,0.194588,0.098139
BOLIVIA,PANDO,2015-10-04,nb,7,0.75,hostvector,alt,1.0,0.3,0.0,3.632558,0.214298,0.438795
BOLIVIA,PANDO,2015-10-04,nb,7,0.75,seir,central,1.0,0.3,0.0,1.7759,0.187148,0.270231
BOLIVIA,PANDO,2015-10-04,nb,7,0.75,seir,alt,1.0,0.3,0.0,2.900045,0.184981,0.411592
BOLIVIA,PANDO,2015-10-04,nb,7,0.75,hostvector_tempmort,central,1.0,0.3,0.0,0.001052,0.1572,0.097713
BOLIVIA,PANDO,2015-10-04,nb,7,0.75,hostvector_tempmort,alt,1.0,0.3,0.00449,3.531535,0.1802,0.437252
BOLIVIA,PANDO,2015-10-04,poisson,3,1.0,hostvector,central,1.0,0.3,0.0,1.495487,-0.100975,0.050907
BOLIVIA,PANDO,2015-10-04,poisson,3,1.0,hostvector,alt,1.0,0.3,0.0,1.391587,-0.119145,0.060071
BOLIVIA,PANDO,2015-10-04,poisson,3,1.0,seir,central,1.0,0.3,0.0,1.132655,-0.100477,0.050008
BOLIVIA,PANDO,2015-10-04,poisson,3,1.0,seir,alt,1.0,0.3,0.0,1.639628,-0.098575,0.053081
BOLIVIA,PANDO,2015-10-04,poisson,3,1.0,hostvector_tempmort,central,1.0,0.3,0.0,0.008477,-0.102851,0.052741
BOLIVIA,PANDO,2015-10-04,poisson,3,1.0,hostvector_tempmort,alt,1.0,0.3,0.0,0.834804,-0.120783,0.05932
BOLIVIA,PANDO,2015-10-04,poisson,3,0.75,hostvector,central,1.0,0.3,0.0,2.866545,0.094118,0.154722
BOLIVIA,PANDO,2015-10-04,poisson,3,0.75,hostvector,alt,1.0,0.3,0.0,3.197168,0.097912,0.171206
BOLIVIA,PANDO,2015-10-04,poisson,3,0.75,seir,central,1.0,0.3,0.0,2.028331,0.132584,0.134166
BOLIVIA,PANDO,2015-10-04,poisson,3,0.75,seir,alt,1.0,0.3,0.0,0.158507,0.143367,0.128067
BOLIVIA,PANDO,2015-10-04,poisson,3,0.75,hostvector_tempmort,central,1.0,0.3,0.0,2.783323,0.088681,0.154246
BOLIVIA,PANDO,2015-10-04,poisson,3,0.75,hostvector_tempmort,alt,1.0,0.3,0.0,3.085071,0.093146,0.168899
BOLIVIA,PANDO,2015-10-04,poisson,5,1.0,hostvector,central,1.0,0.3,0.0,1.520609,-0.087809,0.053628
BOLIVIA,PANDO,2015-10-04,poisson,5,1.0,hostvector,alt,1.0,0.3,0.0,1.719813,-0.104298,0.061794
BOLIVIA,PANDO,2015-10-04,poisson,5,1.0,seir,central,1.0,0.3,0.0,1.61269,-0.090374,0.062533
BOLIVIA,PANDO,2015-10-04,poisson,5,1.0,seir,alt,1.0,0.3,0.0,1.666221,-0.088543,0.064253
BOLIVIA,PANDO,2015-10-04,poisson,5,1.0,hostvector_tempmort,central,1.0,0.3,0.0,1.450634,-0.089451,0.0526
BOLIVIA,PANDO,2015-10-04,poisson,5,1.0,hostvector_tempmort,alt,1.0,0.3,0.0,1.667252,-0.105739,0.060817
BOLIVIA,PANDO,2015-10-04,poisson,5,0.75,hostvector,central,1.0,0.3,0.0,3.244786,0.174445,0.246603
BOLIVIA,PANDO,2015-10-04,poisson,5,0.75,hostvector,alt,1.0,0.3,0.0,3.584036,0.17897,0.263933
BOLIVIA,PANDO,2015-10-04,poisson,5,0.75,seir,central,1.0,0.3,0.0,3.796918,0.277195,0.372071
BOLIVIA,PANDO,2015-10-04,poisson,5,0.75,seir,alt,1.0,0.3,0.0,3.834215,0.297636,0.388735
BOLIVIA,PANDO,2015-10-04,poisson,5,0.75,hostvector_tempmort,central,1.0,0.3,0.0,3.156589,0.164915,0.246345
BOLIVIA,PANDO,2015-10-04,poisson,5,0.75,hostvector_tempmort,alt,1.0,0.3,0.0,3.495412,0.170727,0.264194
BOLIVIA,PANDO,2015-10-04,poisson,7,1.0,hostvector,central,1.0,0.3,0.0,0.20862,-0.068553,0.083214
BOLIVIA,PANDO,2015-10-04,poisson,7,1.0,hostvector,alt,1.0,0.3,0.0,1.744039,-0.084072,0.088441
BOLIVIA,PANDO,2015-10-04,poisson,7,1.0,seir,central,1.0,0.3,0.0,1.559697,-0.065406,0.095164
BOLIVIA,PANDO,2015-10-04,poisson,7,1.0,seir,alt,1.0,0.3,0.0,1.532801,-0.061882,0.098892
BOLIVIA,PANDO,2015-10-04,poisson,7,1.0,hostvector_tempmort,central,1.0,0.3,0.0,1.275192,-0.071031,0.077415
BOLIVIA,PANDO,2015-10-04,poisson,7,1.0,hostvector_tempmort,alt,1.0,0.3,0.0,0.073779,-0.086345,0.087235
BOLIVIA,PANDO,2015-10-04,poisson,7,0.75,hostvector,central,1.0,0.3,1.761547,3.309755,0.448651,0.314891
BOLIVIA,PANDO,2015-10-04,poisson,7,0.75,hostvector,alt,1.0,0.3,1.544985,3.795486,0.430556,0.357992
BOLIVIA,PANDO,2015-10-04,poisson,7,0.75,seir,central,1.0,0.3,1.789689,3.959901,0.619254,0.481555
BOLIVIA,PANDO,2015-10-04,poisson,7,0.75,seir,alt,1.0,0.3,1.057337,4.077154,0.54037,0.515968
BOLIVIA,PANDO,2015-10-04,poisson,7,0.75,hostvector_tempmort,central,1.0,0.3,1.981361,3.235929,0.453276,0.312006
BOLIVIA,PANDO,2015-10-04,poisson,7,0.75,hostvector_tempmort,alt,1.0,0.3,1.750699,3.708323,0.434795,0.35506
BOLIVIA,SANTA CRUZ,2016-11-06,nb,3,1.0,hostvector,central,1.0,0.3,1.420939,1.020448,0.256757,0.102644
BOLIVIA,SANTA CRUZ,2016-11-06,nb,3,1.0,hostvector,alt,1.0,0.3,1.726587,0.474414,0.309682,0.132783
BOLIVIA,SANTA CRUZ,2016-11-06,nb,3,1.0,seir,central,1.0,0.3,1.384367,1.131635,0.241407,0.103724
BOLIVIA,SANTA CRUZ,2016-11-06,nb,3,1.0,seir,alt,1.0,0.3,1.423637,0.870398,0.247501,0.102215
BOLIVIA,SANTA CRUZ,2016-11-06,nb,3,1.0,hostvector_tempmort,central,1.0,0.3,1.240539,0.812302,0.194976,0.095762
BOLIVIA,SANTA CRUZ,2016-11-06,nb,3,1.0,hostvector_tempmort,alt,1.0,0.3,1.553855,1.195465,0.252924,0.118754
BOLIVIA,SANTA CRUZ,2016-11-06,nb,3,0.75,hostvector,central,1.0,0.3,2.2e-05,0.876763,0.046046,0.117692
BOLIVIA,SANTA CRUZ,2016-11-06,nb,3,0.75,hostvector,alt,1.0,0.3,0.000341,0.99482,0.054205,0.138526
BOLIVIA,SANTA CRUZ,2016-11-06,nb,3,0.75,seir,central,1.0,0.3,0.0,0.58872,0.031582,0.10434
BOLIVIA,SANTA CRUZ,2016-11-06,nb,3,0.75,seir,alt,1.0,0.3,0.0,1.052373,0.031999,0.124812
BOLIVIA,SANTA CRUZ,2016-11-06,nb,3,0.75,hostvector_tempmort,central,1.0,0.3,0.198827,0.883584,0.035102,0.110965
BOLIVIA,SANTA CRUZ,2016-11-06,nb,3,0.75,hostvector_tempmort,alt,1.0,0.3,0.172832,0.99941,0.044396,0.132404
BOLIVIA,SANTA CRUZ,2016-11-06,nb,5,1.0,hostvector,central,1.0,0.3,1.498408,0.909527,0.257396,0.129643
BOLIVIA,SANTA CRUZ,2016-11-06,nb,5,1.0,hostvector,alt,1.0,0.3,1.750482,0.552288,0.292185,0.157487
BOLIVIA,SANTA CRUZ,2016-11-06,nb,5,1.0,seir,central,1.0,0.3,1.525425,1.24563,0.26426,0.120264
BOLIVIA,SANTA CRUZ,2016-11-06,nb,5,1.0,seir,alt,1.0,0.3,1.588267,0.557558,0.277949,0.122207
BOLIVIA,SANTA CRUZ,2016-11-06,nb,5,1.0,hostvector_tempmort,central,1.0,0.3,1.317119,1.004095,0.202122,0.122988
BOLIVIA,SANTA CRUZ,2016-11-06,nb,5,1.0,hostvector_tempmort,alt,1.0,0.3,1.608153,0.496657,0.249598,0.145831
BOLIVIA,SANTA CRUZ,2016-11-06,nb,5,0.75,hostvector,central,1.0,0.3,0.0,,0.048496,
BOLIVIA,SANTA CRUZ,2016-11-06,nb,5,0.75,hostvector,alt,1.0,0.3,0.0,,0.056871,
BOLIVIA,SANTA CRUZ,2016-11-06,nb,5,0.75,seir,central,1.0,0.3,0.0,0.061221,0.037161,0.105296
BOLIVIA,SANTA CRUZ,2016-11-06,nb,5,0.75,seir,alt,1.0,0.3,0.0,0.052138,0.038718,0.09999
BOLIVIA,SANTA CRUZ,2016-11-06,nb,5,0.75,hostvector_tempmort,central,1.0,0.3,2e-06,0.625936,0.011384,0.115553
BOLIVIA,SANTA CRUZ,2016-11-06,nb,5,0.75,hostvector_tempmort,alt,1.0,0.3,0.0,0.018201,0.022825,0.081056
BOLIVIA,SANTA CRUZ,2016-11-06,nb,7,1.0,hostvector,central,1.0,0.3,0.552992,0.731598,0.267341,0.133406
BOLIVIA,SANTA CRUZ,2016-11-06,nb,7,1.0,hostvector,alt,1.0,0.3,0.252899,0.877508,0.239047,0.17388
BOLIVIA,SANTA CRUZ,2016-11-06,nb,7,1.0,seir,central,1.0,0.3,0.749219,0.736108,0.312594,0.114488
BOLIVIA,SANTA CRUZ,2016-11-06,nb,7,1.0,seir,alt,1.0,0.3,0.750063,0.738413,0.32268,0.117274
BOLIVIA,SANTA CRUZ,2016-11-06,nb,7,1.0,hostvector_tempmort,central,1.0,0.3,0.753154,0.707085,0.251031,0.119476
BOLIVIA,SANTA CRUZ,2016-11-06,nb,7,1.0,hostvector_tempmort,alt,1.0,0.3,0.662083,0.841481,0.270547,0.156671
BOLIVIA,SANTA CRUZ,2016-11-06,nb,7,0.75,hostvector,central,1.0,0.3,0.0,,0.065648,
BOLIVIA,SANTA CRUZ,2016-11-06,nb,7,0.75,hostvector,alt,1.0,0.3,0.0,0.00066,0.079809,0.109075
BOLIVIA,SANTA CRUZ,2016-11-06,nb,7,0.75,seir,central,1.0,0.3,0.0,3.5e-05,0.051244,0.166188
BOLIVIA,SANTA CRUZ,2016-11-06,nb,7,0.75,seir,alt,1.0,0.3,0.0,,0.059889,
BOLIVIA,SANTA CRUZ,2016-11-06,nb,7,0.75,hostvector_tempmort,central,1.0,0.3,1e-06,0.498493,0.015577,0.159025
BOLIVIA,SANTA CRUZ,2016-11-06,nb,7,0.75,hostvector_tempmort,alt,1.0,0.3,0.0,0.002474,0.032779,0.127546
BOLIVIA,SANTA CRUZ,2016-11-06,poisson,3,1.0,hostvector,central,1.0,0.3,0.895783,0.771604,0.108735,0.075963
BOLIVIA,SANTA CRUZ,2016-11-06,poisson,3,1.0,hostvector,alt,1.0,0.3,1.081636,0.9467,0.133708,0.09014
BOLIVIA,SANTA CRUZ,2016-11-06,poisson,3,1.0,seir,central,1.0,0.3,0.88502,0.884792,0.104114,0.077056
BOLIVIA,SANTA CRUZ,2016-11-06,poisson,3,1.0,seir,alt,1.0,0.3,0.899658,0.923662,0.106271,0.077814
BOLIVIA,SANTA CRUZ,2016-11-06,poisson,3,1.0,hostvector_tempmort,central,1.0,0.3,0.767982,0.723637,0.062275,0.07206
BOLIVIA,SANTA CRUZ,2016-11-06,poisson,3,1.0,hostvector_tempmort,alt,1.0,0.3,0.952017,0.885503,0.088716,0.085549
BOLIVIA,SANTA CRUZ,2016-11-06,poisson,3,0.75,hostvector,central,1.0,0.3,0.305013,0.943217,0.046737,0.099142
BOLIVIA,SANTA CRUZ,2016-11-06,poisson,3,0.75,hostvector,alt,1.0,0.3,0.293468,1.062318,0.051024,0.118195
BOLIVIA,SANTA CRUZ,2016-11-06,poisson,3,0.75,seir,central,1.0,0.3,0.349144,1.065161,0.043322,0.102087
BOLIVIA,SANTA CRUZ,2016-11-06,poisson,3,0.75,seir,alt,1.0,0.3,0.301935,1.09976,0.039687,0.104079
BOLIVIA,SANTA CRUZ,2016-11-06,poisson,3,0.75,hostvector_tempmort,central,1.0,0.3,0.544381,0.995372,0.031839,0.091758
BOLIVIA,SANTA CRUZ,2016-11-06,poisson,3,0.75,hostvector_tempmort,alt,1.0,0.3,0.490341,1.100686,0.038423,0.111284
BOLIVIA,SANTA CRUZ,2016-11-06,poisson,5,1.0,hostvector,central,1.0,0.3,0.968853,0.836913,0.113052,0.088368
BOLIVIA,SANTA CRUZ,2016-11-06,poisson,5,1.0,hostvector,alt,1.0,0.3,1.163182,1.017071,0.136406,0.107917
BOLIVIA,SANTA CRUZ,2016-11-06,poisson,5,1.0,seir,central,1.0,0.3,0.970921,0.898362,0.114734,0.08357
BOLIVIA,SANTA CRUZ,2016-11-06,poisson,5,1.0,seir,alt,1.0,0.3,0.994686,0.276883,0.119899,0.084532
BOLIVIA,SANTA CRUZ,2016-11-06,poisson,5,1.0,hostvector_tempmort,central,1.0,0.3,0.818978,0.264393,0.068716,0.081456
BOLIVIA,SANTA CRUZ,2016-11-06,poisson,5,1.0,hostvector_tempmort,alt,1.0,0.3,1.013834,0.947378,0.093997,0.101262
BOLIVIA,SANTA CRUZ,2016-11-06,poisson,5,0.75,hostvector,central,1.0,0.3,0.024569,0.704549,0.021539,0.100856
BOLIVIA,SANTA CRUZ,2016-11-06,poisson,5,0.75,hostvector,alt,1.0,0.3,0.0,0.792093,0.022097,0.117412
BOLIVIA,SANTA CRUZ,2016-11-06,poisson,5,0.75,seir,central,1.0,0.3,0.083346,0.811199,0.02351,0.10712
BOLIVIA,SANTA CRUZ,2016-11-06,poisson,5,0.75,seir,alt,1.0,0.3,0.055263,0.826266,0.022807,0.109449
BOLIVIA,SANTA CRUZ,2016-11-06,poisson,5,0.75,hostvector_tempmort,central,1.0,0.3,0.275412,0.746436,0.010878,0.100108
BOLIVIA,SANTA CRUZ,2016-11-06,poisson,5,0.75,hostvector_tempmort,alt,1.0,0.3,0.205914,0.814386,0.013102,0.115932
BOLIVIA,SANTA CRUZ,2016-11-06,poisson,7,1.0,hostvector,central,1.0,0.3,1.130101,0.94024,0.148119,0.118588
BOLIVIA,SANTA CRUZ,2016-11-06,poisson,7,1.0,hostvector,alt,1.0,0.3,1.345796,1.167181,0.175889,0.143447
BOLIVIA,SANTA CRUZ,2016-11-06,poisson,7,1.0,seir,central,1.0,0.3,1.148615,0.959345,0.154476,0.107832
BOLIVIA,SANTA CRUZ,2016-11-06,poisson,7,1.0,seir,alt,1.0,0.3,1.180043,1.013997,0.161165,0.112451
BOLIVIA,SANTA CRUZ,2016-11-06,poisson,7,1.0,hostvector_tempmort,central,1.0,0.3,0.971129,0.845765,0.107445,0.115323
BOLIVIA,SANTA CRUZ,2016-11-06,poisson,7,1.0,hostvector_tempmort,alt,1.0,0.3,1.18934,1.05797,0.13682,0.135115
BOLIVIA,SANTA CRUZ,2016-11-06,poisson,7,0.75,hostvector,central,1.0,0.3,0.010602,0.590374,0.042294,0.131076
BOLIVIA,SANTA CRUZ,2016-11-06,poisson,7,0.75,hostvector,alt,1.0,0.3,0.007089,0.668564,0.048046,0.149474
BOLIVIA,SANTA CRUZ,2016-11-06,poisson,7,0.75,seir,central,1.0,0.3,0.031813,0.661172,0.048591,0.148748
BOLIVIA,SANTA CRUZ,2016-11-06,poisson,7,0.75,seir,alt,1.0,0.3,0.006218,0.659652,0.053895,0.153099
BOLIVIA,SANTA CRUZ,2016-11-06,poisson,7,0.75,hostvector_tempmort,central,1.0,0.3,0.261506,0.609296,0.040156,0.137337
BOLIVIA,SANTA CRUZ,2016-11-06,poisson,7,0.75,hostvector_tempmort,alt,1.0,0.3,0.221074,0.671466,0.046464,0.154019
ARGENTINA,ARGENTINA,2013-12-29,nb,3,1.0,hostvector,central,1.0,0.3,1.347102,0.462708,0.184544,0.073745
ARGENTINA,ARGENTINA,2013-12-29,nb,3,1.0,hostvector,alt,1.0,0.3,1.847068,0.617588,0.253017,0.089037
ARGENTINA,ARGENTINA,2013-12-29,nb,3,1.0,seir,central,1.0,0.3,1.295115,0.430766,0.16403,0.077896
ARGENTINA,ARGENTINA,2013-12-29,nb,3,1.0,seir,alt,1.0,0.3,1.430403,0.660035,0.189647,0.090052
ARGENTINA,ARGENTINA,2013-12-29,nb,3,1.0,hostvector_tempmort,central,1.0,0.3,0.979438,0.395051,0.142081,0.067641
ARGENTINA,ARGENTINA,2013-12-29,nb,3,1.0,hostvector_tempmort,alt,1.0,0.3,1.399035,0.547929,0.20028,0.080817
ARGENTINA,ARGENTINA,2013-12-29,nb,3,0.75,hostvector,central,1.0,0.3,1.347054,0.487353,0.184538,0.078113
ARGENTINA,ARGENTINA,2013-12-29,nb,3,0.75,hostvector,alt,1.0,0.3,1.846481,0.494699,0.25294,0.097005
ARGENTINA,ARGENTINA,2013-12-29,nb,3,0.75,seir,central,1.0,0.3,1.295122,0.604305,0.16404,0.089829
ARGENTINA,ARGENTINA,2013-12-29,nb,3,0.75,seir,alt,1.0,0.3,1.430429,0.607108,0.189647,0.077397
ARGENTINA,ARGENTINA,2013-12-29,nb,3,0.75,hostvector_tempmort,central,1.0,0.3,0.979637,0.472506,0.142144,0.080815
ARGENTINA,ARGENTINA,2013-12-29,nb,3,0.75,hostvector_tempmort,alt,1.0,0.3,1.399018,0.619646,0.200273,0.091619
ARGENTINA,ARGENTINA,2013-12-29,nb,5,1.0,hostvector,central,1.0,0.3,1.100357,0.491881,0.311424,0.05258
ARGENTINA,ARGENTINA,2013-12-29,nb,5,1.0,hostvector,alt,1.0,0.3,2.529263,0.389185,0.37746,0.10433
ARGENTINA,ARGENTINA,2013-12-29,nb,5,1.0,seir,central,1.0,0.3,0.703847,0.574863,0.319126,0.049015
ARGENTINA,ARGENTINA,2013-12-29,nb,5,1.0,seir,alt,1.0,0.3,0.689278,0.551892,0.366858,0.054082
ARGENTINA,ARGENTINA,2013-12-29,nb,5,1.0,hostvector_tempmort,central,1.0,0.3,0.672822,0.4496,0.242208,0.044123
ARGENTINA,ARGENTINA,2013-12-29,nb,5,1.0,hostvector_tempmort,alt,1.0,0.3,1.097834,0.53951,0.342512,0.060313
ARGENTINA,ARGENTINA,2013-12-29,nb,5,0.75,hostvector,central,1.0,0.3,1.099965,0.587837,0.311404,0.062835
ARGENTINA,ARGENTINA,2013-12-29,nb,5,0.75,hostvector,alt,1.0,0.3,2.528634,0.827206,0.37733,0.133094
ARGENTINA,ARGENTINA,2013-12-29,nb,5,0.75,seir,central,1.0,0.3,0.703818,0.687075,0.319133,0.058582
ARGENTINA,ARGENTINA,2013-12-29,nb,5,0.75,seir,alt,1.0,0.3,0.689048,0.659563,0.366841,0.064634
ARGENTINA,ARGENTINA,2013-12-29,nb,5,0.75,hostvector_tempmort,central,1.0,0.3,0.672573,0.537295,0.242214,0.052727
ARGENTINA,ARGENTINA,2013-12-29,nb,5,0.75,hostvector_tempmort,alt,1.0,0.3,1.096092,0.644479,0.342423,0.072048
ARGENTINA,ARGENTINA,2013-12-29,nb,7,1.0,hostvector,central,1.0,0.3,0.016009,0.098381,0.352577,0.026599
ARGENTINA,ARGENTINA,2013-12-29,nb,7,1.0,hostvector,alt,1.0,0.3,0.021408,0.133817,0.399237,0.031331
ARGENTINA,ARGENTINA,2013-12-29,nb,7,1.0,seir,central,1.0,0.3,1.387075,0.450948,0.1019,0.090171
ARGENTINA,ARGENTINA,2013-12-29,nb,7,1.0,seir,alt,1.0,0.3,1.440388,0.518509,0.093064,0.095236
ARGENTINA,ARGENTINA,2013-12-29,nb,7,1.0,hostvector_tempmort,central,1.0,0.3,0.0,0.11783,0.326428,0.035681
ARGENTINA,ARGENTINA,2013-12-29,nb,7,1.0,hostvector_tempmort,alt,1.0,0.3,0.0,0.134604,0.376935,0.038289
ARGENTINA,ARGENTINA,2013-12-29,nb,7,0.75,hostvector,central,1.0,0.3,0.01456,0.11722,0.352296,0.031742
ARGENTINA,ARGENTINA,2013-12-29,nb,7,0.75,hostvector,alt,1.0,0.3,0.017355,0.158176,0.398221,0.03724
ARGENTINA,ARGENTINA,2013-12-29,nb,7,0.75,seir,central,1.0,0.3,1.387113,0.337679,0.10191,0.10189
ARGENTINA,ARGENTINA,2013-12-29,nb,7,0.75,seir,alt,1.0,0.3,1.440383,0.620165,0.093056,0.113781
ARGENTINA,ARGENTINA,2013-12-29,nb,7,0.75,hostvector_tempmort,central,1.0,0.3,0.0,0.000525,0.326422,0.042068
ARGENTINA,ARGENTINA,2013-12-29,nb,7,0.75,hostvector_tempmort,alt,1.0,0.3,0.0,0.000676,0.376928,0.044817
ARGENTINA,ARGENTINA,2013-12-29,poisson,3,1.0,hostvector,central,1.0,0.3,0.815549,0.200235,0.130946,0.049207
ARGENTINA,ARGENTINA,2013-12-29,poisson,3,1.0,hostvector,alt,1.0,0.3,1.014223,0.688852,0.164292,0.05468
ARGENTINA,ARGENTINA,2013-12-29,poisson,3,1.0,seir,central,1.0,0.3,0.902041,0.721713,0.11248,0.05696
ARGENTINA,ARGENTINA,2013-12-29,poisson,3,1.0,seir,alt,1.0,0.3,0.971248,0.83323,0.12483,0.059849
ARGENTINA,ARGENTINA,2013-12-29,poisson,3,1.0,hostvector_tempmort,central,1.0,0.3,0.584721,0.491301,0.110033,0.043255
ARGENTINA,ARGENTINA,2013-12-29,poisson,3,1.0,hostvector_tempmort,alt,1.0,0.3,0.764691,0.63105,0.141463,0.051651
ARGENTINA,ARGENTINA,2013-12-29,poisson,3,0.75,hostvector,central,1.0,0.3,0.815544,0.231984,0.130945,0.050184
ARGENTINA,ARGENTINA,2013-12-29,poisson,3,0.75,hostvector,alt,1.0,0.3,1.014148,0.817166,0.164282,0.064938
ARGENTINA,ARGENTINA,2013-12-29,poisson,3,0.75,seir,central,1.0,0.3,0.902034,0.844433,0.112479,0.066223
ARGENTINA,ARGENTINA,2013-12-29,poisson,3,0.75,seir,alt,1.0,0.3,0.971243,0.98321,0.124829,0.070523
ARGENTINA,ARGENTINA,2013-12-29,poisson,3,0.75,hostvector_tempmort,central,1.0,0.3,0.584721,0.544332,0.110033,0.056432
ARGENTINA,ARGENTINA,2013-12-29,poisson,3,0.75,hostvector_tempmort,alt,1.0,0.3,0.76468,0.745907,0.141462,0.061294
ARGENTINA,ARGENTINA,2013-12-29,poisson,5,1.0,hostvector,central,1.0,0.3,0.099499,0.280247,0.20696,0.041287
ARGENTINA,ARGENTINA,2013-12-29,poisson,5,1.0,hostvector,alt,1.0,0.3,0.134431,0.351398,0.241471,0.052136
ARGENTINA,ARGENTINA,2013-12-29,poisson,5,1.0,seir,central,1.0,0.3,0.040309,0.294929,0.251853,0.050907
ARGENTINA,ARGENTINA,2013-12-29,poisson,5,1.0,seir,alt,1.0,0.3,0.000359,0.261311,0.274274,0.053885
ARGENTINA,ARGENTINA,2013-12-29,poisson,5,1.0,hostvector_tempmort,central,1.0,0.3,0.0,0.007352,0.186127,0.033866
ARGENTINA,ARGENTINA,2013-12-29,poisson,5,1.0,hostvector_tempmort,alt,1.0,0.3,0.0,0.392983,0.218116,0.053356
ARGENTINA,ARGENTINA,2013-12-29,poisson,5,0.75,hostvector,central,1.0,0.3,0.098183,0.333382,0.206833,0.049041
ARGENTINA,ARGENTINA,2013-12-29,poisson,5,0.75,hostvector,alt,1.0,0.3,0.130568,0.418553,0.241022,0.06197
ARGENTINA,ARGENTINA,2013-12-29,poisson,5,0.75,seir,central,1.0,0.3,0.039519,0.352152,0.251824,0.060437
ARGENTINA,ARGENTINA,2013-12-29,poisson,5,0.75,seir,alt,1.0,0.3,0.0,0.335176,0.274171,0.064478
ARGENTINA,ARGENTINA,2013-12-29,poisson,5,0.75,hostvector_tempmort,central,1.0,0.3,0.0,0.368666,0.186126,0.049284
ARGENTINA,ARGENTINA,2013-12-29,poisson,5,0.75,hostvector_tempmort,alt,1.0,0.3,0.0,0.480048,0.218113,0.064735
ARGENTINA,ARGENTINA,2013-12-29,poisson,7,1.0,hostvector,central,1.0,0.3,0.548489,0.437412,-0.020562,0.070749
ARGENTINA,ARGENTINA,2013-12-29,poisson,7,1.0,hostvector,alt,1.0,0.3,0.67452,0.55393,-0.021663,0.08753
ARGENTINA,ARGENTINA,2013-12-29,poisson,7,1.0,seir,central,1.0,0.3,0.651585,0.549576,-0.007424,0.072667
ARGENTINA,ARGENTINA,2013-12-29,poisson,7,1.0,seir,alt,1.0,0.3,0.636568,0.594605,-0.020786,0.076524
ARGENTINA,ARGENTINA,2013-12-29,poisson,7,1.0,hostvector_tempmort,central,1.0,0.3,0.369848,,-0.018971,
ARGENTINA,ARGENTINA,2013-12-29,poisson,7,1.0,hostvector_tempmort,alt,1.0,0.3,0.479446,0.508599,-0.024073,0.082191
ARGENTINA,ARGENTINA,2013-12-29,poisson,7,0.75,hostvector,central,1.0,0.3,0.548428,0.519861,-0.020576,0.083961
ARGENTINA,ARGENTINA,2013-12-29,poisson,7,0.75,hostvector,alt,1.0,0.3,0.674182,0.658134,-0.021738,0.103877
ARGENTINA,ARGENTINA,2013-12-29,poisson,7,0.75,seir,central,1.0,0.3,0.651587,0.65223,-0.007423,0.086265
ARGENTINA,ARGENTINA,2013-12-29,poisson,7,0.75,seir,alt,1.0,0.3,0.636568,0.706318,-0.020784,0.090839
ARGENTINA,ARGENTINA,2013-12-29,poisson,7,0.75,hostvector_tempmort,central,1.0,0.3,0.369838,0.287532,-0.018973,0.075877
ARGENTINA,ARGENTINA,2013-12-29,poisson,7,0.75,hostvector_tempmort,alt,1.0,0.3,0.479463,0.603655,-0.024064,0.097594
BELIZE,BELIZE,2019-04-28,nb,3,1.0,hostvector,central,1.0,0.3,0.0,0.003883,0.110471,0.022392
BELIZE,BELIZE,2019-04-28,nb,3,1.0,hostvector,alt,1.0,0.3,0.0,0.011919,0.126923,0.024865
BELIZE,BELIZE,2019-04-28,nb,3,1.0,seir,central,1.0,0.3,0.0,0.59577,0.111741,0.02453
BELIZE,BELIZE,2019-04-28,nb,3,1.0,seir,alt,1.0,0.3,1e-06,0.847945,0.112718,0.032719
BELIZE,BELIZE,2019-04-28,nb,3,1.0,hostvector_tempmort,central,1.0,0.3,0.0,0.602382,0.099231,0.029546
BELIZE,BELIZE,2019-04-28,nb,3,1.0,hostvector_tempmort,alt,1.0,0.3,0.0,0.732269,0.115941,0.040395
BELIZE,BELIZE,2019-04-28,nb,3,0.75,hostvector,central,1.0,0.3,1.923809,1.274835,0.255666,0.058494
BELIZE,BELIZE,2019-04-28,nb,3,0.75,hostvector,alt,1.0,0.3,2.389544,1.575018,0.298132,0.070311
BELIZE,BELIZE,2019-04-28,nb,3,0.75,seir,central,1.0,0.3,1.248855,1.133744,0.243322,0.058676
BELIZE,BELIZE,2019-04-28,nb,3,0.75,seir,alt,1.0,0.3,1.281683,1.121356,0.248445,0.059013
BELIZE,BELIZE,2019-04-28,nb,3,0.75,hostvector_tempmort,central,1.0,0.3,2.203852,1.194304,0.248127,0.055821
BELIZE,BELIZE,2019-04-28,nb,3,0.75,hostvector_tempmort,alt,1.0,0.3,2.62413,1.458435,0.289932,0.066298
BELIZE,BELIZE,2019-04-28,nb,5,1.0,hostvector,central,1.0,0.3,0.0,0.001169,0.096087,0.026904
BELIZE,BELIZE,2019-04-28,nb,5,1.0,hostvector,alt,1.0,0.3,0.0,0.011598,0.110266,0.030699
BELIZE,BELIZE,2019-04-28,nb,5,1.0,seir,central,1.0,0.3,0.0,0.84117,0.096552,0.045726
BELIZE,BELIZE,2019-04-28,nb,5,1.0,seir,alt,1.0,0.3,0.0,1.089323,0.097799,0.050754
BELIZE,BELIZE,2019-04-28,nb,5,1.0,hostvector_tempmort,central,1.0,0.3,0.0,0.004553,0.08418,0.025181
BELIZE,BELIZE,2019-04-28,nb,5,1.0,hostvector_tempmort,alt,1.0,0.3,0.0,1.007366,0.098777,0.063353
BELIZE,BELIZE,2019-04-28,nb,5,0.75,hostvector,central,1.0,0.3,0.0,1.146556,0.082724,0.068026
BELIZE,BELIZE,2019-04-28,nb,5,0.75,hostvector,alt,1.0,0.3,0.0,1.341527,0.09328,0.078631
BELIZE,BELIZE,2019-04-28,nb,5,0.75,seir,central,1.0,0.3,0.0,1.127805,0.084392,0.069242
BELIZE,BELIZE,2019-04-28,nb,5,0.75,seir,alt,1.0,0.3,0.0,1.131719,0.084244,0.069842
BELIZE,BELIZE,2019-04-28,nb,5,0.75,hostvector_tempmort,central,1.0,0.3,2e-06,1.069054,0.066153,0.064252
BELIZE,BELIZE,2019-04-28,nb,5,0.75,hostvector_tempmort,alt,1.0,0.3,0.0,0.00293,0.077558,0.062949
BELIZE,BELIZE,2019-04-28,nb,7,1.0,hostvector,central,1.0,0.3,0.0,0.884647,0.077618,0.060119
BELIZE,BELIZE,2019-04-28,nb,7,1.0,hostvector,alt,1.0,0.3,0.0,0.064017,0.090622,0.043135
BELIZE,BELIZE,2019-04-28,nb,7,1.0,seir,central,1.0,0.3,0.0,0.911673,0.067687,0.053462
BELIZE,BELIZE,2019-04-28,nb,7,1.0,seir,alt,1.0,0.3,0.0,0.981333,0.066532,0.059476
BELIZE,BELIZE,2019-04-28,nb,7,1.0,hostvector_tempmort,central,1.0,0.3,0.0,0.313162,0.069537,0.035524
BELIZE,BELIZE,2019-04-28,nb,7,1.0,hostvector_tempmort,alt,1.0,0.3,0.0,0.001844,0.082369,0.037512
BELIZE,BELIZE,2019-04-28,nb,7,0.75,hostvector,central,1.0,0.3,0.0,0.396399,0.073893,0.07381
BELIZE,BELIZE,2019-04-28,nb,7,0.75,hostvector,alt,1.0,0.3,0.0,1.05292,0.08519,0.082625
BELIZE,BELIZE,2019-04-28,nb,7,0.75,seir,central,1.0,0.3,0.0,,0.060672,
BELIZE,BELIZE,2019-04-28,nb,7,0.75,seir,alt,1.0,0.3,0.0,1.150522,0.057225,0.079996
BELIZE,BELIZE,2019-04-28,nb,7,0.75,hostvector_tempmort,central,1.0,0.3,0.0,0.973361,0.058667,0.067712
BELIZE,BELIZE,2019-04-28,nb,7,0.75,hostvector_tempmort,alt,1.0,0.3,0.0,1.120703,0.070154,0.078829
BELIZE,BELIZE,2019-04-28,poisson,3,1.0,hostvector,central,1.0,0.3,0.0,0.729735,0.077376,0.034693
BELIZE,BELIZE,2019-04-28,poisson,3,1.0,hostvector,alt,1.0,0.3,0.0,0.803621,0.089585,0.040273
BELIZE,BELIZE,2019-04-28,poisson,3,1.0,seir,central,1.0,0.3,0.0,0.87106,0.075352,0.036067
BELIZE,BELIZE,2019-04-28,poisson,3,1.0,seir,alt,1.0,0.3,0.0,0.915164,0.074207,0.03692
BELIZE,BELIZE,2019-04-28,poisson,3,1.0,hostvector_tempmort,central,1.0,0.3,0.0,0.663572,0.066292,0.033704
BELIZE,BELIZE,2019-04-28,poisson,3,1.0,hostvector_tempmort,alt,1.0,0.3,0.0,0.738322,0.078714,0.039214
BELIZE,BELIZE,2019-04-28,poisson,3,0.75,hostvector,central,1.0,0.3,2.328344,2.070091,0.286298,0.089315
BELIZE,BELIZE,2019-04-28,poisson,3,0.75,hostvector,alt,1.0,0.3,2.958006,2.401696,0.337454,0.103515
BELIZE,BELIZE,2019-04-28,poisson,3,0.75,seir,central,1.0,0.3,2.955555,2.141775,0.334837,0.089636
BELIZE,BELIZE,2019-04-28,poisson,3,0.75,seir,alt,1.0,0.3,3.634182,2.170059,0.368741,0.089951
BELIZE,BELIZE,2019-04-28,poisson,3,0.75,hostvector_tempmort,central,1.0,0.3,2.45007,2.029804,0.27709,0.087243
BELIZE,BELIZE,2019-04-28,poisson,3,0.75,hostvector_tempmort,alt,1.0,0.3,3.062774,2.35159,0.328319,0.10099
BELIZE,BELIZE,2019-04-28,poisson,5,1.0,hostvector,central,1.0,0.3,0.0,1.048047,0.029739,0.050416
BELIZE,BELIZE,2019-04-28,poisson,5,1.0,hostvector,alt,1.0,0.3,0.0,1.164182,0.034349,0.060901
BELIZE,BELIZE,2019-04-28,poisson,5,1.0,seir,central,1.0,0.3,0.0,0.25389,0.027759,0.031292
BELIZE,BELIZE,2019-04-28,poisson,5,1.0,seir,alt,1.0,0.3,0.0,,0.027661,
BELIZE,BELIZE,2019-04-28,poisson,5,1.0,hostvector_tempmort,central,1.0,0.3,0.0,0.905783,0.018967,0.045608
BELIZE,BELIZE,2019-04-28,poisson,5,1.0,hostvector_tempmort,alt,1.0,0.3,0.0,1.029038,0.024063,0.059379
BELIZE,BELIZE,2019-04-28,poisson,5,0.75,hostvector,central,1.0,0.3,0.0,1.743383,0.025379,0.087564
BELIZE,BELIZE,2019-04-28,poisson,5,0.75,hostvector,alt,1.0,0.3,0.0,1.918958,0.028173,0.100181
BELIZE,BELIZE,2019-04-28,poisson,5,0.75,seir,central,1.0,0.3,0.0,1.937708,0.028844,0.096015
BELIZE,BELIZE,2019-04-28,poisson,5,0.75,seir,alt,1.0,0.3,0.0,1.901891,0.028275,0.094694
BELIZE,BELIZE,2019-04-28,poisson,5,0.75,hostvector_tempmort,central,1.0,0.3,0.0,1.62431,0.008871,0.08422
BELIZE,BELIZE,2019-04-28,poisson,5,0.75,hostvector_tempmort,alt,1.0,0.3,0.0,1.768517,0.01297,0.097938
BELIZE,BELIZE,2019-04-28,poisson,7,1.0,hostvector,central,1.0,0.3,0.0,1.023418,0.004312,0.061794
BELIZE,BELIZE,2019-04-28,poisson,7,1.0,hostvector,alt,1.0,0.3,0.0,1.211938,0.00465,0.072854
BELIZE,BELIZE,2019-04-28,poisson,7,1.0,seir,central,1.0,0.3,0.0,1.344688,0.00123,0.064727
BELIZE,BELIZE,2019-04-28,poisson,7,1.0,seir,alt,1.0,0.3,0.0,1.419113,0.001204,0.066958
BELIZE,BELIZE,2019-04-28,poisson,7,1.0,hostvector_tempmort,central,1.0,0.3,0.0,0.9851,-0.005294,0.058188
BELIZE,BELIZE,2019-04-28,poisson,7,1.0,hostvector_tempmort,alt,1.0,0.3,0.0,1.00056,-0.004565,0.063775
BELIZE,BELIZE,2019-04-28,poisson,7,0.75,hostvector,central,1.0,0.3,0.0,1.590049,-0.00877,0.082803
BELIZE,BELIZE,2019-04-28,poisson,7,0.75,hostvector,alt,1.0,0.3,0.0,1.802884,-0.011081,0.094807
BELIZE,BELIZE,2019-04-28,poisson,7,0.75,seir,central,1.0,0.3,0.0,,-0.008648,
BELIZE,BELIZE,2019-04-28,poisson,7,0.75,seir,alt,1.0,0.3,0.0,0.006633,-0.012186,0.135661
BELIZE,BELIZE,2019-04-28,poisson,7,0.75,hostvector_tempmort,central,1.0,0.3,0.0,1.450837,-0.034214,0.078486
BELIZE,BELIZE,2019-04-28,poisson,7,0.75,hostvector_tempmort,alt,1.0,0.3,0.0,1.597816,-0.034834,0.089775
BOLIVIA,COCHABAMBA,2018-09-16,nb,3,1.0,hostvector,central,1.0,0.3,0.37264,0.21717,-0.542736,0.190925
BOLIVIA,COCHABAMBA,2018-09-16,nb,3,1.0,hostvector,alt,1.0,0.3,0.578697,0.299336,-0.568272,0.240991
BOLIVIA,COCHABAMBA,2018-09-16,nb,3,1.0,seir,central,1.0,0.3,0.179153,0.191495,-0.588023,0.199005
BOLIVIA,COCHABAMBA,2018-09-16,nb,3,1.0,seir,alt,1.0,0.3,0.168295,0.175798,-0.731107,0.231987
BOLIVIA,COCHABAMBA,2018-09-16,nb,3,1.0,hostvector_tempmort,central,1.0,0.3,0.031275,0.099973,-0.401748,0.12315
BOLIVIA,COCHABAMBA,2018-09-16,nb,3,1.0,hostvector_tempmort,alt,1.0,0.3,0.032769,0.087714,-0.533511,0.156358
BOLIVIA,COCHABAMBA,2018-09-16,nb,3,0.75,hostvector,central,1.0,0.3,0.372452,0.254825,-0.542822,0.223927
BOLIVIA,COCHABAMBA,2018-09-16,nb,3,0.75,hostvector,alt,1.0,0.3,0.578459,0.351086,-0.56839,0.28262
BOLIVIA,COCHABAMBA,2018-09-16,nb,3,0.75,seir,central,1.0,0.3,0.17785,0.226994,-0.588481,0.233727
BOLIVIA,COCHABAMBA,2018-09-16,nb,3,0.75,seir,alt,1.0,0.3,0.164832,0.212855,-0.732921,0.273398
BOLIVIA,COCHABAMBA,2018-09-16,nb,3,0.75,hostvector_tempmort,central,1.0,0.3,0.028223,0.126025,-0.40312,0.14587
BOLIVIA,COCHABAMBA,2018-09-16,nb,3,0.75,hostvector_tempmort,alt,1.0,0.3,0.024827,0.122278,-0.538051,0.187608
BOLIVIA,COCHABAMBA,2018-09-16,nb,5,1.0,hostvector,central,1.0,0.3,0.059907,0.054721,-0.846357,0.191292
BOLIVIA,COCHABAMBA,2018-09-16,nb,5,1.0,hostvector,alt,1.0,0.3,0.095889,0.096072,-1.04072,0.269461
BOLIVIA,COCHABAMBA,2018-09-16,nb,5,1.0,seir,central,1.0,0.3,0.02983,0.048796,-0.754869,0.20647
BOLIVIA,COCHABAMBA,2018-09-16,nb,5,1.0,seir,alt,1.0,0.3,0.025445,0.052489,-0.762246,0.238631
BOLIVIA,COCHABAMBA,2018-09-16,nb,5,1.0,hostvector_tempmort,central,1.0,0.3,0.0,0.104102,-0.497949,0.155386
BOLIVIA,COCHABAMBA,2018-09-16,nb,5,1.0,hostvector_tempmort,alt,1.0,0.3,0.0,0.145408,-0.595125,0.20916
BOLIVIA,COCHABAMBA,2018-09-16,nb,5,0.75,hostvector,central,1.0,0.3,3e-05,0.102233,-0.889265,0.23514
BOLIVIA,COCHABAMBA,2018-09-16,nb,5,0.75,hostvector,alt,1.0,0.3,0.037127,0.154775,-1.077709,0.32715
BOLIVIA,COCHABAMBA,2018-09-16,nb,5,0.75,seir,central,1.0,0.3,0.0,,-0.797522,
BOLIVIA,COCHABAMBA,2018-09-16,nb,5,0.75,seir,alt,1.0,0.3,0.0,0.160537,-0.802523,0.299619
BOLIVIA,COCHABAMBA,2018-09-16,nb,5,0.75,hostvector_tempmort,central,1.0,0.3,0.0,0.178752,-0.498248,0.195618
BOLIVIA,COCHABAMBA,2018-09-16,nb,5,0.75,hostvector_tempmort,alt,1.0,0.3,1e-06,0.248026,-0.595554,0.26697
BOLIVIA,COCHABAMBA,2018-09-16,nb,7,1.0,hostvector,central,1.0,0.3,0.0,,0.689711,
BOLIVIA,COCHABAMBA,2018-09-16,nb,7,1.0,hostvector,alt,1.0,0.3,0.0,0.287171,0.69006,0.306153
BOLIVIA,COCHABAMBA,2018-09-16,nb,7,1.0,seir,central,1.0,0.3,0.017545,0.311019,-0.200332,0.253297
BOLIVIA,COCHABAMBA,2018-09-16,nb,7,1.0,seir,alt,1.0,0.3,0.069256,0.384629,-0.147208,0.276287
BOLIVIA,COCHABAMBA,2018-09-16,nb,7,1.0,hostvector_tempmort,central,1.0,0.3,1e-06,0.239206,-0.128713,0.179709
BOLIVIA,COCHABAMBA,2018-09-16,nb,7,1.0,hostvector_tempmort,alt,1.0,0.3,0.0,0.235158,-0.116675,0.197525
BOLIVIA,COCHABAMBA,2018-09-16,nb,7,0.75,hostvector,central,1.0,0.3,0.0,,0.689713,
BOLIVIA,COCHABAMBA,2018-09-16,nb,7,0.75,hostvector,alt,1.0,0.3,0.0,0.009461,0.690037,0.117852
BOLIVIA,COCHABAMBA,2018-09-16,nb,7,0.75,seir,central,1.0,0.3,0.016145,0.37471,-0.200895,0.300781
BOLIVIA,COCHABAMBA,2018-09-16,nb,7,0.75,seir,alt,1.0,0.3,0.068831,0.45258,-0.147333,0.324555
BOLIVIA,COCHABAMBA,2018-09-16,nb,7,0.75,hostvector_tempmort,central,1.0,0.3,0.0,0.225347,-0.128689,0.189718
BOLIVIA,COCHABAMBA,2018-09-16,nb,7,0.75,hostvector_tempmort,alt,1.0,0.3,1e-06,0.352294,-0.116654,0.253481
BOLIVIA,COCHABAMBA,2018-09-16,poisson,3,1.0,hostvector,central,1.0,0.3,0.054789,0.056036,-0.578843,0.247379
BOLIVIA,COCHABAMBA,2018-09-16,poisson,3,1.0,hostvector,alt,1.0,0.3,0.075406,0.080554,-0.682918,0.31589
BOLIVIA,COCHABAMBA,2018-09-16,poisson,3,1.0,seir,central,1.0,0.3,0.05242,0.057088,-0.647375,0.268189
BOLIVIA,COCHABAMBA,2018-09-16,poisson,3,1.0,seir,alt,1.0,0.3,0.05151,0.05764,-0.686215,0.299612
BOLIVIA,COCHABAMBA,2018-09-16,poisson,3,1.0,hostvector_tempmort,central,1.0,0.3,0.0,0.078757,-0.378323,0.187535
BOLIVIA,COCHABAMBA,2018-09-16,poisson,3,1.0,hostvector_tempmort,alt,1.0,0.3,0.0,0.091353,-0.468597,0.236566
BOLIVIA,COCHABAMBA,2018-09-16,poisson,3,0.75,hostvector,central,1.0,0.3,0.014567,0.08452,-0.610861,0.294236
BOLIVIA,COCHABAMBA,2018-09-16,poisson,3,0.75,hostvector,alt,1.0,0.3,0.03625,0.119602,-0.708289,0.37248
BOLIVIA,COCHABAMBA,2018-09-16,poisson,3,0.75,seir,central,1.0,0.3,0.0,0.085353,-0.692539,0.318269
BOLIVIA,COCHABAMBA,2018-09-16,poisson,3,0.75,seir,alt,1.0,0.3,0.0,0.09115,-0.725686,0.353492
BOLIVIA,COCHABAMBA,2018-09-16,poisson,3,0.75,hostvector_tempmort,central,1.0,0.3,0.0,0.060863,-0.378206,0.220104
BOLIVIA,COCHABAMBA,2018-09-16,poisson,3,0.75,hostvector_tempmort,alt,1.0,0.3,0.0,0.155571,-0.468468,0.280624
BOLIVIA,COCHABAMBA,2018-09-16,poisson,5,1.0,hostvector,central,1.0,0.3,0.024354,0.037922,-0.731507,0.319581
BOLIVIA,COCHABAMBA,2018-09-16,poisson,5,1.0,hostvector,alt,1.0,0.3,0.039374,0.048882,-0.867682,0.38868
BOLIVIA,COCHABAMBA,2018-09-16,poisson,5,1.0,seir,central,1.0,0.3,0.014368,0.046165,-0.758671,0.366522
BOLIVIA,COCHABAMBA,2018-09-16,poisson,5,1.0,seir,alt,1.0,0.3,0.013695,0.048154,-0.766609,0.391225
BOLIVIA,COCHABAMBA,2018-09-16,poisson,5,1.0,hostvector_tempmort,central,1.0,0.3,0.0,0.025879,-0.440439,0.293014
BOLIVIA,COCHABAMBA,2018-09-16,poisson,5,1.0,hostvector_tempmort,alt,1.0,0.3,0.0,0.137335,-0.51669,0.353089
BOLIVIA,COCHABAMBA,2018-09-16,poisson,5,0.75,hostvector,central,1.0,0.3,0.0,0.07714,-0.745177,0.381071
BOLIVIA,COCHABAMBA,2018-09-16,poisson,5,0.75,hostvector,alt,1.0,0.3,0.0,0.053112,-0.891989,0.471062
BOLIVIA,COCHABAMBA,2018-09-16,poisson,5,0.75,seir,central,1.0,0.3,0.0,0.175739,-0.763872,0.426222
BOLIVIA,COCHABAMBA,2018-09-16,poisson,5,0.75,seir,alt,1.0,0.3,0.0,0.143483,-0.771401,0.462638
BOLIVIA,COCHABAMBA,2018-09-16,poisson,5,0.75,hostvector_tempmort,central,1.0,0.3,0.0,0.119651,-0.440429,0.341801
BOLIVIA,COCHABAMBA,2018-09-16,poisson,5,0.75,hostvector_tempmort,alt,1.0,0.3,0.0,0.169882,-0.516676,0.41279
BOLIVIA,COCHABAMBA,2018-09-16,poisson,7,1.0,hostvector,central,1.0,0.3,0.0,0.014458,0.054827,0.288755
BOLIVIA,COCHABAMBA,2018-09-16,poisson,7,1.0,hostvector,alt,1.0,0.3,0.0,0.30804,0.142853,0.304654
BOLIVIA,COCHABAMBA,2018-09-16,poisson,7,1.0,seir,central,1.0,0.3,0.0,0.24581,0.153281,0.274896
BOLIVIA,COCHABAMBA,2018-09-16,poisson,7,1.0,seir,alt,1.0,0.3,0.0,,0.188191,
BOLIVIA,COCHABAMBA,2018-09-16,poisson,7,1.0,hostvector_tempmort,central,1.0,0.3,2e-06,0.239817,0.114367,0.207766
BOLIVIA,COCHABAMBA,2018-09-16,poisson,7,1.0,hostvector_tempmort,alt,1.0,0.3,1e-06,0.292973,0.143302,0.241331
BOLIVIA,COCHABAMBA,2018-09-16,poisson,7,0.75,hostvector,central,1.0,0.3,0.0,0.002599,0.054278,0.341458
BOLIVIA,COCHABAMBA,2018-09-16,poisson,7,0.75,hostvector,alt,1.0,0.3,0.0,0.236274,0.140405,0.351389
BOLIVIA,COCHABAMBA,2018-09-16,poisson,7,0.75,seir,central,1.0,0.3,0.0,0.334879,0.153256,0.326138
BOLIVIA,COCHABAMBA,2018-09-16,poisson,7,0.75,seir,alt,1.0,0.3,0.0,0.204664,0.188197,0.29648
BOLIVIA,COCHABAMBA,2018-09-16,poisson,7,0.75,hostvector_tempmort,central,1.0,0.3,1e-06,0.281072,0.114464,0.242747
BOLIVIA,COCHABAMBA,2018-09-16,poisson,7,0.75,hostvector_tempmort,alt,1.0,0.3,1e-06,0.343534,0.143248,0.281981
BRAZIL,BRAZIL,2014-11-30,nb,3,1.0,hostvector,central,1.0,0.3,0.991676,2.046884,0.364031,0.576204
BRAZIL,BRAZIL,2014-11-30,nb,3,1.0,hostvector,alt,1.0,0.3,1.524999,2.82035,0.480423,0.753409
BRAZIL,BRAZIL,2014-11-30,nb,3,1.0,seir,central,1.0,0.3,0.394828,1.637927,0.384685,0.545472
BRAZIL,BRAZIL,2014-11-30,nb,3,1.0,seir,alt,1.0,0.3,0.444252,,0.394549,
BRAZIL,BRAZIL,2014-11-30,nb,3,1.0,hostvector_tempmort,central,1.0,0.3,0.587724,1.751832,0.296773,0.492631
BRAZIL,BRAZIL,2014-11-30,nb,3,1.0,hostvector_tempmort,alt,1.0,0.3,1.053125,2.328452,0.377865,0.604945
BRAZIL,BRAZIL,2014-11-30,nb,3,0.75,hostvector,central,1.0,0.3,9.4e-05,2.765023,0.246885,0.435284
BRAZIL,BRAZIL,2014-11-30,nb,3,0.75,hostvector,alt,1.0,0.3,4e-06,3.126199,0.285653,0.526068
BRAZIL,BRAZIL,2014-11-30,nb,3,0.75,seir,central,1.0,0.3,0.0,,0.198348,
BRAZIL,BRAZIL,2014-11-30,nb,3,0.75,seir,alt,1.0,0.3,0.0,0.00021,0.207206,0.476144
BRAZIL,BRAZIL,2014-11-30,nb,3,0.75,hostvector_tempmort,central,1.0,0.3,0.0,,0.19647,
BRAZIL,BRAZIL,2014-11-30,nb,3,0.75,hostvector_tempmort,alt,1.0,0.3,0.0,0.01566,0.245163,0.47426
BRAZIL,BRAZIL,2014-11-30,nb,5,1.0,hostvector,central,1.0,0.3,1.113391,,0.504045,
BRAZIL,BRAZIL,2014-11-30,nb,5,1.0,hostvector,alt,1.0,0.3,1.692169,2.042579,0.645315,0.542233
BRAZIL,BRAZIL,2014-11-30,nb,5,1.0,seir,central,1.0,0.3,0.482393,,0.469934,
BRAZIL,BRAZIL,2014-11-30,nb,5,1.0,seir,alt,1.0,0.3,0.546673,,0.482114,
BRAZIL,BRAZIL,2014-11-30,nb,5,1.0,hostvector_tempmort,central,1.0,0.3,0.646664,,0.40399,
BRAZIL,BRAZIL,2014-11-30,nb,5,1.0,hostvector_tempmort,alt,1.0,0.3,1.150044,1.616075,0.52494,0.482614
BRAZIL,BRAZIL,2014-11-30,nb,5,0.75,hostvector,central,1.0,0.3,0.630981,,0.367433,
BRAZIL,BRAZIL,2014-11-30,nb,5,0.75,hostvector,alt,1.0,0.3,0.868026,2.683266,0.446072,0.506488
BRAZIL,BRAZIL,2014-11-30,nb,5,0.75,seir,central,1.0,0.3,0.044166,,0.32177,
BRAZIL,BRAZIL,2014-11-30,nb,5,0.75,seir,alt,1.0,0.3,0.061599,,0.332596,
BRAZIL,BRAZIL,2014-11-30,nb,5,0.75,hostvector_tempmort,central,1.0,0.3,0.259926,,0.30156,
BRAZIL,BRAZIL,2014-11-30,nb,5,0.75,hostvector_tempmort,alt,1.0,0.3,0.000554,,0.362068,
BRAZIL,BRAZIL,2014-11-30,nb,7,1.0,hostvector,central,1.0,0.3,1.271953,1.391162,0.444451,0.316972
BRAZIL,BRAZIL,2014-11-30,nb,7,1.0,hostvector,alt,1.0,0.3,1.950583,,0.576877,
BRAZIL,BRAZIL,2014-11-30,nb,7,1.0,seir,central,1.0,0.3,0.541782,,0.416205,
BRAZIL,BRAZIL,2014-11-30,nb,7,1.0,seir,alt,1.0,0.3,0.603248,1.529497,0.43163,0.248262
BRAZIL,BRAZIL,2014-11-30,nb,7,1.0,hostvector_tempmort,central,1.0,0.3,0.663795,1.208692,0.361149,0.247109
BRAZIL,BRAZIL,2014-11-30,nb,7,1.0,hostvector_tempmort,alt,1.0,0.3,1.275291,1.80981,0.46702,0.33251
BRAZIL,BRAZIL,2014-11-30,nb,7,0.75,hostvector,central,1.0,0.3,0.000138,2.112477,0.309756,0.298555
BRAZIL,BRAZIL,2014-11-30,nb,7,0.75,hostvector,alt,1.0,0.3,2.3e-05,,0.348318,
BRAZIL,BRAZIL,2014-11-30,nb,7,0.75,seir,central,1.0,0.3,0.0,0.274845,0.316538,0.25452
BRAZIL,BRAZIL,2014-11-30,nb,7,0.75,seir,alt,1.0,0.3,0.001423,2.023518,0.334187,0.246628
BRAZIL,BRAZIL,2014-11-30,nb,7,0.75,hostvector_tempmort,central,1.0,0.3,0.00025,1.762227,0.28044,0.255548
BRAZIL,BRAZIL,2014-11-30,nb,7,0.75,hostvector_tempmort,alt,1.0,0.3,8e-05,2.583629,0.326373,0.340562
BRAZIL,BRAZIL,2014-11-30,poisson,3,1.0,hostvector,central,1.0,0.3,0.0,0.108197,-0.214659,0.422137
BRAZIL,BRAZIL,2014-11-30,poisson,3,1.0,hostvector,alt,1.0,0.3,0.0,0.126929,-0.736514,0.713917
BRAZIL,BRAZIL,2014-11-30,poisson,3,1.0,seir,central,1.0,0.3,0.0,2.490056,-0.203624,0.569571
BRAZIL,BRAZIL,2014-11-30,poisson,3,1.0,seir,alt,1.0,0.3,0.0,,-0.190592,
BRAZIL,BRAZIL,2014-11-30,poisson,3,1.0,hostvector_tempmort,central,1.0,0.3,0.0,,-0.198358,
BRAZIL,BRAZIL,2014-11-30,poisson,3,1.0,hostvector_tempmort,alt,1.0,0.3,0.0,,-0.262969,
BRAZIL,BRAZIL,2014-11-30,poisson,3,0.75,hostvector,central,1.0,0.3,0.0,,-0.365141,
BRAZIL,BRAZIL,2014-11-30,poisson,3,0.75,hostvector,alt,1.0,0.3,0.0,,-0.453016,
BRAZIL,BRAZIL,2014-11-30,poisson,3,0.75,seir,central,1.0,0.3,0.0,3.622111,-0.391101,0.728536
BRAZIL,BRAZIL,2014-11-30,poisson,3,0.75,seir,alt,1.0,0.3,0.0,2.609573,-0.371869,0.731268
BRAZIL,BRAZIL,2014-11-30,poisson,3,0.75,hostvector_tempmort,central,1.0,0.3,0.0,0.262726,-0.320621,0.545017
BRAZIL,BRAZIL,2014-11-30,poisson,3,0.75,hostvector_tempmort,alt,1.0,0.3,0.0,0.115149,-0.374728,0.653753
BRAZIL,BRAZIL,2014-11-30,poisson,5,1.0,hostvector,central,1.0,0.3,0.0,0.059827,0.07089,0.389903
BRAZIL,BRAZIL,2014-11-30,poisson,5,1.0,hostvector,alt,1.0,0.3,0.0,2.582953,0.057051,0.51376
BRAZIL,BRAZIL,2014-11-30,poisson,5,1.0,seir,central,1.0,0.3,3.2e-05,,0.048796,
BRAZIL,BRAZIL,2014-11-30,poisson,5,1.0,seir,alt,1.0,0.3,0.0,,0.058497,
BRAZIL,BRAZIL,2014-11-30,poisson,5,1.0,hostvector_tempmort,central,1.0,0.3,0.0,2.168437,0.057471,0.426173
BRAZIL,BRAZIL,2014-11-30,poisson,5,1.0,hostvector_tempmort,alt,1.0,0.3,0.0,2.711513,0.056318,0.507357
BRAZIL,BRAZIL,2014-11-30,poisson,5,0.75,hostvector,central,1.0,0.3,0.0,0.162821,0.032623,0.480401
BRAZIL,BRAZIL,2014-11-30,poisson,5,0.75,hostvector,alt,1.0,0.3,0.0,,0.021398,
BRAZIL,BRAZIL,2014-11-30,poisson,5,0.75,seir,central,1.0,0.3,1e-06,4.337522,0.015629,0.718293
BRAZIL,BRAZIL,2014-11-30,poisson,5,0.75,seir,alt,1.0,0.3,0.0,4.616189,0.027967,0.714527
BRAZIL,BRAZIL,2014-11-30,poisson,5,0.75,hostvector_tempmort,central,1.0,0.3,0.0,3.199574,0.033264,0.568855
BRAZIL,BRAZIL,2014-11-30,poisson,5,0.75,hostvector_tempmort,alt,1.0,0.3,0.0,3.483696,0.031606,0.643394
BRAZIL,BRAZIL,2014-11-30,poisson,7,1.0,hostvector,central,1.0,0.3,0.0,2.321254,0.07921,0.296813
BRAZIL,BRAZIL,2014-11-30,poisson,7,1.0,hostvector,alt,1.0,0.3,0.0,1.801122,0.084618,0.339721
BRAZIL,BRAZIL,2014-11-30,poisson,7,1.0,seir,central,1.0,0.3,0.0,2.739017,0.138271,0.324764
BRAZIL,BRAZIL,2014-11-30,poisson,7,1.0,seir,alt,1.0,0.3,2e-06,2.875688,0.162428,0.318387
BRAZIL,BRAZIL,2014-11-30,poisson,7,1.0,hostvector_tempmort,central,1.0,0.3,0.0,2.19211,0.068059,0.28232
BRAZIL,BRAZIL,2014-11-30,poisson,7,1.0,hostvector_tempmort,alt,1.0,0.3,0.0,2.699814,0.076409,0.350198
BRAZIL,BRAZIL,2014-11-30,poisson,7,0.75,hostvector,central,1.0,0.3,0.0,1.24241,0.057921,0.33665
BRAZIL,BRAZIL,2014-11-30,poisson,7,0.75,hostvector,alt,1.0,0.3,0.0,3.254366,0.062398,0.465368
BRAZIL,BRAZIL,2014-11-30,poisson,7,0.75,seir,central,1.0,0.3,0.0,0.556599,0.128247,0.385568
BRAZIL,BRAZIL,2014-11-30,poisson,7,0.75,seir,alt,1.0,0.3,0.0,3.981386,0.153911,0.405842
BRAZIL,BRAZIL,2014-11-30,poisson,7,0.75,hostvector_tempmort,central,1.0,0.3,0.0,2.987275,0.055943,0.366096
BRAZIL,BRAZIL,2014-11-30,poisson,7,0.75,hostvector_tempmort,alt,1.0,0.3,0.0,3.474948,0.062283,0.443656
BARBADOS,BARBADOS,2016-05-15,nb,3,1.0,hostvector,central,1.0,0.3,1.637039,2.283708,0.237102,0.034567
BARBADOS,BARBADOS,2016-05-15,nb,3,1.0,hostvector,alt,1.0,0.3,2.040851,2.754659,0.273213,0.039528
BARBADOS,BARBADOS,2016-05-15,nb,3,1.0,seir,central,1.0,0.3,0.768033,2.148631,0.251765,0.036448
BARBADOS,BARBADOS,2016-05-15,nb,3,1.0,seir,alt,1.0,0.3,0.758863,2.1287,0.255519,0.03693
BARBADOS,BARBADOS,2016-05-15,nb,3,1.0,hostvector_tempmort,central,1.0,0.3,1.932026,2.180577,0.229621,0.033909
BARBADOS,BARBADOS,2016-05-15,nb,3,1.0,hostvector_tempmort,alt,1.0,0.3,2.299096,2.610733,0.264384,0.038607
BARBADOS,BARBADOS,2016-05-15,nb,3,0.75,hostvector,central,1.0,0.3,0.819318,6.943625,0.228641,0.199801
BARBADOS,BARBADOS,2016-05-15,nb,3,0.75,hostvector,alt,1.0,0.3,1.112207,7.785521,0.263131,0.224766
BARBADOS,BARBADOS,2016-05-15,nb,3,0.75,seir,central,1.0,0.3,6e-06,9.285503,0.240285,0.246492
BARBADOS,BARBADOS,2016-05-15,nb,3,0.75,seir,alt,1.0,0.3,0.0,,0.243374,
BARBADOS,BARBADOS,2016-05-15,nb,3,0.75,hostvector_tempmort,central,1.0,0.3,1.172845,6.808713,0.221491,0.195158
BARBADOS,BARBADOS,2016-05-15,nb,3,0.75,hostvector_tempmort,alt,1.0,0.3,1.447227,7.616885,0.254605,0.219427
BARBADOS,BARBADOS,2016-05-15,nb,5,1.0,hostvector,central,1.0,0.3,4.007219,2.58515,0.348721,0.050654
BARBADOS,BARBADOS,2016-05-15,nb,5,1.0,hostvector,alt,1.0,0.3,5.27109,3.257806,0.402824,0.060118
BARBADOS,BARBADOS,2016-05-15,nb,5,1.0,seir,central,1.0,0.3,2.737408,2.386361,0.357771,0.054988
BARBADOS,BARBADOS,2016-05-15,nb,5,1.0,seir,alt,1.0,0.3,2.691627,2.379309,0.359389,0.05647
BARBADOS,BARBADOS,2016-05-15,nb,5,1.0,hostvector_tempmort,central,1.0,0.3,4.229323,2.453077,0.337328,0.049701
BARBADOS,BARBADOS,2016-05-15,nb,5,1.0,hostvector_tempmort,alt,1.0,0.3,5.365324,3.046659,0.388848,0.058359
BARBADOS,BARBADOS,2016-05-15,nb,5,0.75,hostvector,central,1.0,0.3,3.475494,10.820942,0.389742,0.376185
BARBADOS,BARBADOS,2016-05-15,nb,5,0.75,hostvector,alt,1.0,0.3,7.16146,12.107775,0.543203,0.457164
BARBADOS,BARBADOS,2016-05-15,nb,5,0.75,seir,central,1.0,0.3,1.477659,9.748414,0.386451,0.335103
BARBADOS,BARBADOS,2016-05-15,nb,5,0.75,seir,alt,1.0,0.3,1.388472,9.526923,0.389809,0.331323
BARBADOS,BARBADOS,2016-05-15,nb,5,0.75,hostvector_tempmort,central,1.0,0.3,3.662288,10.277718,0.377294,0.358551
BARBADOS,BARBADOS,2016-05-15,nb,5,0.75,hostvector_tempmort,alt,1.0,0.3,5.631299,12.348012,0.468189,0.440397
BARBADOS,BARBADOS,2016-05-15,nb,7,1.0,hostvector,central,1.0,0.3,5.993598,2.854553,0.337139,0.110781
BARBADOS,BARBADOS,2016-05-15,nb,7,1.0,hostvector,alt,1.0,0.3,7.351755,3.70262,0.406767,0.124417
BARBADOS,BARBADOS,2016-05-15,nb,7,1.0,seir,central,1.0,0.3,4.954807,2.555653,0.292058,0.123264
BARBADOS,BARBADOS,2016-05-15,nb,7,1.0,seir,alt,1.0,0.3,4.935654,2.526588,0.288051,0.123361
BARBADOS,BARBADOS,2016-05-15,nb,7,1.0,hostvector_tempmort,central,1.0,0.3,5.986624,2.694125,0.323049,0.107815
BARBADOS,BARBADOS,2016-05-15,nb,7,1.0,hostvector_tempmort,alt,1.0,0.3,7.255194,3.457483,0.388591,0.120187
BARBADOS,BARBADOS,2016-05-15,nb,7,0.75,hostvector,central,1.0,0.3,3.259439,6.006591,0.455626,0.317328
BARBADOS,BARBADOS,2016-05-15,nb,7,0.75,hostvector,alt,1.0,0.3,4.91328,8.332793,0.594693,0.398163
BARBADOS,BARBADOS,2016-05-15,nb,7,0.75,seir,central,1.0,0.3,1.698383,5.763374,0.288964,0.301784
BARBADOS,BARBADOS,2016-05-15,nb,7,0.75,seir,alt,1.0,0.3,1.852514,5.846448,0.265018,0.30006
BARBADOS,BARBADOS,2016-05-15,nb,7,0.75,hostvector_tempmort,central,1.0,0.3,3.452271,5.700863,0.422965,0.301015
BARBADOS,BARBADOS,2016-05-15,nb,7,0.75,hostvector_tempmort,alt,1.0,0.3,4.858589,7.571129,0.548374,0.375805
BARBADOS,BARBADOS,2016-05-15,poisson,3,1.0,hostvector,central,1.0,0.3,3.471579,2.937104,0.240966,0.032382
BARBADOS,BARBADOS,2016-05-15,poisson,3,1.0,hostvector,alt,1.0,0.3,4.057999,3.555436,0.279265,0.037311
BARBADOS,BARBADOS,2016-05-15,poisson,3,1.0,seir,central,1.0,0.3,2.606614,2.829279,0.255338,0.030892
BARBADOS,BARBADOS,2016-05-15,poisson,3,1.0,seir,alt,1.0,0.3,2.381148,2.775783,0.260568,0.030742
BARBADOS,BARBADOS,2016-05-15,poisson,3,1.0,hostvector_tempmort,central,1.0,0.3,3.660562,2.813863,0.233672,0.031485
BARBADOS,BARBADOS,2016-05-15,poisson,3,1.0,hostvector_tempmort,alt,1.0,0.3,4.230647,3.38653,0.270696,0.036255
BARBADOS,BARBADOS,2016-05-15,poisson,3,0.75,hostvector,central,1.0,0.3,1e-06,4.458415,0.260856,0.134312
BARBADOS,BARBADOS,2016-05-15,poisson,3,0.75,hostvector,alt,1.0,0.3,1e-06,5.056382,0.299419,0.149741
BARBADOS,BARBADOS,2016-05-15,poisson,3,0.75,seir,central,1.0,0.3,0.0,5.581245,0.272139,0.163782
BARBADOS,BARBADOS,2016-05-15,poisson,3,0.75,seir,alt,1.0,0.3,0.0,5.690963,0.274819,0.168123
BARBADOS,BARBADOS,2016-05-15,poisson,3,0.75,hostvector_tempmort,central,1.0,0.3,0.085813,4.361338,0.253689,0.130578
BARBADOS,BARBADOS,2016-05-15,poisson,3,0.75,hostvector_tempmort,alt,1.0,0.3,0.118522,4.917188,0.290557,0.145619
BARBADOS,BARBADOS,2016-05-15,poisson,5,1.0,hostvector,central,1.0,0.3,0.409975,2.721114,0.314011,0.066889
BARBADOS,BARBADOS,2016-05-15,poisson,5,1.0,hostvector,alt,1.0,0.3,0.093216,2.953239,0.344971,0.080354
BARBADOS,BARBADOS,2016-05-15,poisson,5,1.0,seir,central,1.0,0.3,0.790465,3.092761,0.359147,0.057941
BARBADOS,BARBADOS,2016-05-15,poisson,5,1.0,seir,alt,1.0,0.3,0.300198,3.021914,0.361001,0.059645
BARBADOS,BARBADOS,2016-05-15,poisson,5,1.0,hostvector_tempmort,central,1.0,0.3,0.785784,2.669543,0.30844,0.063848
BARBADOS,BARBADOS,2016-05-15,poisson,5,1.0,hostvector_tempmort,alt,1.0,0.3,0.440312,2.887822,0.338866,0.076732
BARBADOS,BARBADOS,2016-05-15,poisson,5,0.75,hostvector,central,1.0,0.3,9.282688,5.044891,0.644848,0.251291
BARBADOS,BARBADOS,2016-05-15,poisson,5,0.75,hostvector,alt,1.0,0.3,12.091807,4.868407,0.791149,0.220028
BARBADOS,BARBADOS,2016-05-15,poisson,5,0.75,seir,central,1.0,0.3,1.830147,9.993274,0.397553,0.345444
BARBADOS,BARBADOS,2016-05-15,poisson,5,0.75,seir,alt,1.0,0.3,1.747681,9.701157,0.40131,0.343045
BARBADOS,BARBADOS,2016-05-15,poisson,5,0.75,hostvector_tempmort,central,1.0,0.3,8.619661,5.756592,0.585808,0.27672
BARBADOS,BARBADOS,2016-05-15,poisson,5,0.75,hostvector_tempmort,alt,1.0,0.3,11.727688,4.747326,0.755941,0.226059
BARBADOS,BARBADOS,2016-05-15,poisson,7,1.0,hostvector,central,1.0,0.3,6.567071,3.65026,0.329404,0.088633
BARBADOS,BARBADOS,2016-05-15,poisson,7,1.0,hostvector,alt,1.0,0.3,0.0,2.874497,0.367101,0.098686
BARBADOS,BARBADOS,2016-05-15,poisson,7,1.0,seir,central,1.0,0.3,6.902813,3.749779,0.337049,0.09487
BARBADOS,BARBADOS,2016-05-15,poisson,7,1.0,seir,alt,1.0,0.3,7.051698,3.707594,0.339835,0.093544
BARBADOS,BARBADOS,2016-05-15,poisson,7,1.0,hostvector_tempmort,central,1.0,0.3,0.0,,0.317296,
BARBADOS,BARBADOS,2016-05-15,poisson,7,1.0,hostvector_tempmort,alt,1.0,0.3,0.0,2.757836,0.352434,0.092541
BARBADOS,BARBADOS,2016-05-15,poisson,7,0.75,hostvector,central,1.0,0.3,5.159723,7.778015,0.73812,0.376375
BARBADOS,BARBADOS,2016-05-15,poisson,7,0.75,hostvector,alt,1.0,0.3,8.471648,13.35393,0.933475,0.543037
BARBADOS,BARBADOS,2016-05-15,poisson,7,0.75,seir,central,1.0,0.3,1.859591,5.623331,0.592762,0.315945
BARBADOS,BARBADOS,2016-05-15,poisson,7,0.75,seir,alt,1.0,0.3,1.896088,5.99539,0.58297,0.326548
BARBADOS,BARBADOS,2016-05-15,poisson,7,0.75,hostvector_tempmort,central,1.0,0.3,5.111827,7.129808,0.697386,0.352471
BARBADOS,BARBADOS,2016-05-15,poisson,7,0.75,hostvector_tempmort,alt,1.0,0.3,8.064554,11.441035,0.882557,0.490536
CAMBODIA,CAMBODIA,2012-03-18,nb,3,1.0,hostvector,central,1.0,0.3,0.661339,0.337355,0.213485,0.029717
CAMBODIA,CAMBODIA,2012-03-18,nb,3,1.0,hostvector,alt,1.0,0.3,0.768227,0.416405,0.244309,0.035047
CAMBODIA,CAMBODIA,2012-03-18,nb,3,1.0,seir,central,1.0,0.3,0.891519,0.337742,0.22125,0.031746
CAMBODIA,CAMBODIA,2012-03-18,nb,3,1.0,seir,alt,1.0,0.3,0.896001,0.342549,0.221514,0.032642
CAMBODIA,CAMBODIA,2012-03-18,nb,3,1.0,hostvector_tempmort,central,1.0,0.3,1.146453,0.307549,0.201758,0.028018
CAMBODIA,CAMBODIA,2012-03-18,nb,3,1.0,hostvector_tempmort,alt,1.0,0.3,1.247612,0.374088,0.232065,0.033105
CAMBODIA,CAMBODIA,2012-03-18,nb,3,0.75,hostvector,central,1.0,0.3,0.658238,0.70906,0.272206,0.04214
CAMBODIA,CAMBODIA,2012-03-18,nb,3,0.75,hostvector,alt,1.0,0.3,0.658511,0.864315,0.316827,0.048656
CAMBODIA,CAMBODIA,2012-03-18,nb,3,0.75,seir,central,1.0,0.3,1.27415,0.773959,0.276846,0.05168
CAMBODIA,CAMBODIA,2012-03-18,nb,3,0.75,seir,alt,1.0,0.3,1.210409,0.807878,0.270875,0.054817
CAMBODIA,CAMBODIA,2012-03-18,nb,3,0.75,hostvector_tempmort,central,1.0,0.3,1.248429,0.654724,0.250496,0.041221
CAMBODIA,CAMBODIA,2012-03-18,nb,3,0.75,hostvector_tempmort,alt,1.0,0.3,1.263882,0.785462,0.289633,0.047882
CAMBODIA,CAMBODIA,2012-03-18,nb,5,1.0,hostvector,central,1.0,0.3,0.425444,0.511708,0.113797,0.042411
CAMBODIA,CAMBODIA,2012-03-18,nb,5,1.0,hostvector,alt,1.0,0.3,0.479312,0.610435,0.132244,0.049505
CAMBODIA,CAMBODIA,2012-03-18,nb,5,1.0,seir,central,1.0,0.3,0.631748,0.514816,0.10571,0.045528
CAMBODIA,CAMBODIA,2012-03-18,nb,5,1.0,seir,alt,1.0,0.3,0.585112,0.519612,0.09929,0.046817
CAMBODIA,CAMBODIA,2012-03-18,nb,5,1.0,hostvector_tempmort,central,1.0,0.3,0.866736,0.472066,0.102286,0.04052
CAMBODIA,CAMBODIA,2012-03-18,nb,5,1.0,hostvector_tempmort,alt,1.0,0.3,0.898826,0.558245,0.11924,0.047443
CAMBODIA,CAMBODIA,2012-03-18,nb,5,0.75,hostvector,central,1.0,0.3,0.0,1.032458,0.118582,0.058575
CAMBODIA,CAMBODIA,2012-03-18,nb,5,0.75,hostvector,alt,1.0,0.3,0.0,1.245406,0.139078,0.068939
CAMBODIA,CAMBODIA,2012-03-18,nb,5,0.75,seir,central,1.0,0.3,0.0,1.025326,0.098581,0.06513
CAMBODIA,CAMBODIA,2012-03-18,nb,5,0.75,seir,alt,1.0,0.3,0.0,0.004107,0.094621,0.049152
CAMBODIA,CAMBODIA,2012-03-18,nb,5,0.75,hostvector_tempmort,central,1.0,0.3,0.0,0.928677,0.085504,0.056371
CAMBODIA,CAMBODIA,2012-03-18,nb,5,0.75,hostvector_tempmort,alt,1.0,0.3,0.0,1.093465,0.104945,0.064479
CAMBODIA,CAMBODIA,2012-03-18,nb,7,1.0,hostvector,central,1.0,0.3,0.0,0.62433,-0.014544,0.052579
CAMBODIA,CAMBODIA,2012-03-18,nb,7,1.0,hostvector,alt,1.0,0.3,0.0,0.702264,-0.015132,0.064519
CAMBODIA,CAMBODIA,2012-03-18,nb,7,1.0,seir,central,1.0,0.3,0.0,0.634491,-0.032648,0.056274
CAMBODIA,CAMBODIA,2012-03-18,nb,7,1.0,seir,alt,1.0,0.3,0.0,,-0.034326,
CAMBODIA,CAMBODIA,2012-03-18,nb,7,1.0,hostvector_tempmort,central,1.0,0.3,0.160505,0.586033,-0.03397,0.050341
CAMBODIA,CAMBODIA,2012-03-18,nb,7,1.0,hostvector_tempmort,alt,1.0,0.3,0.05451,0.692267,-0.039575,0.059177
CAMBODIA,CAMBODIA,2012-03-18,nb,7,0.75,hostvector,central,1.0,0.3,0.0,0.290007,0.031116,0.05816
CAMBODIA,CAMBODIA,2012-03-18,nb,7,0.75,hostvector,alt,1.0,0.3,0.0,0.198707,0.039047,0.067223
CAMBODIA,CAMBODIA,2012-03-18,nb,7,0.75,seir,central,1.0,0.3,0.0,,0.014828,
CAMBODIA,CAMBODIA,2012-03-18,nb,7,0.75,seir,alt,1.0,0.3,0.0,,0.01588,
CAMBODIA,CAMBODIA,2012-03-18,nb,7,0.75,hostvector_tempmort,central,1.0,0.3,0.0,0.000161,0.00256,0.05719
CAMBODIA,CAMBODIA,2012-03-18,nb,7,0.75,hostvector_tempmort,alt,1.0,0.3,0.0,0.412913,0.011338,0.060077
CAMBODIA,CAMBODIA,2012-03-18,poisson,3,1.0,hostvector,central,1.0,0.3,1.724793,0.52252,0.17199,0.029305
CAMBODIA,CAMBODIA,2012-03-18,poisson,3,1.0,hostvector,alt,1.0,0.3,2.057166,0.617834,0.195731,0.033794
CAMBODIA,CAMBODIA,2012-03-18,poisson,3,1.0,seir,central,1.0,0.3,1.656963,0.528233,0.188796,0.031468
CAMBODIA,CAMBODIA,2012-03-18,poisson,3,1.0,seir,alt,1.0,0.3,1.594,0.532469,0.191061,0.032279
CAMBODIA,CAMBODIA,2012-03-18,poisson,3,1.0,hostvector_tempmort,central,1.0,0.3,1.99439,0.482905,0.167828,0.028182
CAMBODIA,CAMBODIA,2012-03-18,poisson,3,1.0,hostvector_tempmort,alt,1.0,0.3,2.289007,0.569305,0.191451,0.032582
CAMBODIA,CAMBODIA,2012-03-18,poisson,3,0.75,hostvector,central,1.0,0.3,1.034451,0.80026,0.339831,0.039452
CAMBODIA,CAMBODIA,2012-03-18,poisson,3,0.75,hostvector,alt,1.0,0.3,1.102194,0.983834,0.396291,0.046731
CAMBODIA,CAMBODIA,2012-03-18,poisson,3,0.75,seir,central,1.0,0.3,1.457329,0.823545,0.341663,0.044639
CAMBODIA,CAMBODIA,2012-03-18,poisson,3,0.75,seir,alt,1.0,0.3,1.376576,0.873868,0.336933,0.048367
CAMBODIA,CAMBODIA,2012-03-18,poisson,3,0.75,hostvector_tempmort,central,1.0,0.3,1.597388,0.741039,0.314345,0.037971
CAMBODIA,CAMBODIA,2012-03-18,poisson,3,0.75,hostvector_tempmort,alt,1.0,0.3,1.712669,0.886084,0.365032,0.044168
CAMBODIA,CAMBODIA,2012-03-18,poisson,5,1.0,hostvector,central,1.0,0.3,1.776035,0.778735,0.074075,0.040669
CAMBODIA,CAMBODIA,2012-03-18,poisson,5,1.0,hostvector,alt,1.0,0.3,2.045787,0.896738,0.087373,0.046896
CAMBODIA,CAMBODIA,2012-03-18,poisson,5,1.0,seir,central,1.0,0.3,1.635151,0.794225,0.078437,0.043786
CAMBODIA,CAMBODIA,2012-03-18,poisson,5,1.0,seir,alt,1.0,0.3,1.535477,0.739738,0.074188,0.046375
CAMBODIA,CAMBODIA,2012-03-18,poisson,5,1.0,hostvector_tempmort,central,1.0,0.3,2.021916,0.722076,0.070962,0.039145
CAMBODIA,CAMBODIA,2012-03-18,poisson,5,1.0,hostvector_tempmort,alt,1.0,0.3,2.250161,0.830236,0.084092,0.045285
CAMBODIA,CAMBODIA,2012-03-18,poisson,5,0.75,hostvector,central,1.0,0.3,0.556414,1.452744,0.079034,0.064881
CAMBODIA,CAMBODIA,2012-03-18,poisson,5,0.75,hostvector,alt,1.0,0.3,0.639364,1.681799,0.092244,0.07524
CAMBODIA,CAMBODIA,2012-03-18,poisson,5,0.75,seir,central,1.0,0.3,0.33895,1.456613,0.06157,0.069392
CAMBODIA,CAMBODIA,2012-03-18,poisson,5,0.75,seir,alt,1.0,0.3,0.023593,1.447644,0.047262,0.071258
CAMBODIA,CAMBODIA,2012-03-18,poisson,5,0.75,hostvector_tempmort,central,1.0,0.3,0.860303,1.329405,0.070597,0.061874
CAMBODIA,CAMBODIA,2012-03-18,poisson,5,0.75,hostvector_tempmort,alt,1.0,0.3,0.868081,1.533902,0.082707,0.071932
CAMBODIA,CAMBODIA,2012-03-18,poisson,7,1.0,hostvector,central,1.0,0.3,1.205887,0.824857,-0.000298,0.043825
CAMBODIA,CAMBODIA,2012-03-18,poisson,7,1.0,hostvector,alt,1.0,0.3,1.418292,0.948586,-0.003249,0.05102
CAMBODIA,CAMBODIA,2012-03-18,poisson,7,1.0,seir,central,1.0,0.3,0.966265,0.833372,0.01016,0.046316
CAMBODIA,CAMBODIA,2012-03-18,poisson,7,1.0,seir,alt,1.0,0.3,0.875024,0.830219,0.007265,0.047047
CAMBODIA,CAMBODIA,2012-03-18,poisson,7,1.0,hostvector_tempmort,central,1.0,0.3,1.4386,0.766499,-0.001048,0.041809
CAMBODIA,CAMBODIA,2012-03-18,poisson,7,1.0,hostvector_tempmort,alt,1.0,0.3,1.61759,0.88237,-0.004215,0.049288
CAMBODIA,CAMBODIA,2012-03-18,poisson,7,0.75,hostvector,central,1.0,0.3,0.0,1.889334,-0.105223,0.082439
CAMBODIA,CAMBODIA,2012-03-18,poisson,7,0.75,hostvector,alt,1.0,0.3,0.0,2.223991,-0.118427,0.097563
CAMBODIA,CAMBODIA,2012-03-18,poisson,7,0.75,seir,central,1.0,0.3,0.0,1.936232,-0.1134,0.088634
CAMBODIA,CAMBODIA,2012-03-18,poisson,7,0.75,seir,alt,1.0,0.3,0.0,1.950573,-0.111035,0.091116
CAMBODIA,CAMBODIA,2012-03-18,poisson,7,0.75,hostvector_tempmort,central,1.0,0.3,0.0,1.733378,-0.110819,0.078058
CAMBODIA,CAMBODIA,2012-03-18,poisson,7,0.75,hostvector_tempmort,alt,1.0,0.3,0.0,1.987496,-0.122404,0.089888
COLOMBIA,CORDOBA,2003-02-16,nb,3,1.0,hostvector,central,1.0,0.3,0.0,3.303383,0.183873,0.131265
COLOMBIA,CORDOBA,2003-02-16,nb,3,1.0,hostvector,alt,1.0,0.3,0.0,4.02006,0.222132,0.148995
COLOMBIA,CORDOBA,2003-02-16,nb,3,1.0,seir,central,1.0,0.3,0.00721,3.359263,0.168994,0.154558
COLOMBIA,CORDOBA,2003-02-16,nb,3,1.0,seir,alt,1.0,0.3,0.323157,3.365593,0.179464,0.142875
COLOMBIA,CORDOBA,2003-02-16,nb,3,1.0,hostvector_tempmort,central,1.0,0.3,0.0,3.128087,0.152521,0.12996
COLOMBIA,CORDOBA,2003-02-16,nb,3,1.0,hostvector_tempmort,alt,1.0,0.3,0.0,3.714908,0.185691,0.148612
COLOMBIA,CORDOBA,2003-02-16,nb,3,0.75,hostvector,central,1.0,0.3,1.5e-05,6.440037,0.123513,0.259106
COLOMBIA,CORDOBA,2003-02-16,nb,3,0.75,hostvector,alt,1.0,0.3,2.4e-05,7.743085,0.154309,0.297675
COLOMBIA,CORDOBA,2003-02-16,nb,3,0.75,seir,central,1.0,0.3,1.154082,6.737716,0.152373,0.293976
COLOMBIA,CORDOBA,2003-02-16,nb,3,0.75,seir,alt,1.0,0.3,1.669069,6.906709,0.179634,0.303703
COLOMBIA,CORDOBA,2003-02-16,nb,3,0.75,hostvector_tempmort,central,1.0,0.3,0.0,6.000036,0.087088,0.250038
COLOMBIA,CORDOBA,2003-02-16,nb,3,0.75,hostvector_tempmort,alt,1.0,0.3,5.9e-05,7.233849,0.111133,0.292844
COLOMBIA,CORDOBA,2003-02-16,nb,5,1.0,hostvector,central,1.0,0.3,0.0,3.308176,0.169849,0.149651
COLOMBIA,CORDOBA,2003-02-16,nb,5,1.0,hostvector,alt,1.0,0.3,0.0,2.150096,0.202853,0.115491
COLOMBIA,CORDOBA,2003-02-16,nb,5,1.0,seir,central,1.0,0.3,1.245509,3.105398,0.201194,0.164558
COLOMBIA,CORDOBA,2003-02-16,nb,5,1.0,seir,alt,1.0,0.3,1.291788,3.105104,0.202449,0.172053
COLOMBIA,CORDOBA,2003-02-16,nb,5,1.0,hostvector_tempmort,central,1.0,0.3,0.374921,3.063244,0.15483,0.147071
COLOMBIA,CORDOBA,2003-02-16,nb,5,1.0,hostvector_tempmort,alt,1.0,0.3,0.001708,3.654335,0.17297,0.165849
COLOMBIA,CORDOBA,2003-02-16,nb,5,0.75,hostvector,central,1.0,0.3,0.319358,6.339212,0.215713,0.298941
COLOMBIA,CORDOBA,2003-02-16,nb,5,0.75,hostvector,alt,1.0,0.3,0.23723,8.021397,0.248657,0.356262
COLOMBIA,CORDOBA,2003-02-16,nb,5,0.75,seir,central,1.0,0.3,3.545318,5.517759,0.373181,0.294911
COLOMBIA,CORDOBA,2003-02-16,nb,5,0.75,seir,alt,1.0,0.3,3.368141,5.391912,0.37809,0.295699
COLOMBIA,CORDOBA,2003-02-16,nb,5,0.75,hostvector_tempmort,central,1.0,0.3,1.640037,5.501086,0.240686,0.279172
COLOMBIA,CORDOBA,2003-02-16,nb,5,0.75,hostvector_tempmort,alt,1.0,0.3,1.368516,6.756642,0.26168,0.32994
COLOMBIA,CORDOBA,2003-02-16,nb,7,1.0,hostvector,central,1.0,0.3,2.2e-05,3.45902,0.161186,0.172074
COLOMBIA,CORDOBA,2003-02-16,nb,7,1.0,hostvector,alt,1.0,0.3,7e-06,4.330832,0.190923,0.202304
COLOMBIA,CORDOBA,2003-02-16,nb,7,1.0,seir,central,1.0,0.3,1.355876,2.984432,0.198558,0.177042
COLOMBIA,CORDOBA,2003-02-16,nb,7,1.0,seir,alt,1.0,0.3,1.327302,2.931957,0.198238,0.17759
COLOMBIA,CORDOBA,2003-02-16,nb,7,1.0,hostvector_tempmort,central,1.0,0.3,0.780661,3.05801,0.160399,0.162651
COLOMBIA,CORDOBA,2003-02-16,nb,7,1.0,hostvector_tempmort,alt,1.0,0.3,0.598906,3.755337,0.181442,0.190575
COLOMBIA,CORDOBA,2003-02-16,nb,7,0.75,hostvector,central,1.0,0.3,0.0,4.191295,0.357461,0.255336
COLOMBIA,CORDOBA,2003-02-16,nb,7,0.75,hostvector,alt,1.0,0.3,0.0,3.886051,0.398995,0.223483
COLOMBIA,CORDOBA,2003-02-16,nb,7,0.75,seir,central,1.0,0.3,0.04453,3.399385,0.468855,0.268161
COLOMBIA,CORDOBA,2003-02-16,nb,7,0.75,seir,alt,1.0,0.3,0.0,1.321819,0.483515,0.244611
COLOMBIA,CORDOBA,2003-02-16,nb,7,0.75,hostvector_tempmort,central,1.0,0.3,0.677363,3.64806,0.36078,0.240655
COLOMBIA,CORDOBA,2003-02-16,nb,7,0.75,hostvector_tempmort,alt,1.0,0.3,0.617674,4.470874,0.396412,0.279032
COLOMBIA,CORDOBA,2003-02-16,poisson,3,1.0,hostvector,central,1.0,0.3,0.0,3.187097,0.190573,0.095656
COLOMBIA,CORDOBA,2003-02-16,poisson,3,1.0,hostvector,alt,1.0,0.3,0.0,0.335081,0.221525,0.085451
COLOMBIA,CORDOBA,2003-02-16,poisson,3,1.0,seir,central,1.0,0.3,0.0,3.044013,0.182746,0.105735
COLOMBIA,CORDOBA,2003-02-16,poisson,3,1.0,seir,alt,1.0,0.3,0.0,2.998854,0.182829,0.106689
COLOMBIA,CORDOBA,2003-02-16,poisson,3,1.0,hostvector_tempmort,central,1.0,0.3,0.0,0.346056,0.165959,0.067602
COLOMBIA,CORDOBA,2003-02-16,poisson,3,1.0,hostvector_tempmort,alt,1.0,0.3,0.0,3.481978,0.195975,0.10244
COLOMBIA,CORDOBA,2003-02-16,poisson,3,0.75,hostvector,central,1.0,0.3,0.0,5.924621,0.149025,0.246247
COLOMBIA,CORDOBA,2003-02-16,poisson,3,0.75,hostvector,alt,1.0,0.3,0.0,7.209004,0.184783,0.284928
COLOMBIA,CORDOBA,2003-02-16,poisson,3,0.75,seir,central,1.0,0.3,0.0,6.091299,0.130301,0.273829
COLOMBIA,CORDOBA,2003-02-16,poisson,3,0.75,seir,alt,1.0,0.3,0.0,6.254817,0.139088,0.281223
COLOMBIA,CORDOBA,2003-02-16,poisson,3,0.75,hostvector_tempmort,central,1.0,0.3,0.0,5.542282,0.117676,0.238883
COLOMBIA,CORDOBA,2003-02-16,poisson,3,0.75,hostvector_tempmort,alt,1.0,0.3,0.0,6.689071,0.149381,0.278036
COLOMBIA,CORDOBA,2003-02-16,poisson,5,1.0,hostvector,central,1.0,0.3,0.0,2.470028,0.193141,0.082556
COLOMBIA,CORDOBA,2003-02-16,poisson,5,1.0,hostvector,alt,1.0,0.3,0.0,0.988814,0.228281,0.078347
COLOMBIA,CORDOBA,2003-02-16,poisson,5,1.0,seir,central,1.0,0.3,0.0,2.505867,0.184902,0.099916
COLOMBIA,CORDOBA,2003-02-16,poisson,5,1.0,seir,alt,1.0,0.3,0.0,2.499617,0.183704,0.105457
COLOMBIA,CORDOBA,2003-02-16,poisson,5,1.0,hostvector_tempmort,central,1.0,0.3,0.0,2.417661,0.169868,0.085122
COLOMBIA,CORDOBA,2003-02-16,poisson,5,1.0,hostvector_tempmort,alt,1.0,0.3,0.0,2.88817,0.202007,0.095491
COLOMBIA,CORDOBA,2003-02-16,poisson,5,0.75,hostvector,central,1.0,0.3,0.0,6.131061,0.231132,0.278943
COLOMBIA,CORDOBA,2003-02-16,poisson,5,0.75,hostvector,alt,1.0,0.3,0.0,7.813304,0.272873,0.33324
COLOMBIA,CORDOBA,2003-02-16,poisson,5,0.75,seir,central,1.0,0.3,1.561097,5.292486,0.307989,0.277546
COLOMBIA,CORDOBA,2003-02-16,poisson,5,0.75,seir,alt,1.0,0.3,1.498678,5.193802,0.314729,0.278812
COLOMBIA,CORDOBA,2003-02-16,poisson,5,0.75,hostvector_tempmort,central,1.0,0.3,0.0,5.50745,0.197989,0.263417
COLOMBIA,CORDOBA,2003-02-16,poisson,5,0.75,hostvector_tempmort,alt,1.0,0.3,1e-06,6.844303,0.236726,0.312264
COLOMBIA,CORDOBA,2003-02-16,poisson,7,1.0,hostvector,central,1.0,0.3,0.0,2.708609,0.181565,0.11231
COLOMBIA,CORDOBA,2003-02-16,poisson,7,1.0,hostvector,alt,1.0,0.3,0.0,3.267335,0.213403,0.126427
COLOMBIA,CORDOBA,2003-02-16,poisson,7,1.0,seir,central,1.0,0.3,0.758392,2.556924,0.197258,0.129077
COLOMBIA,CORDOBA,2003-02-16,poisson,7,1.0,seir,alt,1.0,0.3,0.835824,2.22271,0.199065,0.081626
COLOMBIA,CORDOBA,2003-02-16,poisson,7,1.0,hostvector_tempmort,central,1.0,0.3,0.037369,2.543471,0.162723,0.110559
COLOMBIA,CORDOBA,2003-02-16,poisson,7,1.0,hostvector_tempmort,alt,1.0,0.3,0.0,3.044314,0.191351,0.125876
COLOMBIA,CORDOBA,2003-02-16,poisson,7,0.75,hostvector,central,1.0,0.3,0.0,0.027873,0.378869,0.113453
COLOMBIA,CORDOBA,2003-02-16,poisson,7,0.75,hostvector,alt,1.0,0.3,0.0,5.136419,0.424518,0.278019
COLOMBIA,CORDOBA,2003-02-16,poisson,7,0.75,seir,central,1.0,0.3,0.0,3.29628,0.479329,0.24199
COLOMBIA,CORDOBA,2003-02-16,poisson,7,0.75,seir,alt,1.0,0.3,0.0,,0.495995,
COLOMBIA,CORDOBA,2003-02-16,poisson,7,0.75,hostvector_tempmort,central,1.0,0.3,0.0,3.641121,0.343167,0.225416
COLOMBIA,CORDOBA,2003-02-16,poisson,7,0.75,hostvector_tempmort,alt,1.0,0.3,1e-06,4.511333,0.387643,0.2621
EL SALVADOR,EL SALVADOR,2019-04-14,nb,3,1.0,hostvector,central,1.0,0.3,2.235157,0.759467,0.086434,0.026128
EL SALVADOR,EL SALVADOR,2019-04-14,nb,3,1.0,hostvector,alt,1.0,0.3,2.525034,0.861254,0.107944,0.031975
EL SALVADOR,EL SALVADOR,2019-04-14,nb,3,1.0,seir,central,1.0,0.3,2.388052,0.814657,0.064036,0.024291
EL SALVADOR,EL SALVADOR,2019-04-14,nb,3,1.0,seir,alt,1.0,0.3,2.374817,0.832097,0.064536,0.024283
EL SALVADOR,EL SALVADOR,2019-04-14,nb,3,1.0,hostvector_tempmort,central,1.0,0.3,2.3561,0.746058,0.083896,0.025446
EL SALVADOR,EL SALVADOR,2019-04-14,nb,3,1.0,hostvector_tempmort,alt,1.0,0.3,2.616182,0.845394,0.104596,0.030996
EL SALVADOR,EL SALVADOR,2019-04-14,nb,3,0.75,hostvector,central,1.0,0.3,0.0,0.32712,0.215234,0.046836
EL SALVADOR,EL SALVADOR,2019-04-14,nb,3,0.75,hostvector,alt,1.0,0.3,0.0,1.575335,0.257137,0.083965
EL SALVADOR,EL SALVADOR,2019-04-14,nb,3,0.75,seir,central,1.0,0.3,1e-06,1.617497,0.173617,0.063903
EL SALVADOR,EL SALVADOR,2019-04-14,nb,3,0.75,seir,alt,1.0,0.3,1e-06,1.629888,0.169685,0.062049
EL SALVADOR,EL SALVADOR,2019-04-14,nb,3,0.75,hostvector_tempmort,central,1.0,0.3,0.0,0.691081,0.212189,0.052546
EL SALVADOR,EL SALVADOR,2019-04-14,nb,3,0.75,hostvector_tempmort,alt,1.0,0.3,0.0,0.003242,0.250522,0.05323
EL SALVADOR,EL SALVADOR,2019-04-14,nb,5,1.0,hostvector,central,1.0,0.3,1.871517,0.70132,0.072729,0.022858
EL SALVADOR,EL SALVADOR,2019-04-14,nb,5,1.0,hostvector,alt,1.0,0.3,2.11844,0.788289,0.087437,0.027107
EL SALVADOR,EL SALVADOR,2019-04-14,nb,5,1.0,seir,central,1.0,0.3,2.057632,0.783057,0.0544,0.022214
EL SALVADOR,EL SALVADOR,2019-04-14,nb,5,1.0,seir,alt,1.0,0.3,2.037143,0.805638,0.053605,0.02231
EL SALVADOR,EL SALVADOR,2019-04-14,nb,5,1.0,hostvector_tempmort,central,1.0,0.3,2.002631,0.690033,0.070585,0.022293
EL SALVADOR,EL SALVADOR,2019-04-14,nb,5,1.0,hostvector_tempmort,alt,1.0,0.3,2.221646,0.775324,0.084766,0.026349
EL SALVADOR,EL SALVADOR,2019-04-14,nb,5,0.75,hostvector,central,1.0,0.3,2e-06,1.545287,0.130133,0.04707
EL SALVADOR,EL SALVADOR,2019-04-14,nb,5,0.75,hostvector,alt,1.0,0.3,1e-06,1.677457,0.148945,0.052356
EL SALVADOR,EL SALVADOR,2019-04-14,nb,5,0.75,seir,central,1.0,0.3,0.0,1.848728,0.115097,0.053009
EL SALVADOR,EL SALVADOR,2019-04-14,nb,5,0.75,seir,alt,1.0,0.3,0.0,0.489455,0.113013,0.033315
EL SALVADOR,EL SALVADOR,2019-04-14,nb,5,0.75,hostvector_tempmort,central,1.0,0.3,0.0,,0.129605,
EL SALVADOR,EL SALVADOR,2019-04-14,nb,5,0.75,hostvector_tempmort,alt,1.0,0.3,3e-06,1.605718,0.147192,0.049289
EL SALVADOR,EL SALVADOR,2019-04-14,nb,7,1.0,hostvector,central,1.0,0.3,1.797905,0.750473,0.049285,0.021866
EL SALVADOR,EL SALVADOR,2019-04-14,nb,7,1.0,hostvector,alt,1.0,0.3,2.034215,0.847884,0.057642,0.025188
EL SALVADOR,EL SALVADOR,2019-04-14,nb,7,1.0,seir,central,1.0,0.3,2.013944,0.825654,0.034515,0.021806
EL SALVADOR,EL SALVADOR,2019-04-14,nb,7,1.0,seir,alt,1.0,0.3,2.009013,0.852309,0.032874,0.021885
EL SALVADOR,EL SALVADOR,2019-04-14,nb,7,1.0,hostvector_tempmort,central,1.0,0.3,1.932676,0.738386,0.047625,0.021325
EL SALVADOR,EL SALVADOR,2019-04-14,nb,7,1.0,hostvector_tempmort,alt,1.0,0.3,2.141549,0.833795,0.055782,0.024523
EL SALVADOR,EL SALVADOR,2019-04-14,nb,7,0.75,hostvector,central,1.0,0.3,1.83544,1.921118,0.047856,0.05174
EL SALVADOR,EL SALVADOR,2019-04-14,nb,7,0.75,hostvector,alt,1.0,0.3,2.180119,2.194501,0.05365,0.057814
EL SALVADOR,EL SALVADOR,2019-04-14,nb,7,0.75,seir,central,1.0,0.3,2.080137,1.941171,0.032703,0.052115
EL SALVADOR,EL SALVADOR,2019-04-14,nb,7,0.75,seir,alt,1.0,0.3,2.065751,1.985684,0.031747,0.052693
EL SALVADOR,EL SALVADOR,2019-04-14,nb,7,0.75,hostvector_tempmort,central,1.0,0.3,1.954225,1.878409,0.046618,0.050021
EL SALVADOR,EL SALVADOR,2019-04-14,nb,7,0.75,hostvector_tempmort,alt,1.0,0.3,2.244447,2.146754,0.05289,0.055813
EL SALVADOR,EL SALVADOR,2019-04-14,poisson,3,1.0,hostvector,central,1.0,0.3,1.63864,0.830134,0.036929,0.046547
EL SALVADOR,EL SALVADOR,2019-04-14,poisson,3,1.0,hostvector,alt,1.0,0.3,1.86406,0.940708,0.048457,0.057011
EL SALVADOR,EL SALVADOR,2019-04-14,poisson,3,1.0,seir,central,1.0,0.3,2.035105,0.929241,0.036893,0.045209
EL SALVADOR,EL SALVADOR,2019-04-14,poisson,3,1.0,seir,alt,1.0,0.3,2.214101,0.96067,0.044684,0.045793
EL SALVADOR,EL SALVADOR,2019-04-14,poisson,3,1.0,hostvector_tempmort,central,1.0,0.3,1.782319,0.823233,0.03618,0.046086
EL SALVADOR,EL SALVADOR,2019-04-14,poisson,3,1.0,hostvector_tempmort,alt,1.0,0.3,1.99064,0.933144,0.047657,0.056348
EL SALVADOR,EL SALVADOR,2019-04-14,poisson,3,0.75,hostvector,central,1.0,0.3,0.0,1.068551,0.235934,0.116545
EL SALVADOR,EL SALVADOR,2019-04-14,poisson,3,0.75,hostvector,alt,1.0,0.3,0.0,1.623585,0.282586,0.136348
EL SALVADOR,EL SALVADOR,2019-04-14,poisson,3,0.75,seir,central,1.0,0.3,0.0,2.203355,0.219045,0.117886
EL SALVADOR,EL SALVADOR,2019-04-14,poisson,3,0.75,seir,alt,1.0,0.3,0.0,0.503223,0.217969,0.101116
EL SALVADOR,EL SALVADOR,2019-04-14,poisson,3,0.75,hostvector_tempmort,central,1.0,0.3,0.0,1.439138,0.233098,0.109154
EL SALVADOR,EL SALVADOR,2019-04-14,poisson,3,0.75,hostvector_tempmort,alt,1.0,0.3,0.0,1.526069,0.276668,0.130249
EL SALVADOR,EL SALVADOR,2019-04-14,poisson,5,1.0,hostvector,central,1.0,0.3,1.6833,0.742188,0.063104,0.051288
EL SALVADOR,EL SALVADOR,2019-04-14,poisson,5,1.0,hostvector,alt,1.0,0.3,1.905845,0.836865,0.077985,0.061869
EL SALVADOR,EL SALVADOR,2019-04-14,poisson,5,1.0,seir,central,1.0,0.3,2.005405,0.832761,0.055537,0.050492
EL SALVADOR,EL SALVADOR,2019-04-14,poisson,5,1.0,seir,alt,1.0,0.3,2.095174,0.854454,0.057317,0.051141
EL SALVADOR,EL SALVADOR,2019-04-14,poisson,5,1.0,hostvector_tempmort,central,1.0,0.3,1.82608,0.735206,0.062,0.050659
EL SALVADOR,EL SALVADOR,2019-04-14,poisson,5,1.0,hostvector_tempmort,alt,1.0,0.3,2.028281,0.828755,0.076471,0.060974
EL SALVADOR,EL SALVADOR,2019-04-14,poisson,5,0.75,hostvector,central,1.0,0.3,0.0,1.487356,0.126506,0.077708
EL SALVADOR,EL SALVADOR,2019-04-14,poisson,5,0.75,hostvector,alt,1.0,0.3,0.0,1.675514,0.143801,0.091035
EL SALVADOR,EL SALVADOR,2019-04-14,poisson,5,0.75,seir,central,1.0,0.3,0.0,1.984228,0.117957,0.080711
EL SALVADOR,EL SALVADOR,2019-04-14,poisson,5,0.75,seir,alt,1.0,0.3,0.0,2.143716,0.113535,0.082265
EL SALVADOR,EL SALVADOR,2019-04-14,poisson,5,0.75,hostvector_tempmort,central,1.0,0.3,0.0,1.390673,0.124165,0.07548
EL SALVADOR,EL SALVADOR,2019-04-14,poisson,5,0.75,hostvector_tempmort,alt,1.0,0.3,0.0,,0.140497,
EL SALVADOR,EL SALVADOR,2019-04-14,poisson,7,1.0,hostvector,central,1.0,0.3,1.291474,0.701863,0.007687,0.053491
EL SALVADOR,EL SALVADOR,2019-04-14,poisson,7,1.0,hostvector,alt,1.0,0.3,1.431101,0.788295,0.00747,0.061215
EL SALVADOR,EL SALVADOR,2019-04-14,poisson,7,1.0,seir,central,1.0,0.3,1.605357,0.792017,0.000949,0.054671
EL SALVADOR,EL SALVADOR,2019-04-14,poisson,7,1.0,seir,alt,1.0,0.3,1.66932,0.810249,-0.002038,0.054306
EL SALVADOR,EL SALVADOR,2019-04-14,poisson,7,1.0,hostvector_tempmort,central,1.0,0.3,1.438622,0.694445,0.007174,0.052672
EL SALVADOR,EL SALVADOR,2019-04-14,poisson,7,1.0,hostvector_tempmort,alt,1.0,0.3,1.560019,0.779619,0.007,0.060197
EL SALVADOR,EL SALVADOR,2019-04-14,poisson,7,0.75,hostvector,central,1.0,0.3,0.0,1.68847,0.005196,0.068282
EL SALVADOR,EL SALVADOR,2019-04-14,poisson,7,0.75,hostvector,alt,1.0,0.3,0.0,1.59566,0.006225,0.07562
EL SALVADOR,EL SALVADOR,2019-04-14,poisson,7,0.75,seir,central,1.0,0.3,0.0,2.228668,-0.002949,0.075794
EL SALVADOR,EL SALVADOR,2019-04-14,poisson,7,0.75,seir,alt,1.0,0.3,0.0,2.392496,-0.004815,0.07687
EL SALVADOR,EL SALVADOR,2019-04-14,poisson,7,0.75,hostvector_tempmort,central,1.0,0.3,0.0,1.621177,0.005938,0.066665
EL SALVADOR,EL SALVADOR,2019-04-14,poisson,7,0.75,hostvector_tempmort,alt,1.0,0.3,0.0,1.734661,0.006886,0.073913
COSTA RICA,COSTA RICA,2023-05-14,nb,3,1.0,hostvector,central,1.0,0.3,0.0,0.057197,0.172483,0.031692
COSTA RICA,COSTA RICA,2023-05-14,nb,3,1.0,hostvector,alt,1.0,0.3,0.0,0.003708,0.213267,0.040867
COSTA RICA,COSTA RICA,2023-05-14,nb,3,1.0,seir,central,1.0,0.3,0.0,,0.151223,
COSTA RICA,COSTA RICA,2023-05-14,nb,3,1.0,seir,alt,1.0,0.3,0.0,0.127555,0.153517,0.026025
COSTA RICA,COSTA RICA,2023-05-14,nb,3,1.0,hostvector_tempmort,central,1.0,0.3,0.0,0.744893,0.172988,0.062565
COSTA RICA,COSTA RICA,2023-05-14,nb,3,1.0,hostvector_tempmort,alt,1.0,0.3,0.0,0.824168,0.213718,0.0759
COSTA RICA,COSTA RICA,2023-05-14,nb,3,0.75,hostvector,central,1.0,0.3,0.971072,0.943493,0.03894,0.052001
COSTA RICA,COSTA RICA,2023-05-14,nb,3,0.75,hostvector,alt,1.0,0.3,1.220667,1.060169,0.055269,0.0605
COSTA RICA,COSTA RICA,2023-05-14,nb,3,0.75,seir,central,1.0,0.3,0.690726,1.110933,0.008822,0.056785
COSTA RICA,COSTA RICA,2023-05-14,nb,3,0.75,seir,alt,1.0,0.3,0.640966,1.127235,0.006772,0.057631
COSTA RICA,COSTA RICA,2023-05-14,nb,3,0.75,hostvector_tempmort,central,1.0,0.3,0.945971,0.942312,0.03911,0.051899
COSTA RICA,COSTA RICA,2023-05-14,nb,3,0.75,hostvector_tempmort,alt,1.0,0.3,1.197552,1.059163,0.055371,0.060388
COSTA RICA,COSTA RICA,2023-05-14,nb,5,1.0,hostvector,central,1.0,0.3,0.0,0.538861,0.170461,0.043956
COSTA RICA,COSTA RICA,2023-05-14,nb,5,1.0,hostvector,alt,1.0,0.3,0.0,0.103339,0.214773,0.033929
COSTA RICA,COSTA RICA,2023-05-14,nb,5,1.0,seir,central,1.0,0.3,0.0,6e-06,0.153353,0.02185
COSTA RICA,COSTA RICA,2023-05-14,nb,5,1.0,seir,alt,1.0,0.3,0.0,,0.15644,
COSTA RICA,COSTA RICA,2023-05-14,nb,5,1.0,hostvector_tempmort,central,1.0,0.3,0.0,0.596818,0.170728,0.044673
COSTA RICA,COSTA RICA,2023-05-14,nb,5,1.0,hostvector_tempmort,alt,1.0,0.3,0.0,0.091099,0.214994,0.034362
COSTA RICA,COSTA RICA,2023-05-14,nb,5,0.75,hostvector,central,1.0,0.3,0.608412,0.783213,-0.011066,0.050559
COSTA RICA,COSTA RICA,2023-05-14,nb,5,0.75,hostvector,alt,1.0,0.3,0.735505,0.886513,-0.009935,0.058298
COSTA RICA,COSTA RICA,2023-05-14,nb,5,0.75,seir,central,1.0,0.3,0.610037,0.939284,-0.043009,0.055193
COSTA RICA,COSTA RICA,2023-05-14,nb,5,0.75,seir,alt,1.0,0.3,0.600128,0.970488,-0.046716,0.055969
COSTA RICA,COSTA RICA,2023-05-14,nb,5,0.75,hostvector_tempmort,central,1.0,0.3,0.581393,0.781543,-0.01063,0.050503
COSTA RICA,COSTA RICA,2023-05-14,nb,5,0.75,hostvector_tempmort,alt,1.0,0.3,0.711081,0.884957,-0.009492,0.058247
COSTA RICA,COSTA RICA,2023-05-14,nb,7,1.0,hostvector,central,1.0,0.3,0.0,0.242806,0.166858,0.026609
COSTA RICA,COSTA RICA,2023-05-14,nb,7,1.0,hostvector,alt,1.0,0.3,0.0,0.248564,0.209041,0.035675
COSTA RICA,COSTA RICA,2023-05-14,nb,7,1.0,seir,central,1.0,0.3,0.0,0.264938,0.1568,0.028512
COSTA RICA,COSTA RICA,2023-05-14,nb,7,1.0,seir,alt,1.0,0.3,0.0,,0.160586,
COSTA RICA,COSTA RICA,2023-05-14,nb,7,1.0,hostvector_tempmort,central,1.0,0.3,0.0,0.426965,0.166978,0.034963
COSTA RICA,COSTA RICA,2023-05-14,nb,7,1.0,hostvector_tempmort,alt,1.0,0.3,0.0,0.560393,0.209154,0.047256
COSTA RICA,COSTA RICA,2023-05-14,nb,7,0.75,hostvector,central,1.0,0.3,0.97971,1.023224,-0.068388,0.053488
COSTA RICA,COSTA RICA,2023-05-14,nb,7,0.75,hostvector,alt,1.0,0.3,1.134793,1.162052,-0.077475,0.060323
COSTA RICA,COSTA RICA,2023-05-14,nb,7,0.75,seir,central,1.0,0.3,1.072517,1.141186,-0.095094,0.05687
COSTA RICA,COSTA RICA,2023-05-14,nb,7,0.75,seir,alt,1.0,0.3,1.050605,0.476349,-0.096316,0.036837
COSTA RICA,COSTA RICA,2023-05-14,nb,7,0.75,hostvector_tempmort,central,1.0,0.3,0.950643,1.021517,-0.067926,0.05348
COSTA RICA,COSTA RICA,2023-05-14,nb,7,0.75,hostvector_tempmort,alt,1.0,0.3,1.10867,1.160801,-0.077052,0.060337
COSTA RICA,COSTA RICA,2023-05-14,poisson,3,1.0,hostvector,central,1.0,0.3,0.0,0.735474,0.087888,0.040004
COSTA RICA,COSTA RICA,2023-05-14,poisson,3,1.0,hostvector,alt,1.0,0.3,0.0,0.823163,0.105051,0.047782
COSTA RICA,COSTA RICA,2023-05-14,poisson,3,1.0,seir,central,1.0,0.3,0.0,0.734754,0.086295,0.039616
COSTA RICA,COSTA RICA,2023-05-14,poisson,3,1.0,seir,alt,1.0,0.3,0.0,0.057603,0.088491,0.023296
COSTA RICA,COSTA RICA,2023-05-14,poisson,3,1.0,hostvector_tempmort,central,1.0,0.3,0.0,0.695145,0.088772,0.039306
COSTA RICA,COSTA RICA,2023-05-14,poisson,3,1.0,hostvector_tempmort,alt,1.0,0.3,0.0,0.650461,0.10588,0.042494
COSTA RICA,COSTA RICA,2023-05-14,poisson,3,0.75,hostvector,central,1.0,0.3,0.0,0.796367,0.008893,0.040134
COSTA RICA,COSTA RICA,2023-05-14,poisson,3,0.75,hostvector,alt,1.0,0.3,0.0,0.936637,0.011867,0.046418
COSTA RICA,COSTA RICA,2023-05-14,poisson,3,0.75,seir,central,1.0,0.3,0.0,0.906278,0.004453,0.042101
COSTA RICA,COSTA RICA,2023-05-14,poisson,3,0.75,seir,alt,1.0,0.3,0.0,0.917247,0.003597,0.043067
COSTA RICA,COSTA RICA,2023-05-14,poisson,3,0.75,hostvector_tempmort,central,1.0,0.3,0.0,0.840658,0.00992,0.039015
COSTA RICA,COSTA RICA,2023-05-14,poisson,3,0.75,hostvector_tempmort,alt,1.0,0.3,0.0,0.930264,0.012828,0.046931
COSTA RICA,COSTA RICA,2023-05-14,poisson,5,1.0,hostvector,central,1.0,0.3,0.0,0.543945,0.09704,0.033065
COSTA RICA,COSTA RICA,2023-05-14,poisson,5,1.0,hostvector,alt,1.0,0.3,0.0,0.638404,0.115475,0.039846
COSTA RICA,COSTA RICA,2023-05-14,poisson,5,1.0,seir,central,1.0,0.3,0.0,0.592012,0.098395,0.033217
COSTA RICA,COSTA RICA,2023-05-14,poisson,5,1.0,seir,alt,1.0,0.3,0.0,0.584301,0.10185,0.03372
COSTA RICA,COSTA RICA,2023-05-14,poisson,5,1.0,hostvector_tempmort,central,1.0,0.3,0.0,0.014449,0.097721,0.024967
COSTA RICA,COSTA RICA,2023-05-14,poisson,5,1.0,hostvector_tempmort,alt,1.0,0.3,0.0,0.631909,0.116117,0.039764
COSTA RICA,COSTA RICA,2023-05-14,poisson,5,0.75,hostvector,central,1.0,0.3,0.0,0.630305,-0.032294,0.042633
COSTA RICA,COSTA RICA,2023-05-14,poisson,5,0.75,hostvector,alt,1.0,0.3,0.0,0.722195,-0.036573,0.049861
COSTA RICA,COSTA RICA,2023-05-14,poisson,5,0.75,seir,central,1.0,0.3,0.0,0.683333,-0.040333,0.045768
COSTA RICA,COSTA RICA,2023-05-14,poisson,5,0.75,seir,alt,1.0,0.3,0.0,0.698246,-0.043259,0.047304
COSTA RICA,COSTA RICA,2023-05-14,poisson,5,0.75,hostvector_tempmort,central,1.0,0.3,0.0,0.567947,-0.031824,0.044228
COSTA RICA,COSTA RICA,2023-05-14,poisson,5,0.75,hostvector_tempmort,alt,1.0,0.3,0.0,0.7281,-0.036085,0.049939
COSTA RICA,COSTA RICA,2023-05-14,poisson,7,1.0,hostvector,central,1.0,0.3,0.0,0.463709,0.121164,0.032745
COSTA RICA,COSTA RICA,2023-05-14,poisson,7,1.0,hostvector,alt,1.0,0.3,0.0,0.53067,0.144017,0.039315
COSTA RICA,COSTA RICA,2023-05-14,poisson,7,1.0,seir,central,1.0,0.3,0.0,0.479307,0.124261,0.03377
COSTA RICA,COSTA RICA,2023-05-14,poisson,7,1.0,seir,alt,1.0,0.3,0.0,0.490418,0.128342,0.034462
COSTA RICA,COSTA RICA,2023-05-14,poisson,7,1.0,hostvector_tempmort,central,1.0,0.3,0.0,0.420072,0.121605,0.032743
COSTA RICA,COSTA RICA,2023-05-14,poisson,7,1.0,hostvector_tempmort,alt,1.0,0.3,0.0,0.534957,0.144431,0.039424
COSTA RICA,COSTA RICA,2023-05-14,poisson,7,0.75,hostvector,central,1.0,0.3,0.0,0.782488,-0.062653,0.068981
COSTA RICA,COSTA RICA,2023-05-14,poisson,7,0.75,hostvector,alt,1.0,0.3,1e-06,0.886714,-0.075447,0.079833
COSTA RICA,COSTA RICA,2023-05-14,poisson,7,0.75,seir,central,1.0,0.3,1e-06,0.876761,-0.06325,0.074811
COSTA RICA,COSTA RICA,2023-05-14,poisson,7,0.75,seir,alt,1.0,0.3,0.0,0.91859,-0.06207,0.077871
COSTA RICA,COSTA RICA,2023-05-14,poisson,7,0.75,hostvector_tempmort,central,1.0,0.3,0.0,0.787673,-0.063811,0.069058
COSTA RICA,COSTA RICA,2023-05-14,poisson,7,0.75,hostvector_tempmort,alt,1.0,0.3,0.0,0.890276,-0.076404,0.079868
GUADELOUPE,GUADELOUPE,2019-11-03,nb,3,1.0,hostvector,central,1.0,0.3,0.717175,,0.37246,
GUADELOUPE,GUADELOUPE,2019-11-03,nb,3,1.0,hostvector,alt,1.0,0.3,0.523405,1.798479,0.446213,0.307353
GUADELOUPE,GUADELOUPE,2019-11-03,nb,3,1.0,seir,central,1.0,0.3,1.356073,1.155814,0.376142,0.050337
GUADELOUPE,GUADELOUPE,2019-11-03,nb,3,1.0,seir,alt,1.0,0.3,1.395394,1.348146,0.375933,0.309999
GUADELOUPE,GUADELOUPE,2019-11-03,nb,3,1.0,hostvector_tempmort,central,1.0,0.3,0.954604,1.112372,0.366126,0.043069
GUADELOUPE,GUADELOUPE,2019-11-03,nb,3,1.0,hostvector_tempmort,alt,1.0,0.3,0.785035,1.747356,0.437713,0.30095
GUADELOUPE,GUADELOUPE,2019-11-03,nb,3,0.75,hostvector,central,1.0,0.3,1e-06,2.469295,0.500742,0.274197
GUADELOUPE,GUADELOUPE,2019-11-03,nb,3,0.75,hostvector,alt,1.0,0.3,1e-06,3.055396,0.590467,0.321214
GUADELOUPE,GUADELOUPE,2019-11-03,nb,3,0.75,seir,central,1.0,0.3,0.0,,0.531569,
GUADELOUPE,GUADELOUPE,2019-11-03,nb,3,0.75,seir,alt,1.0,0.3,0.0,,0.536499,
GUADELOUPE,GUADELOUPE,2019-11-03,nb,3,0.75,hostvector_tempmort,central,1.0,0.3,3e-06,2.377249,0.502976,0.266665
GUADELOUPE,GUADELOUPE,2019-11-03,nb,3,0.75,hostvector_tempmort,alt,1.0,0.3,4e-06,2.373796,0.591474,0.157137
GUADELOUPE,GUADELOUPE,2019-11-03,nb,5,1.0,hostvector,central,1.0,0.3,0.844991,0.963125,0.003279,0.268466
GUADELOUPE,GUADELOUPE,2019-11-03,nb,5,1.0,hostvector,alt,1.0,0.3,0.939764,1.184684,-2.7e-05,0.310793
GUADELOUPE,GUADELOUPE,2019-11-03,nb,5,1.0,seir,central,1.0,0.3,1.10289,0.946158,-0.066721,0.292996
GUADELOUPE,GUADELOUPE,2019-11-03,nb,5,1.0,seir,alt,1.0,0.3,1.060861,0.928713,-0.093815,0.29833
GUADELOUPE,GUADELOUPE,2019-11-03,nb,5,1.0,hostvector_tempmort,central,1.0,0.3,1.048798,0.934489,-0.000829,0.265185
GUADELOUPE,GUADELOUPE,2019-11-03,nb,5,1.0,hostvector_tempmort,alt,1.0,0.3,1.13781,1.14403,-0.007504,0.307109
GUADELOUPE,GUADELOUPE,2019-11-03,nb,5,0.75,hostvector,central,1.0,0.3,1.2e-05,1.619362,-0.108754,0.262599
GUADELOUPE,GUADELOUPE,2019-11-03,nb,5,0.75,hostvector,alt,1.0,0.3,0.000106,1.941238,-0.117404,0.296574
GUADELOUPE,GUADELOUPE,2019-11-03,nb,5,0.75,seir,central,1.0,0.3,0.493007,1.384758,-0.287449,0.290393
GUADELOUPE,GUADELOUPE,2019-11-03,nb,5,0.75,seir,alt,1.0,0.3,0.455917,1.362032,-0.330828,0.293078
GUADELOUPE,GUADELOUPE,2019-11-03,nb,5,0.75,hostvector_tempmort,central,1.0,0.3,0.132118,1.601693,-0.109616,0.262426
GUADELOUPE,GUADELOUPE,2019-11-03,nb,5,0.75,hostvector_tempmort,alt,1.0,0.3,0.113533,1.909412,-0.118138,0.295235
GUADELOUPE,GUADELOUPE,2019-11-03,nb,7,1.0,hostvector,central,1.0,0.3,0.822965,0.948073,-0.222225,0.271896
GUADELOUPE,GUADELOUPE,2019-11-03,nb,7,1.0,hostvector,alt,1.0,0.3,1.160121,1.367509,-0.266673,0.318925
GUADELOUPE,GUADELOUPE,2019-11-03,nb,7,1.0,seir,central,1.0,0.3,0.835297,1.005408,-0.151301,0.275358
GUADELOUPE,GUADELOUPE,2019-11-03,nb,7,1.0,seir,alt,1.0,0.3,0.857852,1.031348,-0.134715,0.280887
GUADELOUPE,GUADELOUPE,2019-11-03,nb,7,1.0,hostvector_tempmort,central,1.0,0.3,1.000375,0.911136,-0.214638,0.268157
GUADELOUPE,GUADELOUPE,2019-11-03,nb,7,1.0,hostvector_tempmort,alt,1.0,0.3,1.309851,1.297944,-0.256061,0.316382
GUADELOUPE,GUADELOUPE,2019-11-03,nb,7,0.75,hostvector,central,1.0,0.3,0.0,,-0.440981,
GUADELOUPE,GUADELOUPE,2019-11-03,nb,7,0.75,hostvector,alt,1.0,0.3,0.093085,1.90758,-0.490253,0.305227
GUADELOUPE,GUADELOUPE,2019-11-03,nb,7,0.75,seir,central,1.0,0.3,0.0,0.122855,-0.323229,0.300903
GUADELOUPE,GUADELOUPE,2019-11-03,nb,7,0.75,seir,alt,1.0,0.3,1.8e-05,1.877744,-0.305486,0.309269
GUADELOUPE,GUADELOUPE,2019-11-03,nb,7,0.75,hostvector_tempmort,central,1.0,0.3,6.9e-05,1.496721,-0.421889,0.269483
GUADELOUPE,GUADELOUPE,2019-11-03,nb,7,0.75,hostvector_tempmort,alt,1.0,0.3,0.237148,1.877763,-0.4831,0.30633
GUADELOUPE,GUADELOUPE,2019-11-03,poisson,3,1.0,hostvector,central,1.0,0.3,1.501471,,0.45233,
GUADELOUPE,GUADELOUPE,2019-11-03,poisson,3,1.0,hostvector,alt,1.0,0.3,1.404771,2.794937,0.543911,0.287107
GUADELOUPE,GUADELOUPE,2019-11-03,poisson,3,1.0,seir,central,1.0,0.3,1.984577,1.802748,0.431496,0.193056
GUADELOUPE,GUADELOUPE,2019-11-03,poisson,3,1.0,seir,alt,1.0,0.3,2.070556,,0.428201,
GUADELOUPE,GUADELOUPE,2019-11-03,poisson,3,1.0,hostvector_tempmort,central,1.0,0.3,1.705356,,0.446556,
GUADELOUPE,GUADELOUPE,2019-11-03,poisson,3,1.0,hostvector_tempmort,alt,1.0,0.3,1.618133,2.368933,0.536597,0.183813
GUADELOUPE,GUADELOUPE,2019-11-03,poisson,3,0.75,hostvector,central,1.0,0.3,0.0,4.038766,0.546509,0.282974
GUADELOUPE,GUADELOUPE,2019-11-03,poisson,3,0.75,hostvector,alt,1.0,0.3,0.0,5.332521,0.647798,0.34454
GUADELOUPE,GUADELOUPE,2019-11-03,poisson,3,0.75,seir,central,1.0,0.3,0.0,,0.543036,
GUADELOUPE,GUADELOUPE,2019-11-03,poisson,3,0.75,seir,alt,1.0,0.3,0.0,,0.544901,
GUADELOUPE,GUADELOUPE,2019-11-03,poisson,3,0.75,hostvector_tempmort,central,1.0,0.3,0.0,4.025518,0.546061,0.281415
GUADELOUPE,GUADELOUPE,2019-11-03,poisson,3,0.75,hostvector_tempmort,alt,1.0,0.3,0.0,4.755091,0.646156,0.337184
GUADELOUPE,GUADELOUPE,2019-11-03,poisson,5,1.0,hostvector,central,1.0,0.3,1.825813,1.61251,-0.059645,0.210692
GUADELOUPE,GUADELOUPE,2019-11-03,poisson,5,1.0,hostvector,alt,1.0,0.3,2.091644,1.956691,-0.065958,0.242333
GUADELOUPE,GUADELOUPE,2019-11-03,poisson,5,1.0,seir,central,1.0,0.3,1.816538,1.516224,-0.15784,0.21974
GUADELOUPE,GUADELOUPE,2019-11-03,poisson,5,1.0,seir,alt,1.0,0.3,1.727049,1.490431,-0.1995,0.221581
GUADELOUPE,GUADELOUPE,2019-11-03,poisson,5,1.0,hostvector_tempmort,central,1.0,0.3,1.978126,1.583316,-0.061595,0.209292
GUADELOUPE,GUADELOUPE,2019-11-03,poisson,5,1.0,hostvector_tempmort,alt,1.0,0.3,2.235309,1.918696,-0.068807,0.241035
GUADELOUPE,GUADELOUPE,2019-11-03,poisson,5,0.75,hostvector,central,1.0,0.3,0.351597,2.706852,-0.085681,0.237418
GUADELOUPE,GUADELOUPE,2019-11-03,poisson,5,0.75,hostvector,alt,1.0,0.3,0.523722,3.025602,-0.09501,0.27094
GUADELOUPE,GUADELOUPE,2019-11-03,poisson,5,0.75,seir,central,1.0,0.3,0.0,2.997482,-0.203543,0.248314
GUADELOUPE,GUADELOUPE,2019-11-03,poisson,5,0.75,seir,alt,1.0,0.3,0.0,3.061825,-0.245739,0.249951
GUADELOUPE,GUADELOUPE,2019-11-03,poisson,5,0.75,hostvector_tempmort,central,1.0,0.3,0.479086,2.666571,-0.08766,0.235792
GUADELOUPE,GUADELOUPE,2019-11-03,poisson,5,0.75,hostvector_tempmort,alt,1.0,0.3,0.635943,2.980646,-0.097761,0.269329
GUADELOUPE,GUADELOUPE,2019-11-03,poisson,7,1.0,hostvector,central,1.0,0.3,2.207014,1.719049,-0.523536,0.18546
GUADELOUPE,GUADELOUPE,2019-11-03,poisson,7,1.0,hostvector,alt,1.0,0.3,2.943499,2.231428,-0.569138,0.216998
GUADELOUPE,GUADELOUPE,2019-11-03,poisson,7,1.0,seir,central,1.0,0.3,0.695583,1.280762,-0.598919,0.197727
GUADELOUPE,GUADELOUPE,2019-11-03,poisson,7,1.0,seir,alt,1.0,0.3,0.674533,1.293374,-0.610591,0.209493
GUADELOUPE,GUADELOUPE,2019-11-03,poisson,7,1.0,hostvector_tempmort,central,1.0,0.3,2.335099,1.683142,-0.519947,0.185188
GUADELOUPE,GUADELOUPE,2019-11-03,poisson,7,1.0,hostvector_tempmort,alt,1.0,0.3,3.05797,2.191332,-0.566858,0.217292
GUADELOUPE,GUADELOUPE,2019-11-03,poisson,7,0.75,hostvector,central,1.0,0.3,0.393247,2.221036,-0.618363,0.203682
GUADELOUPE,GUADELOUPE,2019-11-03,poisson,7,0.75,hostvector,alt,1.0,0.3,1.226808,2.643654,-0.721722,0.248558
GUADELOUPE,GUADELOUPE,2019-11-03,poisson,7,0.75,seir,central,1.0,0.3,0.0,2.512143,-0.612544,0.211334
GUADELOUPE,GUADELOUPE,2019-11-03,poisson,7,0.75,seir,alt,1.0,0.3,0.0,2.597504,-0.623417,0.225498
GUADELOUPE,GUADELOUPE,2019-11-03,poisson,7,0.75,hostvector_tempmort,central,1.0,0.3,0.518976,2.186569,-0.614244,0.202843
GUADELOUPE,GUADELOUPE,2019-11-03,poisson,7,0.75,hostvector_tempmort,alt,1.0,0.3,1.327519,2.599192,-0.718295,0.247753
LAO PEOPLE'S DEMOCRATIC REPUBLIC,LAO PEOPLE'S DEMOCRATIC REPUBLIC,2019-03-31,nb,3,1.0,hostvector,central,1.0,0.3,1.125549,0.318856,0.03043,0.032546
LAO PEOPLE'S DEMOCRATIC REPUBLIC,LAO PEOPLE'S DEMOCRATIC REPUBLIC,2019-03-31,nb,3,1.0,hostvector,alt,1.0,0.3,1.309116,0.405502,0.051417,0.038761
LAO PEOPLE'S DEMOCRATIC REPUBLIC,LAO PEOPLE'S DEMOCRATIC REPUBLIC,2019-03-31,nb,3,1.0,seir,central,1.0,0.3,1.110829,,0.015267,
LAO PEOPLE'S DEMOCRATIC REPUBLIC,LAO PEOPLE'S DEMOCRATIC REPUBLIC,2019-03-31,nb,3,1.0,seir,alt,1.0,0.3,1.15308,,0.021758,
LAO PEOPLE'S DEMOCRATIC REPUBLIC,LAO PEOPLE'S DEMOCRATIC REPUBLIC,2019-03-31,nb,3,1.0,hostvector_tempmort,central,1.0,0.3,1.320684,,-0.030176,
LAO PEOPLE'S DEMOCRATIC REPUBLIC,LAO PEOPLE'S DEMOCRATIC REPUBLIC,2019-03-31,nb,3,1.0,hostvector_tempmort,alt,1.0,0.3,1.594332,0.386682,-0.005015,0.037739
LAO PEOPLE'S DEMOCRATIC REPUBLIC,LAO PEOPLE'S DEMOCRATIC REPUBLIC,2019-03-31,nb,3,0.75,hostvector,central,1.0,0.3,0.974147,0.402349,0.239079,0.070831
LAO PEOPLE'S DEMOCRATIC REPUBLIC,LAO PEOPLE'S DEMOCRATIC REPUBLIC,2019-03-31,nb,3,0.75,hostvector,alt,1.0,0.3,1.156722,0.473774,0.272572,0.07948
LAO PEOPLE'S DEMOCRATIC REPUBLIC,LAO PEOPLE'S DEMOCRATIC REPUBLIC,2019-03-31,nb,3,0.75,seir,central,1.0,0.3,1.197822,0.406438,0.249129,0.079967
LAO PEOPLE'S DEMOCRATIC REPUBLIC,LAO PEOPLE'S DEMOCRATIC REPUBLIC,2019-03-31,nb,3,0.75,seir,alt,1.0,0.3,1.233212,0.409332,0.258521,0.081366
LAO PEOPLE'S DEMOCRATIC REPUBLIC,LAO PEOPLE'S DEMOCRATIC REPUBLIC,2019-03-31,nb,3,0.75,hostvector_tempmort,central,1.0,0.3,1.889764,0.415862,0.244671,0.079438
LAO PEOPLE'S DEMOCRATIC REPUBLIC,LAO PEOPLE'S DEMOCRATIC REPUBLIC,2019-03-31,nb,3,0.75,hostvector_tempmort,alt,1.0,0.3,2.048434,0.474603,0.28814,0.085879
LAO PEOPLE'S DEMOCRATIC REPUBLIC,LAO PEOPLE'S DEMOCRATIC REPUBLIC,2019-03-31,nb,5,1.0,hostvector,central,1.0,0.3,1.034652,0.317849,0.053358,0.036938
LAO PEOPLE'S DEMOCRATIC REPUBLIC,LAO PEOPLE'S DEMOCRATIC REPUBLIC,2019-03-31,nb,5,1.0,hostvector,alt,1.0,0.3,1.213313,0.391311,0.079993,0.042689
LAO PEOPLE'S DEMOCRATIC REPUBLIC,LAO PEOPLE'S DEMOCRATIC REPUBLIC,2019-03-31,nb,5,1.0,seir,central,1.0,0.3,1.170233,0.33014,0.02713,0.040134
LAO PEOPLE'S DEMOCRATIC REPUBLIC,LAO PEOPLE'S DEMOCRATIC REPUBLIC,2019-03-31,nb,5,1.0,seir,alt,1.0,0.3,1.210089,0.347681,0.035431,0.040748
LAO PEOPLE'S DEMOCRATIC REPUBLIC,LAO PEOPLE'S DEMOCRATIC REPUBLIC,2019-03-31,nb,5,1.0,hostvector_tempmort,central,1.0,0.3,1.308162,0.330293,-0.020648,0.042014
LAO PEOPLE'S DEMOCRATIC REPUBLIC,LAO PEOPLE'S DEMOCRATIC REPUBLIC,2019-03-31,nb,5,1.0,hostvector_tempmort,alt,1.0,0.3,1.567579,0.392319,0.012105,0.047911
LAO PEOPLE'S DEMOCRATIC REPUBLIC,LAO PEOPLE'S DEMOCRATIC REPUBLIC,2019-03-31,nb,5,0.75,hostvector,central,1.0,0.3,0.724782,0.447301,0.188466,0.088165
LAO PEOPLE'S DEMOCRATIC REPUBLIC,LAO PEOPLE'S DEMOCRATIC REPUBLIC,2019-03-31,nb,5,0.75,hostvector,alt,1.0,0.3,0.89613,0.529489,0.234244,0.104538
LAO PEOPLE'S DEMOCRATIC REPUBLIC,LAO PEOPLE'S DEMOCRATIC REPUBLIC,2019-03-31,nb,5,0.75,seir,central,1.0,0.3,1.001653,0.466532,0.177153,0.091936
LAO PEOPLE'S DEMOCRATIC REPUBLIC,LAO PEOPLE'S DEMOCRATIC REPUBLIC,2019-03-31,nb,5,0.75,seir,alt,1.0,0.3,1.002513,0.474412,0.175869,0.095082
LAO PEOPLE'S DEMOCRATIC REPUBLIC,LAO PEOPLE'S DEMOCRATIC REPUBLIC,2019-03-31,nb,5,0.75,hostvector_tempmort,central,1.0,0.3,1.669188,0.433238,0.200539,0.091977
LAO PEOPLE'S DEMOCRATIC REPUBLIC,LAO PEOPLE'S DEMOCRATIC REPUBLIC,2019-03-31,nb,5,0.75,hostvector_tempmort,alt,1.0,0.3,1.772788,0.49839,0.249902,0.106703
LAO PEOPLE'S DEMOCRATIC REPUBLIC,LAO PEOPLE'S DEMOCRATIC REPUBLIC,2019-03-31,nb,7,1.0,hostvector,central,1.0,0.3,0.922237,0.311986,0.088653,0.043695
LAO PEOPLE'S DEMOCRATIC REPUBLIC,LAO PEOPLE'S DEMOCRATIC REPUBLIC,2019-03-31,nb,7,1.0,hostvector,alt,1.0,0.3,1.089234,0.375571,0.120258,0.048765
LAO PEOPLE'S DEMOCRATIC REPUBLIC,LAO PEOPLE'S DEMOCRATIC REPUBLIC,2019-03-31,nb,7,1.0,seir,central,1.0,0.3,1.054162,0.330823,0.063423,0.051869
LAO PEOPLE'S DEMOCRATIC REPUBLIC,LAO PEOPLE'S DEMOCRATIC REPUBLIC,2019-03-31,nb,7,1.0,seir,alt,1.0,0.3,1.07672,0.339285,0.076718,0.052682
LAO PEOPLE'S DEMOCRATIC REPUBLIC,LAO PEOPLE'S DEMOCRATIC REPUBLIC,2019-03-31,nb,7,1.0,hostvector_tempmort,central,1.0,0.3,1.299335,0.344951,-0.002652,0.058942
LAO PEOPLE'S DEMOCRATIC REPUBLIC,LAO PEOPLE'S DEMOCRATIC REPUBLIC,2019-03-31,nb,7,1.0,hostvector_tempmort,alt,1.0,0.3,1.511877,0.387193,0.043913,0.061568
LAO PEOPLE'S DEMOCRATIC REPUBLIC,LAO PEOPLE'S DEMOCRATIC REPUBLIC,2019-03-31,nb,7,0.75,hostvector,central,1.0,0.3,0.0,0.070857,-0.052844,0.089962
LAO PEOPLE'S DEMOCRATIC REPUBLIC,LAO PEOPLE'S DEMOCRATIC REPUBLIC,2019-03-31,nb,7,0.75,hostvector,alt,1.0,0.3,0.0,0.000467,-0.055077,0.099073
LAO PEOPLE'S DEMOCRATIC REPUBLIC,LAO PEOPLE'S DEMOCRATIC REPUBLIC,2019-03-31,nb,7,0.75,seir,central,1.0,0.3,0.461247,0.539433,-0.030347,0.120944
LAO PEOPLE'S DEMOCRATIC REPUBLIC,LAO PEOPLE'S DEMOCRATIC REPUBLIC,2019-03-31,nb,7,0.75,seir,alt,1.0,0.3,0.461378,0.540917,-0.034371,0.12407
LAO PEOPLE'S DEMOCRATIC REPUBLIC,LAO PEOPLE'S DEMOCRATIC REPUBLIC,2019-03-31,nb,7,0.75,hostvector_tempmort,central,1.0,0.3,1.166981,0.472903,0.00455,0.11383
LAO PEOPLE'S DEMOCRATIC REPUBLIC,LAO PEOPLE'S DEMOCRATIC REPUBLIC,2019-03-31,nb,7,0.75,hostvector_tempmort,alt,1.0,0.3,1.058498,0.522873,-0.00426,0.127639
LAO PEOPLE'S DEMOCRATIC REPUBLIC,LAO PEOPLE'S DEMOCRATIC REPUBLIC,2019-03-31,poisson,3,1.0,hostvector,central,1.0,0.3,0.900284,0.489013,-0.024774,0.041275
LAO PEOPLE'S DEMOCRATIC REPUBLIC,LAO PEOPLE'S DEMOCRATIC REPUBLIC,2019-03-31,poisson,3,1.0,hostvector,alt,1.0,0.3,1.043926,0.59519,-0.021895,0.047429
LAO PEOPLE'S DEMOCRATIC REPUBLIC,LAO PEOPLE'S DEMOCRATIC REPUBLIC,2019-03-31,poisson,3,1.0,seir,central,1.0,0.3,0.936507,,-0.030386,
LAO PEOPLE'S DEMOCRATIC REPUBLIC,LAO PEOPLE'S DEMOCRATIC REPUBLIC,2019-03-31,poisson,3,1.0,seir,alt,1.0,0.3,0.962454,0.525883,-0.027067,0.043602
LAO PEOPLE'S DEMOCRATIC REPUBLIC,LAO PEOPLE'S DEMOCRATIC REPUBLIC,2019-03-31,poisson,3,1.0,hostvector_tempmort,central,1.0,0.3,0.970527,0.481575,-0.043609,0.038858
LAO PEOPLE'S DEMOCRATIC REPUBLIC,LAO PEOPLE'S DEMOCRATIC REPUBLIC,2019-03-31,poisson,3,1.0,hostvector_tempmort,alt,1.0,0.3,1.12514,0.57674,-0.040427,0.044577
LAO PEOPLE'S DEMOCRATIC REPUBLIC,LAO PEOPLE'S DEMOCRATIC REPUBLIC,2019-03-31,poisson,3,0.75,hostvector,central,1.0,0.3,0.793876,0.4146,0.246444,0.048262
LAO PEOPLE'S DEMOCRATIC REPUBLIC,LAO PEOPLE'S DEMOCRATIC REPUBLIC,2019-03-31,poisson,3,0.75,hostvector,alt,1.0,0.3,1.06968,0.488002,0.279099,0.055165
LAO PEOPLE'S DEMOCRATIC REPUBLIC,LAO PEOPLE'S DEMOCRATIC REPUBLIC,2019-03-31,poisson,3,0.75,seir,central,1.0,0.3,0.544532,0.428946,0.279706,0.053075
LAO PEOPLE'S DEMOCRATIC REPUBLIC,LAO PEOPLE'S DEMOCRATIC REPUBLIC,2019-03-31,poisson,3,0.75,seir,alt,1.0,0.3,0.569951,0.427652,0.289086,0.054372
LAO PEOPLE'S DEMOCRATIC REPUBLIC,LAO PEOPLE'S DEMOCRATIC REPUBLIC,2019-03-31,poisson,3,0.75,hostvector_tempmort,central,1.0,0.3,1.373181,0.400488,0.240589,0.050511
LAO PEOPLE'S DEMOCRATIC REPUBLIC,LAO PEOPLE'S DEMOCRATIC REPUBLIC,2019-03-31,poisson,3,0.75,hostvector_tempmort,alt,1.0,0.3,1.614167,0.460609,0.276004,0.056762
LAO PEOPLE'S DEMOCRATIC REPUBLIC,LAO PEOPLE'S DEMOCRATIC REPUBLIC,2019-03-31,poisson,5,1.0,hostvector,central,1.0,0.3,0.816176,0.51575,-0.012135,0.055703
LAO PEOPLE'S DEMOCRATIC REPUBLIC,LAO PEOPLE'S DEMOCRATIC REPUBLIC,2019-03-31,poisson,5,1.0,hostvector,alt,1.0,0.3,0.961683,0.622261,-0.00834,0.063435
LAO PEOPLE'S DEMOCRATIC REPUBLIC,LAO PEOPLE'S DEMOCRATIC REPUBLIC,2019-03-31,poisson,5,1.0,seir,central,1.0,0.3,0.886135,0.537852,-0.019926,0.059196
LAO PEOPLE'S DEMOCRATIC REPUBLIC,LAO PEOPLE'S DEMOCRATIC REPUBLIC,2019-03-31,poisson,5,1.0,seir,alt,1.0,0.3,0.916736,0.562249,-0.016087,0.06047
LAO PEOPLE'S DEMOCRATIC REPUBLIC,LAO PEOPLE'S DEMOCRATIC REPUBLIC,2019-03-31,poisson,5,1.0,hostvector_tempmort,central,1.0,0.3,0.90837,0.505668,-0.037701,0.053928
LAO PEOPLE'S DEMOCRATIC REPUBLIC,LAO PEOPLE'S DEMOCRATIC REPUBLIC,2019-03-31,poisson,5,1.0,hostvector_tempmort,alt,1.0,0.3,1.062827,0.600443,-0.033014,0.061267
LAO PEOPLE'S DEMOCRATIC REPUBLIC,LAO PEOPLE'S DEMOCRATIC REPUBLIC,2019-03-31,poisson,5,0.75,hostvector,central,1.0,0.3,0.780914,0.615291,0.152403,0.069835
LAO PEOPLE'S DEMOCRATIC REPUBLIC,LAO PEOPLE'S DEMOCRATIC REPUBLIC,2019-03-31,poisson,5,0.75,hostvector,alt,1.0,0.3,0.99762,0.690663,0.193873,0.084309
LAO PEOPLE'S DEMOCRATIC REPUBLIC,LAO PEOPLE'S DEMOCRATIC REPUBLIC,2019-03-31,poisson,5,0.75,seir,central,1.0,0.3,0.829711,0.702859,0.124096,0.071193
LAO PEOPLE'S DEMOCRATIC REPUBLIC,LAO PEOPLE'S DEMOCRATIC REPUBLIC,2019-03-31,poisson,5,0.75,seir,alt,1.0,0.3,0.841015,0.71785,0.11778,0.074278
LAO PEOPLE'S DEMOCRATIC REPUBLIC,LAO PEOPLE'S DEMOCRATIC REPUBLIC,2019-03-31,poisson,5,0.75,hostvector_tempmort,central,1.0,0.3,1.342462,0.572254,0.147182,0.068366
LAO PEOPLE'S DEMOCRATIC REPUBLIC,LAO PEOPLE'S DEMOCRATIC REPUBLIC,2019-03-31,poisson,5,0.75,hostvector_tempmort,alt,1.0,0.3,1.504654,0.635903,0.186495,0.08209
LAO PEOPLE'S DEMOCRATIC REPUBLIC,LAO PEOPLE'S DEMOCRATIC REPUBLIC,2019-03-31,poisson,7,1.0,hostvector,central,1.0,0.3,0.714086,0.439664,0.015027,0.063289
LAO PEOPLE'S DEMOCRATIC REPUBLIC,LAO PEOPLE'S DEMOCRATIC REPUBLIC,2019-03-31,poisson,7,1.0,hostvector,alt,1.0,0.3,0.883113,0.544201,0.017018,0.073521
LAO PEOPLE'S DEMOCRATIC REPUBLIC,LAO PEOPLE'S DEMOCRATIC REPUBLIC,2019-03-31,poisson,7,1.0,seir,central,1.0,0.3,0.713751,0.438367,0.020903,0.066639
LAO PEOPLE'S DEMOCRATIC REPUBLIC,LAO PEOPLE'S DEMOCRATIC REPUBLIC,2019-03-31,poisson,7,1.0,seir,alt,1.0,0.3,0.760644,0.457227,0.02566,0.068279
LAO PEOPLE'S DEMOCRATIC REPUBLIC,LAO PEOPLE'S DEMOCRATIC REPUBLIC,2019-03-31,poisson,7,1.0,hostvector_tempmort,central,1.0,0.3,0.772057,0.43391,-0.015952,0.06343
LAO PEOPLE'S DEMOCRATIC REPUBLIC,LAO PEOPLE'S DEMOCRATIC REPUBLIC,2019-03-31,poisson,7,1.0,hostvector_tempmort,alt,1.0,0.3,0.952606,0.529299,-0.012368,0.073381
LAO PEOPLE'S DEMOCRATIC REPUBLIC,LAO PEOPLE'S DEMOCRATIC REPUBLIC,2019-03-31,poisson,7,0.75,hostvector,central,1.0,0.3,0.0,0.974616,-0.118493,0.099974
LAO PEOPLE'S DEMOCRATIC REPUBLIC,LAO PEOPLE'S DEMOCRATIC REPUBLIC,2019-03-31,poisson,7,0.75,hostvector,alt,1.0,0.3,0.0,1.106721,-0.132253,0.115384
LAO PEOPLE'S DEMOCRATIC REPUBLIC,LAO PEOPLE'S DEMOCRATIC REPUBLIC,2019-03-31,poisson,7,0.75,seir,central,1.0,0.3,0.0,1.018533,-0.143839,0.106729
LAO PEOPLE'S DEMOCRATIC REPUBLIC,LAO PEOPLE'S DEMOCRATIC REPUBLIC,2019-03-31,poisson,7,0.75,seir,alt,1.0,0.3,0.0,0.192115,-0.152557,0.089078
LAO PEOPLE'S DEMOCRATIC REPUBLIC,LAO PEOPLE'S DEMOCRATIC REPUBLIC,2019-03-31,poisson,7,0.75,hostvector_tempmort,central,1.0,0.3,0.136142,0.869066,-0.142241,0.098063
LAO PEOPLE'S DEMOCRATIC REPUBLIC,LAO PEOPLE'S DEMOCRATIC REPUBLIC,2019-03-31,poisson,7,0.75,hostvector_tempmort,alt,1.0,0.3,0.0,0.753786,-0.165059,0.097469
ECUADOR,ECUADOR,2018-11-11,nb,3,1.0,hostvector,central,1.0,0.3,1.25453,0.670192,0.240098,0.026686
ECUADOR,ECUADOR,2018-11-11,nb,3,1.0,hostvector,alt,1.0,0.3,2.015252,0.839906,0.301543,0.034833
ECUADOR,ECUADOR,2018-11-11,nb,3,1.0,seir,central,1.0,0.3,0.399631,0.666393,0.196243,0.025035
ECUADOR,ECUADOR,2018-11-11,nb,3,1.0,seir,alt,1.0,0.3,0.332673,0.686193,0.191484,0.025073
ECUADOR,ECUADOR,2018-11-11,nb,3,1.0,hostvector_tempmort,central,1.0,0.3,1.31276,0.656178,0.227262,0.0259
ECUADOR,ECUADOR,2018-11-11,nb,3,1.0,hostvector_tempmort,alt,1.0,0.3,1.926509,0.813231,0.282195,0.033136
ECUADOR,ECUADOR,2018-11-11,nb,3,0.75,hostvector,central,1.0,0.3,0.0,1.457516,0.187064,0.055589
ECUADOR,ECUADOR,2018-11-11,nb,3,0.75,hostvector,alt,1.0,0.3,0.0,1.547413,0.219013,0.058083
ECUADOR,ECUADOR,2018-11-11,nb,3,0.75,seir,central,1.0,0.3,0.0,0.000668,0.173788,0.023824
ECUADOR,ECUADOR,2018-11-11,nb,3,0.75,seir,alt,1.0,0.3,0.0,0.006303,0.17085,0.023697
ECUADOR,ECUADOR,2018-11-11,nb,3,0.75,hostvector_tempmort,central,1.0,0.3,1e-06,1.486795,0.172583,0.054459
ECUADOR,ECUADOR,2018-11-11,nb,3,0.75,hostvector_tempmort,alt,1.0,0.3,0.0,,0.203275,
ECUADOR,ECUADOR,2018-11-11,nb,5,1.0,hostvector,central,1.0,0.3,0.0,0.598441,0.142045,0.019406
ECUADOR,ECUADOR,2018-11-11,nb,5,1.0,hostvector,alt,1.0,0.3,0.0,0.714076,0.170304,0.023654
ECUADOR,ECUADOR,2018-11-11,nb,5,1.0,seir,central,1.0,0.3,0.0,0.000134,0.123913,0.018518
ECUADOR,ECUADOR,2018-11-11,nb,5,1.0,seir,alt,1.0,0.3,0.0,0.092132,0.122345,0.018231
ECUADOR,ECUADOR,2018-11-11,nb,5,1.0,hostvector_tempmort,central,1.0,0.3,0.0,0.602529,0.134043,0.018636
ECUADOR,ECUADOR,2018-11-11,nb,5,1.0,hostvector_tempmort,alt,1.0,0.3,0.0,0.720539,0.160193,0.022704
ECUADOR,ECUADOR,2018-11-11,nb,5,0.75,hostvector,central,1.0,0.3,0.0,0.930461,0.13001,0.031035
ECUADOR,ECUADOR,2018-11-11,nb,5,0.75,hostvector,alt,1.0,0.3,0.0,1.096186,0.149995,0.037589
ECUADOR,ECUADOR,2018-11-11,nb,5,0.75,seir,central,1.0,0.3,0.0,,0.121784,
ECUADOR,ECUADOR,2018-11-11,nb,5,0.75,seir,alt,1.0,0.3,0.0,,0.120407,
ECUADOR,ECUADOR,2018-11-11,nb,5,0.75,hostvector_tempmort,central,1.0,0.3,0.0,1.15881,0.119832,0.034693
ECUADOR,ECUADOR,2018-11-11,nb,5,0.75,hostvector_tempmort,alt,1.0,0.3,0.0,0.0004,0.139329,0.028651
ECUADOR,ECUADOR,2018-11-11,nb,7,1.0,hostvector,central,1.0,0.3,0.0,0.589223,0.096239,0.017594
ECUADOR,ECUADOR,2018-11-11,nb,7,1.0,hostvector,alt,1.0,0.3,0.0,0.754795,0.115764,0.021161
ECUADOR,ECUADOR,2018-11-11,nb,7,1.0,seir,central,1.0,0.3,0.0,0.023003,0.08388,0.016445
ECUADOR,ECUADOR,2018-11-11,nb,7,1.0,seir,alt,1.0,0.3,0.0,0.015022,0.083753,0.016231
ECUADOR,ECUADOR,2018-11-11,nb,7,1.0,hostvector_tempmort,central,1.0,0.3,0.0,0.658506,0.092228,0.016625
ECUADOR,ECUADOR,2018-11-11,nb,7,1.0,hostvector_tempmort,alt,1.0,0.3,0.0,0.693568,0.110096,0.020091
ECUADOR,ECUADOR,2018-11-11,nb,7,0.75,hostvector,central,1.0,0.3,0.0,0.542739,0.089444,0.027443
ECUADOR,ECUADOR,2018-11-11,nb,7,0.75,hostvector,alt,1.0,0.3,0.0,1.205044,0.101719,0.031488
ECUADOR,ECUADOR,2018-11-11,nb,7,0.75,seir,central,1.0,0.3,0.0,,0.085479,
ECUADOR,ECUADOR,2018-11-11,nb,7,0.75,seir,alt,1.0,0.3,0.0,0.018338,0.085393,0.025953
ECUADOR,ECUADOR,2018-11-11,nb,7,0.75,hostvector_tempmort,central,1.0,0.3,0.0,1.079875,0.082633,0.027696
ECUADOR,ECUADOR,2018-11-11,nb,7,0.75,hostvector_tempmort,alt,1.0,0.3,0.0,0.641148,0.094808,0.028968
ECUADOR,ECUADOR,2018-11-11,poisson,3,1.0,hostvector,central,1.0,0.3,0.048904,1.214724,0.17631,0.057382
ECUADOR,ECUADOR,2018-11-11,poisson,3,1.0,hostvector,alt,1.0,0.3,0.184173,1.437889,0.214372,0.070059
ECUADOR,ECUADOR,2018-11-11,poisson,3,1.0,seir,central,1.0,0.3,0.0,,0.150358,
ECUADOR,ECUADOR,2018-11-11,poisson,3,1.0,seir,alt,1.0,0.3,0.0,1.320447,0.142611,0.057951
ECUADOR,ECUADOR,2018-11-11,poisson,3,1.0,hostvector_tempmort,central,1.0,0.3,0.182187,1.196526,0.164766,0.055971
ECUADOR,ECUADOR,2018-11-11,poisson,3,1.0,hostvector_tempmort,alt,1.0,0.3,0.22589,1.415737,0.198871,0.06752
ECUADOR,ECUADOR,2018-11-11,poisson,3,0.75,hostvector,central,1.0,0.3,0.0,0.896382,0.160698,0.063943
ECUADOR,ECUADOR,2018-11-11,poisson,3,0.75,hostvector,alt,1.0,0.3,0.0,2.379886,0.193042,0.093035
ECUADOR,ECUADOR,2018-11-11,poisson,3,0.75,seir,central,1.0,0.3,0.0,0.138014,0.140697,0.059803
ECUADOR,ECUADOR,2018-11-11,poisson,3,0.75,seir,alt,1.0,0.3,0.0,1.020234,0.132778,0.063287
ECUADOR,ECUADOR,2018-11-11,poisson,3,0.75,hostvector_tempmort,central,1.0,0.3,0.0,2.203446,0.144815,0.082106
ECUADOR,ECUADOR,2018-11-11,poisson,3,0.75,hostvector_tempmort,alt,1.0,0.3,0.0,0.192898,0.17536,0.066929
ECUADOR,ECUADOR,2018-11-11,poisson,5,1.0,hostvector,central,1.0,0.3,0.0,0.003367,0.027841,0.044728
ECUADOR,ECUADOR,2018-11-11,poisson,5,1.0,hostvector,alt,1.0,0.3,0.0,1.3e-05,0.031003,0.051843
ECUADOR,ECUADOR,2018-11-11,poisson,5,1.0,seir,central,1.0,0.3,0.0,,0.014896,
ECUADOR,ECUADOR,2018-11-11,poisson,5,1.0,seir,alt,1.0,0.3,0.0,0.13562,0.011927,0.043173
ECUADOR,ECUADOR,2018-11-11,poisson,5,1.0,hostvector_tempmort,central,1.0,0.3,0.0,0.856215,0.023598,0.043285
ECUADOR,ECUADOR,2018-11-11,poisson,5,1.0,hostvector_tempmort,alt,1.0,0.3,0.0,0.009548,0.026538,0.050402
ECUADOR,ECUADOR,2018-11-11,poisson,5,0.75,hostvector,central,1.0,0.3,0.0,0.017428,0.022957,0.050245
ECUADOR,ECUADOR,2018-11-11,poisson,5,0.75,hostvector,alt,1.0,0.3,0.0,0.059954,0.030132,0.057379
ECUADOR,ECUADOR,2018-11-11,poisson,5,0.75,seir,central,1.0,0.3,0.0,,0.00391,
ECUADOR,ECUADOR,2018-11-11,poisson,5,0.75,seir,alt,1.0,0.3,0.0,,7.1e-05,
ECUADOR,ECUADOR,2018-11-11,poisson,5,0.75,hostvector_tempmort,central,1.0,0.3,0.0,,0.015881,
ECUADOR,ECUADOR,2018-11-11,poisson,5,0.75,hostvector_tempmort,alt,1.0,0.3,0.0,0.032636,0.022512,0.055881
ECUADOR,ECUADOR,2018-11-11,poisson,7,1.0,hostvector,central,1.0,0.3,0.0,0.11867,-0.036676,0.039571
ECUADOR,ECUADOR,2018-11-11,poisson,7,1.0,hostvector,alt,1.0,0.3,0.0,0.939424,-0.045971,0.047894
ECUADOR,ECUADOR,2018-11-11,poisson,7,1.0,seir,central,1.0,0.3,0.0,1.092191,-0.034386,0.038256
ECUADOR,ECUADOR,2018-11-11,poisson,7,1.0,seir,alt,1.0,0.3,0.0,0.954617,-0.032906,0.037338
ECUADOR,ECUADOR,2018-11-11,poisson,7,1.0,hostvector_tempmort,central,1.0,0.3,0.0,0.850429,-0.033147,0.038893
ECUADOR,ECUADOR,2018-11-11,poisson,7,1.0,hostvector_tempmort,alt,1.0,0.3,0.0,0.945116,-0.04272,0.045661
ECUADOR,ECUADOR,2018-11-11,poisson,7,0.75,hostvector,central,1.0,0.3,0.0,1.318751,-0.047058,0.045923
ECUADOR,ECUADOR,2018-11-11,poisson,7,0.75,hostvector,alt,1.0,0.3,0.0,1.453681,-0.051308,0.051921
ECUADOR,ECUADOR,2018-11-11,poisson,7,0.75,seir,central,1.0,0.3,0.0,1.522563,-0.057914,0.046678
ECUADOR,ECUADOR,2018-11-11,poisson,7,0.75,seir,alt,1.0,0.3,0.0,,-0.057655,
ECUADOR,ECUADOR,2018-11-11,poisson,7,0.75,hostvector_tempmort,central,1.0,0.3,0.0,0.004417,-0.04814,0.043069
ECUADOR,ECUADOR,2018-11-11,poisson,7,0.75,hostvector_tempmort,alt,1.0,0.3,0.0,1.495612,-0.05272,0.049829
DOMINICAN REPUBLIC,DOMINICAN REPUBLIC,2019-04-07,nb,3,1.0,hostvector,central,1.0,0.3,0.049922,0.491912,0.126237,0.032303
DOMINICAN REPUBLIC,DOMINICAN REPUBLIC,2019-04-07,nb,3,1.0,hostvector,alt,1.0,0.3,0.082823,0.56968,0.151983,0.038462
DOMINICAN REPUBLIC,DOMINICAN REPUBLIC,2019-04-07,nb,3,1.0,seir,central,1.0,0.3,0.0,0.00118,0.116803,0.028984
DOMINICAN REPUBLIC,DOMINICAN REPUBLIC,2019-04-07,nb,3,1.0,seir,alt,1.0,0.3,0.0,0.029965,0.11748,0.029578
DOMINICAN REPUBLIC,DOMINICAN REPUBLIC,2019-04-07,nb,3,1.0,hostvector_tempmort,central,1.0,0.3,0.240972,0.489841,0.124088,0.031561
DOMINICAN REPUBLIC,DOMINICAN REPUBLIC,2019-04-07,nb,3,1.0,hostvector_tempmort,alt,1.0,0.3,0.260341,0.565805,0.14982,0.037505
DOMINICAN REPUBLIC,DOMINICAN REPUBLIC,2019-04-07,nb,3,0.75,hostvector,central,1.0,0.3,0.0,,0.200618,
DOMINICAN REPUBLIC,DOMINICAN REPUBLIC,2019-04-07,nb,3,0.75,hostvector,alt,1.0,0.3,0.04201,0.773951,0.229654,0.034906
DOMINICAN REPUBLIC,DOMINICAN REPUBLIC,2019-04-07,nb,3,0.75,seir,central,1.0,0.3,0.0,0.002345,0.203322,0.037986
DOMINICAN REPUBLIC,DOMINICAN REPUBLIC,2019-04-07,nb,3,0.75,seir,alt,1.0,0.3,0.0,0.040533,0.201585,0.036817
DOMINICAN REPUBLIC,DOMINICAN REPUBLIC,2019-04-07,nb,3,0.75,hostvector_tempmort,central,1.0,0.3,0.195395,0.60596,0.19535,0.029977
DOMINICAN REPUBLIC,DOMINICAN REPUBLIC,2019-04-07,nb,3,0.75,hostvector_tempmort,alt,1.0,0.3,0.300661,0.748067,0.224608,0.034339
DOMINICAN REPUBLIC,DOMINICAN REPUBLIC,2019-04-07,nb,5,1.0,hostvector,central,1.0,0.3,0.0,0.464634,0.084996,0.037544
DOMINICAN REPUBLIC,DOMINICAN REPUBLIC,2019-04-07,nb,5,1.0,hostvector,alt,1.0,0.3,0.0,0.651392,0.100521,0.044755
DOMINICAN REPUBLIC,DOMINICAN REPUBLIC,2019-04-07,nb,5,1.0,seir,central,1.0,0.3,0.0,,0.074968,
DOMINICAN REPUBLIC,DOMINICAN REPUBLIC,2019-04-07,nb,5,1.0,seir,alt,1.0,0.3,0.0,0.582154,0.074242,0.035302
DOMINICAN REPUBLIC,DOMINICAN REPUBLIC,2019-04-07,nb,5,1.0,hostvector_tempmort,central,1.0,0.3,0.0,0.504112,0.077815,0.036183
DOMINICAN REPUBLIC,DOMINICAN REPUBLIC,2019-04-07,nb,5,1.0,hostvector_tempmort,alt,1.0,0.3,5e-06,0.606892,0.09355,0.043645
DOMINICAN REPUBLIC,DOMINICAN REPUBLIC,2019-04-07,nb,5,0.75,hostvector,central,1.0,0.3,0.0,0.825104,0.076374,0.056523
DOMINICAN REPUBLIC,DOMINICAN REPUBLIC,2019-04-07,nb,5,0.75,hostvector,alt,1.0,0.3,0.0,,0.088777,
DOMINICAN REPUBLIC,DOMINICAN REPUBLIC,2019-04-07,nb,5,0.75,seir,central,1.0,0.3,0.0,0.784459,0.055001,0.064134
DOMINICAN REPUBLIC,DOMINICAN REPUBLIC,2019-04-07,nb,5,0.75,seir,alt,1.0,0.3,0.0,0.781172,0.045396,0.06762
DOMINICAN REPUBLIC,DOMINICAN REPUBLIC,2019-04-07,nb,5,0.75,hostvector_tempmort,central,1.0,0.3,0.110185,0.795684,0.074951,0.054566
DOMINICAN REPUBLIC,DOMINICAN REPUBLIC,2019-04-07,nb,5,0.75,hostvector_tempmort,alt,1.0,0.3,0.116617,0.948879,0.086465,0.062544
DOMINICAN REPUBLIC,DOMINICAN REPUBLIC,2019-04-07,nb,7,1.0,hostvector,central,1.0,0.3,0.0,0.595413,0.050133,0.03841
DOMINICAN REPUBLIC,DOMINICAN REPUBLIC,2019-04-07,nb,7,1.0,hostvector,alt,1.0,0.3,0.0,0.693049,0.058882,0.045629
DOMINICAN REPUBLIC,DOMINICAN REPUBLIC,2019-04-07,nb,7,1.0,seir,central,1.0,0.3,0.0,,0.041022,
DOMINICAN REPUBLIC,DOMINICAN REPUBLIC,2019-04-07,nb,7,1.0,seir,alt,1.0,0.3,0.0,,0.041891,
DOMINICAN REPUBLIC,DOMINICAN REPUBLIC,2019-04-07,nb,7,1.0,hostvector_tempmort,central,1.0,0.3,0.0,,0.046725,
DOMINICAN REPUBLIC,DOMINICAN REPUBLIC,2019-04-07,nb,7,1.0,hostvector_tempmort,alt,1.0,0.3,0.0,0.199878,0.055927,0.040027
DOMINICAN REPUBLIC,DOMINICAN REPUBLIC,2019-04-07,nb,7,0.75,hostvector,central,1.0,0.3,1e-06,0.699123,-0.053897,0.067511
DOMINICAN REPUBLIC,DOMINICAN REPUBLIC,2019-04-07,nb,7,0.75,hostvector,alt,1.0,0.3,6e-06,,-0.062381,
DOMINICAN REPUBLIC,DOMINICAN REPUBLIC,2019-04-07,nb,7,0.75,seir,central,1.0,0.3,0.0,0.581624,-0.058516,0.056783
DOMINICAN REPUBLIC,DOMINICAN REPUBLIC,2019-04-07,nb,7,0.75,seir,alt,1.0,0.3,1e-06,0.692961,-0.058936,0.074086
DOMINICAN REPUBLIC,DOMINICAN REPUBLIC,2019-04-07,nb,7,0.75,hostvector_tempmort,central,1.0,0.3,0.131699,0.5764,-0.054869,0.05134
DOMINICAN REPUBLIC,DOMINICAN REPUBLIC,2019-04-07,nb,7,0.75,hostvector_tempmort,alt,1.0,0.3,0.139082,0.701304,-0.061818,0.057955
DOMINICAN REPUBLIC,DOMINICAN REPUBLIC,2019-04-07,poisson,3,1.0,hostvector,central,1.0,0.3,0.785707,0.794823,0.151795,0.042185
DOMINICAN REPUBLIC,DOMINICAN REPUBLIC,2019-04-07,poisson,3,1.0,hostvector,alt,1.0,0.3,0.870386,0.896659,0.183612,0.049302
DOMINICAN REPUBLIC,DOMINICAN REPUBLIC,2019-04-07,poisson,3,1.0,seir,central,1.0,0.3,0.903539,0.839025,0.143241,0.043142
DOMINICAN REPUBLIC,DOMINICAN REPUBLIC,2019-04-07,poisson,3,1.0,seir,alt,1.0,0.3,0.926912,0.86949,0.142006,0.04314
DOMINICAN REPUBLIC,DOMINICAN REPUBLIC,2019-04-07,poisson,3,1.0,hostvector_tempmort,central,1.0,0.3,0.939288,0.785326,0.147788,0.041474
DOMINICAN REPUBLIC,DOMINICAN REPUBLIC,2019-04-07,poisson,3,1.0,hostvector_tempmort,alt,1.0,0.3,1.010943,0.884052,0.17922,0.048377
DOMINICAN REPUBLIC,DOMINICAN REPUBLIC,2019-04-07,poisson,3,0.75,hostvector,central,1.0,0.3,0.558744,1.477131,0.226395,0.035053
DOMINICAN REPUBLIC,DOMINICAN REPUBLIC,2019-04-07,poisson,3,0.75,hostvector,alt,1.0,0.3,0.818452,1.860209,0.262943,0.04089
DOMINICAN REPUBLIC,DOMINICAN REPUBLIC,2019-04-07,poisson,3,0.75,seir,central,1.0,0.3,0.227666,1.299479,0.225071,0.037294
DOMINICAN REPUBLIC,DOMINICAN REPUBLIC,2019-04-07,poisson,3,0.75,seir,alt,1.0,0.3,0.158576,1.302141,0.220032,0.038017
DOMINICAN REPUBLIC,DOMINICAN REPUBLIC,2019-04-07,poisson,3,0.75,hostvector_tempmort,central,1.0,0.3,0.786768,1.446928,0.219648,0.034673
DOMINICAN REPUBLIC,DOMINICAN REPUBLIC,2019-04-07,poisson,3,0.75,hostvector_tempmort,alt,1.0,0.3,1.025059,1.808257,0.255282,0.040312
DOMINICAN REPUBLIC,DOMINICAN REPUBLIC,2019-04-07,poisson,5,1.0,hostvector,central,1.0,0.3,0.083384,0.762447,0.0527,0.047792
DOMINICAN REPUBLIC,DOMINICAN REPUBLIC,2019-04-07,poisson,5,1.0,hostvector,alt,1.0,0.3,0.058006,0.834711,0.061867,0.056117
DOMINICAN REPUBLIC,DOMINICAN REPUBLIC,2019-04-07,poisson,5,1.0,seir,central,1.0,0.3,0.194681,0.914225,0.048778,0.04773
DOMINICAN REPUBLIC,DOMINICAN REPUBLIC,2019-04-07,poisson,5,1.0,seir,alt,1.0,0.3,0.216063,0.953284,0.047505,0.047848
DOMINICAN REPUBLIC,DOMINICAN REPUBLIC,2019-04-07,poisson,5,1.0,hostvector_tempmort,central,1.0,0.3,0.239686,0.756807,0.049325,0.047095
DOMINICAN REPUBLIC,DOMINICAN REPUBLIC,2019-04-07,poisson,5,1.0,hostvector_tempmort,alt,1.0,0.3,0.199848,0.82731,0.058569,0.055304
DOMINICAN REPUBLIC,DOMINICAN REPUBLIC,2019-04-07,poisson,5,0.75,hostvector,central,1.0,0.3,0.856715,1.934626,0.059817,0.051198
DOMINICAN REPUBLIC,DOMINICAN REPUBLIC,2019-04-07,poisson,5,0.75,hostvector,alt,1.0,0.3,0.997084,2.338122,0.071167,0.058835
DOMINICAN REPUBLIC,DOMINICAN REPUBLIC,2019-04-07,poisson,5,0.75,seir,central,1.0,0.3,0.800688,1.81399,0.048511,0.054969
DOMINICAN REPUBLIC,DOMINICAN REPUBLIC,2019-04-07,poisson,5,0.75,seir,alt,1.0,0.3,0.769178,1.775767,0.039888,0.05635
DOMINICAN REPUBLIC,DOMINICAN REPUBLIC,2019-04-07,poisson,5,0.75,hostvector_tempmort,central,1.0,0.3,1.079786,1.873401,0.055304,0.050702
DOMINICAN REPUBLIC,DOMINICAN REPUBLIC,2019-04-07,poisson,5,0.75,hostvector_tempmort,alt,1.0,0.3,1.217126,2.251481,0.066216,0.058341
DOMINICAN REPUBLIC,DOMINICAN REPUBLIC,2019-04-07,poisson,7,1.0,hostvector,central,1.0,0.3,0.0,0.790355,-0.002343,0.050423
DOMINICAN REPUBLIC,DOMINICAN REPUBLIC,2019-04-07,poisson,7,1.0,hostvector,alt,1.0,0.3,0.0,0.057049,-0.002273,0.043734
DOMINICAN REPUBLIC,DOMINICAN REPUBLIC,2019-04-07,poisson,7,1.0,seir,central,1.0,0.3,0.0,0.944042,-0.006968,0.050842
DOMINICAN REPUBLIC,DOMINICAN REPUBLIC,2019-04-07,poisson,7,1.0,seir,alt,1.0,0.3,0.0,1.009928,-0.00668,0.050008
DOMINICAN REPUBLIC,DOMINICAN REPUBLIC,2019-04-07,poisson,7,1.0,hostvector_tempmort,central,1.0,0.3,0.0,0.735455,-0.011426,0.049727
DOMINICAN REPUBLIC,DOMINICAN REPUBLIC,2019-04-07,poisson,7,1.0,hostvector_tempmort,alt,1.0,0.3,0.0,0.855491,-0.010615,0.059393
DOMINICAN REPUBLIC,DOMINICAN REPUBLIC,2019-04-07,poisson,7,0.75,hostvector,central,1.0,0.3,0.0,1.687877,-0.102906,0.064263
DOMINICAN REPUBLIC,DOMINICAN REPUBLIC,2019-04-07,poisson,7,0.75,hostvector,alt,1.0,0.3,0.0,0.604144,-0.120285,0.070421
DOMINICAN REPUBLIC,DOMINICAN REPUBLIC,2019-04-07,poisson,7,0.75,seir,central,1.0,0.3,0.0,1.805361,-0.099789,0.067231
DOMINICAN REPUBLIC,DOMINICAN REPUBLIC,2019-04-07,poisson,7,0.75,seir,alt,1.0,0.3,0.0,1.339705,-0.101428,0.070832
DOMINICAN REPUBLIC,DOMINICAN REPUBLIC,2019-04-07,poisson,7,0.75,hostvector_tempmort,central,1.0,0.3,0.0,1.600595,-0.119841,0.063116
DOMINICAN REPUBLIC,DOMINICAN REPUBLIC,2019-04-07,poisson,7,0.75,hostvector_tempmort,alt,1.0,0.3,0.0,1.826442,-0.135555,0.074296
MEXICO,TABASCO,2005-05-22,nb,3,1.0,hostvector,central,1.0,0.3,0.0,,0.249043,
MEXICO,TABASCO,2005-05-22,nb,3,1.0,hostvector,alt,1.0,0.3,0.0,0.090487,0.951282,0.276031
MEXICO,TABASCO,2005-05-22,nb,3,1.0,seir,central,1.0,0.3,0.0,,0.097258,
MEXICO,TABASCO,2005-05-22,nb,3,1.0,seir,alt,1.0,0.3,0.0,0.034744,0.086258,0.195892
MEXICO,TABASCO,2005-05-22,nb,3,1.0,hostvector_tempmort,central,1.0,0.3,0.0,2.702122,0.17453,0.196397
MEXICO,TABASCO,2005-05-22,nb,3,1.0,hostvector_tempmort,alt,1.0,0.3,0.0,,0.998182,
MEXICO,TABASCO,2005-05-22,nb,3,0.75,hostvector,central,1.0,0.3,0.0,6.198151,0.508325,0.194982
MEXICO,TABASCO,2005-05-22,nb,3,0.75,hostvector,alt,1.0,0.3,1e-06,4.182559,1.234004,0.486219
MEXICO,TABASCO,2005-05-22,nb,3,0.75,seir,central,1.0,0.3,2.691551,6.161014,0.423456,0.269161
MEXICO,TABASCO,2005-05-22,nb,3,0.75,seir,alt,1.0,0.3,3.531682,6.057466,0.438671,0.284842
MEXICO,TABASCO,2005-05-22,nb,3,0.75,hostvector_tempmort,central,1.0,0.3,0.0,7.900986,0.443824,0.193705
MEXICO,TABASCO,2005-05-22,nb,3,0.75,hostvector_tempmort,alt,1.0,0.3,0.0,4.480137,1.290499,0.531371
MEXICO,TABASCO,2005-05-22,nb,5,1.0,hostvector,central,1.0,0.3,0.0,1.980778,-0.140592,0.16683
MEXICO,TABASCO,2005-05-22,nb,5,1.0,hostvector,alt,1.0,0.3,0.0,0.761483,-0.157002,0.174496
MEXICO,TABASCO,2005-05-22,nb,5,1.0,seir,central,1.0,0.3,0.0,0.257339,-0.188091,0.161211
MEXICO,TABASCO,2005-05-22,nb,5,1.0,seir,alt,1.0,0.3,0.0,1.593564,-0.200648,0.176385
MEXICO,TABASCO,2005-05-22,nb,5,1.0,hostvector_tempmort,central,1.0,0.3,0.0,0.014387,-0.156615,0.163041
MEXICO,TABASCO,2005-05-22,nb,5,1.0,hostvector_tempmort,alt,1.0,0.3,0.0,,-0.172564,
MEXICO,TABASCO,2005-05-22,nb,5,0.75,hostvector,central,1.0,0.3,0.0,,-0.008331,
MEXICO,TABASCO,2005-05-22,nb,5,0.75,hostvector,alt,1.0,0.3,0.0,0.0923,-0.016917,0.215477
MEXICO,TABASCO,2005-05-22,nb,5,0.75,seir,central,1.0,0.3,0.0,6.597095,-0.05041,0.269407
MEXICO,TABASCO,2005-05-22,nb,5,0.75,seir,alt,1.0,0.3,0.0,6.372378,-0.064566,0.269783
MEXICO,TABASCO,2005-05-22,nb,5,0.75,hostvector_tempmort,central,1.0,0.3,0.0,5.655838,-0.027435,0.235077
MEXICO,TABASCO,2005-05-22,nb,5,0.75,hostvector_tempmort,alt,1.0,0.3,0.0,8.568378,-0.03558,0.310942
MEXICO,TABASCO,2005-05-22,nb,7,1.0,hostvector,central,1.0,0.3,0.0,1.035307,-0.340688,0.250466
MEXICO,TABASCO,2005-05-22,nb,7,1.0,hostvector,alt,1.0,0.3,0.0,1.222678,-0.396164,0.31007
MEXICO,TABASCO,2005-05-22,nb,7,1.0,seir,central,1.0,0.3,0.0,1.130037,-0.357248,0.221743
MEXICO,TABASCO,2005-05-22,nb,7,1.0,seir,alt,1.0,0.3,0.0,1.158663,-0.354783,0.232346
MEXICO,TABASCO,2005-05-22,nb,7,1.0,hostvector_tempmort,central,1.0,0.3,0.0,1.011654,-0.352043,0.244166
MEXICO,TABASCO,2005-05-22,nb,7,1.0,hostvector_tempmort,alt,1.0,0.3,0.0,1.200628,-0.405614,0.306445
MEXICO,TABASCO,2005-05-22,nb,7,0.75,hostvector,central,1.0,0.3,0.0,5.011443,-0.357314,0.311098
MEXICO,TABASCO,2005-05-22,nb,7,0.75,hostvector,alt,1.0,0.3,0.0,5.745108,-0.413532,0.386906
MEXICO,TABASCO,2005-05-22,nb,7,0.75,seir,central,1.0,0.3,0.0,4.22413,-0.378546,0.266189
MEXICO,TABASCO,2005-05-22,nb,7,0.75,seir,alt,1.0,0.3,0.0,4.214194,-0.377302,0.278314
MEXICO,TABASCO,2005-05-22,nb,7,0.75,hostvector_tempmort,central,1.0,0.3,0.0,4.61989,-0.367016,0.300013
MEXICO,TABASCO,2005-05-22,nb,7,0.75,hostvector_tempmort,alt,1.0,0.3,0.0,5.305236,-0.421282,0.375675
MEXICO,TABASCO,2005-05-22,poisson,3,1.0,hostvector,central,1.0,0.3,0.0,2.263337,0.969302,0.39615
MEXICO,TABASCO,2005-05-22,poisson,3,1.0,hostvector,alt,1.0,0.3,0.0,2.27258,1.10643,0.429627
MEXICO,TABASCO,2005-05-22,poisson,3,1.0,seir,central,1.0,0.3,0.0,0.229401,0.721557,0.285938
MEXICO,TABASCO,2005-05-22,poisson,3,1.0,seir,alt,1.0,0.3,0.0,0.088564,0.67945,0.283594
MEXICO,TABASCO,2005-05-22,poisson,3,1.0,hostvector_tempmort,central,1.0,0.3,0.0,2.292016,0.982695,0.398766
MEXICO,TABASCO,2005-05-22,poisson,3,1.0,hostvector_tempmort,alt,1.0,0.3,0.0,2.536862,1.136983,0.471049
MEXICO,TABASCO,2005-05-22,poisson,3,0.75,hostvector,central,1.0,0.3,0.0,5.449327,1.184367,0.5976
MEXICO,TABASCO,2005-05-22,poisson,3,0.75,hostvector,alt,1.0,0.3,3e-06,6.552805,1.282541,0.737885
MEXICO,TABASCO,2005-05-22,poisson,3,0.75,seir,central,1.0,0.3,4.736004,9.963237,0.770719,0.431357
MEXICO,TABASCO,2005-05-22,poisson,3,0.75,seir,alt,1.0,0.3,6.792773,10.279808,0.787602,0.480038
MEXICO,TABASCO,2005-05-22,poisson,3,0.75,hostvector_tempmort,central,1.0,0.3,0.0,2.215774,1.20221,0.374428
MEXICO,TABASCO,2005-05-22,poisson,3,0.75,hostvector_tempmort,alt,1.0,0.3,1e-06,6.549415,1.317069,0.767551
MEXICO,TABASCO,2005-05-22,poisson,5,1.0,hostvector,central,1.0,0.3,0.0,2.334051,-0.142945,0.195725
MEXICO,TABASCO,2005-05-22,poisson,5,1.0,hostvector,alt,1.0,0.3,0.0,1.093952,-0.167125,0.221227
MEXICO,TABASCO,2005-05-22,poisson,5,1.0,seir,central,1.0,0.3,0.0,0.365513,-0.201376,0.228964
MEXICO,TABASCO,2005-05-22,poisson,5,1.0,seir,alt,1.0,0.3,0.0,0.033328,-0.229679,0.214718
MEXICO,TABASCO,2005-05-22,poisson,5,1.0,hostvector_tempmort,central,1.0,0.3,0.0,2.297442,-0.151345,0.189521
MEXICO,TABASCO,2005-05-22,poisson,5,1.0,hostvector_tempmort,alt,1.0,0.3,0.0,0.134656,-0.175874,0.214412
MEXICO,TABASCO,2005-05-22,poisson,5,0.75,hostvector,central,1.0,0.3,0.0,13.526306,-0.075487,0.31874
MEXICO,TABASCO,2005-05-22,poisson,5,0.75,hostvector,alt,1.0,0.3,0.0,1.449112,-0.089859,0.233992
MEXICO,TABASCO,2005-05-22,poisson,5,0.75,seir,central,1.0,0.3,0.0,0.54205,-0.128365,0.2289
MEXICO,TABASCO,2005-05-22,poisson,5,0.75,seir,alt,1.0,0.3,0.0,1.368078,-0.147722,0.232287
MEXICO,TABASCO,2005-05-22,poisson,5,0.75,hostvector_tempmort,central,1.0,0.3,0.0,10.692941,-0.081628,0.274526
MEXICO,TABASCO,2005-05-22,poisson,5,0.75,hostvector_tempmort,alt,1.0,0.3,0.0,13.246787,-0.096163,0.364481
MEXICO,TABASCO,2005-05-22,poisson,7,1.0,hostvector,central,1.0,0.3,0.0,1.240912,-0.523247,0.295059
MEXICO,TABASCO,2005-05-22,poisson,7,1.0,hostvector,alt,1.0,0.3,0.0,1.52726,-0.604468,0.37162
MEXICO,TABASCO,2005-05-22,poisson,7,1.0,seir,central,1.0,0.3,0.0,1.310262,-0.544427,0.256698
MEXICO,TABASCO,2005-05-22,poisson,7,1.0,seir,alt,1.0,0.3,0.0,0.989093,-0.539248,0.267212
MEXICO,TABASCO,2005-05-22,poisson,7,1.0,hostvector_tempmort,central,1.0,0.3,0.0,1.21041,-0.522602,0.288741
MEXICO,TABASCO,2005-05-22,poisson,7,1.0,hostvector_tempmort,alt,1.0,0.3,0.0,1.473833,-0.601706,0.363723
MEXICO,TABASCO,2005-05-22,poisson,7,0.75,hostvector,central,1.0,0.3,0.0,8.607565,-0.576411,0.47943
MEXICO,TABASCO,2005-05-22,poisson,7,0.75,hostvector,alt,1.0,0.3,0.0,9.825302,-0.66739,0.588706
MEXICO,TABASCO,2005-05-22,poisson,7,0.75,seir,central,1.0,0.3,0.0,8.695091,-0.601692,0.37274
MEXICO,TABASCO,2005-05-22,poisson,7,0.75,seir,alt,1.0,0.3,0.0,8.793893,-0.597825,0.377753
MEXICO,TABASCO,2005-05-22,poisson,7,0.75,hostvector_tempmort,central,1.0,0.3,0.0,8.24649,-0.572342,0.459015
MEXICO,TABASCO,2005-05-22,poisson,7,0.75,hostvector_tempmort,alt,1.0,0.3,0.0,9.545312,-0.661027,0.568029
HONDURAS,HONDURAS,2021-04-25,nb,3,1.0,hostvector,central,1.0,0.3,0.326612,0.56155,0.130088,0.043427
HONDURAS,HONDURAS,2021-04-25,nb,3,1.0,hostvector,alt,1.0,0.3,0.393329,0.665684,0.159483,0.05324
HONDURAS,HONDURAS,2021-04-25,nb,3,1.0,seir,central,1.0,0.3,0.277301,0.553841,0.110427,0.040507
HONDURAS,HONDURAS,2021-04-25,nb,3,1.0,seir,alt,1.0,0.3,0.216813,0.564383,0.107096,0.040772
HONDURAS,HONDURAS,2021-04-25,nb,3,1.0,hostvector_tempmort,central,1.0,0.3,0.214833,0.555985,0.123558,0.042879
HONDURAS,HONDURAS,2021-04-25,nb,3,1.0,hostvector_tempmort,alt,1.0,0.3,0.289376,0.65991,0.151745,0.052343
HONDURAS,HONDURAS,2021-04-25,nb,3,0.75,hostvector,central,1.0,0.3,0.189032,0.757954,0.212852,0.055567
HONDURAS,HONDURAS,2021-04-25,nb,3,0.75,hostvector,alt,1.0,0.3,0.152491,0.907226,0.243319,0.065574
HONDURAS,HONDURAS,2021-04-25,nb,3,0.75,seir,central,1.0,0.3,0.503645,0.721394,0.209951,0.062973
HONDURAS,HONDURAS,2021-04-25,nb,3,0.75,seir,alt,1.0,0.3,0.467717,0.729799,0.212379,0.064462
HONDURAS,HONDURAS,2021-04-25,nb,3,0.75,hostvector_tempmort,central,1.0,0.3,0.133429,0.752069,0.207537,0.055032
HONDURAS,HONDURAS,2021-04-25,nb,3,0.75,hostvector_tempmort,alt,1.0,0.3,0.110571,0.901633,0.239028,0.064731
HONDURAS,HONDURAS,2021-04-25,nb,5,1.0,hostvector,central,1.0,0.3,0.0,0.191064,0.100316,0.028502
HONDURAS,HONDURAS,2021-04-25,nb,5,1.0,hostvector,alt,1.0,0.3,0.0,0.281121,0.119704,0.038373
HONDURAS,HONDURAS,2021-04-25,nb,5,1.0,seir,central,1.0,0.3,0.0,0.093665,0.094039,0.025482
HONDURAS,HONDURAS,2021-04-25,nb,5,1.0,seir,alt,1.0,0.3,0.0,0.061829,0.096109,0.026821
HONDURAS,HONDURAS,2021-04-25,nb,5,1.0,hostvector_tempmort,central,1.0,0.3,0.0,0.495607,0.103733,0.051092
HONDURAS,HONDURAS,2021-04-25,nb,5,1.0,hostvector_tempmort,alt,1.0,0.3,0.0,0.482214,0.122169,0.056542
HONDURAS,HONDURAS,2021-04-25,nb,5,0.75,hostvector,central,1.0,0.3,0.0,0.565481,0.101408,0.090232
HONDURAS,HONDURAS,2021-04-25,nb,5,0.75,hostvector,alt,1.0,0.3,0.0,0.759865,0.123712,0.10065
HONDURAS,HONDURAS,2021-04-25,nb,5,0.75,seir,central,1.0,0.3,0.039143,0.879277,0.073227,0.102548
HONDURAS,HONDURAS,2021-04-25,nb,5,0.75,seir,alt,1.0,0.3,0.311497,0.937764,0.027543,0.115791
HONDURAS,HONDURAS,2021-04-25,nb,5,0.75,hostvector_tempmort,central,1.0,0.3,0.0,0.834831,0.087772,0.095781
HONDURAS,HONDURAS,2021-04-25,nb,5,0.75,hostvector_tempmort,alt,1.0,0.3,0.0,0.762698,0.111759,0.106825
HONDURAS,HONDURAS,2021-04-25,nb,7,1.0,hostvector,central,1.0,0.3,0.0,0.381238,0.050101,0.044575
HONDURAS,HONDURAS,2021-04-25,nb,7,1.0,hostvector,alt,1.0,0.3,0.0,0.396512,0.052069,0.051028
HONDURAS,HONDURAS,2021-04-25,nb,7,1.0,seir,central,1.0,0.3,0.0,,0.078503,
HONDURAS,HONDURAS,2021-04-25,nb,7,1.0,seir,alt,1.0,0.3,0.0,0.302023,0.07886,0.039016
HONDURAS,HONDURAS,2021-04-25,nb,7,1.0,hostvector_tempmort,central,1.0,0.3,0.0,0.30706,0.051536,0.042931
HONDURAS,HONDURAS,2021-04-25,nb,7,1.0,hostvector_tempmort,alt,1.0,0.3,0.0,0.041946,0.052639,0.047921
HONDURAS,HONDURAS,2021-04-25,nb,7,0.75,hostvector,central,1.0,0.3,0.036625,0.296884,-0.08255,0.046914
HONDURAS,HONDURAS,2021-04-25,nb,7,0.75,hostvector,alt,1.0,0.3,0.020161,1.078247,-0.101032,0.083388
HONDURAS,HONDURAS,2021-04-25,nb,7,0.75,seir,central,1.0,0.3,0.237805,0.961604,-0.043608,0.074075
HONDURAS,HONDURAS,2021-04-25,nb,7,0.75,seir,alt,1.0,0.3,0.234374,0.562164,-0.045174,0.057049
HONDURAS,HONDURAS,2021-04-25,nb,7,0.75,hostvector_tempmort,central,1.0,0.3,0.0,0.878071,-0.076347,0.068279
HONDURAS,HONDURAS,2021-04-25,nb,7,0.75,hostvector_tempmort,alt,1.0,0.3,0.0,0.756018,-0.09394,0.071433
HONDURAS,HONDURAS,2021-04-25,poisson,3,1.0,hostvector,central,1.0,0.3,0.26721,0.558485,0.085806,0.04542
HONDURAS,HONDURAS,2021-04-25,poisson,3,1.0,hostvector,alt,1.0,0.3,0.324503,0.662241,0.104576,0.055579
HONDURAS,HONDURAS,2021-04-25,poisson,3,1.0,seir,central,1.0,0.3,0.198651,0.559406,0.075784,0.043046
HONDURAS,HONDURAS,2021-04-25,poisson,3,1.0,seir,alt,1.0,0.3,0.154131,0.568625,0.073892,0.042925
HONDURAS,HONDURAS,2021-04-25,poisson,3,1.0,hostvector_tempmort,central,1.0,0.3,0.137571,0.547017,0.079101,0.044801
HONDURAS,HONDURAS,2021-04-25,poisson,3,1.0,hostvector_tempmort,alt,1.0,0.3,0.201812,0.649136,0.096536,0.054551
HONDURAS,HONDURAS,2021-04-25,poisson,3,0.75,hostvector,central,1.0,0.3,0.0,0.959018,0.204603,0.06646
HONDURAS,HONDURAS,2021-04-25,poisson,3,0.75,hostvector,alt,1.0,0.3,0.0,1.129467,0.232004,0.077611
HONDURAS,HONDURAS,2021-04-25,poisson,3,0.75,seir,central,1.0,0.3,0.0,0.110203,0.22724,0.078957
HONDURAS,HONDURAS,2021-04-25,poisson,3,0.75,seir,alt,1.0,0.3,0.0,0.943247,0.231988,0.080511
HONDURAS,HONDURAS,2021-04-25,poisson,3,0.75,hostvector_tempmort,central,1.0,0.3,0.0,0.951852,0.19852,0.067651
HONDURAS,HONDURAS,2021-04-25,poisson,3,0.75,hostvector_tempmort,alt,1.0,0.3,0.0,1.127024,0.227027,0.07749
HONDURAS,HONDURAS,2021-04-25,poisson,5,1.0,hostvector,central,1.0,0.3,0.044574,0.525963,0.069122,0.056323
HONDURAS,HONDURAS,2021-04-25,poisson,5,1.0,hostvector,alt,1.0,0.3,0.02737,0.606078,0.078752,0.068232
HONDURAS,HONDURAS,2021-04-25,poisson,5,1.0,seir,central,1.0,0.3,0.014535,0.547455,0.066055,0.053195
HONDURAS,HONDURAS,2021-04-25,poisson,5,1.0,seir,alt,1.0,0.3,0.0,0.557461,0.066128,0.053425
HONDURAS,HONDURAS,2021-04-25,poisson,5,1.0,hostvector_tempmort,central,1.0,0.3,0.0,0.523945,0.069826,0.054988
HONDURAS,HONDURAS,2021-04-25,poisson,5,1.0,hostvector_tempmort,alt,1.0,0.3,0.0,0.608466,0.079889,0.06616
HONDURAS,HONDURAS,2021-04-25,poisson,5,0.75,hostvector,central,1.0,0.3,0.0,1.031066,0.147828,0.08761
HONDURAS,HONDURAS,2021-04-25,poisson,5,0.75,hostvector,alt,1.0,0.3,0.0,1.199093,0.166616,0.095598
HONDURAS,HONDURAS,2021-04-25,poisson,5,0.75,seir,central,1.0,0.3,0.0,1.029221,0.13761,0.121379
HONDURAS,HONDURAS,2021-04-25,poisson,5,0.75,seir,alt,1.0,0.3,0.050256,1.039359,0.119246,0.130305
HONDURAS,HONDURAS,2021-04-25,poisson,5,0.75,hostvector_tempmort,central,1.0,0.3,0.0,1.018276,0.134677,0.093364
HONDURAS,HONDURAS,2021-04-25,poisson,5,0.75,hostvector_tempmort,alt,1.0,0.3,0.0,1.139551,0.154987,0.100271
HONDURAS,HONDURAS,2021-04-25,poisson,7,1.0,hostvector,central,1.0,0.3,0.0,0.487441,0.05141,0.063516
HONDURAS,HONDURAS,2021-04-25,poisson,7,1.0,hostvector,alt,1.0,0.3,0.0,0.526839,0.058438,0.075751
HONDURAS,HONDURAS,2021-04-25,poisson,7,1.0,seir,central,1.0,0.3,0.0,0.523798,0.055371,0.062752
HONDURAS,HONDURAS,2021-04-25,poisson,7,1.0,seir,alt,1.0,0.3,0.0,0.535189,0.057562,0.064753
HONDURAS,HONDURAS,2021-04-25,poisson,7,1.0,hostvector_tempmort,central,1.0,0.3,0.0,0.489009,0.057932,0.062968
HONDURAS,HONDURAS,2021-04-25,poisson,7,1.0,hostvector_tempmort,alt,1.0,0.3,0.0,0.560829,0.063929,0.074135
HONDURAS,HONDURAS,2021-04-25,poisson,7,0.75,hostvector,central,1.0,0.3,0.248975,0.41942,-0.095556,0.075247
HONDURAS,HONDURAS,2021-04-25,poisson,7,0.75,hostvector,alt,1.0,0.3,0.301985,0.835494,-0.111197,0.128819
HONDURAS,HONDURAS,2021-04-25,poisson,7,0.75,seir,central,1.0,0.3,0.236934,,-0.089515,
HONDURAS,HONDURAS,2021-04-25,poisson,7,0.75,seir,alt,1.0,0.3,0.233969,0.805509,-0.090931,0.117429
HONDURAS,HONDURAS,2021-04-25,poisson,7,0.75,hostvector_tempmort,central,1.0,0.3,0.140278,0.433594,-0.096245,0.074603
HONDURAS,HONDURAS,2021-04-25,poisson,7,0.75,hostvector_tempmort,alt,1.0,0.3,0.201167,0.483499,-0.111412,0.085734
GUATEMALA,GUATEMALA,2023-05-28,nb,3,1.0,hostvector,central,1.0,0.3,0.0,,0.117077,
GUATEMALA,GUATEMALA,2023-05-28,nb,3,1.0,hostvector,alt,1.0,0.3,0.0,5e-06,0.134606,0.034089
GUATEMALA,GUATEMALA,2023-05-28,nb,3,1.0,seir,central,1.0,0.3,0.0,0.068622,0.108072,0.025968
GUATEMALA,GUATEMALA,2023-05-28,nb,3,1.0,seir,alt,1.0,0.3,0.0,0.0044,0.11035,0.024399
GUATEMALA,GUATEMALA,2023-05-28,nb,3,1.0,hostvector_tempmort,central,1.0,0.3,0.0,,0.112602,
GUATEMALA,GUATEMALA,2023-05-28,nb,3,1.0,hostvector_tempmort,alt,1.0,0.3,0.0,,0.129905,
GUATEMALA,GUATEMALA,2023-05-28,nb,3,0.75,hostvector,central,1.0,0.3,0.377323,1.190655,0.052051,0.081125
GUATEMALA,GUATEMALA,2023-05-28,nb,3,0.75,hostvector,alt,1.0,0.3,0.374048,1.329146,0.061314,0.09672
GUATEMALA,GUATEMALA,2023-05-28,nb,3,0.75,seir,central,1.0,0.3,0.397187,1.351714,0.019869,0.079438
GUATEMALA,GUATEMALA,2023-05-28,nb,3,0.75,seir,alt,1.0,0.3,0.377492,1.414175,0.017169,0.083821
GUATEMALA,GUATEMALA,2023-05-28,nb,3,0.75,hostvector_tempmort,central,1.0,0.3,0.290837,1.190266,0.047026,0.079103
GUATEMALA,GUATEMALA,2023-05-28,nb,3,0.75,hostvector_tempmort,alt,1.0,0.3,0.288116,1.330743,0.055865,0.094511
GUATEMALA,GUATEMALA,2023-05-28,nb,5,1.0,hostvector,central,1.0,0.3,0.0,0.242252,0.117113,0.03437
GUATEMALA,GUATEMALA,2023-05-28,nb,5,1.0,hostvector,alt,1.0,0.3,0.0,,0.134361,
GUATEMALA,GUATEMALA,2023-05-28,nb,5,1.0,seir,central,1.0,0.3,0.0,0.744748,0.114459,0.046859
GUATEMALA,GUATEMALA,2023-05-28,nb,5,1.0,seir,alt,1.0,0.3,0.0,0.700985,0.117716,0.041721
GUATEMALA,GUATEMALA,2023-05-28,nb,5,1.0,hostvector_tempmort,central,1.0,0.3,0.0,0.016307,0.115006,0.023133
GUATEMALA,GUATEMALA,2023-05-28,nb,5,1.0,hostvector_tempmort,alt,1.0,0.3,0.0,0.851954,0.131395,0.078053
GUATEMALA,GUATEMALA,2023-05-28,nb,5,0.75,hostvector,central,1.0,0.3,0.960885,1.39904,0.102821,0.099967
GUATEMALA,GUATEMALA,2023-05-28,nb,5,0.75,hostvector,alt,1.0,0.3,1.029171,1.561788,0.120797,0.117686
GUATEMALA,GUATEMALA,2023-05-28,nb,5,0.75,seir,central,1.0,0.3,0.673496,1.459007,0.057271,0.107744
GUATEMALA,GUATEMALA,2023-05-28,nb,5,0.75,seir,alt,1.0,0.3,0.658279,0.689873,0.05535,0.099086
GUATEMALA,GUATEMALA,2023-05-28,nb,5,0.75,hostvector_tempmort,central,1.0,0.3,0.870508,1.399571,0.097737,0.098121
GUATEMALA,GUATEMALA,2023-05-28,nb,5,0.75,hostvector_tempmort,alt,1.0,0.3,0.940329,1.567588,0.115254,0.115814
GUATEMALA,GUATEMALA,2023-05-28,nb,7,1.0,hostvector,central,1.0,0.3,5e-06,0.722322,0.129541,0.073549
GUATEMALA,GUATEMALA,2023-05-28,nb,7,1.0,hostvector,alt,1.0,0.3,0.0,0.632285,0.147313,0.07444
GUATEMALA,GUATEMALA,2023-05-28,nb,7,1.0,seir,central,1.0,0.3,0.0,,0.136255,
GUATEMALA,GUATEMALA,2023-05-28,nb,7,1.0,seir,alt,1.0,0.3,7e-06,0.873509,0.141212,0.061439
GUATEMALA,GUATEMALA,2023-05-28,nb,7,1.0,hostvector_tempmort,central,1.0,0.3,0.0,0.014885,0.129752,0.022387
GUATEMALA,GUATEMALA,2023-05-28,nb,7,1.0,hostvector_tempmort,alt,1.0,0.3,1e-06,0.855558,0.146446,0.089734
GUATEMALA,GUATEMALA,2023-05-28,nb,7,0.75,hostvector,central,1.0,0.3,2.105142,1.47279,0.217876,0.100543
GUATEMALA,GUATEMALA,2023-05-28,nb,7,0.75,hostvector,alt,1.0,0.3,2.316508,1.66723,0.251851,0.117872
GUATEMALA,GUATEMALA,2023-05-28,nb,7,0.75,seir,central,1.0,0.3,1.503995,1.526222,0.170158,0.108484
GUATEMALA,GUATEMALA,2023-05-28,nb,7,0.75,seir,alt,1.0,0.3,1.489095,1.754577,0.167926,0.117313
GUATEMALA,GUATEMALA,2023-05-28,nb,7,0.75,hostvector_tempmort,central,1.0,0.3,1.960226,1.468466,0.210963,0.099531
GUATEMALA,GUATEMALA,2023-05-28,nb,7,0.75,hostvector_tempmort,alt,1.0,0.3,2.212901,1.672481,0.245807,0.116614
GUATEMALA,GUATEMALA,2023-05-28,poisson,3,1.0,hostvector,central,1.0,0.3,0.0,0.596513,0.015115,0.042354
GUATEMALA,GUATEMALA,2023-05-28,poisson,3,1.0,hostvector,alt,1.0,0.3,0.0,0.03483,0.011965,0.046086
GUATEMALA,GUATEMALA,2023-05-28,poisson,3,1.0,seir,central,1.0,0.3,0.0,0.659256,0.020449,0.034823
GUATEMALA,GUATEMALA,2023-05-28,poisson,3,1.0,seir,alt,1.0,0.3,0.0,0.234224,0.022634,0.033766
GUATEMALA,GUATEMALA,2023-05-28,poisson,3,1.0,hostvector_tempmort,central,1.0,0.3,0.0,0.59051,0.014334,0.037226
GUATEMALA,GUATEMALA,2023-05-28,poisson,3,1.0,hostvector_tempmort,alt,1.0,0.3,0.0,0.716974,0.012945,0.048984
GUATEMALA,GUATEMALA,2023-05-28,poisson,3,0.75,hostvector,central,1.0,0.3,0.597276,1.30809,-0.083893,0.074518
GUATEMALA,GUATEMALA,2023-05-28,poisson,3,0.75,hostvector,alt,1.0,0.3,0.779948,1.533412,-0.093326,0.087467
GUATEMALA,GUATEMALA,2023-05-28,poisson,3,0.75,seir,central,1.0,0.3,0.094757,,-0.103728,
GUATEMALA,GUATEMALA,2023-05-28,poisson,3,0.75,seir,alt,1.0,0.3,0.048963,,-0.108609,
GUATEMALA,GUATEMALA,2023-05-28,poisson,3,0.75,hostvector_tempmort,central,1.0,0.3,0.432943,1.292378,-0.087849,0.073139
GUATEMALA,GUATEMALA,2023-05-28,poisson,3,0.75,hostvector_tempmort,alt,1.0,0.3,0.611881,1.479574,-0.098274,0.086061
GUATEMALA,GUATEMALA,2023-05-28,poisson,5,1.0,hostvector,central,1.0,0.3,0.0,0.657569,0.035688,0.04937
GUATEMALA,GUATEMALA,2023-05-28,poisson,5,1.0,hostvector,alt,1.0,0.3,0.0,0.822514,0.037586,0.067516
GUATEMALA,GUATEMALA,2023-05-28,poisson,5,1.0,seir,central,1.0,0.3,0.0,0.702517,0.042205,0.039925
GUATEMALA,GUATEMALA,2023-05-28,poisson,5,1.0,seir,alt,1.0,0.3,0.0,0.759772,0.045242,0.040791
GUATEMALA,GUATEMALA,2023-05-28,poisson,5,1.0,hostvector_tempmort,central,1.0,0.3,0.0,0.232989,0.034278,0.039375
GUATEMALA,GUATEMALA,2023-05-28,poisson,5,1.0,hostvector_tempmort,alt,1.0,0.3,0.0,0.801243,0.036593,0.057935
GUATEMALA,GUATEMALA,2023-05-28,poisson,5,0.75,hostvector,central,1.0,0.3,0.450265,1.559732,-0.080665,0.130462
GUATEMALA,GUATEMALA,2023-05-28,poisson,5,0.75,hostvector,alt,1.0,0.3,0.630311,1.788961,-0.088171,0.151218
GUATEMALA,GUATEMALA,2023-05-28,poisson,5,0.75,seir,central,1.0,0.3,0.0,1.823201,-0.087818,0.143556
GUATEMALA,GUATEMALA,2023-05-28,poisson,5,0.75,seir,alt,1.0,0.3,0.0,1.891972,-0.085473,0.148362
GUATEMALA,GUATEMALA,2023-05-28,poisson,5,0.75,hostvector_tempmort,central,1.0,0.3,0.267421,,-0.086261,
GUATEMALA,GUATEMALA,2023-05-28,poisson,5,0.75,hostvector_tempmort,alt,1.0,0.3,0.436179,1.774647,-0.095782,0.14911
GUATEMALA,GUATEMALA,2023-05-28,poisson,7,1.0,hostvector,central,1.0,0.3,0.408336,0.723914,0.103622,0.058559
GUATEMALA,GUATEMALA,2023-05-28,poisson,7,1.0,hostvector,alt,1.0,0.3,0.650126,0.914826,0.135066,0.077546
GUATEMALA,GUATEMALA,2023-05-28,poisson,7,1.0,seir,central,1.0,0.3,0.160261,0.724418,0.096617,0.051358
GUATEMALA,GUATEMALA,2023-05-28,poisson,7,1.0,seir,alt,1.0,0.3,0.241701,0.7955,0.106011,0.053258
GUATEMALA,GUATEMALA,2023-05-28,poisson,7,1.0,hostvector_tempmort,central,1.0,0.3,0.160327,0.668961,0.081827,0.052845
GUATEMALA,GUATEMALA,2023-05-28,poisson,7,1.0,hostvector_tempmort,alt,1.0,0.3,0.479775,0.869817,0.114384,0.06826
GUATEMALA,GUATEMALA,2023-05-28,poisson,7,0.75,hostvector,central,1.0,0.3,2.81461,1.502392,0.353548,0.164655
GUATEMALA,GUATEMALA,2023-05-28,poisson,7,0.75,hostvector,alt,1.0,0.3,3.240673,1.757019,0.40448,0.192462
GUATEMALA,GUATEMALA,2023-05-28,poisson,7,0.75,seir,central,1.0,0.3,2.744197,1.713674,0.36695,0.178949
GUATEMALA,GUATEMALA,2023-05-28,poisson,7,0.75,seir,alt,1.0,0.3,2.665471,1.837175,0.356684,0.186846
GUATEMALA,GUATEMALA,2023-05-28,poisson,7,0.75,hostvector_tempmort,central,1.0,0.3,2.635625,1.484512,0.348464,0.163778
GUATEMALA,GUATEMALA,2023-05-28,poisson,7,0.75,hostvector_tempmort,alt,1.0,0.3,3.068422,1.74219,0.400236,0.191907
MEXICO,CHIAPAS,2006-04-02,nb,3,1.0,hostvector,central,1.0,0.3,0.0,0.320882,0.206139,0.046002
MEXICO,CHIAPAS,2006-04-02,nb,3,1.0,hostvector,alt,1.0,0.3,0.0,0.44563,0.246813,0.057668
MEXICO,CHIAPAS,2006-04-02,nb,3,1.0,seir,central,1.0,0.3,0.0,0.013504,0.196698,0.042885
MEXICO,CHIAPAS,2006-04-02,nb,3,1.0,seir,alt,1.0,0.3,0.0,,0.198327,
MEXICO,CHIAPAS,2006-04-02,nb,3,1.0,hostvector_tempmort,central,1.0,0.3,0.0,0.322008,0.172298,0.04996
MEXICO,CHIAPAS,2006-04-02,nb,3,1.0,hostvector_tempmort,alt,1.0,0.3,0.0,0.377203,0.206044,0.060276
MEXICO,CHIAPAS,2006-04-02,nb,3,0.75,hostvector,central,1.0,0.3,0.344647,0.455653,0.229928,0.063989
MEXICO,CHIAPAS,2006-04-02,nb,3,0.75,hostvector,alt,1.0,0.3,0.413078,0.614565,0.27094,0.078342
MEXICO,CHIAPAS,2006-04-02,nb,3,0.75,seir,central,1.0,0.3,0.39229,0.48377,0.209538,0.061658
MEXICO,CHIAPAS,2006-04-02,nb,3,0.75,seir,alt,1.0,0.3,0.42659,0.587236,0.206229,0.060805
MEXICO,CHIAPAS,2006-04-02,nb,3,0.75,hostvector_tempmort,central,1.0,0.3,0.135028,0.43521,0.218579,0.062266
MEXICO,CHIAPAS,2006-04-02,nb,3,0.75,hostvector_tempmort,alt,1.0,0.3,0.236242,0.616852,0.258343,0.075602
MEXICO,CHIAPAS,2006-04-02,nb,5,1.0,hostvector,central,1.0,0.3,0.0,0.298218,0.162594,0.039305
MEXICO,CHIAPAS,2006-04-02,nb,5,1.0,hostvector,alt,1.0,0.3,0.0,0.022339,0.185917,0.044973
MEXICO,CHIAPAS,2006-04-02,nb,5,1.0,seir,central,1.0,0.3,0.0,0.007083,0.161358,0.039103
MEXICO,CHIAPAS,2006-04-02,nb,5,1.0,seir,alt,1.0,0.3,3e-06,0.245503,0.160575,0.044164
MEXICO,CHIAPAS,2006-04-02,nb,5,1.0,hostvector_tempmort,central,1.0,0.3,0.0,0.005208,0.137725,0.039428
MEXICO,CHIAPAS,2006-04-02,nb,5,1.0,hostvector_tempmort,alt,1.0,0.3,0.0,0.369288,0.159303,0.049504
MEXICO,CHIAPAS,2006-04-02,nb,5,0.75,hostvector,central,1.0,0.3,0.251095,0.410721,0.140015,0.046363
MEXICO,CHIAPAS,2006-04-02,nb,5,0.75,hostvector,alt,1.0,0.3,0.282122,0.527713,0.160152,0.0531
MEXICO,CHIAPAS,2006-04-02,nb,5,0.75,seir,central,1.0,0.3,0.280357,0.433343,0.135993,0.048162
MEXICO,CHIAPAS,2006-04-02,nb,5,0.75,seir,alt,1.0,0.3,0.280717,0.501516,0.134808,0.047674
MEXICO,CHIAPAS,2006-04-02,nb,5,0.75,hostvector_tempmort,central,1.0,0.3,0.061013,0.382286,0.133317,0.045423
MEXICO,CHIAPAS,2006-04-02,nb,5,0.75,hostvector_tempmort,alt,1.0,0.3,0.115593,0.516459,0.153105,0.051892
MEXICO,CHIAPAS,2006-04-02,nb,7,1.0,hostvector,central,1.0,0.3,0.0,0.319963,0.129378,0.035325
MEXICO,CHIAPAS,2006-04-02,nb,7,1.0,hostvector,alt,1.0,0.3,0.0,,0.145637,
MEXICO,CHIAPAS,2006-04-02,nb,7,1.0,seir,central,1.0,0.3,0.015985,0.26452,0.129185,0.040996
MEXICO,CHIAPAS,2006-04-02,nb,7,1.0,seir,alt,1.0,0.3,0.028246,0.268719,0.127316,0.041579
MEXICO,CHIAPAS,2006-04-02,nb,7,1.0,hostvector_tempmort,central,1.0,0.3,0.0,0.312949,0.10671,0.039531
MEXICO,CHIAPAS,2006-04-02,nb,7,1.0,hostvector_tempmort,alt,1.0,0.3,0.0,0.374952,0.122113,0.044651
MEXICO,CHIAPAS,2006-04-02,nb,7,0.75,hostvector,central,1.0,0.3,0.170402,0.376045,0.10306,0.038797
MEXICO,CHIAPAS,2006-04-02,nb,7,0.75,hostvector,alt,1.0,0.3,0.183821,0.472643,0.117228,0.043665
MEXICO,CHIAPAS,2006-04-02,nb,7,0.75,seir,central,1.0,0.3,0.196448,0.40347,0.102125,0.042201
MEXICO,CHIAPAS,2006-04-02,nb,7,0.75,seir,alt,1.0,0.3,0.18598,0.459462,0.102028,0.042306
MEXICO,CHIAPAS,2006-04-02,nb,7,0.75,hostvector_tempmort,central,1.0,0.3,0.0,0.344505,0.098039,0.038119
MEXICO,CHIAPAS,2006-04-02,nb,7,0.75,hostvector_tempmort,alt,1.0,0.3,0.027747,0.452918,0.112196,0.042894
MEXICO,CHIAPAS,2006-04-02,poisson,3,1.0,hostvector,central,1.0,0.3,0.0,0.287999,0.084368,0.087612
MEXICO,CHIAPAS,2006-04-02,poisson,3,1.0,hostvector,alt,1.0,0.3,0.0,0.376906,0.097006,0.10256
MEXICO,CHIAPAS,2006-04-02,poisson,3,1.0,seir,central,1.0,0.3,0.0,0.250382,0.084009,0.093303
MEXICO,CHIAPAS,2006-04-02,poisson,3,1.0,seir,alt,1.0,0.3,0.0,0.253165,0.086711,0.094193
MEXICO,CHIAPAS,2006-04-02,poisson,3,1.0,hostvector_tempmort,central,1.0,0.3,0.0,0.022567,0.039236,0.083045
MEXICO,CHIAPAS,2006-04-02,poisson,3,1.0,hostvector_tempmort,alt,1.0,0.3,0.0,0.316521,0.048522,0.105735
MEXICO,CHIAPAS,2006-04-02,poisson,3,0.75,hostvector,central,1.0,0.3,0.126841,0.378328,0.045473,0.128422
MEXICO,CHIAPAS,2006-04-02,poisson,3,0.75,hostvector,alt,1.0,0.3,0.134146,0.470006,0.054638,0.146627
MEXICO,CHIAPAS,2006-04-02,poisson,3,0.75,seir,central,1.0,0.3,0.153649,0.399793,0.041369,0.130645
MEXICO,CHIAPAS,2006-04-02,poisson,3,0.75,seir,alt,1.0,0.3,0.16584,0.460812,0.041802,0.128776
MEXICO,CHIAPAS,2006-04-02,poisson,3,0.75,hostvector_tempmort,central,1.0,0.3,0.0,0.38915,0.042659,0.124128
MEXICO,CHIAPAS,2006-04-02,poisson,3,0.75,hostvector_tempmort,alt,1.0,0.3,0.0,0.464779,0.051471,0.14209
MEXICO,CHIAPAS,2006-04-02,poisson,5,1.0,hostvector,central,1.0,0.3,0.0,0.271301,0.08958,0.074852
MEXICO,CHIAPAS,2006-04-02,poisson,5,1.0,hostvector,alt,1.0,0.3,0.0,0.352865,0.102129,0.086059
MEXICO,CHIAPAS,2006-04-02,poisson,5,1.0,seir,central,1.0,0.3,0.007098,0.228185,0.096611,0.077241
MEXICO,CHIAPAS,2006-04-02,poisson,5,1.0,seir,alt,1.0,0.3,0.011403,0.231135,0.100769,0.076572
MEXICO,CHIAPAS,2006-04-02,poisson,5,1.0,hostvector_tempmort,central,1.0,0.3,0.0,0.234875,0.072717,0.077326
MEXICO,CHIAPAS,2006-04-02,poisson,5,1.0,hostvector_tempmort,alt,1.0,0.3,0.0,0.051503,0.082851,0.086068
MEXICO,CHIAPAS,2006-04-02,poisson,5,0.75,hostvector,central,1.0,0.3,0.131375,0.370947,0.054524,0.090596
MEXICO,CHIAPAS,2006-04-02,poisson,5,0.75,hostvector,alt,1.0,0.3,0.140123,0.461032,0.063388,0.103066
MEXICO,CHIAPAS,2006-04-02,poisson,5,0.75,seir,central,1.0,0.3,0.153231,0.387768,0.064211,0.092063
MEXICO,CHIAPAS,2006-04-02,poisson,5,0.75,seir,alt,1.0,0.3,0.162073,0.442337,0.070402,0.09012
MEXICO,CHIAPAS,2006-04-02,poisson,5,0.75,hostvector_tempmort,central,1.0,0.3,0.0,0.372862,0.053078,0.087587
MEXICO,CHIAPAS,2006-04-02,poisson,5,0.75,hostvector_tempmort,alt,1.0,0.3,0.0,0.472692,0.06169,0.099823
MEXICO,CHIAPAS,2006-04-02,poisson,7,1.0,hostvector,central,1.0,0.3,0.0,0.262987,0.119314,0.055399
MEXICO,CHIAPAS,2006-04-02,poisson,7,1.0,hostvector,alt,1.0,0.3,0.0,0.350856,0.134807,0.063565
MEXICO,CHIAPAS,2006-04-02,poisson,7,1.0,seir,central,1.0,0.3,0.0,0.224087,0.116901,0.058465
MEXICO,CHIAPAS,2006-04-02,poisson,7,1.0,seir,alt,1.0,0.3,0.0,0.228731,0.112756,0.058636
MEXICO,CHIAPAS,2006-04-02,poisson,7,1.0,hostvector_tempmort,central,1.0,0.3,0.0,0.238504,0.101467,0.057824
MEXICO,CHIAPAS,2006-04-02,poisson,7,1.0,hostvector_tempmort,alt,1.0,0.3,0.0,0.025574,0.115754,0.064772
MEXICO,CHIAPAS,2006-04-02,poisson,7,0.75,hostvector,central,1.0,0.3,0.086351,0.329765,0.104646,0.06196
MEXICO,CHIAPAS,2006-04-02,poisson,7,0.75,hostvector,alt,1.0,0.3,0.090653,0.410821,0.11845,0.071095
MEXICO,CHIAPAS,2006-04-02,poisson,7,0.75,seir,central,1.0,0.3,0.096479,0.345623,0.102867,0.06487
MEXICO,CHIAPAS,2006-04-02,poisson,7,0.75,seir,alt,1.0,0.3,0.098671,0.393181,0.099304,0.06494
MEXICO,CHIAPAS,2006-04-02,poisson,7,0.75,hostvector_tempmort,central,1.0,0.3,0.0,0.363272,0.098483,0.060316
MEXICO,CHIAPAS,2006-04-02,poisson,7,0.75,hostvector_tempmort,alt,1.0,0.3,0.0,0.441448,0.112362,0.069147
NICARAGUA,CHINANDEGA,2011-05-29,nb,3,1.0,hostvector,central,1.0,0.3,3.060049,1.751692,0.091437,0.093542
NICARAGUA,CHINANDEGA,2011-05-29,nb,3,1.0,hostvector,alt,1.0,0.3,3.606323,2.046902,0.113998,0.108503
NICARAGUA,CHINANDEGA,2011-05-29,nb,3,1.0,seir,central,1.0,0.3,3.423582,1.946418,0.087234,0.102822
NICARAGUA,CHINANDEGA,2011-05-29,nb,3,1.0,seir,alt,1.0,0.3,3.531184,2.107423,0.086903,0.107702
NICARAGUA,CHINANDEGA,2011-05-29,nb,3,1.0,hostvector_tempmort,central,1.0,0.3,3.155096,1.741788,0.089646,0.092738
NICARAGUA,CHINANDEGA,2011-05-29,nb,3,1.0,hostvector_tempmort,alt,1.0,0.3,3.688019,2.038799,0.11172,0.107639
NICARAGUA,CHINANDEGA,2011-05-29,nb,3,0.75,hostvector,central,1.0,0.3,0.0,0.386653,0.247936,0.090599
NICARAGUA,CHINANDEGA,2011-05-29,nb,3,0.75,hostvector,alt,1.0,0.3,0.0,2.213492,0.291292,0.120585
NICARAGUA,CHINANDEGA,2011-05-29,nb,3,0.75,seir,central,1.0,0.3,0.0,0.080212,0.252043,0.110968
NICARAGUA,CHINANDEGA,2011-05-29,nb,3,0.75,seir,alt,1.0,0.3,0.0,0.005443,0.254151,0.106854
NICARAGUA,CHINANDEGA,2011-05-29,nb,3,0.75,hostvector_tempmort,central,1.0,0.3,0.0,1.998688,0.245623,0.099482
NICARAGUA,CHINANDEGA,2011-05-29,nb,3,0.75,hostvector_tempmort,alt,1.0,0.3,0.0,,0.288313,
NICARAGUA,CHINANDEGA,2011-05-29,nb,5,1.0,hostvector,central,1.0,0.3,2.39115,1.353982,0.037955,0.095572
NICARAGUA,CHINANDEGA,2011-05-29,nb,5,1.0,hostvector,alt,1.0,0.3,2.869623,1.615506,0.049779,0.112855
NICARAGUA,CHINANDEGA,2011-05-29,nb,5,1.0,seir,central,1.0,0.3,2.34175,1.426626,-0.005024,0.09728
NICARAGUA,CHINANDEGA,2011-05-29,nb,5,1.0,seir,alt,1.0,0.3,2.31642,1.476253,-0.018882,0.09813
NICARAGUA,CHINANDEGA,2011-05-29,nb,5,1.0,hostvector_tempmort,central,1.0,0.3,2.46659,1.338695,0.033764,0.094256
NICARAGUA,CHINANDEGA,2011-05-29,nb,5,1.0,hostvector_tempmort,alt,1.0,0.3,2.925285,1.595084,0.044508,0.111119
NICARAGUA,CHINANDEGA,2011-05-29,nb,5,0.75,hostvector,central,1.0,0.3,0.178593,2.225578,0.079705,0.138067
NICARAGUA,CHINANDEGA,2011-05-29,nb,5,0.75,hostvector,alt,1.0,0.3,0.571794,2.610152,0.089918,0.1602
NICARAGUA,CHINANDEGA,2011-05-29,nb,5,0.75,seir,central,1.0,0.3,0.0,2.763209,-0.026248,0.132632
NICARAGUA,CHINANDEGA,2011-05-29,nb,5,0.75,seir,alt,1.0,0.3,0.0,1.669883,-0.046198,0.126308
NICARAGUA,CHINANDEGA,2011-05-29,nb,5,0.75,hostvector_tempmort,central,1.0,0.3,0.262164,2.216429,0.073676,0.134986
NICARAGUA,CHINANDEGA,2011-05-29,nb,5,0.75,hostvector_tempmort,alt,1.0,0.3,0.647027,2.602466,0.081741,0.156106
NICARAGUA,CHINANDEGA,2011-05-29,nb,7,1.0,hostvector,central,1.0,0.3,1.723705,0.896545,-0.09999,0.063378
NICARAGUA,CHINANDEGA,2011-05-29,nb,7,1.0,hostvector,alt,1.0,0.3,2.049273,1.064095,-0.108523,0.071487
NICARAGUA,CHINANDEGA,2011-05-29,nb,7,1.0,seir,central,1.0,0.3,1.795848,0.984663,-0.134132,0.066165
NICARAGUA,CHINANDEGA,2011-05-29,nb,7,1.0,seir,alt,1.0,0.3,1.848588,1.02144,-0.138943,0.06538
NICARAGUA,CHINANDEGA,2011-05-29,nb,7,1.0,hostvector_tempmort,central,1.0,0.3,1.815233,0.886629,-0.100066,0.06228
NICARAGUA,CHINANDEGA,2011-05-29,nb,7,1.0,hostvector_tempmort,alt,1.0,0.3,2.125723,1.052237,-0.108554,0.070237
NICARAGUA,CHINANDEGA,2011-05-29,nb,7,0.75,hostvector,central,1.0,0.3,0.830505,2.239146,-0.099686,0.068328
NICARAGUA,CHINANDEGA,2011-05-29,nb,7,0.75,hostvector,alt,1.0,0.3,1.182134,2.598223,-0.107489,0.07528
NICARAGUA,CHINANDEGA,2011-05-29,nb,7,0.75,seir,central,1.0,0.3,0.463288,2.727833,-0.124196,0.077469
NICARAGUA,CHINANDEGA,2011-05-29,nb,7,0.75,seir,alt,1.0,0.3,0.534206,2.978589,-0.121883,0.079261
NICARAGUA,CHINANDEGA,2011-05-29,nb,7,0.75,hostvector_tempmort,central,1.0,0.3,0.88945,2.226473,-0.09791,0.067215
NICARAGUA,CHINANDEGA,2011-05-29,nb,7,0.75,hostvector_tempmort,alt,1.0,0.3,1.224689,2.585641,-0.105583,0.074058
NICARAGUA,CHINANDEGA,2011-05-29,poisson,3,1.0,hostvector,central,1.0,0.3,2.322339,1.785816,0.150303,0.095882
NICARAGUA,CHINANDEGA,2011-05-29,poisson,3,1.0,hostvector,alt,1.0,0.3,2.755686,2.13739,0.19204,0.110435
NICARAGUA,CHINANDEGA,2011-05-29,poisson,3,1.0,seir,central,1.0,0.3,2.634465,1.967527,0.154153,0.105609
NICARAGUA,CHINANDEGA,2011-05-29,poisson,3,1.0,seir,alt,1.0,0.3,2.741859,2.145483,0.165679,0.11114
NICARAGUA,CHINANDEGA,2011-05-29,poisson,3,1.0,hostvector_tempmort,central,1.0,0.3,2.416179,1.782709,0.148247,0.095247
NICARAGUA,CHINANDEGA,2011-05-29,poisson,3,1.0,hostvector_tempmort,alt,1.0,0.3,2.837439,2.13558,0.189367,0.109746
NICARAGUA,CHINANDEGA,2011-05-29,poisson,3,0.75,hostvector,central,1.0,0.3,0.0,1.940419,0.280086,0.094229
NICARAGUA,CHINANDEGA,2011-05-29,poisson,3,0.75,hostvector,alt,1.0,0.3,0.0,1.627705,0.32696,0.105779
NICARAGUA,CHINANDEGA,2011-05-29,poisson,3,0.75,seir,central,1.0,0.3,0.0,2.076373,0.303466,0.100515
NICARAGUA,CHINANDEGA,2011-05-29,poisson,3,0.75,seir,alt,1.0,0.3,0.0,2.180241,0.310899,0.104268
NICARAGUA,CHINANDEGA,2011-05-29,poisson,3,0.75,hostvector_tempmort,central,1.0,0.3,0.0,1.913433,0.277119,0.093436
NICARAGUA,CHINANDEGA,2011-05-29,poisson,3,0.75,hostvector_tempmort,alt,1.0,0.3,0.0,2.025295,0.323323,0.115207
NICARAGUA,CHINANDEGA,2011-05-29,poisson,5,1.0,hostvector,central,1.0,0.3,1.645652,1.398074,0.100829,0.10775
NICARAGUA,CHINANDEGA,2011-05-29,poisson,5,1.0,hostvector,alt,1.0,0.3,2.008717,1.689629,0.125343,0.126811
NICARAGUA,CHINANDEGA,2011-05-29,poisson,5,1.0,seir,central,1.0,0.3,1.669728,1.484909,0.060106,0.11287
NICARAGUA,CHINANDEGA,2011-05-29,poisson,5,1.0,seir,alt,1.0,0.3,1.676486,1.560751,0.043128,0.115612
NICARAGUA,CHINANDEGA,2011-05-29,poisson,5,1.0,hostvector_tempmort,central,1.0,0.3,1.733249,1.388504,0.095263,0.106607
NICARAGUA,CHINANDEGA,2011-05-29,poisson,5,1.0,hostvector_tempmort,alt,1.0,0.3,2.083082,1.676678,0.118135,0.125404
NICARAGUA,CHINANDEGA,2011-05-29,poisson,5,0.75,hostvector,central,1.0,0.3,0.0,2.168566,0.14689,0.153135
NICARAGUA,CHINANDEGA,2011-05-29,poisson,5,0.75,hostvector,alt,1.0,0.3,0.0,0.075569,0.179267,0.177782
NICARAGUA,CHINANDEGA,2011-05-29,poisson,5,0.75,seir,central,1.0,0.3,0.0,0.038812,0.062299,0.159614
NICARAGUA,CHINANDEGA,2011-05-29,poisson,5,0.75,seir,alt,1.0,0.3,0.0,2.64117,0.031428,0.161141
NICARAGUA,CHINANDEGA,2011-05-29,poisson,5,0.75,hostvector_tempmort,central,1.0,0.3,0.0,2.135812,0.141909,0.150416
NICARAGUA,CHINANDEGA,2011-05-29,poisson,5,0.75,hostvector_tempmort,alt,1.0,0.3,0.0,0.06359,0.171947,0.177006
NICARAGUA,CHINANDEGA,2011-05-29,poisson,7,1.0,hostvector,central,1.0,0.3,1.642745,0.995126,-0.166154,0.089906
NICARAGUA,CHINANDEGA,2011-05-29,poisson,7,1.0,hostvector,alt,1.0,0.3,1.961519,1.177689,-0.184153,0.101389
NICARAGUA,CHINANDEGA,2011-05-29,poisson,7,1.0,seir,central,1.0,0.3,1.733448,1.091141,-0.204486,0.095706
NICARAGUA,CHINANDEGA,2011-05-29,poisson,7,1.0,seir,alt,1.0,0.3,1.817123,1.135944,-0.213577,0.095565
NICARAGUA,CHINANDEGA,2011-05-29,poisson,7,1.0,hostvector_tempmort,central,1.0,0.3,1.729308,0.985099,-0.166251,0.088677
NICARAGUA,CHINANDEGA,2011-05-29,poisson,7,1.0,hostvector_tempmort,alt,1.0,0.3,2.033703,1.165428,-0.184203,0.100014
NICARAGUA,CHINANDEGA,2011-05-29,poisson,7,0.75,hostvector,central,1.0,0.3,0.581184,2.085912,-0.190615,0.110712
NICARAGUA,CHINANDEGA,2011-05-29,poisson,7,0.75,hostvector,alt,1.0,0.3,0.915134,2.459271,-0.209315,0.122334
NICARAGUA,CHINANDEGA,2011-05-29,poisson,7,0.75,seir,central,1.0,0.3,0.138443,2.438281,-0.217301,0.12351
NICARAGUA,CHINANDEGA,2011-05-29,poisson,7,0.75,seir,alt,1.0,0.3,0.292616,2.674498,-0.217521,0.125434
NICARAGUA,CHINANDEGA,2011-05-29,poisson,7,0.75,hostvector_tempmort,central,1.0,0.3,0.64484,2.077779,-0.189035,0.109357
NICARAGUA,CHINANDEGA,2011-05-29,poisson,7,0.75,hostvector_tempmort,alt,1.0,0.3,0.964795,2.451116,-0.20748,0.120853
MEXICO,MEXICO,2020-04-05,nb,3,1.0,hostvector,central,1.0,0.3,0.218532,0.333268,-0.934873,0.229641
MEXICO,MEXICO,2020-04-05,nb,3,1.0,hostvector,alt,1.0,0.3,0.669972,0.50792,-1.15188,0.327663
MEXICO,MEXICO,2020-04-05,nb,3,1.0,seir,central,1.0,0.3,0.04931,0.190839,-0.668032,0.186035
MEXICO,MEXICO,2020-04-05,nb,3,1.0,seir,alt,1.0,0.3,0.031569,0.157646,-0.748265,0.195941
MEXICO,MEXICO,2020-04-05,nb,3,1.0,hostvector_tempmort,central,1.0,0.3,0.0,,-0.492922,
MEXICO,MEXICO,2020-04-05,nb,3,1.0,hostvector_tempmort,alt,1.0,0.3,2e-06,0.451895,-0.728071,0.239626
MEXICO,MEXICO,2020-04-05,nb,3,0.75,hostvector,central,1.0,0.3,0.208919,0.411357,-0.940723,0.278388
MEXICO,MEXICO,2020-04-05,nb,3,0.75,hostvector,alt,1.0,0.3,0.651137,0.603302,-1.16384,0.390709
MEXICO,MEXICO,2020-04-05,nb,3,0.75,seir,central,1.0,0.3,0.033508,0.281743,-0.678181,0.23072
MEXICO,MEXICO,2020-04-05,nb,3,0.75,seir,alt,1.0,0.3,0.0,1.2e-05,-0.769473,0.202389
MEXICO,MEXICO,2020-04-05,nb,3,0.75,hostvector_tempmort,central,1.0,0.3,1e-05,0.327918,-0.492913,0.192886
MEXICO,MEXICO,2020-04-05,nb,3,0.75,hostvector_tempmort,alt,1.0,0.3,0.0,2.5e-05,-0.728103,0.084126
MEXICO,MEXICO,2020-04-05,nb,5,1.0,hostvector,central,1.0,0.3,0.087125,0.237688,-1.296553,0.266421
MEXICO,MEXICO,2020-04-05,nb,5,1.0,hostvector,alt,1.0,0.3,0.290626,0.358347,-1.719891,0.360554
MEXICO,MEXICO,2020-04-05,nb,5,1.0,seir,central,1.0,0.3,0.0,9e-06,-0.869482,0.146944
MEXICO,MEXICO,2020-04-05,nb,5,1.0,seir,alt,1.0,0.3,0.0,0.000176,-0.978456,0.286926
MEXICO,MEXICO,2020-04-05,nb,5,1.0,hostvector_tempmort,central,1.0,0.3,0.0,0.00011,-0.628437,0.153575
MEXICO,MEXICO,2020-04-05,nb,5,1.0,hostvector_tempmort,alt,1.0,0.3,0.0,0.260573,-0.984743,0.321605
MEXICO,MEXICO,2020-04-05,nb,5,0.75,hostvector,central,1.0,0.3,0.051293,0.354605,-1.32636,0.354503
MEXICO,MEXICO,2020-04-05,nb,5,0.75,hostvector,alt,1.0,0.3,0.195429,0.562304,-1.798982,0.502628
MEXICO,MEXICO,2020-04-05,nb,5,0.75,seir,central,1.0,0.3,1e-06,0.470953,-0.869336,0.374853
MEXICO,MEXICO,2020-04-05,nb,5,0.75,seir,alt,1.0,0.3,0.0,,-0.978281,
MEXICO,MEXICO,2020-04-05,nb,5,0.75,hostvector_tempmort,central,1.0,0.3,5e-06,0.610271,-0.628427,0.333639
MEXICO,MEXICO,2020-04-05,nb,5,0.75,hostvector_tempmort,alt,1.0,0.3,1e-06,0.656423,-0.984711,0.452395
MEXICO,MEXICO,2020-04-05,nb,7,1.0,hostvector,central,1.0,0.3,0.72036,0.814392,-0.889867,0.658068
MEXICO,MEXICO,2020-04-05,nb,7,1.0,hostvector,alt,1.0,0.3,0.96647,1.060003,-1.26585,0.859787
MEXICO,MEXICO,2020-04-05,nb,7,1.0,seir,central,1.0,0.3,0.441599,0.830956,-0.577756,0.663703
MEXICO,MEXICO,2020-04-05,nb,7,1.0,seir,alt,1.0,0.3,0.591147,0.916119,-0.529486,0.737807
MEXICO,MEXICO,2020-04-05,nb,7,1.0,hostvector_tempmort,central,1.0,0.3,0.0,1e-06,-0.691249,0.276589
MEXICO,MEXICO,2020-04-05,nb,7,1.0,hostvector_tempmort,alt,1.0,0.3,0.772276,0.78396,-0.411879,0.617721
MEXICO,MEXICO,2020-04-05,nb,7,0.75,hostvector,central,1.0,0.3,0.714419,0.966298,-0.894878,0.781171
MEXICO,MEXICO,2020-04-05,nb,7,0.75,hostvector,alt,1.0,0.3,0.94511,1.256623,-1.283215,1.023938
MEXICO,MEXICO,2020-04-05,nb,7,0.75,seir,central,1.0,0.3,0.433689,1.05116,-0.58437,0.872566
MEXICO,MEXICO,2020-04-05,nb,7,0.75,seir,alt,1.0,0.3,0.595477,1.08767,-0.525394,0.874452
MEXICO,MEXICO,2020-04-05,nb,7,0.75,hostvector_tempmort,central,1.0,0.3,0.52678,0.718585,-0.275835,0.496601
MEXICO,MEXICO,2020-04-05,nb,7,0.75,hostvector_tempmort,alt,1.0,0.3,0.773429,0.896034,-0.410649,0.734152
MEXICO,MEXICO,2020-04-05,poisson,3,1.0,hostvector,central,1.0,0.3,0.0,0.116012,-0.714846,0.418599
MEXICO,MEXICO,2020-04-05,poisson,3,1.0,hostvector,alt,1.0,0.3,0.005018,0.063696,-0.934515,0.528382
MEXICO,MEXICO,2020-04-05,poisson,3,1.0,seir,central,1.0,0.3,0.0,0.394655,-0.468447,0.441886
MEXICO,MEXICO,2020-04-05,poisson,3,1.0,seir,alt,1.0,0.3,0.0,0.301049,-0.493472,0.492235
MEXICO,MEXICO,2020-04-05,poisson,3,1.0,hostvector_tempmort,central,1.0,0.3,0.0,0.156752,-0.39039,0.30844
MEXICO,MEXICO,2020-04-05,poisson,3,1.0,hostvector_tempmort,alt,1.0,0.3,0.0,0.60463,-0.546718,0.451549
MEXICO,MEXICO,2020-04-05,poisson,3,0.75,hostvector,central,1.0,0.3,0.0,0.56868,-0.713621,0.514657
MEXICO,MEXICO,2020-04-05,poisson,3,0.75,hostvector,alt,1.0,0.3,0.0,0.524036,-0.948948,0.636747
MEXICO,MEXICO,2020-04-05,poisson,3,0.75,seir,central,1.0,0.3,0.0,0.137874,-0.468122,0.523592
MEXICO,MEXICO,2020-04-05,poisson,3,0.75,seir,alt,1.0,0.3,0.0,,-0.493171,
MEXICO,MEXICO,2020-04-05,poisson,3,0.75,hostvector_tempmort,central,1.0,0.3,0.0,0.685086,-0.390387,0.41192
MEXICO,MEXICO,2020-04-05,poisson,3,0.75,hostvector_tempmort,alt,1.0,0.3,0.0,0.91983,-0.546716,0.537364
MEXICO,MEXICO,2020-04-05,poisson,5,1.0,hostvector,central,1.0,0.3,0.0,0.164979,-0.771937,0.693719
MEXICO,MEXICO,2020-04-05,poisson,5,1.0,hostvector,alt,1.0,0.3,0.0,0.041241,-1.018156,0.854059
MEXICO,MEXICO,2020-04-05,poisson,5,1.0,seir,central,1.0,0.3,0.0,,-0.420488,
MEXICO,MEXICO,2020-04-05,poisson,5,1.0,seir,alt,1.0,0.3,0.0,0.401992,-0.41191,0.666169
MEXICO,MEXICO,2020-04-05,poisson,5,1.0,hostvector_tempmort,central,1.0,0.3,0.0,,-0.345937,
MEXICO,MEXICO,2020-04-05,poisson,5,1.0,hostvector_tempmort,alt,1.0,0.3,0.0,0.782268,-0.490824,0.730796
MEXICO,MEXICO,2020-04-05,poisson,5,0.75,hostvector,central,1.0,0.3,0.0,0.907189,-0.771536,0.844888
MEXICO,MEXICO,2020-04-05,poisson,5,0.75,hostvector,alt,1.0,0.3,0.0,0.850475,-1.018725,1.034005
MEXICO,MEXICO,2020-04-05,poisson,5,0.75,seir,central,1.0,0.3,0.0,0.904729,-0.42032,0.804392
MEXICO,MEXICO,2020-04-05,poisson,5,0.75,seir,alt,1.0,0.3,0.0,0.057112,-0.411617,0.745235
MEXICO,MEXICO,2020-04-05,poisson,5,0.75,hostvector_tempmort,central,1.0,0.3,0.0,0.702866,-0.345959,0.647306
MEXICO,MEXICO,2020-04-05,poisson,5,0.75,hostvector_tempmort,alt,1.0,0.3,0.0,0.985131,-0.490825,0.861017
MEXICO,MEXICO,2020-04-05,poisson,7,1.0,hostvector,central,1.0,0.3,0.0,0.509918,-0.521211,0.832559
MEXICO,MEXICO,2020-04-05,poisson,7,1.0,hostvector,alt,1.0,0.3,0.00022,0.419942,-0.649141,0.986207
MEXICO,MEXICO,2020-04-05,poisson,7,1.0,seir,central,1.0,0.3,0.0,0.488792,-0.213139,0.726459
MEXICO,MEXICO,2020-04-05,poisson,7,1.0,seir,alt,1.0,0.3,0.0,0.598786,-0.21974,0.805589
MEXICO,MEXICO,2020-04-05,poisson,7,1.0,hostvector_tempmort,central,1.0,0.3,0.0,0.60196,-0.150649,0.619694
MEXICO,MEXICO,2020-04-05,poisson,7,1.0,hostvector_tempmort,alt,1.0,0.3,0.0,0.72021,-0.272033,0.808499
MEXICO,MEXICO,2020-04-05,poisson,7,0.75,hostvector,central,1.0,0.3,0.0,0.783586,-0.518887,0.997453
MEXICO,MEXICO,2020-04-05,poisson,7,0.75,hostvector,alt,1.0,0.3,0.0,0.61003,-0.643853,1.177689
MEXICO,MEXICO,2020-04-05,poisson,7,0.75,seir,central,1.0,0.3,0.0,0.690344,-0.212112,0.906226
MEXICO,MEXICO,2020-04-05,poisson,7,0.75,seir,alt,1.0,0.3,0.0,0.011879,-0.218672,0.768077
MEXICO,MEXICO,2020-04-05,poisson,7,0.75,hostvector_tempmort,central,1.0,0.3,0.0,0.723318,-0.150623,0.721507
MEXICO,MEXICO,2020-04-05,poisson,7,0.75,hostvector_tempmort,alt,1.0,0.3,0.0,0.845015,-0.272024,0.956362
MEXICO,BAJA CALIFORNIA SUR,2003-06-08,nb,3,1.0,hostvector,central,1.0,0.3,2.928897,2.300908,-0.034476,0.273993
MEXICO,BAJA CALIFORNIA SUR,2003-06-08,nb,3,1.0,hostvector,alt,1.0,0.3,3.73408,2.777849,0.000132,0.322459
MEXICO,BAJA CALIFORNIA SUR,2003-06-08,nb,3,1.0,seir,central,1.0,0.3,2.853674,0.646863,-0.071419,0.13589
MEXICO,BAJA CALIFORNIA SUR,2003-06-08,nb,3,1.0,seir,alt,1.0,0.3,3.02644,3.203245,-0.061341,0.281755
MEXICO,BAJA CALIFORNIA SUR,2003-06-08,nb,3,1.0,hostvector_tempmort,central,1.0,0.3,2.820259,2.320545,-0.056818,0.265451
MEXICO,BAJA CALIFORNIA SUR,2003-06-08,nb,3,1.0,hostvector_tempmort,alt,1.0,0.3,3.586033,2.842356,-0.022766,0.316334
MEXICO,BAJA CALIFORNIA SUR,2003-06-08,nb,3,0.75,hostvector,central,1.0,0.3,0.0,,-0.134761,
MEXICO,BAJA CALIFORNIA SUR,2003-06-08,nb,3,0.75,hostvector,alt,1.0,0.3,0.0,,-0.152004,
MEXICO,BAJA CALIFORNIA SUR,2003-06-08,nb,3,0.75,seir,central,1.0,0.3,0.0,2.762748,-0.137937,0.178234
MEXICO,BAJA CALIFORNIA SUR,2003-06-08,nb,3,0.75,seir,alt,1.0,0.3,0.0,0.003804,-0.135341,0.164959
MEXICO,BAJA CALIFORNIA SUR,2003-06-08,nb,3,0.75,hostvector_tempmort,central,1.0,0.3,0.0,1.253633,-0.143159,0.136324
MEXICO,BAJA CALIFORNIA SUR,2003-06-08,nb,3,0.75,hostvector_tempmort,alt,1.0,0.3,0.0,7.108377,-0.15847,0.219196
MEXICO,BAJA CALIFORNIA SUR,2003-06-08,nb,5,1.0,hostvector,central,1.0,0.3,3.12076,4.348846,0.011419,0.686984
MEXICO,BAJA CALIFORNIA SUR,2003-06-08,nb,5,1.0,hostvector,alt,1.0,0.3,4.130471,5.094729,0.071067,0.785144
MEXICO,BAJA CALIFORNIA SUR,2003-06-08,nb,5,1.0,seir,central,1.0,0.3,2.709525,4.457956,-0.016543,0.494479
MEXICO,BAJA CALIFORNIA SUR,2003-06-08,nb,5,1.0,seir,alt,1.0,0.3,2.728545,4.731916,0.012734,0.458979
MEXICO,BAJA CALIFORNIA SUR,2003-06-08,nb,5,1.0,hostvector_tempmort,central,1.0,0.3,2.897115,4.187396,-0.011671,0.627014
MEXICO,BAJA CALIFORNIA SUR,2003-06-08,nb,5,1.0,hostvector_tempmort,alt,1.0,0.3,3.9227,5.273275,0.039708,0.801412
MEXICO,BAJA CALIFORNIA SUR,2003-06-08,nb,5,0.75,hostvector,central,1.0,0.3,0.0,0.012742,-0.121884,0.244637
MEXICO,BAJA CALIFORNIA SUR,2003-06-08,nb,5,0.75,hostvector,alt,1.0,0.3,0.0,6.171372,-0.139586,0.236612
MEXICO,BAJA CALIFORNIA SUR,2003-06-08,nb,5,0.75,seir,central,1.0,0.3,0.0,5.907973,-0.12601,0.291222
MEXICO,BAJA CALIFORNIA SUR,2003-06-08,nb,5,0.75,seir,alt,1.0,0.3,0.0,2.637714,-0.122592,0.273888
MEXICO,BAJA CALIFORNIA SUR,2003-06-08,nb,5,0.75,hostvector_tempmort,central,1.0,0.3,0.0,,-0.132545,
MEXICO,BAJA CALIFORNIA SUR,2003-06-08,nb,5,0.75,hostvector_tempmort,alt,1.0,0.3,0.0,0.008935,-0.148007,0.222569
MEXICO,BAJA CALIFORNIA SUR,2003-06-08,nb,7,1.0,hostvector,central,1.0,0.3,2.819865,3.778289,0.190746,0.416419
MEXICO,BAJA CALIFORNIA SUR,2003-06-08,nb,7,1.0,hostvector,alt,1.0,0.3,3.971701,4.187458,0.30558,0.421608
MEXICO,BAJA CALIFORNIA SUR,2003-06-08,nb,7,1.0,seir,central,1.0,0.3,1.950494,4.346193,0.14512,0.395295
MEXICO,BAJA CALIFORNIA SUR,2003-06-08,nb,7,1.0,seir,alt,1.0,0.3,2.128707,4.446808,0.191119,0.375296
MEXICO,BAJA CALIFORNIA SUR,2003-06-08,nb,7,1.0,hostvector_tempmort,central,1.0,0.3,2.546269,3.642658,0.146833,0.394952
MEXICO,BAJA CALIFORNIA SUR,2003-06-08,nb,7,1.0,hostvector_tempmort,alt,1.0,0.3,3.672949,4.06982,0.263324,0.396509
MEXICO,BAJA CALIFORNIA SUR,2003-06-08,nb,7,0.75,hostvector,central,1.0,0.3,7.8e-05,4.968171,-0.109437,0.49416
MEXICO,BAJA CALIFORNIA SUR,2003-06-08,nb,7,0.75,hostvector,alt,1.0,0.3,0.011897,5.559105,-0.133316,0.557301
MEXICO,BAJA CALIFORNIA SUR,2003-06-08,nb,7,0.75,seir,central,1.0,0.3,0.00123,5.620704,-0.070688,0.687936
MEXICO,BAJA CALIFORNIA SUR,2003-06-08,nb,7,0.75,seir,alt,1.0,0.3,0.0194,5.74174,-0.055169,0.737711
MEXICO,BAJA CALIFORNIA SUR,2003-06-08,nb,7,0.75,hostvector_tempmort,central,1.0,0.3,1.1e-05,4.823041,-0.13112,0.518877
MEXICO,BAJA CALIFORNIA SUR,2003-06-08,nb,7,0.75,hostvector_tempmort,alt,1.0,0.3,0.017431,5.418337,-0.150919,0.572385
MEXICO,BAJA CALIFORNIA SUR,2003-06-08,poisson,3,1.0,hostvector,central,1.0,0.3,2.463887,6.644681,-0.431452,0.876291
MEXICO,BAJA CALIFORNIA SUR,2003-06-08,poisson,3,1.0,hostvector,alt,1.0,0.3,2.860699,13.731381,-0.51007,1.842612
MEXICO,BAJA CALIFORNIA SUR,2003-06-08,poisson,3,1.0,seir,central,1.0,0.3,2.473596,3.716146,-0.412202,0.434704
MEXICO,BAJA CALIFORNIA SUR,2003-06-08,poisson,3,1.0,seir,alt,1.0,0.3,2.407381,3.656349,-0.384689,0.415472
MEXICO,BAJA CALIFORNIA SUR,2003-06-08,poisson,3,1.0,hostvector_tempmort,central,1.0,0.3,2.430606,5.876488,-0.425242,0.751628
MEXICO,BAJA CALIFORNIA SUR,2003-06-08,poisson,3,1.0,hostvector_tempmort,alt,1.0,0.3,2.807717,11.315353,-0.497815,1.475096
MEXICO,BAJA CALIFORNIA SUR,2003-06-08,poisson,3,0.75,hostvector,central,1.0,0.3,2.073548,8.374491,-0.426929,0.874821
MEXICO,BAJA CALIFORNIA SUR,2003-06-08,poisson,3,0.75,hostvector,alt,1.0,0.3,0.0,,-0.625351,
MEXICO,BAJA CALIFORNIA SUR,2003-06-08,poisson,3,0.75,seir,central,1.0,0.3,2.072479,6.42542,-0.413222,0.578493
MEXICO,BAJA CALIFORNIA SUR,2003-06-08,poisson,3,0.75,seir,alt,1.0,0.3,1.989415,1.397796,-0.39451,0.268416
MEXICO,BAJA CALIFORNIA SUR,2003-06-08,poisson,3,0.75,hostvector_tempmort,central,1.0,0.3,0.0,,-0.562301,
MEXICO,BAJA CALIFORNIA SUR,2003-06-08,poisson,3,0.75,hostvector_tempmort,alt,1.0,0.3,0.0,,-0.621053,
MEXICO,BAJA CALIFORNIA SUR,2003-06-08,poisson,5,1.0,hostvector,central,1.0,0.3,1.536518,5.299515,-0.073858,0.80905
MEXICO,BAJA CALIFORNIA SUR,2003-06-08,poisson,5,1.0,hostvector,alt,1.0,0.3,1.801293,6.171297,-0.083286,0.931929
MEXICO,BAJA CALIFORNIA SUR,2003-06-08,poisson,5,1.0,seir,central,1.0,0.3,1.606687,6.182677,-0.068043,0.756325
MEXICO,BAJA CALIFORNIA SUR,2003-06-08,poisson,5,1.0,seir,alt,1.0,0.3,1.67398,6.915903,-0.061551,0.845461
MEXICO,BAJA CALIFORNIA SUR,2003-06-08,poisson,5,1.0,hostvector_tempmort,central,1.0,0.3,1.493974,5.357005,-0.085853,0.795197
MEXICO,BAJA CALIFORNIA SUR,2003-06-08,poisson,5,1.0,hostvector_tempmort,alt,1.0,0.3,1.750415,6.259108,-0.093358,0.918546
MEXICO,BAJA CALIFORNIA SUR,2003-06-08,poisson,5,0.75,hostvector,central,1.0,0.3,0.413259,7.911047,-0.111587,0.657513
MEXICO,BAJA CALIFORNIA SUR,2003-06-08,poisson,5,0.75,hostvector,alt,1.0,0.3,0.492382,9.12924,-0.134937,0.7364
MEXICO,BAJA CALIFORNIA SUR,2003-06-08,poisson,5,0.75,seir,central,1.0,0.3,0.677246,9.443464,-0.109221,0.845135
MEXICO,BAJA CALIFORNIA SUR,2003-06-08,poisson,5,0.75,seir,alt,1.0,0.3,0.656503,10.223644,-0.101002,0.910746
MEXICO,BAJA CALIFORNIA SUR,2003-06-08,poisson,5,0.75,hostvector_tempmort,central,1.0,0.3,0.456649,7.828034,-0.120661,0.656091
MEXICO,BAJA CALIFORNIA SUR,2003-06-08,poisson,5,0.75,hostvector_tempmort,alt,1.0,0.3,0.534181,9.054323,-0.141567,0.736473
MEXICO,BAJA CALIFORNIA SUR,2003-06-08,poisson,7,1.0,hostvector,central,1.0,0.3,1.976713,6.932672,0.197376,0.761126
MEXICO,BAJA CALIFORNIA SUR,2003-06-08,poisson,7,1.0,hostvector,alt,1.0,0.3,2.57664,8.003899,0.23679,0.874492
MEXICO,BAJA CALIFORNIA SUR,2003-06-08,poisson,7,1.0,seir,central,1.0,0.3,1.673593,8.294978,0.256312,0.74253
MEXICO,BAJA CALIFORNIA SUR,2003-06-08,poisson,7,1.0,seir,alt,1.0,0.3,2.00703,8.696607,0.295304,0.770258
MEXICO,BAJA CALIFORNIA SUR,2003-06-08,poisson,7,1.0,hostvector_tempmort,central,1.0,0.3,1.974363,6.872512,0.179741,0.78053
MEXICO,BAJA CALIFORNIA SUR,2003-06-08,poisson,7,1.0,hostvector_tempmort,alt,1.0,0.3,2.585129,7.934585,0.222737,0.885085
MEXICO,BAJA CALIFORNIA SUR,2003-06-08,poisson,7,0.75,hostvector,central,1.0,0.3,1.432261,8.515601,0.148762,0.800943
MEXICO,BAJA CALIFORNIA SUR,2003-06-08,poisson,7,0.75,hostvector,alt,1.0,0.3,1.880775,9.729133,0.174684,0.92599
MEXICO,BAJA CALIFORNIA SUR,2003-06-08,poisson,7,0.75,seir,central,1.0,0.3,1.251737,9.918002,0.220947,0.815902
MEXICO,BAJA CALIFORNIA SUR,2003-06-08,poisson,7,0.75,seir,alt,1.0,0.3,1.615548,10.391523,0.261731,0.870155
MEXICO,BAJA CALIFORNIA SUR,2003-06-08,poisson,7,0.75,hostvector_tempmort,central,1.0,0.3,1.515406,8.38453,0.138206,0.848308
MEXICO,BAJA CALIFORNIA SUR,2003-06-08,poisson,7,0.75,hostvector_tempmort,alt,1.0,0.3,1.98473,9.583527,0.168578,0.965411
MEXICO,VERACRUZ,2006-07-02,nb,3,1.0,hostvector,central,1.0,0.3,0.839185,1.167091,0.289619,0.488816
MEXICO,VERACRUZ,2006-07-02,nb,3,1.0,hostvector,alt,1.0,0.3,1.594071,1.753099,0.603627,0.825669
MEXICO,VERACRUZ,2006-07-02,nb,3,1.0,seir,central,1.0,0.3,0.359694,0.910166,-0.106503,0.390162
MEXICO,VERACRUZ,2006-07-02,nb,3,1.0,seir,alt,1.0,0.3,0.472486,0.939475,-0.244168,0.350998
MEXICO,VERACRUZ,2006-07-02,nb,3,1.0,hostvector_tempmort,central,1.0,0.3,0.678381,1.107511,0.262104,0.467218
MEXICO,VERACRUZ,2006-07-02,nb,3,1.0,hostvector_tempmort,alt,1.0,0.3,1.484669,1.675494,0.474203,0.674575
MEXICO,VERACRUZ,2006-07-02,nb,3,0.75,hostvector,central,1.0,0.3,0.724776,1.730811,0.271387,0.561162
MEXICO,VERACRUZ,2006-07-02,nb,3,0.75,hostvector,alt,1.0,0.3,1.277896,2.327077,0.436602,0.749082
MEXICO,VERACRUZ,2006-07-02,nb,3,0.75,seir,central,1.0,0.3,0.222234,1.506149,-0.131234,0.447017
MEXICO,VERACRUZ,2006-07-02,nb,3,0.75,seir,alt,1.0,0.3,0.279188,1.554786,-0.274816,0.387993
MEXICO,VERACRUZ,2006-07-02,nb,3,0.75,hostvector_tempmort,central,1.0,0.3,0.640192,1.700669,0.25458,0.545299
MEXICO,VERACRUZ,2006-07-02,nb,3,0.75,hostvector_tempmort,alt,1.0,0.3,1.191258,2.336137,0.394685,0.705259
MEXICO,VERACRUZ,2006-07-02,nb,5,1.0,hostvector,central,1.0,0.3,2.327512,1.138734,-0.373824,0.139043
MEXICO,VERACRUZ,2006-07-02,nb,5,1.0,hostvector,alt,1.0,0.3,3.700056,1.724308,-0.426557,0.171602
MEXICO,VERACRUZ,2006-07-02,nb,5,1.0,seir,central,1.0,0.3,1.931983,0.884715,-0.395219,0.152408
MEXICO,VERACRUZ,2006-07-02,nb,5,1.0,seir,alt,1.0,0.3,2.089772,1.007646,-0.390199,0.160554
MEXICO,VERACRUZ,2006-07-02,nb,5,1.0,hostvector_tempmort,central,1.0,0.3,2.107312,1.076625,-0.366731,0.136241
MEXICO,VERACRUZ,2006-07-02,nb,5,1.0,hostvector_tempmort,alt,1.0,0.3,3.421017,1.672671,-0.420096,0.166816
MEXICO,VERACRUZ,2006-07-02,nb,5,0.75,hostvector,central,1.0,0.3,2.109555,1.523596,-0.372207,0.149705
MEXICO,VERACRUZ,2006-07-02,nb,5,0.75,hostvector,alt,1.0,0.3,2.924342,2.092203,-0.423052,0.178489
MEXICO,VERACRUZ,2006-07-02,nb,5,0.75,seir,central,1.0,0.3,2.039074,1.343478,-0.399178,0.168055
MEXICO,VERACRUZ,2006-07-02,nb,5,0.75,seir,alt,1.0,0.3,2.390774,1.730314,-0.401039,0.181202
MEXICO,VERACRUZ,2006-07-02,nb,5,0.75,hostvector_tempmort,central,1.0,0.3,2.003807,1.496525,-0.366329,0.147836
MEXICO,VERACRUZ,2006-07-02,nb,5,0.75,hostvector_tempmort,alt,1.0,0.3,2.837304,2.089732,-0.417546,0.176566
MEXICO,VERACRUZ,2006-07-02,nb,7,1.0,hostvector,central,1.0,0.3,2.643353,1.487102,-0.308082,0.193742
MEXICO,VERACRUZ,2006-07-02,nb,7,1.0,hostvector,alt,1.0,0.3,4.395554,2.236623,-0.39356,0.252593
MEXICO,VERACRUZ,2006-07-02,nb,7,1.0,seir,central,1.0,0.3,2.011676,1.267709,-0.3296,0.209991
MEXICO,VERACRUZ,2006-07-02,nb,7,1.0,seir,alt,1.0,0.3,2.163698,1.456647,-0.330583,0.226044
MEXICO,VERACRUZ,2006-07-02,nb,7,1.0,hostvector_tempmort,central,1.0,0.3,2.430273,1.427836,-0.301827,0.190173
MEXICO,VERACRUZ,2006-07-02,nb,7,1.0,hostvector_tempmort,alt,1.0,0.3,4.063228,2.168561,-0.382676,0.244784
MEXICO,VERACRUZ,2006-07-02,nb,7,0.75,hostvector,central,1.0,0.3,2.474672,1.882685,-0.318317,0.215416
MEXICO,VERACRUZ,2006-07-02,nb,7,0.75,hostvector,alt,1.0,0.3,3.547483,2.592876,-0.392272,0.263525
MEXICO,VERACRUZ,2006-07-02,nb,7,0.75,seir,central,1.0,0.3,2.186138,1.898305,-0.343797,0.240901
MEXICO,VERACRUZ,2006-07-02,nb,7,0.75,seir,alt,1.0,0.3,2.648876,2.601085,-0.357321,0.274291
MEXICO,VERACRUZ,2006-07-02,nb,7,0.75,hostvector_tempmort,central,1.0,0.3,2.378163,1.876051,-0.311925,0.213097
MEXICO,VERACRUZ,2006-07-02,nb,7,0.75,hostvector_tempmort,alt,1.0,0.3,3.473119,2.619898,-0.385986,0.262663
MEXICO,VERACRUZ,2006-07-02,poisson,3,1.0,hostvector,central,1.0,0.3,0.000371,6.837273,0.026078,0.450128
MEXICO,VERACRUZ,2006-07-02,poisson,3,1.0,hostvector,alt,1.0,0.3,0.00034,8.824708,0.06887,0.526158
MEXICO,VERACRUZ,2006-07-02,poisson,3,1.0,seir,central,1.0,0.3,0.0,7.291645,-0.226484,0.43306
MEXICO,VERACRUZ,2006-07-02,poisson,3,1.0,seir,alt,1.0,0.3,0.0,,-0.27446,
MEXICO,VERACRUZ,2006-07-02,poisson,3,1.0,hostvector_tempmort,central,1.0,0.3,0.000279,6.854611,0.019822,0.442591
MEXICO,VERACRUZ,2006-07-02,poisson,3,1.0,hostvector_tempmort,alt,1.0,0.3,0.000315,8.858652,0.059027,0.516063
MEXICO,VERACRUZ,2006-07-02,poisson,3,0.75,hostvector,central,1.0,0.3,0.000285,9.218196,0.026046,0.536588
MEXICO,VERACRUZ,2006-07-02,poisson,3,0.75,hostvector,alt,1.0,0.3,0.000275,11.818191,0.06888,0.627202
MEXICO,VERACRUZ,2006-07-02,poisson,3,0.75,seir,central,1.0,0.3,0.000165,9.411795,-0.226697,0.517094
MEXICO,VERACRUZ,2006-07-02,poisson,3,0.75,seir,alt,1.0,0.3,0.0,,-0.274694,
MEXICO,VERACRUZ,2006-07-02,poisson,3,0.75,hostvector_tempmort,central,1.0,0.3,0.000233,9.181597,0.019754,0.527637
MEXICO,VERACRUZ,2006-07-02,poisson,3,0.75,hostvector_tempmort,alt,1.0,0.3,1.8e-05,11.799319,0.05904,0.615203
MEXICO,VERACRUZ,2006-07-02,poisson,5,1.0,hostvector,central,1.0,0.3,2.629484,14.440511,-0.734947,0.430772
MEXICO,VERACRUZ,2006-07-02,poisson,5,1.0,hostvector,alt,1.0,0.3,4.944851,24.144066,-0.864628,0.694182
MEXICO,VERACRUZ,2006-07-02,poisson,5,1.0,seir,central,1.0,0.3,0.623156,21.617978,-0.871622,1.480402
MEXICO,VERACRUZ,2006-07-02,poisson,5,1.0,seir,alt,1.0,0.3,0.847518,25.297314,-0.890387,1.739445
MEXICO,VERACRUZ,2006-07-02,poisson,5,1.0,hostvector_tempmort,central,1.0,0.3,2.480772,14.304623,-0.727952,0.427272
MEXICO,VERACRUZ,2006-07-02,poisson,5,1.0,hostvector_tempmort,alt,1.0,0.3,4.665786,23.533724,-0.855611,0.680938
MEXICO,VERACRUZ,2006-07-02,poisson,5,0.75,hostvector,central,1.0,0.3,2.746582,17.841517,-0.737986,0.526761
MEXICO,VERACRUZ,2006-07-02,poisson,5,0.75,hostvector,alt,1.0,0.3,5.150051,30.529825,-0.869798,0.867228
MEXICO,VERACRUZ,2006-07-02,poisson,5,0.75,seir,central,1.0,0.3,0.236981,32.407,-0.869566,1.857577
MEXICO,VERACRUZ,2006-07-02,poisson,5,0.75,seir,alt,1.0,0.3,0.44095,38.485581,-0.888973,2.221747
MEXICO,VERACRUZ,2006-07-02,poisson,5,0.75,hostvector_tempmort,central,1.0,0.3,2.606061,17.712057,-0.731235,0.523429
MEXICO,VERACRUZ,2006-07-02,poisson,5,0.75,hostvector_tempmort,alt,1.0,0.3,4.855561,29.635642,-0.860444,0.848152
MEXICO,VERACRUZ,2006-07-02,poisson,7,1.0,hostvector,central,1.0,0.3,1.102265,3.851225,-0.543436,0.501108
MEXICO,VERACRUZ,2006-07-02,poisson,7,1.0,hostvector,alt,1.0,0.3,1.524505,5.00438,-0.740628,0.6291
MEXICO,VERACRUZ,2006-07-02,poisson,7,1.0,seir,central,1.0,0.3,1.02509,3.845789,-0.510812,0.49968
MEXICO,VERACRUZ,2006-07-02,poisson,7,1.0,seir,alt,1.0,0.3,0.863858,3.950143,-0.499388,0.552419
MEXICO,VERACRUZ,2006-07-02,poisson,7,1.0,hostvector_tempmort,central,1.0,0.3,1.021842,3.798055,-0.529148,0.492046
MEXICO,VERACRUZ,2006-07-02,poisson,7,1.0,hostvector_tempmort,alt,1.0,0.3,1.419312,4.923226,-0.721105,0.624065
MEXICO,VERACRUZ,2006-07-02,poisson,7,0.75,hostvector,central,1.0,0.3,0.608132,5.317776,-0.537209,0.599791
MEXICO,VERACRUZ,2006-07-02,poisson,7,0.75,hostvector,alt,1.0,0.3,0.875631,6.664726,-0.731873,0.746876
MEXICO,VERACRUZ,2006-07-02,poisson,7,0.75,seir,central,1.0,0.3,0.512813,5.404547,-0.498675,0.606432
MEXICO,VERACRUZ,2006-07-02,poisson,7,0.75,seir,alt,1.0,0.3,0.276196,5.588632,-0.48558,0.670052
MEXICO,VERACRUZ,2006-07-02,poisson,7,0.75,hostvector_tempmort,central,1.0,0.3,0.560143,5.27499,-0.52279,0.590371
MEXICO,VERACRUZ,2006-07-02,poisson,7,0.75,hostvector_tempmort,alt,1.0,0.3,0.816195,6.619787,-0.713134,0.743559
NICARAGUA,CARAZO,2010-06-13,nb,3,1.0,hostvector,central,1.0,0.3,0.0,1.258394,0.213939,0.067151
NICARAGUA,CARAZO,2010-06-13,nb,3,1.0,hostvector,alt,1.0,0.3,0.0,0.018973,0.279424,0.089912
NICARAGUA,CARAZO,2010-06-13,nb,3,1.0,seir,central,1.0,0.3,0.0,,0.160007,
NICARAGUA,CARAZO,2010-06-13,nb,3,1.0,seir,alt,1.0,0.3,0.0,0.021008,0.162692,0.055229
NICARAGUA,CARAZO,2010-06-13,nb,3,1.0,hostvector_tempmort,central,1.0,0.3,0.0,1.15589,0.212598,0.065734
NICARAGUA,CARAZO,2010-06-13,nb,3,1.0,hostvector_tempmort,alt,1.0,0.3,0.0,0.020977,0.278068,0.087554
NICARAGUA,CARAZO,2010-06-13,nb,3,0.75,hostvector,central,1.0,0.3,0.0,1.918324,0.097652,0.152043
NICARAGUA,CARAZO,2010-06-13,nb,3,0.75,hostvector,alt,1.0,0.3,0.0,4.772304,0.121947,0.269849
NICARAGUA,CARAZO,2010-06-13,nb,3,0.75,seir,central,1.0,0.3,0.0,0.00027,0.052999,0.097933
NICARAGUA,CARAZO,2010-06-13,nb,3,0.75,seir,alt,1.0,0.3,0.0,0.00928,0.053598,0.109036
NICARAGUA,CARAZO,2010-06-13,nb,3,0.75,hostvector_tempmort,central,1.0,0.3,0.0,0.939918,0.100932,0.134645
NICARAGUA,CARAZO,2010-06-13,nb,3,0.75,hostvector_tempmort,alt,1.0,0.3,0.0,3.32128,0.124844,0.197756
NICARAGUA,CARAZO,2010-06-13,nb,5,1.0,hostvector,central,1.0,0.3,0.0,0.059794,0.18837,0.057588
NICARAGUA,CARAZO,2010-06-13,nb,5,1.0,hostvector,alt,1.0,0.3,0.0,1.57,0.247296,0.079013
NICARAGUA,CARAZO,2010-06-13,nb,5,1.0,seir,central,1.0,0.3,0.0,1.07003,0.142265,0.047269
NICARAGUA,CARAZO,2010-06-13,nb,5,1.0,seir,alt,1.0,0.3,0.0,,0.146007,
NICARAGUA,CARAZO,2010-06-13,nb,5,1.0,hostvector_tempmort,central,1.0,0.3,0.0,1.203659,0.186406,0.056405
NICARAGUA,CARAZO,2010-06-13,nb,5,1.0,hostvector_tempmort,alt,1.0,0.3,0.0,1.439466,0.245297,0.07879
NICARAGUA,CARAZO,2010-06-13,nb,5,0.75,hostvector,central,1.0,0.3,1e-06,4.131242,0.069639,0.235713
NICARAGUA,CARAZO,2010-06-13,nb,5,0.75,hostvector,alt,1.0,0.3,0.0,4.772969,0.087767,0.268224
NICARAGUA,CARAZO,2010-06-13,nb,5,0.75,seir,central,1.0,0.3,0.0,,0.016844,
NICARAGUA,CARAZO,2010-06-13,nb,5,0.75,seir,alt,1.0,0.3,0.0,,0.01925,
NICARAGUA,CARAZO,2010-06-13,nb,5,0.75,hostvector_tempmort,central,1.0,0.3,0.0,4.15646,0.073297,0.232518
NICARAGUA,CARAZO,2010-06-13,nb,5,0.75,hostvector_tempmort,alt,1.0,0.3,0.0,4.810479,0.091271,0.260944
NICARAGUA,CARAZO,2010-06-13,nb,7,1.0,hostvector,central,1.0,0.3,0.0,1.203947,0.185765,0.050735
NICARAGUA,CARAZO,2010-06-13,nb,7,1.0,hostvector,alt,1.0,0.3,0.0,1.595135,0.242435,0.07217
NICARAGUA,CARAZO,2010-06-13,nb,7,1.0,seir,central,1.0,0.3,0.0,,0.142748,
NICARAGUA,CARAZO,2010-06-13,nb,7,1.0,seir,alt,1.0,0.3,0.0,0.174266,0.146857,0.04238
NICARAGUA,CARAZO,2010-06-13,nb,7,1.0,hostvector_tempmort,central,1.0,0.3,0.0,0.016679,0.183067,0.048806
NICARAGUA,CARAZO,2010-06-13,nb,7,1.0,hostvector_tempmort,alt,1.0,0.3,1e-06,1.573806,0.239383,0.070717
NICARAGUA,CARAZO,2010-06-13,nb,7,0.75,hostvector,central,1.0,0.3,0.0,3.151549,0.141872,0.163941
NICARAGUA,CARAZO,2010-06-13,nb,7,0.75,hostvector,alt,1.0,0.3,0.0,4.108875,0.17654,0.192668
NICARAGUA,CARAZO,2010-06-13,nb,7,0.75,seir,central,1.0,0.3,0.0,0.02991,0.051924,0.09925
NICARAGUA,CARAZO,2010-06-13,nb,7,0.75,seir,alt,1.0,0.3,0.0,0.003587,0.054501,0.099728
NICARAGUA,CARAZO,2010-06-13,nb,7,0.75,hostvector_tempmort,central,1.0,0.3,0.0,3.427451,0.143544,0.17464
NICARAGUA,CARAZO,2010-06-13,nb,7,0.75,hostvector_tempmort,alt,1.0,0.3,0.0,3.623127,0.177653,0.17247
NICARAGUA,CARAZO,2010-06-13,poisson,3,1.0,hostvector,central,1.0,0.3,0.0,1.990321,0.073367,0.101946
NICARAGUA,CARAZO,2010-06-13,poisson,3,1.0,hostvector,alt,1.0,0.3,0.0,2.351585,0.096259,0.121477
NICARAGUA,CARAZO,2010-06-13,poisson,3,1.0,seir,central,1.0,0.3,0.0,2.048349,0.052606,0.111527
NICARAGUA,CARAZO,2010-06-13,poisson,3,1.0,seir,alt,1.0,0.3,0.0,0.015097,0.054572,0.074213
NICARAGUA,CARAZO,2010-06-13,poisson,3,1.0,hostvector_tempmort,central,1.0,0.3,0.0,2.067058,0.075016,0.104127
NICARAGUA,CARAZO,2010-06-13,poisson,3,1.0,hostvector_tempmort,alt,1.0,0.3,0.0,0.055769,0.097736,0.101814
NICARAGUA,CARAZO,2010-06-13,poisson,3,0.75,hostvector,central,1.0,0.3,0.0,4.119482,0.047035,0.25139
NICARAGUA,CARAZO,2010-06-13,poisson,3,0.75,hostvector,alt,1.0,0.3,0.0,0.245163,0.060659,0.169004
NICARAGUA,CARAZO,2010-06-13,poisson,3,0.75,seir,central,1.0,0.3,0.0,4.442591,0.026675,0.256299
NICARAGUA,CARAZO,2010-06-13,poisson,3,0.75,seir,alt,1.0,0.3,0.0,4.827579,0.026526,0.272872
NICARAGUA,CARAZO,2010-06-13,poisson,3,0.75,hostvector_tempmort,central,1.0,0.3,0.0,4.179005,0.050269,0.235277
NICARAGUA,CARAZO,2010-06-13,poisson,3,0.75,hostvector_tempmort,alt,1.0,0.3,0.0,4.37627,0.063354,0.229778
NICARAGUA,CARAZO,2010-06-13,poisson,5,1.0,hostvector,central,1.0,0.3,0.0,1.717891,0.04702,0.084654
NICARAGUA,CARAZO,2010-06-13,poisson,5,1.0,hostvector,alt,1.0,0.3,0.0,,0.059905,
NICARAGUA,CARAZO,2010-06-13,poisson,5,1.0,seir,central,1.0,0.3,0.0,0.122185,0.037096,0.070778
NICARAGUA,CARAZO,2010-06-13,poisson,5,1.0,seir,alt,1.0,0.3,0.0,,0.041738,
NICARAGUA,CARAZO,2010-06-13,poisson,5,1.0,hostvector_tempmort,central,1.0,0.3,0.0,0.058132,0.048269,0.079239
NICARAGUA,CARAZO,2010-06-13,poisson,5,1.0,hostvector_tempmort,alt,1.0,0.3,0.0,0.284764,0.061312,0.098988
NICARAGUA,CARAZO,2010-06-13,poisson,5,0.75,hostvector,central,1.0,0.3,0.0,3.953948,-0.027366,0.236997
NICARAGUA,CARAZO,2010-06-13,poisson,5,0.75,hostvector,alt,1.0,0.3,0.0,4.881773,-0.030669,0.261129
NICARAGUA,CARAZO,2010-06-13,poisson,5,0.75,seir,central,1.0,0.3,0.0,4.063571,-0.038538,0.286874
NICARAGUA,CARAZO,2010-06-13,poisson,5,0.75,seir,alt,1.0,0.3,0.0,4.477549,-0.034641,0.315469
NICARAGUA,CARAZO,2010-06-13,poisson,5,0.75,hostvector_tempmort,central,1.0,0.3,0.0,3.833755,-0.022899,0.24264
NICARAGUA,CARAZO,2010-06-13,poisson,5,0.75,hostvector_tempmort,alt,1.0,0.3,0.0,4.459431,-0.026368,0.25763
NICARAGUA,CARAZO,2010-06-13,poisson,7,1.0,hostvector,central,1.0,0.3,0.0,,0.099465,
NICARAGUA,CARAZO,2010-06-13,poisson,7,1.0,hostvector,alt,1.0,0.3,0.0,1.444187,0.128323,0.108271
NICARAGUA,CARAZO,2010-06-13,poisson,7,1.0,seir,central,1.0,0.3,0.0,,0.083983,
NICARAGUA,CARAZO,2010-06-13,poisson,7,1.0,seir,alt,1.0,0.3,0.0,1.761078,0.09198,0.102638
NICARAGUA,CARAZO,2010-06-13,poisson,7,1.0,hostvector_tempmort,central,1.0,0.3,0.0,1.568323,0.100302,0.087973
NICARAGUA,CARAZO,2010-06-13,poisson,7,1.0,hostvector_tempmort,alt,1.0,0.3,0.0,2.366472,0.129237,0.10891
NICARAGUA,CARAZO,2010-06-13,poisson,7,0.75,hostvector,central,1.0,0.3,0.0,,0.141748,
NICARAGUA,CARAZO,2010-06-13,poisson,7,0.75,hostvector,alt,1.0,0.3,0.0,3.441177,0.170895,0.255584
NICARAGUA,CARAZO,2010-06-13,poisson,7,0.75,seir,central,1.0,0.3,0.0,2.381056,0.122954,0.232963
NICARAGUA,CARAZO,2010-06-13,poisson,7,0.75,seir,alt,1.0,0.3,0.0,0.065703,0.141157,0.201764
NICARAGUA,CARAZO,2010-06-13,poisson,7,0.75,hostvector_tempmort,central,1.0,0.3,0.0,0.965545,0.145397,0.197688
NICARAGUA,CARAZO,2010-06-13,poisson,7,0.75,hostvector_tempmort,alt,1.0,0.3,0.0,3.675146,0.174228,0.268556
NICARAGUA,NUEVA SEGOVIA,2010-03-07,nb,3,1.0,hostvector,central,1.0,0.3,0.098263,0.327757,0.112067,0.037054
NICARAGUA,NUEVA SEGOVIA,2010-03-07,nb,3,1.0,hostvector,alt,1.0,0.3,0.187648,0.421133,0.140467,0.048626
NICARAGUA,NUEVA SEGOVIA,2010-03-07,nb,3,1.0,seir,central,1.0,0.3,0.088343,0.315369,0.100083,0.035495
NICARAGUA,NUEVA SEGOVIA,2010-03-07,nb,3,1.0,seir,alt,1.0,0.3,0.105158,0.323202,0.101833,0.036493
NICARAGUA,NUEVA SEGOVIA,2010-03-07,nb,3,1.0,hostvector_tempmort,central,1.0,0.3,0.0,,0.089733,
NICARAGUA,NUEVA SEGOVIA,2010-03-07,nb,3,1.0,hostvector_tempmort,alt,1.0,0.3,0.000552,0.394462,0.111475,0.044788
NICARAGUA,NUEVA SEGOVIA,2010-03-07,nb,3,0.75,hostvector,central,1.0,0.3,1.455499,1.65936,0.314636,0.250455
NICARAGUA,NUEVA SEGOVIA,2010-03-07,nb,3,0.75,hostvector,alt,1.0,0.3,1.663591,1.925889,0.360909,0.290328
NICARAGUA,NUEVA SEGOVIA,2010-03-07,nb,3,0.75,seir,central,1.0,0.3,2.006282,1.873251,0.385176,0.281188
NICARAGUA,NUEVA SEGOVIA,2010-03-07,nb,3,0.75,seir,alt,1.0,0.3,2.085913,1.945929,0.396548,0.292558
NICARAGUA,NUEVA SEGOVIA,2010-03-07,nb,3,0.75,hostvector_tempmort,central,1.0,0.3,1.428408,1.649082,0.310182,0.248735
NICARAGUA,NUEVA SEGOVIA,2010-03-07,nb,3,0.75,hostvector_tempmort,alt,1.0,0.3,1.63986,1.914555,0.356815,0.288446
NICARAGUA,NUEVA SEGOVIA,2010-03-07,nb,5,1.0,hostvector,central,1.0,0.3,0.072547,0.334551,0.095962,0.036621
NICARAGUA,NUEVA SEGOVIA,2010-03-07,nb,5,1.0,hostvector,alt,1.0,0.3,0.103004,0.42611,0.114004,0.046371
NICARAGUA,NUEVA SEGOVIA,2010-03-07,nb,5,1.0,seir,central,1.0,0.3,0.089288,0.319518,0.090262,0.036319
NICARAGUA,NUEVA SEGOVIA,2010-03-07,nb,5,1.0,seir,alt,1.0,0.3,0.097982,0.32675,0.091651,0.037246
NICARAGUA,NUEVA SEGOVIA,2010-03-07,nb,5,1.0,hostvector_tempmort,central,1.0,0.3,0.0,0.321792,0.077186,0.035401
NICARAGUA,NUEVA SEGOVIA,2010-03-07,nb,5,1.0,hostvector_tempmort,alt,1.0,0.3,0.0,,0.093525,
NICARAGUA,NUEVA SEGOVIA,2010-03-07,nb,5,0.75,hostvector,central,1.0,0.3,0.0,0.084281,0.064324,0.052389
NICARAGUA,NUEVA SEGOVIA,2010-03-07,nb,5,0.75,hostvector,alt,1.0,0.3,0.0,,0.073831,
NICARAGUA,NUEVA SEGOVIA,2010-03-07,nb,5,0.75,seir,central,1.0,0.3,0.0,0.004881,0.056735,0.062156
NICARAGUA,NUEVA SEGOVIA,2010-03-07,nb,5,0.75,seir,alt,1.0,0.3,0.0,0.432455,0.05557,0.081786
NICARAGUA,NUEVA SEGOVIA,2010-03-07,nb,5,0.75,hostvector_tempmort,central,1.0,0.3,0.0,0.009308,0.06387,0.052452
NICARAGUA,NUEVA SEGOVIA,2010-03-07,nb,5,0.75,hostvector_tempmort,alt,1.0,0.3,0.0,1.114331,0.073371,0.157379
NICARAGUA,NUEVA SEGOVIA,2010-03-07,nb,7,1.0,hostvector,central,1.0,0.3,0.000265,0.332086,0.08617,0.036069
NICARAGUA,NUEVA SEGOVIA,2010-03-07,nb,7,1.0,hostvector,alt,1.0,0.3,0.0,0.417507,0.098903,0.044387
NICARAGUA,NUEVA SEGOVIA,2010-03-07,nb,7,1.0,seir,central,1.0,0.3,0.048017,0.317008,0.086883,0.037216
NICARAGUA,NUEVA SEGOVIA,2010-03-07,nb,7,1.0,seir,alt,1.0,0.3,0.051698,0.321818,0.088844,0.037865
NICARAGUA,NUEVA SEGOVIA,2010-03-07,nb,7,1.0,hostvector_tempmort,central,1.0,0.3,0.0,0.314887,0.071763,0.036005
NICARAGUA,NUEVA SEGOVIA,2010-03-07,nb,7,1.0,hostvector_tempmort,alt,1.0,0.3,0.0,0.404198,0.085757,0.043655
NICARAGUA,NUEVA SEGOVIA,2010-03-07,nb,7,0.75,hostvector,central,1.0,0.3,0.0,0.076377,0.039897,0.061382
NICARAGUA,NUEVA SEGOVIA,2010-03-07,nb,7,0.75,hostvector,alt,1.0,0.3,0.0,0.257811,0.046517,0.06726
NICARAGUA,NUEVA SEGOVIA,2010-03-07,nb,7,0.75,seir,central,1.0,0.3,0.0,,0.033674,
NICARAGUA,NUEVA SEGOVIA,2010-03-07,nb,7,0.75,seir,alt,1.0,0.3,0.0,0.070306,0.03468,0.070829
NICARAGUA,NUEVA SEGOVIA,2010-03-07,nb,7,0.75,hostvector_tempmort,central,1.0,0.3,0.0,0.620866,0.039263,0.089638
NICARAGUA,NUEVA SEGOVIA,2010-03-07,nb,7,0.75,hostvector_tempmort,alt,1.0,0.3,0.0,0.755933,0.046032,0.114578
NICARAGUA,NUEVA SEGOVIA,2010-03-07,poisson,3,1.0,hostvector,central,1.0,0.3,0.405424,0.431686,0.144057,0.058513
NICARAGUA,NUEVA SEGOVIA,2010-03-07,poisson,3,1.0,hostvector,alt,1.0,0.3,0.625979,0.565584,0.189756,0.077063
NICARAGUA,NUEVA SEGOVIA,2010-03-07,poisson,3,1.0,seir,central,1.0,0.3,0.315181,0.401154,0.124918,0.054615
NICARAGUA,NUEVA SEGOVIA,2010-03-07,poisson,3,1.0,seir,alt,1.0,0.3,0.340498,0.4171,0.127726,0.05681
NICARAGUA,NUEVA SEGOVIA,2010-03-07,poisson,3,1.0,hostvector_tempmort,central,1.0,0.3,0.216265,0.408566,0.116018,0.05513
NICARAGUA,NUEVA SEGOVIA,2010-03-07,poisson,3,1.0,hostvector_tempmort,alt,1.0,0.3,0.402807,0.53355,0.156307,0.072237
NICARAGUA,NUEVA SEGOVIA,2010-03-07,poisson,3,0.75,hostvector,central,1.0,0.3,2.626791,1.359981,0.483683,0.201549
NICARAGUA,NUEVA SEGOVIA,2010-03-07,poisson,3,0.75,hostvector,alt,1.0,0.3,3.128195,1.606848,0.571604,0.236944
NICARAGUA,NUEVA SEGOVIA,2010-03-07,poisson,3,0.75,seir,central,1.0,0.3,2.74546,1.466683,0.494803,0.218044
NICARAGUA,NUEVA SEGOVIA,2010-03-07,poisson,3,0.75,seir,alt,1.0,0.3,2.756852,1.527995,0.495364,0.227643
NICARAGUA,NUEVA SEGOVIA,2010-03-07,poisson,3,0.75,hostvector_tempmort,central,1.0,0.3,2.537464,1.350063,0.471063,0.200026
NICARAGUA,NUEVA SEGOVIA,2010-03-07,poisson,3,0.75,hostvector_tempmort,alt,1.0,0.3,3.042563,1.595336,0.55938,0.235227
NICARAGUA,NUEVA SEGOVIA,2010-03-07,poisson,5,1.0,hostvector,central,1.0,0.3,0.262085,0.415643,0.084319,0.051001
NICARAGUA,NUEVA SEGOVIA,2010-03-07,poisson,5,1.0,hostvector,alt,1.0,0.3,0.331078,0.523065,0.101856,0.062461
NICARAGUA,NUEVA SEGOVIA,2010-03-07,poisson,5,1.0,seir,central,1.0,0.3,0.236166,0.393895,0.076542,0.050876
NICARAGUA,NUEVA SEGOVIA,2010-03-07,poisson,5,1.0,seir,alt,1.0,0.3,0.235159,0.403097,0.076453,0.051861
NICARAGUA,NUEVA SEGOVIA,2010-03-07,poisson,5,1.0,hostvector_tempmort,central,1.0,0.3,0.10744,0.396855,0.064784,0.048985
NICARAGUA,NUEVA SEGOVIA,2010-03-07,poisson,5,1.0,hostvector_tempmort,alt,1.0,0.3,0.170352,0.499139,0.081193,0.059816
NICARAGUA,NUEVA SEGOVIA,2010-03-07,poisson,5,0.75,hostvector,central,1.0,0.3,0.0,0.932024,0.038886,0.117065
NICARAGUA,NUEVA SEGOVIA,2010-03-07,poisson,5,0.75,hostvector,alt,1.0,0.3,0.0,1.100492,0.044369,0.137788
NICARAGUA,NUEVA SEGOVIA,2010-03-07,poisson,5,0.75,seir,central,1.0,0.3,0.0,0.967956,0.032673,0.124108
NICARAGUA,NUEVA SEGOVIA,2010-03-07,poisson,5,0.75,seir,alt,1.0,0.3,0.0,1.011967,0.030014,0.130507
NICARAGUA,NUEVA SEGOVIA,2010-03-07,poisson,5,0.75,hostvector_tempmort,central,1.0,0.3,0.0,0.892951,0.038785,0.113783
NICARAGUA,NUEVA SEGOVIA,2010-03-07,poisson,5,0.75,hostvector_tempmort,alt,1.0,0.3,0.0,1.088051,0.044279,0.136499
NICARAGUA,NUEVA SEGOVIA,2010-03-07,poisson,7,1.0,hostvector,central,1.0,0.3,0.160095,0.401698,0.052178,0.046365
NICARAGUA,NUEVA SEGOVIA,2010-03-07,poisson,7,1.0,hostvector,alt,1.0,0.3,0.161902,0.496767,0.06097,0.054546
NICARAGUA,NUEVA SEGOVIA,2010-03-07,poisson,7,1.0,seir,central,1.0,0.3,0.173504,0.383614,0.051907,0.048363
NICARAGUA,NUEVA SEGOVIA,2010-03-07,poisson,7,1.0,seir,alt,1.0,0.3,0.169203,0.388404,0.055063,0.048677
NICARAGUA,NUEVA SEGOVIA,2010-03-07,poisson,7,1.0,hostvector_tempmort,central,1.0,0.3,0.029136,0.384029,0.037176,0.044935
NICARAGUA,NUEVA SEGOVIA,2010-03-07,poisson,7,1.0,hostvector_tempmort,alt,1.0,0.3,0.036784,0.474646,0.045993,0.052746
NICARAGUA,NUEVA SEGOVIA,2010-03-07,poisson,7,0.75,hostvector,central,1.0,0.3,0.0,0.765642,-0.003506,0.093237
NICARAGUA,NUEVA SEGOVIA,2010-03-07,poisson,7,0.75,hostvector,alt,1.0,0.3,0.0,,-0.002755,
NICARAGUA,NUEVA SEGOVIA,2010-03-07,poisson,7,0.75,seir,central,1.0,0.3,0.0,0.790401,-0.006605,0.100569
NICARAGUA,NUEVA SEGOVIA,2010-03-07,poisson,7,0.75,seir,alt,1.0,0.3,0.0,0.797852,-0.004263,0.103471
NICARAGUA,NUEVA SEGOVIA,2010-03-07,poisson,7,0.75,hostvector_tempmort,central,1.0,0.3,0.0,0.76691,-0.003754,0.093837
NICARAGUA,NUEVA SEGOVIA,2010-03-07,poisson,7,0.75,hostvector_tempmort,alt,1.0,0.3,0.0,0.853997,-0.002766,0.106082
MEXICO,MEXICO,2014-03-23,nb,3,1.0,hostvector,central,1.0,0.3,0.060121,0.056202,0.319675,0.033261
MEXICO,MEXICO,2014-03-23,nb,3,1.0,hostvector,alt,1.0,0.3,0.160163,0.08862,0.385212,0.039842
MEXICO,MEXICO,2014-03-23,nb,3,1.0,seir,central,1.0,0.3,0.002729,0.040958,0.480073,0.051653
MEXICO,MEXICO,2014-03-23,nb,3,1.0,seir,alt,1.0,0.3,0.0,0.033978,0.521643,0.051061
MEXICO,MEXICO,2014-03-23,nb,3,1.0,hostvector_tempmort,central,1.0,0.3,0.0,,0.245862,
MEXICO,MEXICO,2014-03-23,nb,3,1.0,hostvector_tempmort,alt,1.0,0.3,0.0,0.000105,0.269123,0.049063
MEXICO,MEXICO,2014-03-23,nb,3,0.75,hostvector,central,1.0,0.3,0.05222,0.066097,0.31759,0.039541
MEXICO,MEXICO,2014-03-23,nb,3,0.75,hostvector,alt,1.0,0.3,0.143245,0.102649,0.380339,0.047013
MEXICO,MEXICO,2014-03-23,nb,3,0.75,seir,central,1.0,0.3,0.0,9.2e-05,0.478118,0.060734
MEXICO,MEXICO,2014-03-23,nb,3,0.75,seir,alt,1.0,0.3,0.0,0.053778,0.51835,0.062242
MEXICO,MEXICO,2014-03-23,nb,3,0.75,hostvector_tempmort,central,1.0,0.3,0.0,0.045394,0.245026,0.059166
MEXICO,MEXICO,2014-03-23,nb,3,0.75,hostvector_tempmort,alt,1.0,0.3,0.0,7e-06,0.268312,0.058773
MEXICO,MEXICO,2014-03-23,nb,5,1.0,hostvector,central,1.0,0.3,0.020539,0.049426,0.435698,0.029624
MEXICO,MEXICO,2014-03-23,nb,5,1.0,hostvector,alt,1.0,0.3,0.100878,0.069412,0.47688,0.034644
MEXICO,MEXICO,2014-03-23,nb,5,1.0,seir,central,1.0,0.3,0.104737,0.085256,-0.015813,0.195102
MEXICO,MEXICO,2014-03-23,nb,5,1.0,seir,alt,1.0,0.3,0.110758,0.107684,-0.030482,0.194877
MEXICO,MEXICO,2014-03-23,nb,5,1.0,hostvector_tempmort,central,1.0,0.3,0.000668,0.038524,-0.022277,0.133609
MEXICO,MEXICO,2014-03-23,nb,5,1.0,hostvector_tempmort,alt,1.0,0.3,0.013896,0.056976,-0.055335,0.154901
MEXICO,MEXICO,2014-03-23,nb,5,0.75,hostvector,central,1.0,0.3,0.175522,0.132538,-0.158194,0.24464
MEXICO,MEXICO,2014-03-23,nb,5,0.75,hostvector,alt,1.0,0.3,0.082707,0.081277,0.470482,0.041191
MEXICO,MEXICO,2014-03-23,nb,5,0.75,seir,central,1.0,0.3,0.099577,0.102505,-0.017482,0.233673
MEXICO,MEXICO,2014-03-23,nb,5,0.75,seir,alt,1.0,0.3,0.103191,0.126908,-0.033645,0.23314
MEXICO,MEXICO,2014-03-23,nb,5,0.75,hostvector_tempmort,central,1.0,0.3,0.002756,0.04897,-0.02092,0.15934
MEXICO,MEXICO,2014-03-23,nb,5,0.75,hostvector_tempmort,alt,1.0,0.3,0.009503,0.066635,-0.058046,0.18506
MEXICO,MEXICO,2014-03-23,nb,7,1.0,hostvector,central,1.0,0.3,0.104948,0.077672,-0.293171,0.146193
MEXICO,MEXICO,2014-03-23,nb,7,1.0,hostvector,alt,1.0,0.3,0.010392,0.062615,0.621713,0.034508
MEXICO,MEXICO,2014-03-23,nb,7,1.0,seir,central,1.0,0.3,0.061486,0.067958,-0.13148,0.139789
MEXICO,MEXICO,2014-03-23,nb,7,1.0,seir,alt,1.0,0.3,0.061283,0.078013,-0.142231,0.142474
MEXICO,MEXICO,2014-03-23,nb,7,1.0,hostvector_tempmort,central,1.0,0.3,0.0,0.039505,-0.06989,0.08989
MEXICO,MEXICO,2014-03-23,nb,7,1.0,hostvector_tempmort,alt,1.0,0.3,0.0,,-0.11227,
MEXICO,MEXICO,2014-03-23,nb,7,0.75,hostvector,central,1.0,0.3,0.095221,0.091467,-0.298606,0.174922
MEXICO,MEXICO,2014-03-23,nb,7,0.75,hostvector,alt,1.0,0.3,5.8e-05,0.075141,0.615651,0.041443
MEXICO,MEXICO,2014-03-23,nb,7,0.75,seir,central,1.0,0.3,0.052882,0.081576,-0.136202,0.166997
MEXICO,MEXICO,2014-03-23,nb,7,0.75,seir,alt,1.0,0.3,0.051164,0.092797,-0.147683,0.169614
MEXICO,MEXICO,2014-03-23,nb,7,0.75,hostvector_tempmort,central,1.0,0.3,1e-05,0.05031,-0.069325,0.107694
MEXICO,MEXICO,2014-03-23,nb,7,0.75,hostvector_tempmort,alt,1.0,0.3,0.0,,-0.111491,
MEXICO,MEXICO,2014-03-23,poisson,3,1.0,hostvector,central,1.0,0.3,0.468117,0.380472,0.522809,0.189842
MEXICO,MEXICO,2014-03-23,poisson,3,1.0,hostvector,alt,1.0,0.3,0.686933,0.481697,0.597828,0.214653
MEXICO,MEXICO,2014-03-23,poisson,3,1.0,seir,central,1.0,0.3,0.428698,0.411547,0.928202,0.246352
MEXICO,MEXICO,2014-03-23,poisson,3,1.0,seir,alt,1.0,0.3,0.577333,0.459036,1.034975,0.250208
MEXICO,MEXICO,2014-03-23,poisson,3,1.0,hostvector_tempmort,central,1.0,0.3,0.147471,0.292471,0.495047,0.169363
MEXICO,MEXICO,2014-03-23,poisson,3,1.0,hostvector_tempmort,alt,1.0,0.3,0.29039,0.368467,0.564298,0.194797
MEXICO,MEXICO,2014-03-23,poisson,3,0.75,hostvector,central,1.0,0.3,0.468059,0.452384,0.52278,0.22573
MEXICO,MEXICO,2014-03-23,poisson,3,0.75,hostvector,alt,1.0,0.3,0.686909,0.572749,0.597818,0.25523
MEXICO,MEXICO,2014-03-23,poisson,3,0.75,seir,central,1.0,0.3,0.429097,0.489384,0.9284,0.292889
MEXICO,MEXICO,2014-03-23,poisson,3,0.75,seir,alt,1.0,0.3,0.57726,0.545795,1.034912,0.297512
MEXICO,MEXICO,2014-03-23,poisson,3,0.75,hostvector_tempmort,central,1.0,0.3,0.147326,0.347731,0.494945,0.20139
MEXICO,MEXICO,2014-03-23,poisson,3,0.75,hostvector_tempmort,alt,1.0,0.3,0.290394,0.438118,0.564294,0.23162
MEXICO,MEXICO,2014-03-23,poisson,5,1.0,hostvector,central,1.0,0.3,0.743959,0.595016,1.053504,0.408432
MEXICO,MEXICO,2014-03-23,poisson,5,1.0,hostvector,alt,1.0,0.3,1.108837,0.537656,1.283834,0.361117
MEXICO,MEXICO,2014-03-23,poisson,5,1.0,seir,central,1.0,0.3,0.966086,0.798635,1.980724,0.624177
MEXICO,MEXICO,2014-03-23,poisson,5,1.0,seir,alt,1.0,0.3,0.0,0.014845,0.256983,0.260215
MEXICO,MEXICO,2014-03-23,poisson,5,1.0,hostvector_tempmort,central,1.0,0.3,0.52435,0.548138,1.108185,0.41349
MEXICO,MEXICO,2014-03-23,poisson,5,1.0,hostvector_tempmort,alt,1.0,0.3,0.802755,0.437983,1.311263,0.323033
MEXICO,MEXICO,2014-03-23,poisson,5,0.75,hostvector,central,1.0,0.3,0.744565,0.707865,1.05394,0.485898
MEXICO,MEXICO,2014-03-23,poisson,5,0.75,hostvector,alt,1.0,0.3,1.108974,0.639309,1.28392,0.429385
MEXICO,MEXICO,2014-03-23,poisson,5,0.75,seir,central,1.0,0.3,0.962683,0.948499,1.978483,0.74157
MEXICO,MEXICO,2014-03-23,poisson,5,0.75,seir,alt,1.0,0.3,1.229982,0.617529,2.22686,0.470405
MEXICO,MEXICO,2014-03-23,poisson,5,0.75,hostvector_tempmort,central,1.0,0.3,0.525333,0.65231,1.108985,0.492081
MEXICO,MEXICO,2014-03-23,poisson,5,0.75,hostvector_tempmort,alt,1.0,0.3,0.801988,0.520666,1.310734,0.384062
MEXICO,MEXICO,2014-03-23,poisson,7,1.0,hostvector,central,1.0,0.3,0.006808,0.215726,-0.034446,0.267044
MEXICO,MEXICO,2014-03-23,poisson,7,1.0,hostvector,alt,1.0,0.3,0.052762,0.388622,-0.080545,0.356808
MEXICO,MEXICO,2014-03-23,poisson,7,1.0,seir,central,1.0,0.3,1.039058,1.339983,3.732886,2.05796
MEXICO,MEXICO,2014-03-23,poisson,7,1.0,seir,alt,1.0,0.3,0.0,0.190176,0.141298,0.229835
MEXICO,MEXICO,2014-03-23,poisson,7,1.0,hostvector_tempmort,central,1.0,0.3,0.418896,0.743573,1.765662,0.421808
MEXICO,MEXICO,2014-03-23,poisson,7,1.0,hostvector_tempmort,alt,1.0,0.3,0.0,,0.102372,
MEXICO,MEXICO,2014-03-23,poisson,7,0.75,hostvector,central,1.0,0.3,0.0,0.042638,-0.036593,0.316586
MEXICO,MEXICO,2014-03-23,poisson,7,0.75,hostvector,alt,1.0,0.3,0.045412,0.482912,-0.083384,0.426372
MEXICO,MEXICO,2014-03-23,poisson,7,0.75,seir,central,1.0,0.3,0.0,0.298738,0.147059,0.267439
MEXICO,MEXICO,2014-03-23,poisson,7,0.75,seir,alt,1.0,0.3,0.963955,0.479535,3.706866,0.655053
MEXICO,MEXICO,2014-03-23,poisson,7,0.75,hostvector_tempmort,central,1.0,0.3,0.417741,0.890347,1.765725,0.505207
MEXICO,MEXICO,2014-03-23,poisson,7,0.75,hostvector_tempmort,alt,1.0,0.3,0.0,0.427138,0.102459,0.222886
NICARAGUA,MATAGALPA,2009-05-03,nb,3,1.0,hostvector,central,1.0,0.3,2.521711,1.955304,0.29844,0.085892
NICARAGUA,MATAGALPA,2009-05-03,nb,3,1.0,hostvector,alt,1.0,0.3,4.813117,2.621646,0.373673,0.093131
NICARAGUA,MATAGALPA,2009-05-03,nb,3,1.0,seir,central,1.0,0.3,0.946184,2.013897,0.258874,0.102501
NICARAGUA,MATAGALPA,2009-05-03,nb,3,1.0,seir,alt,1.0,0.3,0.717296,2.0549,0.248144,0.102937
NICARAGUA,MATAGALPA,2009-05-03,nb,3,1.0,hostvector_tempmort,central,1.0,0.3,2.313915,1.936725,0.294894,0.086562
NICARAGUA,MATAGALPA,2009-05-03,nb,3,1.0,hostvector_tempmort,alt,1.0,0.3,4.561063,2.608087,0.368941,0.093665
NICARAGUA,MATAGALPA,2009-05-03,nb,3,0.75,hostvector,central,1.0,0.3,2.418884,2.356515,0.307655,0.083947
NICARAGUA,MATAGALPA,2009-05-03,nb,3,0.75,hostvector,alt,1.0,0.3,3.293578,2.950783,0.356975,0.095785
NICARAGUA,MATAGALPA,2009-05-03,nb,3,0.75,seir,central,1.0,0.3,2.264587,2.575109,0.298883,0.0998
NICARAGUA,MATAGALPA,2009-05-03,nb,3,0.75,seir,alt,1.0,0.3,2.44331,2.725666,0.298144,0.102706
NICARAGUA,MATAGALPA,2009-05-03,nb,3,0.75,hostvector_tempmort,central,1.0,0.3,2.297908,2.3372,0.305925,0.083771
NICARAGUA,MATAGALPA,2009-05-03,nb,3,0.75,hostvector_tempmort,alt,1.0,0.3,3.180976,2.931513,0.355344,0.095508
NICARAGUA,MATAGALPA,2009-05-03,nb,5,1.0,hostvector,central,1.0,0.3,1e-06,1.914914,0.100885,0.078996
NICARAGUA,MATAGALPA,2009-05-03,nb,5,1.0,hostvector,alt,1.0,0.3,0.0,0.031297,0.12238,0.083424
NICARAGUA,MATAGALPA,2009-05-03,nb,5,1.0,seir,central,1.0,0.3,0.0,,0.045371,
NICARAGUA,MATAGALPA,2009-05-03,nb,5,1.0,seir,alt,1.0,0.3,3e-06,2.021516,0.036362,0.078405
NICARAGUA,MATAGALPA,2009-05-03,nb,5,1.0,hostvector_tempmort,central,1.0,0.3,0.0,1.931768,0.10038,0.079828
NICARAGUA,MATAGALPA,2009-05-03,nb,5,1.0,hostvector_tempmort,alt,1.0,0.3,0.0,0.008685,0.121779,0.084192
NICARAGUA,MATAGALPA,2009-05-03,nb,5,0.75,hostvector,central,1.0,0.3,1e-06,2.451074,0.111923,0.077845
NICARAGUA,MATAGALPA,2009-05-03,nb,5,0.75,hostvector,alt,1.0,0.3,0.0,0.000737,0.132941,0.088934
NICARAGUA,MATAGALPA,2009-05-03,nb,5,0.75,seir,central,1.0,0.3,0.0,0.00811,0.065728,0.080207
NICARAGUA,MATAGALPA,2009-05-03,nb,5,0.75,seir,alt,1.0,0.3,0.0,0.132845,0.058126,0.074245
NICARAGUA,MATAGALPA,2009-05-03,nb,5,0.75,hostvector_tempmort,central,1.0,0.3,0.0,2.639931,0.111553,0.07682
NICARAGUA,MATAGALPA,2009-05-03,nb,5,0.75,hostvector_tempmort,alt,1.0,0.3,0.0,,0.132522,
NICARAGUA,MATAGALPA,2009-05-03,nb,7,1.0,hostvector,central,1.0,0.3,0.0,1.750805,-0.030321,0.046655
NICARAGUA,MATAGALPA,2009-05-03,nb,7,1.0,hostvector,alt,1.0,0.3,0.0,,-0.027928,
NICARAGUA,MATAGALPA,2009-05-03,nb,7,1.0,seir,central,1.0,0.3,0.0,0.73669,-0.04525,0.041236
NICARAGUA,MATAGALPA,2009-05-03,nb,7,1.0,seir,alt,1.0,0.3,1e-06,1.693725,-0.042825,0.042175
NICARAGUA,MATAGALPA,2009-05-03,nb,7,1.0,hostvector_tempmort,central,1.0,0.3,0.0,0.327189,-0.031934,0.044949
NICARAGUA,MATAGALPA,2009-05-03,nb,7,1.0,hostvector_tempmort,alt,1.0,0.3,0.0,0.033354,-0.029504,0.052197
NICARAGUA,MATAGALPA,2009-05-03,nb,7,0.75,hostvector,central,1.0,0.3,0.0,2.15926,-0.020559,0.050952
NICARAGUA,MATAGALPA,2009-05-03,nb,7,0.75,hostvector,alt,1.0,0.3,0.0,,-0.020717,
NICARAGUA,MATAGALPA,2009-05-03,nb,7,0.75,seir,central,1.0,0.3,0.0,,-0.032349,
NICARAGUA,MATAGALPA,2009-05-03,nb,7,0.75,seir,alt,1.0,0.3,0.0,2.064877,-0.030177,0.047055
NICARAGUA,MATAGALPA,2009-05-03,nb,7,0.75,hostvector_tempmort,central,1.0,0.3,0.0,0.130507,-0.02143,0.051969
NICARAGUA,MATAGALPA,2009-05-03,nb,7,0.75,hostvector_tempmort,alt,1.0,0.3,0.0,0.002034,-0.021448,0.061066
NICARAGUA,MATAGALPA,2009-05-03,poisson,3,1.0,hostvector,central,1.0,0.3,14.091305,6.321158,0.592758,0.173956
NICARAGUA,MATAGALPA,2009-05-03,poisson,3,1.0,hostvector,alt,1.0,0.3,17.350569,6.726853,0.706686,0.188481
NICARAGUA,MATAGALPA,2009-05-03,poisson,3,1.0,seir,central,1.0,0.3,14.544159,9.334829,0.626886,0.268706
NICARAGUA,MATAGALPA,2009-05-03,poisson,3,1.0,seir,alt,1.0,0.3,15.86283,9.990899,0.640525,0.286281
NICARAGUA,MATAGALPA,2009-05-03,poisson,3,1.0,hostvector_tempmort,central,1.0,0.3,13.99675,6.395916,0.590559,0.17584
NICARAGUA,MATAGALPA,2009-05-03,poisson,3,1.0,hostvector_tempmort,alt,1.0,0.3,17.279609,6.753712,0.704304,0.189058
NICARAGUA,MATAGALPA,2009-05-03,poisson,3,0.75,hostvector,central,1.0,0.3,14.878393,6.918446,0.605645,0.189217
NICARAGUA,MATAGALPA,2009-05-03,poisson,3,0.75,hostvector,alt,1.0,0.3,17.641421,7.900776,0.713893,0.219176
NICARAGUA,MATAGALPA,2009-05-03,poisson,3,0.75,seir,central,1.0,0.3,16.45087,7.832773,0.652226,0.222011
NICARAGUA,MATAGALPA,2009-05-03,poisson,3,0.75,seir,alt,1.0,0.3,17.453103,8.198653,0.66304,0.232238
NICARAGUA,MATAGALPA,2009-05-03,poisson,3,0.75,hostvector_tempmort,central,1.0,0.3,14.815801,6.927572,0.603858,0.189341
NICARAGUA,MATAGALPA,2009-05-03,poisson,3,0.75,hostvector_tempmort,alt,1.0,0.3,17.58047,7.901531,0.711662,0.219106
NICARAGUA,MATAGALPA,2009-05-03,poisson,5,1.0,hostvector,central,1.0,0.3,0.0,1.174705,0.044348,0.091979
NICARAGUA,MATAGALPA,2009-05-03,poisson,5,1.0,hostvector,alt,1.0,0.3,0.0,0.080644,0.059983,0.102717
NICARAGUA,MATAGALPA,2009-05-03,poisson,5,1.0,seir,central,1.0,0.3,0.0,0.022041,-0.0221,0.101044
NICARAGUA,MATAGALPA,2009-05-03,poisson,5,1.0,seir,alt,1.0,0.3,0.0,1.670435,-0.036838,0.098912
NICARAGUA,MATAGALPA,2009-05-03,poisson,5,1.0,hostvector_tempmort,central,1.0,0.3,0.0,0.020824,0.044099,0.094734
NICARAGUA,MATAGALPA,2009-05-03,poisson,5,1.0,hostvector_tempmort,alt,1.0,0.3,0.0,6.057697,0.059552,0.106135
NICARAGUA,MATAGALPA,2009-05-03,poisson,5,0.75,hostvector,central,1.0,0.3,0.0,0.097859,0.043783,0.106861
NICARAGUA,MATAGALPA,2009-05-03,poisson,5,0.75,hostvector,alt,1.0,0.3,0.0,4.589239,0.059507,0.121493
NICARAGUA,MATAGALPA,2009-05-03,poisson,5,0.75,seir,central,1.0,0.3,0.0,2.815298,-0.022991,0.115293
NICARAGUA,MATAGALPA,2009-05-03,poisson,5,0.75,seir,alt,1.0,0.3,0.0,,-0.037459,
NICARAGUA,MATAGALPA,2009-05-03,poisson,5,0.75,hostvector_tempmort,central,1.0,0.3,0.0,6.506467,0.043507,0.109895
NICARAGUA,MATAGALPA,2009-05-03,poisson,5,0.75,hostvector_tempmort,alt,1.0,0.3,0.0,7.709591,0.059061,0.123734
NICARAGUA,MATAGALPA,2009-05-03,poisson,7,1.0,hostvector,central,1.0,0.3,0.0,5.449415,-0.209733,0.123233
NICARAGUA,MATAGALPA,2009-05-03,poisson,7,1.0,hostvector,alt,1.0,0.3,0.0,5.65555,-0.227323,0.128103
NICARAGUA,MATAGALPA,2009-05-03,poisson,7,1.0,seir,central,1.0,0.3,0.0,7.991252,-0.244381,0.178656
NICARAGUA,MATAGALPA,2009-05-03,poisson,7,1.0,seir,alt,1.0,0.3,0.0,8.300092,-0.238537,0.171499
NICARAGUA,MATAGALPA,2009-05-03,poisson,7,1.0,hostvector_tempmort,central,1.0,0.3,0.0,5.771253,-0.209379,0.123045
NICARAGUA,MATAGALPA,2009-05-03,poisson,7,1.0,hostvector_tempmort,alt,1.0,0.3,0.0,5.307411,-0.227039,0.12784
NICARAGUA,MATAGALPA,2009-05-03,poisson,7,0.75,hostvector,central,1.0,0.3,0.0,8.109308,-0.213094,0.154954
NICARAGUA,MATAGALPA,2009-05-03,poisson,7,0.75,hostvector,alt,1.0,0.3,0.0,8.519397,-0.23044,0.15815
NICARAGUA,MATAGALPA,2009-05-03,poisson,7,0.75,seir,central,1.0,0.3,1e-06,12.06772,-0.244101,0.215006
NICARAGUA,MATAGALPA,2009-05-03,poisson,7,0.75,seir,alt,1.0,0.3,1e-06,11.951533,-0.238028,0.204349
NICARAGUA,MATAGALPA,2009-05-03,poisson,7,0.75,hostvector_tempmort,central,1.0,0.3,0.0,8.074822,-0.212791,0.154837
NICARAGUA,MATAGALPA,2009-05-03,poisson,7,0.75,hostvector_tempmort,alt,1.0,0.3,0.0,8.625188,-0.230212,0.158225
NICARAGUA,JINOTEGA,2012-04-22,nb,3,1.0,hostvector,central,1.0,0.3,0.0,1.170859,0.108955,0.074872
NICARAGUA,JINOTEGA,2012-04-22,nb,3,1.0,hostvector,alt,1.0,0.3,0.068132,1.348795,0.132048,0.088763
NICARAGUA,JINOTEGA,2012-04-22,nb,3,1.0,seir,central,1.0,0.3,0.0,1.313143,0.11291,0.075822
NICARAGUA,JINOTEGA,2012-04-22,nb,3,1.0,seir,alt,1.0,0.3,0.0,0.015859,0.11733,0.05097
NICARAGUA,JINOTEGA,2012-04-22,nb,3,1.0,hostvector_tempmort,central,1.0,0.3,0.0,1.204561,0.111146,0.07554
NICARAGUA,JINOTEGA,2012-04-22,nb,3,1.0,hostvector_tempmort,alt,1.0,0.3,1e-06,1.361547,0.129605,0.088609
NICARAGUA,JINOTEGA,2012-04-22,nb,3,0.75,hostvector,central,1.0,0.3,0.000166,2.023171,0.191657,0.070146
NICARAGUA,JINOTEGA,2012-04-22,nb,3,0.75,hostvector,alt,1.0,0.3,0.21283,2.314269,0.224841,0.083021
NICARAGUA,JINOTEGA,2012-04-22,nb,3,0.75,seir,central,1.0,0.3,0.015547,2.062489,0.19263,0.074388
NICARAGUA,JINOTEGA,2012-04-22,nb,3,0.75,seir,alt,1.0,0.3,0.064994,2.057944,0.188569,0.076136
NICARAGUA,JINOTEGA,2012-04-22,nb,3,0.75,hostvector_tempmort,central,1.0,0.3,2e-06,2.027588,0.191895,0.070057
NICARAGUA,JINOTEGA,2012-04-22,nb,3,0.75,hostvector_tempmort,alt,1.0,0.3,0.160822,2.312059,0.224102,0.082629
NICARAGUA,JINOTEGA,2012-04-22,nb,5,1.0,hostvector,central,1.0,0.3,0.0,0.856217,0.115654,0.067781
NICARAGUA,JINOTEGA,2012-04-22,nb,5,1.0,hostvector,alt,1.0,0.3,0.0,0.966152,0.133264,0.073933
NICARAGUA,JINOTEGA,2012-04-22,nb,5,1.0,seir,central,1.0,0.3,0.0,,0.118099,
NICARAGUA,JINOTEGA,2012-04-22,nb,5,1.0,seir,alt,1.0,0.3,0.0,1.152822,0.117449,0.075229
NICARAGUA,JINOTEGA,2012-04-22,nb,5,1.0,hostvector_tempmort,central,1.0,0.3,0.0,0.460705,0.118772,0.0592
NICARAGUA,JINOTEGA,2012-04-22,nb,5,1.0,hostvector_tempmort,alt,1.0,0.3,0.0,0.592302,0.135893,0.067405
NICARAGUA,JINOTEGA,2012-04-22,nb,5,0.75,hostvector,central,1.0,0.3,0.0,2.116917,0.08808,0.066102
NICARAGUA,JINOTEGA,2012-04-22,nb,5,0.75,hostvector,alt,1.0,0.3,0.0,2.456015,0.103641,0.077032
NICARAGUA,JINOTEGA,2012-04-22,nb,5,0.75,seir,central,1.0,0.3,0.0,1.993056,0.073407,0.071578
NICARAGUA,JINOTEGA,2012-04-22,nb,5,0.75,seir,alt,1.0,0.3,0.0,2.06994,0.065839,0.073464
NICARAGUA,JINOTEGA,2012-04-22,nb,5,0.75,hostvector_tempmort,central,1.0,0.3,0.0,2.142701,0.088202,0.06627
NICARAGUA,JINOTEGA,2012-04-22,nb,5,0.75,hostvector_tempmort,alt,1.0,0.3,0.0,2.428941,0.103591,0.076781
NICARAGUA,JINOTEGA,2012-04-22,nb,7,1.0,hostvector,central,1.0,0.3,0.0,,0.025524,
NICARAGUA,JINOTEGA,2012-04-22,nb,7,1.0,hostvector,alt,1.0,0.3,0.0,0.978162,0.02229,0.081017
NICARAGUA,JINOTEGA,2012-04-22,nb,7,1.0,seir,central,1.0,0.3,0.0,0.341819,0.009028,0.073354
NICARAGUA,JINOTEGA,2012-04-22,nb,7,1.0,seir,alt,1.0,0.3,0.0,1.091389,-0.001756,0.07423
NICARAGUA,JINOTEGA,2012-04-22,nb,7,1.0,hostvector_tempmort,central,1.0,0.3,0.0,0.883572,0.028694,0.070482
NICARAGUA,JINOTEGA,2012-04-22,nb,7,1.0,hostvector_tempmort,alt,1.0,0.3,0.0,1.00698,0.025563,0.084866
NICARAGUA,JINOTEGA,2012-04-22,nb,7,0.75,hostvector,central,1.0,0.3,0.0,2.128852,-0.06608,0.071607
NICARAGUA,JINOTEGA,2012-04-22,nb,7,0.75,hostvector,alt,1.0,0.3,0.0,2.399889,-0.079552,0.082873
NICARAGUA,JINOTEGA,2012-04-22,nb,7,0.75,seir,central,1.0,0.3,0.0,0.028279,-0.092688,0.071984
NICARAGUA,JINOTEGA,2012-04-22,nb,7,0.75,seir,alt,1.0,0.3,0.0,2.01365,-0.105374,0.072692
NICARAGUA,JINOTEGA,2012-04-22,nb,7,0.75,hostvector_tempmort,central,1.0,0.3,0.0,2.149803,-0.065944,0.071579
NICARAGUA,JINOTEGA,2012-04-22,nb,7,0.75,hostvector_tempmort,alt,1.0,0.3,0.0,2.429684,-0.079442,0.08279
NICARAGUA,JINOTEGA,2012-04-22,poisson,3,1.0,hostvector,central,1.0,0.3,0.0,1.156098,0.091334,0.058772
NICARAGUA,JINOTEGA,2012-04-22,poisson,3,1.0,hostvector,alt,1.0,0.3,0.0,1.390289,0.106348,0.071425
NICARAGUA,JINOTEGA,2012-04-22,poisson,3,1.0,seir,central,1.0,0.3,0.0,0.039694,0.09965,0.04899
NICARAGUA,JINOTEGA,2012-04-22,poisson,3,1.0,seir,alt,1.0,0.3,0.0,0.074221,0.103751,0.049908
NICARAGUA,JINOTEGA,2012-04-22,poisson,3,1.0,hostvector_tempmort,central,1.0,0.3,0.0,1.181378,0.091623,0.058934
NICARAGUA,JINOTEGA,2012-04-22,poisson,3,1.0,hostvector_tempmort,alt,1.0,0.3,0.0,1.412136,0.106208,0.070589
NICARAGUA,JINOTEGA,2012-04-22,poisson,3,0.75,hostvector,central,1.0,0.3,0.0,1.869628,0.191517,0.064635
NICARAGUA,JINOTEGA,2012-04-22,poisson,3,0.75,hostvector,alt,1.0,0.3,0.0,2.083452,0.221959,0.075392
NICARAGUA,JINOTEGA,2012-04-22,poisson,3,0.75,seir,central,1.0,0.3,0.0,2.326527,0.192745,0.071423
NICARAGUA,JINOTEGA,2012-04-22,poisson,3,0.75,seir,alt,1.0,0.3,0.0,2.345133,0.188984,0.072103
NICARAGUA,JINOTEGA,2012-04-22,poisson,3,0.75,hostvector_tempmort,central,1.0,0.3,0.0,1.876236,0.191765,0.064558
NICARAGUA,JINOTEGA,2012-04-22,poisson,3,0.75,hostvector_tempmort,alt,1.0,0.3,0.0,2.092731,0.222084,0.07538
NICARAGUA,JINOTEGA,2012-04-22,poisson,5,1.0,hostvector,central,1.0,0.3,0.0,0.826092,0.099567,0.057311
NICARAGUA,JINOTEGA,2012-04-22,poisson,5,1.0,hostvector,alt,1.0,0.3,0.0,1.04418,0.114781,0.0673
NICARAGUA,JINOTEGA,2012-04-22,poisson,5,1.0,seir,central,1.0,0.3,0.0,0.005768,0.105053,0.055336
NICARAGUA,JINOTEGA,2012-04-22,poisson,5,1.0,seir,alt,1.0,0.3,0.0,0.239473,0.104665,0.056543
NICARAGUA,JINOTEGA,2012-04-22,poisson,5,1.0,hostvector_tempmort,central,1.0,0.3,0.0,1.014683,0.101093,0.059343
NICARAGUA,JINOTEGA,2012-04-22,poisson,5,1.0,hostvector_tempmort,alt,1.0,0.3,0.0,1.125196,0.115905,0.069321
NICARAGUA,JINOTEGA,2012-04-22,poisson,5,0.75,hostvector,central,1.0,0.3,0.0,0.384923,0.082937,0.063595
NICARAGUA,JINOTEGA,2012-04-22,poisson,5,0.75,hostvector,alt,1.0,0.3,0.0,0.016086,0.099784,0.082412
NICARAGUA,JINOTEGA,2012-04-22,poisson,5,0.75,seir,central,1.0,0.3,0.0,2.420245,0.072063,0.065722
NICARAGUA,JINOTEGA,2012-04-22,poisson,5,0.75,seir,alt,1.0,0.3,0.0,2.46113,0.066233,0.067017
NICARAGUA,JINOTEGA,2012-04-22,poisson,5,0.75,hostvector_tempmort,central,1.0,0.3,0.0,2.28997,0.082612,0.061829
NICARAGUA,JINOTEGA,2012-04-22,poisson,5,0.75,hostvector_tempmort,alt,1.0,0.3,0.0,2.590981,0.099294,0.072424
NICARAGUA,JINOTEGA,2012-04-22,poisson,7,1.0,hostvector,central,1.0,0.3,0.0,0.888876,0.033673,0.060747
NICARAGUA,JINOTEGA,2012-04-22,poisson,7,1.0,hostvector,alt,1.0,0.3,0.0,1.014416,0.03717,0.071139
NICARAGUA,JINOTEGA,2012-04-22,poisson,7,1.0,seir,central,1.0,0.3,0.0,1.019888,0.027894,0.063708
NICARAGUA,JINOTEGA,2012-04-22,poisson,7,1.0,seir,alt,1.0,0.3,0.0,1.090385,0.022823,0.064532
NICARAGUA,JINOTEGA,2012-04-22,poisson,7,1.0,hostvector_tempmort,central,1.0,0.3,0.0,0.926044,0.036285,0.061122
NICARAGUA,JINOTEGA,2012-04-22,poisson,7,1.0,hostvector_tempmort,alt,1.0,0.3,0.0,1.041165,0.039682,0.071382
NICARAGUA,JINOTEGA,2012-04-22,poisson,7,0.75,hostvector,central,1.0,0.3,0.0,2.726852,-0.057235,0.080584
NICARAGUA,JINOTEGA,2012-04-22,poisson,7,0.75,hostvector,alt,1.0,0.3,0.0,3.163302,-0.067456,0.096341
NICARAGUA,JINOTEGA,2012-04-22,poisson,7,0.75,seir,central,1.0,0.3,0.0,2.702362,-0.078953,0.081105
NICARAGUA,JINOTEGA,2012-04-22,poisson,7,0.75,seir,alt,1.0,0.3,0.0,2.077833,-0.091911,0.08437
NICARAGUA,JINOTEGA,2012-04-22,poisson,7,0.75,hostvector_tempmort,central,1.0,0.3,0.0,2.738976,-0.057619,0.080685
NICARAGUA,JINOTEGA,2012-04-22,poisson,7,0.75,hostvector_tempmort,alt,1.0,0.3,0.0,3.199093,-0.06787,0.096277
NICARAGUA,LEON,2012-06-24,nb,3,1.0,hostvector,central,1.0,0.3,3.245343,1.763694,0.250781,0.106931
NICARAGUA,LEON,2012-06-24,nb,3,1.0,hostvector,alt,1.0,0.3,3.707598,2.061612,0.289128,0.123421
NICARAGUA,LEON,2012-06-24,nb,3,1.0,seir,central,1.0,0.3,3.850977,1.908597,0.2796,0.118671
NICARAGUA,LEON,2012-06-24,nb,3,1.0,seir,alt,1.0,0.3,4.016161,1.97089,0.291999,0.122125
NICARAGUA,LEON,2012-06-24,nb,3,1.0,hostvector_tempmort,central,1.0,0.3,3.460774,1.719957,0.247164,0.104569
NICARAGUA,LEON,2012-06-24,nb,3,1.0,hostvector_tempmort,alt,1.0,0.3,3.914071,2.0121,0.285931,0.120841
NICARAGUA,LEON,2012-06-24,nb,3,0.75,hostvector,central,1.0,0.3,4.136724,4.110436,0.260283,0.123565
NICARAGUA,LEON,2012-06-24,nb,3,0.75,hostvector,alt,1.0,0.3,4.746432,4.701136,0.299868,0.14424
NICARAGUA,LEON,2012-06-24,nb,3,0.75,seir,central,1.0,0.3,4.838847,3.505389,0.294878,0.132944
NICARAGUA,LEON,2012-06-24,nb,3,0.75,seir,alt,1.0,0.3,4.982651,1.731672,0.310217,0.145637
NICARAGUA,LEON,2012-06-24,nb,3,0.75,hostvector_tempmort,central,1.0,0.3,4.305876,3.651374,0.256005,0.130964
NICARAGUA,LEON,2012-06-24,nb,3,0.75,hostvector_tempmort,alt,1.0,0.3,4.897624,4.690492,0.296084,0.142508
NICARAGUA,LEON,2012-06-24,nb,5,1.0,hostvector,central,1.0,0.3,1.726936,1.292063,0.16242,0.090701
NICARAGUA,LEON,2012-06-24,nb,5,1.0,hostvector,alt,1.0,0.3,1.904873,1.487662,0.185638,0.105547
NICARAGUA,LEON,2012-06-24,nb,5,1.0,seir,central,1.0,0.3,2.171581,1.409147,0.182748,0.097978
NICARAGUA,LEON,2012-06-24,nb,5,1.0,seir,alt,1.0,0.3,1.996344,1.426944,0.171963,0.099412
NICARAGUA,LEON,2012-06-24,nb,5,1.0,hostvector_tempmort,central,1.0,0.3,1.90893,1.253511,0.156546,0.088286
NICARAGUA,LEON,2012-06-24,nb,5,1.0,hostvector_tempmort,alt,1.0,0.3,2.042511,1.441752,0.177462,0.102661
NICARAGUA,LEON,2012-06-24,nb,5,0.75,hostvector,central,1.0,0.3,1.957144,2.947824,0.156546,0.111371
NICARAGUA,LEON,2012-06-24,nb,5,0.75,hostvector,alt,1.0,0.3,2.004749,3.105068,0.182216,0.127965
NICARAGUA,LEON,2012-06-24,nb,5,0.75,seir,central,1.0,0.3,3.488343,1.499384,0.165343,0.119695
NICARAGUA,LEON,2012-06-24,nb,5,0.75,seir,alt,1.0,0.3,3.335306,5.076951,0.153577,0.125907
NICARAGUA,LEON,2012-06-24,nb,5,0.75,hostvector_tempmort,central,1.0,0.3,2.094885,2.878949,0.152703,0.109023
NICARAGUA,LEON,2012-06-24,nb,5,0.75,hostvector_tempmort,alt,1.0,0.3,2.083767,3.019149,0.176477,0.125193
NICARAGUA,LEON,2012-06-24,nb,7,1.0,hostvector,central,1.0,0.3,0.0,0.003525,0.013652,0.056177
NICARAGUA,LEON,2012-06-24,nb,7,1.0,hostvector,alt,1.0,0.3,0.0,0.003048,0.014963,0.065044
NICARAGUA,LEON,2012-06-24,nb,7,1.0,seir,central,1.0,0.3,0.082207,0.98473,0.017634,0.072523
NICARAGUA,LEON,2012-06-24,nb,7,1.0,seir,alt,1.0,0.3,0.007586,0.99179,0.01261,0.073668
NICARAGUA,LEON,2012-06-24,nb,7,1.0,hostvector_tempmort,central,1.0,0.3,0.101202,0.891261,0.006652,0.064586
NICARAGUA,LEON,2012-06-24,nb,7,1.0,hostvector_tempmort,alt,1.0,0.3,0.004605,1.035034,0.004323,0.074765
NICARAGUA,LEON,2012-06-24,nb,7,0.75,hostvector,central,1.0,0.3,1.306898,2.248908,-0.04765,0.08319
NICARAGUA,LEON,2012-06-24,nb,7,0.75,hostvector,alt,1.0,0.3,1.449546,2.817376,-0.059191,0.095611
NICARAGUA,LEON,2012-06-24,nb,7,0.75,seir,central,1.0,0.3,1.750374,6.642497,-0.036265,0.134922
NICARAGUA,LEON,2012-06-24,nb,7,0.75,seir,alt,1.0,0.3,1.70007,2.868173,-0.040928,0.107049
NICARAGUA,LEON,2012-06-24,nb,7,0.75,hostvector_tempmort,central,1.0,0.3,1.529432,5.81341,-0.045953,0.12079
NICARAGUA,LEON,2012-06-24,nb,7,0.75,hostvector_tempmort,alt,1.0,0.3,1.648318,6.868168,-0.058033,0.14409
NICARAGUA,LEON,2012-06-24,poisson,3,1.0,hostvector,central,1.0,0.3,3.522159,1.754549,0.262192,0.109213
NICARAGUA,LEON,2012-06-24,poisson,3,1.0,hostvector,alt,1.0,0.3,4.076773,2.051246,0.304974,0.125822
NICARAGUA,LEON,2012-06-24,poisson,3,1.0,seir,central,1.0,0.3,3.850398,1.845822,0.276914,0.118462
NICARAGUA,LEON,2012-06-24,poisson,3,1.0,seir,alt,1.0,0.3,3.914898,1.901877,0.280177,0.121064
NICARAGUA,LEON,2012-06-24,poisson,3,1.0,hostvector_tempmort,central,1.0,0.3,3.720815,1.713301,0.257553,0.106713
NICARAGUA,LEON,2012-06-24,poisson,3,1.0,hostvector_tempmort,alt,1.0,0.3,4.263221,2.004868,0.300135,0.123077
NICARAGUA,LEON,2012-06-24,poisson,3,0.75,hostvector,central,1.0,0.3,4.283342,1.429537,0.270697,0.11946
NICARAGUA,LEON,2012-06-24,poisson,3,0.75,hostvector,alt,1.0,0.3,4.971989,5.675321,0.314152,0.151658
NICARAGUA,LEON,2012-06-24,poisson,3,0.75,seir,central,1.0,0.3,4.670503,5.446643,0.289457,0.146755
NICARAGUA,LEON,2012-06-24,poisson,3,0.75,seir,alt,1.0,0.3,4.768506,5.713157,0.296837,0.151388
NICARAGUA,LEON,2012-06-24,poisson,3,0.75,hostvector_tempmort,central,1.0,0.3,4.445919,4.796542,0.26571,0.128823
NICARAGUA,LEON,2012-06-24,poisson,3,0.75,hostvector_tempmort,alt,1.0,0.3,5.118309,5.544165,0.30926,0.148811
NICARAGUA,LEON,2012-06-24,poisson,5,1.0,hostvector,central,1.0,0.3,2.050433,1.603801,0.152315,0.099158
NICARAGUA,LEON,2012-06-24,poisson,5,1.0,hostvector,alt,1.0,0.3,2.335185,1.841656,0.176433,0.114546
NICARAGUA,LEON,2012-06-24,poisson,5,1.0,seir,central,1.0,0.3,2.046328,1.706094,0.146686,0.105324
NICARAGUA,LEON,2012-06-24,poisson,5,1.0,seir,alt,1.0,0.3,1.79216,1.72425,0.131234,0.106503
NICARAGUA,LEON,2012-06-24,poisson,5,1.0,hostvector_tempmort,central,1.0,0.3,2.214179,1.561339,0.146824,0.096804
NICARAGUA,LEON,2012-06-24,poisson,5,1.0,hostvector_tempmort,alt,1.0,0.3,2.451726,1.792788,0.168768,0.111838
NICARAGUA,LEON,2012-06-24,poisson,5,0.75,hostvector,central,1.0,0.3,3.35714,,0.135609,
NICARAGUA,LEON,2012-06-24,poisson,5,0.75,hostvector,alt,1.0,0.3,3.834254,5.106537,0.157977,0.135648
NICARAGUA,LEON,2012-06-24,poisson,5,0.75,seir,central,1.0,0.3,3.49682,4.920254,0.131172,0.124017
NICARAGUA,LEON,2012-06-24,poisson,5,0.75,seir,alt,1.0,0.3,3.265107,5.224692,0.113959,0.126269
NICARAGUA,LEON,2012-06-24,poisson,5,0.75,hostvector_tempmort,central,1.0,0.3,3.477608,4.373919,0.130876,0.114761
NICARAGUA,LEON,2012-06-24,poisson,5,0.75,hostvector_tempmort,alt,1.0,0.3,3.907406,5.013293,0.150878,0.133061
NICARAGUA,LEON,2012-06-24,poisson,7,1.0,hostvector,central,1.0,0.3,0.0,1.14744,-0.021625,0.071891
NICARAGUA,LEON,2012-06-24,poisson,7,1.0,hostvector,alt,1.0,0.3,0.0,1.369076,-0.025626,0.083068
NICARAGUA,LEON,2012-06-24,poisson,7,1.0,seir,central,1.0,0.3,0.0,0.140406,-0.027755,0.054138
NICARAGUA,LEON,2012-06-24,poisson,7,1.0,seir,alt,1.0,0.3,0.0,0.09316,-0.031289,0.062135
NICARAGUA,LEON,2012-06-24,poisson,7,1.0,hostvector_tempmort,central,1.0,0.3,0.0,1.060127,-0.033048,0.06843
NICARAGUA,LEON,2012-06-24,poisson,7,1.0,hostvector_tempmort,alt,1.0,0.3,0.0,1.290716,-0.036592,0.080834
NICARAGUA,LEON,2012-06-24,poisson,7,0.75,hostvector,central,1.0,0.3,0.452949,5.415741,-0.10543,0.109567
NICARAGUA,LEON,2012-06-24,poisson,7,0.75,hostvector,alt,1.0,0.3,0.510423,6.271604,-0.123674,0.12864
NICARAGUA,LEON,2012-06-24,poisson,7,0.75,seir,central,1.0,0.3,0.64528,5.647067,-0.107557,0.115072
NICARAGUA,LEON,2012-06-24,poisson,7,0.75,seir,alt,1.0,0.3,0.570175,6.068998,-0.114034,0.119561
NICARAGUA,LEON,2012-06-24,poisson,7,0.75,hostvector_tempmort,central,1.0,0.3,0.699886,5.304555,-0.10247,0.107698
NICARAGUA,LEON,2012-06-24,poisson,7,0.75,hostvector_tempmort,alt,1.0,0.3,0.735651,6.173165,-0.121166,0.126725
PERU,JUNIN,2011-11-13,nb,3,1.0,hostvector,central,1.0,0.3,0.979988,36407.531951,0.133102,0.044552
PERU,JUNIN,2011-11-13,nb,3,1.0,hostvector,alt,1.0,0.3,0.981282,67431.240415,0.152841,0.05234
PERU,JUNIN,2011-11-13,nb,3,1.0,seir,central,1.0,0.3,0.954417,,0.221802,0.322438
PERU,JUNIN,2011-11-13,nb,3,1.0,seir,alt,1.0,0.3,0.938954,521390.879667,0.245315,0.390935
PERU,JUNIN,2011-11-13,nb,3,1.0,hostvector_tempmort,central,1.0,0.3,0.938356,118070.455663,0.130056,0.128696
PERU,JUNIN,2011-11-13,nb,3,1.0,hostvector_tempmort,alt,1.0,0.3,0.958853,291148.40183,0.122786,0.138951
PERU,JUNIN,2011-11-13,nb,3,0.75,hostvector,central,1.0,0.3,1.009719,67221.989942,0.135299,0.061464
PERU,JUNIN,2011-11-13,nb,3,0.75,hostvector,alt,1.0,0.3,1.055893,,0.153867,0.06774
PERU,JUNIN,2011-11-13,nb,3,0.75,seir,central,1.0,0.3,0.806148,,0.131054,0.06637
PERU,JUNIN,2011-11-13,nb,3,0.75,seir,alt,1.0,0.3,0.799869,,0.130797,0.067014
PERU,JUNIN,2011-11-13,nb,3,0.75,hostvector_tempmort,central,1.0,0.3,0.90749,293262.076473,0.077883,0.062763
PERU,JUNIN,2011-11-13,nb,3,0.75,hostvector_tempmort,alt,1.0,0.3,0.938499,,0.081844,0.039958
PERU,JUNIN,2011-11-13,nb,5,1.0,hostvector,central,1.0,0.3,0.950291,27576.394344,0.071218,0.039818
PERU,JUNIN,2011-11-13,nb,5,1.0,hostvector,alt,1.0,0.3,1.002943,,0.080518,0.044288
PERU,JUNIN,2011-11-13,nb,5,1.0,seir,central,1.0,0.3,0.917868,,0.067769,0.039227
PERU,JUNIN,2011-11-13,nb,5,1.0,seir,alt,1.0,0.3,0.877798,45380.314243,0.06878,0.039512
PERU,JUNIN,2011-11-13,nb,5,1.0,hostvector_tempmort,central,1.0,0.3,0.909232,46707.906532,0.040419,0.024923
PERU,JUNIN,2011-11-13,nb,5,1.0,hostvector_tempmort,alt,1.0,0.3,0.944842,86737.705088,0.042173,0.032769
PERU,JUNIN,2011-11-13,nb,5,0.75,hostvector,central,1.0,0.3,0.983509,,0.064003,0.073948
PERU,JUNIN,2011-11-13,nb,5,0.75,hostvector,alt,1.0,0.3,0.90611,69986.739005,0.072037,0.082489
PERU,JUNIN,2011-11-13,nb,5,0.75,seir,central,1.0,0.3,0.929601,108532.760012,0.054191,0.08601
PERU,JUNIN,2011-11-13,nb,5,0.75,seir,alt,1.0,0.3,0.655882,64167.990202,-0.10468,0.123119
PERU,JUNIN,2011-11-13,nb,5,0.75,hostvector_tempmort,central,1.0,0.3,0.640276,,0.032844,0.049898
PERU,JUNIN,2011-11-13,nb,5,0.75,hostvector_tempmort,alt,1.0,0.3,0.835525,24651341.781557,-1.370468,176.257579
PERU,JUNIN,2011-11-13,nb,7,1.0,hostvector,central,1.0,0.3,0.959715,287232.498338,0.049993,0.073658
PERU,JUNIN,2011-11-13,nb,7,1.0,hostvector,alt,1.0,0.3,1.009078,58306.933352,0.056071,0.046915
PERU,JUNIN,2011-11-13,nb,7,1.0,seir,central,1.0,0.3,0.929951,53000.030107,0.051626,0.040637
PERU,JUNIN,2011-11-13,nb,7,1.0,seir,alt,1.0,0.3,0.914223,,0.054553,0.03986
PERU,JUNIN,2011-11-13,nb,7,1.0,hostvector_tempmort,central,1.0,0.3,0.921629,,0.030585,0.019918
PERU,JUNIN,2011-11-13,nb,7,1.0,hostvector_tempmort,alt,1.0,0.3,0.942004,,0.032761,0.021342
PERU,JUNIN,2011-11-13,nb,7,0.75,hostvector,central,1.0,0.3,0.878354,,-0.133208,0.160152
PERU,JUNIN,2011-11-13,nb,7,0.75,hostvector,alt,1.0,0.3,0.909336,49561.398466,-0.150669,0.193427
PERU,JUNIN,2011-11-13,nb,7,0.75,seir,central,1.0,0.3,0.894378,,-0.144929,0.180194
PERU,JUNIN,2011-11-13,nb,7,0.75,seir,alt,1.0,0.3,0.803281,,-0.145291,0.193283
PERU,JUNIN,2011-11-13,nb,7,0.75,hostvector_tempmort,central,1.0,0.3,0.809623,23752.706061,-0.084081,0.105903
PERU,JUNIN,2011-11-13,nb,7,0.75,hostvector_tempmort,alt,1.0,0.3,1.198791,,-0.864207,
PERU,JUNIN,2011-11-13,poisson,3,1.0,hostvector,central,1.0,0.3,0.997946,107677.399936,0.083238,0.123502
PERU,JUNIN,2011-11-13,poisson,3,1.0,hostvector,alt,1.0,0.3,1.096276,,0.097589,
PERU,JUNIN,2011-11-13,poisson,3,1.0,seir,central,1.0,0.3,0.961005,3104904.108897,0.422073,0.927194
PERU,JUNIN,2011-11-13,poisson,3,1.0,seir,alt,1.0,0.3,0.926887,,0.064389,0.055242
PERU,JUNIN,2011-11-13,poisson,3,1.0,hostvector_tempmort,central,1.0,0.3,0.960087,25692.652247,0.040215,0.043957
PERU,JUNIN,2011-11-13,poisson,3,1.0,hostvector_tempmort,alt,1.0,0.3,0.953694,16648.213997,0.039615,0.040315
PERU,JUNIN,2011-11-13,poisson,3,0.75,hostvector,central,1.0,0.3,1.004172,46080.726366,0.105688,0.085653
PERU,JUNIN,2011-11-13,poisson,3,0.75,hostvector,alt,1.0,0.3,1.109204,70503.619877,0.122005,0.110741
PERU,JUNIN,2011-11-13,poisson,3,0.75,seir,central,1.0,0.3,1.019434,84120.158339,0.095615,0.086769
PERU,JUNIN,2011-11-13,poisson,3,0.75,seir,alt,1.0,0.3,0.967485,,0.093113,0.061448
PERU,JUNIN,2011-11-13,poisson,3,0.75,hostvector_tempmort,central,1.0,0.3,0.936059,76761.447961,0.05633,0.108034
PERU,JUNIN,2011-11-13,poisson,3,0.75,hostvector_tempmort,alt,1.0,0.3,0.952797,41666.9066,0.057256,0.076788
PERU,JUNIN,2011-11-13,poisson,5,1.0,hostvector,central,1.0,0.3,0.913165,22009.280883,-0.006916,0.045252
PERU,JUNIN,2011-11-13,poisson,5,1.0,hostvector,alt,1.0,0.3,1.038251,41256.57398,-0.010512,0.053234
PERU,JUNIN,2011-11-13,poisson,5,1.0,seir,central,1.0,0.3,0.924945,41338.664404,-0.009607,0.044921
PERU,JUNIN,2011-11-13,poisson,5,1.0,seir,alt,1.0,0.3,0.913324,,-0.00993,0.04493
PERU,JUNIN,2011-11-13,poisson,5,1.0,hostvector_tempmort,central,1.0,0.3,0.902115,62360.815871,-0.005465,0.026608
PERU,JUNIN,2011-11-13,poisson,5,1.0,hostvector_tempmort,alt,1.0,0.3,0.834949,16639.781222,-0.007407,0.027965
PERU,JUNIN,2011-11-13,poisson,5,0.75,hostvector,central,1.0,0.3,0.970557,,-0.004926,0.021872
PERU,JUNIN,2011-11-13,poisson,5,0.75,hostvector,alt,1.0,0.3,1.054134,62039.735101,-0.006037,0.10434
PERU,JUNIN,2011-11-13,poisson,5,0.75,seir,central,1.0,0.3,0.936027,59304.17362,-0.021203,0.083643
PERU,JUNIN,2011-11-13,poisson,5,0.75,seir,alt,1.0,0.3,0.913057,123258.197247,-0.028128,0.094379
PERU,JUNIN,2011-11-13,poisson,5,0.75,hostvector_tempmort,central,1.0,0.3,0.930931,,-0.012326,
PERU,JUNIN,2011-11-13,poisson,5,0.75,hostvector_tempmort,alt,1.0,0.3,0.954611,43600.211978,-0.018404,0.084132
PERU,JUNIN,2011-11-13,poisson,7,1.0,hostvector,central,1.0,0.3,0.940771,31252.111832,-0.041368,0.045773
PERU,JUNIN,2011-11-13,poisson,7,1.0,hostvector,alt,1.0,0.3,0.997288,30876.880372,-0.050463,0.052471
PERU,JUNIN,2011-11-13,poisson,7,1.0,seir,central,1.0,0.3,0.897308,,-0.039119,0.038785
PERU,JUNIN,2011-11-13,poisson,7,1.0,seir,alt,1.0,0.3,0.628746,,-2.41155,
PERU,JUNIN,2011-11-13,poisson,7,1.0,hostvector_tempmort,central,1.0,0.3,0.902715,22384.891362,-0.022646,0.029328
PERU,JUNIN,2011-11-13,poisson,7,1.0,hostvector_tempmort,alt,1.0,0.3,0.941211,17904.611624,-0.023608,0.030652
PERU,JUNIN,2011-11-13,poisson,7,0.75,hostvector,central,1.0,0.3,0.887395,41239.410496,-0.231409,0.128486
PERU,JUNIN,2011-11-13,poisson,7,0.75,hostvector,alt,1.0,0.3,0.999945,,-0.266213,0.1508
PERU,JUNIN,2011-11-13,poisson,7,0.75,seir,central,1.0,0.3,0.836271,,-0.243968,0.132866
PERU,JUNIN,2011-11-13,poisson,7,0.75,seir,alt,1.0,0.3,0.844955,,-0.244181,0.141335
PERU,JUNIN,2011-11-13,poisson,7,0.75,hostvector_tempmort,central,1.0,0.3,0.809426,,-0.14124,0.077398
PERU,JUNIN,2011-11-13,poisson,7,0.75,hostvector_tempmort,alt,1.0,0.3,0.616619,,-0.462351,
BRAZIL,BRAZIL,2020-11-15,nb,3,1.0,hostvector,central,1.0,0.3,2.114689,1.214053,-0.369895,0.373104
BRAZIL,BRAZIL,2020-11-15,nb,3,1.0,hostvector,alt,1.0,0.3,2.849844,1.744131,-0.333886,0.400425
BRAZIL,BRAZIL,2020-11-15,nb,3,1.0,seir,central,1.0,0.3,1.368893,1.432028,-0.288196,0.502828
BRAZIL,BRAZIL,2020-11-15,nb,3,1.0,seir,alt,1.0,0.3,1.438016,1.736301,-0.293112,0.563699
BRAZIL,BRAZIL,2020-11-15,nb,3,1.0,hostvector_tempmort,central,1.0,0.3,1.694023,1.174546,-0.401833,0.372364
BRAZIL,BRAZIL,2020-11-15,nb,3,1.0,hostvector_tempmort,alt,1.0,0.3,2.45597,1.436208,-0.476295,0.402379
BRAZIL,BRAZIL,2020-11-15,nb,3,0.75,hostvector,central,1.0,0.3,2.04046,1.407525,-0.404513,0.435275
BRAZIL,BRAZIL,2020-11-15,nb,3,0.75,hostvector,alt,1.0,0.3,2.807085,2.129501,-0.481959,0.508755
BRAZIL,BRAZIL,2020-11-15,nb,3,0.75,seir,central,1.0,0.3,1.276396,1.711745,-0.285467,0.572896
BRAZIL,BRAZIL,2020-11-15,nb,3,0.75,seir,alt,1.0,0.3,1.357755,2.064974,-0.300983,0.652124
BRAZIL,BRAZIL,2020-11-15,nb,3,0.75,hostvector_tempmort,central,1.0,0.3,1.662877,1.414793,-0.402571,0.431668
BRAZIL,BRAZIL,2020-11-15,nb,3,0.75,hostvector_tempmort,alt,1.0,0.3,2.368636,1.976426,-0.478507,0.489144
BRAZIL,BRAZIL,2020-11-15,nb,5,1.0,hostvector,central,1.0,0.3,1.632842,,-0.182836,
BRAZIL,BRAZIL,2020-11-15,nb,5,1.0,hostvector,alt,1.0,0.3,2.367468,1.683922,-0.119963,0.416982
BRAZIL,BRAZIL,2020-11-15,nb,5,1.0,seir,central,1.0,0.3,0.91023,1.390502,-0.04249,0.512835
BRAZIL,BRAZIL,2020-11-15,nb,5,1.0,seir,alt,1.0,0.3,0.94963,1.5013,-0.014869,0.53457
BRAZIL,BRAZIL,2020-11-15,nb,5,1.0,hostvector_tempmort,central,1.0,0.3,1.188368,,-0.206768,
BRAZIL,BRAZIL,2020-11-15,nb,5,1.0,hostvector_tempmort,alt,1.0,0.3,1.847975,1.496545,-0.272347,0.414477
BRAZIL,BRAZIL,2020-11-15,nb,5,0.75,hostvector,central,1.0,0.3,1.514631,1.263979,-0.211429,0.403051
BRAZIL,BRAZIL,2020-11-15,nb,5,0.75,hostvector,alt,1.0,0.3,2.142426,1.931347,-0.264494,0.500821
BRAZIL,BRAZIL,2020-11-15,nb,5,0.75,seir,central,1.0,0.3,0.832358,1.636841,-0.058472,0.580669
BRAZIL,BRAZIL,2020-11-15,nb,5,0.75,seir,alt,1.0,0.3,0.888747,1.761321,-0.062582,0.610107
BRAZIL,BRAZIL,2020-11-15,nb,5,0.75,hostvector_tempmort,central,1.0,0.3,1.14863,,-0.215318,
BRAZIL,BRAZIL,2020-11-15,nb,5,0.75,hostvector_tempmort,alt,1.0,0.3,1.74999,,-0.285758,
BRAZIL,BRAZIL,2020-11-15,nb,7,1.0,hostvector,central,1.0,0.3,1.420494,1.395575,0.045389,0.469778
BRAZIL,BRAZIL,2020-11-15,nb,7,1.0,hostvector,alt,1.0,0.3,2.229736,1.806542,0.136474,0.48953
BRAZIL,BRAZIL,2020-11-15,nb,7,1.0,seir,central,1.0,0.3,0.722222,,0.156716,
BRAZIL,BRAZIL,2020-11-15,nb,7,1.0,seir,alt,1.0,0.3,0.79392,,0.15132,
BRAZIL,BRAZIL,2020-11-15,nb,7,1.0,hostvector_tempmort,central,1.0,0.3,0.959139,1.043247,-0.039973,0.382588
BRAZIL,BRAZIL,2020-11-15,nb,7,1.0,hostvector_tempmort,alt,1.0,0.3,1.566251,,-0.047077,
BRAZIL,BRAZIL,2020-11-15,nb,7,0.75,hostvector,central,1.0,0.3,1.289898,1.474351,0.0133,0.519519
BRAZIL,BRAZIL,2020-11-15,nb,7,0.75,hostvector,alt,1.0,0.3,1.903944,2.030597,-0.012367,0.601996
BRAZIL,BRAZIL,2020-11-15,nb,7,0.75,seir,central,1.0,0.3,0.661843,,0.145921,
BRAZIL,BRAZIL,2020-11-15,nb,7,0.75,seir,alt,1.0,0.3,0.721005,1.836951,0.140074,0.701913
BRAZIL,BRAZIL,2020-11-15,nb,7,0.75,hostvector_tempmort,central,1.0,0.3,0.890957,1.313015,-0.033287,0.48355
BRAZIL,BRAZIL,2020-11-15,nb,7,0.75,hostvector_tempmort,alt,1.0,0.3,1.433661,,-0.076547,
BRAZIL,BRAZIL,2020-11-15,poisson,3,1.0,hostvector,central,1.0,0.3,0.965269,1.916675,-0.628398,0.517802
BRAZIL,BRAZIL,2020-11-15,poisson,3,1.0,hostvector,alt,1.0,0.3,1.377191,2.642467,-0.749102,0.569463
BRAZIL,BRAZIL,2020-11-15,poisson,3,1.0,seir,central,1.0,0.3,0.284993,1.637913,-0.466823,0.70314
BRAZIL,BRAZIL,2020-11-15,poisson,3,1.0,seir,alt,1.0,0.3,0.243956,1.649151,-0.445878,0.712167
BRAZIL,BRAZIL,2020-11-15,poisson,3,1.0,hostvector_tempmort,central,1.0,0.3,0.724463,1.812595,-0.625006,0.509706
BRAZIL,BRAZIL,2020-11-15,poisson,3,1.0,hostvector_tempmort,alt,1.0,0.3,1.101859,2.435226,-0.750852,0.564056
BRAZIL,BRAZIL,2020-11-15,poisson,3,0.75,hostvector,central,1.0,0.3,0.919972,2.32029,-0.634599,0.614813
BRAZIL,BRAZIL,2020-11-15,poisson,3,0.75,hostvector,alt,1.0,0.3,1.330768,3.113303,-0.760815,0.681596
BRAZIL,BRAZIL,2020-11-15,poisson,3,0.75,seir,central,1.0,0.3,0.118327,2.26928,-0.455029,0.842162
BRAZIL,BRAZIL,2020-11-15,poisson,3,0.75,seir,alt,1.0,0.3,0.063213,2.336484,-0.430848,0.858335
BRAZIL,BRAZIL,2020-11-15,poisson,3,0.75,hostvector_tempmort,central,1.0,0.3,0.705779,2.193581,-0.625706,0.602491
BRAZIL,BRAZIL,2020-11-15,poisson,3,0.75,hostvector_tempmort,alt,1.0,0.3,1.088455,2.908391,-0.751396,0.66609
BRAZIL,BRAZIL,2020-11-15,poisson,5,1.0,hostvector,central,1.0,0.3,0.099443,1.253331,-0.226657,0.390638
BRAZIL,BRAZIL,2020-11-15,poisson,5,1.0,hostvector,alt,1.0,0.3,0.246594,1.682079,-0.299975,0.431262
BRAZIL,BRAZIL,2020-11-15,poisson,5,1.0,seir,central,1.0,0.3,0.000234,3.038015,-0.087807,0.624013
BRAZIL,BRAZIL,2020-11-15,poisson,5,1.0,seir,alt,1.0,0.3,0.0,3.411462,-0.066322,0.667542
BRAZIL,BRAZIL,2020-11-15,poisson,5,1.0,hostvector_tempmort,central,1.0,0.3,0.0,1.473441,-0.247509,0.396898
BRAZIL,BRAZIL,2020-11-15,poisson,5,1.0,hostvector_tempmort,alt,1.0,0.3,0.007966,1.498881,-0.303819,0.42095
BRAZIL,BRAZIL,2020-11-15,poisson,5,0.75,hostvector,central,1.0,0.3,0.000776,1.79827,-0.231934,0.46098
BRAZIL,BRAZIL,2020-11-15,poisson,5,0.75,hostvector,alt,1.0,0.3,0.129262,2.249659,-0.303629,0.506789
BRAZIL,BRAZIL,2020-11-15,poisson,5,0.75,seir,central,1.0,0.3,0.000115,3.900654,-0.088513,0.740806
BRAZIL,BRAZIL,2020-11-15,poisson,5,0.75,seir,alt,1.0,0.3,6.9e-05,4.356456,-0.066955,0.794336
BRAZIL,BRAZIL,2020-11-15,poisson,5,0.75,hostvector_tempmort,central,1.0,0.3,2.8e-05,2.03362,-0.252364,0.472648
BRAZIL,BRAZIL,2020-11-15,poisson,5,0.75,hostvector_tempmort,alt,1.0,0.3,1.5e-05,2.204801,-0.312729,0.505995
BRAZIL,BRAZIL,2020-11-15,poisson,7,1.0,hostvector,central,1.0,0.3,0.002047,1.968772,-0.075702,0.513901
BRAZIL,BRAZIL,2020-11-15,poisson,7,1.0,hostvector,alt,1.0,0.3,0.002544,1.993453,-0.137278,0.5487
BRAZIL,BRAZIL,2020-11-15,poisson,7,1.0,seir,central,1.0,0.3,0.000984,3.618413,0.173817,0.745053
BRAZIL,BRAZIL,2020-11-15,poisson,7,1.0,seir,alt,1.0,0.3,0.000195,3.893914,0.195289,0.803285
BRAZIL,BRAZIL,2020-11-15,poisson,7,1.0,hostvector_tempmort,central,1.0,0.3,0.0,0.010148,-0.076025,0.488365
BRAZIL,BRAZIL,2020-11-15,poisson,7,1.0,hostvector_tempmort,alt,1.0,0.3,0.002247,2.654203,-0.144922,0.572753
BRAZIL,BRAZIL,2020-11-15,poisson,7,0.75,hostvector,central,1.0,0.3,2e-06,2.638498,-0.077789,0.59689
BRAZIL,BRAZIL,2020-11-15,poisson,7,0.75,hostvector,alt,1.0,0.3,0.002013,2.971696,-0.144886,0.659266
BRAZIL,BRAZIL,2020-11-15,poisson,7,0.75,seir,central,1.0,0.3,0.001416,4.282581,0.173857,0.879342
BRAZIL,BRAZIL,2020-11-15,poisson,7,0.75,seir,alt,1.0,0.3,0.0,,0.194663,
BRAZIL,BRAZIL,2020-11-15,poisson,7,0.75,hostvector_tempmort,central,1.0,0.3,0.0,0.07847,-0.076516,0.572694
BRAZIL,BRAZIL,2020-11-15,poisson,7,0.75,hostvector_tempmort,alt,1.0,0.3,0.001292,3.259583,-0.145815,0.676989
NICARAGUA,NICARAGUA,2019-04-07,nb,3,1.0,hostvector,central,1.0,0.3,0.0,0.983113,0.091181,0.068443
NICARAGUA,NICARAGUA,2019-04-07,nb,3,1.0,hostvector,alt,1.0,0.3,2e-06,1.016183,0.114048,0.071959
NICARAGUA,NICARAGUA,2019-04-07,nb,3,1.0,seir,central,1.0,0.3,9e-06,2.285772,0.100346,0.158736
NICARAGUA,NICARAGUA,2019-04-07,nb,3,1.0,seir,alt,1.0,0.3,3e-06,2.292164,0.108457,0.15842
NICARAGUA,NICARAGUA,2019-04-07,nb,3,1.0,hostvector_tempmort,central,1.0,0.3,0.0,0.84388,0.069401,0.065747
NICARAGUA,NICARAGUA,2019-04-07,nb,3,1.0,hostvector_tempmort,alt,1.0,0.3,7e-06,0.915489,0.092237,0.062745
NICARAGUA,NICARAGUA,2019-04-07,nb,3,0.75,hostvector,central,1.0,0.3,0.251146,0.659779,0.217752,0.031442
NICARAGUA,NICARAGUA,2019-04-07,nb,3,0.75,hostvector,alt,1.0,0.3,0.30059,0.783379,0.251463,0.035834
NICARAGUA,NICARAGUA,2019-04-07,nb,3,0.75,seir,central,1.0,0.3,1e-06,0.56133,0.215477,0.035325
NICARAGUA,NICARAGUA,2019-04-07,nb,3,0.75,seir,alt,1.0,0.3,0.0,0.650935,0.217623,0.037515
NICARAGUA,NICARAGUA,2019-04-07,nb,3,0.75,hostvector_tempmort,central,1.0,0.3,0.447449,0.615587,0.206794,0.029551
NICARAGUA,NICARAGUA,2019-04-07,nb,3,0.75,hostvector_tempmort,alt,1.0,0.3,0.384884,0.724189,0.236962,0.033312
NICARAGUA,NICARAGUA,2019-04-07,nb,5,1.0,hostvector,central,1.0,0.3,0.0,0.605334,0.112318,0.045072
NICARAGUA,NICARAGUA,2019-04-07,nb,5,1.0,hostvector,alt,1.0,0.3,0.0,0.096753,0.123434,0.038058
NICARAGUA,NICARAGUA,2019-04-07,nb,5,1.0,seir,central,1.0,0.3,1.6e-05,1.167239,0.155891,0.08905
NICARAGUA,NICARAGUA,2019-04-07,nb,5,1.0,seir,alt,1.0,0.3,0.0,0.793827,0.161916,0.077344
NICARAGUA,NICARAGUA,2019-04-07,nb,5,1.0,hostvector_tempmort,central,1.0,0.3,2e-06,0.570323,0.08866,0.043786
NICARAGUA,NICARAGUA,2019-04-07,nb,5,1.0,hostvector_tempmort,alt,1.0,0.3,0.0,0.394244,0.099474,0.043742
NICARAGUA,NICARAGUA,2019-04-07,nb,5,0.75,hostvector,central,1.0,0.3,0.0,0.001488,0.150999,0.042124
NICARAGUA,NICARAGUA,2019-04-07,nb,5,0.75,hostvector,alt,1.0,0.3,0.0,0.281645,0.175992,0.048018
NICARAGUA,NICARAGUA,2019-04-07,nb,5,0.75,seir,central,1.0,0.3,0.0,0.024184,0.135507,0.060855
NICARAGUA,NICARAGUA,2019-04-07,nb,5,0.75,seir,alt,1.0,0.3,0.0,,0.127815,
NICARAGUA,NICARAGUA,2019-04-07,nb,5,0.75,hostvector_tempmort,central,1.0,0.3,0.0,0.382677,0.132352,0.040958
NICARAGUA,NICARAGUA,2019-04-07,nb,5,0.75,hostvector_tempmort,alt,1.0,0.3,0.0,0.843501,0.15477,0.045341
NICARAGUA,NICARAGUA,2019-04-07,nb,7,1.0,hostvector,central,1.0,0.3,0.0,0.005207,0.08715,0.03377
NICARAGUA,NICARAGUA,2019-04-07,nb,7,1.0,hostvector,alt,1.0,0.3,0.0,,0.081972,
NICARAGUA,NICARAGUA,2019-04-07,nb,7,1.0,seir,central,1.0,0.3,0.0,0.006191,0.153771,0.065561
NICARAGUA,NICARAGUA,2019-04-07,nb,7,1.0,seir,alt,1.0,0.3,1.1e-05,0.985608,0.154777,0.071775
NICARAGUA,NICARAGUA,2019-04-07,nb,7,1.0,hostvector_tempmort,central,1.0,0.3,0.0,,0.069239,
NICARAGUA,NICARAGUA,2019-04-07,nb,7,1.0,hostvector_tempmort,alt,1.0,0.3,0.0,0.060844,0.063647,0.038391
NICARAGUA,NICARAGUA,2019-04-07,nb,7,0.75,hostvector,central,1.0,0.3,0.0,0.955218,0.017454,0.046852
NICARAGUA,NICARAGUA,2019-04-07,nb,7,0.75,hostvector,alt,1.0,0.3,0.0,0.481539,0.020702,0.051206
NICARAGUA,NICARAGUA,2019-04-07,nb,7,0.75,seir,central,1.0,0.3,0.0,0.596665,0.001174,0.063982
NICARAGUA,NICARAGUA,2019-04-07,nb,7,0.75,seir,alt,1.0,0.3,0.0,,-0.001778,
NICARAGUA,NICARAGUA,2019-04-07,nb,7,0.75,hostvector_tempmort,central,1.0,0.3,0.0,0.052026,0.006719,0.04122
NICARAGUA,NICARAGUA,2019-04-07,nb,7,0.75,hostvector_tempmort,alt,1.0,0.3,0.0,,0.009975,
NICARAGUA,NICARAGUA,2019-04-07,poisson,3,1.0,hostvector,central,1.0,0.3,0.0,1.134311,0.081897,0.070131
NICARAGUA,NICARAGUA,2019-04-07,poisson,3,1.0,hostvector,alt,1.0,0.3,0.0,1.124002,0.095013,0.070258
NICARAGUA,NICARAGUA,2019-04-07,poisson,3,1.0,seir,central,1.0,0.3,0.0,2.277581,0.115457,0.137322
NICARAGUA,NICARAGUA,2019-04-07,poisson,3,1.0,seir,alt,1.0,0.3,0.0,2.240735,0.124561,0.135669
NICARAGUA,NICARAGUA,2019-04-07,poisson,3,1.0,hostvector_tempmort,central,1.0,0.3,0.0,1.043263,0.065575,0.063962
NICARAGUA,NICARAGUA,2019-04-07,poisson,3,1.0,hostvector_tempmort,alt,1.0,0.3,0.0,1.071999,0.079116,0.067449
NICARAGUA,NICARAGUA,2019-04-07,poisson,3,0.75,hostvector,central,1.0,0.3,0.0,0.534215,0.197119,0.026933
NICARAGUA,NICARAGUA,2019-04-07,poisson,3,0.75,hostvector,alt,1.0,0.3,0.0,0.782298,0.229755,0.034408
NICARAGUA,NICARAGUA,2019-04-07,poisson,3,0.75,seir,central,1.0,0.3,0.0,0.250789,0.211737,0.028756
NICARAGUA,NICARAGUA,2019-04-07,poisson,3,0.75,seir,alt,1.0,0.3,0.0,0.895754,0.216067,0.039172
NICARAGUA,NICARAGUA,2019-04-07,poisson,3,0.75,hostvector_tempmort,central,1.0,0.3,0.151508,0.666958,0.189421,0.029855
NICARAGUA,NICARAGUA,2019-04-07,poisson,3,0.75,hostvector_tempmort,alt,1.0,0.3,0.133244,0.759586,0.220784,0.033518
NICARAGUA,NICARAGUA,2019-04-07,poisson,5,1.0,hostvector,central,1.0,0.3,0.0,0.616187,0.105049,0.043895
NICARAGUA,NICARAGUA,2019-04-07,poisson,5,1.0,hostvector,alt,1.0,0.3,0.0,0.640413,0.111776,0.04549
NICARAGUA,NICARAGUA,2019-04-07,poisson,5,1.0,seir,central,1.0,0.3,0.0,1.040003,0.166638,0.078011
NICARAGUA,NICARAGUA,2019-04-07,poisson,5,1.0,seir,alt,1.0,0.3,0.0,1.077257,0.172963,0.077062
NICARAGUA,NICARAGUA,2019-04-07,poisson,5,1.0,hostvector_tempmort,central,1.0,0.3,0.0,0.588523,0.088488,0.042749
NICARAGUA,NICARAGUA,2019-04-07,poisson,5,1.0,hostvector_tempmort,alt,1.0,0.3,0.0,0.608665,0.095553,0.043855
NICARAGUA,NICARAGUA,2019-04-07,poisson,5,0.75,hostvector,central,1.0,0.3,0.0,0.747127,0.178638,0.042527
NICARAGUA,NICARAGUA,2019-04-07,poisson,5,0.75,hostvector,alt,1.0,0.3,0.0,0.06668,0.199957,0.046653
NICARAGUA,NICARAGUA,2019-04-07,poisson,5,0.75,seir,central,1.0,0.3,0.0,1.409959,0.209679,0.075595
NICARAGUA,NICARAGUA,2019-04-07,poisson,5,0.75,seir,alt,1.0,0.3,0.0,1.453228,0.203775,0.078108
NICARAGUA,NICARAGUA,2019-04-07,poisson,5,0.75,hostvector_tempmort,central,1.0,0.3,0.0,0.754545,0.16203,0.046279
NICARAGUA,NICARAGUA,2019-04-07,poisson,5,0.75,hostvector_tempmort,alt,1.0,0.3,0.0,0.948704,0.183098,0.04746
NICARAGUA,NICARAGUA,2019-04-07,poisson,7,1.0,hostvector,central,1.0,0.3,0.0,0.385109,0.103307,0.037299
NICARAGUA,NICARAGUA,2019-04-07,poisson,7,1.0,hostvector,alt,1.0,0.3,0.0,0.257287,0.102595,0.040011
NICARAGUA,NICARAGUA,2019-04-07,poisson,7,1.0,seir,central,1.0,0.3,0.0,,0.180688,
NICARAGUA,NICARAGUA,2019-04-07,poisson,7,1.0,seir,alt,1.0,0.3,0.0,0.787512,0.183775,0.064199
NICARAGUA,NICARAGUA,2019-04-07,poisson,7,1.0,hostvector_tempmort,central,1.0,0.3,0.0,0.401254,0.091425,0.035015
NICARAGUA,NICARAGUA,2019-04-07,poisson,7,1.0,hostvector_tempmort,alt,1.0,0.3,0.0,0.469769,0.090622,0.037519
NICARAGUA,NICARAGUA,2019-04-07,poisson,7,0.75,hostvector,central,1.0,0.3,0.0,1.178684,0.010335,0.069714
NICARAGUA,NICARAGUA,2019-04-07,poisson,7,0.75,hostvector,alt,1.0,0.3,0.0,0.779994,0.021987,0.074958
NICARAGUA,NICARAGUA,2019-04-07,poisson,7,0.75,seir,central,1.0,0.3,0.0,1.625738,-0.05688,0.096081
NICARAGUA,NICARAGUA,2019-04-07,poisson,7,0.75,seir,alt,1.0,0.3,0.0,1.573844,-0.066921,0.096099
NICARAGUA,NICARAGUA,2019-04-07,poisson,7,0.75,hostvector_tempmort,central,1.0,0.3,0.0,1.067995,0.014247,0.062411
NICARAGUA,NICARAGUA,2019-04-07,poisson,7,0.75,hostvector_tempmort,alt,1.0,0.3,0.0,1.267981,0.022325,0.073028
PANAMA,PANAMA,2022-04-03,nb,3,1.0,hostvector,central,1.0,0.3,0.0,2.442587,0.142641,0.050419
PANAMA,PANAMA,2022-04-03,nb,3,1.0,hostvector,alt,1.0,0.3,0.0,0.001462,0.182036,0.041584
PANAMA,PANAMA,2022-04-03,nb,3,1.0,seir,central,1.0,0.3,0.0,,0.119893,
PANAMA,PANAMA,2022-04-03,nb,3,1.0,seir,alt,1.0,0.3,0.0,2.358146,0.121744,0.043632
PANAMA,PANAMA,2022-04-03,nb,3,1.0,hostvector_tempmort,central,1.0,0.3,3e-06,2.356597,0.134517,0.048995
PANAMA,PANAMA,2022-04-03,nb,3,1.0,hostvector_tempmort,alt,1.0,0.3,0.0,,0.172307,
PANAMA,PANAMA,2022-04-03,nb,3,0.75,hostvector,central,1.0,0.3,0.001805,2.875312,0.161579,0.102243
PANAMA,PANAMA,2022-04-03,nb,3,0.75,hostvector,alt,1.0,0.3,2.2e-05,3.335001,0.199521,0.123341
PANAMA,PANAMA,2022-04-03,nb,3,0.75,seir,central,1.0,0.3,1.249782,3.070588,0.108521,0.097024
PANAMA,PANAMA,2022-04-03,nb,3,0.75,seir,alt,1.0,0.3,1.350383,3.121374,0.108035,0.097233
PANAMA,PANAMA,2022-04-03,nb,3,0.75,hostvector_tempmort,central,1.0,0.3,0.243816,2.826974,0.153571,0.099162
PANAMA,PANAMA,2022-04-03,nb,3,0.75,hostvector_tempmort,alt,1.0,0.3,0.064645,3.263803,0.18748,0.118928
PANAMA,PANAMA,2022-04-03,nb,5,1.0,hostvector,central,1.0,0.3,2e-06,2.673452,0.138604,0.053867
PANAMA,PANAMA,2022-04-03,nb,5,1.0,hostvector,alt,1.0,0.3,0.0,3.288912,0.173986,0.07041
PANAMA,PANAMA,2022-04-03,nb,5,1.0,seir,central,1.0,0.3,0.0,2.587827,0.11781,0.047707
PANAMA,PANAMA,2022-04-03,nb,5,1.0,seir,alt,1.0,0.3,2e-06,2.727185,0.119062,0.04849
PANAMA,PANAMA,2022-04-03,nb,5,1.0,hostvector_tempmort,central,1.0,0.3,0.0,1.511537,0.130121,0.039204
PANAMA,PANAMA,2022-04-03,nb,5,1.0,hostvector_tempmort,alt,1.0,0.3,0.0,2.485513,0.163818,0.053063
PANAMA,PANAMA,2022-04-03,nb,5,0.75,hostvector,central,1.0,0.3,0.402118,3.362723,0.09023,0.072577
PANAMA,PANAMA,2022-04-03,nb,5,0.75,hostvector,alt,1.0,0.3,0.3801,3.887806,0.109129,0.085347
PANAMA,PANAMA,2022-04-03,nb,5,0.75,seir,central,1.0,0.3,1.245038,3.472003,0.062261,0.072422
PANAMA,PANAMA,2022-04-03,nb,5,0.75,seir,alt,1.0,0.3,1.223179,3.511294,0.060218,0.072816
PANAMA,PANAMA,2022-04-03,nb,5,0.75,hostvector_tempmort,central,1.0,0.3,0.547936,3.310648,0.084259,0.070989
PANAMA,PANAMA,2022-04-03,nb,5,0.75,hostvector_tempmort,alt,1.0,0.3,0.482424,3.829933,0.101532,0.083234
PANAMA,PANAMA,2022-04-03,nb,7,1.0,hostvector,central,1.0,0.3,0.0,2.222954,0.12436,0.043415
PANAMA,PANAMA,2022-04-03,nb,7,1.0,hostvector,alt,1.0,0.3,0.0,2.783845,0.150404,0.054574
PANAMA,PANAMA,2022-04-03,nb,7,1.0,seir,central,1.0,0.3,0.0,2.368875,0.108424,0.042346
PANAMA,PANAMA,2022-04-03,nb,7,1.0,seir,alt,1.0,0.3,0.0,2.282908,0.108748,0.041047
PANAMA,PANAMA,2022-04-03,nb,7,1.0,hostvector_tempmort,central,1.0,0.3,0.0,2.255805,0.116744,0.042859
PANAMA,PANAMA,2022-04-03,nb,7,1.0,hostvector_tempmort,alt,1.0,0.3,0.0,2.757936,0.141664,0.054575
PANAMA,PANAMA,2022-04-03,nb,7,0.75,hostvector,central,1.0,0.3,8e-06,2.945926,0.046547,0.045646
PANAMA,PANAMA,2022-04-03,nb,7,0.75,hostvector,alt,1.0,0.3,1e-06,3.422377,0.056531,0.0531
PANAMA,PANAMA,2022-04-03,nb,7,0.75,seir,central,1.0,0.3,2.7e-05,2.906222,0.022201,0.045932
PANAMA,PANAMA,2022-04-03,nb,7,0.75,seir,alt,1.0,0.3,0.0,,0.021514,
PANAMA,PANAMA,2022-04-03,nb,7,0.75,hostvector_tempmort,central,1.0,0.3,3e-06,2.881018,0.0417,0.04466
PANAMA,PANAMA,2022-04-03,nb,7,0.75,hostvector_tempmort,alt,1.0,0.3,1e-06,3.336782,0.051333,0.051815
PANAMA,PANAMA,2022-04-03,poisson,3,1.0,hostvector,central,1.0,0.3,0.0,0.072418,0.06859,0.042489
PANAMA,PANAMA,2022-04-03,poisson,3,1.0,hostvector,alt,1.0,0.3,1e-06,3.673418,0.086277,0.068848
PANAMA,PANAMA,2022-04-03,poisson,3,1.0,seir,central,1.0,0.3,0.0,3.28374,0.062715,0.050746
PANAMA,PANAMA,2022-04-03,poisson,3,1.0,seir,alt,1.0,0.3,3e-06,3.706817,0.065327,0.054361
PANAMA,PANAMA,2022-04-03,poisson,3,1.0,hostvector_tempmort,central,1.0,0.3,0.0,3.13969,0.064709,0.053894
PANAMA,PANAMA,2022-04-03,poisson,3,1.0,hostvector_tempmort,alt,1.0,0.3,1.4e-05,3.622298,0.081861,0.067475
PANAMA,PANAMA,2022-04-03,poisson,3,0.75,hostvector,central,1.0,0.3,1.541284,4.576352,0.069144,0.141584
PANAMA,PANAMA,2022-04-03,poisson,3,0.75,hostvector,alt,1.0,0.3,1.71414,5.175588,0.085339,0.163758
PANAMA,PANAMA,2022-04-03,poisson,3,0.75,seir,central,1.0,0.3,1.874083,5.169222,0.061162,0.144604
PANAMA,PANAMA,2022-04-03,poisson,3,0.75,seir,alt,1.0,0.3,1.865097,5.355191,0.062926,0.144629
PANAMA,PANAMA,2022-04-03,poisson,3,0.75,hostvector_tempmort,central,1.0,0.3,1.66016,4.516796,0.067807,0.13854
PANAMA,PANAMA,2022-04-03,poisson,3,0.75,hostvector_tempmort,alt,1.0,0.3,1.811377,5.113777,0.083732,0.16012
PANAMA,PANAMA,2022-04-03,poisson,5,1.0,hostvector,central,1.0,0.3,0.397092,3.516491,0.087581,0.068706
PANAMA,PANAMA,2022-04-03,poisson,5,1.0,hostvector,alt,1.0,0.3,0.489545,4.069761,0.108253,0.085853
PANAMA,PANAMA,2022-04-03,poisson,5,1.0,seir,central,1.0,0.3,0.237825,3.890625,0.078239,0.066585
PANAMA,PANAMA,2022-04-03,poisson,5,1.0,seir,alt,1.0,0.3,0.273112,4.091852,0.080644,0.068651
PANAMA,PANAMA,2022-04-03,poisson,5,1.0,hostvector_tempmort,central,1.0,0.3,0.546752,3.474553,0.084932,0.067332
PANAMA,PANAMA,2022-04-03,poisson,5,1.0,hostvector_tempmort,alt,1.0,0.3,0.631825,4.031224,0.105056,0.084008
PANAMA,PANAMA,2022-04-03,poisson,5,0.75,hostvector,central,1.0,0.3,2.796665,5.13976,0.06202,0.126676
PANAMA,PANAMA,2022-04-03,poisson,5,0.75,hostvector,alt,1.0,0.3,3.221652,5.96499,0.075697,0.147652
PANAMA,PANAMA,2022-04-03,poisson,5,0.75,seir,central,1.0,0.3,2.908873,5.7284,0.047438,0.130362
PANAMA,PANAMA,2022-04-03,poisson,5,0.75,seir,alt,1.0,0.3,2.863237,6.009761,0.044505,0.131265
PANAMA,PANAMA,2022-04-03,poisson,5,0.75,hostvector_tempmort,central,1.0,0.3,2.885694,5.087198,0.059896,0.124132
PANAMA,PANAMA,2022-04-03,poisson,5,0.75,hostvector_tempmort,alt,1.0,0.3,3.281912,5.91217,0.073001,0.144572
PANAMA,PANAMA,2022-04-03,poisson,7,1.0,hostvector,central,1.0,0.3,0.0,3.483724,0.074966,0.07673
PANAMA,PANAMA,2022-04-03,poisson,7,1.0,hostvector,alt,1.0,0.3,0.0,4.006992,0.087914,0.092975
PANAMA,PANAMA,2022-04-03,poisson,7,1.0,seir,central,1.0,0.3,0.0,3.935815,0.071415,0.075986
PANAMA,PANAMA,2022-04-03,poisson,7,1.0,seir,alt,1.0,0.3,2e-06,4.129745,0.072532,0.077843
PANAMA,PANAMA,2022-04-03,poisson,7,1.0,hostvector_tempmort,central,1.0,0.3,0.0,3.435387,0.069834,0.075196
PANAMA,PANAMA,2022-04-03,poisson,7,1.0,hostvector_tempmort,alt,1.0,0.3,1e-06,3.945644,0.082478,0.091137
PANAMA,PANAMA,2022-04-03,poisson,7,0.75,hostvector,central,1.0,0.3,1.829667,5.2335,-0.00159,0.108409
PANAMA,PANAMA,2022-04-03,poisson,7,0.75,hostvector,alt,1.0,0.3,1.960575,6.026232,-0.001601,0.125463
PANAMA,PANAMA,2022-04-03,poisson,7,0.75,seir,central,1.0,0.3,1.916249,5.817017,-0.010165,0.112004
PANAMA,PANAMA,2022-04-03,poisson,7,0.75,seir,alt,1.0,0.3,1.829245,6.047474,-0.011121,0.112226
PANAMA,PANAMA,2022-04-03,poisson,7,0.75,hostvector_tempmort,central,1.0,0.3,1.9153,5.175524,-0.002322,0.106293
PANAMA,PANAMA,2022-04-03,poisson,7,0.75,hostvector_tempmort,alt,1.0,0.3,2.019028,5.965322,-0.00244,0.122935
COLOMBIA,TOLIMA,2002-04-07,nb,3,1.0,hostvector,central,1.0,0.3,1.030657,0.240483,0.279959,0.024705
COLOMBIA,TOLIMA,2002-04-07,nb,3,1.0,hostvector,alt,1.0,0.3,1.158441,0.293736,0.317665,0.027289
COLOMBIA,TOLIMA,2002-04-07,nb,3,1.0,seir,central,1.0,0.3,1.080451,0.242082,0.299122,0.027606
COLOMBIA,TOLIMA,2002-04-07,nb,3,1.0,seir,alt,1.0,0.3,1.0675,0.243067,0.300005,0.027449
COLOMBIA,TOLIMA,2002-04-07,nb,3,1.0,hostvector_tempmort,central,1.0,0.3,0.957064,0.236939,0.277157,0.02446
COLOMBIA,TOLIMA,2002-04-07,nb,3,1.0,hostvector_tempmort,alt,1.0,0.3,1.079579,0.28936,0.314151,0.027033
COLOMBIA,TOLIMA,2002-04-07,nb,3,0.75,hostvector,central,1.0,0.3,1.26089,0.34101,0.298212,0.023788
COLOMBIA,TOLIMA,2002-04-07,nb,3,0.75,hostvector,alt,1.0,0.3,1.447065,0.415426,0.338304,0.026825
COLOMBIA,TOLIMA,2002-04-07,nb,3,0.75,seir,central,1.0,0.3,1.369924,0.347266,0.32158,0.026025
COLOMBIA,TOLIMA,2002-04-07,nb,3,0.75,seir,alt,1.0,0.3,1.355687,0.356794,0.321946,0.026191
COLOMBIA,TOLIMA,2002-04-07,nb,3,0.75,hostvector_tempmort,central,1.0,0.3,1.162641,0.33782,0.294264,0.023683
COLOMBIA,TOLIMA,2002-04-07,nb,3,0.75,hostvector_tempmort,alt,1.0,0.3,1.346056,0.411113,0.333776,0.02669
COLOMBIA,TOLIMA,2002-04-07,nb,5,1.0,hostvector,central,1.0,0.3,0.488136,0.277035,0.215604,0.030885
COLOMBIA,TOLIMA,2002-04-07,nb,5,1.0,hostvector,alt,1.0,0.3,0.54996,0.33709,0.251455,0.034183
COLOMBIA,TOLIMA,2002-04-07,nb,5,1.0,seir,central,1.0,0.3,0.446666,0.281827,0.215658,0.034833
COLOMBIA,TOLIMA,2002-04-07,nb,5,1.0,seir,alt,1.0,0.3,0.047404,48.299841,0.225984,5.321434
COLOMBIA,TOLIMA,2002-04-07,nb,5,1.0,hostvector_tempmort,central,1.0,0.3,0.424911,0.273695,0.213664,0.030694
COLOMBIA,TOLIMA,2002-04-07,nb,5,1.0,hostvector_tempmort,alt,1.0,0.3,0.484012,0.33316,0.24905,0.034022
COLOMBIA,TOLIMA,2002-04-07,nb,5,0.75,hostvector,central,1.0,0.3,0.336249,0.511305,0.21464,0.034852
COLOMBIA,TOLIMA,2002-04-07,nb,5,0.75,hostvector,alt,1.0,0.3,0.3526,0.613224,0.250392,0.039282
COLOMBIA,TOLIMA,2002-04-07,nb,5,0.75,seir,central,1.0,0.3,0.36131,0.291372,0.215295,0.039029
COLOMBIA,TOLIMA,2002-04-07,nb,5,0.75,seir,alt,1.0,0.3,0.316461,0.540891,0.208613,0.040147
COLOMBIA,TOLIMA,2002-04-07,nb,5,0.75,hostvector_tempmort,central,1.0,0.3,0.266398,0.4778,0.212359,0.034395
COLOMBIA,TOLIMA,2002-04-07,nb,5,0.75,hostvector_tempmort,alt,1.0,0.3,0.281457,,0.247627,
COLOMBIA,TOLIMA,2002-04-07,nb,7,1.0,hostvector,central,1.0,0.3,0.0,0.008549,0.099529,0.033093
COLOMBIA,TOLIMA,2002-04-07,nb,7,1.0,hostvector,alt,1.0,0.3,0.0,0.321651,0.122139,0.03801
COLOMBIA,TOLIMA,2002-04-07,nb,7,1.0,seir,central,1.0,0.3,0.0,0.204836,0.0921,0.034069
COLOMBIA,TOLIMA,2002-04-07,nb,7,1.0,seir,alt,1.0,0.3,0.0,0.21426,0.137026,0.033656
COLOMBIA,TOLIMA,2002-04-07,nb,7,1.0,hostvector_tempmort,central,1.0,0.3,0.0,0.263517,0.099215,0.032424
COLOMBIA,TOLIMA,2002-04-07,nb,7,1.0,hostvector_tempmort,alt,1.0,0.3,0.0,0.314948,0.121089,0.037678
COLOMBIA,TOLIMA,2002-04-07,nb,7,0.75,hostvector,central,1.0,0.3,0.0,0.343064,0.099066,0.037633
COLOMBIA,TOLIMA,2002-04-07,nb,7,0.75,hostvector,alt,1.0,0.3,0.0,0.126829,0.119536,0.043574
COLOMBIA,TOLIMA,2002-04-07,nb,7,0.75,seir,central,1.0,0.3,0.0,0.201105,0.092713,0.039921
COLOMBIA,TOLIMA,2002-04-07,nb,7,0.75,seir,alt,1.0,0.3,0.0,0.1458,0.088295,0.0396
COLOMBIA,TOLIMA,2002-04-07,nb,7,0.75,hostvector_tempmort,central,1.0,0.3,0.0,0.256293,0.0988,0.037197
COLOMBIA,TOLIMA,2002-04-07,nb,7,0.75,hostvector_tempmort,alt,1.0,0.3,0.0,0.536391,0.118782,0.0435
COLOMBIA,TOLIMA,2002-04-07,poisson,3,1.0,hostvector,central,1.0,0.3,1.155243,0.243907,0.274397,0.02665
COLOMBIA,TOLIMA,2002-04-07,poisson,3,1.0,hostvector,alt,1.0,0.3,1.315749,0.2945,0.310728,0.029495
COLOMBIA,TOLIMA,2002-04-07,poisson,3,1.0,seir,central,1.0,0.3,1.220105,0.247407,0.296146,0.029562
COLOMBIA,TOLIMA,2002-04-07,poisson,3,1.0,seir,alt,1.0,0.3,1.208125,0.250042,0.297177,0.029564
COLOMBIA,TOLIMA,2002-04-07,poisson,3,1.0,hostvector_tempmort,central,1.0,0.3,1.076859,0.240641,0.27051,0.026307
COLOMBIA,TOLIMA,2002-04-07,poisson,3,1.0,hostvector_tempmort,alt,1.0,0.3,1.234623,0.290248,0.306414,0.029127
COLOMBIA,TOLIMA,2002-04-07,poisson,3,0.75,hostvector,central,1.0,0.3,1.142377,0.417101,0.276374,0.030766
COLOMBIA,TOLIMA,2002-04-07,poisson,3,0.75,hostvector,alt,1.0,0.3,1.300951,0.507638,0.31243,0.034441
COLOMBIA,TOLIMA,2002-04-07,poisson,3,0.75,seir,central,1.0,0.3,1.293794,0.424935,0.301135,0.033641
COLOMBIA,TOLIMA,2002-04-07,poisson,3,0.75,seir,alt,1.0,0.3,1.292372,0.436907,0.302349,0.03382
COLOMBIA,TOLIMA,2002-04-07,poisson,3,0.75,hostvector_tempmort,central,1.0,0.3,1.046798,0.411935,0.271973,0.030444
COLOMBIA,TOLIMA,2002-04-07,poisson,3,0.75,hostvector_tempmort,alt,1.0,0.3,1.206342,0.500681,0.307702,0.034052
COLOMBIA,TOLIMA,2002-04-07,poisson,5,1.0,hostvector,central,1.0,0.3,0.596236,0.269285,0.218896,0.029921
COLOMBIA,TOLIMA,2002-04-07,poisson,5,1.0,hostvector,alt,1.0,0.3,0.709326,0.3209,0.254496,0.032676
COLOMBIA,TOLIMA,2002-04-07,poisson,5,1.0,seir,central,1.0,0.3,0.518735,0.280847,0.21921,0.033905
COLOMBIA,TOLIMA,2002-04-07,poisson,5,1.0,seir,alt,1.0,0.3,0.470765,0.288431,0.214182,0.034338
COLOMBIA,TOLIMA,2002-04-07,poisson,5,1.0,hostvector_tempmort,central,1.0,0.3,0.530944,0.266409,0.216585,0.029613
COLOMBIA,TOLIMA,2002-04-07,poisson,5,1.0,hostvector_tempmort,alt,1.0,0.3,0.641231,0.31736,0.251699,0.032392
COLOMBIA,TOLIMA,2002-04-07,poisson,5,0.75,hostvector,central,1.0,0.3,0.3752,0.516977,0.210144,0.037858
COLOMBIA,TOLIMA,2002-04-07,poisson,5,0.75,hostvector,alt,1.0,0.3,0.542766,0.621893,0.248753,0.04172
COLOMBIA,TOLIMA,2002-04-07,poisson,5,0.75,seir,central,1.0,0.3,0.369176,0.522985,0.21013,0.042104
COLOMBIA,TOLIMA,2002-04-07,poisson,5,0.75,seir,alt,1.0,0.3,0.320648,0.543521,0.203934,0.043065
COLOMBIA,TOLIMA,2002-04-07,poisson,5,0.75,hostvector_tempmort,central,1.0,0.3,0.305458,0.510091,0.20741,0.037463
COLOMBIA,TOLIMA,2002-04-07,poisson,5,0.75,hostvector_tempmort,alt,1.0,0.3,0.449901,0.614373,0.244849,0.041424
COLOMBIA,TOLIMA,2002-04-07,poisson,7,1.0,hostvector,central,1.0,0.3,0.0,0.287006,0.106274,0.031337
COLOMBIA,TOLIMA,2002-04-07,poisson,7,1.0,hostvector,alt,1.0,0.3,0.0,0.343857,0.128856,0.036143
COLOMBIA,TOLIMA,2002-04-07,poisson,7,1.0,seir,central,1.0,0.3,0.0,0.02209,0.101933,0.032269
COLOMBIA,TOLIMA,2002-04-07,poisson,7,1.0,seir,alt,1.0,0.3,0.0,0.077739,0.09909,0.033244
COLOMBIA,TOLIMA,2002-04-07,poisson,7,1.0,hostvector_tempmort,central,1.0,0.3,0.0,0.284447,0.107604,0.031191
COLOMBIA,TOLIMA,2002-04-07,poisson,7,1.0,hostvector_tempmort,alt,1.0,0.3,0.0,0.342219,0.129673,0.035929
COLOMBIA,TOLIMA,2002-04-07,poisson,7,0.75,hostvector,central,1.0,0.3,0.0,0.474891,0.10251,0.038179
COLOMBIA,TOLIMA,2002-04-07,poisson,7,0.75,hostvector,alt,1.0,0.3,0.0,0.57475,0.122995,0.044255
COLOMBIA,TOLIMA,2002-04-07,poisson,7,0.75,seir,central,1.0,0.3,0.0,0.472444,0.098891,0.03935
COLOMBIA,TOLIMA,2002-04-07,poisson,7,0.75,seir,alt,1.0,0.3,0.0,0.450691,0.09538,0.042606
COLOMBIA,TOLIMA,2002-04-07,poisson,7,0.75,hostvector_tempmort,central,1.0,0.3,0.0,0.472588,0.104004,0.038099
COLOMBIA,TOLIMA,2002-04-07,poisson,7,0.75,hostvector_tempmort,alt,1.0,0.3,0.0,0.518152,0.124076,0.043356
NICARAGUA,NICARAGUA,2014-03-02,nb,3,1.0,hostvector,central,1.0,0.3,0.395198,0.440592,0.19765,0.04812
NICARAGUA,NICARAGUA,2014-03-02,nb,3,1.0,hostvector,alt,1.0,0.3,0.420888,0.536181,0.226148,0.057437
NICARAGUA,NICARAGUA,2014-03-02,nb,3,1.0,seir,central,1.0,0.3,0.486756,0.43835,0.205487,0.049091
NICARAGUA,NICARAGUA,2014-03-02,nb,3,1.0,seir,alt,1.0,0.3,0.505651,0.447764,0.206952,0.049675
NICARAGUA,NICARAGUA,2014-03-02,nb,3,1.0,hostvector_tempmort,central,1.0,0.3,0.716818,0.431875,0.197511,0.047445
NICARAGUA,NICARAGUA,2014-03-02,nb,3,1.0,hostvector_tempmort,alt,1.0,0.3,0.749424,0.522643,0.226693,0.056341
NICARAGUA,NICARAGUA,2014-03-02,nb,3,0.75,hostvector,central,1.0,0.3,1.347162,0.416129,0.276591,0.043868
NICARAGUA,NICARAGUA,2014-03-02,nb,3,0.75,hostvector,alt,1.0,0.3,1.621852,0.679003,0.322562,0.05855
NICARAGUA,NICARAGUA,2014-03-02,nb,3,0.75,seir,central,1.0,0.3,1.281794,0.645394,0.279557,0.054738
NICARAGUA,NICARAGUA,2014-03-02,nb,3,0.75,seir,alt,1.0,0.3,1.316511,0.656033,0.282536,0.055713
NICARAGUA,NICARAGUA,2014-03-02,nb,3,0.75,hostvector_tempmort,central,1.0,0.3,1.634224,0.560997,0.272782,0.048442
NICARAGUA,NICARAGUA,2014-03-02,nb,3,0.75,hostvector_tempmort,alt,1.0,0.3,1.899524,0.653329,0.318321,0.055398
NICARAGUA,NICARAGUA,2014-03-02,nb,5,1.0,hostvector,central,1.0,0.3,0.104498,0.401263,0.161017,0.046114
NICARAGUA,NICARAGUA,2014-03-02,nb,5,1.0,hostvector,alt,1.0,0.3,0.089606,0.471719,0.185808,0.053518
NICARAGUA,NICARAGUA,2014-03-02,nb,5,1.0,seir,central,1.0,0.3,0.142531,0.430295,0.160421,0.04973
NICARAGUA,NICARAGUA,2014-03-02,nb,5,1.0,seir,alt,1.0,0.3,0.085645,0.437754,0.153636,0.05037
NICARAGUA,NICARAGUA,2014-03-02,nb,5,1.0,hostvector_tempmort,central,1.0,0.3,0.459859,0.388439,0.165478,0.044867
NICARAGUA,NICARAGUA,2014-03-02,nb,5,1.0,hostvector_tempmort,alt,1.0,0.3,0.43468,0.455934,0.189021,0.052077
NICARAGUA,NICARAGUA,2014-03-02,nb,5,0.75,hostvector,central,1.0,0.3,0.0,,0.19844,
NICARAGUA,NICARAGUA,2014-03-02,nb,5,0.75,hostvector,alt,1.0,0.3,0.0,5.4e-05,0.225776,0.024482
NICARAGUA,NICARAGUA,2014-03-02,nb,5,0.75,seir,central,1.0,0.3,0.0,0.033819,0.212952,0.025577
NICARAGUA,NICARAGUA,2014-03-02,nb,5,0.75,seir,alt,1.0,0.3,0.0,0.000113,0.217092,0.027463
NICARAGUA,NICARAGUA,2014-03-02,nb,5,0.75,hostvector_tempmort,central,1.0,0.3,0.349264,0.384269,0.198109,0.043816
NICARAGUA,NICARAGUA,2014-03-02,nb,5,0.75,hostvector_tempmort,alt,1.0,0.3,0.339748,0.449894,0.22516,0.05043
NICARAGUA,NICARAGUA,2014-03-02,nb,7,1.0,hostvector,central,1.0,0.3,0.0,0.04914,0.1365,0.016934
NICARAGUA,NICARAGUA,2014-03-02,nb,7,1.0,hostvector,alt,1.0,0.3,0.0,,0.161371,
NICARAGUA,NICARAGUA,2014-03-02,nb,7,1.0,seir,central,1.0,0.3,0.0,0.00121,0.131864,0.016421
NICARAGUA,NICARAGUA,2014-03-02,nb,7,1.0,seir,alt,1.0,0.3,0.0,0.04723,0.132012,0.018402
NICARAGUA,NICARAGUA,2014-03-02,nb,7,1.0,hostvector_tempmort,central,1.0,0.3,0.0,0.000352,0.101939,0.014882
NICARAGUA,NICARAGUA,2014-03-02,nb,7,1.0,hostvector_tempmort,alt,1.0,0.3,1e-06,0.429476,0.127245,0.051376
NICARAGUA,NICARAGUA,2014-03-02,nb,7,0.75,hostvector,central,1.0,0.3,0.0,0.000317,0.236992,0.027062
NICARAGUA,NICARAGUA,2014-03-02,nb,7,0.75,hostvector,alt,1.0,0.3,0.0,0.000822,0.264512,0.032215
NICARAGUA,NICARAGUA,2014-03-02,nb,7,0.75,seir,central,1.0,0.3,0.0,0.004095,0.272306,0.035751
NICARAGUA,NICARAGUA,2014-03-02,nb,7,0.75,seir,alt,1.0,0.3,0.0,,0.279556,
NICARAGUA,NICARAGUA,2014-03-02,nb,7,0.75,hostvector_tempmort,central,1.0,0.3,0.0,0.002198,0.194474,0.027232
NICARAGUA,NICARAGUA,2014-03-02,nb,7,0.75,hostvector_tempmort,alt,1.0,0.3,0.0,0.053733,0.22423,0.032773
NICARAGUA,NICARAGUA,2014-03-02,poisson,3,1.0,hostvector,central,1.0,0.3,0.138622,0.458396,0.159947,0.048721
NICARAGUA,NICARAGUA,2014-03-02,poisson,3,1.0,hostvector,alt,1.0,0.3,0.10678,0.547599,0.181144,0.057175
NICARAGUA,NICARAGUA,2014-03-02,poisson,3,1.0,seir,central,1.0,0.3,0.237136,0.457027,0.167871,0.049603
NICARAGUA,NICARAGUA,2014-03-02,poisson,3,1.0,seir,alt,1.0,0.3,0.237767,0.472709,0.166293,0.050472
NICARAGUA,NICARAGUA,2014-03-02,poisson,3,1.0,hostvector_tempmort,central,1.0,0.3,0.383772,0.446349,0.155446,0.047606
NICARAGUA,NICARAGUA,2014-03-02,poisson,3,1.0,hostvector_tempmort,alt,1.0,0.3,0.354683,0.532792,0.176749,0.055874
NICARAGUA,NICARAGUA,2014-03-02,poisson,3,0.75,hostvector,central,1.0,0.3,1.268821,0.753236,0.253479,0.053814
NICARAGUA,NICARAGUA,2014-03-02,poisson,3,0.75,hostvector,alt,1.0,0.3,1.54547,0.898754,0.297441,0.063823
NICARAGUA,NICARAGUA,2014-03-02,poisson,3,0.75,seir,central,1.0,0.3,1.158113,0.819406,0.253031,0.058828
NICARAGUA,NICARAGUA,2014-03-02,poisson,3,0.75,seir,alt,1.0,0.3,1.212808,0.839725,0.256341,0.060264
NICARAGUA,NICARAGUA,2014-03-02,poisson,3,0.75,hostvector_tempmort,central,1.0,0.3,1.500815,0.725344,0.24697,0.052408
NICARAGUA,NICARAGUA,2014-03-02,poisson,3,0.75,hostvector_tempmort,alt,1.0,0.3,1.773357,0.857083,0.291097,0.061758
NICARAGUA,NICARAGUA,2014-03-02,poisson,5,1.0,hostvector,central,1.0,0.3,0.0,0.553877,0.115966,0.054278
NICARAGUA,NICARAGUA,2014-03-02,poisson,5,1.0,hostvector,alt,1.0,0.3,0.0,0.64871,0.135578,0.063122
NICARAGUA,NICARAGUA,2014-03-02,poisson,5,1.0,seir,central,1.0,0.3,0.0,0.582566,0.114424,0.056797
NICARAGUA,NICARAGUA,2014-03-02,poisson,5,1.0,seir,alt,1.0,0.3,0.0,0.596114,0.113746,0.057528
NICARAGUA,NICARAGUA,2014-03-02,poisson,5,1.0,hostvector_tempmort,central,1.0,0.3,0.222889,0.532176,0.112793,0.052613
NICARAGUA,NICARAGUA,2014-03-02,poisson,5,1.0,hostvector_tempmort,alt,1.0,0.3,0.161153,0.621055,0.127063,0.061105
NICARAGUA,NICARAGUA,2014-03-02,poisson,5,0.75,hostvector,central,1.0,0.3,0.0,0.534677,0.173673,0.04669
NICARAGUA,NICARAGUA,2014-03-02,poisson,5,0.75,hostvector,alt,1.0,0.3,0.0,0.625181,0.197653,0.054247
NICARAGUA,NICARAGUA,2014-03-02,poisson,5,0.75,seir,central,1.0,0.3,0.0,0.013523,0.187893,0.025345
NICARAGUA,NICARAGUA,2014-03-02,poisson,5,0.75,seir,alt,1.0,0.3,0.0,,0.192604,
NICARAGUA,NICARAGUA,2014-03-02,poisson,5,0.75,hostvector_tempmort,central,1.0,0.3,0.0,0.500657,0.149735,0.044342
NICARAGUA,NICARAGUA,2014-03-02,poisson,5,0.75,hostvector_tempmort,alt,1.0,0.3,0.0,0.58558,0.174126,0.051576
NICARAGUA,NICARAGUA,2014-03-02,poisson,7,1.0,hostvector,central,1.0,0.3,0.0,0.552398,0.092695,0.051504
NICARAGUA,NICARAGUA,2014-03-02,poisson,7,1.0,hostvector,alt,1.0,0.3,0.0,0.617685,0.10851,0.058109
NICARAGUA,NICARAGUA,2014-03-02,poisson,7,1.0,seir,central,1.0,0.3,0.0,0.57436,0.092125,0.053191
NICARAGUA,NICARAGUA,2014-03-02,poisson,7,1.0,seir,alt,1.0,0.3,0.0,0.573871,0.092324,0.053447
NICARAGUA,NICARAGUA,2014-03-02,poisson,7,1.0,hostvector_tempmort,central,1.0,0.3,0.0,0.17585,0.072688,0.024758
NICARAGUA,NICARAGUA,2014-03-02,poisson,7,1.0,hostvector_tempmort,alt,1.0,0.3,0.0,0.552336,0.089013,0.053178
NICARAGUA,NICARAGUA,2014-03-02,poisson,7,0.75,hostvector,central,1.0,0.3,0.0,0.078447,0.187539,0.029807
NICARAGUA,NICARAGUA,2014-03-02,poisson,7,0.75,hostvector,alt,1.0,0.3,0.0,0.004908,0.208795,0.033994
NICARAGUA,NICARAGUA,2014-03-02,poisson,7,0.75,seir,central,1.0,0.3,0.0,0.375537,0.210245,0.047952
NICARAGUA,NICARAGUA,2014-03-02,poisson,7,0.75,seir,alt,1.0,0.3,0.0,0.040185,0.217434,0.04115
NICARAGUA,NICARAGUA,2014-03-02,poisson,7,0.75,hostvector_tempmort,central,1.0,0.3,0.0,,0.164413,
NICARAGUA,NICARAGUA,2014-03-02,poisson,7,0.75,hostvector_tempmort,alt,1.0,0.3,0.0,0.005289,0.186701,0.0305
